set,utterance,subset,speaker_id,condition,vs_ref_alignment_lag_samples,vs_ref_alignment_lag_ms,vs_ref_length_equal,vs_ref_spectral_distortion,vs_ref_lsd_db,vs_ref_lsd_0_3k_db,vs_ref_lsd_0_4k_db,vs_ref_lsd_4_8k_db,vs_ref_retained_bandwidth_hz,vs_ref_hf_power_change_db,vs_ref_coherence_0_3500
sweep,61-70968-0001,test-clean,61,NB8,2,0.125,True,290.47705078125,16.083919525146484,6.446867942810059,7.032147407531738,21.3734188079834,4437.5,-18.89838832259068,0.6148886533793213
sweep,61-70968-0001,test-clean,61,WB8,0,0.0,True,59.52991485595703,7.6708855628967285,6.641948223114014,6.925582408905029,8.25993537902832,8000.0,1.7680464264593307,0.5867716908911828
sweep,61-70968-0006,test-clean,61,NB8,2,0.125,True,237.56883239746094,14.290061950683594,6.90401029586792,7.337772846221924,18.395408630371094,4468.75,-17.284925261848038,0.5567878846145337
sweep,61-70968-0006,test-clean,61,WB8,0,0.0,True,57.68224334716797,7.558361053466797,6.917204856872559,7.098403453826904,7.924494743347168,8000.0,0.7903093125822276,0.4937874816361873
sweep,61-70968-0007,test-clean,61,NB8,2,0.125,True,341.47119140625,17.002338409423828,6.533112525939941,7.025946140289307,22.697046279907227,4343.75,-27.03158036076779,0.5823129580492893
sweep,61-70968-0007,test-clean,61,WB8,0,0.0,True,58.6663932800293,7.6137166023254395,6.836151599884033,7.108003616333008,8.02582836151123,8000.0,1.1277151909508372,0.5324852410790573
sweep,61-70968-0008,test-clean,61,NB8,2,0.125,True,159.27272033691406,11.10345458984375,6.195184230804443,6.536290645599365,13.681676864624023,4531.25,-20.593144415513795,0.5470682939373566
sweep,61-70968-0008,test-clean,61,WB8,0,0.0,True,47.39598083496094,6.7382941246032715,6.503451824188232,6.653314113616943,6.661861896514893,8000.0,2.2117418636784434,0.5135171296925293
sweep,61-70968-0009,test-clean,61,NB8,2,0.125,True,192.29537963867188,12.937691688537598,6.78237771987915,7.310629367828369,16.430593490600586,4406.25,-22.388185181916917,0.5494107890428193
sweep,61-70968-0009,test-clean,61,WB8,0,0.0,True,57.9114875793457,7.57043981552124,6.890835762023926,7.197134017944336,7.854565620422363,8000.0,1.3680838031047506,0.4978518793784333
sweep,61-70968-0021,test-clean,61,NB8,2,0.125,True,217.6555633544922,13.077421188354492,6.406125545501709,6.744143009185791,16.64031410217285,4281.25,-24.561436156260964,0.5403876243039868
sweep,61-70968-0021,test-clean,61,WB8,0,0.0,True,51.70238494873047,7.086033344268799,6.737790107727051,6.904274940490723,7.1418681144714355,8000.0,2.1751068510349967,0.49447230648389406
sweep,61-70968-0023,test-clean,61,NB8,2,0.125,True,194.48928833007812,12.745201110839844,6.264825344085693,6.690401077270508,16.259931564331055,4343.75,-21.01098459173866,0.5832883945847037
sweep,61-70968-0023,test-clean,61,WB8,0,0.0,True,51.50044631958008,7.08896541595459,6.612003803253174,6.8606791496276855,7.178565502166748,8000.0,0.4019292779271334,0.5481261561470417
sweep,61-70968-0024,test-clean,61,NB8,2,0.125,True,229.943359375,13.645129203796387,6.168980121612549,6.633843898773193,17.581817626953125,4531.25,-16.738869338937032,0.5767297438562602
sweep,61-70968-0024,test-clean,61,WB8,0,0.0,True,52.48519515991211,7.139275074005127,6.659658432006836,6.858356475830078,7.2792840003967285,8000.0,2.780585194467337,0.5119776366121183
sweep,61-70968-0025,test-clean,61,NB8,2,0.125,True,227.3500518798828,13.670228958129883,6.388100624084473,6.846016883850098,17.568613052368164,4468.75,-18.540684717939858,0.6398212743399698
sweep,61-70968-0025,test-clean,61,WB8,0,0.0,True,53.418949127197266,7.247637748718262,6.6714186668396,6.9354400634765625,7.438989639282227,8000.0,1.51782356543238,0.5637173755814661
sweep,61-70968-0028,test-clean,61,NB8,2,0.125,True,234.45382690429688,14.177142143249512,6.563127517700195,7.061506748199463,18.386043548583984,4625.0,-16.114803487529752,0.5997635249232887
sweep,61-70968-0028,test-clean,61,WB8,0,0.0,True,56.19804382324219,7.451823711395264,6.702735424041748,7.003448009490967,7.793962478637695,8000.0,2.232895417199917,0.5795470387095216
sweep,61-70968-0029,test-clean,61,NB8,2,0.125,True,299.43072509765625,16.3021240234375,6.538300037384033,7.117714881896973,21.654949188232422,4250.0,-22.172398996572905,0.6266547187474775
sweep,61-70968-0029,test-clean,61,WB8,0,0.0,True,60.07563018798828,7.715236663818359,6.748721599578857,7.08656120300293,8.236351013183594,8000.0,1.6889221874096654,0.5760886440218118
sweep,61-70968-0030,test-clean,61,NB8,2,0.125,True,310.654296875,16.30455780029297,6.452844619750977,7.003748416900635,21.616857528686523,4375.0,-24.767749853213346,0.6209941613481038
sweep,61-70968-0030,test-clean,61,WB8,0,0.0,True,57.2454719543457,7.523007392883301,6.7066426277160645,6.9875006675720215,7.946904182434082,8000.0,1.5205321629541535,0.57401625491964
sweep,61-70968-0032,test-clean,61,NB8,2,0.125,True,279.5558166503906,16.020423889160156,6.644925594329834,7.209198474884033,21.269498825073242,4312.5,-16.889444465924047,0.5887445069030007
sweep,61-70968-0032,test-clean,61,WB8,0,0.0,True,59.74525833129883,7.696210861206055,6.7876386642456055,7.063165664672852,8.216171264648438,8000.0,0.7701793045429463,0.5609469340437061
sweep,61-70968-0038,test-clean,61,NB8,2,0.125,True,175.85357666015625,11.830330848693848,6.741062641143799,6.92822790145874,14.691719055175781,4281.25,-21.69036295128485,0.5591519801498076
sweep,61-70968-0038,test-clean,61,WB8,0,0.0,True,51.05462646484375,7.0727643966674805,6.909821510314941,7.005823612213135,7.060508728027344,8000.0,1.5828376100781607,0.4933221959172464
sweep,61-70968-0046,test-clean,61,NB8,2,0.125,True,209.96429443359375,13.519378662109375,6.544849872589111,7.117952823638916,17.4183349609375,4343.75,-19.15323072878577,0.6027361341957109
sweep,61-70968-0046,test-clean,61,WB8,0,0.0,True,57.21051025390625,7.531220436096191,6.828693389892578,7.0922112464904785,7.875247478485107,8000.0,0.6074238809695391,0.54229170371693
sweep,61-70968-0051,test-clean,61,NB8,2,0.125,True,178.7136688232422,12.299556732177734,6.360361576080322,6.787327289581299,15.570874214172363,4656.25,-13.08395071262533,0.5710373623191617
sweep,61-70968-0051,test-clean,61,WB8,0,0.0,True,51.979244232177734,7.157711505889893,6.555825710296631,6.799222946166992,7.402163982391357,8000.0,2.222660619430767,0.5276234591835083
sweep,61-70968-0060,test-clean,61,NB8,2,0.125,True,276.9061279296875,15.345076560974121,6.451185703277588,6.9712748527526855,20.156288146972656,4250.0,-23.616212578212995,0.6412602545175472
sweep,61-70968-0060,test-clean,61,WB8,0,0.0,True,56.01436233520508,7.443840980529785,6.6691365242004395,6.953467845916748,7.794094085693359,8000.0,1.6807184999139162,0.6325728073330057
sweep,61-70970-0000,test-clean,61,NB8,2,0.125,True,242.52822875976562,14.481715202331543,6.420755863189697,6.941099643707275,18.946361541748047,4468.75,-16.733592115075954,0.5825586344976824
sweep,61-70970-0000,test-clean,61,WB8,0,0.0,True,57.48738479614258,7.533045768737793,6.790410995483398,7.0551533699035645,7.902463436126709,8000.0,1.9158406616927524,0.5200482554310565
sweep,61-70970-0003,test-clean,61,NB8,2,0.125,True,223.6377716064453,13.920271873474121,6.216737270355225,6.90805196762085,18.084657669067383,4406.25,-19.136401151650247,0.6510649029677881
sweep,61-70970-0003,test-clean,61,WB8,0,0.0,True,55.1855354309082,7.3836541175842285,6.44255256652832,6.752056121826172,7.863072872161865,8000.0,2.167491760797184,0.6370447815255443
sweep,61-70970-0004,test-clean,61,NB8,2,0.125,True,202.90492248535156,12.992415428161621,6.091328144073486,6.656509876251221,16.677574157714844,4500.0,-16.465497093751797,0.6083850701178617
sweep,61-70970-0004,test-clean,61,WB8,0,0.0,True,53.234283447265625,7.2368903160095215,6.454992771148682,6.718142509460449,7.606163501739502,8000.0,2.437111737135362,0.5686486967517813
sweep,61-70970-0007,test-clean,61,NB8,2,0.125,True,212.06790161132812,13.811376571655273,6.641269207000732,7.191822528839111,17.813888549804688,4625.0,-16.55812603504017,0.5899310324523198
sweep,61-70970-0007,test-clean,61,WB8,0,0.0,True,58.199764251708984,7.5878705978393555,6.882037162780762,7.116448402404785,7.959521770477295,8000.0,0.39613222100499546,0.5760372850073487
sweep,61-70970-0018,test-clean,61,NB8,2,0.125,True,195.0188446044922,13.292656898498535,6.535065650939941,7.055513858795166,17.095144271850586,4593.75,-15.296091246977898,0.5721098413376702
sweep,61-70970-0018,test-clean,61,WB8,0,0.0,True,58.191043853759766,7.5868449211120605,6.7822265625,7.018424987792969,8.03451156616211,8000.0,-1.0260524836289888,0.5430628928002393
sweep,61-70970-0021,test-clean,61,NB8,2,0.125,True,272.24224853515625,15.537384033203125,6.487553596496582,7.0807929039001465,20.52385711669922,4187.5,-21.468468487643037,0.6228852127640653
sweep,61-70970-0021,test-clean,61,WB8,0,0.0,True,60.34837341308594,7.7280426025390625,6.759201526641846,7.063044548034668,8.270679473876953,8000.0,1.3521854968154432,0.5539399357499855
sweep,61-70970-0022,test-clean,61,NB8,2,0.125,True,200.21243286132812,13.378554344177246,6.439546585083008,6.987466335296631,17.215436935424805,4468.75,-15.164612808357294,0.5988253243040619
sweep,61-70970-0022,test-clean,61,WB8,0,0.0,True,57.4197883605957,7.523705005645752,6.7392683029174805,6.989591598510742,7.94046688079834,8000.0,3.1799978336106163,0.5671077860853042
sweep,61-70970-0024,test-clean,61,NB8,2,0.125,True,193.56878662109375,13.05870532989502,6.461082458496094,6.949592590332031,16.759382247924805,4625.0,-14.12751919408725,0.5991052914709761
sweep,61-70970-0024,test-clean,61,WB8,0,0.0,True,55.311912536621094,7.388675212860107,6.755185604095459,7.014666557312012,7.658919811248779,8000.0,2.1483877540197254,0.5695904713984684
sweep,61-70970-0026,test-clean,61,NB8,2,0.125,True,231.17300415039062,14.13044548034668,6.30831241607666,6.851103782653809,18.393173217773438,4281.25,-20.725814452633642,0.6236769961961426
sweep,61-70970-0026,test-clean,61,WB8,0,0.0,True,55.71714782714844,7.400658130645752,6.574533939361572,6.88321590423584,7.793792247772217,8000.0,1.3502314362419223,0.5597844622025384
sweep,61-70970-0027,test-clean,61,NB8,2,0.125,True,301.4494323730469,16.42556381225586,6.472779273986816,7.167454242706299,21.855743408203125,4312.5,-22.209652419157266,0.6204178146693083
sweep,61-70970-0027,test-clean,61,WB8,0,0.0,True,60.89317321777344,7.762724876403809,6.727989196777344,7.061953544616699,8.34689712524414,8000.0,1.4924283954758386,0.5397677032780901
sweep,61-70970-0029,test-clean,61,NB8,2,0.125,True,234.9279022216797,14.123891830444336,6.412132263183594,6.934150695800781,18.327651977539062,4281.25,-21.84588380393825,0.6312498200524167
sweep,61-70970-0029,test-clean,61,WB8,0,0.0,True,56.50277328491211,7.471151351928711,6.752640247344971,6.998754978179932,7.822091102600098,8000.0,2.105690876023609,0.5741854983982171
sweep,61-70970-0032,test-clean,61,NB8,2,0.125,True,270.2242431640625,15.268113136291504,6.582359313964844,7.104045867919922,20.102447509765625,4531.25,-20.622247734040364,0.6008063200438134
sweep,61-70970-0032,test-clean,61,WB8,0,0.0,True,59.042564392089844,7.650684356689453,6.805050373077393,7.083486080169678,8.119949340820312,8000.0,1.6771520470497012,0.5928707900446542
sweep,61-70970-0034,test-clean,61,NB8,2,0.125,True,173.5888671875,12.412928581237793,6.606243133544922,7.135500431060791,15.618866920471191,4812.5,-15.57713775914046,0.5650504069170817
sweep,61-70970-0034,test-clean,61,WB8,0,0.0,True,54.91899871826172,7.355806827545166,6.7933526039123535,7.072389602661133,7.523009777069092,8000.0,-0.6496164311766605,0.504928228818994
sweep,121-121726-0000,test-clean,121,NB8,2,0.125,True,232.363525390625,12.674040794372559,5.065502643585205,5.49378776550293,16.543418884277344,4375.0,-19.17082408216516,0.715289407833887
sweep,121-121726-0000,test-clean,121,WB8,0,0.0,True,45.901023864746094,6.1773223876953125,5.590809345245361,5.6983113288879395,6.382374286651611,8000.0,0.16393624494596004,0.6521620800500612
sweep,121-121726-0002,test-clean,121,NB8,2,0.125,True,152.8298797607422,9.290096282958984,3.988886833190918,4.311612129211426,11.834329605102539,4937.5,-16.997294400407007,0.7468910641275615
sweep,121-121726-0002,test-clean,121,WB8,0,0.0,True,34.1922607421875,4.850028991699219,4.510396957397461,4.548120021820068,4.815104961395264,8000.0,-0.19997883014035123,0.630372908659248
sweep,121-121726-0003,test-clean,121,NB8,2,0.125,True,153.11215209960938,9.784396171569824,4.2064385414123535,4.643637657165527,12.7135648727417,5062.5,-14.957344010837907,0.7699276640691789
sweep,121-121726-0003,test-clean,121,WB8,0,0.0,True,38.82381057739258,5.264132499694824,4.669203758239746,4.761195182800293,5.550045967102051,8000.0,-1.2321834460942815,0.7025396097542733
sweep,121-121726-0004,test-clean,121,NB8,2,0.125,True,181.87225341796875,9.505027770996094,3.7493183612823486,4.033843517303467,12.376505851745605,4343.75,-17.732559643271554,0.6472593780007335
sweep,121-121726-0004,test-clean,121,WB8,0,0.0,True,32.62773513793945,4.472527980804443,4.127920150756836,4.2003560066223145,4.498420715332031,8000.0,-0.23612610893952832,0.5996832963006546
sweep,121-121726-0013,test-clean,121,NB8,2,0.125,True,123.33917999267578,7.770773887634277,3.904384136199951,4.222104549407959,9.58538818359375,4437.5,-18.89803884894763,0.684862474499465
sweep,121-121726-0013,test-clean,121,WB8,0,0.0,True,30.576295852661133,4.505941390991211,4.361583232879639,4.363568305969238,4.351336479187012,8000.0,0.6214126403578202,0.6333250367818535
sweep,121-121726-0014,test-clean,121,NB8,2,0.125,True,133.93833923339844,7.9290666580200195,3.3866963386535645,3.682218313217163,10.206262588500977,4843.75,-16.764655280737067,0.7418991523257296
sweep,121-121726-0014,test-clean,121,WB8,0,0.0,True,30.115612030029297,4.193777084350586,3.8381879329681396,3.9013020992279053,4.284878730773926,8000.0,1.1780793633186628,0.6593319553967246
sweep,121-123852-0001,test-clean,121,NB8,2,0.125,True,99.5210189819336,6.859117031097412,3.3324484825134277,3.5933609008789062,8.580205917358398,4718.75,-9.75947901287787,0.7125998280031012
sweep,121-123852-0001,test-clean,121,WB8,0,0.0,True,33.688148498535156,4.267269134521484,3.6994378566741943,3.6725049018859863,4.466464996337891,8000.0,-2.871469446445947,0.6773004756642274
sweep,121-123859-0004,test-clean,121,NB8,2,0.125,True,151.00112915039062,10.072653770446777,5.098675727844238,5.5318474769592285,12.639345169067383,4562.5,-11.016848810436631,0.6951299441280153
sweep,121-123859-0004,test-clean,121,WB8,0,0.0,True,44.87607955932617,6.005884170532227,5.572989463806152,5.6947736740112305,6.022121906280518,8000.0,-0.1927823861337262,0.6415061115377443
sweep,121-127105-0001,test-clean,121,NB8,2,0.125,True,332.70867919921875,16.055805206298828,6.024277210235596,6.714003562927246,21.295753479003906,4437.5,-22.386363136388834,0.5782371719043947
sweep,121-127105-0001,test-clean,121,WB8,0,0.0,True,63.714012145996094,7.582893371582031,6.47421407699585,7.035926342010498,7.91403865814209,8000.0,0.030364218404770413,0.5237531479586232
sweep,121-127105-0005,test-clean,121,NB8,2,0.125,True,289.97637939453125,14.980249404907227,5.6291608810424805,6.147464752197266,20.027755737304688,4406.25,-18.22415032689084,0.6210322683539452
sweep,121-127105-0005,test-clean,121,WB8,0,0.0,True,61.375858306884766,7.201696395874023,6.051310062408447,6.363407135009766,7.836075782775879,8000.0,0.5365303247003671,0.5516922296684995
sweep,121-127105-0010,test-clean,121,NB8,2,0.125,True,329.1207275390625,15.576083183288574,5.680020809173584,6.2227911949157715,20.740020751953125,4562.5,-22.804904256832963,0.5969894071211695
sweep,121-127105-0010,test-clean,121,WB8,0,0.0,True,59.638648986816406,7.173109531402588,6.328274726867676,6.689731597900391,7.496164798736572,8000.0,1.4218652867745465,0.492415522650818
sweep,121-127105-0018,test-clean,121,NB8,2,0.125,True,387.5791015625,17.57257652282715,6.088788032531738,6.767299175262451,23.653432846069336,4375.0,-24.483005609399147,0.6231023119529255
sweep,121-127105-0018,test-clean,121,WB8,0,0.0,True,66.65231323242188,7.694866180419922,6.396517753601074,6.946893215179443,8.258332252502441,8000.0,0.11670593697882634,0.5606448781218926
sweep,121-127105-0019,test-clean,121,NB8,2,0.125,True,340.2679443359375,15.78006362915039,5.759526252746582,6.391602993011475,21.090042114257812,4343.75,-28.799914229245445,0.5727788267928943
sweep,121-127105-0019,test-clean,121,WB8,0,0.0,True,64.45230102539062,7.36411190032959,6.332920074462891,6.786169528961182,7.761895656585693,8000.0,0.333572380304984,0.4925520438253929
sweep,121-127105-0020,test-clean,121,NB8,2,0.125,True,285.307373046875,14.927414894104004,6.080663204193115,6.673493385314941,19.641273498535156,4593.75,-22.231695935949837,0.5891836711546623
sweep,121-127105-0020,test-clean,121,WB8,0,0.0,True,63.6052360534668,7.567257881164551,6.609895706176758,7.090673923492432,7.860896110534668,8000.0,0.07118682135979221,0.5234308450438966
sweep,121-127105-0027,test-clean,121,NB8,2,0.125,True,354.4549255371094,16.345691680908203,5.73736572265625,6.309286594390869,21.91025733947754,4437.5,-21.677838807948273,0.5998040889273465
sweep,121-127105-0027,test-clean,121,WB8,0,0.0,True,63.2925910949707,7.330913066864014,6.273832321166992,6.748167991638184,7.715709209442139,8000.0,0.5904757628223128,0.5500892960813476
sweep,121-127105-0030,test-clean,121,NB8,2,0.125,True,225.01251220703125,12.159531593322754,5.488257884979248,5.960808753967285,15.513447761535645,4250.0,-22.646201599167277,0.5894782519215178
sweep,121-127105-0030,test-clean,121,WB8,0,0.0,True,54.31196975708008,6.609358310699463,5.832774639129639,6.311374664306641,6.590570449829102,8000.0,-1.1355444151968872,0.5243345951689545
sweep,121-127105-0032,test-clean,121,NB8,2,0.125,True,460.14617919921875,18.536882400512695,5.953062057495117,6.417107105255127,25.099315643310547,4375.0,-23.18587357721299,0.5525292408053812
sweep,121-127105-0032,test-clean,121,WB8,0,0.0,True,60.88419723510742,7.186595439910889,6.417723178863525,6.8006415367126465,7.408689975738525,8000.0,1.05985973776501,0.474511928551644
sweep,237-126133-0000,test-clean,237,NB8,2,0.125,True,102.83822631835938,9.123671531677246,6.121089458465576,6.604074954986572,10.643787384033203,5000.0,-10.698705486926434,0.7432441257954325
sweep,237-126133-0000,test-clean,237,WB8,0,0.0,True,44.485877990722656,6.596800327301025,6.5240607261657715,6.672140121459961,6.404752254486084,8000.0,0.6219084090886631,0.7113893639867052
sweep,237-126133-0001,test-clean,237,NB8,2,0.125,True,97.76242065429688,8.865676879882812,6.123714923858643,6.547475814819336,10.246025085449219,5031.25,-10.656852234914476,0.7133473303175286
sweep,237-126133-0001,test-clean,237,WB8,0,0.0,True,43.044490814208984,6.485326766967773,6.488228797912598,6.619605541229248,6.225945949554443,8000.0,0.9152140102447487,0.6825637149420665
sweep,237-126133-0006,test-clean,237,NB8,2,0.125,True,98.39734649658203,8.940839767456055,6.140236854553223,6.49289608001709,10.37469482421875,5062.5,-9.440757035416983,0.7469368623784717
sweep,237-126133-0006,test-clean,237,WB8,0,0.0,True,44.453800201416016,6.584530353546143,6.5189642906188965,6.6086297035217285,6.468155860900879,8000.0,0.1058138126370403,0.7245335765673617
sweep,237-126133-0010,test-clean,237,NB8,2,0.125,True,77.01634216308594,7.740772724151611,6.029173851013184,6.31234884262085,8.42319393157959,4937.5,-10.532252300965872,0.685160211359892
sweep,237-126133-0010,test-clean,237,WB8,0,0.0,True,38.97212219238281,6.080606460571289,6.544222831726074,6.572373390197754,5.415527820587158,8000.0,1.3797810316856216,0.6959468389653639
sweep,237-126133-0011,test-clean,237,NB8,2,0.125,True,69.98309326171875,7.118101596832275,5.543253421783447,5.80717134475708,7.594080448150635,5000.0,-13.882455422504629,0.758592112090261
sweep,237-126133-0011,test-clean,237,WB8,0,0.0,True,32.826316833496094,5.5833306312561035,5.94434118270874,6.02680778503418,4.944202423095703,8000.0,-0.34859752540822886,0.7171197944334408
sweep,237-126133-0016,test-clean,237,NB8,2,0.125,True,81.85319519042969,8.31545352935791,6.2981858253479,6.60706901550293,9.305941581726074,5000.0,-7.753111138812998,0.7200983326000213
sweep,237-126133-0016,test-clean,237,WB8,0,0.0,True,42.4736213684082,6.422176361083984,6.563846111297607,6.647546768188477,6.099103927612305,8000.0,0.6915474671316799,0.7026664022589324
sweep,237-126133-0018,test-clean,237,NB8,2,0.125,True,102.6858139038086,9.340097427368164,6.3652825355529785,6.7918853759765625,11.038829803466797,4875.0,-13.919788253384597,0.6608433598291584
sweep,237-126133-0018,test-clean,237,WB8,0,0.0,True,47.15803909301758,6.8266377449035645,6.532521724700928,6.693469524383545,6.895079135894775,8000.0,1.6364206070399532,0.6626673875939386
sweep,237-126133-0021,test-clean,237,NB8,2,0.125,True,118.5503921508789,10.054811477661133,6.588383197784424,7.0283308029174805,12.017378807067871,4968.75,-14.276610319956244,0.713017065218419
sweep,237-126133-0021,test-clean,237,WB8,0,0.0,True,49.20301055908203,6.976770877838135,6.753395080566406,6.901569843292236,6.989251613616943,8000.0,1.2671054652847222,0.649943631900308
sweep,237-126133-0024,test-clean,237,NB8,2,0.125,True,90.44615936279297,8.284279823303223,5.795563220977783,6.202133655548096,9.326980590820312,5000.0,-14.214802242691928,0.7432494351851681
sweep,237-126133-0024,test-clean,237,WB8,0,0.0,True,37.877376556396484,6.000523090362549,6.282214641571045,6.372618198394775,5.414103984832764,8000.0,0.5819419578535481,0.6913754884727783
sweep,237-134493-0002,test-clean,237,NB8,2,0.125,True,84.08381652832031,8.489502906799316,6.084622383117676,6.524589538574219,9.800355911254883,4843.75,-12.547069516140905,0.7191182600654812
sweep,237-134493-0002,test-clean,237,WB8,0,0.0,True,44.132606506347656,6.607041358947754,6.423499584197998,6.611461639404297,6.541389465332031,8000.0,1.1920975432686056,0.7029504771119326
sweep,237-134493-0004,test-clean,237,NB8,2,0.125,True,88.45720672607422,8.825531959533691,6.144261837005615,6.589600563049316,10.291703224182129,5125.0,-9.582769348926638,0.7183260824378129
sweep,237-134493-0004,test-clean,237,WB8,0,0.0,True,46.37195587158203,6.763706207275391,6.6267499923706055,6.753708839416504,6.690697193145752,8000.0,0.07553259812702323,0.7024047231010209
sweep,237-134493-0007,test-clean,237,NB8,2,0.125,True,169.5090789794922,11.75949764251709,6.469732761383057,6.897170066833496,14.70280647277832,4906.25,-15.742451749359901,0.7419394331042933
sweep,237-134493-0007,test-clean,237,WB8,0,0.0,True,53.34172439575195,7.258307456970215,6.804330348968506,6.954425811767578,7.485916614532471,8000.0,2.1628089241960784,0.734620139491943
sweep,237-134493-0008,test-clean,237,NB8,2,0.125,True,135.5398406982422,11.211286544799805,6.604124546051025,7.118209362030029,13.969950675964355,5093.75,-11.443964980420517,0.706882039927735
sweep,237-134493-0008,test-clean,237,WB8,0,0.0,True,54.024024963378906,7.314853191375732,6.7366790771484375,6.898378372192383,7.663511753082275,8000.0,1.1247946860234905,0.6672227677051022
sweep,237-134493-0011,test-clean,237,NB8,2,0.125,True,109.3958969116211,9.775215148925781,6.379293441772461,6.854671001434326,11.697325706481934,4937.5,-8.954489449287218,0.6512758704518891
sweep,237-134493-0011,test-clean,237,WB8,0,0.0,True,50.565277099609375,7.064874172210693,6.762960910797119,6.93429708480835,7.1201300621032715,8000.0,2.144630190062463,0.6606951774918958
sweep,237-134493-0015,test-clean,237,NB8,2,0.125,True,136.89559936523438,10.722614288330078,6.289047718048096,6.796199798583984,13.215386390686035,4968.75,-13.168889946591776,0.7083119859658126
sweep,237-134493-0015,test-clean,237,WB8,0,0.0,True,51.357276916503906,7.112595558166504,6.735846519470215,6.91167688369751,7.236422061920166,8000.0,2.157676890121036,0.6618869181322538
sweep,237-134500-0001,test-clean,237,NB8,2,0.125,True,151.57875061035156,11.234012603759766,6.641173839569092,7.126387119293213,13.872453689575195,5000.0,-16.950598441257018,0.6785599384591657
sweep,237-134500-0001,test-clean,237,WB8,0,0.0,True,53.909542083740234,7.309299468994141,6.832785129547119,6.966323375701904,7.554419994354248,8000.0,0.9465233306033299,0.6735555120296397
sweep,237-134500-0002,test-clean,237,NB8,2,0.125,True,105.15701293945312,9.377618789672852,6.202795505523682,6.719135761260986,11.09464168548584,4875.0,-13.277476098966336,0.7342474286789803
sweep,237-134500-0002,test-clean,237,WB8,0,0.0,True,47.179752349853516,6.811148166656494,6.541050910949707,6.739225387573242,6.795168876647949,8000.0,0.5109182561945831,0.7000861371943535
sweep,237-134500-0003,test-clean,237,NB8,2,0.125,True,102.86212921142578,8.670183181762695,6.308720588684082,6.693849086761475,9.703129768371582,4687.5,-14.860409429804625,0.6794293762266423
sweep,237-134500-0003,test-clean,237,WB8,0,0.0,True,42.270687103271484,6.440924167633057,6.618491172790527,6.726895809173584,6.032073020935059,8000.0,2.012941635565731,0.7138334758136125
sweep,237-134500-0006,test-clean,237,NB8,2,0.125,True,145.11102294921875,10.477143287658691,6.230099201202393,6.623093128204346,12.695965766906738,4906.25,-15.165489675915516,0.67495306327376
sweep,237-134500-0006,test-clean,237,WB8,0,0.0,True,47.64924621582031,6.778149604797363,6.849815845489502,6.963581085205078,6.483879089355469,8000.0,1.9642474587980865,0.6432190864992556
sweep,237-134500-0008,test-clean,237,NB8,2,0.125,True,122.6219253540039,9.782870292663574,6.433439254760742,6.732378959655762,11.53933048248291,5062.5,-14.820047547871031,0.6504838845653174
sweep,237-134500-0008,test-clean,237,WB8,0,0.0,True,46.276145935058594,6.702343940734863,6.641666412353516,6.694299697875977,6.613854885101318,8000.0,0.3425577294489639,0.6192742476079348
sweep,237-134500-0009,test-clean,237,NB8,2,0.125,True,133.42335510253906,10.146082878112793,6.171965599060059,6.556382179260254,12.240527153015137,5000.0,-16.484194382539933,0.6251674088574785
sweep,237-134500-0009,test-clean,237,WB8,0,0.0,True,47.79450225830078,6.798398971557617,6.687479019165039,6.84234094619751,6.63910436630249,8000.0,1.2767196820613413,0.6619934540247214
sweep,237-134500-0010,test-clean,237,NB8,2,0.125,True,127.82147979736328,10.212593078613281,6.425024509429932,6.793917655944824,12.284192085266113,4968.75,-13.978776019763533,0.6706501756271164
sweep,237-134500-0010,test-clean,237,WB8,0,0.0,True,50.06400680541992,6.989397048950195,6.985674858093262,7.064310073852539,6.798701763153076,8000.0,1.797218541302611,0.6461262827367071
sweep,237-134500-0013,test-clean,237,NB8,2,0.125,True,88.46532440185547,8.55242919921875,6.036123752593994,6.506536960601807,9.819223403930664,4875.0,-11.911284777337974,0.6824518779588481
sweep,237-134500-0013,test-clean,237,WB8,0,0.0,True,43.213356018066406,6.510941982269287,6.442657947540283,6.6073174476623535,6.316635608673096,8000.0,2.0373006293542533,0.6565683145671333
sweep,237-134500-0014,test-clean,237,NB8,2,0.125,True,134.5832061767578,10.681297302246094,6.2377190589904785,6.757032871246338,13.197892189025879,5031.25,-11.744754401916895,0.7438145249885888
sweep,237-134500-0014,test-clean,237,WB8,0,0.0,True,50.59775161743164,7.069406986236572,6.558058261871338,6.748770236968994,7.304876804351807,8000.0,1.3781689193087185,0.6929306651924366
sweep,237-134500-0018,test-clean,237,NB8,2,0.125,True,83.45702362060547,8.420870780944824,6.008997440338135,6.489050388336182,9.64286994934082,4781.25,-12.33606001894833,0.7248978785753802
sweep,237-134500-0018,test-clean,237,WB8,0,0.0,True,42.41554260253906,6.455801010131836,6.3660078048706055,6.524570465087891,6.299505710601807,8000.0,0.9930496359465814,0.7087145194477494
sweep,237-134500-0022,test-clean,237,NB8,2,0.125,True,124.86095428466797,10.258743286132812,6.5969319343566895,6.896839141845703,12.374443054199219,4843.75,-10.232496814323262,0.6308973760252938
sweep,237-134500-0022,test-clean,237,WB8,0,0.0,True,52.56562423706055,7.181323528289795,7.153275012969971,7.2060627937316895,7.088087558746338,8000.0,2.9742155142919264,0.5979757913377058
sweep,237-134500-0023,test-clean,237,NB8,2,0.125,True,71.90396881103516,7.867647647857666,6.441305160522461,6.8282670974731445,8.354722023010254,4906.25,-10.071062058093144,0.6839207104707385
sweep,237-134500-0023,test-clean,237,WB8,0,0.0,True,41.85840606689453,6.408404350280762,6.713401794433594,6.792797088623047,5.874270439147949,8000.0,0.9807625934351154,0.6674490282522846
sweep,237-134500-0026,test-clean,237,NB8,2,0.125,True,113.94782257080078,10.12758731842041,6.614507675170898,6.984017372131348,12.183730125427246,4937.5,-10.146831649227725,0.639170965326216
sweep,237-134500-0026,test-clean,237,WB8,0,0.0,True,51.3204460144043,7.118692874908447,6.863262176513672,6.965461254119873,7.196606636047363,8000.0,-0.08838210273666938,0.6552273955590442
sweep,237-134500-0027,test-clean,237,NB8,2,0.125,True,165.03958129882812,11.747673034667969,6.191066741943359,6.796781539916992,14.814308166503906,4593.75,-19.488268981762403,0.7499354493391925
sweep,237-134500-0027,test-clean,237,WB8,0,0.0,True,52.1837272644043,7.1837286949157715,6.555624485015869,6.745492458343506,7.512879848480225,8000.0,0.6466103345612227,0.7208244736953376
sweep,237-134500-0029,test-clean,237,NB8,2,0.125,True,102.13111114501953,8.997137069702148,6.11046838760376,6.635708808898926,10.402731895446777,5031.25,-11.250129995994948,0.772021013144975
sweep,237-134500-0029,test-clean,237,WB8,0,0.0,True,43.27831268310547,6.535781383514404,6.3019700050354,6.463134288787842,6.507501125335693,8000.0,0.6446118528518946,0.7602450105224238
sweep,260-123286-0008,test-clean,260,NB8,2,0.125,True,161.57142639160156,10.530213356018066,5.462869644165039,5.725229740142822,13.17659854888916,4531.25,-18.82188742321583,0.5949242898801279
sweep,260-123286-0008,test-clean,260,WB8,0,0.0,True,47.86466979980469,6.387032508850098,6.167817115783691,6.261735916137695,6.305029392242432,8000.0,3.013690875040114,0.5160732507876644
sweep,260-123286-0010,test-clean,260,NB8,2,0.125,True,224.4329376220703,11.086113929748535,4.999401569366455,5.217917442321777,14.082714080810547,4406.25,-22.547050854617666,0.634538904509223
sweep,260-123286-0010,test-clean,260,WB8,0,0.0,True,38.231231689453125,5.395993709564209,5.2676920890808105,5.333229064941406,5.235075950622559,8000.0,2.4086868795600624,0.5850415042195454
sweep,260-123286-0012,test-clean,260,NB8,2,0.125,True,137.43089294433594,9.036736488342285,5.252753257751465,5.359679222106934,10.825508117675781,4562.5,-15.701403337539475,0.5594049808817808
sweep,260-123286-0012,test-clean,260,WB8,0,0.0,True,41.12091827392578,5.706847190856934,5.897378921508789,5.926441192626953,5.206407070159912,8000.0,2.533121520110699,0.45132911957181265
sweep,260-123286-0013,test-clean,260,NB8,2,0.125,True,171.85508728027344,10.707054138183594,5.240108013153076,5.628211498260498,13.6011962890625,4562.5,-15.471862593690574,0.605213411821601
sweep,260-123286-0013,test-clean,260,WB8,0,0.0,True,45.254398345947266,6.145370006561279,5.814071178436279,5.973045349121094,6.172939300537109,8000.0,2.501878630828896,0.5746018834801232
sweep,260-123286-0020,test-clean,260,NB8,2,0.125,True,121.10482025146484,7.440707206726074,3.938371181488037,4.15435266494751,9.09700870513916,4437.5,-15.336315509790698,0.5879131410802984
sweep,260-123286-0020,test-clean,260,WB8,0,0.0,True,29.36859130859375,4.258174896240234,4.149893760681152,4.24476957321167,4.08038854598999,8000.0,2.6694417865154185,0.5753689905169928
sweep,260-123286-0023,test-clean,260,NB8,2,0.125,True,186.51905822753906,12.006267547607422,6.090859413146973,6.468990802764893,15.061662673950195,4562.5,-16.65096769523963,0.6395345826970871
sweep,260-123286-0023,test-clean,260,WB8,0,0.0,True,50.58478927612305,6.885265827178955,6.56015682220459,6.633098125457764,6.907626152038574,8000.0,1.8696211322758718,0.6076758828085755
sweep,260-123286-0025,test-clean,260,NB8,2,0.125,True,66.91194915771484,6.5528035163879395,5.215364456176758,5.386462688446045,6.660226345062256,4625.0,-16.667500788156595,0.5776727699630596
sweep,260-123286-0025,test-clean,260,WB8,0,0.0,True,31.42490577697754,5.144979953765869,5.70649528503418,5.682865619659424,4.096846103668213,8000.0,2.3407129589036906,0.5503149871718878
sweep,260-123286-0027,test-clean,260,NB8,2,0.125,True,202.36636352539062,12.55732536315918,6.20582389831543,6.604275703430176,15.824746131896973,4468.75,-16.686337272876813,0.6177513192796463
sweep,260-123286-0027,test-clean,260,WB8,0,0.0,True,53.27290344238281,7.163206100463867,6.785600185394287,6.905466556549072,7.210356712341309,8000.0,2.3807807679129107,0.552221881660605
sweep,260-123286-0031,test-clean,260,NB8,2,0.125,True,224.41925048828125,11.53183364868164,4.769372463226318,5.14081335067749,15.032417297363281,4437.5,-19.869293157717216,0.6288805233073332
sweep,260-123286-0031,test-clean,260,WB8,0,0.0,True,44.78336715698242,5.822165489196777,5.3993239402771,5.545718193054199,5.960247039794922,8000.0,3.8915416510372465,0.5572918023429209
sweep,260-123288-0000,test-clean,260,NB8,2,0.125,True,193.73553466796875,10.928083419799805,5.145908355712891,5.451846599578857,13.865494728088379,4406.25,-22.4748843036962,0.5848904428991539
sweep,260-123288-0000,test-clean,260,WB8,0,0.0,True,43.35078811645508,5.874725818634033,5.525638103485107,5.719735145568848,5.814138889312744,8000.0,2.510678937803588,0.5211113490088859
sweep,260-123288-0002,test-clean,260,NB8,2,0.125,True,184.53311157226562,11.5308837890625,5.781391620635986,6.129190444946289,14.462311744689941,4562.5,-15.557261554485972,0.6090518913042033
sweep,260-123288-0002,test-clean,260,WB8,0,0.0,True,49.253662109375,6.647004127502441,6.393098831176758,6.470482349395752,6.61314582824707,8000.0,3.637921484209272,0.5324910374811521
sweep,260-123288-0003,test-clean,260,NB8,2,0.125,True,188.6748809814453,11.841997146606445,5.823318004608154,6.268494606018066,14.963030815124512,4625.0,-16.03770587613514,0.6135359079716466
sweep,260-123288-0003,test-clean,260,WB8,0,0.0,True,50.78858947753906,6.781275272369385,6.4373555183410645,6.562209606170654,6.812812328338623,8000.0,2.499591193418047,0.5426103739686706
sweep,260-123288-0004,test-clean,260,NB8,2,0.125,True,124.80082702636719,7.493565082550049,4.023726463317871,4.2115936279296875,9.069512367248535,4468.75,-21.579083847047098,0.6330412366634289
sweep,260-123288-0004,test-clean,260,WB8,0,0.0,True,31.86587142944336,4.532458782196045,4.543650150299072,4.573506832122803,4.236306667327881,8000.0,2.600859216942193,0.5375828117250347
sweep,260-123288-0005,test-clean,260,NB8,2,0.125,True,179.80880737304688,11.194907188415527,5.760487079620361,6.156783580780029,13.923665046691895,4500.0,-19.869009543169064,0.6155886024757516
sweep,260-123288-0005,test-clean,260,WB8,0,0.0,True,47.57865905761719,6.548247337341309,6.285614013671875,6.391530513763428,6.500241756439209,8000.0,2.634688977649784,0.5428484333313066
sweep,260-123288-0006,test-clean,260,NB8,2,0.125,True,212.29469299316406,11.851191520690918,5.388437271118164,5.803342819213867,15.239907264709473,4593.75,-16.843399094687808,0.5782667924216158
sweep,260-123288-0006,test-clean,260,WB8,0,0.0,True,46.47571563720703,6.228945255279541,5.881983757019043,5.992119312286377,6.329394340515137,8000.0,2.8716127390657,0.5291697666280567
sweep,260-123288-0009,test-clean,260,NB8,2,0.125,True,199.098876953125,11.561219215393066,5.503725528717041,5.79221773147583,14.703933715820312,4656.25,-16.338267244377246,0.5931606067655424
sweep,260-123288-0009,test-clean,260,WB8,0,0.0,True,47.65056228637695,6.258939743041992,6.0892767906188965,6.182365417480469,6.11924934387207,8000.0,3.567312179847631,0.5354984803911371
sweep,260-123288-0011,test-clean,260,NB8,2,0.125,True,205.59078979492188,12.091706275939941,5.743433952331543,6.143899917602539,15.383055686950684,4562.5,-18.59546376196038,0.6201945742041204
sweep,260-123288-0011,test-clean,260,WB8,0,0.0,True,49.5658073425293,6.670874118804932,6.312174320220947,6.451199531555176,6.722318649291992,8000.0,2.7200118920110814,0.5278709779256024
sweep,260-123288-0014,test-clean,260,NB8,2,0.125,True,173.3631134033203,10.725154876708984,5.36727237701416,5.759570598602295,13.39762020111084,4625.0,-16.318150729595466,0.6450716418389902
sweep,260-123288-0014,test-clean,260,WB8,0,0.0,True,44.0762939453125,6.128769874572754,5.854807376861572,6.00383996963501,6.020274639129639,8000.0,2.286220571894118,0.604418054298007
sweep,260-123288-0021,test-clean,260,NB8,2,0.125,True,145.8235321044922,10.098771095275879,5.19964599609375,5.618767738342285,12.711418151855469,4500.0,-18.205730521727567,0.6695666226468487
sweep,260-123288-0021,test-clean,260,WB8,0,0.0,True,43.72108840942383,6.099772930145264,5.639405250549316,5.829403877258301,6.196386814117432,8000.0,1.5265585049624524,0.5930366720768039
sweep,260-123288-0026,test-clean,260,NB8,2,0.125,True,186.5562744140625,11.598852157592773,5.827640533447266,6.221766948699951,14.447482109069824,4625.0,-18.579178258741514,0.6276577740997796
sweep,260-123288-0026,test-clean,260,WB8,0,0.0,True,47.901737213134766,6.665431499481201,6.445754051208496,6.550353050231934,6.523805141448975,8000.0,2.938143468519483,0.577809746522266
sweep,260-123288-0027,test-clean,260,NB8,2,0.125,True,159.26731872558594,10.409177780151367,5.717044353485107,6.041173934936523,12.608322143554688,4531.25,-17.017660961524165,0.6623528996215561
sweep,260-123288-0027,test-clean,260,WB8,0,0.0,True,42.12092590332031,6.141454696655273,6.094512462615967,6.17881441116333,5.812671184539795,8000.0,2.235127479698701,0.5711544951338182
sweep,260-123440-0001,test-clean,260,NB8,2,0.125,True,133.57191467285156,8.105414390563965,4.486171722412109,4.7949137687683105,9.779394149780273,4437.5,-23.692278926949058,0.5890419571971541
sweep,260-123440-0001,test-clean,260,WB8,0,0.0,True,33.54023361206055,4.824510097503662,4.759408950805664,4.906244277954102,4.560213088989258,8000.0,3.4390719766009643,0.5598571414527679
sweep,260-123440-0002,test-clean,260,NB8,2,0.125,True,131.27972412109375,9.524476051330566,5.771941661834717,6.0840349197387695,11.233280181884766,4468.75,-16.047779048301607,0.6007227964199564
sweep,260-123440-0002,test-clean,260,WB8,0,0.0,True,42.83169174194336,6.204203128814697,6.27976131439209,6.3657917976379395,5.7565999031066895,8000.0,2.899551539335998,0.5603318617783252
sweep,260-123440-0004,test-clean,260,NB8,2,0.125,True,140.3654327392578,10.052566528320312,5.715029239654541,6.028779983520508,12.185039520263672,4593.75,-14.421018780210911,0.6329946039319676
sweep,260-123440-0004,test-clean,260,WB8,0,0.0,True,45.6168212890625,6.345455646514893,6.2748541831970215,6.344078063964844,6.053727149963379,8000.0,2.5593574647323605,0.5625082442705498
sweep,260-123440-0007,test-clean,260,NB8,2,0.125,True,122.07322692871094,9.517561912536621,5.8121466636657715,6.186825752258301,11.355011940002441,4531.25,-17.20897180697972,0.5287401863895377
sweep,260-123440-0007,test-clean,260,WB8,0,0.0,True,48.32460403442383,6.550995349884033,6.470705986022949,6.598305702209473,6.2676544189453125,8000.0,4.214667037801947,0.4791672376919019
sweep,260-123440-0010,test-clean,260,NB8,2,0.125,True,198.29232788085938,12.55142593383789,6.534353256225586,6.9104743003845215,15.756230354309082,4531.25,-17.47718534844092,0.581272495833877
sweep,260-123440-0010,test-clean,260,WB8,0,0.0,True,55.71828079223633,7.366513729095459,7.2333149909973145,7.355766773223877,7.202284812927246,8000.0,2.684628939744409,0.4981083110713508
sweep,260-123440-0011,test-clean,260,NB8,2,0.125,True,126.97750854492188,9.832813262939453,6.23372220993042,6.487382411956787,11.51476764678955,4593.75,-19.55256262561607,0.6225546043537035
sweep,260-123440-0011,test-clean,260,WB8,0,0.0,True,47.2454719543457,6.681166172027588,6.80955696105957,6.88856315612793,6.197465419769287,8000.0,3.071108247257718,0.5720662623696201
sweep,260-123440-0012,test-clean,260,NB8,2,0.125,True,130.33889770507812,9.840988159179688,6.069018363952637,6.301140308380127,11.737075805664062,4468.75,-17.230599262046248,0.6338363944074215
sweep,260-123440-0012,test-clean,260,WB8,0,0.0,True,50.997314453125,6.8363037109375,6.88352632522583,7.007219314575195,6.420963764190674,8000.0,2.774007089789908,0.5399820259322764
sweep,260-123440-0013,test-clean,260,NB8,2,0.125,True,140.74562072753906,10.301745414733887,5.908361911773682,6.150692462921143,12.553604125976562,4406.25,-21.10027339621145,0.6625010401434019
sweep,260-123440-0013,test-clean,260,WB8,0,0.0,True,51.77313995361328,6.855875015258789,6.673502445220947,6.792193412780762,6.639893054962158,8000.0,2.0681379116863066,0.5755202598114831
sweep,260-123440-0017,test-clean,260,NB8,2,0.125,True,139.90296936035156,10.093811988830566,6.032413005828857,6.2754669189453125,11.969046592712402,4687.5,-16.99152999913482,0.5916094420714817
sweep,260-123440-0017,test-clean,260,WB8,0,0.0,True,45.532283782958984,6.488901138305664,6.58338737487793,6.676492214202881,5.9625935554504395,8000.0,2.4750634606330584,0.566179051467258
sweep,672-122797-0000,test-clean,672,NB8,2,0.125,True,185.27267456054688,11.400923728942871,6.339236736297607,6.822100639343262,13.978589057922363,4437.5,-17.68382765018407,0.6382447104182075
sweep,672-122797-0000,test-clean,672,WB8,0,0.0,True,48.566650390625,6.891728401184082,6.686802387237549,6.928406238555908,6.737054347991943,8000.0,1.7846473894332513,0.5580650024658843
sweep,672-122797-0002,test-clean,672,NB8,2,0.125,True,116.72245788574219,9.276860237121582,5.97558069229126,6.550732612609863,10.740325927734375,4562.5,-16.11825432881802,0.6598035268756167
sweep,672-122797-0002,test-clean,672,WB8,0,0.0,True,43.55984878540039,6.523480415344238,6.4859113693237305,6.757935523986816,6.145364284515381,8000.0,2.5212207343508055,0.6321943004615728
sweep,672-122797-0004,test-clean,672,NB8,2,0.125,True,105.58427429199219,9.507511138916016,6.351856708526611,6.886772632598877,11.206393241882324,4781.25,-13.649501681679828,0.6836998925024119
sweep,672-122797-0004,test-clean,672,WB8,0,0.0,True,49.29816818237305,6.98413610458374,6.752500534057617,6.97202205657959,6.912623405456543,8000.0,3.3007242213893124,0.6467299713795834
sweep,672-122797-0006,test-clean,672,NB8,2,0.125,True,141.35035705566406,10.965599060058594,6.802541732788086,7.208499431610107,13.39401626586914,4562.5,-10.314019887975729,0.5572409489904181
sweep,672-122797-0006,test-clean,672,WB8,0,0.0,True,53.87717056274414,7.302371978759766,7.217418193817139,7.376485824584961,7.170403957366943,8000.0,3.308326949528496,0.5200416196508872
sweep,672-122797-0007,test-clean,672,NB8,2,0.125,True,212.59487915039062,13.437395095825195,6.65244197845459,7.267578125,17.30712127685547,4656.25,-19.354447758569048,0.6231106371382475
sweep,672-122797-0007,test-clean,672,WB8,0,0.0,True,59.806434631347656,7.703919887542725,7.083326816558838,7.322482585906982,8.018157005310059,8000.0,0.49640646598496685,0.5589730211743713
sweep,672-122797-0009,test-clean,672,NB8,2,0.125,True,117.67570495605469,10.359922409057617,7.030489444732666,7.316083908081055,12.328472137451172,4875.0,-9.660802346601917,0.4698065219418421
sweep,672-122797-0009,test-clean,672,WB8,0,0.0,True,59.33177185058594,7.6389875411987305,7.554172039031982,7.694966793060303,7.51460075378418,8000.0,-1.213752390335043,0.47179774182403184
sweep,672-122797-0010,test-clean,672,NB8,2,0.125,True,241.0401153564453,13.870720863342285,6.837830543518066,7.234206199645996,17.862634658813477,4218.75,-21.69573814987797,0.6029617732556053
sweep,672-122797-0010,test-clean,672,WB8,0,0.0,True,56.3043098449707,7.46217679977417,7.1598711013793945,7.349663257598877,7.516720294952393,8000.0,1.8111581152103158,0.5327420071591543
sweep,672-122797-0015,test-clean,672,NB8,2,0.125,True,238.25474548339844,13.496323585510254,6.94059944152832,7.373669624328613,17.112735748291016,4656.25,-22.857575355422732,0.5220575625443531
sweep,672-122797-0015,test-clean,672,WB8,0,0.0,True,60.11453628540039,7.700340270996094,7.518728256225586,7.6181230545043945,7.7136149406433105,8000.0,2.600524521779985,0.46935802078452543
sweep,672-122797-0020,test-clean,672,NB8,2,0.125,True,156.6796417236328,11.579392433166504,6.5854082107543945,7.129647254943848,14.473652839660645,4562.5,-17.68886185533963,0.6547612391772094
sweep,672-122797-0020,test-clean,672,WB8,0,0.0,True,54.314476013183594,7.335158824920654,6.852930545806885,7.074050426483154,7.523013591766357,8000.0,1.3465753356150831,0.605517900626843
sweep,672-122797-0022,test-clean,672,NB8,2,0.125,True,202.19436645507812,12.671823501586914,6.708813667297363,7.176651477813721,16.037572860717773,4406.25,-20.000895366717014,0.6509503729924957
sweep,672-122797-0022,test-clean,672,WB8,0,0.0,True,54.96275329589844,7.377653121948242,6.928469657897949,7.151200294494629,7.533658981323242,8000.0,1.7900900841825345,0.5772081564196413
sweep,672-122797-0025,test-clean,672,NB8,2,0.125,True,136.15765380859375,10.109135627746582,6.374653339385986,6.826344966888428,12.060709953308105,4375.0,-19.994456454207445,0.6048915373272655
sweep,672-122797-0025,test-clean,672,WB8,0,0.0,True,47.91645050048828,6.856128692626953,6.801091194152832,7.0034990310668945,6.6114630699157715,8000.0,1.3814045885627482,0.6169626703803316
sweep,672-122797-0027,test-clean,672,NB8,2,0.125,True,295.85430908203125,15.784440040588379,7.031952381134033,7.553499221801758,20.746395111083984,4437.5,-20.504399344373656,0.6181451608511004
sweep,672-122797-0027,test-clean,672,WB8,0,0.0,True,61.263832092285156,7.8020501136779785,7.184751987457275,7.401162147521973,8.13774585723877,8000.0,1.0783461168368482,0.5334262762135594
sweep,672-122797-0033,test-clean,672,NB8,2,0.125,True,286.39312744140625,14.698565483093262,6.877939701080322,7.188970565795898,19.073781967163086,4437.5,-18.6318782393154,0.5876986632072925
sweep,672-122797-0033,test-clean,672,WB8,0,0.0,True,56.75719451904297,7.487661361694336,7.2330121994018555,7.4070634841918945,7.524461269378662,8000.0,1.3727593241833482,0.48051054297378387
sweep,672-122797-0034,test-clean,672,NB8,2,0.125,True,173.56689453125,11.50698184967041,6.480892181396484,6.980231285095215,14.23578929901123,4500.0,-23.554939909072484,0.5915117921051708
sweep,672-122797-0034,test-clean,672,WB8,0,0.0,True,52.20646667480469,7.173315048217773,6.899280071258545,7.1018781661987305,7.1705851554870605,8000.0,1.5965883275375794,0.5571928727939686
sweep,672-122797-0035,test-clean,672,NB8,2,0.125,True,147.07089233398438,10.577489852905273,6.15714693069458,6.713822364807129,12.800261497497559,4968.75,-11.98704935590488,0.7335781397632747
sweep,672-122797-0035,test-clean,672,WB8,0,0.0,True,50.74771499633789,7.053211688995361,6.645274639129639,6.907816410064697,7.0766987800598145,8000.0,2.8747196199626686,0.6850149932409715
sweep,672-122797-0036,test-clean,672,NB8,2,0.125,True,233.39454650878906,13.363953590393066,6.627769470214844,6.96999979019165,17.034425735473633,4468.75,-22.08556927128714,0.5678616060720856
sweep,672-122797-0036,test-clean,672,WB8,0,0.0,True,58.20331573486328,7.535210609436035,7.3131232261657715,7.4364190101623535,7.544381618499756,8000.0,2.9795183465786526,0.46782795336489674
sweep,672-122797-0037,test-clean,672,NB8,2,0.125,True,198.07777404785156,12.810413360595703,6.819368839263916,7.153940200805664,16.236045837402344,4656.25,-21.269751635882052,0.5267286264361687
sweep,672-122797-0037,test-clean,672,WB8,0,0.0,True,58.20317077636719,7.573382377624512,7.322155952453613,7.406665802001953,7.655519008636475,8000.0,0.896354530778531,0.5212575172901371
sweep,672-122797-0040,test-clean,672,NB8,2,0.125,True,173.6267852783203,11.833182334899902,6.78700590133667,7.207967281341553,14.712985038757324,4468.75,-15.318313843097894,0.5765399190627114
sweep,672-122797-0040,test-clean,672,WB8,0,0.0,True,53.4775505065918,7.27371072769165,6.961889266967773,7.130537509918213,7.347504615783691,8000.0,1.557912575888953,0.518795531449539
sweep,672-122797-0045,test-clean,672,NB8,2,0.125,True,178.57334899902344,12.047417640686035,6.49617338180542,7.011551380157471,15.155974388122559,4437.5,-19.304026131607323,0.6298895288508224
sweep,672-122797-0045,test-clean,672,WB8,0,0.0,True,53.53461837768555,7.27800178527832,6.793703556060791,7.034139633178711,7.444619655609131,8000.0,1.2766052007170727,0.610416637993372
sweep,672-122797-0050,test-clean,672,NB8,2,0.125,True,285.13427734375,15.297258377075195,6.918094158172607,7.394523620605469,20.022228240966797,4281.25,-22.616126126534773,0.5726237137868719
sweep,672-122797-0050,test-clean,672,WB8,0,0.0,True,58.990257263183594,7.6544365882873535,6.996304512023926,7.22571325302124,8.006621360778809,8000.0,1.5000660086841466,0.5366171967711498
sweep,672-122797-0051,test-clean,672,NB8,2,0.125,True,191.38880920410156,13.124532699584961,6.850100994110107,7.329998016357422,16.83382797241211,4625.0,-18.762875963738324,0.6278262422893639
sweep,672-122797-0051,test-clean,672,WB8,0,0.0,True,59.250057220458984,7.660831451416016,7.067397117614746,7.294116497039795,7.956218242645264,8000.0,1.7504461815308117,0.5662936472252429
sweep,672-122797-0054,test-clean,672,NB8,2,0.125,True,251.08087158203125,14.298720359802246,6.8375773429870605,7.365803241729736,18.454456329345703,4593.75,-18.737858587317568,0.563062879176667
sweep,672-122797-0054,test-clean,672,WB8,0,0.0,True,56.24380111694336,7.462518692016602,7.070610523223877,7.205589294433594,7.652531147003174,8000.0,2.583374298849531,0.5381267359530427
sweep,672-122797-0055,test-clean,672,NB8,2,0.125,True,214.661376953125,13.433143615722656,6.702263355255127,7.22624397277832,17.264951705932617,4593.75,-20.45515801348929,0.7018286773556911
sweep,672-122797-0055,test-clean,672,WB8,0,0.0,True,56.67542266845703,7.4943928718566895,6.849035739898682,7.103666305541992,7.800498008728027,8000.0,1.1546531011139698,0.651285822043592
sweep,672-122797-0056,test-clean,672,NB8,2,0.125,True,258.9637756347656,15.294672012329102,6.580916404724121,7.209352970123291,20.204492568969727,4406.25,-18.599840084798124,0.6262735550897066
sweep,672-122797-0056,test-clean,672,WB8,0,0.0,True,60.51038360595703,7.738436222076416,6.7911152839660645,7.104948043823242,8.268067359924316,8000.0,0.2965522428698989,0.5968231876556859
sweep,672-122797-0058,test-clean,672,NB8,1,0.0625,True,186.11212158203125,12.61650562286377,7.007125377655029,7.366858005523682,15.914835929870605,4406.25,-20.265243371573312,0.5732836199987414
sweep,672-122797-0058,test-clean,672,WB8,0,0.0,True,57.44241714477539,7.546201229095459,7.297693729400635,7.46270227432251,7.580660820007324,8000.0,1.8626169523297738,0.5446494788957776
sweep,672-122797-0061,test-clean,672,NB8,2,0.125,True,168.65670776367188,11.684920310974121,6.604854583740234,6.968147277832031,14.48935604095459,4718.75,-13.886837964238856,0.5921449927921334
sweep,672-122797-0061,test-clean,672,WB8,0,0.0,True,52.03019714355469,7.153800964355469,7.044688701629639,7.16504430770874,7.04037618637085,8000.0,3.171474677038856,0.577272565773842
sweep,672-122797-0064,test-clean,672,NB8,2,0.125,True,204.07337951660156,12.590799331665039,6.724599838256836,7.156641483306885,15.86021900177002,4531.25,-19.806220689478703,0.6741803408890721
sweep,672-122797-0064,test-clean,672,WB8,0,0.0,True,54.739952087402344,7.354619979858398,6.987088680267334,7.226892948150635,7.415713310241699,8000.0,2.412924815035991,0.6079882809339152
sweep,672-122797-0068,test-clean,672,NB8,2,0.125,True,258.9332275390625,15.151135444641113,7.085997104644775,7.527584075927734,19.809423446655273,4406.25,-18.099195687755376,0.6161883952856686
sweep,672-122797-0068,test-clean,672,WB8,0,0.0,True,60.43500518798828,7.744613170623779,7.059782981872559,7.303955078125,8.106463432312012,8000.0,1.49360075027186,0.5469605479549096
sweep,672-122797-0071,test-clean,672,NB8,2,0.125,True,177.17327880859375,11.614396095275879,6.4140238761901855,6.894587516784668,14.441970825195312,4281.25,-23.655785538443904,0.653615095672866
sweep,672-122797-0071,test-clean,672,WB8,0,0.0,True,51.36532211303711,7.1236371994018555,6.763535499572754,7.00084114074707,7.1690354347229,8000.0,0.8868596566525532,0.5889756950740365
sweep,672-122797-0074,test-clean,672,NB8,2,0.125,True,168.43589782714844,12.066261291503906,7.137545585632324,7.533120155334473,15.020343780517578,4468.75,-17.083721597294684,0.6092574755107516
sweep,672-122797-0074,test-clean,672,WB8,0,0.0,True,56.796775817871094,7.511138916015625,7.015275478363037,7.251138687133789,7.713922023773193,8000.0,0.7218581707418841,0.5575285739322156
sweep,908-157963-0000,test-clean,908,NB8,2,0.125,True,114.4723892211914,9.353194236755371,6.04237699508667,6.345335006713867,10.862655639648438,4312.5,-21.574668859827927,0.633216306012381
sweep,908-157963-0000,test-clean,908,WB8,0,0.0,True,43.8369026184082,6.425126552581787,6.509641170501709,6.636673927307129,5.932070255279541,8000.0,1.7195621753301475,0.5416730310752228
sweep,908-157963-0003,test-clean,908,NB8,2,0.125,True,168.77085876464844,11.541839599609375,6.418184757232666,6.738697528839111,14.25493049621582,4281.25,-22.831223955862264,0.6264971842581109
sweep,908-157963-0003,test-clean,908,WB8,0,0.0,True,51.703731536865234,7.062088966369629,7.034365177154541,7.189554214477539,6.768369674682617,8000.0,1.8165972141252915,0.5364692264976647
sweep,908-157963-0005,test-clean,908,NB8,2,0.125,True,104.04855346679688,8.906050682067871,5.854752063751221,6.090819835662842,10.141359329223633,4437.5,-18.25842892813266,0.666167977162934
sweep,908-157963-0005,test-clean,908,WB8,0,0.0,True,40.337223052978516,6.122034072875977,6.281558036804199,6.4246015548706055,5.474609851837158,8000.0,1.5030214255724985,0.6071807479793914
sweep,908-157963-0010,test-clean,908,NB8,2,0.125,True,212.998046875,12.376800537109375,6.4233832359313965,6.709682464599609,15.357751846313477,4281.25,-26.58154049583454,0.6587802286166072
sweep,908-157963-0010,test-clean,908,WB8,0,0.0,True,48.7352294921875,6.847248077392578,6.738240718841553,6.971240520477295,6.53493595123291,8000.0,1.6378924504837247,0.5709847821593729
sweep,908-157963-0011,test-clean,908,NB8,2,0.125,True,194.46348571777344,12.495386123657227,6.453186988830566,6.9149169921875,15.692028999328613,4312.5,-22.893730928737405,0.6225120333938626
sweep,908-157963-0011,test-clean,908,WB8,0,0.0,True,53.20054244995117,7.206475257873535,6.828980445861816,7.071276664733887,7.201407432556152,8000.0,2.084698297531436,0.5689562963327918
sweep,908-157963-0015,test-clean,908,NB8,2,0.125,True,102.4373550415039,8.846949577331543,5.858648777008057,6.130279064178467,10.098708152770996,4718.75,-17.402076002685565,0.6264220744427632
sweep,908-157963-0015,test-clean,908,WB8,0,0.0,True,41.381248474121094,6.192197322845459,6.381098747253418,6.50507116317749,5.515898704528809,8000.0,2.2142012161708564,0.5677258893649619
sweep,908-157963-0016,test-clean,908,NB8,2,0.125,True,112.40816497802734,9.222640037536621,6.088138580322266,6.3310160636901855,10.604636192321777,4312.5,-22.85745348516986,0.6247181507181444
sweep,908-157963-0016,test-clean,908,WB8,0,0.0,True,41.97913360595703,6.252519130706787,6.417522430419922,6.548275947570801,5.663505554199219,8000.0,0.5950960296398614,0.5779210325377298
sweep,908-157963-0017,test-clean,908,NB8,2,0.125,True,150.78765869140625,11.106365203857422,6.304911136627197,6.708035469055176,13.609138488769531,4375.0,-18.06110156367582,0.5827739061159002
sweep,908-157963-0017,test-clean,908,WB8,0,0.0,True,50.21857452392578,6.959051132202148,6.7487874031066895,6.9908013343811035,6.734793186187744,8000.0,1.9212352774142754,0.534960678477976
sweep,908-157963-0024,test-clean,908,NB8,2,0.125,True,157.70518493652344,11.232550621032715,6.546492576599121,6.957294464111328,13.689353942871094,4750.0,-18.804731455916837,0.5878915161709024
sweep,908-157963-0024,test-clean,908,WB8,0,0.0,True,51.882511138916016,7.144412517547607,6.869687080383301,7.184878826141357,6.979388236999512,8000.0,2.3067268676451413,0.5497869825808516
sweep,908-157963-0029,test-clean,908,NB8,2,0.125,True,112.1491928100586,9.538341522216797,6.313321113586426,6.566409111022949,11.131915092468262,4562.5,-18.828912888694223,0.5939205768706296
sweep,908-157963-0029,test-clean,908,WB8,0,0.0,True,46.2665901184082,6.664609909057617,6.757396221160889,6.8571696281433105,6.2527337074279785,8000.0,0.21484625307864577,0.5943863734112618
sweep,908-31957-0000,test-clean,908,NB8,2,0.125,True,123.84107971191406,8.534015655517578,5.473601818084717,5.750720500946045,9.498580932617188,4281.25,-20.80913317860039,0.5618436671282151
sweep,908-31957-0000,test-clean,908,WB8,0,0.0,True,38.417118072509766,5.730984687805176,6.126198768615723,6.170220851898193,4.73143196105957,8000.0,2.1663051909162725,0.5264871424606616
sweep,908-31957-0008,test-clean,908,NB8,2,0.125,True,170.53477478027344,11.551024436950684,6.398733139038086,6.713217258453369,14.234078407287598,4468.75,-20.151601610698755,0.5513932383367878
sweep,908-31957-0008,test-clean,908,WB8,0,0.0,True,52.08769989013672,7.031457901000977,6.9280571937561035,7.076850414276123,6.8083038330078125,8000.0,2.6538058650984295,0.5082956851597981
sweep,908-31957-0010,test-clean,908,NB8,2,0.125,True,193.18930053710938,12.293901443481445,7.0180511474609375,7.277365207672119,15.146862983703613,4468.75,-20.737301661210306,0.5053746716027406
sweep,908-31957-0010,test-clean,908,WB8,0,0.0,True,52.40366744995117,7.141758918762207,6.94084358215332,7.182257175445557,6.996953964233398,8000.0,1.1196027504795207,0.44106040489130993
sweep,908-31957-0011,test-clean,908,NB8,2,0.125,True,231.96810913085938,13.500312805175781,6.549882888793945,6.857033729553223,17.329811096191406,4312.5,-26.31929156478148,0.6128174366513252
sweep,908-31957-0011,test-clean,908,WB8,0,0.0,True,53.33053207397461,7.195023536682129,6.897928714752197,7.090631008148193,7.20040225982666,8000.0,3.225466448230247,0.5654473912720135
sweep,908-31957-0014,test-clean,908,NB8,2,0.125,True,153.1279296875,10.623127937316895,6.242575168609619,6.466418266296387,12.727816581726074,4187.5,-21.77315041180278,0.5814496921269112
sweep,908-31957-0014,test-clean,908,WB8,0,0.0,True,45.26575469970703,6.496400833129883,6.617205619812012,6.718995094299316,6.033642292022705,8000.0,1.7793523548352133,0.4799108123101049
sweep,908-31957-0016,test-clean,908,NB8,2,0.125,True,131.26803588867188,9.211389541625977,5.841982364654541,6.008869171142578,10.509197235107422,4312.5,-17.320930514091273,0.5958492873074042
sweep,908-31957-0016,test-clean,908,WB8,0,0.0,True,39.45532989501953,5.911615371704102,6.25277042388916,6.281993865966797,5.128770351409912,8000.0,2.6161625408606337,0.49293368133160664
sweep,908-31957-0022,test-clean,908,NB8,2,0.125,True,155.9678955078125,10.863369941711426,6.202179431915283,6.4914960861206055,13.225354194641113,4375.0,-19.25198566362535,0.5925337129562267
sweep,908-31957-0022,test-clean,908,WB8,0,0.0,True,47.45869827270508,6.694350242614746,6.710092544555664,6.825607776641846,6.33387565612793,8000.0,2.151979641617853,0.5299063207215857
sweep,908-31957-0024,test-clean,908,NB8,2,0.125,True,122.86955261230469,9.487327575683594,6.057387828826904,6.256471157073975,11.019769668579102,4406.25,-10.401440677862306,0.6003745569332339
sweep,908-31957-0024,test-clean,908,WB8,0,0.0,True,43.08595275878906,6.308629512786865,6.565576553344727,6.629510879516602,5.714443206787109,8000.0,2.6558591436318295,0.526950967997198
sweep,1089-134686-0010,test-clean,1089,NB8,2,0.125,True,142.3156280517578,9.97645092010498,5.2783660888671875,5.8091278076171875,12.06381893157959,4531.25,-17.29689936047964,0.7497557057645161
sweep,1089-134686-0010,test-clean,1089,WB8,0,0.0,True,37.71004867553711,5.9337992668151855,5.793746471405029,5.928842544555664,5.5516037940979,8000.0,3.2037600539040767,0.6836671205166669
sweep,1089-134686-0011,test-clean,1089,NB8,2,0.125,True,128.75758361816406,9.590898513793945,5.7519330978393555,6.288700580596924,11.335518836975098,4468.75,-17.281240000349488,0.6535373621755106
sweep,1089-134686-0011,test-clean,1089,WB8,0,0.0,True,41.00953674316406,6.264039993286133,6.216314315795898,6.379694938659668,5.940142631530762,8000.0,1.4402346200744982,0.6185239389290107
sweep,1089-134686-0013,test-clean,1089,NB8,1,0.0625,True,116.21385955810547,9.184121131896973,5.71120548248291,6.111259460449219,10.84076976776123,4562.5,-17.520393917706013,0.6719832286932399
sweep,1089-134686-0013,test-clean,1089,WB8,0,0.0,True,40.57358932495117,6.194559574127197,6.1994147300720215,6.332369804382324,5.846638202667236,8000.0,1.8219032482053696,0.6304136649328799
sweep,1089-134686-0016,test-clean,1089,NB8,2,0.125,True,168.16552734375,10.921142578125,5.826704502105713,6.190486907958984,13.540194511413574,4500.0,-16.444857256697127,0.6489585408212928
sweep,1089-134686-0016,test-clean,1089,WB8,0,0.0,True,43.27073669433594,6.35183048248291,6.28894567489624,6.347080707550049,6.176082611083984,8000.0,2.0713550586929825,0.5827906953383492
sweep,1089-134686-0017,test-clean,1089,NB8,2,0.125,True,116.34823608398438,9.360297203063965,5.530438423156738,6.018188953399658,11.189983367919922,4625.0,-14.209275781515986,0.6929823314647041
sweep,1089-134686-0017,test-clean,1089,WB8,0,0.0,True,39.90204620361328,6.171354293823242,6.02413272857666,6.157916069030762,5.978689193725586,8000.0,1.1592364437091356,0.661669173369617
sweep,1089-134686-0020,test-clean,1089,NB8,2,0.125,True,95.70551300048828,8.480628967285156,5.575323104858398,6.0264763832092285,9.739163398742676,4593.75,-15.371985273502343,0.6301185674438238
sweep,1089-134686-0020,test-clean,1089,WB8,0,0.0,True,38.09591293334961,6.007456302642822,6.06198263168335,6.206243515014648,5.5732574462890625,8000.0,1.7506089514363197,0.6125473643101985
sweep,1089-134686-0021,test-clean,1089,NB8,2,0.125,True,88.73176574707031,7.837116718292236,5.292742729187012,5.605234146118164,8.812731742858887,4593.75,-15.226233919267367,0.6650797793963494
sweep,1089-134686-0021,test-clean,1089,WB8,0,0.0,True,33.24501037597656,5.499993324279785,5.774893283843994,5.836348533630371,4.817704677581787,8000.0,1.2633076655089681,0.6289996980627472
sweep,1089-134686-0022,test-clean,1089,NB8,2,0.125,True,111.85204315185547,8.854244232177734,5.503588676452637,5.909569263458252,10.25912857055664,4531.25,-17.295811244256747,0.6358491386527965
sweep,1089-134686-0022,test-clean,1089,WB8,0,0.0,True,37.07513427734375,5.854762077331543,5.963585376739502,6.072928428649902,5.319675922393799,8000.0,2.0057559577166044,0.6323275100788374
sweep,1089-134686-0027,test-clean,1089,NB8,2,0.125,True,152.91604614257812,9.940423965454102,5.393159866333008,5.716454982757568,11.874858856201172,4343.75,-20.86346927617441,0.6834138243582423
sweep,1089-134686-0027,test-clean,1089,WB8,0,0.0,True,34.90707778930664,5.61767578125,5.7461323738098145,5.713139533996582,5.0366597175598145,8000.0,1.9681771089273292,0.6334436334205124
sweep,1089-134686-0032,test-clean,1089,NB8,1,0.0625,True,93.19058227539062,8.029508590698242,5.415303707122803,5.764465808868408,9.152484893798828,4562.5,-13.75071914297768,0.6494529528875679
sweep,1089-134686-0032,test-clean,1089,WB8,0,0.0,True,33.92914581298828,5.6211161613464355,5.636451244354248,5.710987567901611,5.325807571411133,8000.0,1.0241122845309472,0.6430490965548412
sweep,1089-134686-0033,test-clean,1089,NB8,2,0.125,True,187.94955444335938,10.955315589904785,5.668869972229004,6.119397163391113,13.305252075195312,4531.25,-20.598717274322965,0.7228341143035145
sweep,1089-134686-0033,test-clean,1089,WB8,0,0.0,True,39.300567626953125,6.045309066772461,6.025165557861328,6.1070170402526855,5.702297687530518,8000.0,2.1028284230383583,0.6739260661157295
sweep,1089-134686-0037,test-clean,1089,NB8,2,0.125,True,141.08602905273438,10.230990409851074,5.772279739379883,6.221662998199463,12.470588684082031,4562.5,-21.797287739740455,0.714330817021905
sweep,1089-134686-0037,test-clean,1089,WB8,0,0.0,True,41.69747543334961,6.354209899902344,6.136906623840332,6.27473783493042,6.272236347198486,8000.0,1.197319909438884,0.644174667637554
sweep,1089-134691-0005,test-clean,1089,NB8,2,0.125,True,171.05824279785156,11.708623886108398,6.1919026374816895,6.730563640594482,14.757784843444824,4437.5,-17.860826161443896,0.6818220528875034
sweep,1089-134691-0005,test-clean,1089,WB8,0,0.0,True,50.91368103027344,7.077200889587402,6.464436054229736,6.732282638549805,7.308375835418701,8000.0,0.8786255519578083,0.6525092193983294
sweep,1089-134691-0009,test-clean,1089,NB8,2,0.125,True,157.4497833251953,11.083337783813477,5.965442180633545,6.459225177764893,13.812955856323242,4500.0,-17.111891778465246,0.6617062118227123
sweep,1089-134691-0009,test-clean,1089,WB8,0,0.0,True,48.60753631591797,6.887910842895508,6.448410987854004,6.637840270996094,7.007942199707031,8000.0,2.0293757477292793,0.6093224279822854
sweep,1089-134691-0013,test-clean,1089,NB8,2,0.125,True,127.78189086914062,9.754057884216309,5.703599452972412,6.2378997802734375,11.759346008300781,4468.75,-17.794916776237248,0.6770941484942896
sweep,1089-134691-0013,test-clean,1089,WB8,0,0.0,True,42.928627014160156,6.433957576751709,6.212419509887695,6.401719093322754,6.298939228057861,8000.0,0.9458764235942251,0.6228124115616664
sweep,1089-134691-0014,test-clean,1089,NB8,2,0.125,True,116.3027572631836,9.096792221069336,5.616787910461426,5.991574764251709,10.702445030212402,4468.75,-19.704256338635997,0.6895304802238106
sweep,1089-134691-0014,test-clean,1089,WB8,0,0.0,True,39.91983413696289,6.160366058349609,6.048904895782471,6.1852707862854,5.919677734375,8000.0,1.8250960049551523,0.6189528945873218
sweep,1089-134691-0015,test-clean,1089,NB8,2,0.125,True,117.71141815185547,9.429496765136719,6.433772563934326,6.656434535980225,11.079207420349121,4375.0,-17.76052006574134,0.6212362092089182
sweep,1089-134691-0015,test-clean,1089,WB8,0,0.0,True,45.278961181640625,6.677720546722412,6.731965065002441,6.712294578552246,6.570035934448242,8000.0,1.7209072744447818,0.5973094520042147
sweep,1089-134691-0016,test-clean,1089,NB8,2,0.125,True,129.31640625,10.04365348815918,5.6418633460998535,6.113790035247803,12.203130722045898,4625.0,-15.348909704291042,0.6803566674871312
sweep,1089-134691-0016,test-clean,1089,WB8,0,0.0,True,43.33208465576172,6.477418899536133,6.143356800079346,6.321560382843018,6.426933765411377,8000.0,1.2566814406934779,0.6247838344461166
sweep,1089-134691-0017,test-clean,1089,NB8,2,0.125,True,103.16279602050781,8.700117111206055,5.530304431915283,5.94354772567749,10.083988189697266,4531.25,-14.151780090520367,0.6429296325878388
sweep,1089-134691-0017,test-clean,1089,WB8,0,0.0,True,38.41271209716797,6.02786111831665,6.055556297302246,6.163144588470459,5.6010661125183105,8000.0,1.5094921248114879,0.6051132428010051
sweep,1089-134691-0018,test-clean,1089,NB8,2,0.125,True,85.75833892822266,8.02332592010498,5.953843116760254,6.006708145141602,8.847954750061035,4750.0,-11.606460405528367,0.7582192070633916
sweep,1089-134691-0018,test-clean,1089,WB8,0,0.0,True,37.92216491699219,6.022989273071289,6.361649513244629,6.225427627563477,5.604803085327148,8000.0,-2.166849571544075,0.6847652033971393
sweep,1089-134691-0019,test-clean,1089,NB8,2,0.125,True,84.1640396118164,7.66643762588501,5.406062602996826,5.745425224304199,8.562304496765137,4625.0,-14.637761668616145,0.6630412210775773
sweep,1089-134691-0019,test-clean,1089,WB8,0,0.0,True,35.01189041137695,5.7358927726745605,5.937392234802246,6.003841876983643,5.258379936218262,8000.0,2.2135505479976207,0.5731895393194548
sweep,1089-134691-0020,test-clean,1089,NB8,2,0.125,True,166.3009033203125,10.436371803283691,5.344554424285889,5.7161664962768555,12.834442138671875,4562.5,-17.786516776442735,0.7203516862803945
sweep,1089-134691-0020,test-clean,1089,WB8,0,0.0,True,38.26055908203125,5.863265514373779,5.778482437133789,5.887045383453369,5.512387275695801,8000.0,2.11969705060968,0.6959377466374205
sweep,1089-134691-0024,test-clean,1089,NB8,2,0.125,True,172.45375061035156,10.648545265197754,5.593139171600342,5.762718200683594,12.974834442138672,4437.5,-17.38547846631557,0.6414206920419613
sweep,1089-134691-0024,test-clean,1089,WB8,0,0.0,True,38.260162353515625,5.818412780761719,5.964077472686768,5.94599723815918,5.314130783081055,8000.0,1.9446742798140324,0.5921893493851768
sweep,1188-133604-0002,test-clean,1188,NB8,2,0.125,True,147.39108276367188,10.330893516540527,6.022712707519531,6.177311420440674,12.156765937805176,4406.25,-14.544605477964186,0.6331183699527518
sweep,1188-133604-0002,test-clean,1188,WB8,0,0.0,True,43.94319152832031,6.3834147453308105,6.452917098999023,6.464182376861572,5.798259735107422,8000.0,2.159643154148694,0.570557715750431
sweep,1188-133604-0003,test-clean,1188,NB8,2,0.125,True,172.42979431152344,11.249226570129395,6.1321821212768555,6.3482255935668945,13.539735794067383,4375.0,-17.88877553185871,0.6184326134740922
sweep,1188-133604-0003,test-clean,1188,WB8,0,0.0,True,45.66400909423828,6.553409099578857,6.467159748077393,6.540313720703125,6.155961990356445,8000.0,1.1145320062291484,0.5697143806228081
sweep,1188-133604-0011,test-clean,1188,NB8,2,0.125,True,148.2564697265625,10.358254432678223,5.8732757568359375,6.090116500854492,12.194167137145996,4343.75,-20.321037419072574,0.6355579183967742
sweep,1188-133604-0011,test-clean,1188,WB8,0,0.0,True,44.46076202392578,6.442923545837402,6.3518524169921875,6.416692733764648,5.965261459350586,8000.0,2.470655540723905,0.5744730059343641
sweep,1188-133604-0039,test-clean,1188,NB8,2,0.125,True,171.7357940673828,11.02426815032959,5.953557014465332,6.092872142791748,13.289165496826172,4406.25,-18.476098131246076,0.6222706693415653
sweep,1188-133604-0039,test-clean,1188,WB8,0,0.0,True,45.85712432861328,6.5199360847473145,6.563947677612305,6.606750011444092,5.977959156036377,8000.0,2.3571575250879837,0.5584974625710062
sweep,1188-133604-0040,test-clean,1188,NB8,2,0.125,True,143.88818359375,10.426621437072754,6.019780158996582,6.140908241271973,12.385319709777832,4312.5,-22.35300225271039,0.7143022739609944
sweep,1188-133604-0040,test-clean,1188,WB8,0,0.0,True,45.36130142211914,6.530842304229736,6.501472473144531,6.602401256561279,6.079634666442871,8000.0,0.32875717982889696,0.6100043195852664
sweep,1188-133604-0041,test-clean,1188,NB8,2,0.125,True,152.22964477539062,10.443984985351562,5.694690704345703,5.858185768127441,12.518832206726074,4375.0,-18.996321024712056,0.6397554880936139
sweep,1188-133604-0041,test-clean,1188,WB8,0,0.0,True,43.141204833984375,6.311463356018066,6.354727745056152,6.3638691902160645,5.737764835357666,8000.0,1.9949970074922776,0.5584042043922033
sweep,1188-133604-0044,test-clean,1188,NB8,2,0.125,True,104.66730499267578,8.381513595581055,5.682518005371094,5.671292781829834,9.05396842956543,4718.75,-19.708090149187566,0.6231845323580419
sweep,1188-133604-0044,test-clean,1188,WB8,0,0.0,True,35.011390686035156,5.5853271484375,6.134099960327148,6.0187225341796875,4.382154941558838,8000.0,2.46440318420486,0.5784708353474167
sweep,1221-135766-0000,test-clean,1221,NB8,2,0.125,True,479.94439697265625,20.99515151977539,6.745048999786377,7.319514274597168,28.622493743896484,4593.75,-20.986595578870503,0.6470049946450614
sweep,1221-135766-0000,test-clean,1221,WB8,0,0.0,True,64.92948150634766,8.025615692138672,7.095831871032715,7.288433074951172,8.654086112976074,8000.0,0.8561109794240815,0.5836953782551366
sweep,1221-135766-0007,test-clean,1221,NB8,2,0.125,True,400.89788818359375,19.055660247802734,6.6718974113464355,7.220424652099609,25.777292251586914,4562.5,-22.3385207257269,0.6889247624713132
sweep,1221-135766-0007,test-clean,1221,WB8,0,0.0,True,63.077388763427734,7.906570911407471,7.020855903625488,7.202062606811523,8.501143455505371,8000.0,0.32865468661915564,0.6154347554468579
sweep,1221-135767-0008,test-clean,1221,NB8,2,0.125,True,342.8145446777344,17.750755310058594,6.955638885498047,7.474106788635254,23.732126235961914,4781.25,-22.463672373868768,0.6970428105217681
sweep,1221-135767-0008,test-clean,1221,WB8,0,0.0,True,63.142066955566406,7.914750099182129,7.121684551239014,7.259027004241943,8.473104476928711,8000.0,-1.770265084534436,0.6052611288995065
sweep,1221-135767-0012,test-clean,1221,NB8,2,0.125,True,393.0885925292969,18.90213394165039,6.676473140716553,7.196937084197998,25.55963134765625,4375.0,-19.855470992423232,0.680822542328602
sweep,1221-135767-0012,test-clean,1221,WB8,0,0.0,True,61.99579620361328,7.841733455657959,6.9570488929748535,7.173755645751953,8.411867141723633,8000.0,0.5267968902007343,0.5859202913922795
sweep,1221-135767-0015,test-clean,1221,NB8,2,0.125,True,318.65313720703125,16.519420623779297,6.8765997886657715,7.327417373657227,21.8857479095459,4812.5,-23.179108078402034,0.6506020952657057
sweep,1221-135767-0015,test-clean,1221,WB8,0,0.0,True,62.33369827270508,7.857353687286377,7.026025772094727,7.208286762237549,8.400748252868652,8000.0,0.44554306389294085,0.5760098552172688
sweep,1221-135767-0019,test-clean,1221,NB8,2,0.125,True,310.94775390625,16.432987213134766,6.862992763519287,7.317684650421143,21.763765335083008,4687.5,-19.69369213156227,0.6700589177420317
sweep,1221-135767-0019,test-clean,1221,WB8,0,0.0,True,62.54599380493164,7.866110324859619,7.216202735900879,7.383692264556885,8.275407791137695,8000.0,0.22962465907208698,0.5943763411552053
sweep,1284-1180-0003,test-clean,1284,NB8,2,0.125,True,129.88671875,10.19094467163086,5.880069255828857,6.414095401763916,12.41598892211914,4562.5,-16.176830134009283,0.5994093383479575
sweep,1284-1180-0003,test-clean,1284,WB8,0,0.0,True,48.178401947021484,6.719228744506836,6.720714092254639,6.85157585144043,6.35875940322876,8000.0,2.890708636550951,0.5272644759650185
sweep,1284-1180-0007,test-clean,1284,NB8,2,0.125,True,144.5157470703125,10.299847602844238,5.776505470275879,6.201101779937744,12.46815299987793,4593.75,-14.656105258345598,0.6309502268886666
sweep,1284-1180-0007,test-clean,1284,WB8,0,0.0,True,47.536720275878906,6.570990085601807,6.727627277374268,6.7888360023498535,6.0042033195495605,8000.0,2.7093641897537655,0.4969323301463924
sweep,1284-1180-0008,test-clean,1284,NB8,2,0.125,True,110.55384826660156,9.2923002243042,5.865389823913574,6.352374076843262,10.866960525512695,4562.5,-16.445281570627593,0.616762346366007
sweep,1284-1180-0008,test-clean,1284,WB8,0,0.0,True,46.38364028930664,6.60319709777832,6.734521865844727,6.890904903411865,6.006725311279297,8000.0,3.0845006268468342,0.5200375316002652
sweep,1284-1180-0011,test-clean,1284,NB8,2,0.125,True,173.1970977783203,11.204026222229004,5.767828941345215,6.126745700836182,13.881460189819336,4593.75,-15.615663406118498,0.5647449202192971
sweep,1284-1180-0011,test-clean,1284,WB8,0,0.0,True,47.86503982543945,6.48237943649292,6.529688835144043,6.585301399230957,6.080953121185303,8000.0,2.15960547178451,0.4811973662170489
sweep,1284-1180-0013,test-clean,1284,NB8,2,0.125,True,162.30001831054688,11.158477783203125,5.90557861328125,6.239838123321533,13.971585273742676,4750.0,-10.904408298916898,0.5800732475447862
sweep,1284-1180-0013,test-clean,1284,WB8,0,0.0,True,52.47608184814453,6.750808238983154,6.703213691711426,6.727712631225586,6.515235900878906,8000.0,1.4173725404852622,0.4888799387549041
sweep,1284-1180-0014,test-clean,1284,NB8,2,0.125,True,127.2396240234375,9.948707580566406,5.827363967895508,6.217967510223389,12.05914306640625,4562.5,-15.441388292426609,0.6039250963402966
sweep,1284-1180-0014,test-clean,1284,WB8,0,0.0,True,46.27631378173828,6.498800754547119,6.488047122955322,6.5337700843811035,6.187530517578125,8000.0,2.521141785403334,0.5522045287910139
sweep,1284-1180-0015,test-clean,1284,NB8,2,0.125,True,205.8019256591797,12.638917922973633,5.959558963775635,6.456780433654785,16.01392364501953,4718.75,-14.58006892493259,0.6910987784130216
sweep,1284-1180-0015,test-clean,1284,WB8,0,0.0,True,52.64830780029297,6.986580848693848,6.76160192489624,6.884370803833008,6.823001384735107,8000.0,1.6047474893324707,0.5852430245707007
sweep,1284-1180-0016,test-clean,1284,NB8,2,0.125,True,144.745849609375,9.683394432067871,5.594317436218262,5.876048564910889,11.371991157531738,4468.75,-25.823684388334925,0.575703334805972
sweep,1284-1180-0016,test-clean,1284,WB8,0,0.0,True,39.48225402832031,5.839440822601318,5.98815393447876,5.981684684753418,5.264225959777832,8000.0,2.3966628086695625,0.4946263260393739
sweep,1284-1180-0020,test-clean,1284,NB8,2,0.125,True,205.2957763671875,13.1115083694458,6.388237476348877,6.9191107749938965,16.753610610961914,4531.25,-14.538330619320819,0.5835602931149017
sweep,1284-1180-0020,test-clean,1284,WB8,0,0.0,True,57.330501556396484,7.437629699707031,7.14572286605835,7.293817520141602,7.414272785186768,8000.0,1.907469775031285,0.5060430219391777
sweep,1284-1180-0022,test-clean,1284,NB8,2,0.125,True,193.74456787109375,13.00162410736084,6.516602516174316,6.989950180053711,16.628084182739258,4750.0,-12.732157270090658,0.6352949883988837
sweep,1284-1180-0022,test-clean,1284,WB8,0,0.0,True,57.223289489746094,7.441287040710449,7.084099769592285,7.171971321105957,7.553133010864258,8000.0,-0.1436610858229923,0.6171328005237054
sweep,1284-1180-0023,test-clean,1284,NB8,2,0.125,True,189.9852752685547,12.585555076599121,6.390763759613037,6.74738073348999,16.03135871887207,4781.25,-13.168205579589499,0.6349942620512451
sweep,1284-1180-0023,test-clean,1284,WB8,0,0.0,True,57.474613189697266,7.333014965057373,7.196735382080078,7.234824180603027,7.220168113708496,8000.0,-0.17370409480907706,0.5263118315333477
sweep,1284-1180-0024,test-clean,1284,NB8,2,0.125,True,157.51202392578125,10.93056583404541,6.148537635803223,6.4951629638671875,13.366381645202637,4625.0,-16.971851698651545,0.6228795409944788
sweep,1284-1180-0024,test-clean,1284,WB8,0,0.0,True,50.16902160644531,6.852435111999512,6.958025932312012,7.029256820678711,6.383937835693359,8000.0,1.2332330004514849,0.5223374595810136
sweep,1284-1180-0029,test-clean,1284,NB8,2,0.125,True,256.2467041015625,14.621578216552734,6.341681957244873,6.907831192016602,19.048067092895508,4531.25,-16.681584526471752,0.6305562468049598
sweep,1284-1180-0029,test-clean,1284,WB8,0,0.0,True,58.52600860595703,7.547932147979736,7.093020915985107,7.289421081542969,7.657754898071289,8000.0,1.5136570299329826,0.5574135455655693
sweep,1284-1180-0030,test-clean,1284,NB8,2,0.125,True,177.77731323242188,12.082353591918945,6.2017059326171875,6.736073970794678,15.190031051635742,4593.75,-13.909613618558684,0.6413194105430925
sweep,1284-1180-0030,test-clean,1284,WB8,0,0.0,True,55.698421478271484,7.332932472229004,7.073055744171143,7.227102279663086,7.24595832824707,8000.0,2.119676639845924,0.5354861653467767
sweep,1284-1181-0003,test-clean,1284,NB8,2,0.125,True,138.33811950683594,10.475899696350098,6.267122268676758,6.6873273849487305,12.594985008239746,4687.5,-14.255160380771857,0.6363333608637131
sweep,1284-1181-0003,test-clean,1284,WB8,0,0.0,True,49.665855407714844,6.90650749206543,6.950839996337891,7.0841498374938965,6.474669456481934,8000.0,1.4390264215155062,0.5765255603063952
sweep,1284-1181-0008,test-clean,1284,NB8,2,0.125,True,143.0430145263672,10.405734062194824,5.8341851234436035,6.243713855743408,12.69546890258789,4656.25,-13.402713908129677,0.6364215224425311
sweep,1284-1181-0008,test-clean,1284,WB8,0,0.0,True,46.61174774169922,6.527915000915527,6.5453643798828125,6.657569885253906,6.131927490234375,8000.0,0.48544225203470304,0.5727138114870018
sweep,1284-1181-0011,test-clean,1284,NB8,2,0.125,True,176.95594787597656,11.74893569946289,6.095422267913818,6.484451770782471,14.7407865524292,4500.0,-17.765276816073936,0.596906794413994
sweep,1284-1181-0011,test-clean,1284,WB8,0,0.0,True,52.85260009765625,7.0463104248046875,6.992708683013916,7.089120864868164,6.770137786865234,8000.0,3.0395843861584027,0.5012835342290497
sweep,1284-1181-0012,test-clean,1284,NB8,2,0.125,True,148.87232971191406,10.51054859161377,5.956450462341309,6.302984714508057,12.761500358581543,4468.75,-19.023046793819294,0.617634966573454
sweep,1284-1181-0012,test-clean,1284,WB8,0,0.0,True,49.08551025390625,6.726848125457764,6.832503318786621,6.881365776062012,6.250493049621582,8000.0,3.4451261520761456,0.5121642394671401
sweep,1284-1181-0014,test-clean,1284,NB8,2,0.125,True,184.203125,12.009184837341309,5.996963024139404,6.4763312339782715,15.137986183166504,4468.75,-16.714024030489455,0.6413296445346301
sweep,1284-1181-0014,test-clean,1284,WB8,0,0.0,True,54.12345504760742,7.166300296783447,6.841336250305176,7.03318977355957,7.0706915855407715,8000.0,2.08614148243481,0.5476258640070271
sweep,1284-1181-0015,test-clean,1284,NB8,2,0.125,True,122.2745132446289,9.400042533874512,5.688270092010498,6.072332382202148,11.163825035095215,4593.75,-17.030248108175275,0.5728793269080497
sweep,1284-1181-0015,test-clean,1284,WB8,0,0.0,True,45.8723258972168,6.414974212646484,6.579620361328125,6.687608242034912,5.837033271789551,8000.0,1.2760074579071967,0.5025143594131476
sweep,1284-1181-0016,test-clean,1284,NB8,2,0.125,True,163.7683868408203,11.02759838104248,5.875980377197266,6.301904678344727,13.529343605041504,4656.25,-16.612215312788827,0.6004398081659976
sweep,1284-1181-0016,test-clean,1284,WB8,0,0.0,True,48.90353012084961,6.6901044845581055,6.5814642906188965,6.683413028717041,6.3612823486328125,8000.0,2.21182605920731,0.5318199231794967
sweep,1284-1181-0019,test-clean,1284,NB8,2,0.125,True,214.93365478515625,13.657068252563477,6.537923336029053,7.110404968261719,17.587417602539062,4437.5,-19.02228552487993,0.5836077764267666
sweep,1284-1181-0019,test-clean,1284,WB8,0,0.0,True,59.916255950927734,7.66132926940918,7.148142337799072,7.308653831481934,7.872572898864746,8000.0,1.218675105483846,0.5293412601188354
sweep,1284-1181-0021,test-clean,1284,NB8,2,0.125,True,210.6146697998047,12.454347610473633,5.8913679122924805,6.276816368103027,15.875956535339355,4343.75,-21.452423140890907,0.6069528017611876
sweep,1284-1181-0021,test-clean,1284,WB8,0,0.0,True,51.094146728515625,6.927642345428467,6.761841773986816,6.887948989868164,6.766691207885742,8000.0,2.5412627062547926,0.5687841464811919
sweep,1284-134647-0003,test-clean,1284,NB8,2,0.125,True,97.27393341064453,8.646015167236328,6.190395832061768,6.422030448913574,9.663254737854004,4562.5,-19.0452439148934,0.5950394336142677
sweep,1284-134647-0003,test-clean,1284,WB8,0,0.0,True,43.61909103393555,6.423403263092041,6.925961017608643,7.000042915344238,5.536983966827393,8000.0,2.6510209186882996,0.5219249668681976
sweep,1320-122612-0000,test-clean,1320,NB8,2,0.125,True,194.22427368164062,12.076895713806152,6.213612079620361,6.6973490715026855,15.124784469604492,4312.5,-21.526473061686026,0.6458862663694862
sweep,1320-122612-0000,test-clean,1320,WB8,0,0.0,True,54.35602569580078,7.230535984039307,6.892694473266602,7.112951755523682,7.105806827545166,8000.0,2.5093888112290768,0.5499507983637073
sweep,1320-122612-0012,test-clean,1320,NB8,2,0.125,True,97.52210998535156,8.016616821289062,5.643526554107666,5.920775413513184,8.716723442077637,4531.25,-16.457024303886,0.6264438725816482
sweep,1320-122612-0012,test-clean,1320,WB8,0,0.0,True,35.04560470581055,5.639352321624756,6.195844650268555,6.212819576263428,4.607321739196777,8000.0,2.423009512812241,0.5676406822700891
sweep,1320-122612-0016,test-clean,1320,NB8,2,0.125,True,225.05020141601562,13.209358215332031,6.638342380523682,7.131339073181152,16.754758834838867,4312.5,-20.144766929802724,0.6551819680606412
sweep,1320-122612-0016,test-clean,1320,WB8,0,0.0,True,56.47224044799805,7.424200057983398,7.076712608337402,7.231247425079346,7.457151889801025,8000.0,2.406456812818653,0.6004881444793653
sweep,1320-122617-0003,test-clean,1320,NB8,2,0.125,True,127.08418273925781,9.610618591308594,6.017539978027344,6.469291687011719,11.190827369689941,4375.0,-17.885516616757467,0.6005562922172258
sweep,1320-122617-0003,test-clean,1320,WB8,0,0.0,True,44.701602935791016,6.530500888824463,6.573374271392822,6.739002227783203,6.054034233093262,8000.0,2.7502073042371133,0.5538502293631149
sweep,1320-122617-0004,test-clean,1320,NB8,2,0.125,True,151.63409423828125,10.655927658081055,5.9740471839904785,6.426616191864014,12.923356056213379,4531.25,-16.764332431189366,0.6336896047957645
sweep,1320-122617-0004,test-clean,1320,WB8,0,0.0,True,48.7506217956543,6.835457801818848,6.7972612380981445,6.964268207550049,6.434633731842041,8000.0,2.530823016198083,0.5600126208823277
sweep,1320-122617-0006,test-clean,1320,NB8,2,0.125,True,93.85531616210938,8.467485427856445,6.160923957824707,6.5578765869140625,9.189939498901367,4406.25,-19.561451757196902,0.6181494083345291
sweep,1320-122617-0006,test-clean,1320,WB8,0,0.0,True,43.41179656982422,6.451084136962891,6.689346790313721,6.838991641998291,5.693729877471924,8000.0,1.65664213299729,0.5950878552978189
sweep,1320-122617-0007,test-clean,1320,NB8,2,0.125,True,116.51841735839844,9.287541389465332,5.8840155601501465,6.346314430236816,10.815421104431152,4375.0,-18.41221549518108,0.6249826655164703
sweep,1320-122617-0007,test-clean,1320,WB8,0,0.0,True,46.83254623413086,6.656184196472168,6.705937385559082,6.889098167419434,6.140735149383545,8000.0,3.39049495123531,0.544980599279838
sweep,1320-122617-0011,test-clean,1320,NB8,2,0.125,True,125.6426773071289,9.799732208251953,6.137603282928467,6.615572452545166,11.481856346130371,4531.25,-15.99529959371689,0.5708842951795494
sweep,1320-122617-0011,test-clean,1320,WB8,0,0.0,True,49.134254455566406,6.881052494049072,6.980678081512451,7.123818397521973,6.395893573760986,8000.0,2.7791282123674854,0.5026268520283147
sweep,1320-122617-0012,test-clean,1320,NB8,2,0.125,True,82.1675033569336,7.698201656341553,5.8365912437438965,6.123464584350586,8.152593612670898,4625.0,-14.87618590421362,0.5873854440107095
sweep,1320-122617-0012,test-clean,1320,WB8,0,0.0,True,38.89265441894531,6.0082292556762695,6.594847202301025,6.660604476928711,4.93117618560791,8000.0,3.025801546901202,0.5177618865195747
sweep,1320-122617-0016,test-clean,1320,NB8,2,0.125,True,115.38709259033203,9.43193244934082,5.991981506347656,6.489146709442139,10.964323997497559,4500.0,-18.128781770929432,0.6503607133071897
sweep,1320-122617-0016,test-clean,1320,WB8,0,0.0,True,45.62662887573242,6.586662769317627,6.6682658195495605,6.8348517417907715,6.052124500274658,8000.0,2.0671918348630096,0.5772018082159774
sweep,1320-122617-0018,test-clean,1320,NB8,2,0.125,True,89.36210632324219,7.921314239501953,5.651372909545898,6.0006513595581055,8.608339309692383,4375.0,-21.415767711534976,0.6526468909187828
sweep,1320-122617-0018,test-clean,1320,WB8,0,0.0,True,39.04061508178711,6.002087593078613,6.452899932861328,6.538635730743408,5.023700714111328,8000.0,2.4813573041455537,0.5333183631183452
sweep,1320-122617-0022,test-clean,1320,NB8,2,0.125,True,82.8685302734375,7.446988582611084,5.408918380737305,5.70252799987793,7.976093292236328,4718.75,-15.635554746925164,0.6085010179200737
sweep,1320-122617-0022,test-clean,1320,WB8,0,0.0,True,36.166812896728516,5.666013240814209,6.083656311035156,6.174078464508057,4.658406734466553,8000.0,2.4072760900144328,0.5496240760919895
sweep,1320-122617-0027,test-clean,1320,NB8,2,0.125,True,158.37237548828125,10.683106422424316,5.890594959259033,6.366799831390381,12.905746459960938,4406.25,-19.097212569670234,0.6153461827622558
sweep,1320-122617-0027,test-clean,1320,WB8,0,0.0,True,46.91614532470703,6.664761543273926,6.638080596923828,6.840008735656738,6.220982074737549,8000.0,1.8628864504272002,0.5525397145040072
sweep,1320-122617-0030,test-clean,1320,NB8,2,0.125,True,138.38064575195312,9.86291217803955,6.005081653594971,6.36575984954834,11.519255638122559,4812.5,-12.777173824674326,0.6070394474998031
sweep,1320-122617-0030,test-clean,1320,WB8,0,0.0,True,44.969417572021484,6.44721794128418,6.582077980041504,6.6642889976501465,5.895347595214844,8000.0,3.0142640286954334,0.5483607284850487
sweep,1320-122617-0037,test-clean,1320,NB8,2,0.125,True,85.46272277832031,7.851924896240234,5.643188953399658,6.102356910705566,8.458674430847168,4656.25,-14.812752475920192,0.6204796312904594
sweep,1320-122617-0037,test-clean,1320,WB8,0,0.0,True,38.75741195678711,5.985415458679199,6.367746353149414,6.525619029998779,5.0493268966674805,8000.0,2.845411447737672,0.5496862095145939
sweep,1320-122617-0040,test-clean,1320,NB8,2,0.125,True,128.93370056152344,9.997661590576172,6.04722785949707,6.517583847045898,11.913543701171875,4656.25,-14.920468613360331,0.6383476332214965
sweep,1320-122617-0040,test-clean,1320,WB8,0,0.0,True,48.55095291137695,6.846667289733887,6.8442254066467285,7.03033971786499,6.444127082824707,8000.0,2.798372223860566,0.5593113717887346
sweep,1320-122617-0041,test-clean,1320,NB8,2,0.125,True,179.34347534179688,11.69086742401123,6.2721991539001465,6.796985626220703,14.418990135192871,4375.0,-19.618196951158396,0.5827320697934366
sweep,1320-122617-0041,test-clean,1320,WB8,0,0.0,True,52.79172897338867,7.171294212341309,6.956700325012207,7.191076278686523,7.003155708312988,8000.0,3.142989870538467,0.5066360275298812
sweep,1580-141083-0005,test-clean,1580,NB8,2,0.125,True,209.65451049804688,13.090765953063965,6.697080135345459,7.191910743713379,16.473751068115234,4562.5,-17.534881675609427,0.6994474631410031
sweep,1580-141083-0005,test-clean,1580,WB8,0,0.0,True,57.461727142333984,7.51788330078125,6.959173202514648,7.176060199737549,7.736706256866455,8000.0,1.0049533537849227,0.6921867884896595
sweep,1580-141083-0006,test-clean,1580,NB8,2,0.125,True,290.2416076660156,15.529831886291504,6.7045111656188965,7.239089012145996,20.361791610717773,4531.25,-17.038586731784928,0.6779010636305492
sweep,1580-141083-0006,test-clean,1580,WB8,0,0.0,True,61.43437194824219,7.791861057281494,6.965496063232422,7.180866241455078,8.27780818939209,8000.0,0.9109452919754975,0.6436730114661742
sweep,1580-141083-0008,test-clean,1580,NB8,2,0.125,True,228.4932098388672,13.4630708694458,6.788820743560791,7.2601823806762695,16.960079193115234,4781.25,-16.888450431528994,0.5974659125689855
sweep,1580-141083-0008,test-clean,1580,WB8,0,0.0,True,54.475791931152344,7.3055291175842285,6.9015092849731445,7.117919445037842,7.3615007400512695,8000.0,0.40871856507112647,0.5982928958010281
sweep,1580-141083-0013,test-clean,1580,NB8,2,0.125,True,196.2127227783203,12.210417747497559,6.423898696899414,6.813855171203613,15.13499641418457,4625.0,-14.398902688058875,0.7277609566803873
sweep,1580-141083-0013,test-clean,1580,WB8,0,0.0,True,52.634727478027344,7.116253852844238,6.825738430023193,6.980045795440674,7.040546894073486,8000.0,0.4800022381492803,0.6681481883777439
sweep,1580-141083-0018,test-clean,1580,NB8,2,0.125,True,292.5468444824219,14.984204292297363,6.745016098022461,7.108277320861816,19.275325775146484,4656.25,-12.865357770044607,0.6712421834295175
sweep,1580-141083-0018,test-clean,1580,WB8,0,0.0,True,58.66560363769531,7.542829990386963,7.04052734375,7.207540035247803,7.721909999847412,8000.0,0.5689345282545368,0.6329989327299668
sweep,1580-141083-0019,test-clean,1580,NB8,2,0.125,True,248.63841247558594,13.927684783935547,6.629205703735352,7.064957618713379,17.79053497314453,4562.5,-14.692366568953608,0.6445358761321109
sweep,1580-141083-0019,test-clean,1580,WB8,0,0.0,True,57.45416259765625,7.489022731781006,6.932961463928223,7.088962554931641,7.708564758300781,8000.0,2.0672538775865332,0.6051952762169736
sweep,1580-141083-0028,test-clean,1580,NB8,2,0.125,True,298.3084716796875,15.242395401000977,6.602946758270264,6.894266605377197,19.78739356994629,4375.0,-15.422868937587955,0.684611868455582
sweep,1580-141083-0028,test-clean,1580,WB8,0,0.0,True,55.82670593261719,7.303828239440918,6.838566303253174,6.968790531158447,7.436663627624512,8000.0,-0.4223134930128076,0.6742728897805371
sweep,1580-141083-0029,test-clean,1580,NB8,2,0.125,True,188.8060302734375,12.165085792541504,6.386865615844727,6.848718643188477,15.189502716064453,4562.5,-16.025063163684326,0.6916086081823002
sweep,1580-141083-0029,test-clean,1580,WB8,0,0.0,True,54.25687789916992,7.235768795013428,6.896484375,7.064227104187012,7.228882789611816,8000.0,0.10133343689130249,0.6347852553280016
sweep,1580-141083-0033,test-clean,1580,NB8,2,0.125,True,242.36297607421875,14.104585647583008,6.581406116485596,7.069747447967529,18.22334861755371,4593.75,-14.438363158577722,0.6641307678664696
sweep,1580-141083-0033,test-clean,1580,WB8,0,0.0,True,57.40570831298828,7.514646053314209,6.9596357345581055,7.1073222160339355,7.792937278747559,8000.0,0.5574696420736869,0.594561371195872
sweep,1580-141083-0034,test-clean,1580,NB8,2,0.125,True,231.0398712158203,13.715032577514648,6.526006698608398,7.085646152496338,17.64642333984375,4500.0,-17.92227258008018,0.6603568346103764
sweep,1580-141083-0034,test-clean,1580,WB8,0,0.0,True,58.0156135559082,7.560204982757568,6.921338081359863,7.111059665679932,7.890887260437012,8000.0,1.3947582884633578,0.6015584882168048
sweep,1580-141083-0035,test-clean,1580,NB8,2,0.125,True,223.15260314941406,12.879717826843262,6.365701198577881,6.781680107116699,16.266380310058594,4750.0,-11.924634134935454,0.6883236206022039
sweep,1580-141083-0035,test-clean,1580,WB8,0,0.0,True,52.41429138183594,7.085771083831787,6.862419128417969,6.986664295196533,7.0061564445495605,8000.0,1.2606826249242673,0.5957630269777552
sweep,1580-141083-0045,test-clean,1580,NB8,2,0.125,True,257.5782165527344,14.0863618850708,6.640892505645752,7.083273410797119,18.049697875976562,4468.75,-18.57259208112,0.6392462802467451
sweep,1580-141083-0045,test-clean,1580,WB8,0,0.0,True,54.66999053955078,7.308176517486572,6.833798408508301,6.998778343200684,7.489372730255127,8000.0,0.8302693189934252,0.6047838863822204
sweep,1580-141083-0047,test-clean,1580,NB8,2,0.125,True,270.5235595703125,14.552470207214355,6.930842399597168,7.412302017211914,18.58491325378418,4656.25,-16.008750735329258,0.6463376937214331
sweep,1580-141083-0047,test-clean,1580,WB8,0,0.0,True,58.37046432495117,7.583913326263428,7.087432384490967,7.267025470733643,7.801938533782959,8000.0,-0.08080614200082532,0.6139152739033383
sweep,1580-141083-0049,test-clean,1580,NB8,2,0.125,True,215.42391967773438,12.827722549438477,7.255995273590088,7.585160255432129,15.727967262268066,4625.0,-15.718516785504978,0.692951155688388
sweep,1580-141083-0049,test-clean,1580,WB8,0,0.0,True,55.459678649902344,7.377870082855225,7.007376670837402,7.174747467041016,7.468498706817627,8000.0,-0.2786650064092987,0.675872771060894
sweep,1580-141083-0051,test-clean,1580,NB8,2,0.125,True,379.162353515625,18.385326385498047,6.994514465332031,7.470932483673096,24.628171920776367,4500.0,-17.013497096518645,0.7097068452605919
sweep,1580-141083-0051,test-clean,1580,WB8,0,0.0,True,66.9543228149414,8.12458324432373,7.196709156036377,7.411447525024414,8.705256462097168,8000.0,0.32101974187576965,0.6080494839825172
sweep,1580-141084-0001,test-clean,1580,NB8,2,0.125,True,366.729736328125,17.157533645629883,6.932998180389404,7.387584686279297,22.625242233276367,4468.75,-24.174491970598403,0.6866158101015489
sweep,1580-141084-0001,test-clean,1580,WB8,0,0.0,True,60.559852600097656,7.7205963134765625,7.05371618270874,7.221986770629883,8.106269836425781,8000.0,0.2032644377092972,0.6047118701188715
sweep,1580-141084-0004,test-clean,1580,NB8,2,0.125,True,347.74456787109375,17.115238189697266,6.499454975128174,7.068103790283203,22.83987045288086,4437.5,-19.817529681190948,0.6873132638154059
sweep,1580-141084-0004,test-clean,1580,WB8,0,0.0,True,59.21587371826172,7.645773887634277,6.742012977600098,6.979206562042236,8.183733940124512,8000.0,0.7413603986607584,0.628359053169974
sweep,1580-141084-0005,test-clean,1580,NB8,2,0.125,True,248.01437377929688,14.06679630279541,6.924739837646484,7.317544937133789,17.846534729003906,4468.75,-16.34052435877083,0.6955297787787704
sweep,1580-141084-0005,test-clean,1580,WB8,0,0.0,True,56.191341400146484,7.406561851501465,7.041647911071777,7.1800150871276855,7.52606725692749,8000.0,-1.0003994569572432,0.7046396247443536
sweep,1580-141084-0006,test-clean,1580,NB8,2,0.125,True,378.50970458984375,17.63327407836914,6.940908432006836,7.354618072509766,23.37488555908203,4593.75,-18.779296093993807,0.645855046012769
sweep,1580-141084-0006,test-clean,1580,WB8,0,0.0,True,62.45595169067383,7.8198065757751465,7.364826679229736,7.51989221572876,7.997215747833252,8000.0,1.7960472882058705,0.5779346249733701
sweep,1580-141084-0007,test-clean,1580,NB8,2,0.125,True,406.0655822753906,18.098541259765625,6.789841651916504,7.236300468444824,23.95206642150879,4625.0,-18.48532452446951,0.6510841314129677
sweep,1580-141084-0007,test-clean,1580,WB8,0,0.0,True,61.232505798339844,7.7397003173828125,7.134433269500732,7.297483921051025,8.045736312866211,8000.0,1.693664439175877,0.5676520070442104
sweep,1580-141084-0009,test-clean,1580,NB8,2,0.125,True,282.9772033691406,14.694554328918457,6.3790106773376465,6.75553035736084,19.004823684692383,4562.5,-19.58997398475993,0.6685325136229806
sweep,1580-141084-0009,test-clean,1580,WB8,0,0.0,True,51.76799011230469,7.103389263153076,6.614802360534668,6.7913923263549805,7.247178554534912,8000.0,1.1701502224756666,0.6480923716266116
sweep,1580-141084-0013,test-clean,1580,NB8,2,0.125,True,297.57305908203125,15.423028945922852,6.696448802947998,7.161108493804932,20.073823928833008,4718.75,-18.03412530300705,0.6659703465024838
sweep,1580-141084-0013,test-clean,1580,WB8,0,0.0,True,56.85074996948242,7.482091903686523,6.89571475982666,7.0857625007629395,7.758511543273926,8000.0,0.32209803466580045,0.6086816220956346
sweep,1580-141084-0014,test-clean,1580,NB8,2,0.125,True,320.1136779785156,15.384513854980469,6.618126392364502,7.008172035217285,19.799671173095703,4500.0,-22.45199250681965,0.6910007391132239
sweep,1580-141084-0014,test-clean,1580,WB8,0,0.0,True,55.34697723388672,7.345178127288818,6.983497619628906,7.159501552581787,7.377777576446533,8000.0,2.051346389264968,0.6346336269070034
sweep,1580-141084-0016,test-clean,1580,NB8,2,0.125,True,298.88323974609375,15.315105438232422,6.533405303955078,6.983962059020996,19.980417251586914,4562.5,-19.565849989313243,0.6807552813178709
sweep,1580-141084-0016,test-clean,1580,WB8,0,0.0,True,56.4188117980957,7.433847904205322,6.931870460510254,7.079450607299805,7.658158779144287,8000.0,1.6311385196925463,0.5813438162991679
sweep,1580-141084-0030,test-clean,1580,NB8,2,0.125,True,387.952392578125,17.342815399169922,6.487829208374023,6.914550304412842,22.888212203979492,4562.5,-14.232552187157745,0.6895989076659929
sweep,1580-141084-0030,test-clean,1580,WB8,0,0.0,True,57.137237548828125,7.448807239532471,6.74662446975708,6.966248035430908,7.779990196228027,8000.0,0.36135660644655443,0.5927319749611204
sweep,1580-141084-0031,test-clean,1580,NB8,2,0.125,True,211.59873962402344,12.968415260314941,6.390192031860352,6.868946552276611,16.448444366455078,4562.5,-17.256955963211077,0.641279858175285
sweep,1580-141084-0031,test-clean,1580,WB8,0,0.0,True,54.38109588623047,7.2376580238342285,6.807341575622559,6.930269241333008,7.351036548614502,8000.0,1.882702014601751,0.6163557546177107
sweep,1580-141084-0036,test-clean,1580,NB8,2,0.125,True,296.0513916015625,16.368511199951172,6.863847255706787,7.365781784057617,21.629243850708008,4875.0,-13.072833543778717,0.6454979456796868
sweep,1580-141084-0036,test-clean,1580,WB8,0,0.0,True,62.21231460571289,7.78806734085083,6.998039722442627,7.2009382247924805,8.229104995727539,8000.0,-1.5207360796875602,0.6398292822855278
sweep,1580-141084-0037,test-clean,1580,NB8,2,0.125,True,296.819091796875,15.751893997192383,6.402153491973877,6.910449028015137,20.72686195373535,4625.0,-17.0624723874333,0.7040844428773415
sweep,1580-141084-0037,test-clean,1580,WB8,0,0.0,True,56.923763275146484,7.486512184143066,6.75101375579834,6.877074241638184,7.933009147644043,8000.0,0.8817825956743429,0.6437680296097804
sweep,1580-141084-0039,test-clean,1580,NB8,2,0.125,True,370.2457275390625,17.208951950073242,6.491781234741211,6.999878406524658,22.78872299194336,4500.0,-18.84222075187107,0.6701562790678204
sweep,1580-141084-0039,test-clean,1580,WB8,0,0.0,True,57.8445930480957,7.532784461975098,6.8096137046813965,6.993695259094238,7.929532051086426,8000.0,0.804511192108027,0.6231380089777425
sweep,1580-141084-0047,test-clean,1580,NB8,2,0.125,True,294.5063171386719,15.357620239257812,6.496538162231445,7.010869979858398,20.123077392578125,4562.5,-17.27800304335381,0.6709885416745246
sweep,1580-141084-0047,test-clean,1580,WB8,0,0.0,True,56.48258972167969,7.44488525390625,6.800993919372559,7.038814544677734,7.729076385498047,8000.0,0.8857168413917605,0.6392698981825093
sweep,1995-1826-0000,test-clean,1995,NB8,2,0.125,True,155.4268798828125,10.866726875305176,5.86021089553833,6.2100090980529785,13.68931770324707,4500.0,-25.42870338420162,0.5983050393569871
sweep,1995-1826-0000,test-clean,1995,WB8,0,0.0,True,49.85215759277344,6.729081153869629,6.479403972625732,6.587559223175049,6.7469987869262695,8000.0,2.089693562970332,0.5085317641168079
sweep,1995-1826-0003,test-clean,1995,NB8,2,0.125,True,195.23788452148438,12.346641540527344,6.243735313415527,6.627462387084961,15.700645446777344,4562.5,-16.96592901926776,0.6030209738520627
sweep,1995-1826-0003,test-clean,1995,WB8,0,0.0,True,52.460121154785156,7.059985160827637,6.641848087310791,6.780006408691406,7.229877948760986,8000.0,0.7104405897388154,0.5789582968673735
sweep,1995-1826-0004,test-clean,1995,NB8,2,0.125,True,136.04910278320312,9.689120292663574,5.516842842102051,5.868824005126953,11.889059066772461,4312.5,-23.3745985339659,0.6119899658144384
sweep,1995-1826-0004,test-clean,1995,WB8,0,0.0,True,44.9539680480957,6.249403953552246,6.085903167724609,6.203248500823975,6.155033111572266,8000.0,1.582291687893982,0.584584513378195
sweep,1995-1826-0006,test-clean,1995,NB8,2,0.125,True,147.0919647216797,10.051494598388672,5.389737606048584,5.618259906768799,12.56047534942627,4468.75,-17.0142368474107,0.6374954922768485
sweep,1995-1826-0006,test-clean,1995,WB8,0,0.0,True,44.39202880859375,6.088876247406006,5.891206741333008,5.950045585632324,6.0263776779174805,8000.0,-0.10990603556270892,0.5827340554665305
sweep,1995-1826-0007,test-clean,1995,NB8,2,0.125,True,192.79798889160156,11.828836441040039,5.708856582641602,6.082013130187988,15.097696304321289,4687.5,-19.038863336313383,0.6463696138871992
sweep,1995-1826-0007,test-clean,1995,WB8,0,0.0,True,47.98880386352539,6.514134407043457,6.116666793823242,6.246729373931885,6.582611560821533,8000.0,1.8777807407237912,0.5945356056362211
sweep,1995-1826-0011,test-clean,1995,NB8,2,0.125,True,172.71400451660156,11.413756370544434,5.6122660636901855,6.079153537750244,14.589178085327148,4593.75,-14.732075599429182,0.6234583616804976
sweep,1995-1826-0011,test-clean,1995,WB8,0,0.0,True,49.2178955078125,6.635432720184326,6.175023555755615,6.35233211517334,6.755495548248291,8000.0,1.8092961383627446,0.5463343199843129
sweep,1995-1826-0012,test-clean,1995,NB8,2,0.125,True,173.87664794921875,11.616495132446289,6.109916687011719,6.520788669586182,14.735835075378418,4531.25,-21.221040306004312,0.5559299366594991
sweep,1995-1826-0012,test-clean,1995,WB8,0,0.0,True,52.854434967041016,6.9811224937438965,6.654348850250244,6.780003547668457,7.058591365814209,8000.0,2.2636259489958825,0.4980479530849215
sweep,1995-1826-0013,test-clean,1995,NB8,2,0.125,True,174.13119506835938,11.787353515625,6.147768974304199,6.523190498352051,14.964168548583984,4656.25,-15.20230508070342,0.5998884949066221
sweep,1995-1826-0013,test-clean,1995,WB8,0,0.0,True,52.107025146484375,7.003639221191406,6.669161319732666,6.764259338378906,7.123587608337402,8000.0,2.084771731331059,0.5189201509572341
sweep,1995-1826-0015,test-clean,1995,NB8,2,0.125,True,212.8409423828125,12.885969161987305,5.965908527374268,6.330791473388672,16.684906005859375,4562.5,-17.125269230013952,0.6376401617702293
sweep,1995-1826-0015,test-clean,1995,WB8,0,0.0,True,51.56126403808594,6.886240005493164,6.463103294372559,6.611207962036133,6.999141216278076,8000.0,2.336551280485587,0.5511587339977412
sweep,1995-1826-0016,test-clean,1995,NB8,2,0.125,True,149.09341430664062,10.49264144897461,5.753964900970459,6.0773234367370605,13.128005027770996,4531.25,-18.393679964917606,0.586700137921457
sweep,1995-1826-0016,test-clean,1995,WB8,0,0.0,True,47.49503707885742,6.519237041473389,6.371400356292725,6.444578170776367,6.459675312042236,8000.0,1.5526418173121628,0.5173388830946567
sweep,1995-1826-0017,test-clean,1995,NB8,2,0.125,True,203.3332977294922,12.218053817749023,6.040273666381836,6.4057416915893555,15.595911026000977,4500.0,-20.509189648253788,0.5858297992679065
sweep,1995-1826-0017,test-clean,1995,WB8,0,0.0,True,52.417442321777344,6.91726541519165,6.512930393218994,6.671196937561035,7.025634288787842,8000.0,1.9950956467711207,0.5302961755368234
sweep,1995-1826-0018,test-clean,1995,NB8,2,0.125,True,202.71714782714844,12.383055686950684,5.871058940887451,6.242519855499268,15.979227066040039,4531.25,-19.569015841413503,0.5811353562109036
sweep,1995-1826-0018,test-clean,1995,WB8,0,0.0,True,52.56481170654297,6.938452243804932,6.516749382019043,6.625107765197754,7.1130146980285645,8000.0,2.6074341098869165,0.4984773716032157
sweep,1995-1826-0020,test-clean,1995,NB8,2,0.125,True,137.30296325683594,9.978456497192383,5.437366485595703,5.785432815551758,12.497865676879883,4625.0,-19.976474674614742,0.6582159327273126
sweep,1995-1826-0020,test-clean,1995,WB8,0,0.0,True,46.46037673950195,6.39064884185791,6.157475471496582,6.2518310546875,6.377634048461914,8000.0,1.5509274323353381,0.5511545872756682
sweep,1995-1826-0021,test-clean,1995,NB8,2,0.125,True,157.67991638183594,10.817729949951172,5.9101881980896,6.201310634613037,13.545025825500488,4468.75,-18.664730133920195,0.5790286273799706
sweep,1995-1826-0021,test-clean,1995,WB8,0,0.0,True,48.54542541503906,6.623553276062012,6.389242172241211,6.52644157409668,6.595126152038574,8000.0,1.9483882479048122,0.5345559766558595
sweep,1995-1826-0023,test-clean,1995,NB8,2,0.125,True,140.77133178710938,10.33543586730957,6.164980411529541,6.376406192779541,12.475837707519531,4625.0,-20.9980167341711,0.6286487791421494
sweep,1995-1826-0023,test-clean,1995,WB8,0,0.0,True,46.12009811401367,6.631068229675293,6.560441017150879,6.6226887702941895,6.496011734008789,8000.0,0.7289122912435064,0.572498678041328
sweep,1995-1826-0026,test-clean,1995,NB8,2,0.125,True,121.2811508178711,8.924209594726562,5.196147918701172,5.3962082862854,10.934218406677246,4625.0,-15.507285546795755,0.6022496130350393
sweep,1995-1826-0026,test-clean,1995,WB8,0,0.0,True,40.43745040893555,5.72427225112915,5.714733123779297,5.7582855224609375,5.519309997558594,8000.0,2.9052725138099955,0.512556568399093
sweep,1995-1836-0006,test-clean,1995,NB8,2,0.125,True,206.4964141845703,12.773391723632812,5.957605361938477,6.334660053253174,16.549020767211914,4500.0,-21.56573739682663,0.6345762001970318
sweep,1995-1836-0006,test-clean,1995,WB8,0,0.0,True,52.91996765136719,7.089977264404297,6.7455549240112305,6.834105968475342,7.232875823974609,8000.0,2.210715759239141,0.5630953200680149
sweep,1995-1836-0007,test-clean,1995,NB8,2,0.125,True,160.8991241455078,10.517276763916016,5.532169342041016,5.8454084396362305,13.163481712341309,4625.0,-18.112145150357225,0.602306711755916
sweep,1995-1836-0007,test-clean,1995,WB8,0,0.0,True,47.1034049987793,6.465747833251953,6.397192001342773,6.483664035797119,6.293776988983154,8000.0,3.392443025836614,0.48373794220426086
sweep,1995-1836-0009,test-clean,1995,NB8,2,0.125,True,200.89340209960938,12.38436222076416,5.802456855773926,6.191932201385498,15.964932441711426,4531.25,-23.527550220953334,0.691667525256229
sweep,1995-1836-0009,test-clean,1995,WB8,0,0.0,True,51.3542594909668,6.862476348876953,6.424881935119629,6.575375556945801,7.010741233825684,8000.0,2.128516853463732,0.5798845916482542
sweep,1995-1836-0010,test-clean,1995,NB8,2,0.125,True,155.5519561767578,10.776921272277832,5.876964092254639,6.1805877685546875,13.459259986877441,4593.75,-18.94790911263791,0.5928956670136283
sweep,1995-1836-0010,test-clean,1995,WB8,0,0.0,True,50.05873489379883,6.800449848175049,6.675413608551025,6.748241901397705,6.714872360229492,8000.0,2.835038645836475,0.5282338415645685
sweep,1995-1836-0011,test-clean,1995,NB8,2,0.125,True,252.5735626220703,13.945808410644531,5.863117218017578,6.308080673217773,18.36707305908203,4468.75,-22.633854815827817,0.6706353026334966
sweep,1995-1836-0011,test-clean,1995,WB8,0,0.0,True,56.18245315551758,7.125416278839111,6.513647079467773,6.760260581970215,7.361697673797607,8000.0,3.234636066161781,0.6078215037399074
sweep,1995-1837-0001,test-clean,1995,NB8,2,0.125,True,231.90965270996094,14.362367630004883,7.019514560699463,7.503528118133545,18.610050201416016,4500.0,-23.287736221515747,0.6106315904290912
sweep,1995-1837-0001,test-clean,1995,WB8,0,0.0,True,60.77189636230469,7.754587650299072,7.167640686035156,7.338316917419434,8.099539756774902,8000.0,0.5516388270699222,0.5583536149174003
sweep,1995-1837-0002,test-clean,1995,NB8,2,0.125,True,283.3664855957031,15.742619514465332,7.1166090965271,7.618930816650391,20.612913131713867,4375.0,-28.298350328380323,0.5141945205179601
sweep,1995-1837-0002,test-clean,1995,WB8,0,0.0,True,65.43878173828125,8.038957595825195,7.508561611175537,7.66717004776001,8.34885025024414,8000.0,1.4485030458291734,0.4220399654867174
sweep,1995-1837-0007,test-clean,1995,NB8,2,0.125,True,204.50001525878906,12.840330123901367,6.427495956420898,6.760311126708984,16.360698699951172,4625.0,-22.42138056940179,0.6344058944123414
sweep,1995-1837-0007,test-clean,1995,WB8,0,0.0,True,54.11769485473633,7.248634338378906,6.974786281585693,7.079868793487549,7.3149309158325195,8000.0,1.9374639244753231,0.5608836532815699
sweep,1995-1837-0014,test-clean,1995,NB8,2,0.125,True,158.05462646484375,11.279746055603027,6.469650745391846,6.798976421356201,13.707236289978027,4593.75,-20.39377102583961,0.6398544215546285
sweep,1995-1837-0014,test-clean,1995,WB8,0,0.0,True,51.623809814453125,7.044740200042725,7.075480937957764,7.136008262634277,6.691198825836182,8000.0,1.6742703614860466,0.5126576183848243
sweep,1995-1837-0015,test-clean,1995,NB8,2,0.125,True,225.25303649902344,13.601056098937988,6.570911884307861,6.977354526519775,17.387178421020508,4562.5,-19.853487889430056,0.6289461581669714
sweep,1995-1837-0015,test-clean,1995,WB8,0,0.0,True,55.63237380981445,7.370693683624268,7.011565208435059,7.167057991027832,7.4031877517700195,8000.0,1.9430041899316364,0.5610551067753465
sweep,1995-1837-0024,test-clean,1995,NB8,2,0.125,True,148.06103515625,10.555337905883789,5.781225681304932,6.082766056060791,13.237030029296875,4656.25,-15.741071219629072,0.630692401789721
sweep,1995-1837-0024,test-clean,1995,WB8,0,0.0,True,48.13888931274414,6.596222877502441,6.382724761962891,6.471876621246338,6.619405269622803,8000.0,2.064846722727477,0.5441086438682982
sweep,1995-1837-0025,test-clean,1995,NB8,2,0.125,True,168.06996154785156,11.419059753417969,6.051634311676025,6.301164627075195,14.46892261505127,4593.75,-18.567621663982973,0.6047826752483293
sweep,1995-1837-0025,test-clean,1995,WB8,0,0.0,True,52.22621536254883,6.933915615081787,6.74322509765625,6.802987098693848,6.94075870513916,8000.0,2.5915044705691637,0.5425101105443947
sweep,1995-1837-0026,test-clean,1995,NB8,2,0.125,True,135.57308959960938,9.925141334533691,5.608889102935791,5.830288410186768,12.309492111206055,4593.75,-17.070256674598625,0.5856444579912528
sweep,1995-1837-0026,test-clean,1995,WB8,0,0.0,True,47.0645637512207,6.446186065673828,6.382127285003662,6.44179105758667,6.316629409790039,8000.0,3.6105892863422913,0.49831581966724736
sweep,1995-1837-0027,test-clean,1995,NB8,2,0.125,True,161.87806701660156,11.192319869995117,5.772341728210449,6.068146228790283,14.235943794250488,4687.5,-18.20046893102459,0.6150963626547272
sweep,1995-1837-0027,test-clean,1995,WB8,0,0.0,True,49.423805236816406,6.6874542236328125,6.332345485687256,6.379177570343018,6.85488224029541,8000.0,2.702393895754174,0.5484299167022744
sweep,2094-142345-0000,test-clean,2094,NB8,2,0.125,True,87.08197784423828,7.083354473114014,4.463164806365967,4.688510894775391,8.005966186523438,4531.25,-19.704436538420374,0.6726434799597164
sweep,2094-142345-0000,test-clean,2094,WB8,0,0.0,True,28.852237701416016,4.845673084259033,5.20818567276001,5.186975002288818,4.052627086639404,8000.0,2.2456088654118296,0.5547600741319977
sweep,2094-142345-0002,test-clean,2094,NB8,2,0.125,True,162.0657196044922,10.60869312286377,5.733016014099121,6.037097454071045,12.952169418334961,4531.25,-20.087998066258166,0.6639500249300074
sweep,2094-142345-0002,test-clean,2094,WB8,0,0.0,True,42.935943603515625,6.28216552734375,6.3971943855285645,6.434998989105225,5.85047721862793,8000.0,3.4546663204919668,0.5631004801025054
sweep,2094-142345-0007,test-clean,2094,NB8,2,0.125,True,211.15806579589844,12.023865699768066,6.0579142570495605,6.235896110534668,14.919897079467773,4218.75,-22.315274796794924,0.6971644046815586
sweep,2094-142345-0007,test-clean,2094,WB8,0,0.0,True,44.880775451660156,6.480326175689697,6.652409076690674,6.685213088989258,6.05057430267334,8000.0,1.9409662745850484,0.6516413935286111
sweep,2094-142345-0015,test-clean,2094,NB8,2,0.125,True,125.88909912109375,9.274421691894531,5.774609088897705,6.031296730041504,10.776331901550293,4562.5,-18.018101902539446,0.6060870618421924
sweep,2094-142345-0015,test-clean,2094,WB8,0,0.0,True,40.1723518371582,6.0959906578063965,6.424910068511963,6.432561874389648,5.435255527496338,8000.0,2.8114609048089845,0.5407830400070214
sweep,2094-142345-0018,test-clean,2094,NB8,2,0.125,True,85.19803619384766,7.7960405349731445,5.388057708740234,5.681633949279785,8.658905029296875,4468.75,-14.35211687687308,0.6798694216937504
sweep,2094-142345-0018,test-clean,2094,WB8,0,0.0,True,32.06668472290039,5.430567264556885,6.04085111618042,6.026125431060791,4.433292388916016,8000.0,1.7843668469429694,0.5997819604247977
sweep,2094-142345-0023,test-clean,2094,NB8,2,0.125,True,157.806640625,11.314501762390137,6.230590343475342,6.628588676452637,13.984298706054688,4625.0,-16.845945129860823,0.7164529253015467
sweep,2094-142345-0023,test-clean,2094,WB8,0,0.0,True,49.41680908203125,6.960621356964111,6.72263765335083,6.824158191680908,6.958374500274658,8000.0,1.7390090228068984,0.6526835297155593
sweep,2094-142345-0034,test-clean,2094,NB8,2,0.125,True,227.82720947265625,13.208142280578613,6.171597957611084,6.507302761077881,16.85921859741211,4593.75,-16.855741451733152,0.6600371068455054
sweep,2094-142345-0034,test-clean,2094,WB8,0,0.0,True,48.4866828918457,6.853299617767334,6.8208394050598145,6.862727165222168,6.687550067901611,8000.0,2.9324612552918743,0.6041496213380091
sweep,2094-142345-0035,test-clean,2094,NB8,2,0.125,True,170.26904296875,11.667108535766602,6.556370735168457,6.956725120544434,14.353458404541016,4625.0,-18.791776353590166,0.7637150853381123
sweep,2094-142345-0035,test-clean,2094,WB8,0,0.0,True,49.329566955566406,6.962846279144287,6.863374710083008,6.939781665802002,6.899139881134033,8000.0,0.8421354439609277,0.5946433390826769
sweep,2094-142345-0043,test-clean,2094,NB8,2,0.125,True,173.705078125,11.083714485168457,6.081430912017822,6.30129861831665,13.478999137878418,4468.75,-20.165979872110317,0.6815763968400103
sweep,2094-142345-0043,test-clean,2094,WB8,0,0.0,True,44.015743255615234,6.474432468414307,6.715243816375732,6.706424713134766,6.015906810760498,8000.0,2.26364479840895,0.5898315341158138
sweep,2094-142345-0047,test-clean,2094,NB8,1,0.0625,True,186.78404235839844,11.61514663696289,6.486053466796875,6.751064777374268,14.217854499816895,4500.0,-21.68361954414415,0.6423112574431418
sweep,2094-142345-0047,test-clean,2094,WB8,0,0.0,True,48.17350387573242,6.829887866973877,6.870907306671143,6.91627311706543,6.6247878074646,8000.0,2.1688983023303194,0.5928754940323792
sweep,2094-142345-0054,test-clean,2094,NB8,2,0.125,True,147.93978881835938,9.812275886535645,6.141669273376465,6.262448310852051,11.447813987731934,4500.0,-23.84977220105298,0.6887451480523586
sweep,2094-142345-0054,test-clean,2094,WB8,0,0.0,True,39.221275329589844,6.112666606903076,6.546082019805908,6.512613773345947,5.496963024139404,8000.0,2.239373220175161,0.5924194538208668
sweep,2094-142345-0057,test-clean,2094,NB8,2,0.125,True,207.86740112304688,12.87707805633545,6.488736152648926,6.8583760261535645,16.324199676513672,4531.25,-18.441124643317398,0.669896563684391
sweep,2094-142345-0057,test-clean,2094,WB8,0,0.0,True,51.33268737792969,7.0958709716796875,6.867556571960449,6.976820945739746,7.110907554626465,8000.0,1.997869530954284,0.586891832882853
sweep,2094-142345-0059,test-clean,2094,NB8,2,0.125,True,137.37413024902344,9.843184471130371,6.059998512268066,6.260692119598389,11.663726806640625,4562.5,-20.726498474966984,0.6306986410102222
sweep,2094-142345-0059,test-clean,2094,WB8,0,0.0,True,41.727779388427734,6.300212383270264,6.606856346130371,6.604968070983887,5.804906845092773,8000.0,2.964625640819081,0.5530013444361205
sweep,2300-131720-0013,test-clean,2300,NB8,2,0.125,True,105.61573028564453,8.868327140808105,5.905543327331543,6.267343997955322,10.205526351928711,4781.25,-11.5432917126812,0.6017854536632279
sweep,2300-131720-0013,test-clean,2300,WB8,0,0.0,True,47.282920837402344,6.599578380584717,6.8125386238098145,6.914791584014893,6.0139970779418945,8000.0,3.5487827852550318,0.5308055969346432
sweep,2300-131720-0023,test-clean,2300,NB8,2,0.125,True,83.00416564941406,7.5293684005737305,5.456071853637695,5.755356788635254,8.24588680267334,4843.75,-12.171712877317674,0.6013046372897087
sweep,2300-131720-0023,test-clean,2300,WB8,0,0.0,True,41.851409912109375,5.961680889129639,6.397103786468506,6.415272235870361,5.179616928100586,8000.0,3.685073930636589,0.5381698292144419
sweep,2300-131720-0034,test-clean,2300,NB8,2,0.125,True,96.38644409179688,8.152350425720215,5.19786262512207,5.701752185821533,9.308834075927734,4750.0,-10.652618590604416,0.5914898594341176
sweep,2300-131720-0034,test-clean,2300,WB8,0,0.0,True,41.73599624633789,6.027352809906006,6.105790138244629,6.267251014709473,5.482996463775635,8000.0,4.485412017952095,0.5357312281811989
sweep,2830-3979-0000,test-clean,2830,NB8,2,0.125,True,131.23609924316406,9.933223724365234,6.049022197723389,6.233302116394043,11.925520896911621,4562.5,-17.831619181431414,0.5887313287828908
sweep,2830-3979-0000,test-clean,2830,WB8,0,0.0,True,42.98697280883789,6.322317600250244,6.524202346801758,6.556141376495361,5.865118980407715,8000.0,1.9519805221745425,0.5415958391895037
sweep,2830-3979-0001,test-clean,2830,NB8,2,0.125,True,170.38124084472656,11.145248413085938,6.099865436553955,6.323946475982666,13.715577125549316,4562.5,-16.437825711821038,0.587305542126262
sweep,2830-3979-0001,test-clean,2830,WB8,0,0.0,True,44.52751922607422,6.441792011260986,6.517873764038086,6.572300910949707,6.078888416290283,8000.0,0.7537832368092845,0.5528574025489397
sweep,2830-3979-0009,test-clean,2830,NB8,2,0.125,True,225.11167907714844,12.979687690734863,6.459576606750488,6.768589019775391,16.398265838623047,4437.5,-22.270207158493047,0.5629759847543603
sweep,2830-3979-0009,test-clean,2830,WB8,0,0.0,True,49.53799819946289,6.868891716003418,6.800436019897461,6.935517311096191,6.620584964752197,8000.0,1.7998133747569067,0.5030546851502903
sweep,2830-3979-0012,test-clean,2830,NB8,2,0.125,True,133.6576690673828,9.552898406982422,5.718669891357422,5.90635347366333,11.213471412658691,4406.25,-20.58060824257844,0.6159928219441433
sweep,2830-3979-0012,test-clean,2830,WB8,0,0.0,True,37.726112365722656,5.836291313171387,6.047131061553955,6.078534126281738,5.239161491394043,8000.0,1.4326192755092624,0.6092496176829021
sweep,2830-3980-0011,test-clean,2830,NB8,2,0.125,True,231.6286163330078,13.709692001342773,6.751010894775391,7.090091228485107,17.401941299438477,4406.25,-18.748547197860972,0.6295280208874409
sweep,2830-3980-0011,test-clean,2830,WB8,0,0.0,True,54.01304244995117,7.261214733123779,6.997782230377197,7.136784076690674,7.238215446472168,8000.0,1.893722914745196,0.538506656101484
sweep,2830-3980-0013,test-clean,2830,NB8,2,0.125,True,236.50070190429688,13.769431114196777,6.774389743804932,7.117557525634766,17.490449905395508,4562.5,-16.702950268415222,0.6146942007956104
sweep,2830-3980-0013,test-clean,2830,WB8,0,0.0,True,53.91318893432617,7.266829013824463,6.991042613983154,7.20677375793457,7.239462375640869,8000.0,1.997308170536398,0.5408777763505344
sweep,2830-3980-0017,test-clean,2830,NB8,2,0.125,True,268.2048645019531,15.06362247467041,6.649022102355957,7.030731678009033,19.61150550842285,4625.0,-18.760351565297853,0.6008013013444354
sweep,2830-3980-0017,test-clean,2830,WB8,0,0.0,True,58.09752655029297,7.562195777893066,7.100236892700195,7.40285587310791,7.625900745391846,8000.0,0.6955624255000168,0.5272083317068939
sweep,2830-3980-0022,test-clean,2830,NB8,2,0.125,True,381.6983642578125,17.27861976623535,6.9397711753845215,7.370853424072266,22.758878707885742,4406.25,-23.46217127774694,0.5319907675762411
sweep,2830-3980-0022,test-clean,2830,WB8,0,0.0,True,58.12372970581055,7.557619571685791,7.254881858825684,7.399845600128174,7.639201641082764,8000.0,1.9357183696844358,0.45259719919455826
sweep,2830-3980-0023,test-clean,2830,NB8,2,0.125,True,261.3948974609375,14.19812297821045,6.760682106018066,7.09060001373291,18.08098793029785,4406.25,-22.139426521404584,0.5676609443282126
sweep,2830-3980-0023,test-clean,2830,WB8,0,0.0,True,51.624759674072266,7.069998264312744,7.008998870849609,7.158013820648193,6.832476615905762,8000.0,1.8154441034230175,0.537581397237592
sweep,2830-3980-0028,test-clean,2830,NB8,2,0.125,True,251.6659698486328,14.006190299987793,6.472872734069824,6.797800540924072,17.98904800415039,4562.5,-16.47577169036294,0.5546792844038118
sweep,2830-3980-0028,test-clean,2830,WB8,0,0.0,True,51.283714294433594,7.006105422973633,6.950294494628906,7.0699639320373535,6.773975372314453,8000.0,2.5759150827822435,0.5134295609616457
sweep,2830-3980-0031,test-clean,2830,NB8,2,0.125,True,248.7026824951172,14.346044540405273,6.741128921508789,7.141272068023682,18.450157165527344,4531.25,-18.0361538581571,0.571548334557902
sweep,2830-3980-0031,test-clean,2830,WB8,0,0.0,True,54.59562301635742,7.309406280517578,7.090348243713379,7.256398677825928,7.252214431762695,8000.0,1.834285898404614,0.5284693922596353
sweep,2830-3980-0032,test-clean,2830,NB8,2,0.125,True,175.67739868164062,11.82019329071045,6.534266471862793,6.84930419921875,14.631538391113281,4562.5,-18.876603659164047,0.5695825690703364
sweep,2830-3980-0032,test-clean,2830,WB8,0,0.0,True,48.421913146972656,6.847947120666504,6.858578681945801,6.980337619781494,6.578640460968018,8000.0,1.536514435756744,0.541000709902654
sweep,2830-3980-0038,test-clean,2830,NB8,2,0.125,True,285.8077392578125,15.005640983581543,6.720519542694092,7.013476371765137,19.441669464111328,4500.0,-21.311654487437796,0.6147610671358344
sweep,2830-3980-0038,test-clean,2830,WB8,0,0.0,True,53.43817138671875,7.224464416503906,7.0169901847839355,7.159183979034424,7.20604133605957,8000.0,2.064507279248534,0.5542080807306258
sweep,2830-3980-0046,test-clean,2830,NB8,2,0.125,True,280.2638244628906,14.757752418518066,6.352168083190918,6.688998222351074,19.105533599853516,4531.25,-24.562275719008063,0.6364997180611722
sweep,2830-3980-0046,test-clean,2830,WB8,0,0.0,True,52.25196838378906,7.104129791259766,6.824771404266357,7.049445152282715,7.015511512756348,8000.0,1.2179042810951946,0.5729300538043427
sweep,2830-3980-0049,test-clean,2830,NB8,2,0.125,True,215.02951049804688,12.83147144317627,6.503241539001465,6.785374164581299,16.044475555419922,4500.0,-28.068187389836893,0.5717396424569399
sweep,2830-3980-0049,test-clean,2830,WB8,0,0.0,True,48.15104675292969,6.836145401000977,6.806607723236084,6.874102592468262,6.620418071746826,8000.0,2.1682624300377156,0.5197272916567797
sweep,2830-3980-0054,test-clean,2830,NB8,2,0.125,True,233.6600341796875,13.397933006286621,6.456847190856934,6.73691463470459,17.055585861206055,4437.5,-24.830881584772907,0.6183244898215029
sweep,2830-3980-0054,test-clean,2830,WB8,0,0.0,True,50.09005355834961,6.944544792175293,6.824989318847656,6.91511344909668,6.810168266296387,8000.0,1.961235053384332,0.543932914787598
sweep,2830-3980-0055,test-clean,2830,NB8,2,0.125,True,266.0692443847656,14.42149543762207,6.430527687072754,6.773433685302734,18.553211212158203,4375.0,-25.67984228365157,0.6474968713868875
sweep,2830-3980-0055,test-clean,2830,WB8,0,0.0,True,52.23512649536133,7.132223606109619,6.792482376098633,6.945118427276611,7.162894248962402,8000.0,1.5727161063109454,0.5828352764114719
sweep,2830-3980-0056,test-clean,2830,NB8,2,0.125,True,270.6676025390625,14.800151824951172,6.683290004730225,7.047405242919922,19.2093448638916,4531.25,-20.758594379471266,0.5717204870434796
sweep,2830-3980-0056,test-clean,2830,WB8,0,0.0,True,55.08784484863281,7.336635589599609,7.1382575035095215,7.258723735809326,7.322384834289551,8000.0,3.3794969006730335,0.5091716835427611
sweep,2830-3980-0057,test-clean,2830,NB8,2,0.125,True,229.9164581298828,13.694278717041016,6.555191993713379,6.930887699127197,17.567054748535156,4531.25,-20.35961029814095,0.6172781685444968
sweep,2830-3980-0057,test-clean,2830,WB8,0,0.0,True,52.819522857666016,7.18658447265625,6.87036657333374,7.0154643058776855,7.249307632446289,8000.0,0.269905344443757,0.5764254398415394
sweep,2830-3980-0058,test-clean,2830,NB8,2,0.125,True,248.9878692626953,13.955023765563965,6.711277961730957,6.968682765960693,17.862648010253906,4625.0,-18.443350766317216,0.5846229667359816
sweep,2830-3980-0058,test-clean,2830,WB8,0,0.0,True,52.833290100097656,7.168483257293701,7.057971954345703,7.117729663848877,7.106083393096924,8000.0,2.690305697157609,0.5084393978221287
sweep,2830-3980-0061,test-clean,2830,NB8,2,0.125,True,230.53341674804688,13.161752700805664,6.6401166915893555,6.895529747009277,16.601957321166992,4375.0,-23.769022894923904,0.5582939991520931
sweep,2830-3980-0061,test-clean,2830,WB8,0,0.0,True,50.211158752441406,6.998351097106934,6.954095363616943,7.073841571807861,6.800740718841553,8000.0,2.53623278458154,0.5066524511347896
sweep,2830-3980-0062,test-clean,2830,NB8,2,0.125,True,247.20863342285156,13.49722671508789,6.437251091003418,6.659601211547852,17.112031936645508,4437.5,-27.530894898704,0.638358342752136
sweep,2830-3980-0062,test-clean,2830,WB8,0,0.0,True,49.47922134399414,6.901244640350342,6.751394748687744,6.90305757522583,6.747198104858398,8000.0,3.354256130169812,0.5731513004641117
sweep,2830-3980-0063,test-clean,2830,NB8,2,0.125,True,252.52835083007812,13.951727867126465,6.716768741607666,7.001935958862305,17.79530143737793,4500.0,-18.811084554012197,0.5885780318363231
sweep,2830-3980-0063,test-clean,2830,WB8,0,0.0,True,51.55869674682617,7.0830607414245605,6.880321502685547,7.000359535217285,7.056860446929932,8000.0,1.9556935572638467,0.5257732522756147
sweep,2830-3980-0065,test-clean,2830,NB8,2,0.125,True,328.84332275390625,16.221200942993164,6.621769428253174,6.947781085968018,21.31044578552246,4406.25,-25.599696272906016,0.64767371470292
sweep,2830-3980-0065,test-clean,2830,WB8,0,0.0,True,54.98027038574219,7.336193561553955,6.938282489776611,7.119176387786865,7.451561450958252,8000.0,1.9200806641367292,0.5638533940577246
sweep,2830-3980-0066,test-clean,2830,NB8,2,0.125,True,347.9998474121094,16.73008918762207,6.623262405395508,7.039740085601807,22.147817611694336,4343.75,-26.930330037029847,0.6351415485816669
sweep,2830-3980-0066,test-clean,2830,WB8,0,0.0,True,56.51785659790039,7.455549716949463,6.999696731567383,7.179134368896484,7.641635417938232,8000.0,1.7187485080134193,0.5598074282820137
sweep,2830-3980-0067,test-clean,2830,NB8,2,0.125,True,265.1453552246094,14.221013069152832,6.416079998016357,6.706218242645264,18.366519927978516,4437.5,-24.25778477399133,0.5933275184714802
sweep,2830-3980-0067,test-clean,2830,WB8,0,0.0,True,51.745601654052734,7.0692219734191895,6.883224010467529,6.99479341506958,7.013272762298584,8000.0,2.2200956034219863,0.4897823140290985
sweep,2830-3980-0069,test-clean,2830,NB8,2,0.125,True,313.0113830566406,15.590970993041992,6.510356426239014,6.850473403930664,20.378671646118164,4562.5,-20.63769813577149,0.6293923542895523
sweep,2830-3980-0069,test-clean,2830,WB8,0,0.0,True,53.3734130859375,7.21889591217041,6.884938716888428,7.034075736999512,7.269361972808838,8000.0,2.3018029467034458,0.5721657926217553
sweep,2830-3980-0073,test-clean,2830,NB8,2,0.125,True,268.1173095703125,14.14645004272461,6.433504581451416,6.722738742828369,18.152082443237305,4437.5,-24.86503347569682,0.5806342467401533
sweep,2830-3980-0073,test-clean,2830,WB8,0,0.0,True,49.9078369140625,6.941579341888428,6.824386119842529,6.940881252288818,6.79038667678833,8000.0,2.116842424358265,0.49959672498735874
sweep,2830-3980-0074,test-clean,2830,NB8,2,0.125,True,246.08843994140625,13.6878662109375,6.280426502227783,6.625581741333008,17.625038146972656,4468.75,-21.7373121847549,0.620643925525768
sweep,2830-3980-0074,test-clean,2830,WB8,0,0.0,True,49.57337951660156,6.911942958831787,6.777022361755371,6.855292797088623,6.825502872467041,8000.0,1.760896892926763,0.5630047778003385
sweep,2830-3980-0075,test-clean,2830,NB8,2,0.125,True,270.82183837890625,14.375899314880371,6.816192626953125,7.164614200592041,18.435808181762695,4468.75,-23.862669782604648,0.5948892866149685
sweep,2830-3980-0075,test-clean,2830,WB8,0,0.0,True,53.736446380615234,7.266799449920654,6.9675211906433105,7.125155925750732,7.335667133331299,8000.0,2.314515655916548,0.5143664506516159
sweep,2961-960-0004,test-clean,2961,NB8,2,0.125,True,146.26840209960938,10.935928344726562,6.6306538581848145,7.034555912017822,13.206778526306152,4437.5,-16.52292517458515,0.6594736721822954
sweep,2961-960-0004,test-clean,2961,WB8,0,0.0,True,50.17749786376953,6.985907077789307,7.0415825843811035,7.175590991973877,6.631438255310059,8000.0,0.7558251883517317,0.5826486646130231
sweep,2961-960-0012,test-clean,2961,NB8,2,0.125,True,79.32000732421875,8.026532173156738,6.353299617767334,6.668216705322266,8.451545715332031,4812.5,-14.25574575227597,0.6444496743885685
sweep,2961-960-0012,test-clean,2961,WB8,0,0.0,True,38.69986343383789,6.064562797546387,6.726663589477539,6.787930488586426,4.953876495361328,8000.0,-0.033421962616697116,0.5966370314927373
sweep,2961-960-0019,test-clean,2961,NB8,2,0.125,True,122.0362548828125,9.993807792663574,6.779443264007568,7.18351411819458,11.52910041809082,4781.25,-14.324838457648115,0.6185701608978499
sweep,2961-960-0019,test-clean,2961,WB8,0,0.0,True,48.099082946777344,6.842227935791016,7.082590103149414,7.247554779052734,6.258909702301025,8000.0,0.4881312195559853,0.571878000545886
sweep,2961-960-0020,test-clean,2961,NB8,2,0.125,True,166.04864501953125,11.478303909301758,6.6353254318237305,6.9919209480285645,13.922015190124512,4750.0,-15.520034231629669,0.6505615933301981
sweep,2961-960-0020,test-clean,2961,WB8,0,0.0,True,50.33877182006836,6.958131313323975,6.994910717010498,7.081176280975342,6.6177167892456055,8000.0,1.3073062916964695,0.5935655624102415
sweep,2961-960-0021,test-clean,2961,NB8,2,0.125,True,104.67780303955078,9.00904655456543,6.405887603759766,6.706841945648193,10.012276649475098,4656.25,-13.174809870124285,0.6337525458095667
sweep,2961-960-0021,test-clean,2961,WB8,0,0.0,True,42.58049011230469,6.358839511871338,6.90798807144165,6.961564064025879,5.381433486938477,8000.0,1.828308554353102,0.580220455306666
sweep,2961-961-0009,test-clean,2961,NB8,2,0.125,True,131.64598083496094,8.982451438903809,5.690325736999512,5.8866753578186035,10.025273323059082,4562.5,-13.371723424315466,0.6309077734671328
sweep,2961-961-0009,test-clean,2961,WB8,0,0.0,True,37.17863845825195,5.666376113891602,6.156481742858887,6.117395877838135,4.6501922607421875,8000.0,3.09810288225945,0.563535477977926
sweep,2961-961-0010,test-clean,2961,NB8,2,0.125,True,151.4025421142578,10.214908599853516,6.21372127532959,6.488253593444824,11.820802688598633,4656.25,-12.198193778017066,0.6322687980578642
sweep,2961-961-0010,test-clean,2961,WB8,0,0.0,True,42.22356033325195,6.2575507164001465,6.613214015960693,6.629043102264404,5.398863315582275,8000.0,3.42394985470015,0.581180148318812
sweep,2961-961-0021,test-clean,2961,NB8,2,0.125,True,168.32785034179688,10.600905418395996,6.246870040893555,6.560855388641357,12.46517562866211,4593.75,-14.48134811615712,0.6155668884625883
sweep,2961-961-0021,test-clean,2961,WB8,0,0.0,True,44.94148635864258,6.439707279205322,6.756464004516602,6.822437286376953,5.687267780303955,8000.0,1.5194167977414994,0.5538032259962623
sweep,3570-5694-0003,test-clean,3570,NB8,2,0.125,True,134.76136779785156,9.730916976928711,6.0533528327941895,6.324873447418213,11.372639656066895,4687.5,-11.73752032981988,0.6218600874168024
sweep,3570-5694-0003,test-clean,3570,WB8,0,0.0,True,46.66648864746094,6.58690881729126,6.939393520355225,6.98609733581543,5.8373188972473145,8000.0,2.0321025963643478,0.5481579830362912
sweep,3570-5694-0008,test-clean,3570,NB8,2,0.125,True,154.2600555419922,10.615778923034668,6.293598651885986,6.558635234832764,12.707525253295898,4937.5,-15.081176753218744,0.6738485860471023
sweep,3570-5694-0008,test-clean,3570,WB8,0,0.0,True,48.24626159667969,6.743602275848389,6.910660266876221,6.965745449066162,6.2296953201293945,8000.0,0.4389333077941299,0.6044799898262265
sweep,3570-5694-0009,test-clean,3570,NB8,2,0.125,True,120.58965301513672,9.353007316589355,6.195103168487549,6.51534366607666,10.730902671813965,4750.0,-11.156998358171515,0.637416083539187
sweep,3570-5694-0009,test-clean,3570,WB8,0,0.0,True,46.418548583984375,6.588901042938232,6.905940055847168,6.979269981384277,5.884461879730225,8000.0,2.434979575129513,0.5878083466459073
sweep,3570-5694-0015,test-clean,3570,NB8,2,0.125,True,96.61016082763672,8.335246086120605,6.116126537322998,6.404365539550781,8.911953926086426,4750.0,-15.272436472935937,0.6757858781487617
sweep,3570-5694-0015,test-clean,3570,WB8,0,0.0,True,44.46092224121094,6.4773335456848145,7.085892200469971,7.118924140930176,5.305713176727295,8000.0,2.19986608919526,0.5963649947819286
sweep,3570-5694-0018,test-clean,3570,NB8,2,0.125,True,106.0078353881836,8.686360359191895,6.033919811248779,6.306509971618652,9.684867858886719,4656.25,-14.419203120530632,0.6889050258221167
sweep,3570-5694-0018,test-clean,3570,WB8,0,0.0,True,46.16289520263672,6.567649841308594,7.062403202056885,7.026586532592773,5.688602924346924,8000.0,1.9990582636386165,0.6255653068067988
sweep,3570-5694-0019,test-clean,3570,NB8,2,0.125,True,96.46309661865234,8.168521881103516,6.033247947692871,6.213387966156006,8.67734432220459,4562.5,-9.499579250988274,0.6176074433823753
sweep,3570-5694-0019,test-clean,3570,WB8,0,0.0,True,42.89046096801758,6.2555060386657715,7.053702354431152,6.968393325805664,4.931820392608643,8000.0,2.7978440522817722,0.5536234093755654
sweep,3570-5695-0003,test-clean,3570,NB8,2,0.125,True,117.47042846679688,9.517001152038574,6.994447231292725,7.173161029815674,10.65180492401123,4531.25,-16.968500407020485,0.6207706729008674
sweep,3570-5695-0003,test-clean,3570,WB8,0,0.0,True,46.28327560424805,6.669007301330566,7.08142614364624,7.12551736831665,5.990261554718018,8000.0,1.4151896118016234,0.5824671955065077
sweep,3570-5695-0007,test-clean,3570,NB8,2,0.125,True,125.80585479736328,9.818851470947266,6.803033351898193,7.008179664611816,11.290816307067871,4531.25,-14.264999682547835,0.6271717497656625
sweep,3570-5695-0007,test-clean,3570,WB8,0,0.0,True,45.903076171875,6.650476455688477,7.019394397735596,7.051377773284912,6.046628475189209,8000.0,0.8072310939319496,0.5745931682904019
sweep,3570-5695-0015,test-clean,3570,NB8,2,0.125,True,95.44214630126953,8.701904296875,6.877447128295898,7.034863471984863,9.432154655456543,4625.0,-16.680266219940577,0.6562647459818891
sweep,3570-5695-0015,test-clean,3570,WB8,0,0.0,True,46.20027160644531,6.730632305145264,7.238582611083984,7.255589485168457,6.00554895401001,8000.0,-0.012820663008880254,0.5900265904557672
sweep,3570-5696-0000,test-clean,3570,NB8,2,0.125,True,128.2119903564453,9.62222957611084,6.238250732421875,6.600600242614746,11.086590766906738,4687.5,-12.373634734592297,0.628032163213071
sweep,3570-5696-0000,test-clean,3570,WB8,0,0.0,True,49.544456481933594,6.864912509918213,7.153201580047607,7.235208988189697,6.215068340301514,8000.0,2.44129198273627,0.5339640968968576
sweep,3570-5696-0004,test-clean,3570,NB8,2,0.125,True,164.14273071289062,11.271655082702637,6.796201705932617,7.137722492218018,13.598418235778809,4406.25,-18.88828481687025,0.6399378384151748
sweep,3570-5696-0004,test-clean,3570,WB8,0,0.0,True,52.20306396484375,7.124912738800049,7.128149509429932,7.224629878997803,6.866791248321533,8000.0,0.7116825838083953,0.534477133048517
sweep,3570-5696-0010,test-clean,3570,NB8,2,0.125,True,149.46240234375,10.676336288452148,6.754447937011719,7.1491804122924805,12.683085441589355,4687.5,-17.78482569169206,0.6874041454662274
sweep,3570-5696-0010,test-clean,3570,WB8,0,0.0,True,51.623470306396484,7.105281829833984,7.129492282867432,7.254233360290527,6.813906669616699,8000.0,0.9913559966771603,0.6196048231078911
sweep,3575-170457-0000,test-clean,3575,NB8,2,0.125,True,194.3353729248047,12.138031005859375,6.081263065338135,6.482633590698242,15.2081880569458,4656.25,-18.379357773306072,0.6542250529885631
sweep,3575-170457-0000,test-clean,3575,WB8,0,0.0,True,50.55296325683594,6.8643388748168945,6.452931880950928,6.614114284515381,6.853643417358398,8000.0,1.932234575069463,0.6299566892674358
sweep,3575-170457-0001,test-clean,3575,NB8,2,0.125,True,198.15875244140625,11.684561729431152,5.9981279373168945,6.257135391235352,14.414152145385742,4343.75,-20.640943153892884,0.6783319100921641
sweep,3575-170457-0001,test-clean,3575,WB8,0,0.0,True,50.0140380859375,6.756031036376953,6.744307041168213,6.863399028778076,6.323700428009033,8000.0,3.112706091327364,0.5813922871197095
sweep,3575-170457-0005,test-clean,3575,NB8,2,0.125,True,227.76878356933594,13.403128623962402,6.145881175994873,6.572980880737305,17.24012565612793,4625.0,-17.68234599700451,0.6994780782223456
sweep,3575-170457-0005,test-clean,3575,WB8,0,0.0,True,55.03696823120117,7.269956588745117,6.878040790557861,7.026221752166748,7.323707103729248,8000.0,1.3863658013430724,0.5967389109428431
sweep,3575-170457-0010,test-clean,3575,NB8,2,0.125,True,187.3414764404297,11.860067367553711,5.918414115905762,6.352214813232422,14.87234115600586,4375.0,-17.42397238078192,0.678708142555447
sweep,3575-170457-0010,test-clean,3575,WB8,0,0.0,True,48.25495529174805,6.756059646606445,6.506317138671875,6.590750217437744,6.665600299835205,8000.0,2.200721522365987,0.6402389642268392
sweep,3575-170457-0016,test-clean,3575,NB8,2,0.125,True,87.719482421875,7.428313255310059,4.998895645141602,5.117526054382324,8.3627347946167,4875.0,-11.552572882205554,0.6857449662974419
sweep,3575-170457-0016,test-clean,3575,WB8,0,0.0,True,32.638851165771484,5.09049129486084,5.324721813201904,5.286768436431885,4.490280628204346,8000.0,-1.541859993692209,0.6437355902942169
sweep,3575-170457-0022,test-clean,3575,NB8,2,0.125,True,127.90554809570312,9.690091133117676,6.015385150909424,6.156278610229492,11.316940307617188,4656.25,-19.77407156767828,0.6394090600539467
sweep,3575-170457-0022,test-clean,3575,WB8,0,0.0,True,42.16782760620117,6.214097499847412,6.351094722747803,6.389015197753906,5.667118549346924,8000.0,0.31140191365154285,0.5746625978799096
sweep,3575-170457-0023,test-clean,3575,NB8,2,0.125,True,239.79664611816406,13.557337760925293,6.525732517242432,6.846876621246338,17.24027442932129,4468.75,-21.266353481785565,0.6465794405506203
sweep,3575-170457-0023,test-clean,3575,WB8,0,0.0,True,54.37955093383789,7.263824462890625,7.0069475173950195,7.120478630065918,7.259073257446289,8000.0,2.29746038632859,0.5674725476161878
sweep,3575-170457-0025,test-clean,3575,NB8,2,0.125,True,130.40635681152344,9.597800254821777,6.168621063232422,6.331273078918457,10.996233940124512,4562.5,-18.250832680758776,0.6498794131992413
sweep,3575-170457-0025,test-clean,3575,WB8,0,0.0,True,40.85363006591797,6.193229675292969,6.545363903045654,6.554999828338623,5.508500576019287,8000.0,2.4776254192874148,0.5694463646069463
sweep,3575-170457-0027,test-clean,3575,NB8,2,0.125,True,205.88540649414062,12.488507270812988,6.428272724151611,6.694917678833008,15.641694068908691,4625.0,-18.784980009819947,0.6734578621162272
sweep,3575-170457-0027,test-clean,3575,WB8,0,0.0,True,52.18826675415039,7.04887580871582,6.8352789878845215,6.948485851287842,6.964906692504883,8000.0,2.0457837999730586,0.5791660002544526
sweep,3575-170457-0029,test-clean,3575,NB8,2,0.125,True,134.59034729003906,9.95218563079834,6.086669445037842,6.325332164764404,11.821701049804688,4531.25,-18.614712249424944,0.6275962747530731
sweep,3575-170457-0029,test-clean,3575,WB8,0,0.0,True,44.05867004394531,6.435576915740967,6.550100803375244,6.636302947998047,5.957303047180176,8000.0,1.15451198741564,0.6093903099018885
sweep,3575-170457-0031,test-clean,3575,NB8,2,0.125,True,188.14634704589844,11.583635330200195,6.148083686828613,6.439171314239502,14.165400505065918,4593.75,-16.09250745970711,0.6714433219183916
sweep,3575-170457-0031,test-clean,3575,WB8,0,0.0,True,46.715850830078125,6.611790180206299,6.6917948722839355,6.745209217071533,6.205144882202148,8000.0,2.4511832579767443,0.5616212880768874
sweep,3575-170457-0032,test-clean,3575,NB8,2,0.125,True,186.46437072753906,12.210362434387207,6.935706615447998,7.239322185516357,15.0946044921875,4500.0,-17.39131406283251,0.6552768982531131
sweep,3575-170457-0032,test-clean,3575,WB8,0,0.0,True,55.47861099243164,7.3588337898254395,7.002043724060059,7.1966142654418945,7.4038214683532715,8000.0,0.5738416076261057,0.5586352392520603
sweep,3575-170457-0036,test-clean,3575,NB8,2,0.125,True,152.4384002685547,10.307421684265137,6.010083198547363,6.253295421600342,12.205814361572266,4593.75,-20.4312715072549,0.6758751017810058
sweep,3575-170457-0036,test-clean,3575,WB8,0,0.0,True,43.89231872558594,6.420367240905762,6.554891109466553,6.631433486938477,5.86997652053833,8000.0,1.829173103020516,0.6266778352540012
sweep,3575-170457-0043,test-clean,3575,NB8,2,0.125,True,129.49403381347656,9.44859790802002,5.735575199127197,5.889676094055176,11.154305458068848,4468.75,-22.05862458434751,0.6337286985730167
sweep,3575-170457-0043,test-clean,3575,WB8,0,0.0,True,43.789302825927734,6.283923625946045,6.430456161499023,6.470064163208008,5.743050575256348,8000.0,1.9990008442144391,0.5806827150926421
sweep,3575-170457-0044,test-clean,3575,NB8,2,0.125,True,194.58656311035156,11.810501098632812,6.23134708404541,6.456710338592529,14.63768196105957,4531.25,-26.571615500240146,0.6370723644812806
sweep,3575-170457-0044,test-clean,3575,WB8,0,0.0,True,50.6143684387207,6.9016876220703125,6.837963104248047,6.94258975982666,6.64213228225708,8000.0,1.9301337054958059,0.5586135806794125
sweep,3575-170457-0046,test-clean,3575,NB8,2,0.125,True,175.44651794433594,11.24109935760498,5.99309778213501,6.3012495040893555,13.871024131774902,4500.0,-18.485069008091195,0.6440679313782653
sweep,3575-170457-0046,test-clean,3575,WB8,0,0.0,True,48.302982330322266,6.743340492248535,6.6743245124816895,6.773381233215332,6.475516319274902,8000.0,2.031425052806883,0.5836708454547114
sweep,3575-170457-0047,test-clean,3575,NB8,2,0.125,True,185.5128631591797,11.512836456298828,6.044622898101807,6.352652549743652,14.19019603729248,4468.75,-18.034991054965165,0.6495147846853105
sweep,3575-170457-0047,test-clean,3575,WB8,0,0.0,True,47.97307586669922,6.711244106292725,6.61346435546875,6.721328258514404,6.44596004486084,8000.0,1.6419224804733656,0.5829290890127736
sweep,3575-170457-0048,test-clean,3575,NB8,2,0.125,True,223.54104614257812,12.646278381347656,6.122318744659424,6.387622833251953,15.937071800231934,4437.5,-24.86549866388866,0.6622530272906764
sweep,3575-170457-0048,test-clean,3575,WB8,0,0.0,True,50.78567886352539,6.868237495422363,6.744742393493652,6.869884014129639,6.630629539489746,8000.0,1.2931749007812374,0.5845795460185369
sweep,3575-170457-0052,test-clean,3575,NB8,2,0.125,True,180.9739532470703,11.080045700073242,6.028951168060303,6.175902366638184,13.659520149230957,4500.0,-20.28845802392594,0.6179141801126657
sweep,3575-170457-0052,test-clean,3575,WB8,0,0.0,True,45.346702575683594,6.37917947769165,6.399446487426758,6.420590877532959,6.097149848937988,8000.0,1.318376876241988,0.593650231036246
sweep,3575-170457-0053,test-clean,3575,NB8,2,0.125,True,218.4770050048828,12.719752311706543,6.136397361755371,6.534892559051514,16.062883377075195,4500.0,-18.815665137127652,0.6947831132471574
sweep,3575-170457-0053,test-clean,3575,WB8,0,0.0,True,52.9608268737793,7.0832319259643555,6.821566581726074,6.990497589111328,6.944868564605713,8000.0,2.359308687909358,0.60345733104352
sweep,3729-6852-0008,test-clean,3729,NB8,2,0.125,True,113.41019439697266,9.586230278015137,6.623727798461914,6.911076545715332,11.019250869750977,4843.75,-10.023174578612434,0.6191963424575416
sweep,3729-6852-0008,test-clean,3729,WB8,0,0.0,True,52.16697311401367,7.095780849456787,7.389589309692383,7.368860721588135,6.610877513885498,8000.0,0.13499687077068573,0.5513934648107094
sweep,3729-6852-0009,test-clean,3729,NB8,2,0.125,True,139.3509979248047,10.817456245422363,6.965668201446533,7.29656982421875,12.97331714630127,4843.75,-19.772516027895804,0.6128781213982478
sweep,3729-6852-0009,test-clean,3729,WB8,0,0.0,True,57.85474395751953,7.541376113891602,7.557556629180908,7.586507797241211,7.3957743644714355,8000.0,-0.7740436725431721,0.5728533102075677
sweep,3729-6852-0018,test-clean,3729,NB8,2,0.125,True,217.46261596679688,13.491729736328125,7.148127555847168,7.552073955535889,17.121654510498047,4656.25,-19.321739337939775,0.6051475721555504
sweep,3729-6852-0018,test-clean,3729,WB8,0,0.0,True,65.57200622558594,8.046477317810059,7.820074081420898,7.91729736328125,8.105963706970215,8000.0,-0.9356448573934437,0.5558617189363562
sweep,3729-6852-0019,test-clean,3729,NB8,2,0.125,True,207.74024963378906,13.226665496826172,7.205163478851318,7.566379547119141,16.67784881591797,4625.0,-18.418958870178624,0.5773915152846644
sweep,3729-6852-0019,test-clean,3729,WB8,0,0.0,True,64.15402221679688,7.944992542266846,7.734551429748535,7.831626892089844,7.988408088684082,8000.0,0.08633018811568945,0.5444973606573448
sweep,3729-6852-0023,test-clean,3729,NB8,2,0.125,True,125.27871704101562,10.177016258239746,6.689079284667969,6.990199089050293,11.905264854431152,4625.0,-15.994880842735881,0.628386272369336
sweep,3729-6852-0023,test-clean,3729,WB8,0,0.0,True,53.275794982910156,7.192744731903076,7.432204723358154,7.377521991729736,6.772940635681152,8000.0,-0.8395388087528026,0.5960301732420952
sweep,3729-6852-0024,test-clean,3729,NB8,2,0.125,True,125.15575408935547,10.027371406555176,6.756778717041016,6.986032485961914,11.674233436584473,5093.75,-16.53558943150992,0.6380323077056566
sweep,3729-6852-0024,test-clean,3729,WB8,0,0.0,True,52.164424896240234,7.118863582611084,7.440056324005127,7.376691818237305,6.6738433837890625,8000.0,1.5287197220718949,0.5981995372139383
sweep,3729-6852-0032,test-clean,3729,NB8,2,0.125,True,101.86959075927734,9.049140930175781,6.696190357208252,6.944625377655029,9.991795539855957,4968.75,-14.714723157800893,0.6490572575961282
sweep,3729-6852-0032,test-clean,3729,WB8,0,0.0,True,49.07889175415039,6.880895137786865,7.377473831176758,7.318769931793213,6.140346527099609,8000.0,-0.6819101512497951,0.6058370269553471
sweep,3729-6852-0033,test-clean,3729,NB8,2,0.125,True,120.25240325927734,9.67373275756836,6.667519569396973,6.824367046356201,11.029420852661133,4843.75,-20.632625120230934,0.6163035001229884
sweep,3729-6852-0033,test-clean,3729,WB8,0,0.0,True,50.252925872802734,6.956173419952393,7.386526107788086,7.293117046356201,6.348537921905518,8000.0,0.1876752414639736,0.5665997165690293
sweep,3729-6852-0035,test-clean,3729,NB8,2,0.125,True,132.4141845703125,10.382049560546875,6.808570861816406,7.090575695037842,12.13254165649414,4687.5,-10.96718102191464,0.6579583738033791
sweep,3729-6852-0035,test-clean,3729,WB8,0,0.0,True,54.02975082397461,7.242616653442383,7.504720211029053,7.547597408294678,6.7330451011657715,8000.0,0.35661840239879955,0.5928744673480435
sweep,3729-6852-0042,test-clean,3729,NB8,2,0.125,True,130.9993438720703,10.296699523925781,6.679294586181641,6.923898220062256,12.099915504455566,4718.75,-15.525189119158636,0.6460784760018841
sweep,3729-6852-0042,test-clean,3729,WB8,0,0.0,True,54.08576202392578,7.237730026245117,7.415769577026367,7.377204418182373,6.877369403839111,8000.0,-0.4804404465229836,0.5901375206194924
sweep,4446-2271-0002,test-clean,4446,NB8,2,0.125,True,64.3764877319336,6.171358108520508,5.77742862701416,5.790837287902832,5.040905475616455,4593.75,-20.49072171607363,0.5308181633915373
sweep,4446-2271-0002,test-clean,4446,WB8,0,0.0,True,33.49951171875,5.460865020751953,6.613165378570557,6.5162458419799805,3.7519993782043457,8000.0,1.9323791129847887,0.46588982513053556
sweep,4446-2271-0004,test-clean,4446,NB8,2,0.125,True,71.39839935302734,7.002756595611572,6.0665740966796875,6.191168308258057,6.730019569396973,4812.5,-19.147299015197,0.5396449556062125
sweep,4446-2271-0004,test-clean,4446,WB8,0,0.0,True,37.859779357910156,6.000506401062012,6.856141567230225,6.842051982879639,4.839043140411377,8000.0,2.134525463495585,0.5069828692364134
sweep,4446-2271-0012,test-clean,4446,NB8,2,0.125,True,80.20809173583984,7.083359241485596,5.608211040496826,5.696905136108398,6.869648456573486,4718.75,-20.87793100620006,0.5545346934505869
sweep,4446-2271-0012,test-clean,4446,WB8,0,0.0,True,35.19915008544922,5.57932710647583,6.643771171569824,6.503155708312988,4.010475158691406,8000.0,3.729145623216697,0.48058294344389546
sweep,4446-2271-0014,test-clean,4446,NB8,2,0.125,True,91.60054016113281,7.658131122589111,6.27495002746582,6.439077377319336,7.630543231964111,4468.75,-16.75242475218343,0.5594706338987007
sweep,4446-2271-0014,test-clean,4446,WB8,0,0.0,True,41.64344787597656,6.273921966552734,7.022864818572998,7.083800315856934,5.172310829162598,8000.0,4.383983361246297,0.5153726759105763
sweep,4446-2271-0016,test-clean,4446,NB8,2,0.125,True,45.443851470947266,5.182579040527344,5.205872535705566,5.1530537605285645,3.913694143295288,4781.25,-22.48790509752945,0.5443851566350899
sweep,4446-2271-0016,test-clean,4446,WB8,0,0.0,True,25.98966407775879,4.7665581703186035,6.023040294647217,5.871464252471924,2.8939568996429443,8000.0,1.5859621572190985,0.5170902415876107
sweep,4446-2271-0024,test-clean,4446,NB8,2,0.125,True,47.016971588134766,5.44618558883667,5.681335926055908,5.56979513168335,4.151374340057373,4906.25,-14.848216033222752,0.5255510131638805
sweep,4446-2271-0024,test-clean,4446,WB8,1,0.0625,True,28.984516143798828,5.154779434204102,6.490204811096191,6.303409099578857,3.3898184299468994,8000.0,3.187053177033335,0.45888593774420483
sweep,4446-2273-0000,test-clean,4446,NB8,2,0.125,True,296.7785949707031,15.059195518493652,6.266251564025879,6.735861778259277,19.58499526977539,4656.25,-15.382935717627365,0.6706545861981903
sweep,4446-2273-0000,test-clean,4446,WB8,0,0.0,True,52.58607482910156,7.132394790649414,6.615116119384766,6.763361930847168,7.283769130706787,8000.0,1.8217383615170946,0.6284062073920215
sweep,4446-2273-0002,test-clean,4446,NB8,2,0.125,True,184.6734161376953,12.341920852661133,6.224477767944336,6.711940765380859,15.466215133666992,5000.0,-10.220616919395457,0.7444422434333002
sweep,4446-2273-0002,test-clean,4446,WB8,0,0.0,True,51.929725646972656,7.109129428863525,6.612264633178711,6.760593414306641,7.26376485824585,8000.0,0.13987349563539098,0.7153698187876925
sweep,4446-2273-0005,test-clean,4446,NB8,2,0.125,True,305.01031494140625,15.653937339782715,6.485165119171143,7.023324966430664,20.452978134155273,4593.75,-14.825604548063007,0.6188922078262813
sweep,4446-2273-0005,test-clean,4446,WB8,0,0.0,True,56.42388916015625,7.441216945648193,6.8469157218933105,7.003381252288818,7.710750579833984,8000.0,1.6302792129297792,0.5610106741651998
sweep,4446-2273-0007,test-clean,4446,NB8,2,0.125,True,176.218017578125,11.787247657775879,6.208130836486816,6.721540927886963,14.71544361114502,4718.75,-14.328351513709933,0.6955294944862666
sweep,4446-2273-0007,test-clean,4446,WB8,0,0.0,True,50.16641616821289,6.954095363616943,6.54440975189209,6.662354946136475,7.0303521156311035,8000.0,-1.4126825634969433,0.6442698419622837
sweep,4446-2273-0010,test-clean,4446,NB8,2,0.125,True,236.38780212402344,12.939245223999023,6.329423427581787,6.789037227630615,16.329845428466797,4562.5,-18.652924808290553,0.6459719740308846
sweep,4446-2273-0010,test-clean,4446,WB8,0,0.0,True,50.394073486328125,6.99383020401001,6.7205586433410645,6.852015018463135,6.962130546569824,8000.0,1.507547398700255,0.5937748476113198
sweep,4446-2273-0015,test-clean,4446,NB8,2,0.125,True,301.16162109375,14.999056816101074,6.466889381408691,7.008137226104736,19.38383674621582,4500.0,-20.84055151887243,0.6830425994865714
sweep,4446-2273-0015,test-clean,4446,WB8,0,0.0,True,55.11996841430664,7.314235687255859,6.889678001403809,7.051984786987305,7.411653518676758,8000.0,1.94446659515194,0.651885069087044
sweep,4446-2273-0021,test-clean,4446,NB8,2,0.125,True,325.7862243652344,15.98237133026123,6.646329879760742,7.1578216552734375,20.898143768310547,4593.75,-12.904352473767895,0.6378834986579386
sweep,4446-2273-0021,test-clean,4446,WB8,0,0.0,True,57.23643493652344,7.4953742027282715,6.912774562835693,7.092304706573486,7.7655348777771,8000.0,2.068574240366124,0.5863113161959715
sweep,4446-2273-0022,test-clean,4446,NB8,2,0.125,True,132.8381805419922,9.827884674072266,6.022835731506348,6.3816094398498535,11.47277545928955,4687.5,-13.181007734436543,0.681600651860779
sweep,4446-2273-0022,test-clean,4446,WB8,0,0.0,True,43.513607025146484,6.380772590637207,6.400942802429199,6.45514440536499,6.008723735809326,8000.0,0.36634427112287066,0.6339711918817554
sweep,4446-2273-0027,test-clean,4446,NB8,2,0.125,True,302.5791931152344,15.41762638092041,6.61493444442749,7.147933483123779,19.998638153076172,4625.0,-12.980017404596929,0.5953671764290476
sweep,4446-2273-0027,test-clean,4446,WB8,0,0.0,True,57.60698318481445,7.507183074951172,6.897567272186279,7.052022457122803,7.791396617889404,8000.0,2.53691324652697,0.5780772042626314
sweep,4446-2273-0032,test-clean,4446,NB8,2,0.125,True,293.1758117675781,14.276498794555664,6.674256801605225,7.0501909255981445,17.982973098754883,4562.5,-23.372360604824625,0.6478042562587999
sweep,4446-2273-0032,test-clean,4446,WB8,0,0.0,True,53.17066955566406,7.164847373962402,6.9313249588012695,7.0351362228393555,7.107193946838379,8000.0,-0.1248428465479569,0.5703720990519674
sweep,4446-2273-0036,test-clean,4446,NB8,2,0.125,True,245.92391967773438,13.083710670471191,6.3202409744262695,6.684010028839111,16.407493591308594,4625.0,-15.42104008923272,0.6210697909562677
sweep,4446-2273-0036,test-clean,4446,WB8,0,0.0,True,48.673526763916016,6.831113815307617,6.6222100257873535,6.724647045135498,6.735217571258545,8000.0,1.0459318151856785,0.5779539676307516
sweep,4446-2275-0011,test-clean,4446,NB8,2,0.125,True,155.47296142578125,11.038769721984863,6.6132121086120605,6.897597312927246,13.096217155456543,5000.0,-8.213519646521224,0.7317852241318373
sweep,4446-2275-0011,test-clean,4446,WB8,0,0.0,True,46.4026985168457,6.684842586517334,6.6227803230285645,6.57243537902832,6.562667369842529,8000.0,-2.1054286106281923,0.688533974750929
sweep,4446-2275-0013,test-clean,4446,NB8,2,0.125,True,290.8368835449219,14.658415794372559,6.724532604217529,7.119447708129883,18.666242599487305,4500.0,-14.034016144826483,0.5635580635738549
sweep,4446-2275-0013,test-clean,4446,WB8,0,0.0,True,55.38104248046875,7.341430187225342,7.058401107788086,7.155595779418945,7.338369369506836,8000.0,2.164468430697725,0.528350690156414
sweep,4446-2275-0015,test-clean,4446,NB8,2,0.125,True,185.6831817626953,12.228033065795898,6.582671642303467,7.008349895477295,15.0465669631958,4843.75,-13.571969160273449,0.6600053154406446
sweep,4446-2275-0015,test-clean,4446,WB8,0,0.0,True,53.05952453613281,7.171666622161865,6.97059440612793,7.035789966583252,7.097339630126953,8000.0,-1.8175358283588419,0.6247215071819432
sweep,4446-2275-0017,test-clean,4446,NB8,2,0.125,True,225.01841735839844,12.30246639251709,6.357517242431641,6.663487911224365,15.055695533752441,4406.25,-16.790509538362283,0.6751433105711634
sweep,4446-2275-0017,test-clean,4446,WB8,0,0.0,True,46.68002700805664,6.673896312713623,6.619168758392334,6.75101900100708,6.36594295501709,8000.0,2.350901551813907,0.6252138924573467
sweep,4446-2275-0019,test-clean,4446,NB8,2,0.125,True,251.04359436035156,13.912017822265625,6.332736968994141,6.780060768127441,17.67879295349121,4656.25,-13.667750392823926,0.7368281621369388
sweep,4446-2275-0019,test-clean,4446,WB8,0,0.0,True,50.76862335205078,7.012368202209473,6.713123798370361,6.846261978149414,6.940049171447754,8000.0,1.0187988949437286,0.6820171794748815
sweep,4446-2275-0021,test-clean,4446,NB8,2,0.125,True,272.76513671875,13.765116691589355,7.177332401275635,7.4499030113220215,17.001346588134766,4531.25,-15.186089650108032,0.580093451728721
sweep,4446-2275-0021,test-clean,4446,WB8,0,0.0,True,52.263214111328125,7.145360946655273,7.220378398895264,7.244545936584473,6.891837120056152,8000.0,1.0185620249893599,0.5606520456300211
sweep,4446-2275-0023,test-clean,4446,NB8,2,0.125,True,212.68869018554688,12.361626625061035,6.419610977172852,6.7155914306640625,15.352383613586426,4625.0,-17.3111692804363,0.6650581018558591
sweep,4446-2275-0023,test-clean,4446,WB8,0,0.0,True,48.75112533569336,6.802449703216553,6.710734844207764,6.751928806304932,6.625790119171143,8000.0,0.40839758206918847,0.6120355879529976
sweep,4446-2275-0029,test-clean,4446,NB8,2,0.125,True,284.1336364746094,15.133793830871582,6.881894111633301,7.290988445281982,19.500490188598633,4562.5,-22.32653583982081,0.6460097350310451
sweep,4446-2275-0029,test-clean,4446,WB8,0,0.0,True,59.23872756958008,7.631555557250977,7.237261772155762,7.321299076080322,7.816864490509033,8000.0,0.7025262830487132,0.5876117176083098
sweep,4446-2275-0030,test-clean,4446,NB8,2,0.125,True,331.69781494140625,16.0930233001709,6.8775105476379395,7.343510627746582,20.778278350830078,4718.75,-23.324313755129573,0.6408870495563839
sweep,4446-2275-0030,test-clean,4446,WB8,0,0.0,True,58.37248611450195,7.5696210861206055,6.992303371429443,7.146657466888428,7.817695617675781,8000.0,0.44930423903657485,0.5866586535427795
sweep,4446-2275-0033,test-clean,4446,NB8,2,0.125,True,208.76324462890625,12.902377128601074,6.390700340270996,6.820048809051514,16.247817993164062,4843.75,-15.658680795335023,0.6971343592586643
sweep,4446-2275-0033,test-clean,4446,WB8,0,0.0,True,52.352317810058594,7.098062992095947,6.819614410400391,6.922568321228027,7.050265312194824,8000.0,0.40611527818586934,0.6314212451912747
sweep,4446-2275-0034,test-clean,4446,NB8,2,0.125,True,202.81832885742188,12.45217227935791,6.5274481773376465,6.9619245529174805,15.283675193786621,4656.25,-13.378976676879695,0.5961867590362457
sweep,4446-2275-0034,test-clean,4446,WB8,0,0.0,True,51.67322540283203,7.017031192779541,7.023723602294922,7.071033000946045,6.6994099617004395,8000.0,3.5465817228321534,0.5708071747514896
sweep,4446-2275-0039,test-clean,4446,NB8,2,0.125,True,205.8995361328125,12.053515434265137,6.683864116668701,6.906984806060791,14.445178985595703,4687.5,-16.811413394501944,0.6647104256530856
sweep,4446-2275-0039,test-clean,4446,WB8,0,0.0,True,47.88319778442383,6.797186851501465,6.950260639190674,6.887707233428955,6.4554524421691895,8000.0,1.2780974431759318,0.628358791024473
sweep,4446-2275-0044,test-clean,4446,NB8,2,0.125,True,274.4066162109375,15.004350662231445,7.436064720153809,7.776251316070557,19.209030151367188,4437.5,-20.531125520298566,0.5432334159613881
sweep,4446-2275-0044,test-clean,4446,WB8,0,0.0,True,63.427547454833984,7.891984462738037,7.426417827606201,7.5785603523254395,8.096772193908691,8000.0,0.4087961864393471,0.5401944408003588
sweep,4507-16021-0000,test-clean,4507,NB8,1,0.0625,True,179.55783081054688,12.649025917053223,7.108813285827637,7.479161739349365,15.991823196411133,4406.25,-18.17431480625212,0.5569086867504379
sweep,4507-16021-0000,test-clean,4507,WB8,0,0.0,True,60.524009704589844,7.74386739730835,7.4779510498046875,7.509649276733398,7.935853958129883,8000.0,-0.31223618433858263,0.5124706504071476
sweep,4507-16021-0001,test-clean,4507,NB8,2,0.125,True,130.87660217285156,10.1172456741333,6.266217231750488,6.404270172119141,12.305695533752441,4375.0,-21.438151593498578,0.6386376931057083
sweep,4507-16021-0001,test-clean,4507,WB8,0,0.0,True,48.699798583984375,6.863243579864502,6.965455055236816,6.93184232711792,6.708977699279785,8000.0,0.04984494089884517,0.5498514492658216
sweep,4507-16021-0002,test-clean,4507,NB8,2,0.125,True,229.20303344726562,13.336546897888184,6.7037248611450195,7.001158714294434,16.9984130859375,4187.5,-28.66837275141723,0.6203811044101912
sweep,4507-16021-0002,test-clean,4507,WB8,0,0.0,True,57.26173782348633,7.48038911819458,7.214627265930176,7.29934549331665,7.599137306213379,8000.0,0.4855353059767687,0.5774410905811487
sweep,4507-16021-0003,test-clean,4507,NB8,2,0.125,True,202.40762329101562,12.789541244506836,6.81177282333374,7.122852325439453,16.235658645629883,4343.75,-24.585238256815423,0.6279668196868005
sweep,4507-16021-0003,test-clean,4507,WB8,0,0.0,True,57.408721923828125,7.5216193199157715,7.260618686676025,7.361179351806641,7.633360862731934,8000.0,0.06647750502258283,0.5517776620790956
sweep,4507-16021-0004,test-clean,4507,NB8,2,0.125,True,229.13197326660156,13.332314491271973,6.706739902496338,6.929240703582764,17.01944351196289,4250.0,-29.95231319236673,0.6590812458196346
sweep,4507-16021-0004,test-clean,4507,WB8,0,0.0,True,54.266746520996094,7.280669689178467,7.131095886230469,7.149549961090088,7.357663154602051,8000.0,0.40285067476618,0.5576796481078892
sweep,4507-16021-0007,test-clean,4507,NB8,2,0.125,True,279.7982482910156,15.208165168762207,7.031991481781006,7.380152225494385,19.83523178100586,4437.5,-25.048702340494685,0.6180944283199826
sweep,4507-16021-0007,test-clean,4507,WB8,0,0.0,True,62.20381546020508,7.843885898590088,7.40993595123291,7.579907417297363,8.055788040161133,8000.0,0.6091753719815294,0.5552761750006024
sweep,4507-16021-0008,test-clean,4507,NB8,2,0.125,True,214.12301635742188,13.249427795410156,6.844787120819092,7.103743553161621,16.951826095581055,4375.0,-25.168293957378637,0.6558692711487745
sweep,4507-16021-0008,test-clean,4507,WB8,0,0.0,True,58.01036071777344,7.5578484535217285,7.2716851234436035,7.352266311645508,7.7061944007873535,8000.0,1.2468402850317266,0.565497376555474
sweep,4507-16021-0011,test-clean,4507,NB8,2,0.125,True,158.84115600585938,11.162924766540527,6.4706926345825195,6.746911525726318,13.849955558776855,4500.0,-19.996109039488115,0.610276148098754
sweep,4507-16021-0011,test-clean,4507,WB8,0,0.0,True,52.647125244140625,7.175848007202148,7.135066986083984,7.140766143798828,7.136596202850342,8000.0,1.3462547757131818,0.5707591833370123
sweep,4507-16021-0020,test-clean,4507,NB8,2,0.125,True,123.7796401977539,9.471259117126465,5.9712910652160645,6.1236572265625,11.32834243774414,4531.25,-22.784956840148652,0.6247853599579496
sweep,4507-16021-0020,test-clean,4507,WB8,0,0.0,True,43.40105056762695,6.4158196449279785,6.746115207672119,6.6998162269592285,5.979030609130859,8000.0,1.0121174392178045,0.5727031290032895
sweep,4507-16021-0022,test-clean,4507,NB8,2,0.125,True,166.5408477783203,11.772892951965332,6.410281658172607,6.732160568237305,14.868328094482422,4687.5,-20.949224931966874,0.6239267103205486
sweep,4507-16021-0022,test-clean,4507,WB8,0,0.0,True,53.85942077636719,7.256087303161621,7.0902838706970215,7.141252517700195,7.29262113571167,8000.0,0.09552139807569132,0.5621194362589385
sweep,4507-16021-0025,test-clean,4507,NB8,2,0.125,True,194.0436248779297,12.363729476928711,6.709845542907715,6.976409435272217,15.578412055969238,4375.0,-24.738556250860206,0.5982852378392838
sweep,4507-16021-0025,test-clean,4507,WB8,0,0.0,True,55.069950103759766,7.340862274169922,7.223384380340576,7.291974067687988,7.334461212158203,8000.0,0.62648006558717,0.508021978591265
sweep,4507-16021-0029,test-clean,4507,NB8,2,0.125,True,86.88640594482422,8.18973159790039,6.13110876083374,6.257009506225586,9.21448040008545,4656.25,-16.62950841063031,0.6507173328583197
sweep,4507-16021-0029,test-clean,4507,WB8,0,0.0,True,42.06767272949219,6.37610387802124,6.81957483291626,6.742000579833984,5.884331226348877,8000.0,0.2633857851488656,0.5668921339462584
sweep,4507-16021-0036,test-clean,4507,NB8,2,0.125,True,165.1659698486328,11.742012977600098,6.645257949829102,6.949649810791016,14.70554256439209,4531.25,-20.837552627458095,0.6471516807838884
sweep,4507-16021-0036,test-clean,4507,WB8,0,0.0,True,54.645042419433594,7.334071159362793,7.095428466796875,7.173598766326904,7.4333367347717285,8000.0,0.6670492058634481,0.57801957083246
sweep,4507-16021-0037,test-clean,4507,NB8,2,0.125,True,183.94680786132812,12.326801300048828,6.575705528259277,6.9127702713012695,15.631560325622559,4531.25,-21.423872553770593,0.6507829264312184
sweep,4507-16021-0037,test-clean,4507,WB8,0,0.0,True,56.487552642822266,7.4492621421813965,7.361809730529785,7.37904167175293,7.438900947570801,8000.0,0.27796431252095694,0.5619792753785791
sweep,4507-16021-0040,test-clean,4507,NB8,2,0.125,True,139.436767578125,10.152481079101562,6.330358505249023,6.471380233764648,12.262378692626953,4406.25,-21.613853375391802,0.6536222386633385
sweep,4507-16021-0040,test-clean,4507,WB8,0,0.0,True,46.47796630859375,6.709281921386719,6.9449334144592285,6.9320220947265625,6.389132022857666,8000.0,-0.32580314772349017,0.5585500204412749
sweep,4507-16021-0043,test-clean,4507,NB8,2,0.125,True,201.2057342529297,13.0839204788208,6.709742069244385,7.065914154052734,16.76394271850586,4437.5,-23.490730206988534,0.6207775839033789
sweep,4507-16021-0043,test-clean,4507,WB8,0,0.0,True,58.8872184753418,7.616758823394775,7.388545989990234,7.485543727874756,7.686894416809082,8000.0,1.519046600820459,0.5506847734642354
sweep,4507-16021-0049,test-clean,4507,NB8,2,0.125,True,183.58013916015625,12.141042709350586,6.917438507080078,7.1060380935668945,15.216565132141113,4437.5,-25.222511240573198,0.5893117068340997
sweep,4507-16021-0049,test-clean,4507,WB8,0,0.0,True,56.27098083496094,7.423712730407715,7.456031799316406,7.4641618728637695,7.313888072967529,8000.0,0.5202544402523397,0.5899826965321551
sweep,4507-16021-0052,test-clean,4507,NB8,2,0.125,True,179.66940307617188,11.725595474243164,6.397795677185059,6.665078639984131,14.71766471862793,4500.0,-23.98350807592205,0.6229581775899685
sweep,4507-16021-0052,test-clean,4507,WB8,0,0.0,True,52.601680755615234,7.143833160400391,7.046392917633057,7.096657752990723,7.114068031311035,8000.0,1.054318100677261,0.5514961890942373
sweep,4507-16021-0055,test-clean,4507,NB8,2,0.125,True,198.22593688964844,12.298523902893066,6.444926738739014,6.690177917480469,15.571455001831055,4531.25,-26.435576991485377,0.6329776200075281
sweep,4507-16021-0055,test-clean,4507,WB8,0,0.0,True,52.747581481933594,7.165217399597168,7.181639194488525,7.176344394683838,7.073803424835205,8000.0,0.23769506508218452,0.5719822649312308
sweep,4507-16021-0056,test-clean,4507,NB8,2,0.125,True,175.93923950195312,12.000202178955078,6.659171104431152,6.983020305633545,15.114739418029785,4593.75,-27.593141955928328,0.6312201249834164
sweep,4507-16021-0056,test-clean,4507,WB8,0,0.0,True,55.521236419677734,7.395108699798584,7.206801414489746,7.288439750671387,7.453919410705566,8000.0,0.03155507159620533,0.5746392554915197
sweep,4507-16021-0057,test-clean,4507,NB8,2,0.125,True,247.82447814941406,14.412444114685059,7.118614196777344,7.465193271636963,18.660608291625977,4437.5,-34.85469513596122,0.5836550260003209
sweep,4507-16021-0057,test-clean,4507,WB8,0,0.0,True,61.531864166259766,7.799154281616211,7.386954307556152,7.491509914398193,8.05608081817627,8000.0,-0.3018817464414473,0.470437352479326
sweep,4970-29093-0001,test-clean,4970,NB8,2,0.125,True,130.57217407226562,9.107380867004395,4.751893520355225,5.143823623657227,11.407601356506348,4562.5,-18.345611682846613,0.6767962454887175
sweep,4970-29093-0001,test-clean,4970,WB8,0,0.0,True,38.42860412597656,5.368833541870117,5.115887641906738,5.239380836486816,5.290799140930176,8000.0,0.2627795329442374,0.6241483546295984
sweep,4970-29093-0009,test-clean,4970,NB8,2,0.125,True,200.03579711914062,11.738466262817383,4.943981170654297,5.4269914627075195,15.308286666870117,4718.75,-12.401244116713716,0.7482486949875649
sweep,4970-29093-0009,test-clean,4970,WB8,0,0.0,True,43.47100067138672,5.88316011428833,5.359653472900391,5.500796794891357,6.059554576873779,8000.0,-0.4530060148207477,0.6828433002350652
sweep,4970-29093-0012,test-clean,4970,NB8,2,0.125,True,156.40724182128906,10.218328475952148,4.698025226593018,5.140404224395752,13.12441349029541,4812.5,-14.407302708549846,0.7179860807598183
sweep,4970-29093-0012,test-clean,4970,WB8,0,0.0,True,39.45635223388672,5.4803242683410645,5.01495885848999,5.14363956451416,5.606421947479248,8000.0,-1.6196326605164333,0.6598388703903391
sweep,4970-29093-0013,test-clean,4970,NB8,2,0.125,True,155.3970947265625,10.328904151916504,4.933426856994629,5.380239009857178,13.217536926269531,4781.25,-15.817891012998187,0.7204281341655123
sweep,4970-29093-0013,test-clean,4970,WB8,0,0.0,True,41.61099624633789,5.762317180633545,5.307656764984131,5.434024333953857,5.892348766326904,8000.0,-0.18199775310976446,0.6658638833732355
sweep,4970-29093-0014,test-clean,4970,NB8,2,0.125,True,121.39461517333984,8.318659782409668,3.9286060333251953,4.290074348449707,10.594494819641113,4781.25,-12.76092419637708,0.7191757203379902
sweep,4970-29093-0014,test-clean,4970,WB8,0,0.0,True,32.87989044189453,4.624508380889893,4.362475872039795,4.44746732711792,4.617217063903809,8000.0,-2.3955096122773707,0.6665713146123161
sweep,4970-29093-0015,test-clean,4970,NB8,2,0.125,True,208.4316864013672,12.891070365905762,5.724093437194824,6.19329833984375,16.849092483520508,4843.75,-14.11531099294901,0.681023683046805
sweep,4970-29093-0015,test-clean,4970,WB8,0,0.0,True,50.20696258544922,6.654012203216553,6.003089904785156,6.174391269683838,6.973748683929443,8000.0,-0.5127911619061337,0.6303390012373815
sweep,4970-29093-0017,test-clean,4970,NB8,2,0.125,True,230.23562622070312,12.139358520507812,4.917422771453857,5.290584087371826,16.00326919555664,4500.0,-15.220503792910112,0.6855720931579223
sweep,4970-29093-0017,test-clean,4970,WB8,0,0.0,True,41.60147476196289,5.599950313568115,5.168124198913574,5.242029190063477,5.810867786407471,8000.0,-1.7600354027620413,0.6443516500707829
sweep,4970-29093-0021,test-clean,4970,NB8,2,0.125,True,156.35916137695312,9.525408744812012,4.2259626388549805,4.653624057769775,12.34092903137207,4656.25,-11.253231338946023,0.7113409873936145
sweep,4970-29093-0021,test-clean,4970,WB8,0,0.0,True,36.83615493774414,4.994263172149658,4.59799861907959,4.767604351043701,5.063352584838867,8000.0,-1.9768400035277633,0.6669778391205934
sweep,4970-29095-0005,test-clean,4970,NB8,2,0.125,True,156.9752197265625,10.763151168823242,5.796728610992432,6.119717121124268,13.417996406555176,4812.5,-14.48279884140317,0.6644138910950055
sweep,4970-29095-0005,test-clean,4970,WB8,0,0.0,True,45.84690856933594,6.353849411010742,6.2279887199401855,6.278528213500977,6.198533535003662,8000.0,0.36162935674324226,0.596107676573511
sweep,4970-29095-0009,test-clean,4970,NB8,2,0.125,True,143.00160217285156,9.621100425720215,5.099447727203369,5.407032012939453,11.822691917419434,4687.5,-18.46473537812534,0.7095440430886703
sweep,4970-29095-0009,test-clean,4970,WB8,0,0.0,True,39.686973571777344,5.616491794586182,5.462289810180664,5.527821063995361,5.3431396484375,8000.0,0.5574876660553644,0.669664110475362
sweep,4970-29095-0010,test-clean,4970,NB8,2,0.125,True,209.60238647460938,11.538114547729492,5.145849227905273,5.414870262145996,14.732341766357422,4875.0,-16.63898769274524,0.6531991785691268
sweep,4970-29095-0010,test-clean,4970,WB8,0,0.0,True,43.683753967285156,5.759444713592529,5.558494567871094,5.628769397735596,5.571185111999512,8000.0,-0.1940348643560229,0.6905557475750216
sweep,4970-29095-0011,test-clean,4970,NB8,2,0.125,True,242.15750122070312,13.254605293273926,5.476725101470947,5.839336395263672,17.28676414489746,4906.25,-14.836731122166778,0.7394229552172151
sweep,4970-29095-0011,test-clean,4970,WB8,0,0.0,True,45.19076156616211,6.2014994621276855,5.8222174644470215,5.900259971618652,6.258128643035889,8000.0,-1.0294188661221049,0.6615445037132859
sweep,4970-29095-0017,test-clean,4970,NB8,2,0.125,True,174.57525634765625,10.83691692352295,5.281670570373535,5.687359809875488,13.70930290222168,4718.75,-17.372240678877073,0.7137178741507864
sweep,4970-29095-0017,test-clean,4970,WB8,0,0.0,True,41.953834533691406,5.870347499847412,5.5726776123046875,5.697302341461182,5.803123474121094,8000.0,0.6319485890026009,0.6514686684946054
sweep,4970-29095-0021,test-clean,4970,NB8,2,0.125,True,148.6774444580078,9.992582321166992,5.199609279632568,5.6007080078125,12.378915786743164,4625.0,-18.503500491810453,0.7060650468013451
sweep,4970-29095-0021,test-clean,4970,WB8,0,0.0,True,40.34989929199219,5.808946132659912,5.645893573760986,5.750648021697998,5.594260215759277,8000.0,1.010184524746114,0.6578157740350029
sweep,4970-29095-0022,test-clean,4970,NB8,2,0.125,True,191.62252807617188,11.459558486938477,5.688482761383057,5.9434967041015625,14.41605281829834,4875.0,-18.037847336267717,0.6681566424200515
sweep,4970-29095-0022,test-clean,4970,WB8,0,0.0,True,44.947696685791016,6.093643665313721,6.032820224761963,6.050150394439697,5.823366641998291,8000.0,-1.6063337750770779,0.6538356504391373
sweep,4970-29095-0027,test-clean,4970,NB8,2,0.125,True,179.12013244628906,11.585721015930176,5.712886810302734,6.192506790161133,14.690278053283691,4656.25,-16.91740964754421,0.6948579763599873
sweep,4970-29095-0027,test-clean,4970,WB8,0,0.0,True,47.41670227050781,6.558247089385986,6.204161643981934,6.372641086578369,6.54470157623291,8000.0,0.4620505501400435,0.6527399563513203
sweep,4970-29095-0034,test-clean,4970,NB8,2,0.125,True,246.96946716308594,13.548388481140137,5.9589619636535645,6.393934726715088,17.53172492980957,4531.25,-15.71655308104409,0.678319414189869
sweep,4970-29095-0034,test-clean,4970,WB8,0,0.0,True,48.722557067871094,6.653354167938232,6.330264568328857,6.47973108291626,6.631667137145996,8000.0,1.9990419212470758,0.6318079077155158
sweep,4970-29095-0035,test-clean,4970,NB8,2,0.125,True,209.5240478515625,12.404730796813965,5.83162260055542,6.173453330993652,15.845963478088379,4781.25,-15.41087575590302,0.6900044730130819
sweep,4970-29095-0035,test-clean,4970,WB8,0,0.0,True,47.6848258972168,6.479074001312256,6.171053886413574,6.276304721832275,6.431567668914795,8000.0,0.7034606949546572,0.5918582817248538
sweep,4970-29095-0038,test-clean,4970,NB8,2,0.125,True,201.987548828125,12.106528282165527,5.500810623168945,5.913475513458252,15.497895240783691,4656.25,-15.599571057837238,0.6991959917818885
sweep,4970-29095-0038,test-clean,4970,WB8,0,0.0,True,46.28752517700195,6.3715291023254395,6.034882068634033,6.139364719390869,6.342416286468506,8000.0,2.16683584959684,0.6485511199487274
sweep,4992-23283-0001,test-clean,4992,NB8,2,0.125,True,105.6374740600586,8.204903602600098,5.438947677612305,5.5189080238342285,9.308992385864258,4281.25,-22.766508417449206,0.6313593599466788
sweep,4992-23283-0001,test-clean,4992,WB8,0,0.0,True,35.67966842651367,5.515447616577148,5.935812950134277,5.9724273681640625,4.619898319244385,8000.0,2.0205064482032604,0.5455649847096509
sweep,4992-23283-0002,test-clean,4992,NB8,2,0.125,True,157.7268829345703,9.760042190551758,5.952129364013672,6.092812538146973,11.423276901245117,4406.25,-28.120886569852267,0.6421305389742523
sweep,4992-23283-0002,test-clean,4992,WB8,0,0.0,True,40.02235412597656,6.0705790519714355,6.38437557220459,6.4820332527160645,5.435709476470947,8000.0,1.429164330782329,0.5488859364244112
sweep,4992-23283-0003,test-clean,4992,NB8,2,0.125,True,170.75650024414062,10.641790390014648,5.801980495452881,6.000333786010742,12.817464828491211,4843.75,-29.183670860647794,0.688784667829936
sweep,4992-23283-0003,test-clean,4992,WB8,0,0.0,True,40.77289581298828,6.043811798095703,6.146067142486572,6.272112846374512,5.438970565795898,8000.0,-0.2720611536910131,0.6163184958577359
sweep,4992-23283-0007,test-clean,4992,NB8,2,0.125,True,162.5557403564453,10.822114944458008,5.841928482055664,6.0797834396362305,13.280851364135742,4500.0,-16.629370093600592,0.6070830802397681
sweep,4992-23283-0007,test-clean,4992,WB8,0,0.0,True,45.60993957519531,6.373749732971191,6.379275321960449,6.507899761199951,5.9394402503967285,8000.0,2.0437999714103823,0.5472876984036602
sweep,4992-23283-0010,test-clean,4992,NB8,2,0.125,True,172.6107940673828,11.369558334350586,6.0898613929748535,6.375322341918945,14.094804763793945,4500.0,-16.01560979617592,0.5984401180016731
sweep,4992-23283-0010,test-clean,4992,WB8,0,0.0,True,47.29142379760742,6.654875755310059,6.614789009094238,6.811066627502441,6.242237091064453,8000.0,2.219950698383265,0.5141780143573896
sweep,4992-23283-0011,test-clean,4992,NB8,2,0.125,True,141.13865661621094,10.317317962646484,5.9641313552856445,6.271448135375977,12.405400276184082,4468.75,-13.755475557860628,0.6249496398912051
sweep,4992-23283-0011,test-clean,4992,WB8,0,0.0,True,42.802467346191406,6.253185272216797,6.3298139572143555,6.451547145843506,5.736016273498535,8000.0,1.7999174083821734,0.5562197070350756
sweep,4992-23283-0014,test-clean,4992,NB8,2,0.125,True,152.30943298339844,10.190357208251953,5.620372772216797,5.858062744140625,12.391433715820312,4531.25,-21.277182182299494,0.6195847363165535
sweep,4992-23283-0014,test-clean,4992,WB8,0,0.0,True,42.665977478027344,6.0741143226623535,6.097409248352051,6.208410739898682,5.594289779663086,8000.0,2.569202626098001,0.5922831057771055
sweep,4992-23283-0018,test-clean,4992,NB8,2,0.125,True,106.94600677490234,8.360057830810547,5.330538749694824,5.466630935668945,9.72181510925293,4281.25,-18.091530513222548,0.6526433701307189
sweep,4992-23283-0018,test-clean,4992,WB8,0,0.0,True,37.683292388916016,5.6239471435546875,5.942948818206787,6.018627643585205,4.838603973388672,8000.0,0.3090609386165556,0.5598691539747338
sweep,4992-41797-0001,test-clean,4992,NB8,2,0.125,True,61.5084114074707,6.615490913391113,5.682138442993164,5.752264022827148,6.332359790802002,4656.25,-10.76333471980571,0.6713653386151527
sweep,4992-41797-0001,test-clean,4992,WB8,0,0.0,True,36.33449935913086,5.637735366821289,6.606208324432373,6.510141372680664,4.0031023025512695,8000.0,1.919923766295201,0.6129419863689095
sweep,4992-41797-0003,test-clean,4992,NB8,2,0.125,True,107.57376861572266,8.385564804077148,5.953659534454346,6.065268039703369,9.019230842590332,4656.25,-10.39275889989456,0.6277411670958322
sweep,4992-41797-0003,test-clean,4992,WB8,0,0.0,True,40.36579895019531,6.035367012023926,6.591432571411133,6.575063705444336,5.047099590301514,8000.0,2.511263161138208,0.5485398051141581
sweep,4992-41797-0005,test-clean,4992,NB8,2,0.125,True,103.02685546875,8.329819679260254,5.532206058502197,5.720856666564941,9.320487022399902,4843.75,-15.981854902363335,0.6968438191317586
sweep,4992-41797-0005,test-clean,4992,WB8,0,0.0,True,39.396034240722656,5.820827960968018,6.378628730773926,6.27877950668335,4.8111395835876465,8000.0,1.3517533305474667,0.6476406276052082
sweep,4992-41797-0007,test-clean,4992,NB8,2,0.125,True,116.06729888916016,9.25201416015625,5.697384834289551,5.872402667999268,10.934304237365723,4562.5,-11.154722771068325,0.6665754059838138
sweep,4992-41797-0007,test-clean,4992,WB8,0,0.0,True,44.92888641357422,6.344593524932861,6.754118919372559,6.688508987426758,5.564124584197998,8000.0,2.8178163946786308,0.579351872170022
sweep,4992-41797-0008,test-clean,4992,NB8,2,0.125,True,83.08998107910156,7.642570495605469,5.90430212020874,6.025379657745361,7.950974464416504,4687.5,-10.783110000249916,0.6587333519816616
sweep,4992-41797-0008,test-clean,4992,WB8,0,0.0,True,41.62560272216797,6.165226459503174,6.942356586456299,6.8832926750183105,4.871923446655273,8000.0,2.654041758383835,0.5937480579915081
sweep,4992-41797-0009,test-clean,4992,NB8,2,0.125,True,94.35731506347656,8.195548057556152,5.941672325134277,6.132792949676514,8.900182723999023,4593.75,-11.98726567443936,0.6549867518987049
sweep,4992-41797-0009,test-clean,4992,WB8,0,0.0,True,42.44746398925781,6.211620330810547,6.868619918823242,6.833930969238281,5.103976726531982,8000.0,2.3895846662738642,0.5983097195192298
sweep,4992-41797-0013,test-clean,4992,NB8,2,0.125,True,115.07372283935547,9.041597366333008,6.1988067626953125,6.390407562255859,10.15568733215332,4656.25,-14.984610523245811,0.6847419400611582
sweep,4992-41797-0013,test-clean,4992,WB8,0,0.0,True,47.34745407104492,6.585328102111816,7.203640460968018,7.1891374588012695,5.535643100738525,8000.0,2.9462945302569565,0.5935106343872687
sweep,4992-41797-0019,test-clean,4992,NB8,2,0.125,True,124.1113052368164,9.055462837219238,6.0597615242004395,6.106871604919434,10.141983032226562,4687.5,-18.770549906190123,0.6636681230221311
sweep,4992-41797-0019,test-clean,4992,WB8,0,0.0,True,46.41581344604492,6.576346397399902,7.111997127532959,7.125353813171387,5.608767032623291,8000.0,3.569256802863643,0.605678625992573
sweep,4992-41797-0021,test-clean,4992,NB8,2,0.125,True,96.66572570800781,8.431035041809082,6.164088726043701,6.306065082550049,9.168405532836914,4687.5,-12.798264170204261,0.6176192310397594
sweep,4992-41797-0021,test-clean,4992,WB8,0,0.0,True,49.852230072021484,6.763357162475586,7.4974775314331055,7.418149471282959,5.587223529815674,8000.0,3.1059845229761356,0.5129048045548953
sweep,4992-41806-0000,test-clean,4992,NB8,2,0.125,True,79.78032684326172,7.438660621643066,5.8008246421813965,5.767101287841797,7.794389247894287,4250.0,-19.056016025945766,0.6521155406659315
sweep,4992-41806-0000,test-clean,4992,WB8,0,0.0,True,40.294410705566406,6.025078773498535,7.0424652099609375,7.01581335067749,4.367842674255371,8000.0,2.4690025381143523,0.5536740714017907
sweep,4992-41806-0008,test-clean,4992,NB8,2,0.125,True,68.82794189453125,6.699117183685303,5.728506565093994,5.735910892486572,6.223612308502197,4718.75,-10.34612500109745,0.6414957623896109
sweep,4992-41806-0008,test-clean,4992,WB8,0,0.0,True,34.56772994995117,5.576531410217285,6.724802494049072,6.587813854217529,3.7214741706848145,8000.0,3.4768194894250137,0.5707946055525089
sweep,4992-41806-0013,test-clean,4992,NB8,2,0.125,True,45.59947204589844,5.551610946655273,5.48091459274292,5.421010971069336,4.500640869140625,4875.0,-15.956173081001364,0.6176341397671433
sweep,4992-41806-0013,test-clean,4992,WB8,0,0.0,True,31.055713653564453,5.247725009918213,6.58086633682251,6.402117729187012,3.2166242599487305,8000.0,0.5282653506712222,0.6182537547903838
sweep,4992-41806-0015,test-clean,4992,NB8,2,0.125,True,74.12366485595703,7.020133972167969,5.667323589324951,5.730112552642822,6.959405899047852,4781.25,-18.09212187079381,0.6197044046205732
sweep,4992-41806-0015,test-clean,4992,WB8,0,0.0,True,35.48677062988281,5.628673076629639,6.609760761260986,6.538051605224609,4.014070987701416,8000.0,2.2333975323759385,0.5701324498658392
sweep,4992-41806-0016,test-clean,4992,NB8,2,0.125,True,64.40861511230469,6.5322113037109375,5.50199031829834,5.516841888427734,6.280304908752441,4656.25,-17.157992130626056,0.6292559002788485
sweep,4992-41806-0016,test-clean,4992,WB8,0,0.0,True,32.97106170654297,5.410223960876465,6.4227705001831055,6.329926490783691,3.7242820262908936,8000.0,2.833737438347223,0.5802632831082833
sweep,5105-28233-0001,test-clean,5105,NB8,2,0.125,True,251.7909393310547,14.571592330932617,6.688543796539307,7.203242301940918,18.88068962097168,4437.5,-21.20959634691749,0.6615543518982547
sweep,5105-28233-0001,test-clean,5105,WB8,0,0.0,True,56.59617233276367,7.475117206573486,6.962245464324951,7.263637065887451,7.595386505126953,8000.0,1.7477357794511093,0.616771151822885
sweep,5105-28233-0003,test-clean,5105,NB8,2,0.125,True,166.42425537109375,11.389057159423828,6.317590713500977,6.843481063842773,13.977856636047363,4437.5,-18.517187303949235,0.6520600661473592
sweep,5105-28233-0003,test-clean,5105,WB8,0,0.0,True,46.98964309692383,6.774448394775391,6.712217807769775,6.90861177444458,6.467945575714111,8000.0,1.6905991798738993,0.616328486965017
sweep,5105-28233-0009,test-clean,5105,NB8,2,0.125,True,140.87171936035156,10.608200073242188,6.307779788970947,6.772715091705322,12.825810432434082,4500.0,-19.514831668412917,0.6932840787299577
sweep,5105-28233-0009,test-clean,5105,WB8,0,0.0,True,46.34114456176758,6.731006622314453,6.649338245391846,6.86358642578125,6.421104907989502,8000.0,1.652154118746893,0.665773507374093
sweep,5105-28233-0010,test-clean,5105,NB8,2,0.125,True,168.92526245117188,11.62440013885498,6.430746078491211,6.90946626663208,14.327718734741211,4500.0,-18.751811047407365,0.6668088301144789
sweep,5105-28233-0010,test-clean,5105,WB8,0,0.0,True,47.910179138183594,6.848814487457275,6.693037033081055,6.910848617553711,6.6205902099609375,8000.0,2.0936131473339685,0.632101494945124
sweep,5105-28240-0000,test-clean,5105,NB8,2,0.125,True,159.0229034423828,11.624171257019043,6.274973392486572,6.7742791175842285,14.565092086791992,4656.25,-16.779102880949754,0.697247484741385
sweep,5105-28240-0000,test-clean,5105,WB8,0,0.0,True,53.161964416503906,7.244528770446777,6.654306411743164,6.919925689697266,7.4745306968688965,8000.0,1.8125077178357984,0.6186425101853803
sweep,5105-28240-0014,test-clean,5105,NB8,2,0.125,True,220.6759490966797,13.704933166503906,6.432809829711914,7.007111072540283,17.750947952270508,4687.5,-13.621525706689532,0.6973571584911262
sweep,5105-28240-0014,test-clean,5105,WB8,0,0.0,True,58.017520904541016,7.579671382904053,6.913271427154541,7.13972282409668,7.932570457458496,8000.0,1.7412427011197018,0.6053740185655077
sweep,5105-28240-0017,test-clean,5105,NB8,2,0.125,True,202.44509887695312,12.952969551086426,6.442065715789795,7.026331424713135,16.563304901123047,4562.5,-19.038620264835405,0.6302974946145785
sweep,5105-28240-0017,test-clean,5105,WB8,0,0.0,True,54.79281997680664,7.362745761871338,6.718385696411133,6.9683709144592285,7.6715168952941895,8000.0,0.15327778371496856,0.5905485009464284
sweep,5105-28240-0018,test-clean,5105,NB8,2,0.125,True,145.1905059814453,11.20625114440918,6.247405052185059,6.683384895324707,13.949560165405273,4812.5,-15.565487106126273,0.6814987403642359
sweep,5105-28240-0018,test-clean,5105,WB8,0,0.0,True,52.769142150878906,7.186679840087891,6.552577495574951,6.78980016708374,7.451425075531006,8000.0,0.6826090301104903,0.5969545520936771
sweep,5105-28241-0000,test-clean,5105,NB8,2,0.125,True,180.1001434326172,12.007948875427246,7.182193279266357,7.416572570800781,14.593917846679688,4375.0,-15.887253682377862,0.6102752829833933
sweep,5105-28241-0000,test-clean,5105,WB8,0,0.0,True,53.18800354003906,7.20824670791626,7.34452486038208,7.335518836975098,6.890667915344238,8000.0,1.766816690836749,0.5964964906563932
sweep,5105-28241-0009,test-clean,5105,NB8,2,0.125,True,112.9306869506836,9.331304550170898,7.268550395965576,7.230628967285156,9.969696998596191,4625.0,-13.87364108702323,0.6548606109442476
sweep,5105-28241-0009,test-clean,5105,WB8,0,0.0,True,44.3653450012207,6.540089130401611,7.3126349449157715,7.170010089874268,5.494097709655762,8000.0,0.4445653219220039,0.6435202007606212
sweep,5105-28241-0016,test-clean,5105,NB8,2,0.125,True,206.4881134033203,12.843632698059082,7.4636311531066895,7.641880989074707,15.531333923339844,4531.25,-20.76782968528185,0.6775035446365204
sweep,5105-28241-0016,test-clean,5105,WB8,0,0.0,True,54.11671447753906,7.293942928314209,7.363213539123535,7.407363414764404,6.886030197143555,8000.0,2.5129292544971538,0.6081739564938335
sweep,5142-33396-0009,test-clean,5142,NB8,2,0.125,True,213.2791748046875,13.80001163482666,5.887829303741455,6.519115447998047,18.106508255004883,4156.25,-21.61259064358552,0.7553130965169661
sweep,5142-33396-0009,test-clean,5142,WB8,0,0.0,True,45.47809982299805,6.635836124420166,6.4227070808410645,6.746097564697266,6.411751747131348,8000.0,0.03634980305324923,0.7012940636256371
sweep,5142-33396-0014,test-clean,5142,NB8,2,0.125,True,154.5930633544922,11.530197143554688,6.169468879699707,6.746144771575928,14.409722328186035,4312.5,-18.34394441428615,0.6631326021819784
sweep,5142-33396-0014,test-clean,5142,WB8,0,0.0,True,45.028297424316406,6.612222194671631,6.677008628845215,7.17584753036499,5.837211608886719,8000.0,-0.9392028294020336,0.6957382825654376
sweep,5142-33396-0019,test-clean,5142,NB8,2,0.125,True,170.39761352539062,12.288416862487793,6.35105562210083,6.891825199127197,15.60456657409668,4406.25,-15.887407603102076,0.7359742245582065
sweep,5142-33396-0019,test-clean,5142,WB8,0,0.0,True,45.72328186035156,6.6673197746276855,6.9852190017700195,7.193512439727783,5.983009338378906,8000.0,-0.6475307490610167,0.6927081943653253
sweep,5142-33396-0021,test-clean,5142,NB8,2,0.125,True,135.6018524169922,10.893255233764648,6.367502689361572,6.797792911529541,13.412334442138672,4406.25,-17.918371415138626,0.7071266376723322
sweep,5142-33396-0021,test-clean,5142,WB8,0,0.0,True,43.0067024230957,6.473044395446777,6.8628458976745605,7.0756611824035645,5.685416221618652,8000.0,-1.0561744880061117,0.687019090955308
sweep,5142-33396-0023,test-clean,5142,NB8,2,0.125,True,169.5556182861328,12.219589233398438,6.217940330505371,6.982676029205322,15.494648933410645,4437.5,-15.470855161586645,0.7010054604758894
sweep,5142-33396-0023,test-clean,5142,WB8,0,0.0,True,49.90746307373047,6.9966840744018555,6.936039447784424,7.331384658813477,6.5508904457092285,8000.0,-0.23714619915420193,0.6843827616781146
sweep,5142-33396-0030,test-clean,5142,NB8,2,0.125,True,92.13792419433594,8.750195503234863,6.01145076751709,6.393150329589844,10.08445930480957,4437.5,-11.553033741880512,0.7338237338422758
sweep,5142-33396-0030,test-clean,5142,WB8,0,0.0,True,39.80341720581055,6.1771416664123535,6.687009811401367,6.870120048522949,5.286937713623047,8000.0,0.3821081177714901,0.698459768946932
sweep,5142-33396-0035,test-clean,5142,NB8,2,0.125,True,112.42019653320312,9.682353973388672,5.94987154006958,6.495602607727051,11.72958755493164,4343.75,-16.164975363405528,0.7395106186280153
sweep,5142-33396-0035,test-clean,5142,WB8,0,0.0,True,42.8157844543457,6.338980197906494,6.823164463043213,6.998962879180908,5.509167194366455,8000.0,-0.15331431091779474,0.6879911514667542
sweep,5142-33396-0037,test-clean,5142,NB8,2,0.125,True,85.213134765625,8.3222017288208,5.487452507019043,5.841201305389404,9.745429992675781,4437.5,-15.96910209173542,0.7412468869552947
sweep,5142-33396-0037,test-clean,5142,WB8,0,0.0,True,33.211936950683594,5.546827793121338,6.245059967041016,6.412773132324219,4.3326849937438965,8000.0,-0.8050007395080763,0.7056836976025683
sweep,5142-33396-0040,test-clean,5142,NB8,2,0.125,True,147.43453979492188,11.049673080444336,5.945756912231445,6.4555792808532715,13.837596893310547,4437.5,-12.64859909324323,0.7058723529938182
sweep,5142-33396-0040,test-clean,5142,WB8,0,0.0,True,44.63677978515625,6.481419563293457,6.737751483917236,6.980466365814209,5.791430950164795,8000.0,1.019070027788385,0.6418081360872497
sweep,5142-33396-0041,test-clean,5142,NB8,2,0.125,True,136.2877197265625,10.751428604125977,5.914174556732178,6.404329776763916,13.457893371582031,4781.25,-14.065740855020376,0.7222721765600121
sweep,5142-33396-0041,test-clean,5142,WB8,0,0.0,True,41.973533630371094,6.331151962280273,6.610620975494385,6.753220558166504,5.753943920135498,8000.0,-0.024675776988047092,0.6839983722045461
sweep,5142-33396-0049,test-clean,5142,NB8,2,0.125,True,154.5067138671875,11.600597381591797,6.004157543182373,6.502662658691406,14.71228313446045,4625.0,-14.193923651540992,0.7735791479081681
sweep,5142-33396-0049,test-clean,5142,WB8,0,0.0,True,42.801021575927734,6.425828456878662,6.60098934173584,6.900883197784424,5.788220405578613,8000.0,-0.747930458467876,0.725007463123682
sweep,5142-33396-0050,test-clean,5142,NB8,2,0.125,True,152.1292724609375,11.585447311401367,6.245759010314941,6.82312536239624,14.555434226989746,4500.0,-16.09652794902371,0.7504325346008818
sweep,5142-33396-0050,test-clean,5142,WB8,0,0.0,True,44.281429290771484,6.534955978393555,6.793841361999512,7.000949382781982,5.873498916625977,8000.0,-0.4392382613690709,0.7040526551398762
sweep,5142-33396-0053,test-clean,5142,NB8,2,0.125,True,148.80055236816406,11.471304893493652,6.236661911010742,6.761641502380371,14.364356994628906,4406.25,-11.18537841148539,0.7381971372120046
sweep,5142-33396-0053,test-clean,5142,WB8,0,0.0,True,45.132423400878906,6.623623371124268,6.984010696411133,7.165668487548828,5.907717227935791,8000.0,0.3865825350061285,0.7051052893353502
sweep,5142-33396-0054,test-clean,5142,NB8,2,0.125,True,143.72332763671875,10.88284969329834,5.999883651733398,6.5368146896362305,13.491028785705566,4625.0,-17.257212441814133,0.7554002977496805
sweep,5142-33396-0054,test-clean,5142,WB8,0,0.0,True,42.77934646606445,6.394925594329834,6.79582405090332,6.986350059509277,5.5988054275512695,8000.0,0.1379382387697115,0.6857412956076641
sweep,5142-33396-0056,test-clean,5142,NB8,2,0.125,True,175.0817413330078,12.413227081298828,5.960720062255859,6.616494655609131,15.987293243408203,4468.75,-9.594649625784854,0.7594399821097007
sweep,5142-33396-0056,test-clean,5142,WB8,0,0.0,True,47.190086364746094,6.799327373504639,6.7433648109436035,6.926556587219238,6.571440696716309,8000.0,0.8131623321117482,0.6979355670539062
sweep,5142-33396-0060,test-clean,5142,NB8,2,0.125,True,134.5306396484375,10.324237823486328,5.845839977264404,6.2566237449646,12.76015853881836,4437.5,-15.524456777858353,0.7486801622742472
sweep,5142-33396-0060,test-clean,5142,WB8,0,0.0,True,42.9775505065918,6.3708038330078125,6.700869083404541,6.730354309082031,5.8335347175598145,8000.0,1.882381537284132,0.6739479554474923
sweep,5142-33396-0062,test-clean,5142,NB8,2,0.125,True,171.2154998779297,12.094114303588867,6.188972473144531,6.795508861541748,15.391936302185059,4468.75,-13.926480458126594,0.7674574332173424
sweep,5142-33396-0062,test-clean,5142,WB8,0,0.0,True,48.01569747924805,6.872565269470215,6.657215595245361,6.775340557098389,6.873476505279541,8000.0,1.5662086033934375,0.7341406906780006
sweep,5142-33396-0064,test-clean,5142,NB8,2,0.125,True,106.3570327758789,9.306262016296387,5.753311634063721,6.3372578620910645,11.092034339904785,4562.5,-14.237661613431904,0.7629515050582502
sweep,5142-33396-0064,test-clean,5142,WB8,0,0.0,True,38.26797866821289,6.074092388153076,6.289231300354004,6.392027854919434,5.585923671722412,8000.0,0.5127650583604388,0.7458088262837776
sweep,5142-36377-0000,test-clean,5142,NB8,2,0.125,True,172.8092498779297,12.233716011047363,6.440737247467041,7.062539100646973,15.479836463928223,4437.5,-16.91239159447159,0.6962266192266611
sweep,5142-36377-0000,test-clean,5142,WB8,0,0.0,True,51.67124557495117,7.11585807800293,7.06953763961792,7.204969882965088,6.936131477355957,8000.0,1.5022649514284911,0.6289060953363917
sweep,5142-36377-0002,test-clean,5142,NB8,2,0.125,True,133.48423767089844,10.738032341003418,6.249122619628906,6.766555309295654,13.210455894470215,4468.75,-15.108684031221964,0.7088904145241307
sweep,5142-36377-0002,test-clean,5142,WB8,0,0.0,True,45.8666877746582,6.689598083496094,6.993057727813721,7.136453151702881,6.093109607696533,8000.0,0.57649787004129,0.6692750360714571
sweep,5142-36377-0003,test-clean,5142,NB8,2,0.125,True,185.14028930664062,12.499629974365234,6.480361461639404,7.03875732421875,15.724400520324707,4468.75,-17.225322116185037,0.6727638228044377
sweep,5142-36377-0003,test-clean,5142,WB8,0,0.0,True,49.24589538574219,6.931358337402344,7.0446882247924805,7.131783485412598,6.57688570022583,8000.0,1.2528567659630865,0.6450021337676919
sweep,5142-36377-0004,test-clean,5142,NB8,2,0.125,True,219.53428649902344,13.956948280334473,6.653599262237549,7.207515239715576,18.051969528198242,4718.75,-15.570879844572534,0.7566758267695554
sweep,5142-36377-0004,test-clean,5142,WB8,0,0.0,True,54.3184700012207,7.298299789428711,7.215144157409668,7.398921966552734,7.084259510040283,8000.0,1.9461281094331775,0.7062296025537947
sweep,5142-36377-0006,test-clean,5142,NB8,2,0.125,True,174.8551483154297,12.500090599060059,6.657370090484619,7.156062126159668,15.85558032989502,4562.5,-15.456736831438246,0.6885550084338339
sweep,5142-36377-0006,test-clean,5142,WB8,0,0.0,True,52.778411865234375,7.202531814575195,7.152997016906738,7.382833003997803,6.926318645477295,8000.0,0.20778324156231615,0.5903847509538994
sweep,5142-36377-0007,test-clean,5142,NB8,2,0.125,True,167.5080108642578,11.95394515991211,6.421350002288818,6.89978551864624,14.985490798950195,4406.25,-16.68793979296339,0.6709610936232107
sweep,5142-36377-0007,test-clean,5142,WB8,0,0.0,True,50.889862060546875,7.006572246551514,7.390573501586914,7.495102882385254,6.359863758087158,8000.0,1.511191388243053,0.5828616396855358
sweep,5142-36377-0010,test-clean,5142,NB8,2,0.125,True,187.8782958984375,12.577018737792969,6.404135227203369,6.961633205413818,16.020915985107422,4468.75,-17.079224100393276,0.6692098265817141
sweep,5142-36377-0010,test-clean,5142,WB8,0,0.0,True,52.3879280090332,7.14272403717041,7.281442642211914,7.444866180419922,6.724270343780518,8000.0,1.4607841980978424,0.6105109898380413
sweep,5142-36377-0014,test-clean,5142,NB8,2,0.125,True,148.77439880371094,11.073413848876953,6.046894073486328,6.552046775817871,13.725481986999512,4500.0,-15.431253268527607,0.7101246563973862
sweep,5142-36377-0014,test-clean,5142,WB8,0,0.0,True,44.00642776489258,6.510523319244385,6.878337860107422,7.006993293762207,5.824920654296875,8000.0,1.1556996758715503,0.6306488117308223
sweep,5142-36377-0015,test-clean,5142,NB8,2,0.125,True,157.9172821044922,11.658939361572266,6.348575592041016,6.873737812042236,14.564669609069824,4531.25,-14.010979253796595,0.6691814057819844
sweep,5142-36377-0015,test-clean,5142,WB8,0,0.0,True,47.65048599243164,6.807302951812744,7.18031644821167,7.353000640869141,6.089601516723633,8000.0,2.3899927049363687,0.61008377762096
sweep,5142-36377-0019,test-clean,5142,NB8,2,0.125,True,155.1457977294922,11.13416862487793,5.98588752746582,6.5412163734436035,13.944404602050781,4593.75,-14.666176259484768,0.7411526622829921
sweep,5142-36377-0019,test-clean,5142,WB8,0,0.0,True,43.464385986328125,6.3427815437316895,6.57940149307251,6.66279935836792,5.818844318389893,8000.0,1.0813311856892605,0.7021502950199584
sweep,5142-36377-0022,test-clean,5142,NB8,2,0.125,True,171.3495330810547,12.145228385925293,6.317682266235352,6.841678619384766,15.344895362854004,4531.25,-15.085677712650243,0.6699007808284169
sweep,5142-36377-0022,test-clean,5142,WB8,0,0.0,True,48.916236877441406,6.887490749359131,7.154202461242676,7.298543453216553,6.314723968505859,8000.0,1.6386060495769847,0.5744634345902375
sweep,5142-36600-0001,test-clean,5142,NB8,2,0.125,True,134.6253662109375,10.70742416381836,6.357447147369385,6.838522434234619,13.077054023742676,4468.75,-14.843485052314469,0.7053279200241501
sweep,5142-36600-0001,test-clean,5142,WB8,0,0.0,True,50.17357635498047,6.967820644378662,7.451674461364746,7.603403091430664,6.12713623046875,8000.0,1.8341634680743024,0.6140521444954644
sweep,5639-40744-0009,test-clean,5639,NB8,2,0.125,True,80.21162414550781,7.376104831695557,5.8118414878845215,5.98696756362915,7.601378917694092,4718.75,-8.481564399255973,0.6132338260084408
sweep,5639-40744-0009,test-clean,5639,WB8,0,0.0,True,40.07524108886719,5.81417989730835,6.458333492279053,6.3733978271484375,4.6274871826171875,8000.0,-2.5354271076943995,0.5624141120616307
sweep,5639-40744-0016,test-clean,5639,NB8,2,0.125,True,82.6860580444336,7.480539798736572,5.895418643951416,6.355875015258789,7.454394817352295,4687.5,-12.096673506181133,0.6691406805315202
sweep,5639-40744-0016,test-clean,5639,WB8,0,0.0,True,37.571571350097656,5.850008010864258,6.666080951690674,6.660393714904785,4.424324989318848,8000.0,0.572018254818369,0.6107078457952325
sweep,5639-40744-0018,test-clean,5639,NB8,2,0.125,True,107.53353118896484,8.51022720336914,6.213896751403809,6.565298080444336,8.998642921447754,4656.25,-15.163758385300579,0.6387444753764725
sweep,5639-40744-0018,test-clean,5639,WB8,0,0.0,True,44.04856872558594,6.366100788116455,6.959196090698242,6.955371379852295,5.17829704284668,8000.0,2.621296978952522,0.5606771596813924
sweep,5639-40744-0021,test-clean,5639,NB8,2,0.125,True,148.4684295654297,9.465404510498047,6.207858562469482,6.55819845199585,10.43331241607666,4687.5,-18.13772522982748,0.6071764301597676
sweep,5639-40744-0021,test-clean,5639,WB8,0,0.0,True,44.48638916015625,6.351605415344238,7.044239044189453,7.007233142852783,5.137641906738281,8000.0,0.9449620688333229,0.5686889894675432
sweep,5639-40744-0035,test-clean,5639,NB8,2,0.125,True,141.92735290527344,9.39734172821045,6.175772190093994,6.467523574829102,10.384944915771484,4781.25,-16.540919213676936,0.6230847328540432
sweep,5639-40744-0035,test-clean,5639,WB8,0,0.0,True,45.51643371582031,6.4289140701293945,7.130005836486816,7.110150337219238,5.147885799407959,8000.0,2.1937991409116684,0.5731312617062387
sweep,5639-40744-0037,test-clean,5639,NB8,2,0.125,True,122.58285522460938,8.649958610534668,6.182645320892334,6.455422878265381,9.185090065002441,4656.25,-16.562788007186683,0.6553649652147818
sweep,5639-40744-0037,test-clean,5639,WB8,0,0.0,True,42.101348876953125,6.174236297607422,6.948044300079346,6.935302257537842,4.7930521965026855,8000.0,1.1708527146472076,0.5665741055338688
sweep,5683-32865-0004,test-clean,5683,NB8,2,0.125,True,169.75328063964844,10.307188987731934,5.9191718101501465,6.155782699584961,12.31318473815918,4625.0,-22.048814973596144,0.6893987085986469
sweep,5683-32865-0004,test-clean,5683,WB8,0,0.0,True,42.898494720458984,6.163879871368408,6.432244300842285,6.460690975189209,5.5170087814331055,8000.0,1.4899296325889266,0.6434192727364505
sweep,5683-32865-0007,test-clean,5683,NB8,2,0.125,True,146.86074829101562,10.339677810668945,6.031013011932373,6.326469898223877,12.50397777557373,4687.5,-16.47338062534971,0.6416574523977585
sweep,5683-32865-0007,test-clean,5683,WB8,0,0.0,True,46.68263626098633,6.528051853179932,6.655630588531494,6.719354629516602,6.087487697601318,8000.0,1.9052726189269633,0.590123750416226
sweep,5683-32865-0008,test-clean,5683,NB8,2,0.125,True,110.81592559814453,8.665396690368652,5.416189670562744,5.698637008666992,10.094669342041016,4906.25,-19.509203818618918,0.6363686026785395
sweep,5683-32865-0008,test-clean,5683,WB8,0,0.0,True,37.67608642578125,5.693573474884033,5.9239959716796875,5.980886936187744,5.059629440307617,8000.0,0.5112396412920448,0.587888007047969
sweep,5683-32865-0010,test-clean,5683,NB8,2,0.125,True,162.08212280273438,10.596083641052246,6.0972771644592285,6.430964469909668,12.77122688293457,4687.5,-22.792097031760825,0.6095618767209352
sweep,5683-32865-0010,test-clean,5683,WB8,0,0.0,True,44.93714904785156,6.4114580154418945,6.717379093170166,6.741293430328369,5.802742004394531,8000.0,0.9712415088208206,0.6460000376440284
sweep,5683-32865-0014,test-clean,5683,NB8,2,0.125,True,152.53289794921875,10.369390487670898,5.925889015197754,6.251981258392334,12.59034252166748,5000.0,-9.86604824527026,0.740147217939949
sweep,5683-32865-0014,test-clean,5683,WB8,0,0.0,True,43.40949630737305,6.216481685638428,6.19078254699707,6.281084060668945,5.887443542480469,8000.0,-0.5324450489735575,0.7114275518454838
sweep,5683-32865-0016,test-clean,5683,NB8,2,0.125,True,83.55728149414062,7.892088413238525,5.560500144958496,5.800069808959961,8.763421058654785,5000.0,-11.535087997172093,0.6909621055470598
sweep,5683-32865-0016,test-clean,5683,WB8,0,0.0,True,37.50955581665039,5.701502799987793,6.09306526184082,6.051158428192139,4.876260757446289,8000.0,-0.841987126247238,0.5962580907407178
sweep,5683-32866-0003,test-clean,5683,NB8,2,0.125,True,81.69659423828125,7.846342086791992,6.102854251861572,6.247810363769531,8.483015060424805,4968.75,-19.35543944868844,0.6135315581575643
sweep,5683-32866-0003,test-clean,5683,WB8,0,0.0,True,37.45654296875,5.833705902099609,6.490569114685059,6.443493843078613,4.825057029724121,8000.0,1.2433865930716856,0.5528180606744822
sweep,5683-32866-0007,test-clean,5683,NB8,2,0.125,True,110.83547973632812,9.144338607788086,6.243178367614746,6.422507286071777,10.503328323364258,5125.0,-10.403853993154978,0.7734094831559216
sweep,5683-32866-0007,test-clean,5683,WB8,0,0.0,True,42.97062301635742,6.310338020324707,6.736776828765869,6.758212566375732,5.567627906799316,8000.0,0.5113896915279936,0.70277072056661
sweep,5683-32866-0010,test-clean,5683,NB8,2,0.125,True,131.48785400390625,9.70050048828125,6.176111221313477,6.401370525360107,11.33568286895752,4750.0,-15.40236894868942,0.6657586149178122
sweep,5683-32866-0010,test-clean,5683,WB8,0,0.0,True,43.2765998840332,6.3131608963012695,6.586369514465332,6.617869853973389,5.697903156280518,8000.0,2.1710794659211166,0.6080865968450214
sweep,5683-32866-0019,test-clean,5683,NB8,2,0.125,True,185.55636596679688,11.761529922485352,6.546869277954102,6.8396711349487305,14.535100936889648,4718.75,-20.216033553983053,0.6061290381249962
sweep,5683-32866-0019,test-clean,5683,WB8,0,0.0,True,50.830772399902344,7.003556728363037,7.053663730621338,7.161740779876709,6.675888538360596,8000.0,1.9237003279160132,0.5580061417351733
sweep,5683-32866-0020,test-clean,5683,NB8,2,0.125,True,180.50552368164062,11.476988792419434,6.4969000816345215,6.746812343597412,14.0693941116333,4718.75,-19.10283043095968,0.6330253228268883
sweep,5683-32866-0020,test-clean,5683,WB8,0,0.0,True,48.68303680419922,6.807226657867432,6.834323883056641,6.875726222991943,6.518884181976318,8000.0,2.0371651655340983,0.5875598644150147
sweep,5683-32866-0023,test-clean,5683,NB8,2,0.125,True,74.88981628417969,7.052657604217529,5.529080867767334,5.643101692199707,7.328774929046631,4875.0,-15.306026106043422,0.666557952275323
sweep,5683-32866-0023,test-clean,5683,WB8,0,0.0,True,31.990406036376953,5.3538594245910645,6.072507858276367,5.977431297302246,4.256000995635986,8000.0,1.5039095899553698,0.6623328960039903
sweep,5683-32866-0024,test-clean,5683,NB8,2,0.125,True,125.38160705566406,9.251401901245117,6.139587879180908,6.346127986907959,10.645598411560059,4687.5,-17.077982329352974,0.6674621252505615
sweep,5683-32866-0024,test-clean,5683,WB8,0,0.0,True,40.55689239501953,6.138286590576172,6.569845199584961,6.574814796447754,5.4028754234313965,8000.0,2.091540564118995,0.6221685433076859
sweep,5683-32866-0029,test-clean,5683,NB8,2,0.125,True,150.26043701171875,9.461679458618164,5.781097412109375,5.902451038360596,11.043193817138672,4750.0,-25.795574121308444,0.6370209657427599
sweep,5683-32866-0029,test-clean,5683,WB8,0,0.0,True,36.31144332885742,5.695753574371338,6.0599684715271,6.107632637023926,4.895124912261963,8000.0,0.5655400099380627,0.5871705771173225
sweep,5683-32879-0002,test-clean,5683,NB8,2,0.125,True,174.3933563232422,10.991365432739258,6.2426438331604,6.54174280166626,13.264389991760254,4750.0,-24.54184508875969,0.68950165735109
sweep,5683-32879-0002,test-clean,5683,WB8,0,0.0,True,45.616085052490234,6.498852252960205,6.766508102416992,6.812403678894043,5.879065990447998,8000.0,0.9108183244714889,0.645438937010555
sweep,5683-32879-0007,test-clean,5683,NB8,2,0.125,True,215.84967041015625,12.480815887451172,6.34981107711792,6.685600757598877,15.57861328125,4593.75,-21.075903464832756,0.5900965417677997
sweep,5683-32879-0007,test-clean,5683,WB8,0,0.0,True,49.32237243652344,6.786602973937988,6.6758952140808105,6.742086887359619,6.5471720695495605,8000.0,0.5552818535660863,0.5394685781630074
sweep,5683-32879-0010,test-clean,5683,NB8,2,0.125,True,234.48348999023438,13.415287017822266,6.569945335388184,6.932544708251953,17.047286987304688,4750.0,-17.881897555754414,0.6149904738409572
sweep,5683-32879-0010,test-clean,5683,WB8,0,0.0,True,54.245784759521484,7.2143049240112305,7.152423858642578,7.239593982696533,7.004122257232666,8000.0,1.7708631834412691,0.5425777420498599
sweep,5683-32879-0011,test-clean,5683,NB8,2,0.125,True,206.27313232421875,12.365981101989746,6.341619968414307,6.71579647064209,15.444339752197266,4843.75,-19.615863068843243,0.6435156884337562
sweep,5683-32879-0011,test-clean,5683,WB8,0,0.0,True,51.12009048461914,6.932220458984375,6.855554580688477,7.0035576820373535,6.629340648651123,8000.0,1.693275767425673,0.5740670259469512
sweep,5683-32879-0013,test-clean,5683,NB8,2,0.125,True,192.3297119140625,11.741841316223145,6.324567794799805,6.640217304229736,14.479864120483398,4750.0,-22.05659526562538,0.6507997411545089
sweep,5683-32879-0013,test-clean,5683,WB8,0,0.0,True,48.444000244140625,6.76296854019165,6.936114311218262,6.988008499145508,6.2788166999816895,8000.0,0.754099812163993,0.5940842869260285
sweep,5683-32879-0014,test-clean,5683,NB8,2,0.125,True,171.12664794921875,10.873888969421387,5.899635314941406,6.146334171295166,13.325765609741211,4656.25,-18.99984156275966,0.6681846736528516
sweep,5683-32879-0014,test-clean,5683,WB8,0,0.0,True,45.05894088745117,6.333310127258301,6.4813337326049805,6.495824337005615,5.838649272918701,8000.0,2.1406792982034295,0.6017269541625438
sweep,5683-32879-0017,test-clean,5683,NB8,2,0.125,True,151.2506866455078,10.378512382507324,6.058239459991455,6.3125081062316895,12.516769409179688,4968.75,-23.388106272583244,0.6477224338143287
sweep,5683-32879-0017,test-clean,5683,WB8,0,0.0,True,44.78740310668945,6.380529403686523,6.606644153594971,6.653727054595947,5.801583766937256,8000.0,0.6122729266957521,0.5639518017802194
sweep,5683-32879-0018,test-clean,5683,NB8,2,0.125,True,155.52194213867188,10.672164916992188,6.366022109985352,6.58925724029541,12.827109336853027,4875.0,-18.342357523237887,0.6600373213164183
sweep,5683-32879-0018,test-clean,5683,WB8,0,0.0,True,46.85452651977539,6.575707912445068,6.866619110107422,6.892085075378418,5.996944427490234,8000.0,-0.5792384779148979,0.5786031911639061
sweep,5683-32879-0019,test-clean,5683,NB8,2,0.125,True,145.2871856689453,10.862797737121582,6.551145553588867,6.849229335784912,13.105541229248047,4843.75,-17.20543078515561,0.6055975265773356
sweep,5683-32879-0019,test-clean,5683,WB8,0,0.0,True,49.508731842041016,6.893098831176758,7.181833267211914,7.2252912521362305,6.319868564605713,8000.0,1.2493260635627466,0.5721885440606608
sweep,5683-32879-0020,test-clean,5683,NB8,2,0.125,True,211.69235229492188,12.515069961547852,6.386213302612305,6.681323051452637,15.776819229125977,4531.25,-18.555938134508526,0.6714005852093738
sweep,5683-32879-0020,test-clean,5683,WB8,0,0.0,True,50.05402755737305,6.808625221252441,6.814831256866455,6.868930339813232,6.550513744354248,8000.0,1.084628940705664,0.6258334563680846
sweep,5683-32879-0022,test-clean,5683,NB8,2,0.125,True,163.94654846191406,10.2702054977417,5.888528347015381,6.10486364364624,12.242411613464355,4531.25,-23.150663723543513,0.5757783403462987
sweep,5683-32879-0022,test-clean,5683,WB8,0,0.0,True,42.34244155883789,6.092527389526367,6.484883785247803,6.4481520652771,5.316573143005371,8000.0,2.970549895360803,0.520418637353145
sweep,6829-68769-0000,test-clean,6829,NB8,2,0.125,True,261.1094665527344,14.645096778869629,6.04879093170166,6.432919979095459,19.273469924926758,4562.5,-18.67650691030463,0.5997379005656042
sweep,6829-68769-0000,test-clean,6829,WB8,0,0.0,True,55.72962951660156,7.235940933227539,6.697449684143066,6.856120586395264,7.459109783172607,8000.0,1.499541470731157,0.5047505743048316
sweep,6829-68769-0001,test-clean,6829,NB8,2,0.125,True,301.7669982910156,15.662215232849121,6.319772720336914,6.744655609130859,20.65605926513672,4531.25,-21.143497534540092,0.6342811136869115
sweep,6829-68769-0001,test-clean,6829,WB8,0,0.0,True,58.13047409057617,7.470015525817871,6.874415397644043,7.0504469871521,7.746167182922363,8000.0,1.3830273339083514,0.5341194040580929
sweep,6829-68769-0006,test-clean,6829,NB8,2,0.125,True,247.57029724121094,14.311453819274902,6.214823246002197,6.598432540893555,18.669157028198242,4625.0,-17.082291895761113,0.6263715698420532
sweep,6829-68769-0006,test-clean,6829,WB8,0,0.0,True,53.50691223144531,7.15483283996582,6.700206756591797,6.798572540283203,7.323249816894531,8000.0,1.3194849332661276,0.5748814594720265
sweep,6829-68769-0010,test-clean,6829,NB8,2,0.125,True,198.51580810546875,12.144975662231445,6.273767948150635,6.4349775314331055,15.121071815490723,4593.75,-16.09607570821723,0.5930727347083719
sweep,6829-68769-0010,test-clean,6829,WB8,0,0.0,True,46.752628326416016,6.583959579467773,6.617457866668701,6.570302963256836,6.282959938049316,8000.0,1.2387937673009337,0.538560044759872
sweep,6829-68769-0016,test-clean,6829,NB8,2,0.125,True,201.40296936035156,11.88361644744873,5.741305351257324,5.967197418212891,14.878297805786133,4437.5,-19.741772017555302,0.6871219159397023
sweep,6829-68769-0016,test-clean,6829,WB8,0,0.0,True,43.422630310058594,6.217411041259766,6.192826271057129,6.208996295928955,5.822954177856445,8000.0,-0.8688831643357275,0.6245361392804416
sweep,6829-68769-0018,test-clean,6829,NB8,2,0.125,True,273.61895751953125,14.783163070678711,6.259969711303711,6.672436714172363,19.267871856689453,4562.5,-22.304607735702234,0.6183664677850205
sweep,6829-68769-0018,test-clean,6829,WB8,0,0.0,True,53.828765869140625,7.173556327819824,6.706751346588135,6.844331741333008,7.282909393310547,8000.0,1.6986652395715376,0.5400142543555582
sweep,6829-68769-0022,test-clean,6829,NB8,2,0.125,True,205.4178009033203,12.828763961791992,6.144536018371582,6.593733787536621,16.461397171020508,4593.75,-18.687520914566655,0.5875333480969683
sweep,6829-68769-0022,test-clean,6829,WB8,0,0.0,True,52.410518646240234,7.096874237060547,6.621230125427246,6.799746036529541,7.24991512298584,8000.0,1.9369170337437305,0.5602078757641833
sweep,6829-68769-0024,test-clean,6829,NB8,2,0.125,True,272.6723327636719,14.815170288085938,6.052612781524658,6.510313034057617,19.432498931884766,4500.0,-20.043769329769102,0.6227604511574767
sweep,6829-68769-0024,test-clean,6829,WB8,0,0.0,True,55.14255142211914,7.228795051574707,6.672740936279297,6.8633198738098145,7.403497695922852,8000.0,0.9529332672813275,0.549665160698164
sweep,6829-68769-0026,test-clean,6829,NB8,2,0.125,True,256.54901123046875,14.125073432922363,5.8966569900512695,6.272427082061768,18.51702117919922,4500.0,-22.470627601763663,0.6204021170433289
sweep,6829-68769-0026,test-clean,6829,WB8,0,0.0,True,53.39366912841797,7.037659645080566,6.406055450439453,6.599173069000244,7.282431125640869,8000.0,1.8264283705260511,0.544145213602267
sweep,6829-68769-0028,test-clean,6829,NB8,2,0.125,True,334.7954406738281,16.36949920654297,6.356542587280273,6.817941665649414,21.678279876708984,4531.25,-19.93147414226484,0.6346989406578081
sweep,6829-68769-0028,test-clean,6829,WB8,0,0.0,True,55.66274642944336,7.3476338386535645,6.794405460357666,7.040046691894531,7.521300792694092,8000.0,0.8702648250905534,0.5359772333018221
sweep,6829-68769-0029,test-clean,6829,NB8,2,0.125,True,264.6930236816406,14.28372573852539,6.533854007720947,6.857467174530029,18.370922088623047,4656.25,-21.669070807041354,0.5900174970336197
sweep,6829-68769-0029,test-clean,6829,WB8,0,0.0,True,55.75605392456055,7.28359842300415,6.991150856018066,7.101780414581299,7.266156196594238,8000.0,1.1593930863837927,0.5657781688534244
sweep,6829-68769-0030,test-clean,6829,NB8,2,0.125,True,216.2230682373047,12.63253402709961,6.135776996612549,6.4462761878967285,15.943543434143066,4593.75,-18.87900387881605,0.5783978439972566
sweep,6829-68769-0030,test-clean,6829,WB8,0,0.0,True,48.385353088378906,6.742886066436768,6.632118225097656,6.7158122062683105,6.518252849578857,8000.0,1.7736244878078724,0.5114136157177228
sweep,6829-68769-0031,test-clean,6829,NB8,2,0.125,True,291.04217529296875,15.505871772766113,6.33634090423584,6.833014488220215,20.353086471557617,4468.75,-22.317780788608317,0.656176201201531
sweep,6829-68769-0031,test-clean,6829,WB8,0,0.0,True,55.87171173095703,7.3568854331970215,6.725306987762451,6.96718168258667,7.5675506591796875,8000.0,1.3246038762306114,0.570229097337424
sweep,6829-68769-0040,test-clean,6829,NB8,2,0.125,True,243.0377655029297,14.152915000915527,6.3716721534729,6.7727532386779785,18.357654571533203,4531.25,-18.379243372662263,0.656705088514921
sweep,6829-68769-0040,test-clean,6829,WB8,0,0.0,True,55.14535140991211,7.3284831047058105,6.765172481536865,6.943709373474121,7.529694080352783,8000.0,0.9524975003157142,0.6014459284619743
sweep,6829-68769-0041,test-clean,6829,NB8,1,0.0625,True,236.7201690673828,13.69561767578125,6.542246341705322,6.950450897216797,17.477766036987305,4593.75,-16.103465480794448,0.6120672403078664
sweep,6829-68769-0041,test-clean,6829,WB8,0,0.0,True,52.70307922363281,7.135063171386719,6.814350128173828,7.0151777267456055,7.054044723510742,8000.0,0.9993827685915151,0.5529072987047143
sweep,6829-68769-0042,test-clean,6829,NB8,2,0.125,True,202.71099853515625,11.292720794677734,5.516171455383301,5.673798084259033,13.91472053527832,4500.0,-22.160313589996335,0.6286769551485957
sweep,6829-68769-0042,test-clean,6829,WB8,0,0.0,True,40.194400787353516,5.854414939880371,5.840202331542969,5.935708522796631,5.361590385437012,8000.0,1.6411211900161726,0.5712019325840512
sweep,6829-68769-0048,test-clean,6829,NB8,2,0.125,True,211.54086303710938,13.112091064453125,6.241034984588623,6.663644313812256,16.74057960510254,4562.5,-17.37173290455957,0.6353745484590905
sweep,6829-68769-0048,test-clean,6829,WB8,0,0.0,True,51.347686767578125,7.021719455718994,6.648235321044922,6.818659782409668,7.040605545043945,8000.0,1.3316842015189636,0.5647815314347828
sweep,6829-68769-0053,test-clean,6829,NB8,2,0.125,True,255.5460205078125,14.581521034240723,6.5051093101501465,6.920595169067383,18.934511184692383,4500.0,-20.983998326729107,0.5955158579476838
sweep,6829-68769-0053,test-clean,6829,WB8,0,0.0,True,55.74382781982422,7.365829944610596,6.870012283325195,7.064762115478516,7.503217697143555,8000.0,0.5692625031995845,0.5504549201172362
sweep,6829-68771-0000,test-clean,6829,NB8,2,0.125,True,282.2508239746094,15.085430145263672,6.044167995452881,6.503780841827393,19.88469886779785,4468.75,-22.165454889267508,0.6301022794217328
sweep,6829-68771-0000,test-clean,6829,WB8,0,0.0,True,54.81646728515625,7.242308616638184,6.691596984863281,6.869623184204102,7.460681438446045,8000.0,1.8179881567559695,0.5446060129400823
sweep,6829-68771-0001,test-clean,6829,NB8,2,0.125,True,304.6822204589844,15.757695198059082,6.2818427085876465,6.719082355499268,20.82990837097168,4437.5,-21.052710960185937,0.6120782822050417
sweep,6829-68771-0001,test-clean,6829,WB8,0,0.0,True,55.70035934448242,7.318449974060059,6.820422649383545,6.994406700134277,7.506723880767822,8000.0,1.6961742260517791,0.5374205127748454
sweep,6829-68771-0002,test-clean,6829,NB8,2,0.125,True,259.7436218261719,14.551352500915527,6.23102331161499,6.624289512634277,19.05048179626465,4562.5,-18.260454220589523,0.595492827787789
sweep,6829-68771-0002,test-clean,6829,WB8,0,0.0,True,56.413021087646484,7.31365442276001,6.80674409866333,6.949804782867432,7.531723499298096,8000.0,1.2006985971880892,0.5139573254605585
sweep,6829-68771-0017,test-clean,6829,NB8,2,0.125,True,284.278076171875,15.368389129638672,6.329107761383057,6.832440376281738,20.243165969848633,4593.75,-17.460396270844136,0.5828824944908623
sweep,6829-68771-0017,test-clean,6829,WB8,0,0.0,True,55.43136978149414,7.244009494781494,6.688119888305664,6.89142370223999,7.480367183685303,8000.0,0.3752688834648404,0.5188299866873212
sweep,6829-68771-0021,test-clean,6829,NB8,2,0.125,True,228.31298828125,12.475920677185059,5.478413105010986,5.740071773529053,16.090892791748047,4375.0,-21.11765047540377,0.614398100788197
sweep,6829-68771-0021,test-clean,6829,WB8,0,0.0,True,47.62187194824219,6.326483249664307,6.1781086921691895,6.287990570068359,6.165266513824463,8000.0,1.4260653329332273,0.5365983712417183
sweep,6829-68771-0024,test-clean,6829,NB8,2,0.125,True,266.73431396484375,14.246987342834473,5.804244041442871,6.224913120269775,18.71856689453125,4500.0,-19.02625790686295,0.6619865753207218
sweep,6829-68771-0024,test-clean,6829,WB8,0,0.0,True,49.526893615722656,6.692300796508789,6.292299270629883,6.473379135131836,6.759481430053711,8000.0,1.3304258677300655,0.5824839126074046
sweep,6829-68771-0026,test-clean,6829,NB8,2,0.125,True,300.66412353515625,14.938535690307617,5.905957221984863,6.341339588165283,19.69548225402832,4406.25,-18.381343324088594,0.5976018107231909
sweep,6829-68771-0026,test-clean,6829,WB8,0,0.0,True,51.2606315612793,6.840681076049805,6.379731178283691,6.578278064727783,6.973794937133789,8000.0,2.062437475423622,0.553435390791099
sweep,6829-68771-0029,test-clean,6829,NB8,2,0.125,True,272.6004333496094,14.887574195861816,6.002915382385254,6.3990068435668945,19.694551467895508,4562.5,-19.1419599606199,0.6301640629916555
sweep,6829-68771-0029,test-clean,6829,WB8,0,0.0,True,53.325103759765625,7.10184907913208,6.591922283172607,6.760372161865234,7.311392307281494,8000.0,0.7480542475615325,0.5719048782729659
sweep,6829-68771-0030,test-clean,6829,NB8,2,0.125,True,263.4362487792969,14.933679580688477,6.296507835388184,6.74110746383667,19.635278701782227,4593.75,-18.908180773421787,0.6298464890485875
sweep,6829-68771-0030,test-clean,6829,WB8,0,0.0,True,56.4110221862793,7.420139789581299,6.7995476722717285,6.985864162445068,7.727266311645508,8000.0,0.9366067758281843,0.512130400083878
sweep,6829-68771-0032,test-clean,6829,NB8,2,0.125,True,261.0661315917969,14.41041374206543,6.0258588790893555,6.449563503265381,18.94778823852539,4625.0,-20.258591795522758,0.633981033005918
sweep,6829-68771-0032,test-clean,6829,WB8,0,0.0,True,52.996700286865234,7.073633670806885,6.60791540145874,6.808732032775879,7.205990791320801,8000.0,0.9568797630666626,0.5747234487064198
sweep,6829-68771-0034,test-clean,6829,NB8,2,0.125,True,338.7410583496094,16.753374099731445,6.67389440536499,7.149627208709717,22.181640625,4437.5,-16.134147086591646,0.5668650262193008
sweep,6829-68771-0034,test-clean,6829,WB8,0,0.0,True,59.16167449951172,7.5843048095703125,7.245122909545898,7.407932758331299,7.664066791534424,8000.0,2.8470601429662596,0.5350040353286153
sweep,6829-68771-0035,test-clean,6829,NB8,2,0.125,True,256.2956237792969,14.620888710021973,6.386776447296143,6.859785556793213,19.076709747314453,4500.0,-19.11308534961529,0.6282207626490525
sweep,6829-68771-0035,test-clean,6829,WB8,0,0.0,True,55.76042938232422,7.358932018280029,7.00076150894165,7.101358890533447,7.490837097167969,8000.0,-0.30825100925674603,0.5434408021268893
sweep,6930-75918-0002,test-clean,6930,NB8,2,0.125,True,189.4070281982422,12.894824981689453,6.29730749130249,6.928536891937256,16.484758377075195,4906.25,-11.781017184855294,0.6892133012704696
sweep,6930-75918-0002,test-clean,6930,WB8,0,0.0,True,52.231990814208984,7.162824630737305,6.935713291168213,7.151925086975098,7.060912609100342,8000.0,0.6073247529015552,0.6100679761522779
sweep,6930-75918-0003,test-clean,6930,NB8,2,0.125,True,224.08201599121094,13.792459487915039,6.4226813316345215,7.062208652496338,17.771923065185547,4781.25,-11.127213876969627,0.6484284796791029
sweep,6930-75918-0003,test-clean,6930,WB8,0,0.0,True,54.725242614746094,7.328300952911377,7.047656536102295,7.237982273101807,7.3122100830078125,8000.0,1.5361215524197813,0.5484946493818483
sweep,6930-75918-0004,test-clean,6930,NB8,2,0.125,True,185.30734252929688,12.61372184753418,6.428861618041992,7.032388210296631,15.952814102172852,4781.25,-11.080146050866915,0.6416975433033002
sweep,6930-75918-0004,test-clean,6930,WB8,0,0.0,True,51.82501220703125,7.131479263305664,6.922562599182129,7.121140956878662,7.02036190032959,8000.0,0.8512923988663943,0.5926849532640083
sweep,6930-75918-0005,test-clean,6930,NB8,2,0.125,True,161.94970703125,11.393106460571289,5.95903205871582,6.564204692840576,14.246694564819336,4718.75,-11.5030431369563,0.6502910265949878
sweep,6930-75918-0005,test-clean,6930,WB8,0,0.0,True,47.093605041503906,6.689481258392334,6.631396770477295,6.845312118530273,6.361430644989014,8000.0,1.8251346952025718,0.5617404887581916
sweep,6930-75918-0006,test-clean,6930,NB8,2,0.125,True,233.36813354492188,13.930135726928711,6.407495975494385,7.106812477111816,17.945072174072266,4625.0,-10.975569350578363,0.634586794183442
sweep,6930-75918-0006,test-clean,6930,WB8,0,0.0,True,54.60319519042969,7.317755222320557,7.008121013641357,7.270040512084961,7.269277095794678,8000.0,0.9369108067351023,0.5269592579625249
sweep,6930-75918-0008,test-clean,6930,NB8,2,0.125,True,206.9096221923828,12.970434188842773,6.2651238441467285,6.833863735198975,16.484540939331055,4812.5,-14.174482009368862,0.6826650623500629
sweep,6930-75918-0008,test-clean,6930,WB8,0,0.0,True,51.72322463989258,7.115084648132324,6.766394138336182,6.981355667114258,7.128562927246094,8000.0,1.8161023554262878,0.641280243228372
sweep,6930-75918-0009,test-clean,6930,NB8,2,0.125,True,259.1064758300781,14.957625389099121,6.400052547454834,7.0561442375183105,19.589818954467773,4750.0,-12.269534249667302,0.671434139901849
sweep,6930-75918-0009,test-clean,6930,WB8,0,0.0,True,57.34006881713867,7.495781421661377,6.992541790008545,7.211561679840088,7.663886547088623,8000.0,-0.2997317193143975,0.5742139791149903
sweep,6930-75918-0011,test-clean,6930,NB8,2,0.125,True,194.3852081298828,12.675837516784668,6.445005893707275,7.069038391113281,16.083282470703125,4718.75,-10.829455581333194,0.697042361256577
sweep,6930-75918-0011,test-clean,6930,WB8,0,0.0,True,52.255313873291016,7.149500370025635,6.945015907287598,7.152963161468506,7.055627346038818,8000.0,2.0223181193717448,0.5811700236491473
sweep,6930-75918-0014,test-clean,6930,NB8,2,0.125,True,208.79364013671875,13.306456565856934,6.485724925994873,7.0718607902526855,17.026872634887695,4750.0,-11.564207268763047,0.6355537601552205
sweep,6930-75918-0014,test-clean,6930,WB8,0,0.0,True,55.61680603027344,7.378904342651367,7.1311421394348145,7.338428497314453,7.314330101013184,8000.0,1.0954202952844156,0.512085548187538
sweep,6930-75918-0015,test-clean,6930,NB8,2,0.125,True,174.27651977539062,11.974481582641602,6.204948902130127,6.76681661605835,15.02835750579834,4656.25,-11.258714434847326,0.6298035599116354
sweep,6930-75918-0015,test-clean,6930,WB8,0,0.0,True,48.719058990478516,6.859031677246094,6.803293704986572,6.940028667449951,6.625334739685059,8000.0,1.124043885764128,0.5452264746678243
sweep,6930-75918-0016,test-clean,6930,NB8,2,0.125,True,177.65924072265625,12.174571990966797,6.275925159454346,6.973053455352783,15.297523498535156,4781.25,-11.571143165857993,0.6586631902381922
sweep,6930-75918-0016,test-clean,6930,WB8,0,0.0,True,53.86138153076172,7.261004447937012,6.972297668457031,7.255160808563232,7.15279483795166,8000.0,0.9855259245127319,0.5417445245760864
sweep,6930-75918-0020,test-clean,6930,NB8,2,0.125,True,246.41937255859375,14.343283653259277,6.332076549530029,6.963484764099121,18.653114318847656,4687.5,-11.581432251109858,0.6510422373350679
sweep,6930-75918-0020,test-clean,6930,WB8,0,0.0,True,54.05788803100586,7.272454261779785,6.884697914123535,7.106829643249512,7.338935852050781,8000.0,0.4759654200768268,0.5665008835580029
sweep,6930-76324-0000,test-clean,6930,NB8,2,0.125,True,194.36761474609375,12.25262451171875,6.267827987670898,6.819631576538086,15.381462097167969,4343.75,-18.25799896774879,0.6289522359820366
sweep,6930-76324-0000,test-clean,6930,WB8,0,0.0,True,48.24179458618164,6.814754486083984,6.683422088623047,6.882065773010254,6.6290435791015625,8000.0,2.1116721322861185,0.5554598578781988
sweep,6930-76324-0001,test-clean,6930,NB8,2,0.125,True,239.4267578125,14.005009651184082,6.554226875305176,7.207755088806152,18.085643768310547,4500.0,-13.89099193579195,0.5965646522404683
sweep,6930-76324-0001,test-clean,6930,WB8,0,0.0,True,56.53746032714844,7.4619140625,7.078493118286133,7.259995460510254,7.531954288482666,8000.0,0.6438530385343517,0.5351908738405105
sweep,6930-76324-0003,test-clean,6930,NB8,2,0.125,True,222.23178100585938,13.140447616577148,6.213366508483887,6.860971450805664,16.64830780029297,4687.5,-12.01798962436068,0.6420058860552075
sweep,6930-76324-0003,test-clean,6930,WB8,0,0.0,True,50.644187927246094,7.002623558044434,6.769237995147705,7.023419380187988,6.819025039672852,8000.0,1.4732373210027183,0.5536828092958774
sweep,6930-76324-0007,test-clean,6930,NB8,2,0.125,True,189.79762268066406,11.886394500732422,6.176860809326172,6.848904609680176,14.801855087280273,4562.5,-13.533703406586861,0.6232184345227892
sweep,6930-76324-0007,test-clean,6930,WB8,0,0.0,True,47.859771728515625,6.7614545822143555,6.693337917327881,6.9349365234375,6.418143272399902,8000.0,2.859487263801179,0.5643942364257352
sweep,6930-76324-0008,test-clean,6930,NB8,2,0.125,True,246.9300537109375,14.033713340759277,6.447662830352783,7.110605716705322,18.063987731933594,4593.75,-14.803809447866318,0.6391770800792198
sweep,6930-76324-0008,test-clean,6930,WB8,0,0.0,True,53.98713302612305,7.266772747039795,7.006086349487305,7.16984224319458,7.26853084564209,8000.0,1.6156697335545698,0.5535382497059902
sweep,6930-76324-0025,test-clean,6930,NB8,2,0.125,True,236.32327270507812,14.328372955322266,6.556676387786865,7.244630813598633,18.559307098388672,4750.0,-8.765675593297384,0.5970734080499525
sweep,6930-76324-0025,test-clean,6930,WB8,0,0.0,True,57.11294937133789,7.482326030731201,7.141778945922852,7.289931297302246,7.575351238250732,8000.0,0.010458782453167743,0.5718978928104962
sweep,6930-76324-0028,test-clean,6930,NB8,2,0.125,True,166.876953125,11.556161880493164,6.241710186004639,6.809907913208008,14.292858123779297,4625.0,-12.301474032244286,0.5976605020762383
sweep,6930-76324-0028,test-clean,6930,WB8,0,0.0,True,49.79512023925781,6.939626216888428,6.9543681144714355,7.148909091949463,6.5724005699157715,8000.0,2.281996166341554,0.5168962200958594
sweep,6930-81414-0002,test-clean,6930,NB8,2,0.125,True,363.92010498046875,17.788135528564453,6.829792022705078,7.4285993576049805,23.74397087097168,4531.25,-17.049734864455857,0.6042678793255859
sweep,6930-81414-0002,test-clean,6930,WB8,0,0.0,True,62.39976119995117,7.859160423278809,7.183457374572754,7.36450719833374,8.275420188903809,8000.0,1.9594570849249853,0.5051673736228284
sweep,6930-81414-0004,test-clean,6930,NB8,2,0.125,True,260.9261474609375,15.146844863891602,6.586554527282715,7.2218122482299805,19.81470489501953,4593.75,-15.624506501265301,0.6579828639706724
sweep,6930-81414-0004,test-clean,6930,WB8,0,0.0,True,56.52980422973633,7.4760565757751465,6.9842209815979,7.1483988761901855,7.722329139709473,8000.0,0.2290202843927251,0.5879713514598996
sweep,6930-81414-0007,test-clean,6930,NB8,2,0.125,True,234.76416015625,14.421183586120605,6.642838001251221,7.2847418785095215,18.721635818481445,4656.25,-13.761022503827968,0.6445150800122776
sweep,6930-81414-0007,test-clean,6930,WB8,0,0.0,True,57.76875305175781,7.556440830230713,7.1673736572265625,7.374406814575195,7.669821739196777,8000.0,1.0843294260545924,0.5628299543070152
sweep,6930-81414-0008,test-clean,6930,NB8,2,0.125,True,285.0625305175781,15.847539901733398,6.574484825134277,7.194680690765381,20.88809585571289,4656.25,-11.992797346425455,0.6824764358219962
sweep,6930-81414-0008,test-clean,6930,WB8,0,0.0,True,58.549766540527344,7.612420082092285,7.019469261169434,7.190695762634277,7.9435343742370605,8000.0,0.4927650846109698,0.5980564856436801
sweep,6930-81414-0013,test-clean,6930,NB8,2,0.125,True,265.0882873535156,15.204157829284668,6.392833232879639,7.017339706420898,19.98431968688965,4500.0,-14.130647481728207,0.6285011205533607
sweep,6930-81414-0013,test-clean,6930,WB8,0,0.0,True,55.782928466796875,7.4172492027282715,6.908990383148193,7.146646022796631,7.600540637969971,8000.0,0.8980398314003368,0.5445960795937785
sweep,6930-81414-0014,test-clean,6930,NB8,2,0.125,True,257.4057312011719,14.858770370483398,6.4221720695495605,7.0956854820251465,19.364213943481445,4343.75,-15.289070542285192,0.6702253640723699
sweep,6930-81414-0014,test-clean,6930,WB8,0,0.0,True,55.73069763183594,7.413076877593994,6.845628261566162,7.11474609375,7.620560646057129,8000.0,1.1169122123565267,0.6214079183042743
sweep,6930-81414-0016,test-clean,6930,NB8,2,0.125,True,390.65478515625,18.842510223388672,6.81571102142334,7.451936721801758,25.32709503173828,4750.0,-13.577004516748644,0.5998213054283622
sweep,6930-81414-0016,test-clean,6930,WB8,0,0.0,True,62.518253326416016,7.866361141204834,7.287733554840088,7.471460342407227,8.189861297607422,8000.0,1.4822565954903697,0.5279420447219736
sweep,6930-81414-0019,test-clean,6930,NB8,2,0.125,True,196.3011932373047,12.969319343566895,6.438172340393066,7.09863805770874,16.360689163208008,4593.75,-14.420656416943453,0.6486391429495364
sweep,6930-81414-0019,test-clean,6930,WB8,0,0.0,True,50.22541809082031,7.019113540649414,6.711350917816162,6.951806545257568,6.99421501159668,8000.0,-0.950406622669438,0.5617521564207761
sweep,6930-81414-0021,test-clean,6930,NB8,2,0.125,True,250.88929748535156,14.757771492004395,6.6807026863098145,7.321082592010498,19.053768157958984,4562.5,-12.087532405404,0.5886197471444851
sweep,6930-81414-0021,test-clean,6930,WB8,0,0.0,True,58.38991165161133,7.583892345428467,7.2395524978637695,7.44575309753418,7.65142822265625,8000.0,4.272417802480799,0.5041777246884295
sweep,6930-81414-0024,test-clean,6930,NB8,2,0.125,True,287.8509521484375,15.970992088317871,6.766642093658447,7.334370136260986,21.049009323120117,4687.5,-12.385558340521573,0.5945758555600031
sweep,6930-81414-0024,test-clean,6930,WB8,0,0.0,True,60.959869384765625,7.751927852630615,7.263365745544434,7.402161121368408,8.018266677856445,8000.0,2.190181217997678,0.5103339548108752
sweep,7021-79730-0005,test-clean,7021,NB8,2,0.125,True,120.03404998779297,9.030960083007812,5.308171272277832,5.478706359863281,10.815762519836426,4562.5,-18.46173163705082,0.5653236683256042
sweep,7021-79730-0005,test-clean,7021,WB8,0,0.0,True,44.28279495239258,6.1218085289001465,6.278410911560059,6.38078498840332,5.459250450134277,8000.0,2.080400007487425,0.4651617592764419
sweep,7021-79730-0006,test-clean,7021,NB8,2,0.125,True,134.53265380859375,9.309507369995117,5.118534564971924,5.305078029632568,11.443973541259766,4437.5,-18.82025486173679,0.5822773741872216
sweep,7021-79730-0006,test-clean,7021,WB8,0,0.0,True,43.24319076538086,5.925730228424072,5.908291816711426,6.034729480743408,5.533566951751709,8000.0,2.7759996422151896,0.5103679278437568
sweep,7021-79730-0007,test-clean,7021,NB8,2,0.125,True,152.37603759765625,9.978033065795898,5.298842906951904,5.507836818695068,12.30088996887207,4500.0,-18.075279204032185,0.5226879418102708
sweep,7021-79730-0007,test-clean,7021,WB8,0,0.0,True,45.831722259521484,6.198025703430176,6.193871974945068,6.332290172576904,5.73489236831665,8000.0,3.0463816592832367,0.4482961684314715
sweep,7021-79740-0002,test-clean,7021,NB8,2,0.125,True,107.72293853759766,8.010377883911133,4.573315143585205,4.846806526184082,9.722394943237305,4562.5,-18.724259353511414,0.5836733848724246
sweep,7021-79740-0002,test-clean,7021,WB8,0,0.0,True,41.92849349975586,5.586932182312012,5.643508434295654,5.748617649078369,5.146518230438232,8000.0,3.1059090490193304,0.5136901787005463
sweep,7021-79740-0003,test-clean,7021,NB8,2,0.125,True,139.3650360107422,9.29265308380127,4.861433506011963,5.173059463500977,11.571127891540527,4718.75,-18.07992054701125,0.5442633443900683
sweep,7021-79740-0003,test-clean,7021,WB8,0,0.0,True,49.910186767578125,6.273762226104736,6.353509426116943,6.523124694824219,5.792018890380859,8000.0,3.0955040191052174,0.4586528065216539
sweep,7021-79740-0005,test-clean,7021,NB8,2,0.125,True,129.1317138671875,9.95966625213623,5.290743827819824,5.646474361419678,12.356088638305664,4843.75,-19.69963416937221,0.6743574329132865
sweep,7021-79740-0005,test-clean,7021,WB8,0,0.0,True,44.98006820678711,6.246636390686035,5.843005657196045,6.050740718841553,6.116825103759766,8000.0,-2.3555649686686415,0.6447544315016973
sweep,7021-79740-0007,test-clean,7021,NB8,2,0.125,True,130.00396728515625,8.601608276367188,4.494056224822998,4.668280124664307,10.8120698928833,4687.5,-18.34454080682859,0.5596829285877957
sweep,7021-79740-0007,test-clean,7021,WB8,0,0.0,True,42.17025375366211,5.4751081466674805,5.55307674407959,5.617184638977051,5.113494873046875,8000.0,2.7425818749838977,0.5130820553712166
sweep,7021-79759-0003,test-clean,7021,NB8,2,0.125,True,159.57608032226562,9.769344329833984,5.099630355834961,5.228827476501465,12.096765518188477,4531.25,-18.41001416526874,0.5363308531666623
sweep,7021-79759-0003,test-clean,7021,WB8,0,0.0,True,44.934844970703125,5.960135459899902,6.176697731018066,6.200363636016846,5.367786407470703,8000.0,2.4107405440084144,0.4550419755729356
sweep,7021-85628-0005,test-clean,7021,NB8,2,0.125,True,152.09056091308594,10.285018920898438,5.984004974365234,6.171751976013184,12.431035041809082,4593.75,-16.542116608115613,0.573046395738203
sweep,7021-85628-0005,test-clean,7021,WB8,0,0.0,True,47.741207122802734,6.619516849517822,6.81636905670166,6.856595039367676,6.194969177246094,8000.0,2.3946342417686624,0.5124728026680012
sweep,7021-85628-0006,test-clean,7021,NB8,2,0.125,True,90.49857330322266,7.408048152923584,4.768734931945801,4.950475692749023,8.604530334472656,4875.0,-13.380435115496905,0.6225521015392905
sweep,7021-85628-0006,test-clean,7021,WB8,0,0.0,True,37.990081787109375,5.330822944641113,5.4894280433654785,5.5753350257873535,4.791945457458496,8000.0,2.3107132452206938,0.5909192130914325
sweep,7021-85628-0009,test-clean,7021,NB8,2,0.125,True,162.34295654296875,10.554448127746582,5.525891304016113,5.855358600616455,13.109709739685059,4500.0,-17.86757286931206,0.5100872133083737
sweep,7021-85628-0009,test-clean,7021,WB8,0,0.0,True,50.621456146240234,6.6540751457214355,6.647960662841797,6.80211877822876,6.284867286682129,8000.0,2.580444253129518,0.44951701450238124
sweep,7021-85628-0010,test-clean,7021,NB8,2,0.125,True,125.29977416992188,9.056617736816406,5.222151756286621,5.428025245666504,10.928948402404785,4593.75,-18.914369699697332,0.5764112185702712
sweep,7021-85628-0010,test-clean,7021,WB8,0,0.0,True,44.308998107910156,6.133175373077393,6.303145885467529,6.322859287261963,5.626726150512695,8000.0,3.4578581967568516,0.4963041547329027
sweep,7021-85628-0013,test-clean,7021,NB8,2,0.125,True,103.5035629272461,7.765627384185791,4.746833801269531,4.890572547912598,9.159421920776367,4625.0,-20.277258842123516,0.5570100126976125
sweep,7021-85628-0013,test-clean,7021,WB8,0,0.0,True,37.486572265625,5.341084003448486,5.595139026641846,5.5903730392456055,4.723940849304199,8000.0,1.795256345472561,0.4702161262340436
sweep,7021-85628-0014,test-clean,7021,NB8,2,0.125,True,114.4464111328125,8.072944641113281,4.515524864196777,4.696073532104492,9.785449981689453,4750.0,-19.840521521162874,0.5455042058989601
sweep,7021-85628-0014,test-clean,7021,WB8,0,0.0,True,38.30596923828125,5.231003761291504,5.359604835510254,5.418771266937256,4.71278715133667,8000.0,4.158703046470795,0.485014545958229
sweep,7021-85628-0015,test-clean,7021,NB8,2,0.125,True,121.45240020751953,8.788143157958984,5.123969554901123,5.333836555480957,10.496589660644531,4750.0,-17.941653869692992,0.5561310266637031
sweep,7021-85628-0015,test-clean,7021,WB8,0,0.0,True,42.172306060791016,5.924773216247559,6.106509685516357,6.1612749099731445,5.328111171722412,8000.0,2.2628254087137543,0.47976850877527644
sweep,7021-85628-0016,test-clean,7021,NB8,2,0.125,True,138.5811004638672,9.527351379394531,4.890145301818848,5.235705375671387,11.882911682128906,4656.25,-21.843577095654034,0.5821403858438712
sweep,7021-85628-0016,test-clean,7021,WB8,0,0.0,True,41.64638900756836,5.75040340423584,5.506418704986572,5.62013578414917,5.620251655578613,8000.0,1.644372567273523,0.5643867109519118
sweep,7021-85628-0020,test-clean,7021,NB8,2,0.125,True,150.2110137939453,10.339248657226562,5.397154331207275,5.703137397766113,12.822386741638184,4500.0,-17.991628813736448,0.5903346992570989
sweep,7021-85628-0020,test-clean,7021,WB8,0,0.0,True,45.95513153076172,6.36517333984375,6.211356163024902,6.3027143478393555,6.100295066833496,8000.0,0.8755691539951587,0.5198044100252257
sweep,7021-85628-0023,test-clean,7021,NB8,2,0.125,True,136.22137451171875,9.43723201751709,5.362453937530518,5.558200836181641,11.4503173828125,4531.25,-19.9758534370406,0.5565485234357214
sweep,7021-85628-0023,test-clean,7021,WB8,0,0.0,True,45.29853439331055,6.223086357116699,6.326704502105713,6.387724876403809,5.769334316253662,8000.0,2.2333115206021112,0.4871919021555551
sweep,7127-75946-0000,test-clean,7127,NB8,2,0.125,True,184.9380645751953,12.076010704040527,6.387815475463867,6.764523506164551,14.945170402526855,4656.25,-12.022146491832777,0.6199133533827942
sweep,7127-75946-0000,test-clean,7127,WB8,0,0.0,True,51.393253326416016,7.005121231079102,6.906616687774658,7.0699849128723145,6.726768493652344,8000.0,1.9490325900445995,0.5497005204771103
sweep,7127-75946-0001,test-clean,7127,NB8,2,0.125,True,75.83562469482422,8.130365371704102,6.264428615570068,6.526212692260742,8.93181037902832,4906.25,-4.431543270910462,0.7477098276416384
sweep,7127-75946-0001,test-clean,7127,WB8,0,0.0,True,40.34577560424805,6.279013156890869,6.586979389190674,6.591578483581543,5.803887844085693,8000.0,-1.4840630052833617,0.6739761543628758
sweep,7127-75946-0002,test-clean,7127,NB8,2,0.125,True,163.56439208984375,11.208431243896484,6.3095903396606445,6.651346683502197,13.56002426147461,4656.25,-16.245887478431317,0.6576294551275326
sweep,7127-75946-0002,test-clean,7127,WB8,0,0.0,True,47.780250549316406,6.73940372467041,6.8466596603393555,6.9954752922058105,6.226767539978027,8000.0,2.106753885749786,0.5672984833121998
sweep,7127-75946-0004,test-clean,7127,NB8,2,0.125,True,134.95693969726562,9.836255073547363,6.405858516693115,6.636176109313965,11.264459609985352,4812.5,-11.965099605341559,0.6152161468829619
sweep,7127-75946-0004,test-clean,7127,WB8,0,0.0,True,44.30162811279297,6.502174377441406,6.805888652801514,6.838716506958008,5.950934410095215,8000.0,1.760995264482863,0.5876949227402202
sweep,7127-75946-0005,test-clean,7127,NB8,2,0.125,True,116.97168731689453,9.585687637329102,6.558394432067871,6.857856750488281,10.8901948928833,4906.25,-5.052753767840386,0.6688458072762137
sweep,7127-75946-0005,test-clean,7127,WB8,0,0.0,True,44.03313064575195,6.509061813354492,6.869782447814941,6.834017276763916,5.939695835113525,8000.0,-1.7120607092587892,0.6507812534026891
sweep,7127-75946-0012,test-clean,7127,NB8,2,0.125,True,164.76979064941406,11.4274263381958,6.375297546386719,6.789068222045898,13.831143379211426,4750.0,-8.659864185608319,0.6806192210162418
sweep,7127-75946-0012,test-clean,7127,WB8,0,0.0,True,47.3251953125,6.765778064727783,6.689661502838135,6.756628513336182,6.543957233428955,8000.0,2.1010304111535025,0.6434279835643463
sweep,7127-75946-0016,test-clean,7127,NB8,2,0.125,True,194.30113220214844,12.279949188232422,6.528735637664795,6.940989971160889,15.124536514282227,4625.0,-11.842070882218918,0.6607039898830718
sweep,7127-75946-0016,test-clean,7127,WB8,0,0.0,True,49.73973846435547,6.950695037841797,6.854714870452881,6.96408748626709,6.748198509216309,8000.0,2.257429619709084,0.6276294689244595
sweep,7127-75946-0018,test-clean,7127,NB8,2,0.125,True,189.09002685546875,11.913301467895508,6.424027919769287,6.8862152099609375,14.576330184936523,4656.25,-11.609218077334145,0.657064275620019
sweep,7127-75946-0018,test-clean,7127,WB8,0,0.0,True,47.45093536376953,6.787606716156006,6.682205677032471,6.774819850921631,6.636075496673584,8000.0,2.1541436468570896,0.6190123567187136
sweep,7127-75946-0019,test-clean,7127,NB8,2,0.125,True,198.16156005859375,11.418981552124023,6.2762064933776855,6.390342712402344,13.791858673095703,4625.0,-11.947022104221974,0.6930903519222674
sweep,7127-75946-0019,test-clean,7127,WB8,0,0.0,True,43.63191223144531,6.410597324371338,6.662609577178955,6.614431858062744,6.019556999206543,8000.0,3.581465400676394,0.636272875063435
sweep,7127-75946-0021,test-clean,7127,NB8,2,0.125,True,155.5820770263672,10.191651344299316,6.202454566955566,6.302820205688477,11.678168296813965,4656.25,-12.424005559062035,0.6134896874231379
sweep,7127-75946-0021,test-clean,7127,WB8,0,0.0,True,40.535865783691406,6.116888999938965,6.554323673248291,6.480574607849121,5.339474678039551,8000.0,3.0033031493032776,0.5748818443900535
sweep,7127-75946-0023,test-clean,7127,NB8,2,0.125,True,155.94369506835938,11.008528709411621,6.344449996948242,6.7526021003723145,13.355758666992188,4593.75,-12.792331343969073,0.6647730548981473
sweep,7127-75946-0023,test-clean,7127,WB8,0,0.0,True,45.883880615234375,6.652266502380371,6.685901641845703,6.803380966186523,6.31727409362793,8000.0,1.4328599563971698,0.6211485233108583
sweep,7127-75946-0026,test-clean,7127,NB8,2,0.125,True,183.5519256591797,12.185090065002441,6.485439777374268,6.934484481811523,15.160402297973633,4625.0,-12.225712353970646,0.6336693488842654
sweep,7127-75946-0026,test-clean,7127,WB8,0,0.0,True,51.75151443481445,7.125310897827148,6.856654644012451,7.023133754730225,7.089091777801514,8000.0,2.562555395033394,0.5852065803182083
sweep,7127-75946-0027,test-clean,7127,NB8,2,0.125,True,158.91378784179688,10.929970741271973,6.373648643493652,6.738609790802002,13.069836616516113,4656.25,-12.955965368234676,0.6480511116416501
sweep,7127-75946-0027,test-clean,7127,WB8,0,0.0,True,45.57548141479492,6.6403727531433105,6.720613479614258,6.839302062988281,6.1761555671691895,8000.0,2.4859411740754016,0.6140866094030355
sweep,7127-75947-0002,test-clean,7127,NB8,2,0.125,True,192.71963500976562,11.807975769042969,6.107860088348389,6.470017433166504,14.686654090881348,4562.5,-13.095254223943593,0.5616987833186118
sweep,7127-75947-0002,test-clean,7127,WB8,0,0.0,True,47.447261810302734,6.665011405944824,6.67686653137207,6.773874759674072,6.383554935455322,8000.0,3.0626987133245698,0.5107876306136265
sweep,7127-75947-0004,test-clean,7127,NB8,2,0.125,True,158.72039794921875,9.91633415222168,5.6547722816467285,5.723928928375244,11.783562660217285,4687.5,-12.92259619046202,0.6549310815596365
sweep,7127-75947-0004,test-clean,7127,WB8,0,0.0,True,37.1349983215332,5.6017866134643555,5.881258010864258,5.849287033081055,5.01601505279541,8000.0,2.5826205927067787,0.5809564458980627
sweep,7127-75947-0010,test-clean,7127,NB8,2,0.125,True,194.0098419189453,12.297310829162598,6.047672271728516,6.5497846603393555,15.433223724365234,4656.25,-12.290167430213547,0.624765566079078
sweep,7127-75947-0010,test-clean,7127,WB8,0,0.0,True,48.92449951171875,6.775338172912598,6.525523662567139,6.702913761138916,6.60368537902832,8000.0,2.337245985476529,0.540055642489662
sweep,7127-75947-0012,test-clean,7127,NB8,2,0.125,True,99.22154998779297,7.941004753112793,5.436474323272705,5.572215557098389,8.351107597351074,4843.75,0.14293548056470498,0.6945448610530329
sweep,7127-75947-0012,test-clean,7127,WB8,0,0.0,True,31.64577865600586,5.2427473068237305,5.776695251464844,5.649735450744629,4.238010883331299,8000.0,0.8547288757381386,0.6833431412705304
sweep,7127-75947-0016,test-clean,7127,NB8,2,0.125,True,178.68409729003906,11.415987968444824,5.824325084686279,6.261823654174805,14.00092601776123,4750.0,-11.78064160779767,0.6279558683309444
sweep,7127-75947-0016,test-clean,7127,WB8,0,0.0,True,43.97209930419922,6.399644374847412,6.212576866149902,6.354586124420166,6.131897926330566,8000.0,2.5086564834196112,0.5885310289570316
sweep,7127-75947-0018,test-clean,7127,NB8,2,0.125,True,127.89016723632812,9.903120994567871,5.679203987121582,6.0626702308654785,11.841547966003418,4843.75,-7.490823640028037,0.6675705132987464
sweep,7127-75947-0018,test-clean,7127,WB8,0,0.0,True,42.005767822265625,6.192655086517334,5.98319149017334,6.167464256286621,5.9403252601623535,8000.0,1.4268019126416396,0.5962428786290405
sweep,7127-75947-0021,test-clean,7127,NB8,2,0.125,True,143.75889587402344,10.122700691223145,5.602944850921631,5.949842929840088,12.01984977722168,4781.25,-10.062043893331516,0.6524298279123447
sweep,7127-75947-0021,test-clean,7127,WB8,0,0.0,True,39.562137603759766,5.9448933601379395,5.975523471832275,6.068488597869873,5.361248016357422,8000.0,1.2447310025486908,0.6183007864885165
sweep,7127-75947-0022,test-clean,7127,NB8,2,0.125,True,115.92405700683594,9.061163902282715,5.532336711883545,5.931581020355225,10.463553428649902,4781.25,-7.484486791793261,0.6895926176928695
sweep,7127-75947-0022,test-clean,7127,WB8,0,0.0,True,37.13597106933594,5.748324394226074,5.881804466247559,5.942176818847656,5.168158531188965,8000.0,0.940325982847074,0.6413242337085419
sweep,7127-75947-0026,test-clean,7127,NB8,2,0.125,True,142.6042938232422,10.145955085754395,5.8396897315979,6.158076286315918,11.89295482635498,4718.75,-11.288582491339643,0.6352881887027828
sweep,7127-75947-0026,test-clean,7127,WB8,0,0.0,True,42.01606750488281,6.16041374206543,6.327340602874756,6.3744282722473145,5.513519763946533,8000.0,0.8037866480519039,0.5688968551541448
sweep,7127-75947-0029,test-clean,7127,NB8,2,0.125,True,115.65324401855469,8.962443351745605,5.533514976501465,5.871270656585693,10.130475997924805,4687.5,-7.736308895665163,0.6915283317630179
sweep,7127-75947-0029,test-clean,7127,WB8,0,0.0,True,38.314353942871094,5.856945991516113,6.0905046463012695,6.2128167152404785,4.990616321563721,8000.0,2.922180126880126,0.6163973766917139
sweep,7127-75947-0031,test-clean,7127,NB8,2,0.125,True,100.36969757080078,7.910182476043701,5.537806034088135,5.683966159820557,8.481878280639648,4656.25,-13.277533427530647,0.5868865033635721
sweep,7127-75947-0031,test-clean,7127,WB8,0,0.0,True,31.821016311645508,5.261831283569336,5.839509963989258,5.804957389831543,4.258543014526367,8000.0,1.6121951809992243,0.5809086137345595
sweep,7127-75947-0033,test-clean,7127,NB8,2,0.125,True,122.25203704833984,9.442708015441895,5.610202312469482,6.137690544128418,11.000802993774414,4750.0,-10.566973648000522,0.6822434578356525
sweep,7127-75947-0033,test-clean,7127,WB8,0,0.0,True,38.23440933227539,5.956402778625488,5.98029899597168,6.051290988922119,5.523672580718994,8000.0,0.04604237612777304,0.6461486165734821
sweep,7127-75947-0035,test-clean,7127,NB8,2,0.125,True,166.638427734375,11.391246795654297,6.022486686706543,6.457680702209473,13.960437774658203,4781.25,-7.668057256538555,0.6420156664098595
sweep,7127-75947-0035,test-clean,7127,WB8,0,0.0,True,46.66526794433594,6.641773700714111,6.499733924865723,6.702579975128174,6.264927864074707,8000.0,1.7450834429799937,0.6032416143808332
sweep,7127-75947-0037,test-clean,7127,NB8,2,0.125,True,207.51223754882812,12.740338325500488,6.094088077545166,6.633042335510254,16.077892303466797,4687.5,-11.47203034816609,0.6515171901334497
sweep,7127-75947-0037,test-clean,7127,WB8,0,0.0,True,48.7256965637207,6.808530330657959,6.484221458435059,6.604404926300049,6.80249547958374,8000.0,2.3420369607287124,0.6055492238678736
sweep,7127-75947-0038,test-clean,7127,NB8,2,0.125,True,153.56121826171875,10.877110481262207,6.077048301696777,6.577536106109619,13.129866600036621,4718.75,-9.764152021632535,0.6193058942298219
sweep,7127-75947-0038,test-clean,7127,WB8,0,0.0,True,44.79221725463867,6.514339447021484,6.472170352935791,6.628634929656982,6.131194591522217,8000.0,2.750252781912921,0.5742606433244684
sweep,7127-75947-0039,test-clean,7127,NB8,2,0.125,True,152.2016143798828,10.905364036560059,6.005465984344482,6.469273090362549,13.163274765014648,4625.0,-10.635543474580624,0.6608963097591397
sweep,7127-75947-0039,test-clean,7127,WB8,0,0.0,True,45.80194091796875,6.582549571990967,6.44334077835083,6.609965801239014,6.231742858886719,8000.0,2.512079468504899,0.5734505336694229
sweep,7127-75947-0040,test-clean,7127,NB8,2,0.125,True,141.53652954101562,9.995220184326172,5.705765247344971,6.05015754699707,11.766033172607422,4656.25,-11.28615598640922,0.6422612714941247
sweep,7127-75947-0040,test-clean,7127,WB8,0,0.0,True,39.479793548583984,5.955455780029297,6.093400478363037,6.1377434730529785,5.352820873260498,8000.0,2.3326096534798006,0.5998495122382299
sweep,7176-88083-0003,test-clean,7176,NB8,2,0.125,True,176.9773712158203,11.994765281677246,6.144131660461426,6.5519633293151855,14.867938995361328,4718.75,-18.23956244219226,0.6689007361447398
sweep,7176-88083-0003,test-clean,7176,WB8,0,0.0,True,51.225276947021484,7.0420122146606445,6.802015781402588,7.000758171081543,6.805191993713379,8000.0,1.0447296431749618,0.6017380889619579
sweep,7176-88083-0005,test-clean,7176,NB8,2,0.125,True,166.80677795410156,11.871119499206543,6.345212459564209,6.684239387512207,14.931916236877441,4781.25,-18.390769441491997,0.6267348877638733
sweep,7176-88083-0005,test-clean,7176,WB8,0,0.0,True,54.20394515991211,7.269850254058838,6.8977179527282715,7.103800296783447,7.27685022354126,8000.0,1.8263026813650525,0.570001039090148
sweep,7176-88083-0011,test-clean,7176,NB8,2,0.125,True,187.6262969970703,12.130616188049316,6.264826774597168,6.604843616485596,15.055648803710938,4750.0,-16.089346289480158,0.595574478211708
sweep,7176-88083-0011,test-clean,7176,WB8,0,0.0,True,51.66331481933594,7.0388898849487305,6.939548492431641,7.096621036529541,6.67948055267334,8000.0,3.1734268442954097,0.5448153095807698
sweep,7176-88083-0012,test-clean,7176,NB8,2,0.125,True,159.7123565673828,11.055171966552734,6.143623352050781,6.400187015533447,13.335600852966309,4687.5,-18.636501932032285,0.5772318277904029
sweep,7176-88083-0012,test-clean,7176,WB8,0,0.0,True,46.49354553222656,6.656070709228516,6.718357086181641,6.814154148101807,6.119260311126709,8000.0,2.077917075382507,0.5466690241092284
sweep,7176-88083-0016,test-clean,7176,NB8,2,0.125,True,147.73788452148438,10.858407974243164,6.169524669647217,6.533200740814209,12.985281944274902,4750.0,-17.185115368334817,0.6204526741792933
sweep,7176-88083-0016,test-clean,7176,WB8,0,0.0,True,47.253173828125,6.702953338623047,6.641141891479492,6.795745849609375,6.196506023406982,8000.0,0.8237676510899563,0.5832999636619343
sweep,7176-88083-0018,test-clean,7176,NB8,2,0.125,True,166.3422393798828,11.651473999023438,6.133249759674072,6.495727062225342,14.512239456176758,4687.5,-17.72075544836928,0.6111155610824636
sweep,7176-88083-0018,test-clean,7176,WB8,0,0.0,True,52.05271530151367,7.092676162719727,6.8029069900512695,7.0030341148376465,6.907055377960205,8000.0,2.4732396693947725,0.5670654607329915
sweep,7176-88083-0024,test-clean,7176,NB8,2,0.125,True,165.2576141357422,11.507128715515137,6.07166051864624,6.437722682952881,14.187984466552734,4718.75,-17.36231030793804,0.6231032918637651
sweep,7176-88083-0024,test-clean,7176,WB8,0,0.0,True,49.76278305053711,6.898252487182617,6.666943550109863,6.852419376373291,6.646340370178223,8000.0,1.4971085956442387,0.5817785083563184
sweep,7176-88083-0025,test-clean,7176,NB8,2,0.125,True,192.9757537841797,12.361851692199707,6.0766377449035645,6.433633327484131,15.49497127532959,4750.0,-17.669123036564773,0.6129118772136558
sweep,7176-88083-0025,test-clean,7176,WB8,0,0.0,True,52.804378509521484,7.1340413093566895,6.758626461029053,6.991185665130615,6.990801811218262,8000.0,2.504686896146075,0.5433107203226508
sweep,7176-92135-0003,test-clean,7176,NB8,2,0.125,True,209.4761199951172,12.86164379119873,6.4698591232299805,6.742208003997803,16.11733055114746,4593.75,-19.203569452677765,0.60412207385248
sweep,7176-92135-0003,test-clean,7176,WB8,0,0.0,True,55.77602767944336,7.3427815437316895,7.12369441986084,7.372315883636475,7.060420989990234,8000.0,1.8040802319774263,0.5250145787907196
sweep,7176-92135-0006,test-clean,7176,NB8,2,0.125,True,164.3110809326172,11.605777740478516,6.2969512939453125,6.586092948913574,14.307846069335938,4625.0,-20.753875478765437,0.6619988591745228
sweep,7176-92135-0006,test-clean,7176,WB8,0,0.0,True,52.19392776489258,7.105582237243652,6.938147068023682,7.18272590637207,6.787930011749268,8000.0,0.15455959071836073,0.5784958825379024
sweep,7176-92135-0007,test-clean,7176,NB8,2,0.125,True,233.23605346679688,14.220193862915039,6.08103609085083,6.66309118270874,18.533742904663086,4718.75,-20.82443008571436,0.6391667201177406
sweep,7176-92135-0007,test-clean,7176,WB8,0,0.0,True,57.666439056396484,7.509334564208984,6.815271854400635,7.231447696685791,7.64640474319458,8000.0,0.2000325627397195,0.5315766158543719
sweep,7176-92135-0009,test-clean,7176,NB8,2,0.125,True,135.41490173339844,10.112112998962402,6.328278064727783,6.462942123413086,11.562956809997559,4875.0,-13.061166894039895,0.6143575807751573
sweep,7176-92135-0009,test-clean,7176,WB8,0,0.0,True,46.786197662353516,6.564240455627441,6.775169849395752,6.820849895477295,5.794517517089844,8000.0,2.176266768735005,0.5503160976061966
sweep,7176-92135-0010,test-clean,7176,NB8,2,0.125,True,158.9267120361328,11.186622619628906,6.676641941070557,6.842352390289307,13.131243705749512,4750.0,-16.61849886635788,0.6253895774709722
sweep,7176-92135-0010,test-clean,7176,WB8,0,0.0,True,50.36994934082031,6.917959690093994,6.857497215270996,7.040680408477783,6.412475109100342,8000.0,-0.3521895776563955,0.6174021328579992
sweep,7176-92135-0012,test-clean,7176,NB8,2,0.125,True,170.58164978027344,11.880537033081055,6.193787574768066,6.550578594207764,14.802639961242676,4718.75,-18.19088627090257,0.6339686216316233
sweep,7176-92135-0012,test-clean,7176,WB8,0,0.0,True,52.59016418457031,7.131478786468506,6.847466468811035,6.993219375610352,7.013216495513916,8000.0,2.1350781892337785,0.5484235944023215
sweep,7176-92135-0013,test-clean,7176,NB8,2,0.125,True,212.839599609375,13.4451322555542,6.225794792175293,6.727787017822266,17.325130462646484,4562.5,-18.914132947344726,0.6304165413851847
sweep,7176-92135-0013,test-clean,7176,WB8,0,0.0,True,58.01252365112305,7.540783882141113,6.792418003082275,7.2307562828063965,7.679462909698486,8000.0,2.198339426970066,0.5533492720297783
sweep,7176-92135-0016,test-clean,7176,NB8,2,0.125,True,154.73443603515625,10.993927001953125,6.257119655609131,6.509982109069824,13.272249221801758,4625.0,-18.137190115043193,0.6247662285358685
sweep,7176-92135-0016,test-clean,7176,WB8,0,0.0,True,49.74650955200195,6.898904323577881,6.896882057189941,7.051941394805908,6.4198455810546875,8000.0,2.0035683014319945,0.5478802598640692
sweep,7176-92135-0017,test-clean,7176,NB8,2,0.125,True,177.50372314453125,12.167510986328125,6.4098381996154785,6.78731107711792,15.190591812133789,4656.25,-18.837620689558644,0.6549927609129255
sweep,7176-92135-0017,test-clean,7176,WB8,0,0.0,True,56.057098388671875,7.392444133758545,7.026808738708496,7.233797073364258,7.351659297943115,8000.0,1.514703231372059,0.5670137794945189
sweep,7176-92135-0020,test-clean,7176,NB8,2,0.125,True,142.96034240722656,10.457832336425781,6.008760929107666,6.207024574279785,12.419092178344727,4750.0,-16.308155179134406,0.6620725695290912
sweep,7176-92135-0020,test-clean,7176,WB8,0,0.0,True,46.79206085205078,6.623023509979248,6.710174560546875,6.7099151611328125,6.025704383850098,8000.0,2.0403962547680323,0.5976092513121547
sweep,7176-92135-0022,test-clean,7176,NB8,2,0.125,True,189.7685546875,12.298027038574219,6.2534284591674805,6.513871669769287,15.299114227294922,4781.25,-17.73507243120704,0.6367412699592434
sweep,7176-92135-0022,test-clean,7176,WB8,0,0.0,True,51.36948013305664,6.972927570343018,6.742310047149658,6.841992378234863,6.714169502258301,8000.0,0.8683147670471004,0.5569622274686138
sweep,7176-92135-0023,test-clean,7176,NB8,2,0.125,True,153.2410888671875,11.160313606262207,6.227400779724121,6.501706600189209,13.503937721252441,4781.25,-11.137614698333616,0.6354766064104496
sweep,7176-92135-0023,test-clean,7176,WB8,0,0.0,True,48.57929611206055,6.757128715515137,6.71843147277832,6.805276870727539,6.314375400543213,8000.0,1.0972224845912246,0.5481409151395036
sweep,7176-92135-0025,test-clean,7176,NB8,2,0.125,True,181.5120849609375,12.29411506652832,6.2494049072265625,6.626977443695068,15.493441581726074,4656.25,-18.52830165805612,0.6263839182429668
sweep,7176-92135-0025,test-clean,7176,WB8,0,0.0,True,55.81168746948242,7.360429763793945,6.990880012512207,7.2015862464904785,7.2880730628967285,8000.0,1.6412936812385248,0.5443841692823809
sweep,7176-92135-0026,test-clean,7176,NB8,2,0.125,True,137.16607666015625,10.192218780517578,6.187883377075195,6.383795261383057,12.023448944091797,4687.5,-21.9706218188761,0.6160063818239858
sweep,7176-92135-0026,test-clean,7176,WB8,0,0.0,True,46.88929748535156,6.68305778503418,6.891916751861572,6.967052459716797,6.029484748840332,8000.0,1.7982820539060222,0.5537633300655749
sweep,7176-92135-0027,test-clean,7176,NB8,2,0.125,True,200.40428161621094,12.85401439666748,6.406085968017578,6.731518268585205,16.34795570373535,4781.25,-18.482393694722514,0.5781900942132739
sweep,7176-92135-0027,test-clean,7176,WB8,0,0.0,True,52.95668029785156,7.196714878082275,6.96791934967041,7.11850118637085,7.09598445892334,8000.0,-0.5859522090798887,0.532699477848376
sweep,7176-92135-0033,test-clean,7176,NB8,2,0.125,True,258.0963439941406,14.517599105834961,6.461892127990723,6.837530612945557,18.68719482421875,4656.25,-18.141185121830393,0.5858422245825498
sweep,7176-92135-0033,test-clean,7176,WB8,0,0.0,True,54.83241653442383,7.303082466125488,7.003987789154053,7.116212368011475,7.255191802978516,8000.0,2.07605278803145,0.5592321087912732
sweep,7176-92135-0037,test-clean,7176,NB8,2,0.125,True,201.06546020507812,13.035253524780273,6.3570332527160645,6.742687225341797,16.595273971557617,4656.25,-18.466957379842466,0.6169391669130768
sweep,7176-92135-0037,test-clean,7176,WB8,0,0.0,True,55.73188400268555,7.382046222686768,7.00395393371582,7.150990962982178,7.41561222076416,8000.0,2.0797304966388723,0.535964963893388
sweep,7176-92135-0040,test-clean,7176,NB8,2,0.125,True,154.68994140625,11.016736030578613,6.185662269592285,6.468339443206787,13.319021224975586,4750.0,-17.86628583487735,0.6753483452323154
sweep,7176-92135-0040,test-clean,7176,WB8,0,0.0,True,49.57377243041992,6.898945331573486,6.824554920196533,6.9378581047058105,6.509402751922607,8000.0,1.790970185775552,0.5887372383564082
sweep,7176-92135-0041,test-clean,7176,NB8,2,0.125,True,159.62904357910156,11.10291576385498,6.234509468078613,6.498263835906982,13.37774658203125,4687.5,-20.47562353134871,0.6278184758559128
sweep,7176-92135-0041,test-clean,7176,WB8,0,0.0,True,47.693565368652344,6.7500176429748535,6.759079933166504,6.837734222412109,6.305063724517822,8000.0,1.408305791095164,0.5554761462750707
sweep,7176-92135-0043,test-clean,7176,NB8,2,0.125,True,158.5283203125,11.333003044128418,6.202193260192871,6.5206193923950195,13.865160942077637,4718.75,-17.05608601777034,0.5846744933853819
sweep,7176-92135-0043,test-clean,7176,WB8,0,0.0,True,50.538421630859375,6.990885257720947,6.811274528503418,6.91274356842041,6.777052879333496,8000.0,2.1000059337574206,0.5304232035315173
sweep,7176-92135-0044,test-clean,7176,NB8,2,0.125,True,186.79566955566406,12.093111038208008,6.345032215118408,6.612419128417969,14.993329048156738,4687.5,-20.31095256949698,0.5936945229965384
sweep,7176-92135-0044,test-clean,7176,WB8,0,0.0,True,53.20042419433594,7.134587287902832,6.970353603363037,7.115499496459961,6.837026596069336,8000.0,2.170682259482911,0.5199847128769427
sweep,7729-102255-0003,test-clean,7729,NB8,2,0.125,True,119.34622192382812,9.46891975402832,5.8727874755859375,6.2285475730896,11.21001148223877,4781.25,-13.97485391622714,0.5991086230307855
sweep,7729-102255-0003,test-clean,7729,WB8,0,0.0,True,50.37176513671875,6.871139049530029,7.06747579574585,7.107043266296387,6.382554054260254,8000.0,2.8455065304702805,0.5064858971998175
sweep,7729-102255-0008,test-clean,7729,NB8,2,0.125,True,99.65650939941406,8.306451797485352,5.6807074546813965,6.0492682456970215,9.278582572937012,4843.75,-11.811846238733626,0.6019099440176187
sweep,7729-102255-0008,test-clean,7729,WB8,0,0.0,True,43.51815414428711,6.288183212280273,6.688622951507568,6.719212055206299,5.521865367889404,8000.0,2.0967866868686835,0.5257467502810084
sweep,7729-102255-0016,test-clean,7729,NB8,2,0.125,True,94.17516326904297,8.152765274047852,5.827450275421143,6.176389694213867,8.950599670410156,4843.75,-11.383306826003189,0.5891096021996435
sweep,7729-102255-0016,test-clean,7729,WB8,0,0.0,True,46.02509689331055,6.5135393142700195,7.101107120513916,7.087796688079834,5.578934669494629,8000.0,4.007354032177676,0.5190954645429777
sweep,7729-102255-0019,test-clean,7729,NB8,2,0.125,True,119.83631134033203,9.306417465209961,6.0289177894592285,6.457789421081543,10.685688972473145,4875.0,-12.752052657099018,0.5514739785114243
sweep,7729-102255-0019,test-clean,7729,WB8,0,0.0,True,47.474334716796875,6.6806182861328125,7.00466251373291,7.04080057144165,6.050871849060059,8000.0,2.282525645989378,0.5274210699533609
sweep,7729-102255-0024,test-clean,7729,NB8,2,0.125,True,113.81331634521484,8.886133193969727,5.921518325805664,6.241132736206055,10.175573348999023,4500.0,-16.963900043082532,0.5937923110611553
sweep,7729-102255-0024,test-clean,7729,WB8,0,0.0,True,46.784488677978516,6.623795032501221,7.047881126403809,7.046590805053711,5.961820125579834,8000.0,3.2079286658852513,0.5225237888975623
sweep,7729-102255-0028,test-clean,7729,NB8,2,0.125,True,127.18292999267578,9.268030166625977,5.904143810272217,6.173328876495361,10.724295616149902,4750.0,-12.86920212580787,0.6065998197104228
sweep,7729-102255-0028,test-clean,7729,WB8,0,0.0,True,47.74806594848633,6.624847888946533,7.020712852478027,7.021531581878662,5.983171463012695,8000.0,4.187949429308705,0.5235617183874898
sweep,7729-102255-0030,test-clean,7729,NB8,2,0.125,True,164.5268096923828,10.468085289001465,5.937777519226074,6.233453750610352,12.556432723999023,4437.5,-20.37798566797115,0.6001652497898544
sweep,7729-102255-0030,test-clean,7729,WB8,0,0.0,True,46.984649658203125,6.574261665344238,6.742578029632568,6.802324295043945,6.102261066436768,8000.0,2.4863389220890326,0.5166668135371493
sweep,7729-102255-0033,test-clean,7729,NB8,2,0.125,True,125.14350891113281,9.094244956970215,5.848917007446289,6.110195159912109,10.377494812011719,4843.75,-15.149739834946327,0.6079218060843999
sweep,7729-102255-0033,test-clean,7729,WB8,0,0.0,True,44.12104034423828,6.310781478881836,6.788475513458252,6.726108074188232,5.566219806671143,8000.0,2.9314807869744453,0.5211148672027627
sweep,8230-279154-0000,test-clean,8230,NB8,2,0.125,True,152.6537322998047,10.29960823059082,5.745058536529541,6.07008695602417,12.486968994140625,4437.5,-24.514326610866593,0.624060951592762
sweep,8230-279154-0000,test-clean,8230,WB8,0,0.0,True,43.83958053588867,6.379212856292725,6.271852493286133,6.390873432159424,6.092326641082764,8000.0,2.106082144436126,0.5886465036712201
sweep,8230-279154-0023,test-clean,8230,NB8,2,0.125,True,183.95274353027344,11.195265769958496,5.706042289733887,6.0321197509765625,13.840453147888184,4375.0,-23.334018140454077,0.6630497540659631
sweep,8230-279154-0023,test-clean,8230,WB8,0,0.0,True,45.457191467285156,6.4949049949646,6.307195663452148,6.398877143859863,6.280476093292236,8000.0,3.3002268660141114,0.5728024193024265
sweep,8230-279154-0027,test-clean,8230,NB8,2,0.125,True,135.35401916503906,9.630386352539062,5.497410297393799,5.777042388916016,11.554452896118164,4500.0,-23.69092877583001,0.6770897481365885
sweep,8230-279154-0027,test-clean,8230,WB8,0,0.0,True,41.9687614440918,6.183672904968262,6.155612468719482,6.2147135734558105,5.814517974853516,8000.0,2.381190853728192,0.6174581128003547
sweep,8230-279154-0030,test-clean,8230,NB8,2,0.125,True,127.21159362792969,8.782973289489746,5.158912658691406,5.459099769592285,10.179112434387207,4625.0,-22.452388577371796,0.6241734435340694
sweep,8230-279154-0030,test-clean,8230,WB8,0,0.0,True,34.2509880065918,5.521594047546387,5.674480438232422,5.745425224304199,4.8585286140441895,8000.0,1.1110305844940953,0.5977404133204735
sweep,8230-279154-0035,test-clean,8230,NB8,2,0.125,True,104.80902099609375,8.179380416870117,5.097497463226318,5.424351215362549,9.338390350341797,4656.25,-21.595386333751534,0.6487555162543307
sweep,8230-279154-0035,test-clean,8230,WB8,0,0.0,True,34.69437789916992,5.536378383636475,5.721276760101318,5.762825965881348,4.878263473510742,8000.0,1.4966155827920806,0.5864942416657885
sweep,8230-279154-0037,test-clean,8230,NB8,2,0.125,True,94.65248107910156,7.47937536239624,5.007883071899414,5.145919322967529,8.255911827087402,4531.25,-23.68775800994726,0.63337450237293
sweep,8230-279154-0037,test-clean,8230,WB8,0,0.0,True,31.207069396972656,5.185500621795654,5.615889549255371,5.574519634246826,4.276193618774414,8000.0,2.9283714424197966,0.5893461620050975
sweep,8230-279154-0039,test-clean,8230,NB8,2,0.125,True,149.73191833496094,9.930298805236816,5.371620178222656,5.6518049240112305,11.941844940185547,4593.75,-18.973759797652292,0.699919057391532
sweep,8230-279154-0039,test-clean,8230,WB8,0,0.0,True,39.61473846435547,5.977785110473633,5.856031894683838,5.928147315979004,5.645915508270264,8000.0,2.617548264126379,0.655975513102785
sweep,8455-210777-0000,test-clean,8455,NB8,2,0.125,True,94.43742370605469,8.819100379943848,6.225390434265137,6.685079574584961,9.99028205871582,4812.5,-13.305431470591856,0.6228167084844394
sweep,8455-210777-0000,test-clean,8455,WB8,0,0.0,True,48.59821701049805,6.848639011383057,6.808304309844971,7.003710746765137,6.538393497467041,8000.0,1.3885113099394442,0.5921208183255948
sweep,8455-210777-0002,test-clean,8455,NB8,2,0.125,True,101.64118194580078,8.76145076751709,6.103854179382324,6.504613399505615,9.81937313079834,4718.75,-15.936258003021905,0.6343917773846431
sweep,8455-210777-0002,test-clean,8455,WB8,0,0.0,True,44.93818664550781,6.534768104553223,6.561094760894775,6.70819616317749,6.128449440002441,8000.0,2.0529659981868478,0.5786706943082287
sweep,8455-210777-0003,test-clean,8455,NB8,2,0.125,True,101.71661376953125,8.443111419677734,5.912764072418213,6.185160160064697,9.293161392211914,4906.25,-15.048118188926647,0.6157477984519347
sweep,8455-210777-0003,test-clean,8455,WB8,0,0.0,True,42.306602478027344,6.208690166473389,6.433606147766113,6.550787448883057,5.54255485534668,8000.0,2.098141648104648,0.545481039454498
sweep,8455-210777-0005,test-clean,8455,NB8,2,0.125,True,75.79811096191406,7.363865852355957,5.664577484130859,5.9436469078063965,7.71645975112915,5031.25,-13.202026529817818,0.6323178615296922
sweep,8455-210777-0005,test-clean,8455,WB8,0,0.0,True,37.93411636352539,5.865416526794434,6.365964889526367,6.353289604187012,4.988512992858887,8000.0,0.7747564045285122,0.5334798684032163
sweep,8455-210777-0015,test-clean,8455,NB8,2,0.125,True,75.76897430419922,7.322533130645752,5.784944534301758,6.013165473937988,7.489448547363281,4781.25,-15.457391799000293,0.592743989184119
sweep,8455-210777-0015,test-clean,8455,WB8,0,0.0,True,39.055477142333984,5.934900760650635,6.434745788574219,6.467601776123047,4.972949504852295,8000.0,1.8325914796939822,0.5452896519601622
sweep,8455-210777-0016,test-clean,8455,NB8,2,0.125,True,97.45401000976562,8.454826354980469,6.033207416534424,6.342365264892578,9.275121688842773,4687.5,-13.491524822607822,0.6499135370406631
sweep,8455-210777-0016,test-clean,8455,WB8,0,0.0,True,44.2204704284668,6.395721435546875,6.597273826599121,6.691154956817627,5.7745795249938965,8000.0,2.261615767354473,0.5770825910109169
sweep,8455-210777-0018,test-clean,8455,NB8,2,0.125,True,97.4736099243164,7.9466071128845215,5.5834879875183105,5.74429988861084,8.549168586730957,4750.0,-13.377471880237009,0.6065429005391401
sweep,8455-210777-0018,test-clean,8455,WB8,0,0.0,True,38.796627044677734,5.794360637664795,6.1867852210998535,6.209801197052002,4.8723859786987305,8000.0,1.9609222362282388,0.5731516666078982
sweep,8455-210777-0019,test-clean,8455,NB8,2,0.125,True,90.56990051269531,8.609375953674316,5.992612361907959,6.449388027191162,9.734389305114746,5031.25,-5.337966774666146,0.6569759061982472
sweep,8455-210777-0019,test-clean,8455,WB8,0,0.0,True,47.931488037109375,6.731625556945801,6.589066028594971,6.785568714141846,6.45774507522583,8000.0,1.5028444572809265,0.6095049574796811
sweep,8455-210777-0021,test-clean,8455,NB8,2,0.125,True,101.3980712890625,9.182377815246582,6.517813205718994,6.897631645202637,10.431302070617676,4750.0,-9.41045641080202,0.6107544348252795
sweep,8455-210777-0021,test-clean,8455,WB8,0,0.0,True,47.60527038574219,6.797768592834473,6.743849754333496,6.885454177856445,6.575183391571045,8000.0,0.9135462501597276,0.5640859345391455
sweep,8455-210777-0022,test-clean,8455,NB8,2,0.125,True,110.50856018066406,8.89401912689209,6.142219543457031,6.398530006408691,9.961447715759277,4687.5,-14.00883043985527,0.5932929266579965
sweep,8455-210777-0022,test-clean,8455,WB8,0,0.0,True,44.821136474609375,6.470926761627197,6.718608379364014,6.799015045166016,5.856542110443115,8000.0,2.847668530555863,0.5561211532884984
sweep,8455-210777-0023,test-clean,8455,NB8,2,0.125,True,106.53015899658203,8.402729988098145,5.898971080780029,6.080994606018066,9.24974250793457,4718.75,-13.556704663300437,0.6119310365957402
sweep,8455-210777-0023,test-clean,8455,WB8,0,0.0,True,41.8817024230957,6.170858383178711,6.490323543548584,6.541353225708008,5.452454090118408,8000.0,1.972088709432519,0.5118968589684407
sweep,8455-210777-0027,test-clean,8455,NB8,2,0.125,True,88.5970230102539,7.754001140594482,5.7601213455200195,6.027244567871094,8.159002304077148,4750.0,-14.642726524079324,0.614073297391265
sweep,8455-210777-0027,test-clean,8455,WB8,0,0.0,True,38.895565032958984,5.910759925842285,6.380824565887451,6.444057464599609,4.906796455383301,8000.0,2.5000672286279455,0.548874687484089
sweep,8455-210777-0028,test-clean,8455,NB8,2,0.125,True,76.68817138671875,7.3606791496276855,5.802223205566406,6.049567699432373,7.655856132507324,4843.75,-15.526808970624106,0.6368599850050515
sweep,8455-210777-0028,test-clean,8455,WB8,0,0.0,True,38.92031478881836,5.953180313110352,6.48902702331543,6.452624320983887,5.12647008895874,8000.0,1.3760955136955308,0.5641043302831831
sweep,8455-210777-0031,test-clean,8455,NB8,2,0.125,True,93.21949005126953,7.881972789764404,5.791257381439209,6.134265422821045,8.27910041809082,4750.0,-17.197917289951764,0.613875247680216
sweep,8455-210777-0031,test-clean,8455,WB8,0,0.0,True,38.99211502075195,5.922093868255615,6.395599365234375,6.508256435394287,4.894304275512695,8000.0,1.5577466632101653,0.5524460998657075
sweep,8455-210777-0032,test-clean,8455,NB8,2,0.125,True,94.26799011230469,7.512390613555908,5.577978610992432,5.713169574737549,7.640188694000244,4750.0,-11.721536058024938,0.6387667449889458
sweep,8455-210777-0032,test-clean,8455,WB8,0,0.0,True,34.741764068603516,5.4908447265625,6.127559661865234,6.116970062255859,4.302831649780273,8000.0,0.06364983768962566,0.5336245286837122
sweep,8455-210777-0034,test-clean,8455,NB8,2,0.125,True,60.53555679321289,6.563531875610352,5.47313928604126,5.676671981811523,6.375530242919922,4906.25,-10.958215703992414,0.6077053322441716
sweep,8455-210777-0034,test-clean,8455,WB8,0,0.0,True,33.813140869140625,5.431631565093994,5.995596408843994,6.022661209106445,4.2877516746521,8000.0,2.991013942885811,0.5170736540637595
sweep,8455-210777-0035,test-clean,8455,NB8,2,0.125,True,88.76081085205078,7.366384983062744,5.563510417938232,5.651173114776611,7.682740211486816,4687.5,-16.191432972170702,0.599875121899726
sweep,8455-210777-0035,test-clean,8455,WB8,0,0.0,True,34.901641845703125,5.493682384490967,6.119935512542725,6.05417537689209,4.402202129364014,8000.0,-0.05083731819874807,0.5445557112555243
sweep,8455-210777-0037,test-clean,8455,NB8,2,0.125,True,103.80047607421875,8.211259841918945,5.617225646972656,5.799818992614746,9.079851150512695,4750.0,-11.558533693816972,0.5829297651283705
sweep,8455-210777-0037,test-clean,8455,WB8,0,0.0,True,39.48428726196289,5.835600852966309,6.222738742828369,6.223687171936035,5.057619094848633,8000.0,3.7082916245102404,0.5416495139714755
sweep,8455-210777-0038,test-clean,8455,NB8,2,0.125,True,116.85270690917969,8.914474487304688,5.880323886871338,6.22843599319458,10.00555419921875,4812.5,-12.98936598823335,0.6329046327404656
sweep,8455-210777-0038,test-clean,8455,WB8,0,0.0,True,44.1156005859375,6.331071853637695,6.582378387451172,6.635677814483643,5.6631903648376465,8000.0,1.5822148970334053,0.5682988957853493
sweep,8455-210777-0049,test-clean,8455,NB8,2,0.125,True,126.79217529296875,9.83428955078125,6.476946830749512,6.789118766784668,11.352653503417969,4968.75,-11.270546927264027,0.594405839735103
sweep,8455-210777-0049,test-clean,8455,WB8,0,0.0,True,49.67422866821289,6.90354061126709,6.971704483032227,7.0204057693481445,6.602231025695801,8000.0,1.6060217683907039,0.5340502027197259
sweep,8455-210777-0057,test-clean,8455,NB8,2,0.125,True,143.91929626464844,10.309414863586426,6.2361321449279785,6.667887210845947,12.209410667419434,4843.75,-13.58914743548019,0.5814417222591527
sweep,8455-210777-0057,test-clean,8455,WB8,0,0.0,True,49.900482177734375,6.914696216583252,6.791244983673096,6.931664943695068,6.719085216522217,8000.0,1.954336910860154,0.5249161666989282
sweep,8455-210777-0058,test-clean,8455,NB8,2,0.125,True,147.09756469726562,10.379630088806152,6.234740734100342,6.66525936126709,12.360403060913086,4875.0,-16.98091752273394,0.6497789050842677
sweep,8455-210777-0058,test-clean,8455,WB8,0,0.0,True,50.618255615234375,6.964663505554199,6.795122146606445,6.900273323059082,6.855069160461426,8000.0,2.0943253478492103,0.5542781877339553
sweep,8455-210777-0064,test-clean,8455,NB8,2,0.125,True,83.18119049072266,8.00297737121582,6.1058502197265625,6.381814479827881,8.611705780029297,4937.5,-9.595620392307907,0.6138462876204264
sweep,8455-210777-0064,test-clean,8455,WB8,0,0.0,True,43.7510986328125,6.412388324737549,6.599612712860107,6.649007320404053,5.880329132080078,8000.0,2.326943817598039,0.5722811799360432
sweep,8455-210777-0065,test-clean,8455,NB8,2,0.125,True,115.661376953125,8.834660530090332,6.026028156280518,6.224550724029541,9.904640197753906,4906.25,-12.617521597563757,0.5903441594196654
sweep,8455-210777-0065,test-clean,8455,WB8,0,0.0,True,43.26716232299805,6.281560897827148,6.599202632904053,6.573227405548096,5.692140579223633,8000.0,2.6104141848527678,0.5415743923581453
sweep,8455-210777-0067,test-clean,8455,NB8,2,0.125,True,83.58380126953125,7.322815418243408,5.578592300415039,5.688205242156982,7.577359676361084,4687.5,-13.763620293417048,0.6236076275308535
sweep,8455-210777-0067,test-clean,8455,WB8,0,0.0,True,36.80775451660156,5.585117340087891,6.082395553588867,6.030400276184082,4.67602014541626,8000.0,1.7886205656261547,0.5915632680673616
sweep,8455-210777-0069,test-clean,8455,NB8,2,0.125,True,83.13371276855469,7.750912189483643,5.907620906829834,6.248579025268555,8.183892250061035,5000.0,-12.235736198601852,0.579266229150077
sweep,8455-210777-0069,test-clean,8455,WB8,0,0.0,True,40.8453254699707,6.134457588195801,6.490839958190918,6.567264556884766,5.362616539001465,8000.0,2.3484188202611076,0.5286262805921003
sweep,8463-287645-0001,test-clean,8463,NB8,2,0.125,True,198.70004272460938,11.87784194946289,5.466217994689941,5.752701759338379,15.27645492553711,4218.75,-25.417309987179443,0.6198471081563552
sweep,8463-287645-0001,test-clean,8463,WB8,0,0.0,True,47.2080192565918,6.34232234954834,6.07328462600708,6.175349235534668,6.26303768157959,8000.0,1.9382416678840966,0.574521703475893
sweep,8463-287645-0002,test-clean,8463,NB8,2,0.125,True,129.2358856201172,9.902365684509277,5.653895854949951,6.04256534576416,12.040677070617676,4937.5,-13.596769304556666,0.6285253651335233
sweep,8463-287645-0002,test-clean,8463,WB8,0,0.0,True,44.958961486816406,6.398522853851318,6.439326763153076,6.548199653625488,5.94325590133667,8000.0,1.6052901956422174,0.5420765578062484
sweep,8463-287645-0009,test-clean,8463,NB8,2,0.125,True,164.63299560546875,11.325308799743652,5.81420373916626,6.137690544128418,14.206741333007812,4656.25,-15.639547103050383,0.5972122307272685
sweep,8463-287645-0009,test-clean,8463,WB8,0,0.0,True,47.51405715942383,6.563958168029785,6.480095863342285,6.608674049377441,6.197709083557129,8000.0,-0.8176607972319239,0.5437157891344128
sweep,8463-287645-0011,test-clean,8463,NB8,2,0.125,True,162.1809844970703,10.977094650268555,5.603654384613037,6.015084266662598,13.590128898620605,4812.5,-13.30474525176426,0.6421487290756619
sweep,8463-287645-0011,test-clean,8463,WB8,0,0.0,True,46.991268157958984,6.5034074783325195,6.42264986038208,6.5137858390808105,6.162632942199707,8000.0,1.1278933402231464,0.5597685453182667
sweep,8463-294825-0000,test-clean,8463,NB8,2,0.125,True,320.17401123046875,16.623342514038086,6.687815189361572,7.13269567489624,21.930648803710938,4468.75,-17.252984701060907,0.6422287599503077
sweep,8463-294825-0000,test-clean,8463,WB8,0,0.0,True,54.54671096801758,7.3240227699279785,6.957394123077393,7.178119659423828,7.374486446380615,8000.0,1.1528956663202394,0.5784741714392718
sweep,8463-294825-0001,test-clean,8463,NB8,2,0.125,True,307.0184326171875,16.650390625,6.3884992599487305,7.031517505645752,22.169479370117188,4468.75,-17.623112204832406,0.6614399807287172
sweep,8463-294825-0001,test-clean,8463,WB8,0,0.0,True,53.53001403808594,7.257906436920166,6.730617523193359,7.00867223739624,7.413166522979736,8000.0,0.7885476629693415,0.59320327633465
sweep,8463-294825-0002,test-clean,8463,NB8,2,0.125,True,263.9854736328125,15.381096839904785,6.399637699127197,6.990220546722412,20.267744064331055,4406.25,-17.739793185609397,0.6685194604015713
sweep,8463-294825-0002,test-clean,8463,WB8,0,0.0,True,52.779232025146484,7.202610015869141,6.834595680236816,7.074577331542969,7.237599849700928,8000.0,0.15842981880092907,0.5970254675603128
sweep,8463-294825-0003,test-clean,8463,NB8,2,0.125,True,354.0818176269531,18.015810012817383,6.475644111633301,7.10462760925293,24.193344116210938,4375.0,-16.434001765045515,0.6883575205025683
sweep,8463-294825-0003,test-clean,8463,WB8,0,0.0,True,56.8521614074707,7.483047008514404,6.879744052886963,7.131038188934326,7.74061918258667,8000.0,0.4155663586352707,0.6041787044998369
sweep,8463-294825-0004,test-clean,8463,NB8,2,0.125,True,317.4776306152344,16.99334144592285,6.458794593811035,7.129138946533203,22.65167808532715,8000.0,-17.0123713811866,0.661832307935707
sweep,8463-294825-0004,test-clean,8463,WB8,0,0.0,True,54.38131332397461,7.323931694030762,6.727984428405762,7.033430099487305,7.521514892578125,8000.0,0.11191643130987243,0.6015657716508978
sweep,8463-294825-0011,test-clean,8463,NB8,2,0.125,True,344.07720947265625,17.510255813598633,6.866448879241943,7.441863536834717,23.316253662109375,4468.75,-17.321767000503215,0.6252340668444322
sweep,8463-294825-0011,test-clean,8463,WB8,0,0.0,True,57.021060943603516,7.507527828216553,7.101809024810791,7.354135513305664,7.586435794830322,8000.0,0.7633054019201964,0.5594217732437273
sweep,8463-294825-0012,test-clean,8463,NB8,2,0.125,True,328.67352294921875,17.07902717590332,6.393286228179932,7.053333759307861,22.76625633239746,4437.5,-17.775325811985926,0.6628689356072255
sweep,8463-294825-0012,test-clean,8463,WB8,0,0.0,True,56.06003952026367,7.412524700164795,6.826357364654541,7.096165180206299,7.622239589691162,8000.0,0.9287699701225156,0.5921093135352847
sweep,8463-294825-0016,test-clean,8463,NB8,2,0.125,True,301.36798095703125,16.410097122192383,6.254480838775635,6.894068241119385,21.792022705078125,4312.5,-18.13124876231339,0.7520811692491284
sweep,8463-294825-0016,test-clean,8463,WB8,0,0.0,True,51.187408447265625,7.1031107902526855,6.544788360595703,6.849900245666504,7.25292444229126,8000.0,-0.8393719076650221,0.670264303106776
sweep,8463-294825-0019,test-clean,8463,NB8,2,0.125,True,327.2933044433594,17.397138595581055,6.4124956130981445,7.0433454513549805,23.332822799682617,4312.5,-18.20313543415286,0.7080741128230479
sweep,8463-294825-0019,test-clean,8463,WB8,0,0.0,True,55.88928985595703,7.421990394592285,6.79192590713501,7.105271339416504,7.643239498138428,8000.0,-0.4702914786085345,0.6292550817945811
sweep,8463-294828-0000,test-clean,8463,NB8,2,0.125,True,303.4211120605469,15.651490211486816,6.466883659362793,6.950862407684326,20.450088500976562,8000.0,-14.57176872521062,0.6843519680885226
sweep,8463-294828-0000,test-clean,8463,WB8,0,0.0,True,52.182254791259766,7.033836364746094,6.682258605957031,6.916720390319824,7.0058088302612305,8000.0,0.8192914981564299,0.5983842466535129
sweep,8463-294828-0002,test-clean,8463,NB8,2,0.125,True,339.9937744140625,17.61668586730957,6.37418270111084,7.047961235046387,23.648666381835938,4468.75,-15.739157398659973,0.6518954624867351
sweep,8463-294828-0002,test-clean,8463,WB8,0,0.0,True,57.173583984375,7.512512683868408,6.776366233825684,7.092634677886963,7.829657554626465,8000.0,0.25493613824319883,0.5805909833574714
sweep,8463-294828-0003,test-clean,8463,NB8,2,0.125,True,293.3313903808594,16.247770309448242,6.394402503967285,6.985670566558838,21.551176071166992,4343.75,-19.180524713256364,0.6753951210387908
sweep,8463-294828-0003,test-clean,8463,WB8,0,0.0,True,54.90576171875,7.350970268249512,6.827713489532471,7.079244613647461,7.51976203918457,8000.0,0.4822956473687442,0.6065208541717286
sweep,8463-294828-0009,test-clean,8463,NB8,2,0.125,True,322.1084899902344,17.22262954711914,6.502596378326416,7.178965091705322,23.035720825195312,4531.25,-14.712538315154507,0.6586671568442989
sweep,8463-294828-0009,test-clean,8463,WB8,0,0.0,True,56.59433364868164,7.473551273345947,6.902005672454834,7.16712760925293,7.685719966888428,8000.0,0.8353909480513693,0.5916032983257477
sweep,8463-294828-0011,test-clean,8463,NB8,2,0.125,True,292.80194091796875,16.356958389282227,6.436091899871826,7.076974868774414,21.719579696655273,4562.5,-16.55358594510789,0.7015621332531181
sweep,8463-294828-0011,test-clean,8463,WB8,0,0.0,True,55.857521057128906,7.406174182891846,6.937178134918213,7.158129692077637,7.557483196258545,8000.0,-2.558522739267402,0.652807114088684
sweep,8463-294828-0015,test-clean,8463,NB8,2,0.125,True,218.72926330566406,13.188337326049805,6.2317280769348145,6.636146545410156,16.85443687438965,4562.5,-20.45260942370085,0.6840964026987989
sweep,8463-294828-0015,test-clean,8463,WB8,0,0.0,True,46.042236328125,6.669063568115234,6.591516494750977,6.786462783813477,6.428701400756836,8000.0,-0.717101030773891,0.6471014440977478
sweep,8463-294828-0016,test-clean,8463,NB8,2,0.125,True,312.87908935546875,16.46990203857422,6.928226470947266,7.528883457183838,21.64588737487793,4468.75,-19.992663897319026,0.6442543626102409
sweep,8463-294828-0016,test-clean,8463,WB8,0,0.0,True,57.1408805847168,7.503842830657959,7.144383430480957,7.359648704528809,7.557743072509766,8000.0,-0.38258566791747717,0.5386176353828116
sweep,8463-294828-0020,test-clean,8463,NB8,2,0.125,True,282.85601806640625,15.624129295349121,6.480461597442627,7.123899936676025,20.488935470581055,4406.25,-17.733180420718774,0.6409566281538703
sweep,8463-294828-0020,test-clean,8463,WB8,0,0.0,True,52.10256576538086,7.159836292266846,6.8192033767700195,7.053287982940674,7.16375732421875,8000.0,-0.7089826615934846,0.6157674633817245
sweep,8463-294828-0021,test-clean,8463,NB8,2,0.125,True,337.6419982910156,17.151504516601562,6.619579792022705,7.205286502838135,22.734298706054688,4531.25,-18.43017873005852,0.7290765445330979
sweep,8463-294828-0021,test-clean,8463,WB8,0,0.0,True,53.11784362792969,7.225650310516357,6.796846389770508,7.032917499542236,7.313687801361084,8000.0,0.8537995156882403,0.6461101821334965
sweep,8463-294828-0023,test-clean,8463,NB8,2,0.125,True,298.2812805175781,16.331453323364258,6.6559600830078125,7.23493766784668,21.62295150756836,4437.5,-17.132972642544328,0.6340840089401869
sweep,8463-294828-0023,test-clean,8463,WB8,0,0.0,True,56.68538284301758,7.465826988220215,7.066332817077637,7.299829483032227,7.556755542755127,8000.0,0.9456469026523038,0.6053630206900238
sweep,8463-294828-0024,test-clean,8463,NB8,2,0.125,True,314.60125732421875,16.83725357055664,6.765054702758789,7.445168972015381,22.2955379486084,4375.0,-15.111757574804702,0.6419986100658198
sweep,8463-294828-0024,test-clean,8463,WB8,0,0.0,True,55.14467239379883,7.368742942810059,6.853550910949707,7.032680511474609,7.600719928741455,8000.0,-1.3775418834999473,0.5986746392039606
sweep,8463-294828-0026,test-clean,8463,NB8,2,0.125,True,372.2410888671875,18.270931243896484,6.535495758056641,7.154780864715576,24.476133346557617,4437.5,-16.696466829824722,0.668384585709322
sweep,8463-294828-0026,test-clean,8463,WB8,0,0.0,True,60.2144889831543,7.688560962677002,6.9706034660339355,7.253640174865723,7.989814281463623,8000.0,-2.314704349750655,0.5993149442001877
sweep,8463-294828-0027,test-clean,8463,NB8,2,0.125,True,307.05517578125,16.6517276763916,6.457739353179932,7.080223560333252,22.148386001586914,8000.0,-18.1923510233188,0.640896908151612
sweep,8463-294828-0027,test-clean,8463,WB8,0,0.0,True,53.74013900756836,7.258845329284668,6.826004981994629,7.048298358917236,7.356928825378418,8000.0,1.1521488566426883,0.5738529469444045
sweep,8463-294828-0032,test-clean,8463,NB8,2,0.125,True,305.06939697265625,16.5753173828125,6.5112128257751465,7.139173984527588,21.997257232666016,4281.25,-17.82293755796982,0.718011712434955
sweep,8463-294828-0032,test-clean,8463,WB8,0,0.0,True,54.49166488647461,7.3289899826049805,6.862565517425537,7.126158237457275,7.444942951202393,8000.0,-0.573898061451702,0.6306670358385429
sweep,8463-294828-0036,test-clean,8463,NB8,2,0.125,True,261.36981201171875,15.211176872253418,6.297041416168213,6.8989691734313965,20.055479049682617,4312.5,-20.945392529396706,0.6677750148710546
sweep,8463-294828-0036,test-clean,8463,WB8,0,0.0,True,50.75645065307617,7.06001615524292,6.758398532867432,6.977330684661865,7.051706790924072,8000.0,0.4003789652431984,0.6284266268427343
sweep,8463-294828-0037,test-clean,8463,NB8,2,0.125,True,265.02069091796875,15.41403865814209,6.266039848327637,6.9114556312561035,20.38407325744629,4406.25,-16.306876179009247,0.6995405845350027
sweep,8463-294828-0037,test-clean,8463,WB8,0,0.0,True,52.64055252075195,7.188659191131592,6.773171424865723,6.989426612854004,7.293006420135498,8000.0,0.4044453765073591,0.6271081466571278
sweep,8463-294828-0038,test-clean,8463,NB8,2,0.125,True,294.1346740722656,16.144224166870117,6.338105201721191,6.950376510620117,21.413211822509766,4406.25,-17.736553735989805,0.6778788751151298
sweep,8463-294828-0038,test-clean,8463,WB8,0,0.0,True,53.624671936035156,7.248530387878418,6.814209461212158,7.063851356506348,7.326840877532959,8000.0,-0.1937331331515073,0.6003938395744663
sweep,8555-284447-0001,test-clean,8555,NB8,2,0.125,True,90.9714584350586,7.953284740447998,5.714710712432861,5.974516868591309,8.814769744873047,4562.5,-17.151316089644496,0.6152569433572698
sweep,8555-284447-0001,test-clean,8555,WB8,0,0.0,True,41.52660369873047,6.021478652954102,6.44653844833374,6.448298454284668,5.2046918869018555,8000.0,0.4143412508390821,0.5504379321942994
sweep,8555-284447-0002,test-clean,8555,NB8,2,0.125,True,96.35590362548828,8.271257400512695,5.485726833343506,5.816253185272217,9.538762092590332,4937.5,-17.076451071847885,0.5898900347250438
sweep,8555-284447-0002,test-clean,8555,WB8,0,0.0,True,42.504798889160156,6.0236687660217285,6.127238750457764,6.238372325897217,5.473541736602783,8000.0,0.5364562464022247,0.49913735580107416
sweep,8555-284447-0003,test-clean,8555,NB8,2,0.125,True,120.77108764648438,8.632658004760742,5.463181018829346,5.605504989624023,10.064702033996582,4312.5,-28.987457371676967,0.6012838035206445
sweep,8555-284447-0003,test-clean,8555,WB8,0,0.0,True,38.77466583251953,5.737038612365723,6.111494541168213,6.161783695220947,4.987123012542725,8000.0,1.7842551800583943,0.5027720191279929
sweep,8555-284447-0009,test-clean,8555,NB8,2,0.125,True,144.02084350585938,10.054238319396973,5.5540618896484375,5.837120056152344,12.404112815856934,4843.75,-22.75515896581789,0.5092777320436711
sweep,8555-284447-0009,test-clean,8555,WB8,0,0.0,True,49.93679428100586,6.445998191833496,6.2212700843811035,6.454984188079834,6.150634288787842,8000.0,1.3616917214185198,0.5141968325092822
sweep,8555-284447-0010,test-clean,8555,NB8,2,0.125,True,91.5722427368164,7.399483680725098,5.0811052322387695,5.239290714263916,8.20839786529541,4625.0,-20.32189085114007,0.644427499906023
sweep,8555-284447-0010,test-clean,8555,WB8,0,0.0,True,34.71950912475586,5.301268100738525,5.7300567626953125,5.811358451843262,4.320517539978027,8000.0,1.7367780855871262,0.5589893149032412
sweep,8555-284447-0011,test-clean,8555,NB8,2,0.125,True,154.08433532714844,9.349991798400879,4.669891834259033,4.906681060791016,11.695544242858887,4750.0,-22.126957379023274,0.693873601772038
sweep,8555-284447-0011,test-clean,8555,WB8,0,0.0,True,42.32192611694336,5.599456787109375,5.425064563751221,5.566372394561768,5.339869499206543,8000.0,-0.11908983341935808,0.6241050878558239
sweep,8555-284447-0012,test-clean,8555,NB8,2,0.125,True,144.4872283935547,9.102063179016113,5.253216743469238,5.317863941192627,10.921684265136719,4562.5,-18.33179121083297,0.542824676936732
sweep,8555-284447-0012,test-clean,8555,WB8,0,0.0,True,41.684486389160156,5.7295002937316895,5.965993881225586,5.9714484214782715,5.173149108886719,8000.0,2.7987815992722407,0.4734353283633116
sweep,8555-284447-0019,test-clean,8555,NB8,2,0.125,True,97.71956634521484,8.208717346191406,5.634721279144287,5.977707386016846,9.20630168914795,4531.25,-25.228629032150813,0.6087898411361425
sweep,8555-284447-0019,test-clean,8555,WB8,0,0.0,True,39.611183166503906,5.955366611480713,6.237602710723877,6.395893573760986,5.173340797424316,8000.0,1.013807935313282,0.5691385888454277
sweep,8555-284447-0023,test-clean,8555,NB8,2,0.125,True,170.0699920654297,10.924113273620605,5.981055736541748,6.242895603179932,13.538240432739258,4375.0,-19.708311274283467,0.5175936241419323
sweep,8555-284447-0023,test-clean,8555,WB8,0,0.0,True,55.008033752441406,7.003581523895264,6.918418884277344,7.064082622528076,6.682100772857666,8000.0,3.0014826665847743,0.4700413553372592
sweep,8555-284449-0000,test-clean,8555,NB8,2,0.125,True,123.61566162109375,9.468268394470215,5.823968410491943,6.062963008880615,11.393208503723145,4187.5,-23.705237136458166,0.6070860333485469
sweep,8555-284449-0000,test-clean,8555,WB8,0,0.0,True,44.53874969482422,6.392334938049316,6.5574774742126465,6.671609401702881,5.882109642028809,8000.0,0.9057426424747107,0.5290457415209968
sweep,8555-284449-0001,test-clean,8555,NB8,2,0.125,True,103.94215393066406,8.93017864227295,6.002308368682861,6.286705017089844,10.481081008911133,4375.0,-21.751058393030416,0.6023705387808445
sweep,8555-284449-0001,test-clean,8555,WB8,0,0.0,True,45.323570251464844,6.455814838409424,6.656713485717773,6.735947132110596,5.976532459259033,8000.0,2.0801728842993072,0.5431551898914018
sweep,8555-284449-0003,test-clean,8555,NB8,2,0.125,True,125.46904754638672,9.488598823547363,6.022159576416016,6.329973220825195,11.18522834777832,4250.0,-26.134041121847957,0.6313164212755523
sweep,8555-284449-0003,test-clean,8555,WB8,0,0.0,True,44.19194030761719,6.354862689971924,6.618143081665039,6.741086006164551,5.69857931137085,8000.0,0.372422104908774,0.5594172417678365
sweep,8555-284449-0004,test-clean,8555,NB8,2,0.125,True,132.92401123046875,9.840749740600586,6.0928802490234375,6.321534156799316,11.805980682373047,4531.25,-22.654400068937406,0.6469603427338948
sweep,8555-284449-0004,test-clean,8555,WB8,0,0.0,True,46.720088958740234,6.506591796875,6.662002086639404,6.723055839538574,6.057055473327637,8000.0,-0.12478366071515616,0.5729565738219898
sweep,8555-284449-0012,test-clean,8555,NB8,2,0.125,True,116.45880126953125,9.369227409362793,6.199397563934326,6.3938493728637695,11.049688339233398,4750.0,-16.20430526060439,0.6353269222405581
sweep,8555-284449-0012,test-clean,8555,WB8,0,0.0,True,48.69573211669922,6.586245059967041,6.779658794403076,6.833463668823242,6.091427326202393,8000.0,1.5763745393157815,0.5851232479195291
sweep,8555-284449-0019,test-clean,8555,NB8,2,0.125,True,106.18561553955078,8.994441986083984,6.121155261993408,6.495515823364258,10.33702564239502,4468.75,-18.43331416739769,0.6202394910734376
sweep,8555-284449-0019,test-clean,8555,WB8,0,0.0,True,45.47919845581055,6.546416759490967,6.751913547515869,6.8628315925598145,6.028712272644043,8000.0,2.370492316638973,0.5341343556889205
sweep,8555-292519-0000,test-clean,8555,NB8,2,0.125,True,137.8148956298828,9.392291069030762,5.618232250213623,5.82330846786499,11.19290542602539,4375.0,-26.721565743534683,0.5616126410490327
sweep,8555-292519-0000,test-clean,8555,WB8,0,0.0,True,45.08103942871094,6.262641429901123,6.519474029541016,6.622860908508301,5.559784412384033,8000.0,1.886234202980924,0.45148716537902867
sweep,8555-292519-0005,test-clean,8555,NB8,2,0.125,True,115.54820251464844,8.790573120117188,5.740418434143066,6.013740062713623,10.128738403320312,4625.0,-21.06854740993578,0.5777275984051969
sweep,8555-292519-0005,test-clean,8555,WB8,0,0.0,True,43.7739372253418,6.235480308532715,6.52035665512085,6.620941638946533,5.474081516265869,8000.0,1.9880548067347155,0.5217493830041329
sweep,8555-292519-0008,test-clean,8555,NB8,2,0.125,True,123.7099609375,8.794037818908691,5.748945713043213,5.975592613220215,10.036011695861816,4500.0,-22.079967365492806,0.5177166104346638
sweep,8555-292519-0008,test-clean,8555,WB8,0,0.0,True,46.308353424072266,6.355407238006592,6.800631523132324,6.889077663421631,5.371313571929932,8000.0,3.458336039274947,0.46218399542417593
sweep,367-130732-0002,test-other,367,NB8,2,0.125,True,357.8009033203125,17.648313522338867,6.957570552825928,7.496283531188965,23.534238815307617,4593.75,-17.294874983797573,0.6867596473270375
sweep,367-130732-0002,test-other,367,WB8,0,0.0,True,63.78267288208008,7.933617115020752,7.367162227630615,7.507423400878906,8.280726432800293,8000.0,0.950580888423101,0.611680284088427
sweep,367-130732-0004,test-other,367,NB8,2,0.125,True,289.3367004394531,15.830671310424805,6.916018962860107,7.460320472717285,20.77581214904785,4625.0,-13.127819642366887,0.7052625351602204
sweep,367-130732-0004,test-other,367,WB8,0,0.0,True,58.00162124633789,7.577774524688721,7.146917819976807,7.285800457000732,7.803484916687012,8000.0,0.27142010172423164,0.6640628502316992
sweep,367-130732-0005,test-other,367,NB8,2,0.125,True,234.58157348632812,13.781379699707031,6.573533535003662,7.104945182800293,17.682430267333984,4500.0,-17.880861876494546,0.68368348154885
sweep,367-130732-0005,test-other,367,WB8,0,0.0,True,52.313114166259766,7.160650730133057,6.971538066864014,7.175693988800049,7.0607171058654785,8000.0,1.412085534684313,0.6128690817761409
sweep,367-130732-0007,test-other,367,NB8,2,0.125,True,181.8252716064453,12.27553653717041,6.670468330383301,7.10660457611084,15.399377822875977,4750.0,-15.056528126197655,0.6855156218968992
sweep,367-130732-0007,test-other,367,WB8,0,0.0,True,51.356876373291016,7.1006293296813965,7.051229476928711,7.208495140075684,6.9139509201049805,8000.0,1.472073773045377,0.600181759554147
sweep,367-130732-0008,test-other,367,NB8,2,0.125,True,489.1631774902344,20.9373779296875,7.097379207611084,7.666659832000732,28.38780975341797,4593.75,-15.883318089421795,0.6403094081951957
sweep,367-130732-0008,test-other,367,WB8,0,0.0,True,65.27580261230469,8.042427062988281,7.253835201263428,7.443850994110107,8.554040908813477,8000.0,0.0989730591637092,0.6143603431434144
sweep,367-130732-0015,test-other,367,NB8,2,0.125,True,328.2066955566406,16.541109085083008,7.339019775390625,7.706814765930176,21.649410247802734,4343.75,-19.55034008557974,0.7076017374771532
sweep,367-130732-0015,test-other,367,WB8,0,0.0,True,59.532649993896484,7.679008483886719,7.267441749572754,7.488088130950928,7.806116580963135,8000.0,1.8074389588690347,0.6262318980884883
sweep,367-130732-0018,test-other,367,NB8,2,0.125,True,303.72479248046875,16.166269302368164,6.999080181121826,7.54358434677124,21.274736404418945,4593.75,-17.462956899399853,0.7028761248797808
sweep,367-130732-0018,test-other,367,WB8,0,0.0,True,61.06434631347656,7.770142555236816,7.2281718254089355,7.416056156158447,8.052353858947754,8000.0,1.032178629334944,0.6491136671546579
sweep,367-130732-0019,test-other,367,NB8,2,0.125,True,269.646240234375,15.018503189086914,6.802300453186035,7.376745223999023,19.529455184936523,4718.75,-14.76632708690704,0.7137111149285383
sweep,367-130732-0019,test-other,367,WB8,0,0.0,True,56.71830749511719,7.479494571685791,7.121880531311035,7.319589614868164,7.568833351135254,8000.0,1.4158507870409212,0.6572004744987725
sweep,367-130732-0021,test-other,367,NB8,2,0.125,True,260.6943359375,14.555306434631348,6.9835710525512695,7.394010066986084,18.700300216674805,4562.5,-14.21493843750024,0.6772607532817694
sweep,367-130732-0021,test-other,367,WB8,0,0.0,True,56.74211883544922,7.474601745605469,7.266992092132568,7.405460357666016,7.4593377113342285,8000.0,1.3438275535743982,0.6272651104512148
sweep,367-130732-0026,test-other,367,NB8,2,0.125,True,278.2313232421875,15.538073539733887,6.832249164581299,7.3523383140563965,20.365541458129883,4687.5,-12.513059509146704,0.704503144785484
sweep,367-130732-0026,test-other,367,WB8,0,0.0,True,57.029151916503906,7.506704330444336,7.1085076332092285,7.293446063995361,7.65563440322876,8000.0,0.8103271213062817,0.6582546214067281
sweep,367-293981-0001,test-other,367,NB8,2,0.125,True,324.8038330078125,16.92713165283203,6.639513969421387,7.2285895347595215,22.542192459106445,4843.75,-13.917716815247509,0.6588100647813876
sweep,367-293981-0001,test-other,367,WB8,0,0.0,True,60.24687194824219,7.687251567840576,7.066382884979248,7.2954254150390625,7.981997489929199,8000.0,-0.18288822856371748,0.6069059149030239
sweep,367-293981-0003,test-other,367,NB8,2,0.125,True,252.90957641601562,14.987704277038574,6.642417907714844,7.158803462982178,19.654483795166016,4781.25,-12.19222446745632,0.6940158586352743
sweep,367-293981-0003,test-other,367,WB8,0,0.0,True,58.8031005859375,7.59037446975708,7.087941646575928,7.256328582763672,7.83491325378418,8000.0,0.14236858061188284,0.6288637035897147
sweep,367-293981-0005,test-other,367,NB8,2,0.125,True,332.84033203125,16.834653854370117,6.785612106323242,7.33425235748291,22.29461097717285,4875.0,-11.630259199964579,0.7579951789521224
sweep,367-293981-0005,test-other,367,WB8,0,0.0,True,58.6555061340332,7.597553730010986,7.079626560211182,7.319500923156738,7.808530807495117,8000.0,-0.4458018545449422,0.6668291820256921
sweep,367-293981-0006,test-other,367,NB8,2,0.125,True,251.76809692382812,14.549591064453125,6.648930549621582,7.187375068664551,18.8360595703125,4718.75,-11.312921129778877,0.6486011988882253
sweep,367-293981-0006,test-other,367,WB8,0,0.0,True,55.317466735839844,7.365102291107178,7.01108980178833,7.191432952880859,7.450908660888672,8000.0,0.6989800690464698,0.5682041751116701
sweep,367-293981-0009,test-other,367,NB8,2,0.125,True,326.25592041015625,16.731962203979492,6.7001872062683105,7.308748245239258,22.190221786499023,4687.5,-16.970561897674195,0.633897197199168
sweep,367-293981-0009,test-other,367,WB8,0,0.0,True,60.68337631225586,7.725258827209473,7.135856628417969,7.359061241149902,7.996089935302734,8000.0,-0.1035116214119046,0.573114103417468
sweep,367-293981-0013,test-other,367,NB8,2,0.125,True,181.3883819580078,12.008946418762207,5.704605579376221,6.239476203918457,15.448763847351074,4718.75,-10.956792109803956,0.7568663685127743
sweep,367-293981-0013,test-other,367,WB8,0,0.0,True,45.445640563964844,6.569710731506348,6.19198751449585,6.368520736694336,6.663416862487793,8000.0,-0.3084993899027497,0.7393673438799367
sweep,367-293981-0016,test-other,367,NB8,2,0.125,True,279.876953125,14.823302268981934,6.104276180267334,6.581567287445068,19.451391220092773,4687.5,-14.533404656855923,0.7091503644692523
sweep,367-293981-0016,test-other,367,WB8,0,0.0,True,48.29411697387695,6.827737808227539,6.4177422523498535,6.597989559173584,6.94736909866333,8000.0,-0.3439990412800402,0.6845674229711526
sweep,367-293981-0020,test-other,367,NB8,2,0.125,True,257.0550231933594,14.348685264587402,6.195796966552734,6.71287727355957,18.749309539794922,4812.5,-12.911613958760721,0.7544308657256562
sweep,367-293981-0020,test-other,367,WB8,0,0.0,True,51.42840576171875,7.054381370544434,6.7169575691223145,6.892775535583496,7.110634803771973,8000.0,1.2681772899953225,0.6820873981035042
sweep,533-1066-0001,test-other,533,NB8,2,0.125,True,208.7733612060547,13.612077713012695,6.785959720611572,7.219989776611328,17.574861526489258,4843.75,-16.65156106824029,0.694303617819379
sweep,533-1066-0001,test-other,533,WB8,0,0.0,True,56.65285873413086,7.485576629638672,7.119361400604248,7.280656814575195,7.631348133087158,8000.0,0.7592097955904709,0.62930768536706
sweep,533-1066-0003,test-other,533,NB8,2,0.125,True,268.01580810546875,15.598637580871582,6.964549541473389,7.439100742340088,20.533296585083008,4781.25,-17.096203851870317,0.7391924737147728
sweep,533-1066-0003,test-other,533,WB8,0,0.0,True,60.67847442626953,7.7588324546813965,7.135509014129639,7.327945232391357,8.115187644958496,8000.0,0.8562905314300482,0.6659216960053203
sweep,533-1066-0004,test-other,533,NB8,2,0.125,True,295.9440612792969,16.406557083129883,6.727272033691406,7.249778747558594,21.81306266784668,4812.5,-18.45216669537773,0.726567241377041
sweep,533-1066-0004,test-other,533,WB8,0,0.0,True,60.81447219848633,7.761246204376221,7.070565223693848,7.296665668487549,8.149633407592773,8000.0,0.996857547022798,0.6571461823993664
sweep,533-1066-0005,test-other,533,NB8,2,0.125,True,236.30416870117188,14.431200981140137,6.943753242492676,7.371963977813721,18.740272521972656,4875.0,-19.8722752113161,0.7223307992944074
sweep,533-1066-0005,test-other,533,WB8,0,0.0,True,57.30107498168945,7.5361714363098145,7.04604434967041,7.251949787139893,7.760965824127197,8000.0,0.19423616112944736,0.6682923917572092
sweep,533-1066-0007,test-other,533,NB8,2,0.125,True,233.47216796875,14.382719039916992,6.8353681564331055,7.308077812194824,18.709396362304688,4781.25,-17.073539617519643,0.6875474243782842
sweep,533-1066-0007,test-other,533,WB8,0,0.0,True,59.198883056640625,7.657675743103027,7.143299102783203,7.327262878417969,7.926931381225586,8000.0,-0.3331931146543818,0.6063886848610099
sweep,533-1066-0009,test-other,533,NB8,2,0.125,True,239.06344604492188,14.28626823425293,7.162357330322266,7.557506561279297,18.3574161529541,4437.5,-17.83357929664302,0.7116022846020646
sweep,533-1066-0009,test-other,533,WB8,0,0.0,True,57.996585845947266,7.573190212249756,7.184027671813965,7.352659702301025,7.733448505401611,8000.0,0.42194046974571525,0.6692253767559977
sweep,533-1066-0013,test-other,533,NB8,2,0.125,True,268.0060729980469,15.440652847290039,6.810683727264404,7.30424165725708,20.31890296936035,4812.5,-16.383524910632442,0.7110329055003503
sweep,533-1066-0013,test-other,533,WB8,0,0.0,True,60.32558059692383,7.729290962219238,7.143898963928223,7.357277870178223,8.029105186462402,8000.0,1.8126930451299819,0.6296676567727895
sweep,533-1066-0022,test-other,533,NB8,2,0.125,True,314.09326171875,16.74085807800293,7.018311977386475,7.511539936065674,22.221940994262695,4718.75,-17.81760623293115,0.6463662058365796
sweep,533-1066-0022,test-other,533,WB8,0,0.0,True,60.844810485839844,7.771968364715576,7.1234540939331055,7.359009265899658,8.123761177062988,8000.0,1.703819074368418,0.5817925594007405
sweep,533-131556-0003,test-other,533,NB8,2,0.125,True,253.52536010742188,15.02791976928711,6.765904426574707,7.225255966186523,19.692197799682617,4718.75,-16.50835237668138,0.6869421302484473
sweep,533-131556-0003,test-other,533,WB8,0,0.0,True,58.732994079589844,7.625378608703613,7.052602291107178,7.2717790603637695,7.909552574157715,8000.0,-0.013065239910921714,0.602863520676217
sweep,533-131556-0004,test-other,533,NB8,2,0.125,True,224.5277862548828,14.242900848388672,6.724987983703613,7.248318672180176,18.535932540893555,4343.75,-17.580622830695035,0.663669894352618
sweep,533-131556-0004,test-other,533,WB8,0,0.0,True,58.03443908691406,7.585681438446045,7.015721321105957,7.183025360107422,7.914496898651123,8000.0,0.13452117712368394,0.6597578668568425
sweep,533-131556-0006,test-other,533,NB8,2,0.125,True,279.8861083984375,15.769664764404297,6.700051784515381,7.177944660186768,20.84416961669922,4562.5,-17.23134852904169,0.6817110885266685
sweep,533-131556-0006,test-other,533,WB8,0,0.0,True,58.925785064697266,7.6391472816467285,7.012906551361084,7.235812664031982,7.9684672355651855,8000.0,1.5171528964813619,0.6161875328480395
sweep,533-131556-0008,test-other,533,NB8,2,0.125,True,195.89337158203125,12.656136512756348,6.727691650390625,7.152327060699463,15.917404174804688,4500.0,-22.003819232338945,0.6723578337519673
sweep,533-131556-0008,test-other,533,WB8,0,0.0,True,52.216827392578125,7.1711015701293945,6.898740768432617,7.064209938049316,7.206671714782715,8000.0,0.7701547913217122,0.5606847752405769
sweep,533-131556-0009,test-other,533,NB8,2,0.125,True,213.25869750976562,13.409794807434082,6.982563018798828,7.396693706512451,17.05061149597168,4406.25,-17.074095560212537,0.6837750485910775
sweep,533-131556-0009,test-other,533,WB8,0,0.0,True,55.76448440551758,7.436058521270752,6.972466468811035,7.176725387573242,7.630094528198242,8000.0,0.7865088287841351,0.6284304854188236
sweep,533-131556-0013,test-other,533,NB8,2,0.125,True,268.7010192871094,15.150075912475586,6.639901638031006,7.140214920043945,19.867916107177734,4875.0,-16.73734732285815,0.7058083255120354
sweep,533-131556-0013,test-other,533,WB8,0,0.0,True,57.82414245605469,7.561127185821533,6.947607517242432,7.125405311584473,7.912095546722412,8000.0,1.400259794929604,0.6193443430112648
sweep,533-131556-0017,test-other,533,NB8,2,0.125,True,285.0035400390625,15.679997444152832,6.727006435394287,7.219003200531006,20.639007568359375,4781.25,-15.164114845481063,0.6784327982749432
sweep,533-131556-0017,test-other,533,WB8,0,0.0,True,59.130863189697266,7.645329475402832,7.089789867401123,7.254559516906738,7.959376811981201,8000.0,1.5577644556186674,0.6354696622540007
sweep,533-131556-0025,test-other,533,NB8,2,0.125,True,270.0517578125,15.110644340515137,7.0378217697143555,7.527987480163574,19.52521324157715,4593.75,-18.083838001090324,0.6045415502416999
sweep,533-131556-0025,test-other,533,WB8,0,0.0,True,60.393341064453125,7.734600067138672,7.204495429992676,7.378463268280029,8.016473770141602,8000.0,1.514306963828912,0.5371379607569923
sweep,533-131562-0001,test-other,533,NB8,2,0.125,True,283.664794921875,16.258193969726562,6.801451206207275,7.311076641082764,21.640392303466797,4875.0,-19.659121811881683,0.661308399152169
sweep,533-131562-0001,test-other,533,WB8,0,0.0,True,61.076229095458984,7.782055377960205,7.071616172790527,7.269811630249023,8.212915420532227,8000.0,-0.2548913437013115,0.601639919071131
sweep,533-131562-0002,test-other,533,NB8,2,0.125,True,289.3155822753906,16.568086624145508,6.7401909828186035,7.281248569488525,22.141569137573242,4843.75,-15.911893842735248,0.7092456195856979
sweep,533-131562-0002,test-other,533,WB8,0,0.0,True,60.93598937988281,7.773950576782227,7.000939846038818,7.194375038146973,8.270768165588379,8000.0,-0.3530430725155273,0.6685796749195008
sweep,533-131562-0003,test-other,533,NB8,2,0.125,True,247.83726501464844,15.084334373474121,6.850408554077148,7.382021903991699,19.82400131225586,4906.25,-17.23562164320184,0.6861882198848804
sweep,533-131562-0003,test-other,533,WB8,0,0.0,True,59.52614974975586,7.689854145050049,7.122212886810303,7.295373916625977,8.021263122558594,8000.0,1.4113734644672393,0.6078740179270619
sweep,533-131562-0008,test-other,533,NB8,2,0.125,True,305.2872314453125,17.135080337524414,6.95279598236084,7.451710224151611,22.938169479370117,4937.5,-17.637646739772578,0.6785295245732543
sweep,533-131562-0008,test-other,533,WB8,0,0.0,True,62.797607421875,7.88219690322876,7.180551528930664,7.362282752990723,8.320931434631348,8000.0,0.004244123015801307,0.5866677142821097
sweep,533-131562-0010,test-other,533,NB8,2,0.125,True,320.8669128417969,17.17508888244629,6.865256309509277,7.355123043060303,22.999794006347656,4562.5,-19.52081131682407,0.6787911950929318
sweep,533-131562-0010,test-other,533,WB8,0,0.0,True,61.785789489746094,7.825979709625244,7.0540571212768555,7.277994632720947,8.294403076171875,8000.0,0.9486965242222577,0.6139687904212974
sweep,533-131562-0015,test-other,533,NB8,2,0.125,True,320.155517578125,17.051563262939453,6.764925956726074,7.275582313537598,22.79863166809082,4781.25,-14.683765060947616,0.6707606398157488
sweep,533-131562-0015,test-other,533,WB8,0,0.0,True,62.12044143676758,7.842592716217041,7.149147033691406,7.330895900726318,8.27506160736084,8000.0,1.8649393280860727,0.6016028064828374
sweep,533-131562-0016,test-other,533,NB8,2,0.125,True,326.5797424316406,17.503942489624023,6.949742317199707,7.4749064445495605,23.44855499267578,4437.5,-18.247567894299507,0.6829536926100016
sweep,533-131562-0016,test-other,533,WB8,0,0.0,True,62.708091735839844,7.886656284332275,7.1887288093566895,7.370055675506592,8.32395076751709,8000.0,0.45402521532660767,0.5972541277430979
sweep,533-131564-0008,test-other,533,NB8,2,0.125,True,270.5039978027344,15.169255256652832,6.801499843597412,7.275522232055664,19.83330535888672,4687.5,-17.70334539070807,0.6947001253565543
sweep,533-131564-0008,test-other,533,WB8,0,0.0,True,59.176239013671875,7.647412300109863,7.174354553222656,7.373091697692871,7.852216720581055,8000.0,1.3337272850845419,0.6159124273399369
sweep,533-131564-0009,test-other,533,NB8,2,0.125,True,201.04246520996094,13.157588005065918,6.775147914886475,7.23331880569458,16.713544845581055,4937.5,-17.837418887568216,0.6817598193555764
sweep,533-131564-0009,test-other,533,WB8,0,0.0,True,54.810943603515625,7.35806941986084,7.029020309448242,7.185309886932373,7.453916072845459,8000.0,0.5165941097684652,0.6577915791042033
sweep,533-131564-0010,test-other,533,NB8,2,0.125,True,244.14259338378906,14.22514820098877,6.998768329620361,7.443136692047119,18.239974975585938,4750.0,-15.5509310515854,0.6845903626538987
sweep,533-131564-0010,test-other,533,WB8,0,0.0,True,57.00261688232422,7.507845878601074,7.101397514343262,7.26925802230835,7.670071125030518,8000.0,1.1313590373761426,0.6117863517714901
sweep,533-131564-0015,test-other,533,NB8,2,0.125,True,204.1626739501953,13.25566577911377,6.886412143707275,7.306414604187012,16.85254669189453,4218.75,-18.629527784081333,0.6559310831351844
sweep,533-131564-0015,test-other,533,WB8,0,0.0,True,55.761474609375,7.422724723815918,7.081203460693359,7.257014274597168,7.516840934753418,8000.0,-1.420754698793372,0.613027910715576
sweep,533-131564-0018,test-other,533,NB8,2,0.125,True,296.4366455078125,16.244186401367188,6.889861106872559,7.367785453796387,21.5211124420166,4468.75,-18.465563867455153,0.6989605397637546
sweep,533-131564-0018,test-other,533,WB8,0,0.0,True,61.40220260620117,7.801149368286133,7.231276512145996,7.4184136390686035,8.116326332092285,8000.0,1.214586110077149,0.6135783368937298
sweep,533-131564-0021,test-other,533,NB8,2,0.125,True,218.09078979492188,13.85036849975586,7.105160236358643,7.582237720489502,17.725845336914062,4593.75,-15.359272024788657,0.6624598536301836
sweep,533-131564-0021,test-other,533,WB8,0,0.0,True,57.119049072265625,7.52089262008667,7.0041303634643555,7.2170867919921875,7.755852222442627,8000.0,1.153531348348834,0.5930187284856233
sweep,533-131564-0026,test-other,533,NB8,2,0.125,True,196.77310180664062,13.148429870605469,7.023297309875488,7.436537265777588,16.71108627319336,4718.75,-15.225825577183956,0.7065472469746706
sweep,533-131564-0026,test-other,533,WB8,0,0.0,True,58.94737243652344,7.626626014709473,7.230474948883057,7.368007183074951,7.807987689971924,8000.0,-2.07071462462454,0.6353797969675029
sweep,1688-142285-0000,test-other,1688,NB8,2,0.125,True,136.16087341308594,8.966752052307129,5.748291492462158,5.860879421234131,10.179877281188965,4437.5,-20.791535061359454,0.59159104373598
sweep,1688-142285-0000,test-other,1688,WB8,0,0.0,True,71.39212036132812,7.843564033508301,9.122838020324707,8.863507270812988,6.095277786254883,8000.0,6.655137782561466,0.34228620452046576
sweep,1688-142285-0002,test-other,1688,NB8,2,0.125,True,157.5552215576172,9.842954635620117,5.827763080596924,6.058382511138916,11.61033821105957,4531.25,-24.937289132863903,0.5916510561639996
sweep,1688-142285-0002,test-other,1688,WB8,0,0.0,True,58.28031921386719,7.1453857421875,8.050621032714844,7.891060829162598,5.879457950592041,8000.0,4.780555899900382,0.4244429249189172
sweep,1688-142285-0006,test-other,1688,NB8,2,0.125,True,148.42709350585938,9.896832466125488,6.621921539306641,6.780452251434326,11.128417015075684,4375.0,-20.45520948181878,0.5783129896391604
sweep,1688-142285-0006,test-other,1688,WB8,0,0.0,True,66.17292785644531,7.898033142089844,8.948315620422363,8.820611000061035,6.332835674285889,8000.0,4.245136218299112,0.44135524356654265
sweep,1688-142285-0012,test-other,1688,NB8,2,0.125,True,129.60011291503906,8.997100830078125,6.606388568878174,6.598555564880371,9.648609161376953,4437.5,-18.884490447679894,0.4802717957429345
sweep,1688-142285-0012,test-other,1688,WB8,0,0.0,True,74.67289733886719,8.281264305114746,9.741034507751465,9.458517074584961,6.307765960693359,8000.0,4.46698012531035,0.2995713290090926
sweep,1688-142285-0013,test-other,1688,NB8,2,0.125,True,156.90797424316406,10.087393760681152,6.773647785186768,6.890178680419922,11.377691268920898,4437.5,-21.850237802403424,0.5238757120058113
sweep,1688-142285-0013,test-other,1688,WB8,0,0.0,True,83.07135772705078,8.713922500610352,10.039844512939453,9.797613143920898,7.032829761505127,8000.0,6.141894934419362,0.2701138517428497
sweep,1688-142285-0015,test-other,1688,NB8,2,0.125,True,98.10928344726562,7.694649696350098,6.491902828216553,6.383816719055176,7.328921318054199,4406.25,-16.211249025075944,0.5302745082508468
sweep,1688-142285-0015,test-other,1688,WB8,1,0.0625,True,84.63887786865234,8.452054977416992,10.3820219039917,9.889631271362305,6.156981945037842,8000.0,6.116138007942549,0.27067841513342655
sweep,1688-142285-0023,test-other,1688,NB8,2,0.125,True,80.01302337646484,7.113193035125732,5.731499671936035,5.725802898406982,7.192877292633057,4562.5,-10.754131257595594,0.5260865217743789
sweep,1688-142285-0023,test-other,1688,WB8,0,0.0,True,61.652584075927734,7.260940074920654,8.635272979736328,8.214345932006836,5.526679039001465,8000.0,-2.374899950071003,0.3001450211233249
sweep,1688-142285-0025,test-other,1688,NB8,2,0.125,True,130.83114624023438,9.766510009765625,6.64870548248291,6.913983345031738,11.013188362121582,4500.0,-18.111160316361634,0.5756349998639835
sweep,1688-142285-0025,test-other,1688,WB8,0,0.0,True,72.5128173828125,8.256816864013672,9.092581748962402,9.050339698791504,7.012041091918945,8000.0,5.639344660490212,0.4163873564801753
sweep,1688-142285-0032,test-other,1688,NB8,2,0.125,True,112.96073913574219,8.187438011169434,5.662312030792236,5.901671886444092,8.892494201660156,4531.25,-15.960001422386734,0.5174553147902262
sweep,1688-142285-0032,test-other,1688,WB8,0,0.0,True,63.46338653564453,7.467182636260986,8.638092041015625,8.553192138671875,5.689609527587891,8000.0,8.370699821256943,0.33215118798818777
sweep,1688-142285-0033,test-other,1688,NB8,2,0.125,True,109.74708557128906,8.59293270111084,6.871739387512207,6.906494617462158,8.733033180236816,4531.25,-17.130792541879757,0.5273786203297421
sweep,1688-142285-0033,test-other,1688,WB8,0,0.0,True,78.20918273925781,8.509316444396973,10.137898445129395,9.863359451293945,6.498170852661133,8000.0,8.267795585656678,0.33472278031877994
sweep,1688-142285-0036,test-other,1688,NB8,2,0.125,True,157.06105041503906,9.903258323669434,6.601273536682129,6.693398952484131,10.945744514465332,4437.5,-17.002436623169167,0.49236133871683735
sweep,1688-142285-0036,test-other,1688,WB8,0,0.0,True,67.85218811035156,7.838168144226074,9.251646041870117,9.01944637298584,5.9480061531066895,8000.0,5.759675052274609,0.3808757724135772
sweep,1688-142285-0038,test-other,1688,NB8,2,0.125,True,92.19293212890625,7.475914001464844,6.34991455078125,6.339197158813477,7.171278953552246,4281.25,-18.182162703656672,0.49930664341489484
sweep,1688-142285-0038,test-other,1688,WB8,0,0.0,True,72.14790344238281,7.996604919433594,9.87468433380127,9.510564804077148,5.6357502937316895,8000.0,4.06217857342312,0.2956085440472688
sweep,1688-142285-0041,test-other,1688,NB8,2,0.125,True,77.87531280517578,7.0236592292785645,6.078403472900391,6.121791839599609,6.623690128326416,4406.25,-17.242304219510267,0.565068871409388
sweep,1688-142285-0041,test-other,1688,WB8,0,0.0,True,67.24201202392578,7.747426509857178,9.459694862365723,9.162226676940918,5.558716773986816,8000.0,7.195734137628161,0.3322560180798058
sweep,1688-142285-0045,test-other,1688,NB8,2,0.125,True,94.59010314941406,7.205472469329834,5.934931755065918,5.8749775886535645,7.056373596191406,4406.25,-23.327202071447388,0.4892018921465449
sweep,1688-142285-0045,test-other,1688,WB8,0,0.0,True,61.3939323425293,7.329673767089844,9.267274856567383,8.815187454223633,4.951554775238037,8000.0,6.0314412665818065,0.28102757652914206
sweep,1688-142285-0047,test-other,1688,NB8,2,0.125,True,94.04390716552734,7.227068901062012,6.322140693664551,6.232426643371582,6.720248699188232,4218.75,-25.92634777875874,0.49677751861263986
sweep,1688-142285-0047,test-other,1688,WB8,0,0.0,True,63.61296081542969,7.545190334320068,9.291800498962402,9.023796081542969,5.203322410583496,8000.0,4.3983985098280085,0.37429265136773027
sweep,1688-142285-0048,test-other,1688,NB8,2,0.125,True,112.45646667480469,8.535506248474121,6.199044704437256,6.37392520904541,9.164353370666504,4437.5,-18.699590821347893,0.5699165572720702
sweep,1688-142285-0048,test-other,1688,WB8,0,0.0,True,58.17291259765625,7.327392578125,8.587539672851562,8.381778717041016,5.660390853881836,8000.0,5.736093814375288,0.3829647657415717
sweep,1688-142285-0049,test-other,1688,NB8,2,0.125,True,114.4422607421875,8.640094757080078,6.385336875915527,6.5735249519348145,9.278420448303223,4437.5,-23.362250154163313,0.5132464815045068
sweep,1688-142285-0049,test-other,1688,WB8,0,0.0,True,67.21503448486328,7.859947204589844,9.115911483764648,8.998297691345215,6.142511367797852,8000.0,3.792669539541457,0.3744241099591898
sweep,1688-142285-0055,test-other,1688,NB8,2,0.125,True,163.153076171875,9.859419822692871,6.279872894287109,6.488853454589844,11.357994079589844,4250.0,-26.415014159540643,0.5193544626442728
sweep,1688-142285-0055,test-other,1688,WB8,0,0.0,True,63.56965255737305,7.550468921661377,8.949926376342773,8.679516792297363,5.898334980010986,8000.0,3.068733001644877,0.3201593779353686
sweep,1688-142285-0059,test-other,1688,NB8,2,0.125,True,81.2120590209961,7.159090518951416,5.902133941650391,5.961314678192139,7.079645156860352,4687.5,-15.867028733089795,0.5422176009954202
sweep,1688-142285-0059,test-other,1688,WB8,0,0.0,True,58.75848388671875,7.12166690826416,8.561752319335938,8.26479434967041,5.269326686859131,8000.0,4.844789172241725,0.3780933621151763
sweep,1688-142285-0061,test-other,1688,NB8,2,0.125,True,120.59027099609375,9.143664360046387,6.61852502822876,6.8389997482299805,9.955215454101562,4406.25,-20.709374753648717,0.5791367402272636
sweep,1688-142285-0061,test-other,1688,WB8,0,0.0,True,63.178924560546875,7.724431991577148,8.83580207824707,8.72387981414795,6.094501972198486,8000.0,3.0542917639655243,0.419785450025686
sweep,1688-142285-0062,test-other,1688,NB8,2,0.125,True,82.151123046875,7.835718154907227,7.144014835357666,7.188065528869629,7.164094924926758,4531.25,-16.278703619648557,0.5624445737358749
sweep,1688-142285-0062,test-other,1688,WB8,0,0.0,True,78.04437255859375,8.470117568969727,10.201761245727539,9.866106986999512,6.422552108764648,8000.0,4.866068753601036,0.4417753188389093
sweep,1688-142285-0065,test-other,1688,NB8,2,0.125,True,112.64601135253906,8.646796226501465,6.376921653747559,6.475423812866211,9.370715141296387,4531.25,-22.30573974615985,0.6179617215979739
sweep,1688-142285-0065,test-other,1688,WB8,0,0.0,True,59.40178298950195,7.451002597808838,8.682397842407227,8.489049911499023,5.882573127746582,8000.0,3.34440877640798,0.48044464137355386
sweep,1688-142285-0066,test-other,1688,NB8,2,0.125,True,59.46861267089844,6.961495876312256,6.337652206420898,6.399703025817871,6.640916347503662,4531.25,-11.840600592806823,0.5666774481427311
sweep,1688-142285-0066,test-other,1688,WB8,0,0.0,True,53.243350982666016,7.0746564865112305,8.485062599182129,8.198220252990723,5.380776405334473,8000.0,0.8627988774923419,0.4383871065968804
sweep,1688-142285-0067,test-other,1688,NB8,2,0.125,True,124.50399780273438,9.742127418518066,6.996067523956299,7.187039852142334,10.873315811157227,4437.5,-16.515186122846046,0.5776056137525208
sweep,1688-142285-0067,test-other,1688,WB8,0,0.0,True,67.42845153808594,7.997226715087891,8.91529369354248,8.773341178894043,6.8144378662109375,8000.0,3.500387424626696,0.479167176373136
sweep,1688-142285-0069,test-other,1688,NB8,2,0.125,True,128.07167053222656,9.740785598754883,7.008293151855469,7.212495803833008,10.814215660095215,4625.0,-14.477695260075192,0.5076610231524014
sweep,1688-142285-0069,test-other,1688,WB8,0,0.0,True,69.15725708007812,8.122316360473633,9.165328025817871,8.96632194519043,6.908608913421631,8000.0,5.070426767613636,0.41408667776629277
sweep,1688-142285-0070,test-other,1688,NB8,2,0.125,True,129.89340209960938,9.894710540771484,6.709707736968994,6.96333646774292,11.263140678405762,4625.0,-13.278342351469261,0.5757797610174
sweep,1688-142285-0070,test-other,1688,WB8,0,0.0,True,66.21649932861328,7.963657855987549,8.97474193572998,8.724241256713867,6.7075724601745605,8000.0,4.393867642428017,0.4752904153844988
sweep,1688-142285-0073,test-other,1688,NB8,2,0.125,True,144.42752075195312,9.575234413146973,6.929782867431641,6.988553524017334,10.387892723083496,4437.5,-21.492185887400087,0.43295264454671417
sweep,1688-142285-0073,test-other,1688,WB8,0,0.0,True,81.28317260742188,8.718551635742188,10.602832794189453,10.201942443847656,6.6029534339904785,8000.0,5.461404352518132,0.25047627438122927
sweep,1688-142285-0074,test-other,1688,NB8,2,0.125,True,98.20792388916016,7.907120227813721,6.831862449645996,6.7177605628967285,7.675774097442627,4437.5,-19.156378724185124,0.5176593895624604
sweep,1688-142285-0074,test-other,1688,WB8,0,0.0,True,84.3994140625,8.850658416748047,11.119029998779297,10.613253593444824,6.232966899871826,8000.0,8.630009771379548,0.3412070205586514
sweep,1688-142285-0080,test-other,1688,NB8,2,0.125,True,131.83633422851562,9.223443031311035,6.7599945068359375,6.869121074676514,9.748647689819336,4343.75,-18.703641282562916,0.5085492227539499
sweep,1688-142285-0080,test-other,1688,WB8,0,0.0,True,66.26817321777344,7.906683921813965,9.603472709655762,9.279706954956055,5.81868314743042,8000.0,4.841172773776577,0.37208048603887317
sweep,1688-142285-0083,test-other,1688,NB8,2,0.125,True,89.66165161132812,7.476874351501465,6.6561384201049805,6.5651421546936035,6.977148056030273,4406.25,-14.092183150349417,0.5307674884826278
sweep,1688-142285-0083,test-other,1688,WB8,0,0.0,True,83.01715850830078,8.76149845123291,11.282470703125,10.641227722167969,5.81142520904541,8000.0,9.343516471936638,0.29613899744434263
sweep,1998-15444-0000,test-other,1998,NB8,2,0.125,True,126.85713958740234,9.802641868591309,6.354039192199707,6.560740947723389,11.488432884216309,4625.0,-19.89197355800938,0.665695174422539
sweep,1998-15444-0000,test-other,1998,WB8,0,0.0,True,45.427345275878906,6.617006301879883,6.67352294921875,6.782623767852783,6.258532524108887,8000.0,1.1121276919431704,0.6110597825366859
sweep,1998-15444-0009,test-other,1998,NB8,2,0.125,True,128.96347045898438,10.24860954284668,6.380297660827637,6.657939434051514,12.37168025970459,4656.25,-17.546022798686916,0.6137422956750599
sweep,1998-15444-0009,test-other,1998,WB8,0,0.0,True,47.65121078491211,6.833211421966553,6.7312397956848145,6.846293926239014,6.713579177856445,8000.0,1.0760381543026432,0.5732653196313983
sweep,1998-15444-0010,test-other,1998,NB8,2,0.125,True,114.21923828125,9.29134464263916,6.328868389129639,6.504471302032471,10.742386817932129,4468.75,-29.911433355309377,0.6382903314882403
sweep,1998-15444-0010,test-other,1998,WB8,0,0.0,True,43.38706970214844,6.47634220123291,6.594171047210693,6.660615921020508,6.12416410446167,8000.0,-0.7049932637755714,0.5764960602846002
sweep,1998-15444-0011,test-other,1998,NB8,2,0.125,True,112.53484344482422,9.240577697753906,6.494819641113281,6.728274822235107,10.498799324035645,4593.75,-18.903007537691938,0.6054386218665249
sweep,1998-15444-0011,test-other,1998,WB8,0,0.0,True,45.40288543701172,6.634915351867676,6.811233997344971,6.942579746246338,6.155716896057129,8000.0,1.8947498136123953,0.5434900950568815
sweep,1998-15444-0014,test-other,1998,NB8,2,0.125,True,87.796630859375,8.09337329864502,6.29263973236084,6.412341117858887,8.655174255371094,4656.25,-20.416126957788837,0.6439399897468812
sweep,1998-15444-0014,test-other,1998,WB8,0,0.0,True,40.73424530029297,6.2646002769470215,6.698123455047607,6.734590530395508,5.529885768890381,8000.0,2.5403460752071427,0.5410756617951442
sweep,1998-15444-0020,test-other,1998,NB8,2,0.125,True,126.7375259399414,9.679486274719238,6.423778533935547,6.49714994430542,11.245847702026367,4312.5,-19.450192816019815,0.5918546202032325
sweep,1998-15444-0020,test-other,1998,WB8,0,0.0,True,43.768253326416016,6.479547023773193,6.683725357055664,6.71370267868042,6.042140483856201,8000.0,0.9638338204886588,0.5209929353868687
sweep,1998-15444-0025,test-other,1998,NB8,2,0.125,True,140.65338134765625,10.380559921264648,6.416821002960205,6.676468849182129,12.447824478149414,4531.25,-19.558436607524065,0.6171132915806795
sweep,1998-15444-0025,test-other,1998,WB8,0,0.0,True,47.415069580078125,6.80313777923584,6.780334949493408,6.9305830001831055,6.556268215179443,8000.0,1.3540573646778253,0.55914305335072
sweep,1998-15444-0026,test-other,1998,NB8,2,0.125,True,126.69365692138672,9.877768516540527,6.374946117401123,6.585912227630615,11.666112899780273,4531.25,-22.40238495347213,0.5846749799670364
sweep,1998-15444-0026,test-other,1998,WB8,0,0.0,True,46.43867111206055,6.704178333282471,6.791802883148193,6.9183430671691895,6.324826240539551,8000.0,1.0331770550950268,0.517363941644628
sweep,1998-29454-0005,test-other,1998,NB8,2,0.125,True,108.09545135498047,8.847167015075684,6.244915008544922,6.485842704772949,9.848424911499023,4562.5,-17.20168980940491,0.5862060904627144
sweep,1998-29454-0005,test-other,1998,WB8,0,0.0,True,40.54471206665039,6.192414283752441,6.792842864990234,6.844627380371094,5.190000057220459,8000.0,1.392792317535196,0.495735333441558
sweep,1998-29454-0009,test-other,1998,NB8,2,0.125,True,86.34684753417969,8.111745834350586,6.22194766998291,6.34780216217041,8.786188125610352,4781.25,-14.815366706108861,0.6293370602326228
sweep,1998-29454-0009,test-other,1998,WB8,0,0.0,True,42.11773681640625,6.363018035888672,6.651257514953613,6.73125696182251,5.795445919036865,8000.0,1.759657335001764,0.5605762276803412
sweep,1998-29454-0012,test-other,1998,NB8,2,0.125,True,61.54684066772461,6.964609622955322,6.184220790863037,6.235394477844238,6.726276397705078,4750.0,-15.527324018684595,0.6458513996486501
sweep,1998-29454-0012,test-other,1998,WB8,0,0.0,True,36.227664947509766,5.879467487335205,6.725030899047852,6.664263725280762,4.577268123626709,8000.0,0.565149246083831,0.5708175797470951
sweep,1998-29454-0014,test-other,1998,NB8,2,0.125,True,156.89828491210938,11.302842140197754,6.764373302459717,7.109802722930908,13.692662239074707,4781.25,-16.106229970171363,0.6059106617047824
sweep,1998-29454-0014,test-other,1998,WB8,0,0.0,True,51.72077178955078,7.0992751121521,7.142910003662109,7.320912837982178,6.718163013458252,8000.0,0.4811519325887571,0.5204482727330098
sweep,1998-29454-0015,test-other,1998,NB8,2,0.125,True,80.29254913330078,7.580103397369385,6.118734359741211,6.143221378326416,7.835447788238525,4437.5,-15.80493229533159,0.6624403472527493
sweep,1998-29454-0015,test-other,1998,WB8,0,0.0,True,36.731143951416016,5.831634044647217,6.527822017669678,6.437230587005615,4.819874286651611,8000.0,2.0027629022625435,0.5922851987184533
sweep,1998-29454-0021,test-other,1998,NB8,2,0.125,True,102.9924087524414,9.065027236938477,6.436197280883789,6.777594089508057,10.202348709106445,4625.0,-15.864752197537173,0.6395202076269868
sweep,1998-29454-0021,test-other,1998,WB8,0,0.0,True,47.760215759277344,6.811547756195068,6.975847244262695,7.070023059844971,6.363725185394287,8000.0,1.0810683344727152,0.5823600352844316
sweep,1998-29454-0026,test-other,1998,NB8,2,0.125,True,91.81749725341797,8.381051063537598,6.396200656890869,6.620368480682373,9.058309555053711,4812.5,-7.551329369966799,0.5800586972828876
sweep,1998-29454-0026,test-other,1998,WB8,0,0.0,True,46.74423599243164,6.685606956481934,7.2671403884887695,7.357754230499268,5.711902141571045,8000.0,2.911529494484281,0.49256174065331115
sweep,1998-29454-0028,test-other,1998,NB8,2,0.125,True,55.623470306396484,6.709385871887207,6.126275062561035,6.185538291931152,6.4214653968811035,4875.0,-11.724770665822264,0.596091471486224
sweep,1998-29454-0028,test-other,1998,WB8,0,0.0,True,35.016319274902344,5.764273643493652,6.49083948135376,6.446298122406006,4.693935871124268,8000.0,-0.6193040695945685,0.5697314582951529
sweep,1998-29454-0039,test-other,1998,NB8,2,0.125,True,118.09396362304688,9.122211456298828,6.2939772605896,6.554590225219727,10.284452438354492,4781.25,-13.210811084069595,0.5835916942930715
sweep,1998-29454-0039,test-other,1998,WB8,0,0.0,True,45.829185485839844,6.622446060180664,6.928685665130615,7.01217794418335,6.025435924530029,8000.0,2.389032294967987,0.5057209303410722
sweep,1998-29454-0044,test-other,1998,NB8,2,0.125,True,101.26200103759766,8.488268852233887,6.059543609619141,6.307697772979736,9.365156173706055,4656.25,-26.461915935341068,0.6794613948272671
sweep,1998-29454-0044,test-other,1998,WB8,0,0.0,True,42.26897048950195,6.305675983428955,6.771027565002441,6.7801432609558105,5.537294387817383,8000.0,0.7352084536658331,0.599077412333624
sweep,1998-29455-0001,test-other,1998,NB8,2,0.125,True,107.2114486694336,9.05828857421875,6.298869609832764,6.6133928298950195,10.358681678771973,4718.75,-13.251334422480035,0.6485606813417598
sweep,1998-29455-0001,test-other,1998,WB8,0,0.0,True,43.8146858215332,6.522609710693359,6.672028064727783,6.775852203369141,6.120721817016602,8000.0,1.58833812556502,0.5951609306521548
sweep,1998-29455-0002,test-other,1998,NB8,2,0.125,True,113.57256317138672,9.062621116638184,6.231561183929443,6.40877628326416,10.401039123535156,4625.0,-18.864553112429256,0.668543219556646
sweep,1998-29455-0002,test-other,1998,WB8,0,0.0,True,43.16752624511719,6.439111232757568,6.73008918762207,6.769941806793213,5.926811218261719,8000.0,1.5824748597815195,0.6106648342280961
sweep,1998-29455-0003,test-other,1998,NB8,2,0.125,True,121.12145233154297,9.202186584472656,6.22150182723999,6.3888044357299805,10.504318237304688,4531.25,-26.382661780098967,0.6256205780428151
sweep,1998-29455-0003,test-other,1998,WB8,0,0.0,True,40.988094329833984,6.244915008544922,6.606814861297607,6.621990203857422,5.60917854309082,8000.0,0.0889185993361196,0.607314859961635
sweep,1998-29455-0007,test-other,1998,NB8,2,0.125,True,60.59492111206055,6.8965864181518555,6.275889873504639,6.25830078125,6.5885186195373535,4968.75,-12.657128957823003,0.6671957230681967
sweep,1998-29455-0007,test-other,1998,WB8,0,0.0,True,36.06315994262695,5.8626484870910645,6.666665077209473,6.556112766265869,4.764962196350098,8000.0,2.11829629019174,0.7158949732686909
sweep,1998-29455-0009,test-other,1998,NB8,2,0.125,True,87.54320526123047,7.789588451385498,6.148540496826172,6.253596305847168,8.138294219970703,4625.0,-12.486952246794976,0.5986768927043725
sweep,1998-29455-0009,test-other,1998,WB8,0,0.0,True,37.71587371826172,5.9419846534729,6.635465621948242,6.582413673400879,4.940506458282471,8000.0,2.42726337144291,0.5386656916351443
sweep,1998-29455-0015,test-other,1998,NB8,2,0.125,True,71.28521728515625,7.035972595214844,5.79951286315918,5.935591697692871,7.197972297668457,4406.25,-16.566331277881893,0.6239795030850958
sweep,1998-29455-0015,test-other,1998,WB8,0,0.0,True,35.15989685058594,5.772356986999512,6.392582893371582,6.39490270614624,4.84351110458374,8000.0,0.8561286503475245,0.5730016542928498
sweep,1998-29455-0017,test-other,1998,NB8,2,0.125,True,83.58929443359375,8.092061042785645,6.254246234893799,6.523500442504883,8.747403144836426,4906.25,-13.594264479183929,0.6161780623688168
sweep,1998-29455-0017,test-other,1998,WB8,0,0.0,True,42.16676330566406,6.386668682098389,6.725575923919678,6.811517238616943,5.7584662437438965,8000.0,1.8710769829181053,0.5483119574469247
sweep,1998-29455-0019,test-other,1998,NB8,2,0.125,True,89.82007598876953,8.320911407470703,6.253930568695068,6.499610424041748,9.136466026306152,4687.5,-17.00973760661942,0.6408566172434895
sweep,1998-29455-0019,test-other,1998,WB8,0,0.0,True,41.490196228027344,6.330401420593262,6.635454177856445,6.707042694091797,5.7415289878845215,8000.0,1.2704333127407073,0.6207251696496138
sweep,1998-29455-0020,test-other,1998,NB8,2,0.125,True,118.29669189453125,9.561984062194824,6.292205333709717,6.600955963134766,11.23216724395752,4906.25,-16.175179491853598,0.6392075492415135
sweep,1998-29455-0020,test-other,1998,WB8,0,0.0,True,46.6081428527832,6.761047840118408,6.739871978759766,6.889810085296631,6.512026309967041,8000.0,2.0369661853281067,0.561935486470448
sweep,1998-29455-0022,test-other,1998,NB8,2,0.125,True,61.18480682373047,7.206777572631836,5.981736183166504,6.220719814300537,7.517335414886475,4781.25,-14.536284160948522,0.6863193877293567
sweep,1998-29455-0022,test-other,1998,WB8,0,0.0,True,37.255523681640625,6.0091471672058105,6.360227584838867,6.4244232177734375,5.391024112701416,8000.0,-0.42822444073845756,0.668313814806287
sweep,1998-29455-0028,test-other,1998,NB8,2,0.125,True,121.14180755615234,9.165870666503906,6.254814147949219,6.4118571281433105,10.494434356689453,4468.75,-18.651252062253704,0.5978058507930245
sweep,1998-29455-0028,test-other,1998,WB8,0,0.0,True,42.030887603759766,6.357494831085205,6.704949378967285,6.774476528167725,5.723483085632324,8000.0,1.0608716588308784,0.552066576846529
sweep,1998-29455-0033,test-other,1998,NB8,2,0.125,True,127.11573791503906,9.066667556762695,6.097939491271973,6.199865818023682,10.338827133178711,4562.5,-21.605124215706365,0.6032222529911132
sweep,1998-29455-0033,test-other,1998,WB8,0,0.0,True,40.8145637512207,6.231929779052734,6.613491535186768,6.58103084564209,5.6976542472839355,8000.0,0.6377350200714172,0.5741625861164973
sweep,2033-164914-0000,test-other,2033,NB8,2,0.125,True,138.282470703125,8.431215286254883,4.0461344718933105,4.245018005371094,10.42939281463623,4593.75,-21.989751944198762,0.711544377213336
sweep,2033-164914-0000,test-other,2033,WB8,0,0.0,True,29.98724937438965,4.563553333282471,4.570107460021973,4.57613468170166,4.1085429191589355,8000.0,0.8305746291624988,0.6414735171233139
sweep,2033-164914-0011,test-other,2033,NB8,2,0.125,True,135.0758056640625,8.573009490966797,4.242829322814941,4.416500568389893,10.582253456115723,4531.25,-19.129760170279074,0.6991308730665642
sweep,2033-164914-0011,test-other,2033,WB8,0,0.0,True,30.791912078857422,4.688510894775391,4.687246322631836,4.69471549987793,4.295865058898926,8000.0,0.06575949536112335,0.6390352834522167
sweep,2033-164914-0013,test-other,2033,NB8,2,0.125,True,232.08494567871094,12.012676239013672,4.741335868835449,5.008281230926514,15.599257469177246,4437.5,-19.750373223271133,0.7275453634898579
sweep,2033-164914-0013,test-other,2033,WB8,0,0.0,True,42.07442855834961,5.71222448348999,5.414988994598389,5.4261250495910645,5.614995002746582,8000.0,0.5202284574095932,0.6163281607914961
sweep,2033-164914-0017,test-other,2033,NB8,2,0.125,True,123.81504821777344,8.314186096191406,3.9272470474243164,4.2028279304504395,10.339193344116211,4500.0,-17.096665867372074,0.7132761518281193
sweep,2033-164914-0017,test-other,2033,WB8,0,0.0,True,30.356136322021484,4.662140369415283,4.414438247680664,4.466525554656982,4.455740928649902,8000.0,0.832788575634733,0.6348066422605538
sweep,2033-164914-0021,test-other,2033,NB8,2,0.125,True,184.10472106933594,10.490790367126465,4.606224060058594,4.83499813079834,13.281365394592285,4593.75,-18.433617647491914,0.6849244941276605
sweep,2033-164914-0021,test-other,2033,WB8,0,0.0,True,36.72148895263672,5.364989280700684,5.238808631896973,5.287891387939453,5.009894371032715,8000.0,0.5381884086936485,0.6048729001326837
sweep,2033-164914-0022,test-other,2033,NB8,2,0.125,True,160.48753356933594,9.772183418273926,4.576916694641113,4.837366104125977,12.149848937988281,4625.0,-16.237646863363576,0.7005104070695802
sweep,2033-164914-0022,test-other,2033,WB8,0,0.0,True,34.61936950683594,5.156101703643799,5.126243591308594,5.14200496673584,4.733938217163086,8000.0,1.3842286570617355,0.6016774945997108
sweep,2033-164915-0000,test-other,2033,NB8,2,0.125,True,263.5144958496094,11.46295166015625,4.113464832305908,4.2408623695373535,14.871053695678711,4406.25,-18.252134334128257,0.672602689811075
sweep,2033-164915-0000,test-other,2033,WB8,0,0.0,True,33.74601364135742,4.723189353942871,4.6264848709106445,4.61904239654541,4.335086345672607,8000.0,0.6518534510188247,0.6115616720892395
sweep,2033-164915-0002,test-other,2033,NB8,2,0.125,True,183.1202392578125,10.425559043884277,4.561851978302002,4.827210903167725,13.182563781738281,4625.0,-17.24591426845305,0.6911210956431754
sweep,2033-164915-0002,test-other,2033,WB8,0,0.0,True,37.61689758300781,5.336250305175781,5.124059200286865,5.145120143890381,5.084840774536133,8000.0,0.8560422815934459,0.6266724095941881
sweep,2033-164915-0005,test-other,2033,NB8,2,0.125,True,140.47091674804688,8.944355010986328,4.604809761047363,4.890224933624268,10.867612838745117,4562.5,-18.182683971572096,0.6761233293256682
sweep,2033-164915-0005,test-other,2033,WB8,0,0.0,True,34.22738265991211,5.035738468170166,5.113742351531982,5.0819783210754395,4.551934719085693,8000.0,0.2224391271127926,0.5828959028366004
sweep,2033-164915-0012,test-other,2033,NB8,2,0.125,True,161.941162109375,9.42306137084961,3.9685401916503906,4.21971321105957,12.02237319946289,4687.5,-18.08274947127155,0.7401545124671979
sweep,2033-164915-0012,test-other,2033,WB8,0,0.0,True,34.123619079589844,4.777522087097168,4.454886436462402,4.472982406616211,4.690830707550049,8000.0,-0.06763101151227884,0.6702389100219901
sweep,2033-164915-0017,test-other,2033,NB8,2,0.125,True,153.9031982421875,9.552534103393555,4.223091125488281,4.503299713134766,12.161338806152344,4500.0,-19.69040937193302,0.7092319124635299
sweep,2033-164915-0017,test-other,2033,WB8,0,0.0,True,33.97382736206055,4.986201286315918,4.710206031799316,4.782858371734619,4.8352532386779785,8000.0,-0.33736759047497794,0.6349742715134694
sweep,2033-164916-0002,test-other,2033,NB8,2,0.125,True,81.74072265625,6.606121063232422,3.450761079788208,3.667065382003784,8.077969551086426,4593.75,-18.71332937523504,0.6991193263453619
sweep,2033-164916-0002,test-other,2033,WB8,0,0.0,True,25.074180603027344,4.079744338989258,3.8969857692718506,3.9544999599456787,3.8664438724517822,8000.0,0.3323834592186573,0.6483586233746602
sweep,2033-164916-0004,test-other,2033,NB8,2,0.125,True,140.95530700683594,8.854251861572266,4.194439888000488,4.36297082901001,11.072031021118164,4468.75,-17.299864108834043,0.7089918919487015
sweep,2033-164916-0004,test-other,2033,WB8,0,0.0,True,32.62901306152344,4.741618633270264,4.628320217132568,4.605624675750732,4.456933975219727,8000.0,-0.2815775179383345,0.6344123739879854
sweep,2033-164916-0007,test-other,2033,NB8,2,0.125,True,223.095947265625,11.572017669677734,4.319058418273926,4.6116623878479,15.089430809020996,4500.0,-23.2106516048753,0.6902725199714359
sweep,2033-164916-0007,test-other,2033,WB8,0,0.0,True,36.34740447998047,5.220775604248047,4.798927307128906,4.858822345733643,5.211287975311279,8000.0,0.36886105697005894,0.6146150903805077
sweep,2033-164916-0010,test-other,2033,NB8,2,0.125,True,119.40267944335938,8.236351013183594,3.922785520553589,4.141139984130859,10.234314918518066,4218.75,-24.669756752180938,0.7493439623183158
sweep,2033-164916-0010,test-other,2033,WB8,0,0.0,True,30.623916625976562,4.697751045227051,4.42036247253418,4.52539587020874,4.447936058044434,8000.0,-0.7395506173692612,0.6688113591519984
sweep,2414-128291-0003,test-other,2414,NB8,2,0.125,True,385.72698974609375,17.351322174072266,6.690074920654297,7.182929039001465,23.017398834228516,4406.25,-26.266319493013594,0.6622518596097178
sweep,2414-128291-0003,test-other,2414,WB8,0,0.0,True,61.46535110473633,7.775274276733398,7.010620594024658,7.215085983276367,8.22230339050293,8000.0,-0.7879475638463594,0.5966781028265098
sweep,2414-128291-0005,test-other,2414,NB8,2,0.125,True,353.0777282714844,17.07710075378418,6.415605545043945,7.015470027923584,22.74363899230957,4593.75,-20.505783645639802,0.6710769371652769
sweep,2414-128291-0005,test-other,2414,WB8,0,0.0,True,61.32822799682617,7.754209518432617,6.823836803436279,7.064072608947754,8.304837226867676,8000.0,-0.05526386501769753,0.594671583501638
sweep,2414-128291-0007,test-other,2414,NB8,2,0.125,True,477.5650939941406,20.348373413085938,6.450968265533447,7.032830715179443,27.696779251098633,4406.25,-22.23061859093422,0.6451737565499562
sweep,2414-128291-0007,test-other,2414,WB8,0,0.0,True,63.51921081542969,7.914434909820557,6.839195728302002,7.0597615242004395,8.61806583404541,8000.0,0.1554649614623333,0.6012359476016984
sweep,2414-128291-0010,test-other,2414,NB8,2,0.125,True,344.3214111328125,16.94097137451172,6.71225118637085,7.205922603607178,22.468280792236328,4531.25,-17.384631449891533,0.6553654008088662
sweep,2414-128291-0010,test-other,2414,WB8,0,0.0,True,66.35535430908203,8.072568893432617,7.222794532775879,7.443002223968506,8.56912612915039,8000.0,1.2169937692870267,0.5804452590209961
sweep,2414-128291-0011,test-other,2414,NB8,2,0.125,True,325.49249267578125,15.98051929473877,6.088046073913574,6.59529972076416,21.231971740722656,4500.0,-21.147326915505403,0.6395091169945961
sweep,2414-128291-0011,test-other,2414,WB8,0,0.0,True,57.04434585571289,7.412262439727783,6.559952735900879,6.748842716217041,7.936532974243164,8000.0,1.0520707369563986,0.5872551341734139
sweep,2414-128291-0012,test-other,2414,NB8,2,0.125,True,378.09307861328125,17.755264282226562,6.658559799194336,7.222858428955078,23.665817260742188,4531.25,-18.80848583779506,0.6265654443930626
sweep,2414-128291-0012,test-other,2414,WB8,0,0.0,True,64.78836822509766,7.970856666564941,7.074511528015137,7.200129985809326,8.59194278717041,8000.0,-0.5642160796776501,0.5773835517216261
sweep,2414-128291-0013,test-other,2414,NB8,2,0.125,True,367.4082336425781,16.914325714111328,6.3776092529296875,6.843353271484375,22.485877990722656,4562.5,-21.899622293033218,0.636531683719852
sweep,2414-128291-0013,test-other,2414,WB8,0,0.0,True,58.41202926635742,7.545106887817383,6.7671918869018555,6.970761775970459,8.00965690612793,8000.0,-1.117395189290483,0.5578837730214332
sweep,2414-128291-0014,test-other,2414,NB8,2,0.125,True,421.6585998535156,18.335918426513672,6.656836986541748,7.146333694458008,24.492656707763672,4687.5,-20.36953484560495,0.6240865171005057
sweep,2414-128291-0014,test-other,2414,WB8,0,0.0,True,59.327720642089844,7.622250080108643,6.902972221374512,7.044910907745361,8.10094928741455,8000.0,-0.11772454439328088,0.5858963070596088
sweep,2414-128291-0019,test-other,2414,NB8,2,0.125,True,456.5484924316406,20.112279891967773,6.650891304016113,7.247352600097656,27.276805877685547,4656.25,-17.785530894505296,0.6697346081862832
sweep,2414-128291-0019,test-other,2414,WB8,0,0.0,True,65.06585693359375,8.009559631347656,7.035577774047852,7.254802703857422,8.632793426513672,8000.0,0.13985311487834873,0.5729881770755115
sweep,2414-128291-0020,test-other,2414,NB8,2,0.125,True,288.17529296875,15.417941093444824,6.490023136138916,6.910330772399902,20.3913631439209,4187.5,-19.729887200604303,0.6196422287635414
sweep,2414-128291-0020,test-other,2414,WB8,0,0.0,True,60.79478454589844,7.739836692810059,6.716432094573975,6.984196662902832,8.380834579467773,8000.0,-4.882349238873768,0.5851888391100505
sweep,2414-128291-0023,test-other,2414,NB8,2,0.125,True,385.0460205078125,17.734891891479492,5.989306926727295,6.539572238922119,23.879018783569336,4500.0,-21.331339196988402,0.6644138133910569
sweep,2414-128291-0023,test-other,2414,WB8,0,0.0,True,57.69182205200195,7.443480491638184,6.324051380157471,6.566614627838135,8.139400482177734,8000.0,-0.11737228163925134,0.6046021450407415
sweep,2414-128291-0025,test-other,2414,NB8,2,0.125,True,418.891357421875,19.227807998657227,6.141029357910156,6.677431583404541,26.201684951782227,4531.25,-16.599942617815188,0.6403694697611042
sweep,2414-128291-0025,test-other,2414,WB8,0,0.0,True,62.47079849243164,7.84023380279541,6.585257053375244,6.802446365356445,8.66032886505127,8000.0,0.005441385873988617,0.6153652331675641
sweep,2414-128291-0026,test-other,2414,NB8,2,0.125,True,451.34771728515625,19.668323516845703,6.643125534057617,7.193430423736572,26.55485725402832,4718.75,-15.551450347335889,0.7381337523438081
sweep,2414-128291-0026,test-other,2414,WB8,0,0.0,True,63.18821334838867,7.906635761260986,6.95298957824707,7.197762489318848,8.493265151977539,8000.0,-0.7538364508115429,0.6036561738662141
sweep,2414-128292-0005,test-other,2414,NB8,2,0.125,True,448.1631164550781,19.309078216552734,6.42267370223999,6.9926581382751465,26.05475616455078,4562.5,-17.53724763269263,0.7228653444986559
sweep,2414-128292-0005,test-other,2414,WB8,0,0.0,True,62.779022216796875,7.855738162994385,6.942636489868164,7.1628336906433105,8.421586990356445,8000.0,-0.2905630298095847,0.6217107554563814
sweep,2414-128292-0013,test-other,2414,NB8,2,0.125,True,407.2207336425781,18.552045822143555,6.589449882507324,7.197451114654541,24.88848876953125,4718.75,-18.040225045159374,0.6399948013427349
sweep,2414-128292-0013,test-other,2414,WB8,0,0.0,True,65.6722640991211,8.017890930175781,7.137208938598633,7.297023296356201,8.60600471496582,8000.0,0.3426862969561661,0.5892878926211478
sweep,2414-128292-0017,test-other,2414,NB8,2,0.125,True,476.32452392578125,20.36848258972168,6.609699249267578,7.277305603027344,27.559383392333984,4562.5,-16.68322591556873,0.6887308645725831
sweep,2414-128292-0017,test-other,2414,WB8,0,0.0,True,64.7707748413086,7.979898452758789,6.883193016052246,7.20156192779541,8.605815887451172,8000.0,-0.2885849205502814,0.6241554518566458
sweep,2414-128292-0018,test-other,2414,NB8,2,0.125,True,346.8315124511719,16.63961410522461,6.462563991546631,6.967163562774658,22.045778274536133,4687.5,-17.35869565563938,0.6676766650515871
sweep,2414-128292-0018,test-other,2414,WB8,0,0.0,True,57.2876091003418,7.489010334014893,6.806459426879883,6.8997650146484375,7.963567733764648,8000.0,-2.8737372873227987,0.6367379292969009
sweep,2414-128292-0020,test-other,2414,NB8,2,0.125,True,433.8852233886719,18.95243263244629,6.616213798522949,7.1701178550720215,25.41448402404785,4562.5,-20.361091574591246,0.6548364329139335
sweep,2414-128292-0020,test-other,2414,WB8,0,0.0,True,62.314613342285156,7.800899028778076,6.941872596740723,7.11653995513916,8.34693717956543,8000.0,-0.37669096095515214,0.5872071407368853
sweep,2414-128292-0023,test-other,2414,NB8,2,0.125,True,282.8589172363281,15.663407325744629,6.002557754516602,6.64801549911499,20.787151336669922,4843.75,-9.82885938634697,0.6997982634433679
sweep,2414-128292-0023,test-other,2414,WB8,0,0.0,True,60.4914436340332,7.659012317657471,6.599002361297607,6.785311222076416,8.336814880371094,8000.0,-3.946678910369425,0.6185081848344494
sweep,2414-128292-0026,test-other,2414,NB8,2,0.125,True,432.4386901855469,18.917760848999023,6.647016525268555,7.207804203033447,25.445940017700195,4437.5,-18.577043063346387,0.6548404617493463
sweep,2414-128292-0026,test-other,2414,WB8,0,0.0,True,67.10831451416016,8.090400695800781,7.2757344245910645,7.423836708068848,8.63417911529541,8000.0,1.3131442848968957,0.585210472999882
sweep,2414-128292-0030,test-other,2414,NB8,2,0.125,True,485.585693359375,20.36034393310547,6.305749416351318,6.947822570800781,27.581022262573242,4593.75,-18.81503082282237,0.6701468709243728
sweep,2414-128292-0030,test-other,2414,WB8,0,0.0,True,62.3016471862793,7.823845863342285,6.917347431182861,7.082300186157227,8.420075416564941,8000.0,-0.9097661146433765,0.5637355022922671
sweep,2414-159411-0003,test-other,2414,NB8,2,0.125,True,309.02642822265625,15.652724266052246,6.54867696762085,7.064803600311279,20.432397842407227,4437.5,-19.68243191700519,0.640703204315404
sweep,2414-159411-0003,test-other,2414,WB8,0,0.0,True,60.1697998046875,7.6435089111328125,6.941606044769287,7.106079578399658,8.042181968688965,8000.0,0.9816587125290833,0.5747142124366648
sweep,2414-159411-0006,test-other,2414,NB8,2,0.125,True,366.1310119628906,17.273374557495117,7.0318193435668945,7.491189479827881,22.784482955932617,4562.5,-16.79840703109107,0.6011014789318866
sweep,2414-159411-0006,test-other,2414,WB8,0,0.0,True,62.87561798095703,7.86885404586792,7.19802188873291,7.331170558929443,8.299626350402832,8000.0,-0.0935702708525819,0.6100440421504403
sweep,2414-159411-0007,test-other,2414,NB8,2,0.125,True,338.5462341308594,16.411266326904297,6.685721397399902,7.181808948516846,21.549442291259766,4468.75,-17.108110631955405,0.6257624290755195
sweep,2414-159411-0007,test-other,2414,WB8,0,0.0,True,60.57413864135742,7.705596923828125,7.05050802230835,7.231301784515381,8.070027351379395,8000.0,-0.33513260750368473,0.5441784819133378
sweep,2414-159411-0008,test-other,2414,NB8,2,0.125,True,410.0990295410156,17.578550338745117,6.606118679046631,7.087465286254883,23.27577781677246,4500.0,-20.841429186384826,0.5995111880095586
sweep,2414-159411-0008,test-other,2414,WB8,0,0.0,True,58.932613372802734,7.599586009979248,7.007772922515869,7.126046180725098,7.957252025604248,8000.0,-1.1878027970737786,0.5174711783532788
sweep,2414-159411-0016,test-other,2414,NB8,2,0.125,True,419.267822265625,18.201879501342773,6.903739929199219,7.435898303985596,24.142169952392578,4500.0,-21.26617336733217,0.6265837035944458
sweep,2414-159411-0016,test-other,2414,WB8,0,0.0,True,64.3575439453125,7.948481559753418,7.288919448852539,7.432969093322754,8.354386329650879,8000.0,0.6320677103609382,0.587768658673347
sweep,2414-159411-0024,test-other,2414,NB8,2,0.125,True,300.0199279785156,15.048175811767578,6.755387783050537,7.191612720489502,19.401538848876953,4375.0,-21.718441780431018,0.618370515723774
sweep,2414-159411-0024,test-other,2414,WB8,0,0.0,True,58.111061096191406,7.510613441467285,7.052068710327148,7.183273792266846,7.7279253005981445,8000.0,-0.48023265400723236,0.5643608993972314
sweep,2414-159411-0028,test-other,2414,NB8,2,0.125,True,377.4556884765625,17.187397003173828,6.704014301300049,7.191342830657959,22.672651290893555,4437.5,-18.91225031671818,0.6360650960311715
sweep,2414-159411-0028,test-other,2414,WB8,0,0.0,True,59.57611846923828,7.649209022521973,6.934986591339111,7.109176158905029,8.071632385253906,8000.0,0.7128167976661554,0.5471948678648363
sweep,2414-159411-0030,test-other,2414,NB8,2,0.125,True,267.1664123535156,14.503164291381836,6.544840335845947,7.0224223136901855,18.825733184814453,4718.75,-20.230131031798738,0.6011782379012266
sweep,2414-159411-0030,test-other,2414,WB8,0,0.0,True,57.863258361816406,7.524163722991943,6.909787178039551,7.098341941833496,7.857131481170654,8000.0,0.5039608804956115,0.5727179182975426
sweep,2414-159411-0033,test-other,2414,NB8,2,0.125,True,318.8240051269531,16.54495620727539,6.865418434143066,7.378724575042725,21.885173797607422,4468.75,-20.527662377043022,0.6251952051805455
sweep,2414-159411-0033,test-other,2414,WB8,0,0.0,True,66.24052429199219,8.050917625427246,7.192352294921875,7.3697123527526855,8.612850189208984,8000.0,-0.6986414055914871,0.5530251045271553
sweep,2609-156975-0000,test-other,2609,NB8,2,0.125,True,401.5562744140625,19.385913848876953,6.608526706695557,7.17071008682251,26.255342483520508,4562.5,-18.083384869176136,0.6298019540832989
sweep,2609-156975-0000,test-other,2609,WB8,0,0.0,True,63.15515899658203,7.91453218460083,6.929092884063721,7.21845817565918,8.501840591430664,8000.0,0.6899412846160913,0.5645174340309442
sweep,2609-156975-0005,test-other,2609,NB8,2,0.125,True,325.9311218261719,17.445709228515625,6.621480941772461,7.170873165130615,23.43912696838379,4593.75,-16.634550592742716,0.6417221939609511
sweep,2609-156975-0005,test-other,2609,WB8,0,0.0,True,61.965824127197266,7.845869541168213,7.010573387145996,7.249664783477783,8.354599952697754,8000.0,0.8766784228040926,0.5448739348525287
sweep,2609-156975-0007,test-other,2609,NB8,2,0.125,True,251.40878295898438,15.14039421081543,6.51332950592041,7.070059299468994,19.973833084106445,4687.5,-17.29063501809614,0.6213762614617397
sweep,2609-156975-0007,test-other,2609,WB8,0,0.0,True,59.521053314208984,7.687541961669922,6.92197847366333,7.178569316864014,8.116640090942383,8000.0,2.4892579816786617,0.529123129754006
sweep,2609-156975-0008,test-other,2609,NB8,2,0.125,True,279.6431579589844,16.336450576782227,6.588411808013916,7.154291152954102,21.82038688659668,4812.5,-14.109039812096235,0.627881850138228
sweep,2609-156975-0008,test-other,2609,WB8,0,0.0,True,61.949066162109375,7.8425445556640625,6.971245765686035,7.239656448364258,8.352128028869629,8000.0,1.7677742149182496,0.5623081049350435
sweep,2609-156975-0009,test-other,2609,NB8,2,0.125,True,310.6146545410156,16.996788024902344,6.828708171844482,7.324306011199951,22.704421997070312,4625.0,-14.70978513171307,0.6201347376447119
sweep,2609-156975-0009,test-other,2609,WB8,0,0.0,True,61.562320709228516,7.818517684936523,6.9939985275268555,7.242833614349365,8.307656288146973,8000.0,1.3844028548696965,0.5559531500990093
sweep,2609-156975-0012,test-other,2609,NB8,2,0.125,True,321.08013916015625,17.381532669067383,6.458661079406738,7.058802604675293,23.373245239257812,4656.25,-14.154086916253835,0.6330982770510912
sweep,2609-156975-0012,test-other,2609,WB8,0,0.0,True,61.414825439453125,7.804754257202148,6.819038391113281,7.093705654144287,8.402451515197754,8000.0,2.376705945850392,0.5495711957929047
sweep,2609-156975-0017,test-other,2609,NB8,2,0.125,True,384.4934997558594,19.10700225830078,6.589485168457031,7.1605634689331055,25.912084579467773,4687.5,-12.140402622803904,0.6321534513099936
sweep,2609-156975-0017,test-other,2609,WB8,0,0.0,True,63.755306243896484,7.961469650268555,7.018178939819336,7.277502059936523,8.541435241699219,8000.0,1.6194421743753373,0.5513660593420945
sweep,2609-156975-0018,test-other,2609,NB8,2,0.125,True,357.7957763671875,18.398218154907227,6.727472305297852,7.299053192138672,24.791717529296875,4656.25,-19.0714316208484,0.6369054814666705
sweep,2609-156975-0018,test-other,2609,WB8,0,0.0,True,63.38079833984375,7.921695709228516,6.948417663574219,7.236403465270996,8.494234085083008,8000.0,1.580062988836194,0.561615595548208
sweep,2609-156975-0021,test-other,2609,NB8,2,0.125,True,302.0433349609375,16.952198028564453,6.645729064941406,7.197636604309082,22.71636962890625,4656.25,-16.82941774392096,0.6345965718493938
sweep,2609-156975-0021,test-other,2609,WB8,0,0.0,True,61.4310302734375,7.812846660614014,6.971704959869385,7.240492820739746,8.300202369689941,8000.0,1.804562090680435,0.5465990275529262
sweep,2609-156975-0026,test-other,2609,NB8,2,0.125,True,313.89801025390625,17.226652145385742,6.561428546905518,7.116209030151367,23.152626037597656,4687.5,-15.024802810122388,0.6253861183365483
sweep,2609-156975-0026,test-other,2609,WB8,0,0.0,True,61.95305633544922,7.843604564666748,6.9657392501831055,7.2497334480285645,8.35523796081543,8000.0,2.844523292085297,0.5233559801807504
sweep,2609-156975-0027,test-other,2609,NB8,2,0.125,True,361.12689208984375,18.615541458129883,6.631882667541504,7.219567775726318,25.182249069213867,4656.25,-15.812680585559056,0.6187229326613518
sweep,2609-156975-0027,test-other,2609,WB8,0,0.0,True,62.20947265625,7.858006000518799,6.919229507446289,7.22554874420166,8.401491165161133,8000.0,1.4980587410408202,0.5740424881919648
sweep,2609-156975-0034,test-other,2609,NB8,2,0.125,True,285.2694091796875,16.44879913330078,6.636341571807861,7.195619106292725,21.978633880615234,4687.5,-15.647745074918905,0.6166068831349558
sweep,2609-156975-0034,test-other,2609,WB8,0,0.0,True,61.2370719909668,7.800710201263428,6.937626361846924,7.186598777770996,8.320686340332031,8000.0,1.7229855208450184,0.5546946667780808
sweep,2609-156975-0038,test-other,2609,NB8,2,0.125,True,357.39105224609375,18.385547637939453,6.670542240142822,7.2442755699157715,24.816059112548828,4500.0,-17.92736084326892,0.6243111475354578
sweep,2609-156975-0038,test-other,2609,WB8,0,0.0,True,62.11277389526367,7.853487491607666,6.901289939880371,7.1974406242370605,8.411215782165527,8000.0,2.0915187819857444,0.5403645828944985
sweep,2609-157645-0000,test-other,2609,NB8,2,0.125,True,347.1734313964844,17.444049835205078,6.3596391677856445,6.846800804138184,23.381074905395508,4468.75,-17.33878565589945,0.6256878459757951
sweep,2609-157645-0000,test-other,2609,WB8,0,0.0,True,64.72950744628906,7.99356746673584,7.04946756362915,7.422689437866211,8.461393356323242,8000.0,2.495889701937876,0.5179436229366859
sweep,2609-157645-0001,test-other,2609,NB8,2,0.125,True,162.34036254882812,11.4265718460083,5.8399176597595215,6.092903137207031,14.543460845947266,4375.0,-18.105415459135706,0.6105754781096315
sweep,2609-157645-0001,test-other,2609,WB8,0,0.0,True,51.41361618041992,6.958154201507568,6.767250061035156,6.896721363067627,6.868103504180908,8000.0,2.7505988157019443,0.46531617303403755
sweep,2609-157645-0006,test-other,2609,NB8,2,0.125,True,276.60565185546875,15.268235206604004,6.170815944671631,6.680220127105713,20.117778778076172,4500.0,-16.732187777298144,0.6382101101808794
sweep,2609-157645-0006,test-other,2609,WB8,0,0.0,True,60.37550354003906,7.7014031410217285,6.938753128051758,7.314520835876465,7.981512069702148,8000.0,3.0180206292079097,0.5416505566178766
sweep,2609-157645-0007,test-other,2609,NB8,2,0.125,True,270.3541259765625,14.691476821899414,6.311695098876953,6.715000152587891,19.1018009185791,4500.0,-15.492089358316385,0.6238375720591836
sweep,2609-157645-0007,test-other,2609,WB8,0,0.0,True,57.9488525390625,7.51031494140625,6.939176559448242,7.196768283843994,7.6934494972229,8000.0,2.8234083742761746,0.5290699068240686
sweep,2609-157645-0008,test-other,2609,NB8,2,0.125,True,309.84326171875,16.267446517944336,6.381734848022461,6.824511528015137,21.624757766723633,4625.0,-17.09785956432266,0.6239313890952759
sweep,2609-157645-0008,test-other,2609,WB8,0,0.0,True,63.015380859375,7.877663612365723,7.118292808532715,7.421360969543457,8.22604751586914,8000.0,4.712147782755468,0.5477123014981654
sweep,2609-157645-0009,test-other,2609,NB8,2,0.125,True,232.03494262695312,13.743408203125,6.3280720710754395,6.750604152679443,17.649951934814453,4468.75,-17.74263741210824,0.6892329586622512
sweep,2609-157645-0009,test-other,2609,WB8,0,0.0,True,55.35903549194336,7.381364345550537,6.775517463684082,7.097531795501709,7.5240397453308105,8000.0,1.5348613435700935,0.6239440484848308
sweep,2609-157645-0012,test-other,2609,NB8,2,0.125,True,268.6012878417969,14.885327339172363,6.057885646820068,6.5351362228393555,19.545894622802734,4437.5,-18.8166344353089,0.6549945741157122
sweep,2609-157645-0012,test-other,2609,WB8,0,0.0,True,58.07848358154297,7.50752067565918,6.725465774536133,7.078791618347168,7.808187961578369,8000.0,1.7265703393446574,0.5534683897878355
sweep,2609-157645-0013,test-other,2609,NB8,2,0.125,True,357.29461669921875,17.65714454650879,6.409267902374268,6.867622375488281,23.652009963989258,4500.0,-19.400959872120968,0.609102905323568
sweep,2609-157645-0013,test-other,2609,WB8,0,0.0,True,61.98667907714844,7.802518367767334,7.114968299865723,7.409142971038818,8.095365524291992,8000.0,2.603150108739984,0.5121738517977464
sweep,2609-169640-0002,test-other,2609,NB8,2,0.125,True,212.0282745361328,13.30983829498291,6.479162693023682,6.8710832595825195,17.022512435913086,4687.5,-12.717170838478243,0.6136177118814973
sweep,2609-169640-0002,test-other,2609,WB8,0,0.0,True,60.323272705078125,7.6753249168396,7.171267032623291,7.422790050506592,7.834566593170166,8000.0,2.411702706248717,0.5292884221075401
sweep,2609-169640-0006,test-other,2609,NB8,2,0.125,True,308.8739318847656,15.841763496398926,6.762339115142822,7.152261734008789,20.70062828063965,4875.0,-15.96323383708848,0.6514303187691044
sweep,2609-169640-0006,test-other,2609,WB8,0,0.0,True,60.4692268371582,7.72262716293335,7.196981430053711,7.406383514404297,7.951478481292725,8000.0,-0.19103205269088,0.6033949182753722
sweep,2609-169640-0007,test-other,2609,NB8,2,0.125,True,244.52804565429688,14.117293357849121,6.461649417877197,6.858730792999268,18.26878547668457,4593.75,-18.383587283640182,0.5954743943324394
sweep,2609-169640-0007,test-other,2609,WB8,0,0.0,True,63.77006530761719,7.890854835510254,7.307150840759277,7.6164021492004395,8.072196960449219,8000.0,3.4177795992060456,0.4930932523379173
sweep,2609-169640-0009,test-other,2609,NB8,2,0.125,True,346.18212890625,17.58548927307129,6.394834041595459,7.077603816986084,23.54925537109375,4468.75,-12.926767052467357,0.6425650123581144
sweep,2609-169640-0009,test-other,2609,WB8,0,0.0,True,65.9248275756836,8.079973220825195,6.997176647186279,7.414316654205322,8.62462043762207,8000.0,2.5547701605324096,0.5675054813452469
sweep,2609-169640-0012,test-other,2609,NB8,2,0.125,True,406.5014343261719,18.93934440612793,6.743537902832031,7.274609565734863,25.465614318847656,4656.25,-18.593667906864464,0.6080536929584289
sweep,2609-169640-0012,test-other,2609,WB8,0,0.0,True,70.97640991210938,8.377176284790039,7.549457550048828,7.857889175415039,8.809803009033203,8000.0,4.015964533880982,0.5524773216504241
sweep,2609-169640-0015,test-other,2609,NB8,2,0.125,True,230.39697265625,13.896732330322266,6.3478240966796875,6.808798313140869,17.961368560791016,4656.25,-17.56978058181144,0.6472598568089686
sweep,2609-169640-0015,test-other,2609,WB8,0,0.0,True,60.584007263183594,7.709883689880371,6.9409284591674805,7.3038411140441895,8.013105392456055,8000.0,1.727064553611246,0.5467907312746317
sweep,2609-169640-0017,test-other,2609,NB8,2,0.125,True,448.2791748046875,19.977935791015625,6.698159217834473,7.211158275604248,27.028324127197266,4531.25,-19.916072004216602,0.6637110025677389
sweep,2609-169640-0017,test-other,2609,WB8,0,0.0,True,65.80121612548828,8.067817687988281,7.153457164764404,7.415273666381836,8.617591857910156,8000.0,-0.2433282350084724,0.5629990187225832
sweep,2609-169640-0018,test-other,2609,NB8,2,0.125,True,327.40521240234375,17.10825538635254,6.595577239990234,7.153870105743408,22.809066772460938,4250.0,-21.870077944345674,0.6089594571420445
sweep,2609-169640-0018,test-other,2609,WB8,0,0.0,True,66.36627960205078,8.092009544372559,7.089283466339111,7.529908180236816,8.554742813110352,8000.0,1.7105024142861323,0.5147993414011951
sweep,2609-169640-0019,test-other,2609,NB8,2,0.125,True,366.8370361328125,17.986703872680664,6.586209774017334,7.113168716430664,24.100786209106445,4312.5,-19.07034670389949,0.6213365950393391
sweep,2609-169640-0019,test-other,2609,WB8,0,0.0,True,70.15007781982422,8.322492599487305,7.452062129974365,7.759210586547852,8.771012306213379,8000.0,2.294541347598314,0.5127949526382561
sweep,3005-163389-0000,test-other,3005,NB8,2,0.125,True,192.95745849609375,13.390141487121582,6.334150314331055,6.967823505401611,17.327503204345703,4437.5,-15.624237428594645,0.7455293207625641
sweep,3005-163389-0000,test-other,3005,WB8,0,0.0,True,53.24752426147461,7.267494201660156,6.566307544708252,6.816450595855713,7.621213912963867,8000.0,-1.221217386099719,0.6561177511035577
sweep,3005-163389-0006,test-other,3005,NB8,2,0.125,True,238.30975341796875,14.791897773742676,6.260821342468262,6.939313888549805,19.43060302734375,4437.5,-16.315821992929898,0.7322749937120925
sweep,3005-163389-0006,test-other,3005,WB8,0,0.0,True,54.86073684692383,7.373454570770264,6.503640651702881,6.705322742462158,7.908197402954102,8000.0,-2.0004879940673823,0.6729488915801768
sweep,3005-163389-0008,test-other,3005,NB8,2,0.125,True,287.0072937011719,16.29904556274414,6.3112616539001465,7.0930328369140625,21.669349670410156,4406.25,-18.14204555593476,0.7282030590652107
sweep,3005-163389-0008,test-other,3005,WB8,0,0.0,True,57.23996353149414,7.533538818359375,6.531271934509277,6.823751449584961,8.101455688476562,8000.0,-2.9121895647817757,0.6985339062839804
sweep,3005-163389-0010,test-other,3005,NB8,2,0.125,True,146.69256591796875,11.274291038513184,6.188088417053223,6.70016622543335,14.021903991699219,4500.0,-14.060264257971918,0.7551480532493309
sweep,3005-163389-0010,test-other,3005,WB8,0,0.0,True,47.69422149658203,6.867060661315918,6.402960300445557,6.620882034301758,7.009085655212402,8000.0,-0.9991570601351073,0.6847012588650639
sweep,3005-163389-0015,test-other,3005,NB8,2,0.125,True,231.74034118652344,14.614007949829102,6.556997299194336,7.1965837478637695,19.100095748901367,4406.25,-17.92648017916287,0.7248918882075498
sweep,3005-163389-0015,test-other,3005,WB8,0,0.0,True,56.75680923461914,7.504708766937256,6.708829402923584,6.9653120040893555,7.954380035400391,8000.0,-1.5385200739894849,0.6280792362316705
sweep,3005-163389-0017,test-other,3005,NB8,2,0.125,True,212.95181274414062,13.619976997375488,6.290796279907227,6.905970573425293,17.542755126953125,4468.75,-15.305475820272152,0.7101539976067387
sweep,3005-163389-0017,test-other,3005,WB8,0,0.0,True,51.91591262817383,7.166912078857422,6.5163493156433105,6.736464500427246,7.486618995666504,8000.0,0.759475887072909,0.649468029209462
sweep,3005-163390-0005,test-other,3005,NB8,2,0.125,True,128.0253143310547,10.465822219848633,5.9247050285339355,6.3834404945373535,12.813822746276855,4625.0,-14.903868809283718,0.6950848900461879
sweep,3005-163390-0005,test-other,3005,WB8,0,0.0,True,44.440147399902344,6.606640815734863,6.298182010650635,6.50787353515625,6.598202705383301,8000.0,0.30704880320769273,0.636234795081693
sweep,3005-163390-0013,test-other,3005,NB8,2,0.125,True,111.86334991455078,9.897380828857422,6.092233657836914,6.542201995849609,11.89767837524414,4718.75,-12.80991965864497,0.7083722695878718
sweep,3005-163390-0013,test-other,3005,WB8,0,0.0,True,45.342227935791016,6.6927289962768555,6.223423957824707,6.4672956466674805,6.803491115570068,8000.0,-1.9248189471875956,0.6769800934869789
sweep,3005-163390-0016,test-other,3005,NB8,2,0.125,True,148.64308166503906,11.301677703857422,6.0657148361206055,6.6686015129089355,14.094009399414062,4562.5,-13.244677979898697,0.7107718737740004
sweep,3005-163390-0016,test-other,3005,WB8,0,0.0,True,47.400814056396484,6.845048904418945,6.407968044281006,6.670467376708984,6.919647216796875,8000.0,0.15417262365416112,0.6345927553859434
sweep,3005-163390-0019,test-other,3005,NB8,2,0.125,True,154.959228515625,11.775782585144043,6.2444353103637695,6.73162841796875,14.849188804626465,4562.5,-12.407089344060157,0.6719203798266516
sweep,3005-163390-0019,test-other,3005,WB8,0,0.0,True,49.70246887207031,7.019095420837402,6.392433166503906,6.649124622344971,7.297560214996338,8000.0,0.033238647142511235,0.6126789211991097
sweep,3005-163390-0021,test-other,3005,NB8,2,0.125,True,140.7432861328125,11.262652397155762,6.090140342712402,6.6875224113464355,14.07763385772705,4593.75,-14.938516621291225,0.7182971416621189
sweep,3005-163390-0021,test-other,3005,WB8,0,0.0,True,48.180992126464844,6.902431488037109,6.199091911315918,6.505072116851807,7.191731929779053,8000.0,-0.282263855821557,0.670068325576517
sweep,3005-163390-0025,test-other,3005,NB8,2,0.125,True,139.25901794433594,11.137004852294922,6.250737190246582,6.8499884605407715,13.81661605834961,4437.5,-16.606528363388943,0.7052784933591942
sweep,3005-163390-0025,test-other,3005,WB8,0,0.0,True,48.14754867553711,6.901307106018066,6.415314674377441,6.656370162963867,7.060988426208496,8000.0,2.268212323440718,0.665913466579577
sweep,3005-163390-0026,test-other,3005,NB8,2,0.125,True,126.4923095703125,10.587249755859375,6.5038323402404785,6.938379287719727,12.86539363861084,4562.5,-15.678004929854515,0.6862319469810058
sweep,3005-163390-0026,test-other,3005,WB8,0,0.0,True,47.67233657836914,6.870623588562012,6.52412223815918,6.735005855560303,6.936127185821533,8000.0,1.0596999801799287,0.6171799978665199
sweep,3005-163391-0000,test-other,3005,NB8,2,0.125,True,170.92535400390625,12.409067153930664,6.325489521026611,6.932878494262695,15.771156311035156,4687.5,-13.67660054831714,0.6870696646332722
sweep,3005-163391-0000,test-other,3005,WB8,0,0.0,True,50.97532272338867,7.1108903884887695,6.436770915985107,6.684817790985107,7.430217266082764,8000.0,-0.5652998384037284,0.6490589278664844
sweep,3005-163391-0005,test-other,3005,NB8,2,0.125,True,231.80856323242188,14.51428508758545,6.835493087768555,7.396904468536377,18.820964813232422,4468.75,-16.215602025179813,0.5846922227457643
sweep,3005-163391-0005,test-other,3005,WB8,0,0.0,True,58.32829284667969,7.602569580078125,6.926163673400879,7.140233039855957,7.9789862632751465,8000.0,0.49420614010016234,0.5540858003417383
sweep,3005-163391-0009,test-other,3005,NB8,2,0.125,True,204.44032287597656,13.480327606201172,6.198950290679932,6.86747407913208,17.434476852416992,4437.5,-14.563176045006923,0.7236311646077989
sweep,3005-163391-0009,test-other,3005,WB8,0,0.0,True,53.93914794921875,7.313337326049805,6.4026408195495605,6.781376838684082,7.73754358291626,8000.0,-0.03950339122950855,0.6363513634072241
sweep,3005-163391-0013,test-other,3005,NB8,2,0.125,True,180.60987854003906,12.7178316116333,6.273841857910156,6.845742225646973,16.278196334838867,4468.75,-14.855437995567435,0.7208422975785195
sweep,3005-163391-0013,test-other,3005,WB8,0,0.0,True,51.94145584106445,7.175788402557373,6.457919120788574,6.731957912445068,7.52013635635376,8000.0,-0.13760867219127454,0.6753873035989629
sweep,3005-163391-0015,test-other,3005,NB8,2,0.125,True,182.25006103515625,12.604767799377441,6.404677867889404,6.945451736450195,16.011171340942383,4562.5,-15.800184816155376,0.6900304720559272
sweep,3005-163391-0015,test-other,3005,WB8,0,0.0,True,52.49628829956055,7.19770622253418,6.591451644897461,6.842729091644287,7.461271286010742,8000.0,-0.11428769210783171,0.6483781716897835
sweep,3005-163391-0018,test-other,3005,NB8,2,0.125,True,185.52540588378906,12.970043182373047,6.170345306396484,6.877987384796143,16.71978187561035,4468.75,-15.695926764951015,0.702699831614411
sweep,3005-163391-0018,test-other,3005,WB8,0,0.0,True,52.3216667175293,7.20191764831543,6.421061992645264,6.719186782836914,7.584787845611572,8000.0,0.8108723430686562,0.6538553883331562
sweep,3005-163391-0019,test-other,3005,NB8,2,0.125,True,183.73529052734375,12.838091850280762,6.346698760986328,6.985307693481445,16.397571563720703,4562.5,-14.909742978427406,0.7086914095847408
sweep,3005-163391-0019,test-other,3005,WB8,0,0.0,True,52.223655700683594,7.187206745147705,6.548742771148682,6.773160457611084,7.500872611999512,8000.0,-0.25151269912864394,0.7135294466683761
sweep,3005-163391-0020,test-other,3005,NB8,2,0.125,True,197.14205932617188,13.309425354003906,7.025145053863525,7.471930027008057,16.94310760498047,4437.5,-13.727460659674524,0.5732105232233854
sweep,3005-163391-0020,test-other,3005,WB8,0,0.0,True,57.900291442871094,7.571783542633057,7.01833963394165,7.203098773956299,7.870572090148926,8000.0,-0.3328981462763581,0.5358911262364342
sweep,3005-163391-0022,test-other,3005,NB8,2,0.125,True,144.57008361816406,11.24201774597168,6.617897033691406,7.090858459472656,13.819953918457031,4531.25,-16.677569183080895,0.6023671509768651
sweep,3005-163391-0022,test-other,3005,WB8,0,0.0,True,51.818721771240234,7.1531758308410645,6.709683418273926,6.954017162322998,7.2810444831848145,8000.0,0.4333367077047334,0.5691925317462762
sweep,3005-163399-0001,test-other,3005,NB8,2,0.125,True,198.75430297851562,12.59825325012207,5.70058536529541,6.176523685455322,16.048263549804688,4562.5,-17.139795978196798,0.6933320441761863
sweep,3005-163399-0001,test-other,3005,WB8,0,0.0,True,46.78920364379883,6.715590476989746,6.112351894378662,6.333183288574219,6.8993635177612305,8000.0,-0.09196222694597826,0.6497072724815329
sweep,3005-163399-0002,test-other,3005,NB8,2,0.125,True,228.78152465820312,13.672127723693848,5.845165252685547,6.438642978668213,17.67105484008789,4562.5,-15.705025567009939,0.7428909579392499
sweep,3005-163399-0002,test-other,3005,WB8,0,0.0,True,52.383358001708984,7.158572196960449,6.390755653381348,6.781443119049072,7.394830226898193,8000.0,0.8429631024566326,0.6218844158464168
sweep,3005-163399-0003,test-other,3005,NB8,2,0.125,True,249.99411010742188,14.690999984741211,5.512592315673828,6.194112777709961,19.393918991088867,4625.0,-14.052276290563732,0.69242521973796
sweep,3005-163399-0003,test-other,3005,WB8,0,0.0,True,53.700538635253906,7.2566399574279785,6.2309250831604,6.567567348480225,7.739187240600586,8000.0,2.251017428063589,0.6302854165052971
sweep,3005-163399-0004,test-other,3005,NB8,2,0.125,True,217.59091186523438,13.722973823547363,5.887199401855469,6.518840312957764,17.93703842163086,4593.75,-16.058428733740268,0.6610647003103151
sweep,3005-163399-0004,test-other,3005,WB8,0,0.0,True,56.475765228271484,7.451045036315918,6.511277675628662,6.830027103424072,7.9201531410217285,8000.0,1.6940972542149848,0.5573249276901787
sweep,3005-163399-0012,test-other,3005,NB8,2,0.125,True,215.6781768798828,13.57275390625,5.531548976898193,6.140671730041504,17.719375610351562,4656.25,-13.69155282361245,0.7170139163520443
sweep,3005-163399-0012,test-other,3005,WB8,0,0.0,True,51.38842010498047,7.103626251220703,6.208902359008789,6.525003433227539,7.510504722595215,8000.0,-0.531457609149135,0.6302393827151909
sweep,3005-163399-0018,test-other,3005,NB8,2,0.125,True,287.3153076171875,15.58189868927002,6.013701438903809,6.649979114532471,20.599794387817383,4468.75,-16.592048401501465,0.7016447236793183
sweep,3005-163399-0018,test-other,3005,WB8,0,0.0,True,55.705562591552734,7.405432224273682,6.584812164306641,6.757847309112549,7.881821155548096,8000.0,1.1244068146377104,0.6139055250032435
sweep,3005-163399-0023,test-other,3005,NB8,2,0.125,True,180.60997009277344,12.147746086120605,6.103840351104736,6.435824871063232,15.40186595916748,4593.75,-13.454283036783561,0.6698255322825029
sweep,3005-163399-0023,test-other,3005,WB8,0,0.0,True,52.238624572753906,7.083028316497803,6.651134014129639,6.843199253082275,7.165261268615723,8000.0,2.900773341109878,0.6062546435600511
sweep,3005-163399-0028,test-other,3005,NB8,2,0.125,True,187.12277221679688,11.328932762145996,6.0438385009765625,6.142138481140137,13.822418212890625,4531.25,-17.14298178572556,0.6148403436035476
sweep,3005-163399-0028,test-other,3005,WB8,0,0.0,True,49.63143539428711,6.9144062995910645,7.295053958892822,7.2577948570251465,6.188424587249756,8000.0,0.33036683805128697,0.5536259199724916
sweep,3080-5032-0002,test-other,3080,NB8,2,0.125,True,140.3964385986328,10.052367210388184,6.1303815841674805,6.382086277008057,11.75976848602295,4312.5,-20.971627020097557,0.6597167966489279
sweep,3080-5032-0002,test-other,3080,WB8,0,0.0,True,46.415931701660156,6.561980247497559,7.022758960723877,7.084883689880371,5.642823696136475,8000.0,1.2890089805204683,0.5890530763202141
sweep,3080-5032-0006,test-other,3080,NB8,2,0.125,True,120.30432891845703,9.278250694274902,5.914988994598389,6.123650550842285,10.754314422607422,4781.25,-17.123329336307798,0.6460361202885856
sweep,3080-5032-0006,test-other,3080,WB8,0,0.0,True,43.987327575683594,6.316796779632568,6.9128193855285645,6.843845367431641,5.385087013244629,8000.0,1.3811050390449966,0.5869374679326739
sweep,3080-5032-0007,test-other,3080,NB8,2,0.125,True,142.45489501953125,10.111642837524414,6.092539310455322,6.2823662757873535,11.988913536071777,4718.75,-20.169293747243717,0.6198319296713275
sweep,3080-5032-0007,test-other,3080,WB8,0,0.0,True,47.71241760253906,6.615518569946289,7.0767388343811035,7.061146259307861,5.80748987197876,8000.0,1.5022615331329647,0.5678102445128411
sweep,3080-5032-0013,test-other,3080,NB8,2,0.125,True,154.35423278808594,10.243316650390625,6.371745586395264,6.6085357666015625,11.885239601135254,4312.5,-25.065408969642743,0.6118106103594269
sweep,3080-5032-0013,test-other,3080,WB8,0,0.0,True,45.89277267456055,6.550454616546631,7.124603748321533,7.1011962890625,5.651147365570068,8000.0,1.8296817906218632,0.5431481101873176
sweep,3080-5032-0015,test-other,3080,NB8,2,0.125,True,121.89497375488281,9.128288269042969,6.541135311126709,6.80428409576416,9.944254875183105,4656.25,-17.680510908334238,0.583896748338324
sweep,3080-5032-0015,test-other,3080,WB8,0,0.0,True,43.66072082519531,6.43195915222168,7.243888854980469,7.163514614105225,5.3484368324279785,8000.0,2.17624742463896,0.5468859966901859
sweep,3080-5032-0016,test-other,3080,NB8,2,0.125,True,81.68621826171875,7.6674275398254395,5.97165060043335,5.997992038726807,7.997342109680176,4250.0,-23.779032767746642,0.6382939721912868
sweep,3080-5032-0016,test-other,3080,WB8,0,0.0,True,35.87321853637695,5.724822998046875,6.679563522338867,6.5833868980407715,4.33508825302124,8000.0,0.23518147406019071,0.5860916502796716
sweep,3080-5032-0022,test-other,3080,NB8,2,0.125,True,184.2196044921875,11.394857406616211,6.458184242248535,6.7593488693237305,13.826948165893555,4468.75,-24.354912063177995,0.6806925850267201
sweep,3080-5032-0022,test-other,3080,WB8,0,0.0,True,52.0849723815918,7.01226282119751,7.4878435134887695,7.466119766235352,6.297744274139404,8000.0,2.8208801345835615,0.5723546243117481
sweep,3080-5040-0003,test-other,3080,NB8,2,0.125,True,114.95037078857422,8.529354095458984,6.127140522003174,6.1796875,9.193889617919922,4781.25,-20.130194488097693,0.5698203971137066
sweep,3080-5040-0003,test-other,3080,WB8,0,0.0,True,42.55022048950195,6.150700569152832,7.092965602874756,6.957148551940918,4.838458061218262,8000.0,3.5019810225997445,0.5159965854739148
sweep,3080-5040-0008,test-other,3080,NB8,2,0.125,True,83.97962951660156,7.261955738067627,5.640979290008545,5.762248992919922,7.345294952392578,4593.75,-19.093214636465984,0.6321224952111258
sweep,3080-5040-0008,test-other,3080,WB8,0,0.0,True,35.178955078125,5.58676815032959,6.62153434753418,6.4670939445495605,4.063796520233154,8000.0,3.355716107433016,0.5816900848410127
sweep,3080-5040-0009,test-other,3080,NB8,2,0.125,True,100.58074951171875,7.910965442657471,5.52325439453125,5.604680061340332,8.648663520812988,4500.0,-21.34092811232753,0.6039779105591339
sweep,3080-5040-0009,test-other,3080,WB8,0,0.0,True,35.34085464477539,5.499399662017822,6.425731658935547,6.219837665557861,4.15187931060791,8000.0,0.5394099332419457,0.5636307190156529
sweep,3080-5040-0012,test-other,3080,NB8,2,0.125,True,152.74923706054688,10.014636993408203,6.518992900848389,6.6913909912109375,11.45035171508789,4375.0,-26.92420850733168,0.555118551475971
sweep,3080-5040-0012,test-other,3080,WB8,0,0.0,True,47.52605438232422,6.645135402679443,7.273265361785889,7.29245662689209,5.667119026184082,8000.0,1.9120638668586845,0.5132749467041924
sweep,3080-5040-0015,test-other,3080,NB8,2,0.125,True,115.5265121459961,8.632169723510742,5.656960487365723,5.7754716873168945,9.782480239868164,4750.0,-17.150941355639223,0.5937357739267132
sweep,3080-5040-0015,test-other,3080,WB8,0,0.0,True,41.54548263549805,5.99708366394043,6.858203411102295,6.677184104919434,4.799177646636963,8000.0,2.3673667147358564,0.48589957212181695
sweep,3080-5040-0016,test-other,3080,NB8,2,0.125,True,121.7392807006836,8.942320823669434,6.5275421142578125,6.751012802124023,9.67646598815918,4562.5,-22.637096459479828,0.5905637869883527
sweep,3080-5040-0016,test-other,3080,WB8,0,0.0,True,46.33559799194336,6.591028213500977,7.407960891723633,7.289083480834961,5.561431407928467,8000.0,2.2531268875146653,0.5068050027396147
sweep,3080-5040-0017,test-other,3080,NB8,1,0.0625,True,61.583866119384766,6.558108806610107,6.04868745803833,6.017430305480957,5.882946968078613,4718.75,-12.547673747425085,0.5869384512906394
sweep,3080-5040-0017,test-other,3080,WB8,0,0.0,True,34.53097152709961,5.594934940338135,6.76553201675415,6.566282749176025,4.053656578063965,8000.0,-0.35194102884060363,0.5492638678162297
sweep,3080-5040-0024,test-other,3080,NB8,2,0.125,True,120.30142974853516,9.05109977722168,6.433921813964844,6.6178669929504395,9.86851978302002,4750.0,-19.381558845458937,0.612799410316744
sweep,3080-5040-0024,test-other,3080,WB8,0,0.0,True,45.941139221191406,6.5308308601379395,7.21917724609375,7.1503424644470215,5.521221160888672,8000.0,2.16480919388033,0.5428820855632703
sweep,3080-5040-0025,test-other,3080,NB8,2,0.125,True,123.43727111816406,9.045692443847656,6.335744380950928,6.572446823120117,9.870537757873535,4625.0,-19.5664669416939,0.6199913490620997
sweep,3080-5040-0025,test-other,3080,WB8,0,0.0,True,43.63577651977539,6.3760576248168945,7.205109119415283,7.12081241607666,5.212168216705322,8000.0,2.3111894588778923,0.5707223663996239
sweep,3080-5040-0028,test-other,3080,NB8,2,0.125,True,91.33380126953125,7.475227355957031,5.8474440574646,5.839177131652832,7.517446041107178,4468.75,-23.121414761457434,0.5061080976043024
sweep,3080-5040-0028,test-other,3080,WB8,0,0.0,True,38.19659423828125,5.766723155975342,6.884603023529053,6.679374694824219,4.200082778930664,8000.0,3.984905693191234,0.4095813592544719
sweep,3080-5040-0031,test-other,3080,NB8,2,0.125,True,71.12242126464844,6.564050674438477,5.561678886413574,5.651871681213379,6.140921592712402,4562.5,-19.102567610626544,0.5452164271239454
sweep,3080-5040-0031,test-other,3080,WB8,0,0.0,True,33.672271728515625,5.378250598907471,6.569500923156738,6.366879940032959,3.6483609676361084,8000.0,3.378097260411307,0.5183513709501185
sweep,3080-5040-0032,test-other,3080,NB8,2,0.125,True,121.98739624023438,8.773689270019531,6.181802272796631,6.374137878417969,9.432899475097656,4531.25,-20.184203954676843,0.6004851804931285
sweep,3080-5040-0032,test-other,3080,WB8,0,0.0,True,43.45132827758789,6.321357727050781,7.267520427703857,7.142209529876709,5.0352959632873535,8000.0,2.270078875798479,0.5888553248989428
sweep,3080-5040-0033,test-other,3080,NB8,2,0.125,True,109.31034088134766,8.450910568237305,6.045599937438965,6.1965107917785645,9.10495662689209,4687.5,-17.823734922105473,0.6570207103326925
sweep,3080-5040-0033,test-other,3080,WB8,0,0.0,True,39.75639343261719,6.024499416351318,6.896960735321045,6.777032852172852,4.782357692718506,8000.0,1.3061705557269798,0.6300261125285402
sweep,3331-159605-0003,test-other,3331,NB8,2,0.125,True,214.4146270751953,12.17794418334961,6.207553863525391,6.349692344665527,15.217957496643066,4343.75,-26.933845681419868,0.4989441848540788
sweep,3331-159605-0003,test-other,3331,WB8,0,0.0,True,47.78652572631836,6.631520748138428,6.954555034637451,7.021690845489502,5.952234268188477,8000.0,2.287630522431174,0.42570358342202796
sweep,3331-159605-0004,test-other,3331,NB8,2,0.125,True,181.29454040527344,11.995259284973145,6.760326385498047,6.966934680938721,14.788458824157715,4281.25,-31.980657539500147,0.5153887737305569
sweep,3331-159605-0004,test-other,3331,WB8,0,0.0,True,49.803714752197266,6.939247131347656,7.271516799926758,7.361043453216553,6.252061367034912,8000.0,2.408739131514709,0.42992395027781793
sweep,3331-159605-0007,test-other,3331,NB8,2,0.125,True,163.51962280273438,11.359928131103516,6.426168918609619,6.706765651702881,14.117990493774414,4468.75,-24.590215493821603,0.46064864118833126
sweep,3331-159605-0007,test-other,3331,WB8,0,0.0,True,48.36004638671875,6.695940017700195,7.017594337463379,7.149436950683594,6.024537086486816,8000.0,2.0533108919940672,0.3693142322986618
sweep,3331-159605-0008,test-other,3331,NB8,2,0.125,True,187.28396606445312,12.036978721618652,6.426521301269531,6.712524890899658,15.10057544708252,4281.25,-22.45302813294145,0.5066595063017084
sweep,3331-159605-0008,test-other,3331,WB8,0,0.0,True,50.59025955200195,6.941301345825195,7.135443687438965,7.31862211227417,6.3775858879089355,8000.0,2.4091797337586476,0.3992703945602414
sweep,3331-159605-0011,test-other,3331,NB8,2,0.125,True,208.54396057128906,12.123802185058594,6.522165775299072,6.817356586456299,14.869752883911133,4500.0,-16.736227261076376,0.4813650014011912
sweep,3331-159605-0011,test-other,3331,WB8,0,0.0,True,49.60548782348633,6.821177959442139,7.138557434082031,7.246157646179199,6.1025590896606445,8000.0,3.030421167651384,0.4216952323330315
sweep,3331-159605-0013,test-other,3331,NB8,2,0.125,True,183.83750915527344,11.835323333740234,6.355835437774658,6.6404032707214355,14.742863655090332,4312.5,-21.924015853246996,0.5106918038626398
sweep,3331-159605-0013,test-other,3331,WB8,0,0.0,True,49.18928146362305,6.793734073638916,7.021592140197754,7.134233474731445,6.209813117980957,8000.0,3.019584873638209,0.42769683340379827
sweep,3331-159605-0018,test-other,3331,NB8,2,0.125,True,151.83395385742188,10.415451049804688,5.931848049163818,6.150989055633545,12.770896911621094,4375.0,-21.97205974545077,0.5011734547637935
sweep,3331-159605-0018,test-other,3331,WB8,0,0.0,True,44.03768539428711,6.27543830871582,6.638632774353027,6.7028985023498535,5.591704845428467,8000.0,2.77191080753051,0.42506426926579943
sweep,3331-159605-0023,test-other,3331,NB8,2,0.125,True,208.053955078125,12.420512199401855,6.135245323181152,6.463467597961426,15.807775497436523,4312.5,-20.340945977873474,0.5070499944454984
sweep,3331-159605-0023,test-other,3331,WB8,0,0.0,True,49.159725189208984,6.701116561889648,6.912262916564941,7.096946716308594,6.120846748352051,8000.0,3.0775151780513617,0.40562158759138833
sweep,3331-159605-0030,test-other,3331,NB8,2,0.125,True,158.93199157714844,11.24579906463623,6.297373294830322,6.638650894165039,13.942486763000488,4312.5,-17.217792007527265,0.5279053727207825
sweep,3331-159605-0030,test-other,3331,WB8,0,0.0,True,47.95673370361328,6.742636203765869,7.0598015785217285,7.142594337463379,6.142223358154297,8000.0,1.9410911800028805,0.4260085685977606
sweep,3331-159605-0031,test-other,3331,NB8,2,0.125,True,172.9405517578125,11.650705337524414,6.479875564575195,6.75092887878418,14.441544532775879,4375.0,-17.167689867976208,0.504278920832706
sweep,3331-159605-0031,test-other,3331,WB8,0,0.0,True,50.660579681396484,6.952131748199463,7.286777496337891,7.402238368988037,6.256094455718994,8000.0,2.279152665841511,0.3993521988800176
sweep,3331-159605-0032,test-other,3331,NB8,2,0.125,True,166.328369140625,11.372884750366211,6.40790319442749,6.667819023132324,14.03368091583252,4343.75,-15.406478246546007,0.4764418283598073
sweep,3331-159605-0032,test-other,3331,WB8,0,0.0,True,49.15360641479492,6.811628341674805,7.2081217765808105,7.305660247802734,6.057252883911133,8000.0,2.746130496518247,0.374826895506601
sweep,3331-159605-0033,test-other,3331,NB8,2,0.125,True,172.1932830810547,10.91508674621582,5.681516647338867,5.907539367675781,13.670797348022461,4281.25,-21.03540078734557,0.5332371586908142
sweep,3331-159605-0033,test-other,3331,WB8,0,0.0,True,43.299251556396484,6.068887710571289,6.439089298248291,6.487623691558838,5.381000995635986,8000.0,3.348414780226163,0.4510720414875313
sweep,3331-159605-0036,test-other,3331,NB8,2,0.125,True,172.84475708007812,11.041614532470703,5.845065593719482,6.135234355926514,13.76202392578125,4187.5,-22.29991756048441,0.530827037005634
sweep,3331-159605-0036,test-other,3331,WB8,0,0.0,True,43.701148986816406,6.223401069641113,6.516530990600586,6.6725239753723145,5.551593780517578,8000.0,3.0130672570740646,0.45224170921210133
sweep,3331-159605-0038,test-other,3331,NB8,2,0.125,True,163.022705078125,10.454388618469238,5.810769081115723,5.984389305114746,12.715941429138184,4250.0,-21.537034920995538,0.5171894957783811
sweep,3331-159605-0038,test-other,3331,WB8,0,0.0,True,41.5234489440918,5.992673397064209,6.4541521072387695,6.461684703826904,5.159326553344727,8000.0,2.163588719174483,0.4482964963166708
sweep,3331-159605-0042,test-other,3331,NB8,2,0.125,True,205.1953887939453,12.328591346740723,6.406521320343018,6.603586673736572,15.378262519836426,4218.75,-27.92792362230683,0.4381821493521272
sweep,3331-159605-0042,test-other,3331,WB8,0,0.0,True,47.628684997558594,6.635148525238037,6.901541233062744,6.957845687866211,6.0279364585876465,8000.0,1.596042027794936,0.39698783947795285
sweep,3331-159609-0000,test-other,3331,NB8,2,0.125,True,128.04051208496094,10.174321174621582,6.485044956207275,6.675863742828369,12.177467346191406,4343.75,-29.882568359644424,0.5736610788564508
sweep,3331-159609-0000,test-other,3331,WB8,0,0.0,True,45.744956970214844,6.633503437042236,7.310282230377197,7.447657108306885,5.5612335205078125,8000.0,1.5772506589347337,0.43801522722591607
sweep,3331-159609-0001,test-other,3331,NB8,2,0.125,True,130.7056427001953,10.118143081665039,6.481324195861816,6.761969566345215,11.944069862365723,4468.75,-19.21185904948851,0.5437260368772486
sweep,3331-159609-0001,test-other,3331,WB8,0,0.0,True,44.577510833740234,6.544198989868164,7.130690574645996,7.266098499298096,5.565579891204834,8000.0,2.9136478015188283,0.4520178383137396
sweep,3331-159609-0002,test-other,3331,NB8,2,0.125,True,122.46553802490234,9.840215682983398,6.362116813659668,6.611199378967285,11.521894454956055,4312.5,-24.50572064315525,0.6209039472920811
sweep,3331-159609-0002,test-other,3331,WB8,0,0.0,True,41.07413101196289,6.276918888092041,6.996545791625977,7.046565055847168,5.210422992706299,8000.0,1.5412427001971105,0.5210245430840298
sweep,3331-159609-0003,test-other,3331,NB8,2,0.125,True,111.125732421875,9.5289306640625,6.682860374450684,6.961937427520752,10.871964454650879,4343.75,-22.85850007932149,0.5504329097496743
sweep,3331-159609-0003,test-other,3331,WB8,0,0.0,True,43.79310607910156,6.537843704223633,7.305496692657471,7.369377136230469,5.436344623565674,8000.0,2.3838141225174123,0.46595880596919703
sweep,3331-159609-0004,test-other,3331,NB8,2,0.125,True,123.08751678466797,9.861039161682129,6.511235237121582,6.833562850952148,11.43900203704834,4562.5,-22.68827016733453,0.5531060585125356
sweep,3331-159609-0004,test-other,3331,WB8,0,0.0,True,43.259521484375,6.453928470611572,7.140111923217773,7.237951278686523,5.374731063842773,8000.0,1.4101417006314763,0.46430043314302427
sweep,3331-159609-0006,test-other,3331,NB8,2,0.125,True,103.4238052368164,9.303260803222656,6.517608642578125,6.807211875915527,10.608168601989746,4468.75,-19.528730977249474,0.5821871833224653
sweep,3331-159609-0006,test-other,3331,WB8,0,0.0,True,45.5789680480957,6.592866897583008,7.37031888961792,7.430570602416992,5.426044464111328,8000.0,2.7818193685020143,0.4787618548480077
sweep,3331-159609-0007,test-other,3331,NB8,2,0.125,True,113.6955795288086,9.42326831817627,6.388560771942139,6.664917945861816,10.77969741821289,4625.0,-19.79943914469541,0.5306008059853629
sweep,3331-159609-0007,test-other,3331,WB8,0,0.0,True,45.02397155761719,6.442251682281494,7.1459059715271,7.195806503295898,5.303683280944824,8000.0,0.5256080209746488,0.44538278287431865
sweep,3331-159609-0009,test-other,3331,NB8,2,0.125,True,129.17823791503906,10.437439918518066,6.9020466804504395,7.234846591949463,12.201820373535156,4437.5,-16.3293739113292,0.5512666560903056
sweep,3331-159609-0009,test-other,3331,WB8,0,0.0,True,44.988426208496094,6.600954055786133,7.23091459274292,7.284544467926025,5.6530046463012695,8000.0,2.7874617419118652,0.4527757599645826
sweep,3331-159609-0011,test-other,3331,NB8,2,0.125,True,106.06065368652344,9.279404640197754,6.472162246704102,6.737659931182861,10.589944839477539,4593.75,-14.782916428405674,0.5350624886928604
sweep,3331-159609-0011,test-other,3331,WB8,0,0.0,True,42.86496353149414,6.362338542938232,7.107975959777832,7.188049793243408,5.210946083068848,8000.0,1.9435886154930093,0.4413029980686799
sweep,3331-159609-0013,test-other,3331,NB8,2,0.125,True,111.1779556274414,9.065580368041992,6.127025604248047,6.417849540710449,10.272016525268555,4562.5,-21.73574109320959,0.5103431114916402
sweep,3331-159609-0013,test-other,3331,WB8,0,0.0,True,39.48703384399414,5.989284992218018,6.699820518493652,6.760056972503662,4.8053178787231445,8000.0,2.126753436698052,0.4491721619995456
sweep,3331-159609-0014,test-other,3331,NB8,2,0.125,True,96.0319595336914,8.927091598510742,6.528885364532471,6.860642910003662,9.982782363891602,4468.75,-15.48886456948344,0.5543153110294204
sweep,3331-159609-0014,test-other,3331,WB8,0,0.0,True,43.30790710449219,6.458284378051758,7.225660800933838,7.310093402862549,5.290161609649658,8000.0,3.084307561638287,0.47095306410453847
sweep,3331-159609-0018,test-other,3331,NB8,2,0.125,True,92.26146697998047,8.514877319335938,6.270228862762451,6.512252330780029,9.397039413452148,4781.25,-19.999509743786682,0.5712824948085202
sweep,3331-159609-0018,test-other,3331,WB8,0,0.0,True,38.246009826660156,5.945704936981201,6.777027606964111,6.800102710723877,4.684569358825684,8000.0,1.9570431338486909,0.5149502440661193
sweep,3331-159609-0021,test-other,3331,NB8,2,0.125,True,108.2417984008789,9.294855117797852,6.498502254486084,6.81758975982666,10.55351734161377,4531.25,-19.565315389596,0.5820989080959614
sweep,3331-159609-0021,test-other,3331,WB8,0,0.0,True,41.209957122802734,6.316255569458008,6.972166538238525,7.079370021820068,5.253241062164307,8000.0,1.418729770700338,0.5268510944970967
sweep,3331-159609-0022,test-other,3331,NB8,2,0.125,True,108.51607513427734,9.277042388916016,6.440651893615723,6.732570171356201,10.543359756469727,4281.25,-26.413658955699347,0.5897040935159135
sweep,3331-159609-0022,test-other,3331,WB8,0,0.0,True,42.5584831237793,6.363865852355957,7.038821697235107,7.132864952087402,5.253976345062256,8000.0,2.7646628743808632,0.48672671870567624
sweep,3331-159609-0025,test-other,3331,NB8,2,0.125,True,89.01957702636719,8.445489883422852,6.438666820526123,6.7711358070373535,9.11345386505127,8000.0,-19.52566468957041,0.5491966323071483
sweep,3331-159609-0025,test-other,3331,WB8,0,0.0,True,40.590232849121094,6.259735107421875,7.055713653564453,7.110236167907715,5.084789752960205,8000.0,3.1205505906003257,0.486540724917307
sweep,3528-168656-0007,test-other,3528,NB8,2,0.125,True,166.28492736816406,10.567780494689941,5.761451244354248,6.0392069816589355,13.078892707824707,4687.5,-15.043706258639425,0.6060952692280568
sweep,3528-168656-0007,test-other,3528,WB8,0,0.0,True,45.15705871582031,6.169948101043701,6.4183244705200195,6.391773223876953,5.688299655914307,8000.0,1.941847782379659,0.5540675207867719
sweep,3528-168669-0000,test-other,3528,NB8,2,0.125,True,196.16778564453125,11.356257438659668,6.4641313552856445,6.6324543952941895,13.69353199005127,4687.5,-18.78747037366361,0.6639341609535439
sweep,3528-168669-0000,test-other,3528,WB8,0,0.0,True,44.67932891845703,6.337704658508301,6.730501651763916,6.641615867614746,5.6697282791137695,8000.0,1.352796555168164,0.6026319176715089
sweep,3528-168669-0018,test-other,3528,NB8,2,0.125,True,114.59298706054688,8.417403221130371,5.839440822601318,5.904421329498291,9.305283546447754,4843.75,-12.548012966630694,0.6649789304627389
sweep,3528-168669-0018,test-other,3528,WB8,0,0.0,True,36.076080322265625,5.497414588928223,6.091030120849609,5.969616413116455,4.4101948738098145,8000.0,2.3152613973207647,0.6467790005100521
sweep,3528-168669-0020,test-other,3528,NB8,2,0.125,True,132.93128967285156,9.226449012756348,5.8100056648254395,5.953747272491455,10.754658699035645,4750.0,-8.790157060403743,0.6024840667137833
sweep,3528-168669-0020,test-other,3528,WB8,0,0.0,True,39.892242431640625,5.715572357177734,6.169121265411377,6.070218086242676,4.896318435668945,8000.0,1.6042530587616246,0.5706590319959923
sweep,3528-168669-0029,test-other,3528,NB8,2,0.125,True,230.90306091308594,12.631665229797363,6.028249740600586,6.298738956451416,15.855420112609863,4812.5,-11.253080441162965,0.6459218568018429
sweep,3528-168669-0029,test-other,3528,WB8,0,0.0,True,45.63270568847656,6.313026428222656,6.261847972869873,6.3295392990112305,5.897483825683594,8000.0,1.3454682541969372,0.5959245591358318
sweep,3528-168669-0030,test-other,3528,NB8,2,0.125,True,119.15179443359375,8.894701957702637,5.834875106811523,5.978123188018799,10.112149238586426,4812.5,-11.701682851092228,0.6658425065716329
sweep,3528-168669-0030,test-other,3528,WB8,0,0.0,True,36.990413665771484,5.6308770179748535,6.16885232925415,6.091047286987305,4.684404373168945,8000.0,0.3621353596790153,0.6424030182730005
sweep,3528-168669-0031,test-other,3528,NB8,2,0.125,True,137.69549560546875,8.881392478942871,5.493788242340088,5.60086727142334,10.063925743103027,4812.5,-15.943829106505625,0.6961463918056363
sweep,3528-168669-0031,test-other,3528,WB8,0,0.0,True,34.555755615234375,5.272335529327393,5.843440055847168,5.741888046264648,4.195319175720215,8000.0,-0.07573409944010973,0.6162677836954253
sweep,3528-168669-0035,test-other,3528,NB8,2,0.125,True,92.28386688232422,7.049612998962402,4.882394790649414,4.862044811248779,7.60973596572876,4812.5,-8.51955416070403,0.692147897549785
sweep,3528-168669-0035,test-other,3528,WB8,0,0.0,True,28.47331428527832,4.558101654052734,5.099155902862549,4.9076313972473145,3.5404155254364014,8000.0,-0.4274975338545133,0.6978956189423744
sweep,3528-168669-0038,test-other,3528,NB8,2,0.125,True,72.97029876708984,6.702469348907471,5.12818717956543,5.166356563568115,7.033100128173828,4937.5,-7.339335800647248,0.6766631975053469
sweep,3528-168669-0038,test-other,3528,WB8,0,0.0,True,28.19157600402832,4.697154521942139,5.295897006988525,5.216604232788086,3.6053378582000732,8000.0,-1.4988825885446375,0.6498624104793556
sweep,3528-168669-0042,test-other,3528,NB8,2,0.125,True,124.07067108154297,8.748751640319824,5.668015003204346,5.741042613983154,9.954453468322754,4687.5,-9.86188780968284,0.6523952109453236
sweep,3528-168669-0042,test-other,3528,WB8,0,0.0,True,36.17310333251953,5.476434230804443,6.038540840148926,5.922305583953857,4.4977264404296875,8000.0,1.598379640256273,0.6392463209117117
sweep,3528-168669-0049,test-other,3528,NB8,2,0.125,True,159.19432067871094,9.494647979736328,5.616233825683594,5.661950588226318,10.933902740478516,4718.75,-10.014361091794381,0.6225840841861858
sweep,3528-168669-0049,test-other,3528,WB8,0,0.0,True,37.3342170715332,5.525352954864502,6.177635669708252,5.95933723449707,4.481945037841797,8000.0,2.5779417671005698,0.5609147887049171
sweep,3528-168669-0050,test-other,3528,NB8,2,0.125,True,94.95933532714844,8.227461814880371,5.668657302856445,5.936637878417969,9.263904571533203,4812.5,-10.95857944797258,0.6587834185689568
sweep,3528-168669-0050,test-other,3528,WB8,0,0.0,True,35.9899787902832,5.612555027008057,6.0566086769104,6.055928707122803,4.763715744018555,8000.0,-0.1288422447084604,0.6351487249344404
sweep,3528-168669-0054,test-other,3528,NB8,2,0.125,True,177.69093322753906,11.244950294494629,6.348819732666016,6.610135555267334,13.670604705810547,4687.5,-12.224998154925329,0.6513168199971691
sweep,3528-168669-0054,test-other,3528,WB8,0,0.0,True,46.458641052246094,6.532064914703369,6.82530403137207,6.803452968597412,5.933427810668945,8000.0,1.8627298952814766,0.5874514150347675
sweep,3528-168669-0056,test-other,3528,NB8,2,0.125,True,82.48768615722656,7.590175628662109,5.781424522399902,5.834134101867676,7.976198673248291,4968.75,-6.5952147371253655,0.6701380911382706
sweep,3528-168669-0056,test-other,3528,WB8,0,0.0,True,33.12929153442383,5.270697116851807,5.948667049407959,5.838778495788574,4.027207374572754,8000.0,-1.2659375168340183,0.645350207743047
sweep,3528-168669-0059,test-other,3528,NB8,2,0.125,True,136.25392150878906,8.738752365112305,5.194736957550049,5.258655071258545,10.036022186279297,4750.0,-11.987398581376072,0.667439285779048
sweep,3528-168669-0059,test-other,3528,WB8,0,0.0,True,31.191062927246094,4.887254238128662,5.424685478210449,5.242166519165039,3.8875741958618164,8000.0,1.6847412178667023,0.6541154626192748
sweep,3528-168669-0068,test-other,3528,NB8,2,0.125,True,141.6166229248047,10.136490821838379,6.323328971862793,6.615035057067871,11.900629997253418,4812.5,-11.763362497690387,0.6871247036195706
sweep,3528-168669-0068,test-other,3528,WB8,0,0.0,True,42.85463333129883,6.236494541168213,6.701242446899414,6.689537525177002,5.417262077331543,8000.0,0.8970284074778768,0.6361871681496859
sweep,3528-168669-0069,test-other,3528,NB8,2,0.125,True,183.3902130126953,10.623002052307129,5.534473896026611,5.710069179534912,13.001688957214355,4718.75,-11.358591968941392,0.6380424600786275
sweep,3528-168669-0069,test-other,3528,WB8,0,0.0,True,38.52142333984375,5.60181188583374,5.772965908050537,5.707468032836914,5.059864044189453,8000.0,0.9410951315510429,0.6453896221279928
sweep,3528-168669-0071,test-other,3528,NB8,2,0.125,True,99.41378021240234,7.571897029876709,5.331553936004639,5.375029563903809,8.214085578918457,4812.5,-10.176276263467077,0.693133872318728
sweep,3528-168669-0071,test-other,3528,WB8,0,0.0,True,31.232376098632812,4.9772515296936035,5.7274861335754395,5.568122863769531,3.7790896892547607,8000.0,1.3693508791328026,0.6166869986311617
sweep,3528-168669-0074,test-other,3528,NB8,2,0.125,True,137.34658813476562,9.637346267700195,5.96215295791626,6.055012226104736,11.177340507507324,4875.0,-12.560269823314004,0.6821590115344911
sweep,3528-168669-0074,test-other,3528,WB8,0,0.0,True,38.903907775878906,5.77436637878418,6.2325334548950195,6.113103866577148,4.900228023529053,8000.0,1.2712336939025615,0.6235795947965517
sweep,3528-168669-0078,test-other,3528,NB8,2,0.125,True,152.08970642089844,10.214292526245117,6.116125583648682,6.352271556854248,12.070001602172852,4687.5,-10.368266862780143,0.7093893428230835
sweep,3528-168669-0078,test-other,3528,WB8,0,0.0,True,40.19755172729492,5.960050106048584,6.35719633102417,6.328815460205078,5.195650100708008,8000.0,0.6111856141755039,0.6950806045430821
sweep,3528-168669-0079,test-other,3528,NB8,2,0.125,True,143.25709533691406,9.950189590454102,6.2164998054504395,6.415102958679199,11.6550931930542,4687.5,-12.820863705344909,0.6625244309830645
sweep,3528-168669-0079,test-other,3528,WB8,0,0.0,True,41.09519577026367,6.055941104888916,6.518770217895508,6.489332675933838,5.198987007141113,8000.0,1.7264710974636013,0.6511419830488532
sweep,3528-168669-0081,test-other,3528,NB8,2,0.125,True,167.00209045410156,10.617511749267578,6.336087226867676,6.519874572753906,12.544717788696289,4750.0,-14.062436168395498,0.6736398188494255
sweep,3528-168669-0081,test-other,3528,WB8,0,0.0,True,42.45939254760742,6.072514057159424,6.526822090148926,6.475829124450684,5.206831455230713,8000.0,0.29895411714735903,0.6586292523217497
sweep,3528-168669-0086,test-other,3528,NB8,2,0.125,True,174.50010681152344,11.110734939575195,5.979865074157715,6.259006977081299,13.697026252746582,4968.75,-10.193703332748,0.6733764637864674
sweep,3528-168669-0086,test-other,3528,WB8,0,0.0,True,45.757652282714844,6.3419189453125,6.485443115234375,6.450113773345947,5.868959426879883,8000.0,1.1108231672426698,0.6060971764542133
sweep,3528-168669-0093,test-other,3528,NB8,2,0.125,True,241.88693237304688,12.815593719482422,6.149117946624756,6.48983907699585,15.994940757751465,4718.75,-13.222612148956795,0.6429397394170698
sweep,3528-168669-0093,test-other,3528,WB8,0,0.0,True,44.972450256347656,6.370348930358887,6.498030662536621,6.536016464233398,5.852048873901367,8000.0,1.548022592521807,0.592869061542304
sweep,3528-168669-0104,test-other,3528,NB8,2,0.125,True,129.048828125,9.811965942382812,6.002908229827881,6.359836101531982,11.469228744506836,4531.25,-12.78262028154588,0.6480506128131259
sweep,3528-168669-0104,test-other,3528,WB8,0,0.0,True,42.20109558105469,6.155891418457031,6.375632286071777,6.311283588409424,5.563303470611572,8000.0,-1.062990528509009,0.6447008307721419
sweep,3528-168669-0110,test-other,3528,NB8,2,0.125,True,70.8193359375,6.390092372894287,4.963057994842529,4.898045539855957,6.444808006286621,4593.75,-11.58570825948141,0.6402391792454569
sweep,3528-168669-0110,test-other,3528,WB8,0,0.0,True,25.87144660949707,4.434576988220215,5.202408313751221,4.971888542175293,3.1320152282714844,8000.0,1.0960039852210546,0.6322328026667748
sweep,3528-168669-0113,test-other,3528,NB8,2,0.125,True,134.07516479492188,9.420174598693848,5.849461078643799,6.0300679206848145,10.966907501220703,4687.5,-13.261714994475728,0.5855208946596946
sweep,3528-168669-0113,test-other,3528,WB8,0,0.0,True,38.904747009277344,5.734107971191406,6.196800231933594,6.15734338760376,4.845942974090576,8000.0,1.2626217023066657,0.5708142438098577
sweep,3528-168669-0116,test-other,3528,NB8,2,0.125,True,123.12466430664062,9.534201622009277,6.4277849197387695,6.61259651184082,10.989851951599121,4843.75,-10.971503142073207,0.5665570838064125
sweep,3528-168669-0116,test-other,3528,WB8,0,0.0,True,42.62061309814453,6.245805740356445,6.755856513977051,6.7150678634643555,5.4039483070373535,8000.0,0.0029974468590677856,0.5987281854673567
sweep,3528-168669-0121,test-other,3528,NB8,2,0.125,True,143.96524047851562,9.553237915039062,5.823360443115234,5.9313883781433105,11.205949783325195,4750.0,-8.705647572730665,0.6155937961466172
sweep,3528-168669-0121,test-other,3528,WB8,0,0.0,True,41.389644622802734,5.897403717041016,6.308320045471191,6.196296691894531,5.110572338104248,8000.0,0.03748223206502358,0.6278010894682123
sweep,3528-168669-0128,test-other,3528,NB8,2,0.125,True,136.13748168945312,9.628815650939941,5.827386856079102,6.027463436126709,11.435379981994629,4843.75,-11.604427311421606,0.6968933936208727
sweep,3528-168669-0128,test-other,3528,WB8,0,0.0,True,40.485557556152344,5.879683017730713,6.204456329345703,6.178218364715576,5.208539962768555,8000.0,-2.055799283870599,0.6927627096189559
sweep,3538-142836-0002,test-other,3538,NB8,2,0.125,True,92.66084289550781,8.661911964416504,5.794107913970947,6.2243146896362305,10.203607559204102,4312.5,-18.12140523440552,0.5492097224936566
sweep,3538-142836-0002,test-other,3538,WB8,0,0.0,True,42.42469787597656,6.4151835441589355,6.52924919128418,6.724853992462158,6.025203704833984,8000.0,2.3847497178246733,0.4843945758838417
sweep,3538-142836-0003,test-other,3538,NB8,2,0.125,True,86.51544952392578,8.13791275024414,5.445407390594482,5.87886381149292,9.433701515197754,4406.25,-18.230896808744973,0.5628098105727564
sweep,3538-142836-0003,test-other,3538,WB8,0,0.0,True,37.166160583496094,5.960280895233154,6.204206943511963,6.38852596282959,5.382955074310303,8000.0,0.9229956193010309,0.47925091600406106
sweep,3538-142836-0004,test-other,3538,NB8,2,0.125,True,90.52975463867188,8.555506706237793,5.816262722015381,6.266894340515137,9.949860572814941,4343.75,-18.307142524876873,0.5398005272144721
sweep,3538-142836-0004,test-other,3538,WB8,0,0.0,True,41.843441009521484,6.370063304901123,6.594128131866455,6.788045406341553,5.851583480834961,8000.0,2.0043249065415134,0.4785610786503958
sweep,3538-142836-0014,test-other,3538,NB8,2,0.125,True,88.38328552246094,8.525185585021973,5.868093013763428,6.302058696746826,9.91281795501709,4343.75,-15.942106490384582,0.5551588853224881
sweep,3538-142836-0014,test-other,3538,WB8,0,0.0,True,40.71501159667969,6.275516986846924,6.478674411773682,6.660233020782471,5.796829700469971,8000.0,2.0911978402182094,0.5155771794339024
sweep,3538-142836-0017,test-other,3538,NB8,2,0.125,True,97.5208740234375,9.050299644470215,5.946217060089111,6.4512505531311035,10.708440780639648,4437.5,-14.32843931980205,0.5487576622068898
sweep,3538-142836-0017,test-other,3538,WB8,0,0.0,True,45.42555618286133,6.6281561851501465,6.872186183929443,7.066154956817627,6.071776390075684,8000.0,2.3690939759504834,0.49833803080566036
sweep,3538-163619-0009,test-other,3538,NB8,2,0.125,True,48.92876434326172,6.199341297149658,6.075467109680176,6.131173133850098,5.63059139251709,4562.5,-17.52897727751779,0.6115237415095228
sweep,3538-163619-0009,test-other,3538,WB8,0,0.0,True,38.38716125488281,6.024413108825684,6.912167072296143,6.93751859664917,4.802165508270264,8000.0,3.0119440096618892,0.5691725360773388
sweep,3538-163619-0010,test-other,3538,NB8,2,0.125,True,40.75830841064453,5.655893802642822,5.734710693359375,5.688157081604004,5.185629367828369,4562.5,-15.878668550891446,0.5579874572374219
sweep,3538-163619-0010,test-other,3538,WB8,0,0.0,True,34.58255386352539,5.695529460906982,6.679934978485107,6.595986843109131,4.525424957275391,8000.0,3.615407253001784,0.5150358877616742
sweep,3538-163619-0011,test-other,3538,NB8,2,0.125,True,32.867305755615234,4.861823081970215,5.421006202697754,5.254948616027832,3.454932689666748,4781.25,-14.915737714767667,0.5834734332040384
sweep,3538-163619-0011,test-other,3538,WB8,0,0.0,True,25.240774154663086,4.807450771331787,6.135073184967041,5.951408386230469,2.956373691558838,8000.0,3.2962767638522394,0.5944809898829321
sweep,3538-163622-0001,test-other,3538,NB8,2,0.125,True,38.67843246459961,5.572262287139893,5.725759029388428,5.647755146026611,4.944162845611572,4406.25,-18.91628263341959,0.5926192247611985
sweep,3538-163622-0001,test-other,3538,WB8,0,0.0,True,34.7197151184082,5.763282775878906,6.7254743576049805,6.647158145904541,4.586556911468506,8000.0,2.63749326186062,0.5691744417207787
sweep,3538-163622-0002,test-other,3538,NB8,2,0.125,True,60.27478790283203,6.8253173828125,5.8996477127075195,5.883495807647705,7.169678688049316,4375.0,-17.758982908006033,0.5374884282709458
sweep,3538-163622-0002,test-other,3538,WB8,0,0.0,True,38.84640121459961,6.105051040649414,6.909976005554199,6.848715305328369,5.166254043579102,8000.0,2.4839153893983665,0.5051849085336998
sweep,3538-163622-0005,test-other,3538,NB8,2,0.125,True,79.77981567382812,8.153674125671387,6.562030792236328,6.746732234954834,8.992140769958496,4531.25,-19.580424643725262,0.5398942031752377
sweep,3538-163622-0005,test-other,3538,WB8,0,0.0,True,48.212276458740234,6.8667144775390625,7.241347789764404,7.32084846496582,6.3198652267456055,8000.0,2.850750622807979,0.4819286373401929
sweep,3538-163622-0006,test-other,3538,NB8,2,0.125,True,48.559207916259766,6.142825603485107,5.903389930725098,5.810291290283203,5.910196781158447,4406.25,-24.628657201767425,0.5865490604807014
sweep,3538-163622-0006,test-other,3538,WB8,0,0.0,True,35.551979064941406,5.835931777954102,6.7260661125183105,6.657834053039551,4.771505355834961,8000.0,2.6072925710005452,0.5461397858845438
sweep,3538-163622-0010,test-other,3538,NB8,2,0.125,True,59.53041076660156,6.606595516204834,6.121395587921143,6.111937999725342,6.295600414276123,4718.75,-16.03795953925381,0.5192960943554059
sweep,3538-163622-0010,test-other,3538,WB8,0,0.0,True,41.96063995361328,6.227340221405029,7.316493034362793,7.196986198425293,4.885071754455566,8000.0,2.379909990215921,0.513512637593414
sweep,3538-163622-0011,test-other,3538,NB8,2,0.125,True,40.61257553100586,5.483747482299805,5.549051284790039,5.494747638702393,4.726895809173584,4562.5,-20.06057622881162,0.5706012236910568
sweep,3538-163622-0011,test-other,3538,WB8,0,0.0,True,29.67682647705078,5.279895305633545,6.280328750610352,6.1981306076049805,3.992004156112671,8000.0,1.2500705332961397,0.5267811820229434
sweep,3538-163622-0013,test-other,3538,NB8,2,0.125,True,51.64387130737305,6.4295172691345215,5.963871002197266,5.946902751922607,6.408402919769287,4500.0,-22.22462554116836,0.5373295332017649
sweep,3538-163622-0013,test-other,3538,WB8,0,0.0,True,37.395442962646484,5.981730937957764,6.626543998718262,6.596733093261719,5.20181941986084,8000.0,2.6855068912127376,0.5294039156098255
sweep,3538-163622-0015,test-other,3538,NB8,2,0.125,True,57.2902717590332,6.5702290534973145,5.882904052734375,6.056699752807617,6.253698825836182,4593.75,-14.998946734099228,0.5229583691006171
sweep,3538-163622-0015,test-other,3538,WB8,0,0.0,True,38.18018341064453,5.964973449707031,6.930145263671875,6.922174453735352,4.632688522338867,8000.0,2.646377820713131,0.4878409639859253
sweep,3538-163622-0019,test-other,3538,NB8,2,0.125,True,37.78303146362305,5.257465839385986,5.3055267333984375,5.132462024688721,4.517875671386719,4500.0,-20.588402014787732,0.565727738005191
sweep,3538-163622-0019,test-other,3538,WB8,0,0.0,True,29.968931198120117,5.204927921295166,6.366147994995117,6.195279121398926,3.6737709045410156,8000.0,2.9745370917890317,0.5070802146553727
sweep,3538-163624-0000,test-other,3538,NB8,2,0.125,True,198.69552612304688,13.730805397033691,6.930178642272949,7.45589017868042,17.809154510498047,4343.75,-17.10818141281338,0.543452037250596
sweep,3538-163624-0000,test-other,3538,WB8,0,0.0,True,59.9115104675293,7.714572906494141,7.046877861022949,7.297471046447754,8.076982498168945,8000.0,0.3661072587122879,0.48974338854341226
sweep,3538-163624-0002,test-other,3538,NB8,2,0.125,True,197.76544189453125,13.494376182556152,6.712862014770508,7.2822041511535645,17.49604034423828,4500.0,-16.334257513801795,0.5478398460849636
sweep,3538-163624-0002,test-other,3538,WB8,0,0.0,True,58.40424728393555,7.619231700897217,6.984903812408447,7.203073501586914,7.979676723480225,8000.0,1.7299243360808378,0.49392677230153065
sweep,3538-163624-0003,test-other,3538,NB8,2,0.125,True,205.50022888183594,13.798656463623047,6.931596279144287,7.441599369049072,17.898099899291992,4468.75,-14.957381054418104,0.5346787953582166
sweep,3538-163624-0003,test-other,3538,WB8,0,0.0,True,59.12006759643555,7.664768695831299,7.04306173324585,7.246189594268799,8.026647567749023,8000.0,1.1970991780644666,0.4994236156201568
sweep,3538-163624-0005,test-other,3538,NB8,2,0.125,True,122.69503784179688,10.691732406616211,6.662913799285889,7.134593963623047,13.182808876037598,4500.0,-16.89200618626942,0.5757722847095823
sweep,3538-163624-0005,test-other,3538,WB8,0,0.0,True,51.740379333496094,7.165553569793701,6.837674617767334,7.031351566314697,7.263641357421875,8000.0,0.6508948747221937,0.5474238676854704
sweep,3538-163624-0010,test-other,3538,NB8,2,0.125,True,226.6050262451172,14.484853744506836,6.7954888343811035,7.371672630310059,18.966609954833984,4312.5,-19.03786023281881,0.616050939922853
sweep,3538-163624-0010,test-other,3538,WB8,0,0.0,True,60.28297424316406,7.735949993133545,7.03020715713501,7.227835655212402,8.1767578125,8000.0,1.3208235217217756,0.4980275509397109
sweep,3538-163624-0012,test-other,3538,NB8,2,0.125,True,128.65869140625,10.890588760375977,6.714048385620117,7.1901960372924805,13.468320846557617,4468.75,-17.714738729779015,0.5742028541282671
sweep,3538-163624-0012,test-other,3538,WB8,0,0.0,True,53.78473663330078,7.310580730438232,6.9535932540893555,7.143526077270508,7.442036151885986,8000.0,0.34994826157974274,0.4977735595388624
sweep,3538-163624-0014,test-other,3538,NB8,2,0.125,True,118.20242309570312,10.474409103393555,6.500213146209717,7.068085670471191,12.8739013671875,4718.75,-14.761480470349442,0.619511382996825
sweep,3538-163624-0014,test-other,3538,WB8,0,0.0,True,51.596500396728516,7.158501148223877,6.78342866897583,6.991060733795166,7.286466121673584,8000.0,-0.22424591279852493,0.6024901333430821
sweep,3538-163624-0015,test-other,3538,NB8,2,0.125,True,95.95872497558594,9.697778701782227,6.757917404174805,7.221259593963623,11.570439338684082,4750.0,-11.558218840380551,0.626687105668509
sweep,3538-163624-0015,test-other,3538,WB8,0,0.0,True,52.09613037109375,7.196874141693115,6.920429706573486,7.078793048858643,7.279116153717041,8000.0,0.3638537889235761,0.5759237632565699
sweep,3538-163624-0016,test-other,3538,NB8,2,0.125,True,197.1100311279297,13.566008567810059,6.8869524002075195,7.416815280914307,17.566679000854492,4375.0,-20.218382613008615,0.5776625661258799
sweep,3538-163624-0016,test-other,3538,WB8,0,0.0,True,58.396427154541016,7.616784572601318,6.995387077331543,7.209232807159424,7.967658519744873,8000.0,0.9525868726227822,0.5107617656745754
sweep,3538-163624-0017,test-other,3538,NB8,2,0.125,True,226.47596740722656,14.326563835144043,6.765625953674316,7.364192485809326,18.71393394470215,4312.5,-20.3323848584628,0.5945577301915089
sweep,3538-163624-0017,test-other,3538,WB8,0,0.0,True,59.516357421875,7.6820197105407715,7.118134498596191,7.349958896636963,7.964509963989258,8000.0,2.094748162679086,0.5268730795484888
sweep,3538-163624-0022,test-other,3538,NB8,2,0.125,True,127.32388305664062,10.85069465637207,6.717545032501221,7.18630838394165,13.407820701599121,4593.75,-13.817090020865606,0.5919104602219499
sweep,3538-163624-0022,test-other,3538,WB8,0,0.0,True,53.619232177734375,7.302042007446289,6.9566264152526855,7.123231410980225,7.444388389587402,8000.0,1.6143134613811452,0.5513520932077551
sweep,3538-163624-0024,test-other,3538,NB8,2,0.125,True,149.98089599609375,11.651121139526367,6.64634895324707,7.176721572875977,14.660890579223633,4656.25,-14.62366878432184,0.5974618770911165
sweep,3538-163624-0024,test-other,3538,WB8,0,0.0,True,54.526729583740234,7.354673862457275,6.897086143493652,7.132129669189453,7.533260822296143,8000.0,2.2654476589625974,0.5444519570314447
sweep,3538-163624-0026,test-other,3538,NB8,2,0.125,True,143.548583984375,11.281868934631348,6.4372100830078125,7.017838478088379,14.11734390258789,4531.25,-15.943188588875127,0.6222793541684456
sweep,3538-163624-0026,test-other,3538,WB8,0,0.0,True,53.037532806396484,7.243298530578613,6.89202880859375,7.156856060028076,7.2928853034973145,8000.0,3.096639956303639,0.5363332519404767
sweep,3764-168670-0009,test-other,3764,NB8,2,0.125,True,184.20791625976562,11.139811515808105,6.780400276184082,6.93159294128418,13.204179763793945,4781.25,-19.403440699642488,0.503070819508961
sweep,3764-168670-0009,test-other,3764,WB8,0,0.0,True,52.90346908569336,7.078798770904541,7.788313388824463,7.791042804718018,6.1220622062683105,8000.0,2.5199065454695764,0.41723475456311226
sweep,3764-168670-0012,test-other,3764,NB8,2,0.125,True,182.3665008544922,11.360932350158691,6.903392314910889,7.096103668212891,13.493401527404785,4656.25,-19.76345968368036,0.5306371535192487
sweep,3764-168670-0012,test-other,3764,WB8,0,0.0,True,52.26691818237305,7.0797119140625,7.480325222015381,7.611842155456543,6.3784613609313965,8000.0,0.7876685625658647,0.4956167145962521
sweep,3764-168670-0015,test-other,3764,NB8,2,0.125,True,124.54981994628906,9.210458755493164,6.332823276519775,6.371241092681885,10.360795974731445,4281.25,-22.0840045174679,0.49908369864052105
sweep,3764-168670-0015,test-other,3764,WB8,0,0.0,True,48.68608474731445,6.668978214263916,7.596166610717773,7.564013957977295,5.313582897186279,8000.0,2.2975162151000283,0.40854993449824817
sweep,3764-168670-0030,test-other,3764,NB8,2,0.125,True,220.29234313964844,12.410223007202148,6.717915058135986,6.906347751617432,15.20662784576416,4500.0,-21.341100559487277,0.4537604783979107
sweep,3764-168670-0030,test-other,3764,WB8,0,0.0,True,58.08846664428711,7.335050582885742,7.802786827087402,7.802949905395508,6.609570503234863,8000.0,2.3060109038198244,0.4181113043967221
sweep,3764-168670-0031,test-other,3764,NB8,2,0.125,True,126.88082122802734,9.144637107849121,6.239406108856201,6.257177829742432,10.245702743530273,4781.25,-18.145032631543117,0.5035462884538514
sweep,3764-168670-0031,test-other,3764,WB8,0,0.0,True,50.81187438964844,6.758777141571045,7.667469024658203,7.584980010986328,5.48415470123291,8000.0,3.8073998683521553,0.42354975286294133
sweep,3764-168670-0032,test-other,3764,NB8,2,0.125,True,176.5082244873047,11.44587230682373,6.868932247161865,7.130886077880859,13.748639106750488,4125.0,-26.938497880199602,0.5176577433359898
sweep,3764-168670-0032,test-other,3764,WB8,0,0.0,True,55.85016632080078,7.313252925872803,7.765815258026123,7.96917724609375,6.4288554191589355,8000.0,1.1708231043096489,0.4323888227449899
sweep,3764-168670-0033,test-other,3764,NB8,2,0.125,True,87.97869110107422,7.665712356567383,6.094613552093506,6.04754114151001,7.928854942321777,4312.5,-21.278019779536237,0.49353526415511156
sweep,3764-168670-0033,test-other,3764,WB8,0,0.0,True,42.08494186401367,6.092905044555664,7.114311695098877,7.181206703186035,4.498038291931152,8000.0,1.4053205477811013,0.45523715889950994
sweep,3764-168670-0036,test-other,3764,NB8,2,0.125,True,133.60633850097656,9.256637573242188,6.464014530181885,6.523955821990967,10.238118171691895,4281.25,-24.743884983511272,0.5601868829841055
sweep,3764-168670-0036,test-other,3764,WB8,0,0.0,True,47.74497604370117,6.620003700256348,7.528375148773193,7.486847877502441,5.365739345550537,8000.0,2.4347684288632605,0.5028915537520041
sweep,3764-168670-0038,test-other,3764,NB8,2,0.125,True,78.21550750732422,6.916921615600586,6.224990367889404,6.0687761306762695,6.3025617599487305,4406.25,-19.95385607503126,0.48843547538584065
sweep,3764-168670-0038,test-other,3764,WB8,0,0.0,True,38.95892333984375,5.9712700843811035,7.282043933868408,7.14930534362793,4.166744709014893,8000.0,2.039165430284743,0.4929818367245165
sweep,3764-168670-0042,test-other,3764,NB8,2,0.125,True,171.4557342529297,10.307845115661621,6.004228115081787,6.023942947387695,12.192138671875,4468.75,-23.55732086532727,0.5204388181108699
sweep,3764-168670-0042,test-other,3764,WB8,0,0.0,True,51.32802963256836,6.713510513305664,7.460951328277588,7.353373050689697,5.617738723754883,8000.0,4.428072386043277,0.41614590007633134
sweep,3764-168670-0044,test-other,3764,NB8,2,0.125,True,203.8226318359375,11.905381202697754,6.896315097808838,7.028399467468262,14.339409828186035,4093.75,-30.193064442263278,0.5424595185630634
sweep,3764-168670-0044,test-other,3764,WB8,0,0.0,True,56.58184814453125,7.305797576904297,7.899824619293213,7.924267292022705,6.4123077392578125,8000.0,0.5831799732847913,0.4296955371256263
sweep,3764-168670-0046,test-other,3764,NB8,2,0.125,True,138.30982971191406,9.412046432495117,6.423230171203613,6.4344940185546875,10.494009971618652,4437.5,-18.802321769942544,0.4785268264544381
sweep,3764-168670-0046,test-other,3764,WB8,0,0.0,True,53.98418045043945,6.951143264770508,7.842965126037598,7.8473639488220215,5.597239017486572,8000.0,3.2785963187582263,0.38831839556237274
sweep,3764-168670-0055,test-other,3764,NB8,2,0.125,True,190.21658325195312,11.081539154052734,6.3437886238098145,6.412797451019287,13.183815956115723,4468.75,-28.22970236787554,0.48683925317602533
sweep,3764-168670-0055,test-other,3764,WB8,0,0.0,True,49.85867691040039,6.7292399406433105,7.280521869659424,7.3707275390625,5.67876672744751,8000.0,0.9836322917515745,0.4005788715716676
sweep,3764-168671-0000,test-other,3764,NB8,2,0.125,True,165.94235229492188,10.255499839782715,6.3409342765808105,6.47025728225708,12.012661933898926,4718.75,-21.855424335356822,0.4914219702647081
sweep,3764-168671-0000,test-other,3764,WB8,0,0.0,True,52.396339416503906,6.887474060058594,7.409047603607178,7.423717975616455,6.084228515625,8000.0,1.977210761616637,0.40502960832484436
sweep,3764-168671-0002,test-other,3764,NB8,2,0.125,True,169.0497589111328,10.384169578552246,6.529962539672852,6.715202331542969,12.153423309326172,4718.75,-21.394105424777837,0.48423310439477774
sweep,3764-168671-0002,test-other,3764,WB8,0,0.0,True,53.14004135131836,7.010610103607178,7.397819519042969,7.453120708465576,6.375146389007568,8000.0,2.8543506852607985,0.4567431854038966
sweep,3764-168671-0003,test-other,3764,NB8,2,0.125,True,89.8050308227539,7.852978706359863,6.290068626403809,6.420328617095947,8.176012992858887,4750.0,-18.686581880085487,0.5134223463131836
sweep,3764-168671-0003,test-other,3764,WB8,0,0.0,True,46.40095901489258,6.492178440093994,7.330970287322998,7.282466888427734,5.374485015869141,8000.0,1.768903639057383,0.3584336456784912
sweep,3764-168671-0010,test-other,3764,NB8,2,0.125,True,231.07179260253906,12.594184875488281,6.654490947723389,6.874510765075684,15.57264518737793,4531.25,-19.470707471525515,0.5287826138120207
sweep,3764-168671-0010,test-other,3764,WB8,0,0.0,True,62.39385986328125,7.650991916656494,7.931936264038086,7.981955051422119,7.095200538635254,8000.0,2.4694444163081197,0.43813066711229803
sweep,3764-168671-0016,test-other,3764,NB8,2,0.125,True,214.3045654296875,12.513289451599121,6.793001174926758,7.077733039855957,15.360759735107422,4812.5,-13.51464356539233,0.4881088478771873
sweep,3764-168671-0016,test-other,3764,WB8,0,0.0,True,67.78119659423828,8.04062271118164,8.42873764038086,8.446494102478027,7.428139686584473,8000.0,3.525451617225027,0.3682973923559475
sweep,3764-168671-0022,test-other,3764,NB8,2,0.125,True,57.13920974731445,6.157376289367676,5.468155860900879,5.496117115020752,5.911633491516113,4875.0,-15.30638098598599,0.4732752998820342
sweep,3764-168671-0022,test-other,3764,WB8,0,0.0,True,34.88382339477539,5.417417526245117,6.510913372039795,6.308836460113525,3.9767229557037354,8000.0,1.8376613441435818,0.43898895840529784
sweep,3764-168671-0025,test-other,3764,NB8,2,0.125,True,129.03440856933594,8.60460090637207,5.496498107910156,5.520112991333008,9.835196495056152,4812.5,-19.1135981488377,0.48099586518753945
sweep,3764-168671-0025,test-other,3764,WB8,0,0.0,True,44.36492156982422,6.01078462600708,6.693942070007324,6.534125804901123,5.014703750610352,8000.0,2.577740819983715,0.38159190128561454
sweep,3764-168671-0029,test-other,3764,NB8,2,0.125,True,169.84034729003906,10.179503440856934,6.498054504394531,6.6351752281188965,11.577757835388184,4812.5,-26.57614819223811,0.4892703076222023
sweep,3764-168671-0029,test-other,3764,WB8,0,0.0,True,51.201725006103516,6.818594932556152,7.56864070892334,7.417558193206787,5.83064079284668,8000.0,2.1198864212336264,0.4201339650261073
sweep,3764-168671-0030,test-other,3764,NB8,2,0.125,True,166.31201171875,11.15742301940918,6.995181083679199,7.224180221557617,13.345391273498535,4781.25,-22.218787664625815,0.47054372721222854
sweep,3764-168671-0030,test-other,3764,WB8,0,0.0,True,62.961910247802734,7.835245132446289,8.16386604309082,8.140783309936523,7.384182453155518,8000.0,0.8051508887154192,0.4106032624043653
sweep,3764-168671-0031,test-other,3764,NB8,2,0.125,True,121.86096954345703,9.171022415161133,6.706543445587158,6.809026718139648,9.912158966064453,4812.5,-6.771299500721238,0.5212117676352137
sweep,3764-168671-0031,test-other,3764,WB8,0,0.0,True,52.560997009277344,6.937798976898193,7.729277610778809,7.610211372375488,5.84865140914917,8000.0,4.8145367192087205,0.4502538829849991
sweep,3764-168671-0033,test-other,3764,NB8,2,0.125,True,75.8772964477539,7.632019519805908,6.077617168426514,6.200967311859131,8.115437507629395,4937.5,-9.197332954827028,0.5294225318548635
sweep,3764-168671-0033,test-other,3764,WB8,0,0.0,True,47.17704391479492,6.444497585296631,7.268238067626953,7.073288917541504,5.2833099365234375,8000.0,1.1257525368035517,0.45667686062260376
sweep,3764-168671-0035,test-other,3764,NB8,2,0.125,True,121.41163635253906,9.026033401489258,6.710771083831787,6.845754623413086,9.706254959106445,4500.0,-23.689758738620178,0.5281828565786322
sweep,3764-168671-0035,test-other,3764,WB8,0,0.0,True,49.634559631347656,6.807703971862793,7.8037943840026855,7.634548187255859,5.550473690032959,8000.0,2.1962793505931812,0.4469457814552152
sweep,3764-168671-0043,test-other,3764,NB8,2,0.125,True,81.30770874023438,6.709167003631592,5.246598720550537,5.382200717926025,6.640268325805664,4781.25,-11.33333945429974,0.5137808266118938
sweep,3764-168671-0043,test-other,3764,WB8,0,0.0,True,35.0457649230957,5.37218713760376,6.229984283447266,6.112407207489014,4.0343146324157715,8000.0,4.406690070351288,0.454439247534309
sweep,3764-168671-0046,test-other,3764,NB8,2,0.125,True,144.0229949951172,9.861712455749512,6.638492107391357,6.794262886047363,11.209495544433594,4843.75,-16.514890518283988,0.5039582601344353
sweep,3764-168671-0046,test-other,3764,WB8,0,0.0,True,54.441375732421875,7.167766094207764,7.9683756828308105,7.826380729675293,6.201282501220703,8000.0,3.6076021428620346,0.418738760281747
sweep,3764-168671-0048,test-other,3764,NB8,2,0.125,True,143.3296661376953,9.901904106140137,6.396588325500488,6.516781330108643,11.311217308044434,4875.0,-18.430642817254032,0.5079413918150814
sweep,3764-168671-0048,test-other,3764,WB8,0,0.0,True,50.40509796142578,6.863536834716797,7.6561055183410645,7.50570821762085,5.792717933654785,8000.0,2.6347598820197775,0.3922069024990586
sweep,3764-168671-0051,test-other,3764,NB8,2,0.125,True,181.403564453125,11.00564193725586,7.216359615325928,7.432863235473633,12.528429985046387,4781.25,-29.65790689952393,0.4479022593872646
sweep,3764-168671-0051,test-other,3764,WB8,0,0.0,True,64.04059600830078,7.827103137969971,8.816648483276367,8.687580108642578,6.615757465362549,8000.0,3.2524348870225834,0.38347357370360724
sweep,3764-168671-0052,test-other,3764,NB8,2,0.125,True,139.90213012695312,9.77923583984375,6.6849212646484375,6.738977909088135,10.894678115844727,4843.75,-13.767772248602423,0.5125631019022067
sweep,3764-168671-0052,test-other,3764,WB8,0,0.0,True,55.854583740234375,7.2218708992004395,8.132601737976074,7.976967811584473,5.99677038192749,8000.0,4.627019995804475,0.39605283494603327
sweep,3997-180294-0002,test-other,3997,NB8,2,0.125,True,67.00668334960938,6.781464099884033,5.729152679443359,5.932729721069336,6.550590515136719,4968.75,-21.50071856283677,0.6461435725164721
sweep,3997-180294-0002,test-other,3997,WB8,0,0.0,True,33.743255615234375,5.4245452880859375,6.077725887298584,6.154967308044434,4.129549980163574,8000.0,0.24820683575643537,0.622278407297185
sweep,3997-180294-0003,test-other,3997,NB8,2,0.125,True,84.13712310791016,7.417386054992676,5.258965015411377,5.43207311630249,8.166397094726562,4906.25,-14.510330692587258,0.5885931820845723
sweep,3997-180294-0003,test-other,3997,WB8,0,0.0,True,33.6700439453125,5.2807183265686035,5.479662895202637,5.551896572113037,4.618864059448242,8000.0,0.47704998571240115,0.6288704802550014
sweep,3997-180294-0005,test-other,3997,NB8,2,0.125,True,58.056732177734375,6.455722808837891,5.902111530303955,5.949671745300293,5.967127323150635,5093.75,-18.037025459526998,0.6461073469802863
sweep,3997-180294-0005,test-other,3997,WB8,0,0.0,True,31.861055374145508,5.298915863037109,6.027102947235107,5.99135160446167,4.12399435043335,8000.0,-0.0802453231487088,0.6047636846364651
sweep,3997-180294-0013,test-other,3997,NB8,2,0.125,True,61.64061737060547,6.787229061126709,5.838653564453125,6.003873348236084,6.712357044219971,5093.75,-11.532757475688804,0.6893101643179153
sweep,3997-180294-0013,test-other,3997,WB8,0,0.0,True,35.320011138916016,5.538116931915283,6.004848957061768,6.095139026641846,4.549468517303467,8000.0,-0.4244312138799373,0.6656848624673081
sweep,3997-180294-0016,test-other,3997,NB8,2,0.125,True,65.58526611328125,6.794157981872559,5.899290561676025,5.986444473266602,6.34440279006958,5000.0,-14.878554239763302,0.6125623367150761
sweep,3997-180294-0016,test-other,3997,WB8,0,0.0,True,33.66796875,5.4781694412231445,6.272600173950195,6.284051418304443,3.942296028137207,8000.0,1.007218716504355,0.5760478205023127
sweep,3997-180294-0018,test-other,3997,NB8,2,0.125,True,92.34208679199219,8.212763786315918,6.129486083984375,6.368877410888672,8.951648712158203,5093.75,-16.72268060540486,0.6838220827277716
sweep,3997-180294-0018,test-other,3997,WB8,0,0.0,True,41.298561096191406,6.093676567077637,6.347879409790039,6.511470794677734,5.3192572593688965,8000.0,0.6378211229072137,0.6848364594913477
sweep,3997-180294-0024,test-other,3997,NB8,2,0.125,True,80.20347595214844,8.032286643981934,6.541467666625977,6.809765338897705,8.241950035095215,5000.0,-17.949024085011096,0.6018390888071979
sweep,3997-180294-0024,test-other,3997,WB8,0,0.0,True,42.5362434387207,6.34017276763916,6.727517127990723,6.973940849304199,5.253433704376221,8000.0,0.590310144175086,0.5648299079931269
sweep,3997-180294-0027,test-other,3997,NB8,2,0.125,True,85.63644409179688,8.165071487426758,6.237565040588379,6.495633125305176,8.683263778686523,5000.0,-8.365782321327618,0.607137835080355
sweep,3997-180294-0027,test-other,3997,WB8,0,0.0,True,41.71920394897461,6.2177910804748535,6.665009021759033,6.7285566329956055,5.292041778564453,8000.0,2.5523734850591606,0.5600713401725302
sweep,3997-180294-0028,test-other,3997,NB8,2,0.125,True,83.5953369140625,7.801814556121826,6.215413570404053,6.336112976074219,7.9509453773498535,4937.5,-16.35687840952983,0.6581802893157023
sweep,3997-180294-0028,test-other,3997,WB8,0,0.0,True,37.60025405883789,5.878335475921631,6.589111804962158,6.574576377868652,4.617046356201172,8000.0,-0.823653206143873,0.6305624730363136
sweep,3997-180294-0030,test-other,3997,NB8,2,0.125,True,30.015363693237305,4.53165864944458,4.689996242523193,4.699047565460205,3.7538609504699707,5218.75,-16.856022300925176,0.684621476344577
sweep,3997-180294-0030,test-other,3997,WB8,0,0.0,True,20.73604393005371,4.092267990112305,4.834919452667236,4.790236949920654,2.976442337036133,8000.0,-4.472933897183077,0.6494746927854178
sweep,3997-180294-0031,test-other,3997,NB8,2,0.125,True,72.16352081298828,6.797240734100342,5.614699840545654,5.740905284881592,6.607918739318848,5093.75,-24.27644820378419,0.6964500366341156
sweep,3997-180294-0031,test-other,3997,WB8,0,0.0,True,31.42705535888672,5.176245212554932,5.7926344871521,5.859097480773926,3.952415943145752,8000.0,-0.697431055809846,0.6485406448692425
sweep,3997-180297-0002,test-other,3997,NB8,2,0.125,True,76.3119125366211,7.488731861114502,6.179440498352051,6.4389119148254395,7.297172546386719,5031.25,-14.158783961614091,0.6225666054468708
sweep,3997-180297-0002,test-other,3997,WB8,0,0.0,True,41.31415557861328,6.061309814453125,6.626781940460205,6.752223014831543,4.738526821136475,8000.0,1.1001513623812615,0.55586977388662
sweep,3997-180297-0003,test-other,3997,NB8,2,0.125,True,60.605865478515625,6.725042819976807,5.975760459899902,6.2520928382873535,6.135096549987793,5187.5,-12.202757719471373,0.6481817509152957
sweep,3997-180297-0003,test-other,3997,WB8,0,0.0,True,34.980342864990234,5.54245662689209,6.258589744567871,6.363043785095215,4.066675662994385,8000.0,-0.8688917607516011,0.6465219823161461
sweep,3997-180297-0005,test-other,3997,NB8,2,0.125,True,102.92472839355469,8.727059364318848,6.184546947479248,6.603000164031982,9.455049514770508,4875.0,-12.64265347104999,0.6319546735501527
sweep,3997-180297-0005,test-other,3997,WB8,0,0.0,True,44.981689453125,6.372395038604736,6.59401798248291,6.805925369262695,5.463081359863281,8000.0,1.4781042775891784,0.5761685163115015
sweep,3997-180297-0006,test-other,3997,NB8,2,0.125,True,132.97225952148438,9.472949028015137,5.978628635406494,6.3111138343811035,10.768913269042969,5125.0,-13.53440447397028,0.615923609229899
sweep,3997-180297-0006,test-other,3997,WB8,0,0.0,True,44.00084686279297,6.177961349487305,6.318201065063477,6.47306489944458,5.388400554656982,8000.0,1.8647122972380452,0.5790936572606075
sweep,3997-180297-0009,test-other,3997,NB8,2,0.125,True,60.31980895996094,6.214189052581787,5.558117866516113,5.7121148109436035,5.611876964569092,5062.5,-17.992518521836207,0.6515231184299363
sweep,3997-180297-0009,test-other,3997,WB8,0,0.0,True,30.532365798950195,5.050492763519287,5.834821701049805,5.887259483337402,3.558785915374756,8000.0,0.5309748451180645,0.5973247336984273
sweep,3997-180297-0011,test-other,3997,NB8,2,0.125,True,92.09112548828125,8.25919246673584,6.259007453918457,6.560916423797607,8.580962181091309,5093.75,-15.464472152767883,0.625273370526011
sweep,3997-180297-0011,test-other,3997,WB8,0,0.0,True,40.26519012451172,6.022716045379639,6.43624210357666,6.57113790512085,4.918056964874268,8000.0,0.08812652520692796,0.6118217331021678
sweep,3997-180297-0016,test-other,3997,NB8,2,0.125,True,99.25753021240234,8.353684425354004,6.569007873535156,6.79234504699707,8.365262985229492,5187.5,-20.08801836323147,0.6038917789703965
sweep,3997-180297-0016,test-other,3997,WB8,0,0.0,True,41.30553436279297,6.162316799163818,6.629615783691406,6.804704189300537,4.880009651184082,8000.0,-0.7209768886969896,0.5993658490663006
sweep,3997-180297-0017,test-other,3997,NB8,2,0.125,True,146.8041534423828,10.369856834411621,6.45632266998291,6.881371021270752,11.921011924743652,5000.0,-18.8550175678268,0.6542935513083941
sweep,3997-180297-0017,test-other,3997,WB8,0,0.0,True,48.260257720947266,6.683609485626221,6.861717700958252,7.043045997619629,5.839545249938965,8000.0,1.027083211878999,0.5848066452397869
sweep,3997-180297-0020,test-other,3997,NB8,2,0.125,True,97.49417114257812,8.291305541992188,6.119476795196533,6.318277835845947,8.702881813049316,5062.5,-13.779723022524786,0.6816633310053013
sweep,3997-180297-0020,test-other,3997,WB8,0,0.0,True,39.82440185546875,5.9971537590026855,6.412107467651367,6.502871513366699,4.885453224182129,8000.0,0.33789794261589123,0.6166106350688612
sweep,3997-180297-0022,test-other,3997,NB8,2,0.125,True,80.53472137451172,7.69986629486084,6.222133159637451,6.449676990509033,7.542747497558594,5000.0,-18.152200468156703,0.6910699241021273
sweep,3997-180297-0022,test-other,3997,WB8,0,0.0,True,38.629329681396484,5.95514440536499,6.588204860687256,6.668384075164795,4.525845527648926,8000.0,1.7216089514231603,0.661116512856884
sweep,3997-180297-0026,test-other,3997,NB8,2,0.125,True,60.79413986206055,6.1618170738220215,4.877312183380127,5.003969669342041,6.154050827026367,5187.5,-17.20686906649422,0.6189832998125347
sweep,3997-180297-0026,test-other,3997,WB8,0,0.0,True,27.710412979125977,4.688844203948975,5.062306880950928,5.163660049438477,3.713658571243286,8000.0,-0.13685905406704504,0.5998532209734029
sweep,3997-180297-0031,test-other,3997,NB8,2,0.125,True,111.9052963256836,8.613763809204102,5.707386016845703,5.911338806152344,9.883707046508789,5125.0,-11.455286387682914,0.6304361563697847
sweep,3997-180297-0031,test-other,3997,WB8,0,0.0,True,42.99725341796875,6.006931304931641,6.07648229598999,6.209930419921875,5.465848445892334,8000.0,1.4537335331087347,0.5997126547661316
sweep,3997-182399-0001,test-other,3997,NB8,2,0.125,True,77.47969055175781,7.332808971405029,6.4673686027526855,6.639885425567627,6.423497676849365,5062.5,-18.672835877905165,0.6085398036847226
sweep,3997-182399-0001,test-other,3997,WB8,0,0.0,True,37.291053771972656,5.901113033294678,7.0076003074646,7.067439556121826,3.7882080078125,8000.0,1.2878817325137202,0.5878260528554349
sweep,3997-182399-0002,test-other,3997,NB8,2,0.125,True,60.65010070800781,6.810737133026123,6.488914966583252,6.654735565185547,5.8456268310546875,5156.25,-13.724387143824611,0.6126996845887581
sweep,3997-182399-0002,test-other,3997,WB8,0,0.0,True,39.92934036254883,6.153499603271484,7.28364896774292,7.3162150382995605,4.28802490234375,8000.0,1.7794428301270981,0.596215443215121
sweep,3997-182399-0005,test-other,3997,NB8,2,0.125,True,62.901153564453125,7.063470840454102,6.645864009857178,6.808457851409912,6.217790126800537,5156.25,-12.746025729444227,0.6003357974860604
sweep,3997-182399-0005,test-other,3997,WB8,0,0.0,True,44.87681579589844,6.522293567657471,7.451157093048096,7.525660514831543,4.964065074920654,8000.0,1.3335936474043122,0.5625739995811067
sweep,3997-182399-0006,test-other,3997,NB8,2,0.125,True,55.00931930541992,6.589792251586914,6.4738969802856445,6.627485275268555,5.471158027648926,5187.5,-11.91361401839602,0.6544998363684548
sweep,3997-182399-0006,test-other,3997,WB8,0,0.0,True,37.45745086669922,5.952983856201172,7.145264625549316,7.162923336029053,4.013293266296387,8000.0,1.3211772933422576,0.6101907039134193
sweep,3997-182399-0012,test-other,3997,NB8,2,0.125,True,63.708778381347656,6.99738883972168,6.67547607421875,6.886649131774902,6.0194010734558105,5156.25,-16.107029075447567,0.5555107433359815
sweep,3997-182399-0012,test-other,3997,WB8,0,0.0,True,45.97990798950195,6.582732677459717,7.476449012756348,7.592782497406006,5.060404300689697,8000.0,0.45834840981150315,0.5176234632891202
sweep,3997-182399-0015,test-other,3997,NB8,2,0.125,True,60.38090896606445,6.8529582023620605,6.409051895141602,6.6657280921936035,6.082362651824951,5125.0,-9.228397120718272,0.621375780475729
sweep,3997-182399-0015,test-other,3997,WB8,0,0.0,True,37.062957763671875,5.84963321685791,6.870565891265869,6.901271343231201,4.184731960296631,8000.0,0.9729560312805599,0.607597932024951
sweep,3997-182399-0020,test-other,3997,NB8,2,0.125,True,84.45074462890625,7.94890022277832,6.766159534454346,6.932497978210449,7.807448387145996,5187.5,-18.30001422828172,0.6406523377219291
sweep,3997-182399-0020,test-other,3997,WB8,0,0.0,True,43.127838134765625,6.383726119995117,7.057863712310791,7.176090240478516,5.121144771575928,8000.0,0.7524869040585945,0.625198668047134
sweep,4198-12259-0003,test-other,4198,NB8,2,0.125,True,198.24551391601562,11.797517776489258,6.988527774810791,7.043423175811768,13.84084701538086,4781.25,-10.61314357501902,0.6021504005703016
sweep,4198-12259-0003,test-other,4198,WB8,0,0.0,True,67.46572875976562,7.60998010635376,8.357442855834961,8.17238712310791,6.253020286560059,8000.0,1.362557948692429,0.49453532441857173
sweep,4198-12259-0015,test-other,4198,NB8,2,0.125,True,162.86317443847656,10.32066822052002,6.761226177215576,6.752914905548096,11.436400413513184,4750.0,-10.325887119333023,0.5947079490075527
sweep,4198-12259-0015,test-other,4198,WB8,0,0.0,True,62.071807861328125,7.147281646728516,7.906145095825195,7.710558891296387,5.654323101043701,8000.0,4.0369497160744245,0.48665631338697174
sweep,4198-12259-0018,test-other,4198,NB8,2,0.125,True,148.7393035888672,9.82812786102295,6.212708473205566,6.227359771728516,11.129632949829102,4750.0,-11.876469488839327,0.6200625162384134
sweep,4198-12259-0018,test-other,4198,WB8,0,0.0,True,56.394466400146484,6.777370452880859,7.349081516265869,7.322652816772461,5.457691192626953,8000.0,3.9472008877119698,0.5217726148657842
sweep,4198-12259-0021,test-other,4198,NB8,2,0.125,True,157.8552703857422,10.450779914855957,6.805284023284912,6.915884017944336,11.864249229431152,4750.0,-13.264521644650069,0.5895898270918175
sweep,4198-12259-0021,test-other,4198,WB8,0,0.0,True,67.95502471923828,7.535487651824951,8.251788139343262,8.253961563110352,6.084100723266602,8000.0,2.664496454155065,0.46775252571044046
sweep,4198-12259-0026,test-other,4198,NB8,2,0.125,True,106.32489013671875,8.754144668579102,6.82553768157959,6.836273193359375,9.215167045593262,4843.75,-8.709166010281518,0.6147168306731711
sweep,4198-12259-0026,test-other,4198,WB8,0,0.0,True,55.316226959228516,6.869682788848877,7.966863632202148,7.713014125823975,5.230157375335693,8000.0,-1.1001789720320463,0.5641257147778809
sweep,4198-12259-0034,test-other,4198,NB8,2,0.125,True,64.86967468261719,6.7684221267700195,5.868469715118408,5.865819454193115,6.436847686767578,4750.0,-8.959925616613303,0.5988918541273279
sweep,4198-12259-0034,test-other,4198,WB8,0,0.0,True,39.099632263183594,5.699539661407471,6.739704608917236,6.5513482093811035,4.020565509796143,8000.0,1.0085927477941325,0.518823316270027
sweep,4198-12259-0038,test-other,4198,NB8,2,0.125,True,140.84413146972656,9.877786636352539,7.0434346199035645,6.966610908508301,10.872525215148926,4656.25,-11.168459490889388,0.6077029067480384
sweep,4198-12259-0038,test-other,4198,WB8,0,0.0,True,67.68523406982422,7.528287887573242,8.414849281311035,8.278838157653809,5.9850006103515625,8000.0,-0.9155488912614457,0.48462628229000937
sweep,4198-12259-0042,test-other,4198,NB8,2,0.125,True,171.05615234375,10.941010475158691,7.29445219039917,7.293479919433594,12.434088706970215,4781.25,-12.674969525469368,0.6010872498654072
sweep,4198-12259-0042,test-other,4198,WB8,0,0.0,True,78.49421691894531,8.138985633850098,9.02694034576416,8.832438468933105,6.727829933166504,8000.0,2.7006615328254613,0.49009454331849067
sweep,4198-12281-0001,test-other,4198,NB8,2,0.125,True,231.46006774902344,11.860797882080078,6.961991786956787,6.927316665649414,13.788692474365234,4593.75,-14.399339272499711,0.5771377087371957
sweep,4198-12281-0001,test-other,4198,WB8,0,0.0,True,68.31536865234375,7.452500820159912,8.486882209777832,8.205246925354004,5.943869590759277,8000.0,3.1615313364250017,0.46435491649293303
sweep,4198-12281-0002,test-other,4198,NB8,2,0.125,True,191.88848876953125,11.60207748413086,6.497257232666016,6.654691696166992,13.974058151245117,4718.75,-10.399273854504294,0.577991248792631
sweep,4198-12281-0002,test-other,4198,WB8,0,0.0,True,68.17002868652344,7.620141983032227,8.234040260314941,8.131877899169922,6.42970085144043,8000.0,2.05322701982503,0.4334882869901564
sweep,4198-12281-0004,test-other,4198,NB8,2,0.125,True,206.65037536621094,12.179160118103027,7.016407012939453,7.178312301635742,14.633687019348145,4656.25,-8.041411830990114,0.5679165861230087
sweep,4198-12281-0004,test-other,4198,WB8,0,0.0,True,80.33025360107422,8.451784133911133,9.037273406982422,8.921154975891113,7.318254470825195,8000.0,2.497328107276905,0.44807395991379295
sweep,4198-12281-0005,test-other,4198,NB8,2,0.125,True,118.70155334472656,8.878877639770508,6.36641788482666,6.385313034057617,9.602580070495605,5000.0,-9.82370033667236,0.5733449692284951
sweep,4198-12281-0005,test-other,4198,WB8,0,0.0,True,59.17417907714844,6.892421722412109,7.843730926513672,7.669260025024414,5.305294036865234,8000.0,-0.20280332579561106,0.43763035456219057
sweep,4198-12281-0006,test-other,4198,NB8,2,0.125,True,209.5279541015625,12.237812042236328,6.711666107177734,6.9674272537231445,14.922211647033691,4656.25,-11.33859228606763,0.5899838786882989
sweep,4198-12281-0006,test-other,4198,WB8,0,0.0,True,68.63919067382812,7.705650329589844,7.974241733551025,7.924570083618164,6.937608242034912,8000.0,3.463496031033642,0.46825341147451943
sweep,4198-12281-0007,test-other,4198,NB8,2,0.125,True,130.8396453857422,9.405892372131348,6.466288089752197,6.5460662841796875,10.579742431640625,4718.75,-9.503156613823574,0.5950374786199285
sweep,4198-12281-0007,test-other,4198,WB8,0,0.0,True,63.1548957824707,7.197634696960449,8.092049598693848,7.986687183380127,5.747491359710693,8000.0,3.9126183310216383,0.4335612668851324
sweep,4198-12281-0008,test-other,4198,NB8,2,0.125,True,142.91445922851562,10.02978515625,6.455058574676514,6.567305564880371,11.639142036437988,4687.5,-11.551894036444523,0.5977658499985382
sweep,4198-12281-0008,test-other,4198,WB8,0,0.0,True,61.18770980834961,7.132713317871094,7.727685451507568,7.668966293334961,6.002326965332031,8000.0,2.213411796887131,0.47807406527328755
sweep,4198-12281-0010,test-other,4198,NB8,2,0.125,True,156.0284881591797,10.169352531433105,6.436498641967773,6.5070624351501465,11.763458251953125,4656.25,-13.593806845784293,0.5638675240195608
sweep,4198-12281-0010,test-other,4198,WB8,0,0.0,True,62.713802337646484,7.21497917175293,8.081480979919434,7.970564842224121,5.744322299957275,8000.0,3.76735802789749,0.41468920795402736
sweep,4198-12281-0011,test-other,4198,NB8,2,0.125,True,125.15399169921875,8.882000923156738,6.214349746704102,6.199620246887207,9.788020133972168,4812.5,-8.805915558670259,0.630183018793726
sweep,4198-12281-0011,test-other,4198,WB8,0,0.0,True,60.7633056640625,7.009430885314941,8.057600021362305,7.86586856842041,5.301905632019043,8000.0,7.356662943836113,0.5076056882669082
sweep,4198-12281-0015,test-other,4198,NB8,2,0.125,True,171.9203338623047,10.943673133850098,6.5190935134887695,6.662328720092773,13.0346097946167,4656.25,-12.86042643504009,0.6030238553055852
sweep,4198-12281-0015,test-other,4198,WB8,0,0.0,True,68.2464599609375,7.655028343200684,8.381912231445312,8.252848625183105,6.448908805847168,8000.0,3.0029549457348113,0.44181316423450956
sweep,4198-61336-0002,test-other,4198,NB8,2,0.125,True,353.97393798828125,16.407197952270508,6.36816930770874,6.868955135345459,21.643699645996094,4500.0,-15.393274148760918,0.5909576512521533
sweep,4198-61336-0002,test-other,4198,WB8,0,0.0,True,67.70562744140625,7.853219985961914,7.473222255706787,7.656520843505859,7.7853875160217285,8000.0,2.1554894733336436,0.48894673641090186
sweep,4198-61336-0004,test-other,4198,NB8,2,0.125,True,421.2855529785156,19.01787757873535,6.942346572875977,7.522350311279297,25.54384422302246,4562.5,-15.62158548591391,0.5677660884582385
sweep,4198-61336-0004,test-other,4198,WB8,0,0.0,True,77.55806732177734,8.601645469665527,8.139660835266113,8.258183479309082,8.823953628540039,8000.0,2.481293869497563,0.45312865952255504
sweep,4198-61336-0006,test-other,4198,NB8,2,0.125,True,414.234375,18.746187210083008,7.094237327575684,7.648723125457764,24.963581085205078,4687.5,-14.964114883136013,0.5417091736384096
sweep,4198-61336-0006,test-other,4198,WB8,0,0.0,True,75.32389068603516,8.487446784973145,8.163848876953125,8.340400695800781,8.444315910339355,8000.0,1.9714885250687821,0.420538919805502
sweep,4198-61336-0007,test-other,4198,NB8,2,0.125,True,369.6098937988281,17.609683990478516,6.942931175231934,7.480067253112793,23.304059982299805,4750.0,-13.530764743009964,0.5307584764130024
sweep,4198-61336-0007,test-other,4198,WB8,0,0.0,True,74.16712188720703,8.434599876403809,8.15999984741211,8.319948196411133,8.383267402648926,8000.0,2.287571939902008,0.3896936026048295
sweep,4198-61336-0008,test-other,4198,NB8,2,0.125,True,393.6237487792969,17.92302703857422,6.502381801605225,7.060744285583496,23.91534996032715,4687.5,-11.489993009324621,0.5587776033411198
sweep,4198-61336-0008,test-other,4198,WB8,0,0.0,True,68.11885070800781,7.862462043762207,7.335859775543213,7.5557966232299805,7.961496829986572,8000.0,-0.07389915191600721,0.44289421307327587
sweep,4198-61336-0011,test-other,4198,NB8,2,0.125,True,439.74713134765625,18.85564613342285,6.916792869567871,7.378475189208984,25.060876846313477,4500.0,-16.34520508247117,0.5182131276538563
sweep,4198-61336-0011,test-other,4198,WB8,0,0.0,True,72.35832977294922,8.281797409057617,7.900315761566162,8.001516342163086,8.261079788208008,8000.0,1.431482600055052,0.41086542382647995
sweep,4198-61336-0015,test-other,4198,NB8,2,0.125,True,409.0045471191406,17.958818435668945,6.519253730773926,7.003961563110352,24.041114807128906,4593.75,-16.038484457129307,0.5504260525780905
sweep,4198-61336-0015,test-other,4198,WB8,0,0.0,True,70.1883316040039,7.945727825164795,7.7317423820495605,7.775984764099121,7.92188835144043,8000.0,2.133520818091274,0.4327634435230811
sweep,4198-61336-0016,test-other,4198,NB8,2,0.125,True,382.5459899902344,17.83462142944336,6.886180400848389,7.504604816436768,23.667261123657227,4593.75,-16.520346437624433,0.5632320821386066
sweep,4198-61336-0016,test-other,4198,WB8,0,0.0,True,75.60469055175781,8.532387733459473,8.154303550720215,8.383439064025879,8.518189430236816,8000.0,2.2755463216454377,0.44076898897666106
sweep,4198-61336-0018,test-other,4198,NB8,2,0.125,True,368.107421875,17.365934371948242,6.841770648956299,7.389050006866455,22.94301986694336,4593.75,-13.423365527280396,0.5413947707298926
sweep,4198-61336-0018,test-other,4198,WB8,0,0.0,True,72.31623840332031,8.225802421569824,8.142455101013184,8.275922775268555,7.974092483520508,8000.0,1.2110403508839713,0.41173273321816267
sweep,4198-61336-0022,test-other,4198,NB8,2,0.125,True,417.5245056152344,18.65279197692871,7.131698131561279,7.654791355133057,24.81904411315918,4687.5,-15.048267411501614,0.5093018041762322
sweep,4198-61336-0022,test-other,4198,WB8,0,0.0,True,72.03521728515625,8.292240142822266,8.20014762878418,8.313150405883789,8.114032745361328,8000.0,2.292196037383585,0.3928596927457999
sweep,4198-61336-0024,test-other,4198,NB8,2,0.125,True,457.4674377441406,19.308757781982422,6.922082424163818,7.388049602508545,25.8111515045166,4500.0,-16.815070127343283,0.5434488242138675
sweep,4198-61336-0024,test-other,4198,WB8,0,0.0,True,73.5886459350586,8.30494499206543,8.189539909362793,8.276556968688965,8.102904319763184,8000.0,1.9750243992407501,0.4145728673079366
sweep,4198-61336-0029,test-other,4198,NB8,2,0.125,True,317.0514831542969,15.228878021240234,6.466736793518066,6.781981945037842,19.439102172851562,4562.5,-7.648358326743351,0.6027645810115614
sweep,4198-61336-0029,test-other,4198,WB8,0,0.0,True,60.79570007324219,7.426290035247803,7.60272216796875,7.5588765144348145,6.7149224281311035,8000.0,-2.180640085292204,0.4666546767208326
sweep,4294-14317-0000,test-other,4294,NB8,2,0.125,True,91.5069351196289,8.051512718200684,5.511695384979248,5.879021644592285,9.079730033874512,4781.25,-13.373187928380245,0.6673736662054763
sweep,4294-14317-0000,test-other,4294,WB8,0,0.0,True,37.3089599609375,5.659023284912109,6.117531776428223,6.190845012664795,4.725428581237793,8000.0,1.3736765519289442,0.605535791021027
sweep,4294-14317-0002,test-other,4294,NB8,2,0.125,True,92.75006866455078,8.230531692504883,5.897913932800293,6.234515190124512,9.025603294372559,4687.5,-13.585698429154833,0.6286413726353135
sweep,4294-14317-0002,test-other,4294,WB8,0,0.0,True,38.54172897338867,5.903064250946045,6.405795097351074,6.510326862335205,4.82103157043457,8000.0,2.0851908830560193,0.5957725699392574
sweep,4294-14317-0005,test-other,4294,NB8,2,0.125,True,100.5822525024414,8.859109878540039,5.96951961517334,6.357656478881836,10.21556282043457,4718.75,-13.933860480408072,0.6409935876320959
sweep,4294-14317-0005,test-other,4294,WB8,0,0.0,True,42.205265045166016,6.23322057723999,6.642820358276367,6.75358247756958,5.393224239349365,8000.0,2.067442866465054,0.5498448084180625
sweep,4294-14317-0007,test-other,4294,NB8,2,0.125,True,89.52562713623047,8.307291984558105,5.995397090911865,6.33597469329834,9.267520904541016,4750.0,-14.065528392054134,0.6498237074604738
sweep,4294-14317-0007,test-other,4294,WB8,0,0.0,True,42.485660552978516,6.2085747718811035,6.643957138061523,6.737496852874756,5.315716743469238,8000.0,1.8992356644712394,0.5932695344431608
sweep,4294-14317-0008,test-other,4294,NB8,2,0.125,True,104.31232452392578,8.566317558288574,5.766712665557861,6.088284492492676,9.741382598876953,4687.5,-17.98570552321513,0.667496991414734
sweep,4294-14317-0008,test-other,4294,WB8,0,0.0,True,39.35005187988281,5.946474552154541,6.426869869232178,6.4918532371521,5.005482196807861,8000.0,1.480541847071479,0.5897171252068656
sweep,4294-14317-0009,test-other,4294,NB8,2,0.125,True,85.25657653808594,8.056112289428711,5.809787750244141,6.117217540740967,8.936209678649902,4843.75,-11.630839020448942,0.6361260490276169
sweep,4294-14317-0009,test-other,4294,WB8,0,0.0,True,37.79518127441406,5.838144302368164,6.318606853485107,6.400783061981201,4.868788242340088,8000.0,1.1765223513452148,0.5737267554496575
sweep,4294-14317-0011,test-other,4294,NB8,2,0.125,True,101.23111724853516,8.812236785888672,5.91961145401001,6.294426441192627,10.109756469726562,5000.0,-11.68664112650336,0.6761204978040717
sweep,4294-14317-0011,test-other,4294,WB8,0,0.0,True,39.71924591064453,6.056166648864746,6.319140911102295,6.478933811187744,5.282822608947754,8000.0,0.8670587733524397,0.6346753926747355
sweep,4294-14317-0015,test-other,4294,NB8,2,0.125,True,64.32955169677734,6.855727195739746,5.903426647186279,6.105175971984863,6.645823001861572,4875.0,-11.536405576271422,0.6555614817446822
sweep,4294-14317-0015,test-other,4294,WB8,0,0.0,True,33.697505950927734,5.530066013336182,6.45587682723999,6.487557888031006,3.9139833450317383,8000.0,1.0822541779718646,0.6124604237829088
sweep,4294-14317-0018,test-other,4294,NB8,2,0.125,True,64.79479217529297,6.422591209411621,5.30141019821167,5.530691623687744,6.381113052368164,4875.0,-14.753838375167463,0.5419947439666252
sweep,4294-14317-0018,test-other,4294,WB8,0,0.0,True,31.66348648071289,5.122997283935547,5.927769660949707,5.956863880157471,3.690676689147949,8000.0,1.313177767584314,0.5157067724845837
sweep,4294-32859-0002,test-other,4294,NB8,2,0.125,True,100.8905258178711,8.415090560913086,5.804074287414551,6.164902687072754,9.32981014251709,4937.5,-14.118892469009076,0.6465624404796206
sweep,4294-32859-0002,test-other,4294,WB8,0,0.0,True,40.852745056152344,6.056092262268066,6.535377502441406,6.607372283935547,5.078014850616455,8000.0,2.9150410167588268,0.6097921545369887
sweep,4294-32859-0003,test-other,4294,NB8,2,0.125,True,97.0206069946289,7.847540855407715,5.505662441253662,5.780335903167725,8.4630708694458,4906.25,-14.10603579009244,0.6579359479232487
sweep,4294-32859-0003,test-other,4294,WB8,0,0.0,True,37.258365631103516,5.559693813323975,6.269731044769287,6.251400947570801,4.314963340759277,8000.0,1.4161275564141638,0.6294014038857473
sweep,4294-32859-0005,test-other,4294,NB8,2,0.125,True,106.05818176269531,8.88206672668457,6.039425849914551,6.423871040344238,10.165627479553223,4937.5,-11.006495213268412,0.638708352270638
sweep,4294-32859-0005,test-other,4294,WB8,0,0.0,True,46.10783386230469,6.530794620513916,6.969074249267578,6.9974365234375,5.749965190887451,8000.0,2.2451852999514967,0.5707603211420708
sweep,4294-35475-0002,test-other,4294,NB8,2,0.125,True,71.54509735107422,6.251272201538086,4.949161529541016,5.113368034362793,5.809755325317383,4687.5,-14.322355998102179,0.6024378447868265
sweep,4294-35475-0002,test-other,4294,WB8,0,0.0,True,29.802574157714844,4.908024311065674,5.823734760284424,5.7612409591674805,3.114107370376587,8000.0,3.7803896483898285,0.5485779440342688
sweep,4294-35475-0004,test-other,4294,NB8,2,0.125,True,57.04026794433594,6.145017623901367,5.221868515014648,5.435883522033691,5.647817611694336,5000.0,-6.654871317046462,0.6381372739827729
sweep,4294-35475-0004,test-other,4294,WB8,0,0.0,True,28.88842010498047,4.951116561889648,5.8768815994262695,5.787567138671875,3.263995885848999,8000.0,2.22898036349582,0.5900074508073166
sweep,4294-35475-0007,test-other,4294,NB8,2,0.125,True,75.68333435058594,7.293064594268799,5.565001010894775,5.878770351409912,7.471963882446289,4812.5,-9.248908324465447,0.5826751178028367
sweep,4294-35475-0007,test-other,4294,WB8,0,0.0,True,38.208621978759766,5.792336463928223,6.446187496185303,6.4737467765808105,4.48737907409668,8000.0,2.5487097110543337,0.5249093215103495
sweep,4294-35475-0011,test-other,4294,NB8,2,0.125,True,67.99433898925781,6.514225959777832,5.41658878326416,5.57650899887085,6.1165852546691895,4968.75,-11.25177324811002,0.6583297690064878
sweep,4294-35475-0011,test-other,4294,WB8,0,0.0,True,33.45325469970703,5.3451361656188965,6.3838210105896,6.284402847290039,3.552342653274536,8000.0,2.4437117446655736,0.5742895786065754
sweep,4294-35475-0020,test-other,4294,NB8,2,0.125,True,53.076194763183594,5.423854351043701,4.425904273986816,4.53597354888916,5.252843379974365,4875.0,-10.726447758179159,0.6491748099618947
sweep,4294-35475-0020,test-other,4294,WB8,0,0.0,True,26.76336097717285,4.428034782409668,5.131211280822754,5.044125556945801,3.150947093963623,8000.0,0.9942734004965382,0.5981302978466205
sweep,4294-35475-0023,test-other,4294,NB8,2,0.125,True,53.27822494506836,5.886987686157227,4.97912073135376,5.181910514831543,5.533703327178955,4937.5,-11.673179577620301,0.6144358344572565
sweep,4294-35475-0023,test-other,4294,WB8,0,0.0,True,30.104206085205078,5.041169166564941,5.995183944702148,5.9020185470581055,3.401374340057373,8000.0,0.7155052465769549,0.5547736480352344
sweep,4294-35475-0024,test-other,4294,NB8,2,0.125,True,41.367027282714844,5.266129016876221,5.053451061248779,5.1437859535217285,4.267257213592529,4875.0,-15.683047146817167,0.6635634429041041
sweep,4294-35475-0024,test-other,4294,WB8,0,0.0,True,25.463632583618164,4.643340110778809,5.76261568069458,5.665809631347656,2.6762166023254395,8000.0,-1.7920904641877458,0.6464377817872065
sweep,4294-9934-0001,test-other,4294,NB8,2,0.125,True,46.20867156982422,5.234369277954102,4.509720802307129,4.76186466217041,4.963875770568848,4875.0,-5.868292383762666,0.6403370432122907
sweep,4294-9934-0001,test-other,4294,WB8,0,0.0,True,29.364727020263672,4.651607990264893,5.3085222244262695,5.282894134521484,3.4823498725891113,8000.0,2.153121954489409,0.5553740575151083
sweep,4294-9934-0006,test-other,4294,NB8,2,0.125,True,70.18064880371094,6.64296817779541,4.967270851135254,5.2645368576049805,6.96883487701416,4812.5,-12.018980543991514,0.648265599960694
sweep,4294-9934-0006,test-other,4294,WB8,0,0.0,True,36.23793029785156,5.40995454788208,6.000275611877441,6.056615352630615,4.229298114776611,8000.0,2.4030727440883433,0.5650853744215812
sweep,4294-9934-0013,test-other,4294,NB8,2,0.125,True,36.765743255615234,4.667759418487549,4.101864337921143,4.242308139801025,4.430957317352295,4937.5,-13.152347189495403,0.7010701535708093
sweep,4294-9934-0013,test-other,4294,WB8,0,0.0,True,24.216861724853516,4.1054582595825195,4.840460777282715,4.7828521728515625,2.9555320739746094,8000.0,-1.692882677540195,0.659774988574933
sweep,4294-9934-0014,test-other,4294,NB8,2,0.125,True,36.45732498168945,4.326889514923096,3.4330825805664062,3.7819697856903076,4.178323268890381,4968.75,-9.77077154560369,0.7067140378001561
sweep,4294-9934-0014,test-other,4294,WB8,0,0.0,True,22.452434539794922,3.760429859161377,4.016470432281494,4.0514092445373535,2.9716880321502686,8000.0,0.8144253961774013,0.67521173458388
sweep,4294-9934-0015,test-other,4294,NB8,2,0.125,True,58.812034606933594,5.9708709716796875,4.4120025634765625,4.724955081939697,6.342574119567871,4781.25,-13.148347515725007,0.625041059115724
sweep,4294-9934-0015,test-other,4294,WB8,0,0.0,True,29.28668785095215,4.691020488739014,5.182281494140625,5.282702922821045,3.6576900482177734,8000.0,2.1420966025615784,0.5499753672108716
sweep,4294-9934-0016,test-other,4294,NB8,2,0.125,True,45.16615676879883,4.943884372711182,3.9953463077545166,4.122646331787109,5.022789001464844,4968.75,-12.543886605136683,0.600076603298063
sweep,4294-9934-0016,test-other,4294,WB8,0,0.0,True,29.691801071166992,4.372494697570801,4.931042194366455,4.890866756439209,3.3374717235565186,8000.0,2.2263692111880635,0.5489438632995403
sweep,4294-9934-0022,test-other,4294,NB8,2,0.125,True,58.68001937866211,6.208464622497559,5.153842449188232,5.463249683380127,6.0037407875061035,5000.0,-9.958417193028136,0.5757906514232012
sweep,4294-9934-0022,test-other,4294,WB8,0,0.0,True,38.43954849243164,5.554773330688477,6.0087504386901855,6.1046462059021,4.476634502410889,8000.0,4.954667171436747,0.5651511544397421
sweep,4294-9934-0025,test-other,4294,NB8,2,0.125,True,134.46636962890625,9.334826469421387,5.957046985626221,6.282842636108398,10.685430526733398,4687.5,-14.928118473230663,0.501238973129206
sweep,4294-9934-0025,test-other,4294,WB8,0,0.0,True,50.360416412353516,6.610637187957764,6.960867404937744,7.009193420410156,5.8503594398498535,8000.0,2.6599381862721003,0.4499648287427026
sweep,4294-9934-0026,test-other,4294,NB8,2,0.125,True,88.04553985595703,7.9423017501831055,5.478508472442627,5.863589763641357,8.940308570861816,4781.25,-15.90155114124534,0.6768765393768612
sweep,4294-9934-0026,test-other,4294,WB8,0,0.0,True,38.82566452026367,5.758664131164551,6.269270896911621,6.370049476623535,4.750999450683594,8000.0,1.8686073042933407,0.6040344680609573
sweep,4294-9934-0027,test-other,4294,NB8,2,0.125,True,71.01289367675781,6.673253059387207,4.986438274383545,5.296002388000488,6.976688385009766,4750.0,-15.267534020615045,0.6686009414037122
sweep,4294-9934-0027,test-other,4294,WB8,0,0.0,True,36.25929260253906,5.452482223510742,6.136205673217773,6.1476311683654785,4.22411584854126,8000.0,1.8328195494211408,0.570401100943553
sweep,4294-9934-0028,test-other,4294,NB8,2,0.125,True,63.038124084472656,6.716777324676514,5.266275405883789,5.667189598083496,6.843954563140869,4843.75,-11.104396289127713,0.6509021944328975
sweep,4294-9934-0028,test-other,4294,WB8,0,0.0,True,38.1588249206543,5.729310989379883,6.427700996398926,6.499763488769531,4.409831523895264,8000.0,4.481731054808165,0.5365802464612608
sweep,4350-10919-0008,test-other,4350,NB8,2,0.125,True,118.48394775390625,9.349508285522461,6.477546691894531,6.704911708831787,10.590947151184082,4281.25,-22.189081757846452,0.5364749095903018
sweep,4350-10919-0008,test-other,4350,WB8,0,0.0,True,45.978759765625,6.6358489990234375,7.098398208618164,7.176324367523193,5.874028205871582,8000.0,3.1172533389885784,0.49805074912245606
sweep,4350-10919-0009,test-other,4350,NB8,2,0.125,True,128.1334991455078,9.914414405822754,6.877383708953857,7.11839485168457,11.402205467224121,4562.5,-23.747311744629073,0.5568742911395254
sweep,4350-10919-0009,test-other,4350,WB8,0,0.0,True,50.58677291870117,7.024949550628662,7.2279863357543945,7.33861780166626,6.5986127853393555,8000.0,2.0432133590910393,0.5179074281315263
sweep,4350-10919-0014,test-other,4350,NB8,2,0.125,True,93.76605224609375,8.502249717712402,6.691719055175781,6.851465225219727,8.948204040527344,4875.0,-16.673292183521625,0.5184315522897386
sweep,4350-10919-0014,test-other,4350,WB8,0,0.0,True,44.884952545166016,6.567681312561035,7.1757731437683105,7.215506076812744,5.609925270080566,8000.0,2.584938320045792,0.4893588361470373
sweep,4350-10919-0016,test-other,4350,NB8,2,0.125,True,122.36048889160156,9.761735916137695,6.754759311676025,7.075665473937988,11.202707290649414,4781.25,-15.30467501573405,0.5112841424865755
sweep,4350-10919-0016,test-other,4350,WB8,0,0.0,True,52.71396255493164,7.156163692474365,7.324527263641357,7.476540565490723,6.709141254425049,8000.0,2.6196089598312895,0.44360676844294444
sweep,4350-10919-0017,test-other,4350,NB8,2,0.125,True,85.4581298828125,8.251845359802246,7.0563578605651855,7.334226608276367,8.423798561096191,5000.0,-11.221374858338526,0.4791179272990604
sweep,4350-10919-0017,test-other,4350,WB8,0,0.0,True,49.13734817504883,6.901928424835205,7.491189956665039,7.523723602294922,6.081940650939941,8000.0,4.988195074636142,0.43057278214462447
sweep,4350-10919-0022,test-other,4350,NB8,2,0.125,True,40.13581466674805,6.083885669708252,6.601868629455566,6.781152725219727,4.788471698760986,5062.5,-3.068543974955553,0.5442381042564863
sweep,4350-10919-0022,test-other,4350,WB8,0,0.0,True,35.70725631713867,5.902496337890625,6.86815071105957,6.8780999183654785,4.495401382446289,8000.0,-0.3385611482684373,0.5466749267153367
sweep,4350-10919-0025,test-other,4350,NB8,2,0.125,True,116.67434692382812,9.592324256896973,6.826382160186768,7.17259407043457,10.858607292175293,4718.75,-16.976535905922113,0.5289464843806664
sweep,4350-10919-0025,test-other,4350,WB8,0,0.0,True,51.041343688964844,7.063220500946045,7.266257286071777,7.337489604949951,6.608695983886719,8000.0,0.6533791533544148,0.4841129064323417
sweep,4350-10919-0026,test-other,4350,NB8,2,0.125,True,164.47840881347656,10.792292594909668,6.9376420974731445,7.183785915374756,12.61860466003418,4500.0,-26.056859970626938,0.5235386625047035
sweep,4350-10919-0026,test-other,4350,WB8,0,0.0,True,52.98509979248047,7.185198783874512,7.453741073608398,7.5166449546813965,6.73729133605957,8000.0,2.507954916674579,0.4585084461508336
sweep,4350-10919-0027,test-other,4350,NB8,2,0.125,True,111.66280364990234,8.921148300170898,6.755436897277832,6.9632039070129395,9.688752174377441,4531.25,-23.439691699961838,0.5373711893325192
sweep,4350-10919-0027,test-other,4350,WB8,0,0.0,True,45.105369567871094,6.6226701736450195,6.963065147399902,7.030711650848389,6.039092063903809,8000.0,1.2908437912365929,0.5399357357849465
sweep,4350-10919-0028,test-other,4350,NB8,2,0.125,True,55.93964385986328,6.380088806152344,6.080183506011963,6.152271270751953,5.461112022399902,4750.0,-16.261483032815516,0.5177879883338249
sweep,4350-10919-0028,test-other,4350,WB8,0,0.0,True,34.184715270996094,5.601709365844727,6.60355806350708,6.557491302490234,3.9847609996795654,8000.0,2.3640456613042953,0.5002980249539691
sweep,4350-10919-0033,test-other,4350,NB8,2,0.125,True,41.41107940673828,5.876935005187988,6.369894981384277,6.489889144897461,4.168386459350586,4906.25,-8.87851338104589,0.4857505829701956
sweep,4350-10919-0033,test-other,4350,WB8,0,0.0,True,35.01277160644531,5.737645149230957,6.997809886932373,6.956805229187012,3.6949808597564697,8000.0,2.949100078070048,0.46955500555380797
sweep,4350-9170-0000,test-other,4350,NB8,2,0.125,True,155.09051513671875,10.887423515319824,6.725310325622559,7.086280345916748,13.100643157958984,4656.25,-20.66123252807167,0.6125698754067515
sweep,4350-9170-0000,test-other,4350,WB8,0,0.0,True,53.736934661865234,7.268248558044434,7.150215148925781,7.372587203979492,7.079155921936035,8000.0,1.4449876679682645,0.5796787158316913
sweep,4350-9170-0002,test-other,4350,NB8,2,0.125,True,113.05010223388672,9.11440372467041,6.437081336975098,6.748115062713623,10.248674392700195,4406.25,-22.555128159356638,0.6244426676154953
sweep,4350-9170-0002,test-other,4350,WB8,0,0.0,True,45.622520446777344,6.652347564697266,6.859416961669922,7.054420471191406,6.084690093994141,8000.0,1.6327518253316216,0.6070266204151356
sweep,4350-9170-0006,test-other,4350,NB8,2,0.125,True,91.3907470703125,8.395233154296875,6.388197422027588,6.830896377563477,9.084217071533203,4875.0,-14.241958503331158,0.6294502245760454
sweep,4350-9170-0006,test-other,4350,WB8,0,0.0,True,43.83012390136719,6.53742790222168,6.832279205322266,6.9839701652526855,5.942155838012695,8000.0,2.066185188444527,0.5734322919544854
sweep,4350-9170-0009,test-other,4350,NB8,2,0.125,True,79.50010681152344,7.823698043823242,6.33965539932251,6.709286212921143,8.07937240600586,4812.5,-15.542056469828795,0.6276255530270325
sweep,4350-9170-0009,test-other,4350,WB8,0,0.0,True,40.414798736572266,6.271225452423096,6.68994140625,6.817884922027588,5.507130146026611,8000.0,1.9462748923909015,0.6154727204153988
sweep,4350-9170-0014,test-other,4350,NB8,2,0.125,True,140.2861785888672,9.999688148498535,6.686332702636719,6.966453552246094,11.553460121154785,4468.75,-24.15827781831529,0.5953338009757921
sweep,4350-9170-0014,test-other,4350,WB8,0,0.0,True,48.59288024902344,6.879464626312256,7.049164295196533,7.216434001922607,6.42357873916626,8000.0,2.1637214351104603,0.5435212253290103
sweep,4350-9170-0017,test-other,4350,NB8,2,0.125,True,136.06781005859375,10.0994873046875,6.90916633605957,7.166014671325684,11.6482515335083,4750.0,-20.886325527744237,0.5884462529911416
sweep,4350-9170-0017,test-other,4350,WB8,0,0.0,True,49.8162841796875,6.976137638092041,7.172848701477051,7.2833662033081055,6.574201583862305,8000.0,1.8375093152572064,0.5316447613080412
sweep,4350-9170-0019,test-other,4350,NB8,2,0.125,True,108.73064422607422,9.011946678161621,6.650857925415039,6.9479899406433105,10.037418365478516,4625.0,-19.41266996896973,0.587574224568038
sweep,4350-9170-0019,test-other,4350,WB8,0,0.0,True,46.6555061340332,6.748558521270752,6.982490062713623,7.095160961151123,6.279009819030762,8000.0,2.1145665791820973,0.5393760616588283
sweep,4350-9170-0027,test-other,4350,NB8,2,0.125,True,84.71031188964844,8.173126220703125,6.652162551879883,7.012499809265137,8.592317581176758,4687.5,-19.30403089482772,0.6560310155402846
sweep,4350-9170-0027,test-other,4350,WB8,0,0.0,True,43.75350570678711,6.548095703125,7.033549785614014,7.144701957702637,5.779242992401123,8000.0,2.2801525347328693,0.6331674845644927
sweep,4350-9170-0030,test-other,4350,NB8,2,0.125,True,131.79872131347656,9.840648651123047,6.761575698852539,7.157859802246094,11.31729507446289,4468.75,-23.667283951614955,0.5914874943935561
sweep,4350-9170-0030,test-other,4350,WB8,0,0.0,True,48.9215087890625,6.919897079467773,7.109029769897461,7.221980571746826,6.5232954025268555,8000.0,0.847414676547818,0.5510307221940649
sweep,4350-9170-0031,test-other,4350,NB8,2,0.125,True,150.6663818359375,10.518250465393066,6.667442798614502,7.018784999847412,12.499913215637207,4437.5,-20.48343862213421,0.5842248105406241
sweep,4350-9170-0031,test-other,4350,WB8,0,0.0,True,50.61980438232422,7.052349090576172,7.080392360687256,7.246384620666504,6.771923065185547,8000.0,2.394492826204939,0.558735459312306
sweep,4350-9170-0039,test-other,4350,NB8,2,0.125,True,84.81100463867188,7.896901607513428,6.470068454742432,6.691667556762695,8.238373756408691,4343.75,-21.986053942329118,0.5996768463983545
sweep,4350-9170-0039,test-other,4350,WB8,0,0.0,True,41.1649055480957,6.325644493103027,6.780405521392822,6.865728378295898,5.6255388259887695,8000.0,1.3366028642761019,0.6056920458727026
sweep,4350-9170-0040,test-other,4350,NB8,2,0.125,True,84.17530059814453,7.797481536865234,6.4330925941467285,6.602921485900879,8.104291915893555,4250.0,-23.83091861118663,0.6254651453641532
sweep,4350-9170-0040,test-other,4350,WB8,0,0.0,True,40.985816955566406,6.306217670440674,6.843715667724609,6.984692573547363,5.434012413024902,8000.0,1.7122610690013016,0.6068123228804537
sweep,4350-9170-0046,test-other,4350,NB8,2,0.125,True,110.58152770996094,8.820425987243652,6.5025458335876465,6.710691452026367,9.605908393859863,4562.5,-19.52892709189318,0.5656274512881161
sweep,4350-9170-0046,test-other,4350,WB8,0,0.0,True,44.59789276123047,6.5530853271484375,7.067049503326416,7.097156047821045,5.797970294952393,8000.0,1.756515659886039,0.4968745519683008
sweep,4350-9170-0047,test-other,4350,NB8,2,0.125,True,88.02577209472656,8.458517074584961,6.648352146148682,6.928187370300293,9.301910400390625,4812.5,-17.527184350080788,0.6081552787343312
sweep,4350-9170-0047,test-other,4350,WB8,0,0.0,True,46.645896911621094,6.770702362060547,6.94602108001709,7.067244052886963,6.369633197784424,8000.0,1.595892462517179,0.5654748228683696
sweep,4350-9170-0048,test-other,4350,NB8,2,0.125,True,97.83477783203125,8.538605690002441,6.473567008972168,6.719630241394043,9.220958709716797,4781.25,-19.82028719530753,0.621832959922578
sweep,4350-9170-0048,test-other,4350,WB8,0,0.0,True,43.42296600341797,6.463591575622559,6.873327255249023,6.961434841156006,5.740396976470947,8000.0,1.8122855836757283,0.5669899592245857
sweep,4350-9170-0052,test-other,4350,NB8,2,0.125,True,114.61128234863281,9.247598648071289,6.575883388519287,6.938553810119629,10.400677680969238,4781.25,-19.28784940978848,0.6358524682904779
sweep,4350-9170-0052,test-other,4350,WB8,0,0.0,True,48.00595474243164,6.835270404815674,7.0920634269714355,7.239467620849609,6.294116020202637,8000.0,2.084347778356534,0.5761049737916046
sweep,4350-9170-0053,test-other,4350,NB8,2,0.125,True,127.91226196289062,9.781652450561523,6.672821044921875,7.002796173095703,11.220579147338867,4656.25,-15.117010710898743,0.5753035141334388
sweep,4350-9170-0053,test-other,4350,WB8,0,0.0,True,49.364200592041016,6.934734344482422,7.161358833312988,7.233558177947998,6.5030598640441895,8000.0,2.701226429858448,0.5021569163545824
sweep,4350-9170-0056,test-other,4350,NB8,2,0.125,True,114.59510803222656,9.089962005615234,6.505030155181885,6.775613784790039,10.141188621520996,4625.0,-19.835257289395358,0.6343611668513506
sweep,4350-9170-0056,test-other,4350,WB8,0,0.0,True,44.28311538696289,6.555823802947998,6.8821916580200195,6.990856170654297,5.967910289764404,8000.0,1.4216494972260365,0.6078512605737019
sweep,4350-9170-0060,test-other,4350,NB8,2,0.125,True,89.17867279052734,7.8604631423950195,6.4368696212768555,6.582047462463379,7.9545979499816895,4562.5,-23.849266004096428,0.5777532566762743
sweep,4350-9170-0060,test-other,4350,WB8,0,0.0,True,38.226715087890625,6.068606376647949,6.738648891448975,6.804724216461182,5.013494491577148,8000.0,1.7301228649696074,0.5876470899385569
sweep,4852-28311-0000,test-other,4852,NB8,2,0.125,True,143.05850219726562,8.994447708129883,5.116985321044922,5.271276473999023,10.625168800354004,4718.75,-14.032318779178755,0.5429518324546515
sweep,4852-28311-0000,test-other,4852,WB8,0,0.0,True,40.2552375793457,5.3956074714660645,5.706766128540039,5.625779151916504,4.5909576416015625,8000.0,1.493486395735848,0.4977575781805506
sweep,4852-28311-0016,test-other,4852,NB8,2,0.125,True,121.43869018554688,9.75803279876709,6.478637218475342,6.817166328430176,11.091312408447266,4656.25,-12.460395639078815,0.5873683535218241
sweep,4852-28311-0016,test-other,4852,WB8,0,0.0,True,51.68879318237305,7.006751537322998,7.25786828994751,7.361509323120117,6.180402755737305,8000.0,2.4813129929800333,0.5355964999774733
sweep,4852-28311-0019,test-other,4852,NB8,2,0.125,True,109.80847930908203,9.156386375427246,6.528452396392822,6.887182235717773,10.011381149291992,4687.5,-13.53897204381591,0.6056508117795082
sweep,4852-28311-0019,test-other,4852,WB8,0,0.0,True,48.464149475097656,6.756478786468506,7.246476173400879,7.326324939727783,5.700621128082275,8000.0,2.5409508303254325,0.5255682820772333
sweep,4852-28311-0021,test-other,4852,NB8,2,0.125,True,125.43946838378906,10.111637115478516,6.403205871582031,6.811013698577881,11.861499786376953,4656.25,-9.7367979578447,0.5606282255959649
sweep,4852-28311-0021,test-other,4852,WB8,0,0.0,True,53.28268814086914,7.088901996612549,7.11750602722168,7.359460353851318,6.466089248657227,8000.0,1.140386113338678,0.5250926625276086
sweep,4852-28311-0022,test-other,4852,NB8,2,0.125,True,112.40912628173828,9.255228042602539,6.552109241485596,6.831628322601318,10.181882858276367,4687.5,-14.689692574050902,0.5444548074288991
sweep,4852-28311-0022,test-other,4852,WB8,0,0.0,True,48.85902786254883,6.77050256729126,7.268066883087158,7.339229583740234,5.68442440032959,8000.0,1.957083599543628,0.4716108739851246
sweep,4852-28311-0023,test-other,4852,NB8,2,0.125,True,123.95586395263672,9.851003646850586,6.493832111358643,6.849695682525635,11.300532341003418,4687.5,-10.31051125985649,0.5874561282698342
sweep,4852-28311-0023,test-other,4852,WB8,0,0.0,True,51.079750061035156,6.972082138061523,7.173920154571533,7.281487464904785,6.230451583862305,8000.0,2.1594737011619065,0.5356055789947456
sweep,4852-28312-0001,test-other,4852,NB8,2,0.125,True,104.61518859863281,9.110342025756836,6.605416297912598,6.993940830230713,9.979639053344727,4687.5,-11.497559780742543,0.5865475125025167
sweep,4852-28312-0001,test-other,4852,WB8,0,0.0,True,51.95561981201172,7.007519721984863,7.382147789001465,7.515708923339844,6.0828166007995605,8000.0,1.5629720322055405,0.5208095748251181
sweep,4852-28312-0008,test-other,4852,NB8,2,0.125,True,117.7737045288086,8.55540657043457,6.246638298034668,6.39191198348999,8.888111114501953,4656.25,-14.619156507806395,0.5290773155945613
sweep,4852-28312-0008,test-other,4852,WB8,0,0.0,True,39.89011764526367,6.00788688659668,6.6704583168029785,6.705063819885254,4.747657299041748,8000.0,1.571574114650128,0.5307422929332568
sweep,4852-28312-0011,test-other,4852,NB8,2,0.125,True,163.1741485595703,10.467463493347168,6.966550350189209,7.120293617248535,11.552164077758789,4437.5,-14.574791513202152,0.5350402399211113
sweep,4852-28312-0011,test-other,4852,WB8,0,0.0,True,49.562217712402344,6.8237786293029785,7.576355934143066,7.587573528289795,5.4952545166015625,8000.0,1.2850662427149588,0.4742027670234069
sweep,4852-28312-0016,test-other,4852,NB8,2,0.125,True,162.41197204589844,10.927423477172852,6.749091148376465,6.991429805755615,12.676568984985352,4718.75,-9.589382813372149,0.541402533582537
sweep,4852-28312-0016,test-other,4852,WB8,0,0.0,True,55.41405487060547,7.160971641540527,7.608160495758057,7.713767051696777,6.1637864112854,8000.0,2.7416560216075982,0.45178920533231676
sweep,4852-28312-0019,test-other,4852,NB8,2,0.125,True,101.25515747070312,8.567296028137207,6.05754280090332,6.391112327575684,9.304774284362793,4812.5,-12.358059413595262,0.6236723322706748
sweep,4852-28312-0019,test-other,4852,WB8,0,0.0,True,45.24502944946289,6.420650482177734,6.761982440948486,6.90254020690918,5.342091083526611,8000.0,0.6708030074320857,0.5841031159587097
sweep,4852-28312-0025,test-other,4852,NB8,2,0.125,True,230.66082763671875,13.015670776367188,6.854090213775635,7.290317535400391,15.941444396972656,4593.75,-16.87611897253799,0.5752926314773299
sweep,4852-28312-0025,test-other,4852,WB8,0,0.0,True,58.48960494995117,7.489023685455322,7.396894454956055,7.544134140014648,7.1731462478637695,8000.0,2.1300356595404097,0.5466386389437415
sweep,4852-28312-0027,test-other,4852,NB8,2,0.125,True,151.51840209960938,10.525673866271973,6.36427116394043,6.693662643432617,12.430118560791016,4593.75,-13.545487155441835,0.601133213678895
sweep,4852-28312-0027,test-other,4852,WB8,0,0.0,True,53.2459831237793,6.956785678863525,7.046120643615723,7.18752908706665,6.330958843231201,8000.0,2.680102348850263,0.534075668692814
sweep,4852-28319-0000,test-other,4852,NB8,2,0.125,True,144.2246856689453,10.88344669342041,6.8304290771484375,7.193896770477295,12.814840316772461,4812.5,-11.869215992987932,0.5517468279849357
sweep,4852-28319-0000,test-other,4852,WB8,0,0.0,True,54.92589569091797,7.2541680335998535,7.431747913360596,7.508160591125488,6.722680568695068,8000.0,1.7626983311972428,0.5367567655171805
sweep,4852-28319-0001,test-other,4852,NB8,2,0.125,True,134.213134765625,10.340814590454102,6.641706943511963,6.982870101928711,12.122289657592773,4656.25,-15.342866742698382,0.6065937995261879
sweep,4852-28319-0001,test-other,4852,WB8,0,0.0,True,53.7647819519043,7.1791090965271,7.539352893829346,7.596124649047852,6.453165054321289,8000.0,2.967164968372629,0.5089064483806297
sweep,4852-28319-0003,test-other,4852,NB8,2,0.125,True,100.92755889892578,8.543413162231445,6.237518787384033,6.532352924346924,9.100323677062988,4687.5,-15.011351171016807,0.6060150719364323
sweep,4852-28319-0003,test-other,4852,WB8,0,0.0,True,43.377803802490234,6.335700988769531,7.031766891479492,7.004304885864258,5.088014602661133,8000.0,2.505022056908069,0.5475147506663147
sweep,4852-28319-0005,test-other,4852,NB8,2,0.125,True,122.578125,9.616414070129395,6.429152488708496,6.671283721923828,10.850916862487793,4687.5,-11.274822554411587,0.5791245033211021
sweep,4852-28319-0005,test-other,4852,WB8,0,0.0,True,48.55142593383789,6.676052570343018,7.24929141998291,7.242334365844727,5.5897746086120605,8000.0,0.9278308888415334,0.5142808532521683
sweep,4852-28319-0009,test-other,4852,NB8,2,0.125,True,181.4475555419922,11.858369827270508,6.556842803955078,6.908021450042725,14.466139793395996,4687.5,-15.68587904137489,0.6146982654894592
sweep,4852-28319-0009,test-other,4852,WB8,0,0.0,True,51.99829864501953,7.010861396789551,7.030683994293213,7.1226911544799805,6.554171085357666,8000.0,1.1150573991838295,0.5893726783676095
sweep,4852-28319-0011,test-other,4852,NB8,2,0.125,True,101.01587677001953,8.724640846252441,6.23776388168335,6.598661422729492,9.44616985321045,4656.25,-12.749986924990178,0.5987659926057317
sweep,4852-28319-0011,test-other,4852,WB8,0,0.0,True,45.40945816040039,6.5258636474609375,7.124517440795898,7.148466110229492,5.364541530609131,8000.0,1.7011297194489745,0.5406050288371284
sweep,4852-28319-0019,test-other,4852,NB8,2,0.125,True,99.34443664550781,8.589643478393555,6.322787761688232,6.591721534729004,9.242353439331055,4656.25,-14.065831141529664,0.5894789890008172
sweep,4852-28319-0019,test-other,4852,WB8,0,0.0,True,44.08076095581055,6.391043186187744,7.07937479019165,7.039671897888184,5.197962760925293,8000.0,2.112917166441331,0.519936382176028
sweep,4852-28319-0022,test-other,4852,NB8,2,0.125,True,127.47449493408203,9.875521659851074,6.772617816925049,7.088724613189697,11.150435447692871,4625.0,-12.909353764361665,0.5770606035800597
sweep,4852-28319-0022,test-other,4852,WB8,0,0.0,True,53.251888275146484,7.155432224273682,7.749265670776367,7.756464004516602,6.179331302642822,8000.0,2.222807039348473,0.4801459968486113
sweep,4852-28319-0024,test-other,4852,NB8,2,0.125,True,107.89837646484375,9.15886402130127,6.584353923797607,6.8363518714904785,10.077740669250488,4781.25,-10.565768384899082,0.5905430999856012
sweep,4852-28319-0024,test-other,4852,WB8,0,0.0,True,49.01127243041992,6.83362340927124,7.475062370300293,7.426045894622803,5.745901107788086,8000.0,2.259835275343596,0.5229381444066618
sweep,4852-28330-0001,test-other,4852,NB8,2,0.125,True,145.00843811035156,10.521611213684082,6.569800853729248,6.901128768920898,12.345136642456055,4718.75,-13.799223836973766,0.6000750412694033
sweep,4852-28330-0001,test-other,4852,WB8,0,0.0,True,53.19507598876953,7.142685890197754,7.526280879974365,7.553194046020508,6.388717174530029,8000.0,2.22811822848894,0.5299808838012631
sweep,4852-28330-0002,test-other,4852,NB8,2,0.125,True,137.4790802001953,10.274417877197266,6.653400897979736,6.934176921844482,11.821795463562012,4750.0,-12.600855117763723,0.5538940928587192
sweep,4852-28330-0002,test-other,4852,WB8,0,0.0,True,52.095794677734375,7.02113151550293,7.47253942489624,7.4674835205078125,6.192240238189697,8000.0,1.9662655979618695,0.4903463516106795
sweep,4852-28330-0010,test-other,4852,NB8,2,0.125,True,154.26473999023438,10.751311302185059,6.740586280822754,7.093657493591309,12.466116905212402,4531.25,-14.560136889373897,0.5694248495627939
sweep,4852-28330-0010,test-other,4852,WB8,0,0.0,True,50.60498809814453,6.990505218505859,7.388472080230713,7.4501566886901855,6.219981670379639,8000.0,1.789654762030458,0.5076843565679647
sweep,4852-28330-0013,test-other,4852,NB8,2,0.125,True,119.82954406738281,9.255032539367676,6.5175628662109375,6.826239585876465,10.029001235961914,4562.5,-18.121905612242102,0.5955761147330153
sweep,4852-28330-0013,test-other,4852,WB8,0,0.0,True,44.59856414794922,6.486692428588867,7.08130407333374,7.1039814949035645,5.389132976531982,8000.0,2.4690421729688476,0.547848018725801
sweep,4852-28330-0015,test-other,4852,NB8,2,0.125,True,216.22959899902344,12.882375717163086,6.935859680175781,7.302831172943115,15.957982063293457,4562.5,-14.026422071966916,0.5488544934972125
sweep,4852-28330-0015,test-other,4852,WB8,0,0.0,True,59.72469711303711,7.585875511169434,7.63067626953125,7.7193732261657715,7.236994743347168,8000.0,2.2011901884225042,0.4974858952623683
sweep,4852-28330-0016,test-other,4852,NB8,2,0.125,True,177.09820556640625,11.17977523803711,6.584364414215088,6.771937847137451,13.169029235839844,4656.25,-15.430742316490553,0.5297642427152887
sweep,4852-28330-0016,test-other,4852,WB8,0,0.0,True,51.70533752441406,6.939911365509033,7.434345722198486,7.422486305236816,5.998692035675049,8000.0,3.0301600254979966,0.47286981852388554
sweep,4852-28330-0023,test-other,4852,NB8,2,0.125,True,120.98993682861328,9.602102279663086,6.380518913269043,6.731036186218262,10.910826683044434,4656.25,-12.786559257728962,0.5658677942300839
sweep,4852-28330-0023,test-other,4852,WB8,0,0.0,True,48.1873664855957,6.7529401779174805,7.231752872467041,7.268040180206299,5.808222770690918,8000.0,2.3434472564257565,0.5027104364482926
sweep,4852-28330-0025,test-other,4852,NB8,2,0.125,True,212.3540802001953,13.06302547454834,6.770924091339111,7.196375846862793,16.349822998046875,4656.25,-13.64144428352908,0.5649468489057526
sweep,4852-28330-0025,test-other,4852,WB8,0,0.0,True,58.05065155029297,7.528450965881348,7.534298419952393,7.554245948791504,7.316290378570557,8000.0,1.2648301616824522,0.5234926723250174
sweep,5442-32873-0000,test-other,5442,NB8,2,0.125,True,30.4571533203125,4.853510856628418,5.926608085632324,5.849594593048096,2.654900074005127,4812.5,-13.760372708464532,0.5473151042375431
sweep,5442-32873-0000,test-other,5442,WB8,0,0.0,True,37.318206787109375,5.577577590942383,7.140584945678711,7.022453308105469,3.1193294525146484,8000.0,-0.9518819231567119,0.3890822479679356
sweep,5442-32873-0001,test-other,5442,NB8,2,0.125,True,47.69831466674805,5.320072174072266,5.333436965942383,5.213869571685791,4.253383159637451,4625.0,-14.023046689580047,0.48481543119825543
sweep,5442-32873-0001,test-other,5442,WB8,0,0.0,True,36.44780731201172,5.216436862945557,6.624980449676514,6.438417434692383,3.126038074493408,8000.0,5.631928439094359,0.34147156332254236
sweep,5442-32873-0006,test-other,5442,NB8,2,0.125,True,49.143802642822266,5.53758430480957,5.357557773590088,5.26845121383667,4.686838626861572,4562.5,-17.010047893052494,0.5408310837448174
sweep,5442-32873-0006,test-other,5442,WB8,0,0.0,True,35.11162185668945,5.25784158706665,6.623339653015137,6.489641189575195,3.200378179550171,8000.0,3.4869710073298474,0.3875343193297588
sweep,5442-32873-0010,test-other,5442,NB8,2,0.125,True,47.483985900878906,5.48621129989624,5.428699493408203,5.317211627960205,4.633392810821533,4406.25,-19.877561594747167,0.5547761932034195
sweep,5442-32873-0010,test-other,5442,WB8,0,0.0,True,33.02851486206055,5.075089931488037,6.364211559295654,6.2617316246032715,3.1058778762817383,8000.0,2.157016337027857,0.4262283125996518
sweep,5442-32873-0014,test-other,5442,NB8,2,0.125,True,47.05872344970703,5.475292205810547,5.539731502532959,5.414427280426025,4.274134635925293,4406.25,-20.31580074155847,0.5249603571778763
sweep,5442-32873-0014,test-other,5442,WB8,0,0.0,True,37.325653076171875,5.494775295257568,6.9467668533325195,6.808841228485107,3.2313482761383057,8000.0,4.317350892560463,0.38869452807665755
sweep,5442-32873-0015,test-other,5442,NB8,2,0.125,True,50.74965286254883,5.718762397766113,5.467766284942627,5.438328742980957,4.937561988830566,4500.0,-19.18639536282829,0.5733326348371588
sweep,5442-32873-0015,test-other,5442,WB8,0,0.0,True,36.04823684692383,5.395769119262695,6.702245712280273,6.5900797843933105,3.4650039672851562,8000.0,2.7053903656520535,0.44773549703153254
sweep,5442-32873-0016,test-other,5442,NB8,2,0.125,True,43.089988708496094,5.153417587280273,5.332757949829102,5.1456451416015625,3.8856873512268066,4406.25,-24.26608089852065,0.5394168727125666
sweep,5442-32873-0016,test-other,5442,WB8,0,0.0,True,33.077064514160156,5.1301188468933105,6.684103012084961,6.4676690101623535,2.7877819538116455,8000.0,5.961954128386639,0.4006858344916149
sweep,5442-32873-0017,test-other,5442,NB8,2,0.125,True,37.5955924987793,5.146648406982422,5.481540679931641,5.433136940002441,3.903869390487671,4656.25,-14.05414512046853,0.5276502825953915
sweep,5442-32873-0017,test-other,5442,WB8,0,0.0,True,33.74055480957031,5.179336071014404,6.4813551902771,6.361425876617432,3.2379820346832275,8000.0,1.081546604355427,0.4632819962795112
sweep,5442-32873-0019,test-other,5442,NB8,2,0.125,True,31.099828720092773,4.326053142547607,4.690547466278076,4.583220958709717,3.1836442947387695,4781.25,-13.683997569931364,0.5358823147222107
sweep,5442-32873-0019,test-other,5442,WB8,0,0.0,True,26.36163330078125,4.270389080047607,5.503702640533447,5.375702381134033,2.3204617500305176,8000.0,3.289057160889322,0.40411248808929134
sweep,5442-41168-0000,test-other,5442,NB8,2,0.125,True,86.4639663696289,7.233715057373047,5.326847076416016,5.396915435791016,7.818779468536377,4781.25,-22.729812195257665,0.6193023723091103
sweep,5442-41168-0000,test-other,5442,WB8,0,0.0,True,33.0424919128418,5.296163558959961,6.0327253341674805,5.970249176025391,4.171388626098633,8000.0,2.2650849535381665,0.5362430211488158
sweep,5442-41168-0001,test-other,5442,NB8,2,0.125,True,89.3481674194336,7.4680657386779785,5.540253639221191,5.6320013999938965,8.02412223815918,4468.75,-17.733243102238266,0.5335711446465999
sweep,5442-41168-0001,test-other,5442,WB8,0,0.0,True,35.6012077331543,5.51993989944458,6.262356758117676,6.215506076812744,4.409962177276611,8000.0,3.104442095003332,0.4762540262907014
sweep,5442-41168-0004,test-other,5442,NB8,2,0.125,True,137.29881286621094,9.248172760009766,6.065377712249756,6.135500431060791,10.533987998962402,4687.5,-13.980965864248624,0.5378318719735016
sweep,5442-41168-0004,test-other,5442,WB8,0,0.0,True,42.35609817504883,6.192924976348877,6.764017581939697,6.6953043937683105,5.402894496917725,8000.0,5.619133561279287,0.45238792716557735
sweep,5442-41168-0009,test-other,5442,NB8,2,0.125,True,91.91145324707031,7.356195449829102,5.418966293334961,5.530357837677002,7.754426956176758,4656.25,-16.635616614216453,0.5347458756180224
sweep,5442-41168-0009,test-other,5442,WB8,0,0.0,True,35.13652420043945,5.464248180389404,6.258443832397461,6.215835094451904,4.184484958648682,8000.0,3.0213217003856756,0.45857765456809507
sweep,5442-41168-0011,test-other,5442,NB8,2,0.125,True,78.3841552734375,7.195013046264648,5.642033100128174,5.714903354644775,7.583768844604492,4500.0,-17.8265729887802,0.5228000696857465
sweep,5442-41168-0011,test-other,5442,WB8,0,0.0,True,37.68285369873047,5.717311382293701,6.505451679229736,6.449105739593506,4.529371738433838,8000.0,2.979691692843322,0.43601993518998255
sweep,5442-41168-0017,test-other,5442,NB8,2,0.125,True,106.64838409423828,8.074441909790039,5.549488544464111,5.68174409866333,8.999743461608887,4625.0,-16.49248936620355,0.527609182486713
sweep,5442-41168-0017,test-other,5442,WB8,0,0.0,True,39.39543151855469,5.778319358825684,6.337225914001465,6.358818054199219,4.799198627471924,8000.0,3.1998988415512826,0.48377618170144604
sweep,5442-41168-0018,test-other,5442,NB8,2,0.125,True,88.01403045654297,7.254791259765625,5.69688606262207,5.79758882522583,7.340433597564697,4531.25,-22.65118823823393,0.6476751815107984
sweep,5442-41168-0018,test-other,5442,WB8,0,0.0,True,33.696632385253906,5.395626068115234,6.170421123504639,6.167994976043701,4.0776591300964355,8000.0,2.3666438151951534,0.5597210594410444
sweep,5442-41168-0020,test-other,5442,NB8,2,0.125,True,86.74484252929688,7.536916255950928,5.675985336303711,5.809263706207275,8.040365219116211,4531.25,-22.297698697457772,0.5851071123907693
sweep,5442-41168-0020,test-other,5442,WB8,0,0.0,True,37.673011779785156,5.76680326461792,6.469228267669678,6.462070941925049,4.665200233459473,8000.0,1.4365139869742949,0.49553714325642884
sweep,5442-41168-0021,test-other,5442,NB8,2,0.125,True,71.118896484375,6.630836486816406,5.245799541473389,5.330613613128662,6.775590896606445,4562.5,-16.197004753927803,0.5840527965363318
sweep,5442-41168-0021,test-other,5442,WB8,0,0.0,True,32.46520233154297,5.22360897064209,6.0440144538879395,5.992560386657715,3.919161796569824,8000.0,1.8283671305929796,0.5183495633467307
sweep,5442-41168-0023,test-other,5442,NB8,2,0.125,True,77.51034545898438,7.118379592895508,5.8219685554504395,5.901187896728516,7.117467880249023,4625.0,-15.240113156777873,0.5824160683856421
sweep,5442-41168-0023,test-other,5442,WB8,0,0.0,True,36.489410400390625,5.583853244781494,6.360899448394775,6.313688278198242,4.369353294372559,8000.0,0.29701109633639455,0.5223951168574221
sweep,5442-41168-0024,test-other,5442,NB8,2,0.125,True,94.56671905517578,6.976595401763916,5.12495756149292,5.163012504577637,7.279163837432861,4687.5,-16.485388203471096,0.5415444743916931
sweep,5442-41168-0024,test-other,5442,WB8,0,0.0,True,30.48463249206543,4.916065216064453,5.680940628051758,5.6131391525268555,3.671553373336792,8000.0,2.3782265955661823,0.4850774668333452
sweep,5442-41169-0001,test-other,5442,NB8,2,0.125,True,98.00244903564453,8.623917579650879,6.603176116943359,6.712802410125732,9.489436149597168,4687.5,-18.564878018432964,0.5920379282589533
sweep,5442-41169-0001,test-other,5442,WB8,0,0.0,True,46.2035026550293,6.665591716766357,7.298424243927002,7.262233257293701,5.886373996734619,8000.0,2.59656357055229,0.4608454200703176
sweep,5442-41169-0003,test-other,5442,NB8,2,0.125,True,94.98880767822266,8.385710716247559,6.6041259765625,6.659822940826416,9.002747535705566,4593.75,-19.666898832952093,0.5288572030317422
sweep,5442-41169-0003,test-other,5442,WB8,0,0.0,True,45.200706481933594,6.556816101074219,7.26046085357666,7.209808349609375,5.640937805175781,8000.0,2.7751746908636616,0.4971420205280553
sweep,5442-41169-0004,test-other,5442,NB8,2,0.125,True,85.96006774902344,7.891726493835449,6.2689433097839355,6.3382697105407715,8.343502044677734,4500.0,-20.994724477358062,0.5471223406454604
sweep,5442-41169-0004,test-other,5442,WB8,0,0.0,True,42.214744567871094,6.316596508026123,7.156505584716797,7.093967914581299,5.208849906921387,8000.0,3.298957261710505,0.43173226538841986
sweep,5442-41169-0005,test-other,5442,NB8,2,0.125,True,67.59400177001953,7.093686580657959,6.408951759338379,6.4209394454956055,6.881761074066162,4687.5,-13.014169407673533,0.4933846944676582
sweep,5442-41169-0005,test-other,5442,WB8,0,0.0,True,39.31640625,6.077223777770996,7.052205562591553,6.928642749786377,4.856901168823242,8000.0,2.5105629862238166,0.47162906849812825
sweep,5442-41169-0006,test-other,5442,NB8,2,0.125,True,115.77664184570312,9.620686531066895,6.771424293518066,6.956057071685791,11.146323204040527,4687.5,-8.507376657352086,0.5226662547172974
sweep,5442-41169-0006,test-other,5442,WB8,0,0.0,True,48.991947174072266,6.891255855560303,7.2796525955200195,7.267049312591553,6.393988609313965,8000.0,3.24819289381377,0.4510486842593644
sweep,5442-41169-0008,test-other,5442,NB8,2,0.125,True,87.03150177001953,8.30932903289795,6.695933818817139,6.802444934844971,8.930681228637695,4531.25,-19.717856804434227,0.567318023986696
sweep,5442-41169-0008,test-other,5442,WB8,0,0.0,True,43.44401931762695,6.507555961608887,7.130033016204834,7.125791072845459,5.702812194824219,8000.0,2.3906832659425064,0.48538512831592995
sweep,5442-41169-0011,test-other,5442,NB8,2,0.125,True,88.5627670288086,8.007918357849121,6.49996280670166,6.657994747161865,8.226521492004395,4718.75,-7.333165095268987,0.5200989509955225
sweep,5442-41169-0011,test-other,5442,WB8,0,0.0,True,42.874202728271484,6.3563079833984375,7.258052825927734,7.196383476257324,5.097978115081787,8000.0,3.817602075736848,0.4555158846320434
sweep,5442-41169-0019,test-other,5442,NB8,2,0.125,True,73.07593536376953,7.574985980987549,6.479839324951172,6.567392826080322,7.801271438598633,4531.25,-13.818624184764637,0.5286467403025442
sweep,5442-41169-0019,test-other,5442,WB8,0,0.0,True,39.63572692871094,6.184713840484619,6.911215305328369,6.9181365966796875,5.205625057220459,8000.0,0.2096193737596409,0.49020255639430743
sweep,5442-41169-0026,test-other,5442,NB8,2,0.125,True,94.3259506225586,8.849447250366211,6.708987236022949,6.861252307891846,10.01844596862793,4687.5,-16.141790759678674,0.5731258108709073
sweep,5442-41169-0026,test-other,5442,WB8,0,0.0,True,46.15968322753906,6.732365131378174,7.066751956939697,7.116299152374268,6.243546009063721,8000.0,1.727962461373164,0.5124879468155207
sweep,5442-41169-0031,test-other,5442,NB8,2,0.125,True,62.595767974853516,6.994626045227051,6.359332084655762,6.318238258361816,6.991810321807861,4562.5,-13.510629632785223,0.5546682678193574
sweep,5442-41169-0031,test-other,5442,WB8,0,0.0,True,37.89594650268555,5.991165637969971,6.761923313140869,6.7048492431640625,4.983583450317383,8000.0,0.2740936159268404,0.5015010298413781
sweep,5484-24317-0008,test-other,5484,NB8,2,0.125,True,185.46365356445312,12.533937454223633,6.747375965118408,7.122386455535889,15.80065631866455,4656.25,-17.82165133295176,0.6968035470691736
sweep,5484-24317-0008,test-other,5484,WB8,0,0.0,True,55.28924560546875,7.363072872161865,7.137902736663818,7.2358174324035645,7.411538600921631,8000.0,0.35984261963873526,0.5895166309779157
sweep,5484-24317-0013,test-other,5484,NB8,2,0.125,True,264.4038391113281,15.081669807434082,6.879645824432373,7.325951099395752,19.674497604370117,4687.5,-17.994378848062915,0.6101922065945556
sweep,5484-24317-0013,test-other,5484,WB8,0,0.0,True,61.307254791259766,7.783876895904541,7.188894271850586,7.353558540344238,8.138811111450195,8000.0,1.3628051811085067,0.5416805950641993
sweep,5484-24317-0015,test-other,5484,NB8,2,0.125,True,279.1784973144531,15.497718811035156,6.798145294189453,7.219432830810547,20.361406326293945,4531.25,-17.43935905785993,0.643660387373949
sweep,5484-24317-0015,test-other,5484,WB8,0,0.0,True,60.5366325378418,7.724127292633057,7.169014930725098,7.319632053375244,8.060270309448242,8000.0,1.029755555593568,0.5852002691868415
sweep,5484-24317-0017,test-other,5484,NB8,2,0.125,True,242.21603393554688,14.542055130004883,6.696712970733643,7.136606693267822,18.99081039428711,4593.75,-18.93895311727328,0.6450861002317556
sweep,5484-24317-0017,test-other,5484,WB8,0,0.0,True,60.28388214111328,7.707919597625732,7.267483234405518,7.414321422576904,7.92929744720459,8000.0,1.2010770290838875,0.5666562199290571
sweep,5484-24317-0018,test-other,5484,NB8,2,0.125,True,163.54605102539062,11.090079307556152,6.191027641296387,6.410993576049805,13.654073715209961,4656.25,-18.173864675043255,0.6296621741259747
sweep,5484-24317-0018,test-other,5484,WB8,0,0.0,True,46.45009994506836,6.591990947723389,6.600217819213867,6.63855504989624,6.367611408233643,8000.0,1.175832555837083,0.6110782107182265
sweep,5484-24317-0019,test-other,5484,NB8,2,0.125,True,161.5023193359375,11.496122360229492,6.153778553009033,6.498859882354736,14.429535865783691,4531.25,-17.021084947545244,0.6445642319757114
sweep,5484-24317-0019,test-other,5484,WB8,0,0.0,True,49.63303756713867,6.9031877517700195,6.798646926879883,6.879460334777832,6.8105549812316895,8000.0,0.47286420753429703,0.5593332004111544
sweep,5484-24317-0021,test-other,5484,NB8,2,0.125,True,253.3102264404297,14.551191329956055,6.571354866027832,7.017821788787842,18.973024368286133,4468.75,-17.720357461849556,0.6077344898670818
sweep,5484-24317-0021,test-other,5484,WB8,0,0.0,True,58.721092224121094,7.586772918701172,7.179565906524658,7.333259105682373,7.764727592468262,8000.0,2.189670273249333,0.524514554400413
sweep,5484-24317-0023,test-other,5484,NB8,2,0.125,True,147.86163330078125,10.331660270690918,6.2822065353393555,6.377826690673828,12.484926223754883,4625.0,-20.24847475900382,0.6663761389150736
sweep,5484-24317-0023,test-other,5484,WB8,0,0.0,True,45.58433151245117,6.551584243774414,6.588517665863037,6.584717273712158,6.373571395874023,8000.0,2.0190077728731946,0.5781252032905267
sweep,5484-24317-0025,test-other,5484,NB8,2,0.125,True,202.30294799804688,13.197297096252441,6.673343658447266,7.0581135749816895,16.91262435913086,4656.25,-17.37093134317298,0.6362043109278668
sweep,5484-24317-0025,test-other,5484,WB8,0,0.0,True,57.41069793701172,7.500188827514648,7.071799278259277,7.193811893463135,7.7133612632751465,8000.0,1.553140328637469,0.5851068626821041
sweep,5484-24317-0029,test-other,5484,NB8,2,0.125,True,200.58863830566406,13.00617504119873,6.489316940307617,6.8769612312316895,16.659290313720703,4625.0,-18.61115790974955,0.6251998884512556
sweep,5484-24317-0029,test-other,5484,WB8,0,0.0,True,55.88745880126953,7.395902633666992,7.120352268218994,7.26953649520874,7.43501091003418,8000.0,0.5634617553600397,0.5393627682816453
sweep,5484-24317-0030,test-other,5484,NB8,2,0.125,True,254.5687713623047,14.527756690979004,6.686891078948975,7.093252658843994,18.822900772094727,4562.5,-18.390583510342395,0.5945159193987121
sweep,5484-24317-0030,test-other,5484,WB8,0,0.0,True,57.41743850708008,7.498950004577637,7.146599292755127,7.276421546936035,7.642640590667725,8000.0,0.8169685020841243,0.5460557329931348
sweep,5484-24317-0032,test-other,5484,NB8,2,0.125,True,174.1539306640625,11.789088249206543,6.211006164550781,6.549298286437988,14.80968952178955,4656.25,-18.84542307276004,0.6451809235562194
sweep,5484-24317-0032,test-other,5484,WB8,0,0.0,True,49.74040985107422,6.880331516265869,6.717832565307617,6.832711696624756,6.780323505401611,8000.0,1.8649482701229914,0.5744454934068227
sweep,5484-24317-0033,test-other,5484,NB8,2,0.125,True,155.64833068847656,11.203545570373535,6.553159713745117,6.826316833496094,13.723531723022461,4843.75,-16.841292020033855,0.6345340512301441
sweep,5484-24317-0033,test-other,5484,WB8,0,0.0,True,50.524810791015625,7.006137371063232,6.837621688842773,6.931685447692871,6.970937728881836,8000.0,0.2364947011900651,0.591573160698666
sweep,5484-24318-0000,test-other,5484,NB8,2,0.125,True,198.3906707763672,12.468567848205566,4.978547096252441,5.334396839141846,16.616025924682617,4687.5,-15.632628058531253,0.6432789346185991
sweep,5484-24318-0000,test-other,5484,WB8,0,0.0,True,48.64133834838867,6.551782608032227,5.457458972930908,5.650675296783447,7.0988545417785645,8000.0,0.6766854533945732,0.5680702693453429
sweep,5484-24318-0001,test-other,5484,NB8,2,0.125,True,193.8020782470703,12.557026863098145,5.593220233917236,5.988979816436768,16.51268196105957,4593.75,-17.845949903459562,0.587646946251402
sweep,5484-24318-0001,test-other,5484,WB8,0,0.0,True,55.29307556152344,7.203258514404297,6.473888874053955,6.633625030517578,7.580012321472168,8000.0,2.289345573488652,0.5177956816504039
sweep,5484-24318-0007,test-other,5484,NB8,2,0.125,True,291.76123046875,15.869781494140625,6.0527191162109375,6.572573184967041,21.286972045898438,4593.75,-17.44254523290006,0.5925704449696921
sweep,5484-24318-0007,test-other,5484,WB8,0,0.0,True,65.19037628173828,7.9293341636657715,7.179196834564209,7.368764877319336,8.332283020019531,8000.0,2.6823064908404004,0.4799933165035773
sweep,5484-24318-0009,test-other,5484,NB8,2,0.125,True,241.06149291992188,14.20721435546875,5.592912673950195,6.079220294952393,18.994239807128906,4562.5,-20.60196887811098,0.6034980553100167
sweep,5484-24318-0009,test-other,5484,WB8,0,0.0,True,57.655914306640625,7.385495662689209,6.373880863189697,6.623319149017334,7.9558634757995605,8000.0,1.258342654143556,0.5344098375917731
sweep,5484-24318-0010,test-other,5484,NB8,2,0.125,True,212.21142578125,13.144136428833008,5.354069709777832,5.7164306640625,17.50510597229004,4593.75,-16.86752382237414,0.5930074778676111
sweep,5484-24318-0010,test-other,5484,WB8,0,0.0,True,54.540164947509766,7.115907192230225,6.258713722229004,6.392021656036377,7.569242000579834,8000.0,2.9034676017757373,0.5054445262514702
sweep,5484-24318-0012,test-other,5484,NB8,2,0.125,True,184.97401428222656,12.079451560974121,5.39301872253418,5.79257869720459,15.868185997009277,4562.5,-19.01753712923114,0.6158699164408005
sweep,5484-24318-0012,test-other,5484,WB8,0,0.0,True,53.507667541503906,7.006440162658691,6.37920618057251,6.505834102630615,7.328602313995361,8000.0,2.3655621919426992,0.5045941533189267
sweep,5484-24318-0014,test-other,5484,NB8,2,0.125,True,246.46505737304688,14.40609359741211,5.86110258102417,6.292269229888916,19.18111801147461,4562.5,-21.13484407861293,0.5674907725758565
sweep,5484-24318-0014,test-other,5484,WB8,0,0.0,True,62.04090881347656,7.648416996002197,6.929508209228516,7.089156627655029,8.025978088378906,8000.0,3.1459144772116177,0.4637170382533119
sweep,5484-24318-0015,test-other,5484,NB8,2,0.125,True,293.119873046875,15.620543479919434,5.905148983001709,6.33362340927124,20.99162483215332,4562.5,-19.18803866035191,0.5952618222231584
sweep,5484-24318-0015,test-other,5484,WB8,0,0.0,True,61.80390930175781,7.625709056854248,6.876234531402588,7.02316427230835,8.05195426940918,8000.0,2.3315787573556186,0.4867636252190625
sweep,5484-24318-0016,test-other,5484,NB8,2,0.125,True,147.390380859375,10.53710651397705,5.008584976196289,5.293353080749512,13.705207824707031,4687.5,-17.38789120876157,0.6221936853717214
sweep,5484-24318-0016,test-other,5484,WB8,0,0.0,True,45.67249298095703,6.374965667724609,5.749521732330322,5.844502925872803,6.661850452423096,8000.0,2.360068438896689,0.5017936782761445
sweep,5484-24318-0018,test-other,5484,NB8,2,0.125,True,323.4974365234375,16.056650161743164,6.61202335357666,6.982336044311523,21.22113609313965,4625.0,-17.301330948204615,0.5420998583618167
sweep,5484-24318-0018,test-other,5484,WB8,0,0.0,True,65.20866394042969,7.8763346672058105,7.823599815368652,7.926100730895996,7.690651893615723,8000.0,3.480402797839886,0.45775941237732615
sweep,5484-24318-0019,test-other,5484,NB8,2,0.125,True,185.04405212402344,11.9627046585083,5.775930881500244,6.148477077484131,15.382810592651367,4656.25,-17.261837072272957,0.595668977750675
sweep,5484-24318-0019,test-other,5484,WB8,0,0.0,True,54.63124084472656,7.036824703216553,6.895961284637451,7.050053596496582,6.84796142578125,8000.0,2.692178226286477,0.4777270237153216
sweep,5484-24318-0021,test-other,5484,NB8,2,0.125,True,163.70135498046875,10.475519180297852,5.437164306640625,5.716946125030518,13.199119567871094,4625.0,-24.23425684325082,0.5228383120834755
sweep,5484-24318-0021,test-other,5484,WB8,0,0.0,True,49.012306213378906,6.499266624450684,6.568084239959717,6.5873589515686035,6.133218765258789,8000.0,0.2141601975798077,0.4313765322037174
sweep,5484-24318-0026,test-other,5484,NB8,2,0.125,True,188.97247314453125,11.378140449523926,5.6203227043151855,5.894708156585693,14.477190971374512,4531.25,-20.01287046783289,0.5684031180657557
sweep,5484-24318-0026,test-other,5484,WB8,0,0.0,True,52.37779235839844,6.686274528503418,6.770825386047363,6.829981327056885,6.294243812561035,8000.0,2.554174472055393,0.49138132839260185
sweep,5484-24318-0030,test-other,5484,NB8,2,0.125,True,207.00302124023438,12.239442825317383,6.1907830238342285,6.4247918128967285,15.485445022583008,4718.75,-16.970544496600283,0.5417748681817207
sweep,5484-24318-0030,test-other,5484,WB8,0,0.0,True,57.362300872802734,7.169627666473389,7.349996566772461,7.381145000457764,6.704627990722656,8000.0,2.3347219504583974,0.4672049194841001
sweep,5484-24318-0032,test-other,5484,NB8,2,0.125,True,117.0320053100586,8.769062042236328,5.301730155944824,5.562983989715576,10.394350051879883,4718.75,-14.891920356862405,0.6163920340708188
sweep,5484-24318-0032,test-other,5484,WB8,0,0.0,True,42.20246887207031,5.909085273742676,6.2369794845581055,6.256165504455566,5.14838981628418,8000.0,2.407183029173319,0.5427950756731064
sweep,5484-24318-0033,test-other,5484,NB8,2,0.125,True,240.7300262451172,13.172377586364746,5.853621959686279,6.17519474029541,17.165023803710938,4593.75,-18.279718499542145,0.5399608498324456
sweep,5484-24318-0033,test-other,5484,WB8,0,0.0,True,58.93776321411133,7.249569892883301,7.281457901000977,7.419774532318115,6.876575946807861,8000.0,3.2242202517977403,0.43490698815482
sweep,5484-24318-0035,test-other,5484,NB8,2,0.125,True,282.22125244140625,14.661126136779785,6.127108573913574,6.404637813568115,19.337520599365234,4500.0,-18.79390029537132,0.6093062027986688
sweep,5484-24318-0035,test-other,5484,WB8,0,0.0,True,61.24995422363281,7.446821212768555,7.541850566864014,7.575865268707275,7.137388229370117,8000.0,2.6067096983136224,0.49016696800345366
sweep,5764-299665-0001,test-other,5764,NB8,2,0.125,True,114.41419219970703,9.540898323059082,6.3311567306518555,6.460268497467041,11.079692840576172,4593.75,-19.04223639476044,0.6420663245763837
sweep,5764-299665-0001,test-other,5764,WB8,0,0.0,True,47.87679672241211,6.703189849853516,6.810842037200928,6.835698127746582,6.2419047355651855,8000.0,0.609396841721239,0.548999263500822
sweep,5764-299665-0003,test-other,5764,NB8,2,0.125,True,127.47791290283203,10.017535209655762,6.273641109466553,6.475100994110107,11.758697509765625,4875.0,-18.232325249350993,0.6102205431754516
sweep,5764-299665-0003,test-other,5764,WB8,0,0.0,True,48.446319580078125,6.750340461730957,6.804631233215332,6.882320404052734,6.3389811515808105,8000.0,-0.12648081582706927,0.5809547451232466
sweep,5764-299665-0014,test-other,5764,NB8,2,0.125,True,104.18107604980469,8.634115219116211,5.950270652770996,6.017603874206543,9.656294822692871,4750.0,-19.663481415085315,0.6420707856721369
sweep,5764-299665-0014,test-other,5764,WB8,0,0.0,True,40.48699188232422,6.087023735046387,6.45228910446167,6.4175848960876465,5.314833164215088,8000.0,0.43305243132303295,0.5918344160570841
sweep,5764-299665-0016,test-other,5764,NB8,2,0.125,True,56.8441047668457,6.386893272399902,5.622987747192383,5.525079250335693,6.022233963012695,4968.75,-18.94341751299534,0.6656010244135694
sweep,5764-299665-0016,test-other,5764,WB8,0,0.0,True,30.696651458740234,5.216330051422119,5.984511852264404,5.832080364227295,3.8995790481567383,8000.0,0.34263124997467304,0.6350814927581051
sweep,5764-299665-0017,test-other,5764,NB8,2,0.125,True,115.82891082763672,9.212271690368652,6.195672988891602,6.341575622558594,10.382661819458008,4718.75,-21.058673477187916,0.635594555057723
sweep,5764-299665-0017,test-other,5764,WB8,0,0.0,True,43.83400344848633,6.383263111114502,6.721918106079102,6.741551399230957,5.640801429748535,8000.0,1.1291669765532015,0.5790358155079305
sweep,5764-299665-0020,test-other,5764,NB8,2,0.125,True,101.57515716552734,8.677313804626465,6.045339107513428,6.100069522857666,9.746759414672852,4625.0,-20.084713428723266,0.5848764877336979
sweep,5764-299665-0020,test-other,5764,WB8,0,0.0,True,42.440460205078125,6.243143558502197,6.6262102127075195,6.605981349945068,5.45046854019165,8000.0,2.054091829625646,0.5201851391204732
sweep,5764-299665-0026,test-other,5764,NB8,2,0.125,True,184.6318359375,11.85792064666748,6.645310878753662,6.883282661437988,14.619349479675293,4562.5,-24.09554966726244,0.6683578231474636
sweep,5764-299665-0026,test-other,5764,WB8,0,0.0,True,50.633426666259766,7.015049934387207,6.839133262634277,6.969491481781006,6.919445991516113,8000.0,0.8729572292154353,0.6189574411929851
sweep,5764-299665-0028,test-other,5764,NB8,2,0.125,True,101.42662048339844,8.363921165466309,6.127145290374756,6.046588897705078,9.146230697631836,4531.25,-18.481038449273775,0.6067746214573466
sweep,5764-299665-0028,test-other,5764,WB8,0,0.0,True,38.228355407714844,5.903776168823242,6.475916862487793,6.345859527587891,5.112378120422363,8000.0,1.195807078206335,0.5648087822096337
sweep,5764-299665-0029,test-other,5764,NB8,2,0.125,True,96.95329284667969,8.270598411560059,6.121291160583496,6.132222652435303,8.982338905334473,4500.0,-21.461474580750753,0.5795604026221921
sweep,5764-299665-0029,test-other,5764,WB8,0,0.0,True,37.777400970458984,5.914580345153809,6.405759811401367,6.350685119628906,5.136937618255615,8000.0,2.0542689458607666,0.5450555352012832
sweep,5764-299665-0030,test-other,5764,NB8,2,0.125,True,155.6617431640625,10.940038681030273,6.558431148529053,6.770281791687012,13.31201171875,4593.75,-21.891360124846795,0.6023808268449797
sweep,5764-299665-0030,test-other,5764,WB8,0,0.0,True,49.728519439697266,6.957749366760254,6.950807094573975,6.9744648933410645,6.801909923553467,8000.0,1.6810776378417616,0.5483588898156799
sweep,5764-299665-0031,test-other,5764,NB8,2,0.125,True,171.2888641357422,11.234728813171387,6.924169540405273,7.018908977508545,13.434415817260742,4437.5,-27.7681442747209,0.5632336365870441
sweep,5764-299665-0031,test-other,5764,WB8,0,0.0,True,48.62955093383789,6.866532325744629,7.092846393585205,7.096231937408447,6.506969451904297,8000.0,1.4389195254846139,0.45398930511393304
sweep,5764-299665-0034,test-other,5764,NB8,2,0.125,True,146.60800170898438,10.692963600158691,6.674434185028076,6.87103796005249,12.774273872375488,4437.5,-20.753003035484934,0.5972664240755571
sweep,5764-299665-0034,test-other,5764,WB8,0,0.0,True,48.682472229003906,6.866346836090088,6.889227867126465,6.972290992736816,6.600583553314209,8000.0,0.6126009290100011,0.5777699754335037
sweep,5764-299665-0037,test-other,5764,NB8,2,0.125,True,128.65823364257812,9.720885276794434,6.212551593780518,6.370026111602783,11.379059791564941,4750.0,-20.1236744816583,0.6246709974736405
sweep,5764-299665-0037,test-other,5764,WB8,0,0.0,True,43.917362213134766,6.423775672912598,6.628674507141113,6.603323459625244,6.005662441253662,8000.0,0.9997023130608617,0.554721072206293
sweep,5764-299665-0038,test-other,5764,NB8,2,0.125,True,156.5663299560547,10.929312705993652,6.438883304595947,6.6323347091674805,13.228090286254883,4687.5,-22.319261463538474,0.6048423663195036
sweep,5764-299665-0038,test-other,5764,WB8,0,0.0,True,49.050498962402344,6.832878589630127,6.897071838378906,6.919511318206787,6.5339837074279785,8000.0,0.6238764524642991,0.5804932009540952
sweep,5764-299665-0039,test-other,5764,NB8,2,0.125,True,146.8641357421875,10.666454315185547,6.527592182159424,6.732146263122559,12.706804275512695,4625.0,-14.834729398145345,0.6279001703529997
sweep,5764-299665-0039,test-other,5764,WB8,0,0.0,True,48.584556579589844,6.79536247253418,6.970798969268799,6.98661994934082,6.399106979370117,8000.0,2.3783849624333344,0.5259023939753106
sweep,5764-299665-0052,test-other,5764,NB8,2,0.125,True,82.21468353271484,7.682315349578857,5.844897747039795,5.919182777404785,8.150435447692871,4875.0,-17.83877879760778,0.6329040101631294
sweep,5764-299665-0052,test-other,5764,WB8,0,0.0,True,38.53178405761719,5.932945251464844,6.430825710296631,6.421721458435059,5.069716453552246,8000.0,0.2009308692873722,0.5347137100412442
sweep,5764-299665-0055,test-other,5764,NB8,2,0.125,True,81.7015380859375,7.811749458312988,5.799200534820557,5.927713394165039,8.470662117004395,4781.25,-18.02878656575637,0.6472399410771689
sweep,5764-299665-0055,test-other,5764,WB8,0,0.0,True,39.179054260253906,5.981900691986084,6.409925937652588,6.3668341636657715,5.215672492980957,8000.0,0.2897208534749789,0.5725546676990443
sweep,5764-299665-0056,test-other,5764,NB8,2,0.125,True,108.18193054199219,8.86618423461914,5.994264602661133,6.091287612915039,10.039034843444824,4687.5,-16.780158467081343,0.6322569644926668
sweep,5764-299665-0056,test-other,5764,WB8,0,0.0,True,41.19011306762695,6.158627510070801,6.481514930725098,6.442708492279053,5.544051647186279,8000.0,1.0664295229009833,0.5453879143730807
sweep,5764-299665-0059,test-other,5764,NB8,2,0.125,True,70.73719787597656,6.8564629554748535,5.17424201965332,5.193284511566162,7.198349475860596,4812.5,-15.089971834387708,0.6130139481353745
sweep,5764-299665-0059,test-other,5764,WB8,0,0.0,True,32.216766357421875,5.184741497039795,5.728824615478516,5.629576683044434,4.175246715545654,8000.0,1.1724457553346748,0.5511836677092512
sweep,5764-299665-0062,test-other,5764,NB8,2,0.125,True,102.34523010253906,8.103586196899414,5.496218204498291,5.518866539001465,8.888445854187012,4718.75,-16.344098240473848,0.6546046935813291
sweep,5764-299665-0062,test-other,5764,WB8,0,0.0,True,35.0415153503418,5.543637275695801,6.043787479400635,5.952047824859619,4.640514373779297,8000.0,2.1170663866042414,0.6056237267623453
sweep,5764-299665-0063,test-other,5764,NB8,2,0.125,True,147.71971130371094,10.63693618774414,6.2538299560546875,6.490631103515625,12.762633323669434,4750.0,-18.010384307751394,0.6648819568803889
sweep,5764-299665-0063,test-other,5764,WB8,0,0.0,True,46.65102005004883,6.650069713592529,6.518069267272949,6.62568473815918,6.443734169006348,8000.0,1.1226049616650833,0.6176934794507822
sweep,5764-299665-0066,test-other,5764,NB8,2,0.125,True,75.3035888671875,7.0511474609375,5.32047700881958,5.371872425079346,7.4430084228515625,4750.0,-22.58223237152711,0.6139314917756472
sweep,5764-299665-0066,test-other,5764,WB8,0,0.0,True,32.705142974853516,5.342623233795166,5.865570545196533,5.803071975708008,4.363583087921143,8000.0,1.7263118253059044,0.5554062105646616
sweep,5764-299665-0070,test-other,5764,NB8,2,0.125,True,141.98501586914062,10.403947830200195,6.372996807098389,6.622954368591309,12.357925415039062,4875.0,-17.950090108363344,0.6718899678637513
sweep,5764-299665-0070,test-other,5764,WB8,0,0.0,True,47.55361557006836,6.768449306488037,6.757650852203369,6.812581539154053,6.567086696624756,8000.0,0.8611214637601563,0.5810289141464593
sweep,5764-299665-0076,test-other,5764,NB8,2,0.125,True,110.18315124511719,9.033870697021484,5.725277423858643,5.835869789123535,10.518326759338379,4812.5,-18.871243019327675,0.6561698479344731
sweep,5764-299665-0076,test-other,5764,WB8,0,0.0,True,39.62726593017578,5.991278171539307,6.1325764656066895,6.090669631958008,5.50770378112793,8000.0,0.868581927031868,0.584639418171391
sweep,5764-299665-0081,test-other,5764,NB8,2,0.125,True,93.60875701904297,8.157150268554688,5.745311260223389,5.867704391479492,9.065587997436523,4656.25,-19.551088346236767,0.6320370259591555
sweep,5764-299665-0081,test-other,5764,WB8,0,0.0,True,38.02729797363281,5.840856075286865,6.204849720001221,6.1535725593566895,5.15907096862793,8000.0,0.411198027118162,0.5553689050756635
sweep,5764-299665-0082,test-other,5764,NB8,2,0.125,True,112.9207992553711,8.999239921569824,5.65977144241333,5.815212726593018,10.399680137634277,4562.5,-21.449721715176512,0.6585138133048438
sweep,5764-299665-0082,test-other,5764,WB8,0,0.0,True,41.15788269042969,6.066137790679932,6.2415947914123535,6.217770576477051,5.498976230621338,8000.0,2.060254167319182,0.5844944265465815
sweep,5764-299665-0085,test-other,5764,NB8,2,0.125,True,111.50349426269531,9.46131706237793,6.498903274536133,6.746023654937744,10.831781387329102,4625.0,-18.27349153601808,0.5569281427278189
sweep,5764-299665-0085,test-other,5764,WB8,0,0.0,True,46.79330062866211,6.75576114654541,6.892356872558594,6.933011531829834,6.3957719802856445,8000.0,2.442516679369209,0.49576718503950223
sweep,5764-299665-0086,test-other,5764,NB8,2,0.125,True,70.02093505859375,7.074554920196533,5.485873222351074,5.528244972229004,7.4412336349487305,4812.5,-17.127662126686673,0.6229699951155885
sweep,5764-299665-0086,test-other,5764,WB8,0,0.0,True,33.12028503417969,5.411251068115234,5.876623153686523,5.807398319244385,4.515377521514893,8000.0,0.6499932612834922,0.6005660746477541
sweep,5764-299665-0095,test-other,5764,NB8,2,0.125,True,172.49038696289062,10.97795295715332,6.350041389465332,6.494583606719971,13.028559684753418,4562.5,-22.36076799710292,0.5878075632782225
sweep,5764-299665-0095,test-other,5764,WB8,0,0.0,True,44.591426849365234,6.433545112609863,6.638686180114746,6.715736389160156,5.847601413726807,8000.0,1.7340607966563926,0.4821816219428097
sweep,5764-299665-0097,test-other,5764,NB8,2,0.125,True,125.27980041503906,9.42916202545166,5.886371612548828,6.038302421569824,10.982216835021973,4625.0,-21.121979100123678,0.634580787316561
sweep,5764-299665-0097,test-other,5764,WB8,0,0.0,True,42.19406509399414,6.202934265136719,6.463435649871826,6.487200736999512,5.5555315017700195,8000.0,1.9138540719079564,0.5371339043358434
sweep,6070-63485-0001,test-other,6070,NB8,2,0.125,True,142.3732452392578,10.219352722167969,6.149129390716553,6.437882423400879,12.2012357711792,4593.75,-14.028452628869417,0.5103100141528905
sweep,6070-63485-0001,test-other,6070,WB8,0,0.0,True,50.67653274536133,6.857945919036865,7.181819915771484,7.238008975982666,6.103378772735596,8000.0,3.3445149114110926,0.3923056104012359
sweep,6070-63485-0003,test-other,6070,NB8,2,0.125,True,135.7109375,10.097038269042969,6.326909065246582,6.594920635223389,11.872733116149902,4593.75,-15.697695706872361,0.5250087350525047
sweep,6070-63485-0003,test-other,6070,WB8,0,0.0,True,54.31941223144531,7.170609951019287,7.5465545654296875,7.576137542724609,6.394194602966309,8000.0,3.713123778361256,0.4147336213175615
sweep,6070-63485-0010,test-other,6070,NB8,2,0.125,True,167.60899353027344,11.241355895996094,6.524415016174316,6.742748737335205,13.548567771911621,4437.5,-26.021776477412715,0.615429913718106
sweep,6070-63485-0010,test-other,6070,WB8,0,0.0,True,52.0443229675293,7.053764343261719,7.295315265655518,7.35589075088501,6.360544204711914,8000.0,1.6366243536924299,0.5485086066624901
sweep,6070-63485-0011,test-other,6070,NB8,2,0.125,True,199.2397003173828,12.288721084594727,6.715146064758301,7.038016319274902,15.179633140563965,4625.0,-15.905780345811472,0.5210279649042053
sweep,6070-63485-0011,test-other,6070,WB8,0,0.0,True,59.129913330078125,7.560534477233887,7.724484920501709,7.817874431610107,7.099911212921143,8000.0,3.1076603168067813,0.44004853559614937
sweep,6070-63485-0013,test-other,6070,NB8,2,0.125,True,85.80130004882812,8.429500579833984,6.643912315368652,6.92921781539917,9.024431228637695,4625.0,-11.373044983059781,0.48892874105160977
sweep,6070-63485-0013,test-other,6070,WB8,0,0.0,True,50.46208572387695,6.976948261260986,7.545684814453125,7.58976936340332,6.023390293121338,8000.0,1.2084218348916655,0.3887356924149007
sweep,6070-63485-0016,test-other,6070,NB8,2,0.125,True,64.72197723388672,6.639004707336426,5.4371418952941895,5.56731653213501,6.795144081115723,4875.0,-16.35582514096786,0.5367131172486692
sweep,6070-63485-0016,test-other,6070,WB8,0,0.0,True,36.94898223876953,5.63079309463501,6.263180255889893,6.218311786651611,4.4820380210876465,8000.0,1.855625204392188,0.5067746962410388
sweep,6070-63485-0017,test-other,6070,NB8,2,0.125,True,161.41421508789062,11.304512977600098,6.54102897644043,6.888245105743408,13.84800910949707,4593.75,-21.283843107555526,0.5509736764915576
sweep,6070-63485-0017,test-other,6070,WB8,0,0.0,True,54.97456359863281,7.25909423828125,7.275905132293701,7.425235748291016,6.867997169494629,8000.0,2.68759301992402,0.4443268011499873
sweep,6070-86744-0001,test-other,6070,NB8,2,0.125,True,101.66931915283203,8.575803756713867,6.070302486419678,6.238199710845947,9.627461433410645,4750.0,-15.243704362583019,0.5391761919226287
sweep,6070-86744-0001,test-other,6070,WB8,0,0.0,True,49.686702728271484,6.714151382446289,7.325787544250488,7.287519931793213,5.691181659698486,8000.0,3.0803723509909346,0.4095293869681116
sweep,6070-86744-0004,test-other,6070,NB8,2,0.125,True,124.45467376708984,9.461999893188477,6.11746072769165,6.385128498077393,10.945345878601074,4656.25,-15.021185376884906,0.5487039032260786
sweep,6070-86744-0004,test-other,6070,WB8,0,0.0,True,52.0517692565918,6.931199073791504,7.342123985290527,7.334205627441406,6.170953750610352,8000.0,3.772840551667578,0.45708554604215734
sweep,6070-86744-0005,test-other,6070,NB8,2,0.125,True,84.88101959228516,7.765157699584961,5.767627716064453,5.950534820556641,8.444230079650879,4625.0,-14.613773922932205,0.5763647629935933
sweep,6070-86744-0005,test-other,6070,WB8,0,0.0,True,44.54998779296875,6.329410552978516,6.97746467590332,6.938819885253906,5.254014015197754,8000.0,3.601429472595512,0.47159345441042433
sweep,6070-86744-0006,test-other,6070,NB8,2,0.125,True,122.7266845703125,9.480315208435059,6.0547404289245605,6.2873005867004395,11.109359741210938,4625.0,-19.91882314450659,0.5574694234845213
sweep,6070-86744-0006,test-other,6070,WB8,0,0.0,True,52.374755859375,6.919168472290039,7.314429759979248,7.338871002197266,6.124660968780518,8000.0,2.5875480540648295,0.4396620957845439
sweep,6070-86744-0009,test-other,6070,NB8,2,0.125,True,106.54002380371094,8.728105545043945,6.093801021575928,6.237212181091309,9.851540565490723,4781.25,-21.364163919185234,0.6038012965686057
sweep,6070-86744-0009,test-other,6070,WB8,0,0.0,True,55.59573745727539,7.153173446655273,7.794260501861572,7.728989124298096,6.133467197418213,8000.0,4.023633243239734,0.5327717631464391
sweep,6070-86744-0011,test-other,6070,NB8,2,0.125,True,153.74989318847656,10.377432823181152,6.336811065673828,6.552873611450195,12.440155029296875,4687.5,-13.83971091712229,0.5838453152682919
sweep,6070-86744-0011,test-other,6070,WB8,0,0.0,True,55.77867126464844,7.038041591644287,7.460608005523682,7.442976951599121,6.29232931137085,8000.0,4.547955826885599,0.504852748967269
sweep,6070-86744-0013,test-other,6070,NB8,2,0.125,True,114.06902313232422,9.086633682250977,6.149191379547119,6.300976276397705,10.483245849609375,4750.0,-17.243330657210564,0.5566157444367187
sweep,6070-86744-0013,test-other,6070,WB8,0,0.0,True,52.55275344848633,6.969632148742676,7.617284297943115,7.538974761962891,6.0348992347717285,8000.0,4.125111219307478,0.42823216059452546
sweep,6070-86744-0014,test-other,6070,NB8,2,0.125,True,94.88661193847656,7.851089000701904,5.493508338928223,5.678147315979004,8.631795883178711,4500.0,-21.113680103639865,0.5370213906484975
sweep,6070-86744-0014,test-other,6070,WB8,0,0.0,True,46.513362884521484,6.379981994628906,7.02901554107666,6.951137065887451,5.306060791015625,8000.0,3.121592732848862,0.4305240179064198
sweep,6070-86744-0015,test-other,6070,NB8,2,0.125,True,120.49364471435547,9.255173683166504,5.943633079528809,6.178946495056152,10.690017700195312,4593.75,-19.693928517644018,0.5508299654437442
sweep,6070-86744-0015,test-other,6070,WB8,0,0.0,True,52.54066467285156,6.942162036895752,7.456274509429932,7.432291507720947,5.988495349884033,8000.0,3.6714398213671555,0.4684885183205726
sweep,6070-86744-0017,test-other,6070,NB8,2,0.125,True,67.429931640625,6.0863237380981445,4.956934928894043,5.041397571563721,5.93779182434082,4593.75,-22.45031070523242,0.5474585494095761
sweep,6070-86744-0017,test-other,6070,WB8,0,0.0,True,32.98698425292969,5.091497421264648,6.039886474609375,5.899954319000244,3.570936918258667,8000.0,3.1760385036964673,0.4874639823621396
sweep,6070-86744-0019,test-other,6070,NB8,2,0.125,True,86.76463317871094,7.639082908630371,5.747750282287598,5.878304958343506,8.1735258102417,4718.75,-15.287516613058935,0.5378399118026291
sweep,6070-86744-0019,test-other,6070,WB8,0,0.0,True,46.38215255737305,6.406667232513428,7.215930461883545,7.1211957931518555,5.135359764099121,8000.0,4.017064378479285,0.41343970783069545
sweep,6070-86744-0025,test-other,6070,NB8,2,0.125,True,173.6644287109375,11.619685173034668,6.463597297668457,6.709433078765869,14.350826263427734,4406.25,-23.14041749957972,0.5640154723812062
sweep,6070-86744-0025,test-other,6070,WB8,0,0.0,True,58.830081939697266,7.451672554016113,7.567800521850586,7.61726188659668,7.04597806930542,8000.0,2.8854071385593647,0.4753557751811131
sweep,6070-86745-0002,test-other,6070,NB8,2,0.125,True,71.4555892944336,6.678767204284668,5.259446144104004,5.163553237915039,6.893524169921875,4625.0,-14.684959333834417,0.554316056936763
sweep,6070-86745-0002,test-other,6070,WB8,0,0.0,True,44.44615936279297,6.202990531921387,7.161037921905518,7.032693386077881,4.703281402587891,8000.0,4.695245617942229,0.4087456118310891
sweep,6070-86745-0005,test-other,6070,NB8,2,0.125,True,136.14906311035156,9.261432647705078,5.690134525299072,5.832613468170166,10.694626808166504,4375.0,-23.186736812323513,0.5844073932774474
sweep,6070-86745-0005,test-other,6070,WB8,0,0.0,True,47.30061721801758,6.401255130767822,6.88132905960083,6.910257339477539,5.280739784240723,8000.0,2.5675479029776636,0.47866537749146354
sweep,6070-86745-0006,test-other,6070,NB8,2,0.125,True,89.80067443847656,8.353819847106934,5.925875186920166,6.134438991546631,9.549942016601562,4906.25,-12.931347906208945,0.5522577112038445
sweep,6070-86745-0006,test-other,6070,WB8,0,0.0,True,50.66682434082031,6.792031764984131,6.960972309112549,7.0505218505859375,6.2369303703308105,8000.0,-0.2700073445972962,0.48753660673694915
sweep,6070-86745-0008,test-other,6070,NB8,2,0.125,True,109.36468505859375,8.549066543579102,5.7178955078125,5.641282081604004,9.782423973083496,4125.0,-31.850448106296646,0.5848255459922111
sweep,6070-86745-0008,test-other,6070,WB8,0,0.0,True,55.612918853759766,7.107057571411133,7.6137919425964355,7.832406044006348,5.884333610534668,8000.0,5.143701193092239,0.42541285005204943
sweep,6070-86745-0009,test-other,6070,NB8,2,0.125,True,69.13179779052734,7.3490753173828125,6.240631580352783,6.200974464416504,7.470184803009033,4906.25,-22.361531534380358,0.5233145976569779
sweep,6070-86745-0009,test-other,6070,WB8,0,0.0,True,54.61579513549805,7.106612205505371,7.960559844970703,7.901224136352539,5.828851699829102,8000.0,1.4269334445528392,0.41105890837219
sweep,6070-86745-0011,test-other,6070,NB8,2,0.125,True,144.03501892089844,9.358460426330566,5.979515075683594,6.030590534210205,10.675644874572754,4875.0,-27.349780362915332,0.5548391255957258
sweep,6070-86745-0011,test-other,6070,WB8,0,0.0,True,55.57857131958008,6.896671772003174,7.62568473815918,7.573845863342285,5.734706401824951,8000.0,3.1720337642988934,0.4329062368314296
sweep,6070-86745-0012,test-other,6070,NB8,2,0.125,True,69.64234161376953,6.806915760040283,5.685477256774902,5.709854602813721,6.741384506225586,4406.25,-22.05018067650064,0.5887963246425636
sweep,6070-86745-0012,test-other,6070,WB8,0,0.0,True,40.40190124511719,5.998836040496826,6.9569926261901855,6.918047904968262,4.396561622619629,8000.0,3.7199985651372898,0.48634731735092857
sweep,6070-86745-0014,test-other,6070,NB8,2,0.125,True,79.59012603759766,7.195425033569336,5.520804405212402,5.511348724365234,7.3349103927612305,4593.75,-21.207268496001017,0.5690225496885737
sweep,6070-86745-0014,test-other,6070,WB8,0,0.0,True,39.214046478271484,5.854439735412598,6.703505992889404,6.646681308746338,4.277297496795654,8000.0,3.8840074956923383,0.4790791633795849
sweep,6070-86745-0017,test-other,6070,NB8,2,0.125,True,99.87705993652344,7.78230094909668,5.419787883758545,5.451155185699463,8.373313903808594,4343.75,-24.819095453756958,0.6208864581245203
sweep,6070-86745-0017,test-other,6070,WB8,0,0.0,True,53.14069366455078,6.798130035400391,7.67386531829834,7.599813938140869,5.3053436279296875,8000.0,5.593979108523675,0.46448717504833886
sweep,6070-86745-0019,test-other,6070,NB8,2,0.125,True,86.54332733154297,7.811842441558838,5.5792765617370605,5.712039947509766,8.389022827148438,4656.25,-17.66192849573614,0.578070305430191
sweep,6070-86745-0019,test-other,6070,WB8,0,0.0,True,48.7231330871582,6.675741672515869,7.190803527832031,7.248612880706787,5.483341693878174,8000.0,4.2622123411927895,0.4837123794453522
sweep,6128-63240-0000,test-other,6128,NB8,2,0.125,True,109.7818374633789,9.198075294494629,6.535696506500244,6.7281904220581055,10.404704093933105,4687.5,-16.78904896541219,0.5597179696596885
sweep,6128-63240-0000,test-other,6128,WB8,0,0.0,True,48.364959716796875,6.7798919677734375,7.202678203582764,7.23198127746582,6.059518337249756,8000.0,1.7812853179729384,0.4674428055347568
sweep,6128-63240-0003,test-other,6128,NB8,2,0.125,True,135.57969665527344,10.0294828414917,6.5227742195129395,6.581295013427734,11.76919937133789,4343.75,-19.058120567039232,0.5060158294489877
sweep,6128-63240-0003,test-other,6128,WB8,0,0.0,True,48.5174446105957,6.695503234863281,7.077927112579346,7.055085182189941,6.054691791534424,8000.0,0.7632196846856807,0.4433362182696851
sweep,6128-63240-0004,test-other,6128,NB8,2,0.125,True,111.2750244140625,9.090420722961426,6.418740272521973,6.515988826751709,10.335351943969727,4656.25,-18.717069922190454,0.5012172713380353
sweep,6128-63240-0004,test-other,6128,WB8,0,0.0,True,49.05213165283203,6.736484527587891,7.255381107330322,7.230922698974609,5.945202827453613,8000.0,2.6162340481418984,0.42056599267000255
sweep,6128-63240-0005,test-other,6128,NB8,2,0.125,True,145.05221557617188,10.523198127746582,6.684021472930908,6.863253593444824,12.448473930358887,4718.75,-8.840175683306295,0.5507870494459715
sweep,6128-63240-0005,test-other,6128,WB8,0,0.0,True,54.482666015625,7.18096923828125,7.433323860168457,7.450359344482422,6.671358108520508,8000.0,3.2345649483958114,0.45904338432239916
sweep,6128-63240-0009,test-other,6128,NB8,2,0.125,True,97.25601196289062,8.556139945983887,6.246114253997803,6.359664440155029,9.548323631286621,4343.75,-20.433567031579134,0.5289441641601019
sweep,6128-63240-0009,test-other,6128,WB8,0,0.0,True,45.033870697021484,6.41359281539917,6.931956768035889,6.909095764160156,5.558462142944336,8000.0,0.7664229979109577,0.4329627886266013
sweep,6128-63240-0014,test-other,6128,NB8,2,0.125,True,83.07122039794922,8.228278160095215,6.577062606811523,6.648529529571533,8.862358093261719,4562.5,-13.49801809443049,0.5252511270919927
sweep,6128-63240-0014,test-other,6128,WB8,0,0.0,True,46.91502380371094,6.654204845428467,7.1611480712890625,7.143974781036377,5.944565296173096,8000.0,-0.3095044329645786,0.47219865771418795
sweep,6128-63240-0016,test-other,6128,NB8,2,0.125,True,133.33349609375,9.95750617980957,6.267373085021973,6.379909038543701,11.832680702209473,4468.75,-14.18718676467094,0.501943493853083
sweep,6128-63240-0016,test-other,6128,WB8,0,0.0,True,49.455322265625,6.709998607635498,6.9980597496032715,7.0340728759765625,6.11651611328125,8000.0,4.364046260331436,0.40657736794876254
sweep,6128-63240-0021,test-other,6128,NB8,2,0.125,True,141.80165100097656,10.437845230102539,6.675373554229736,6.798430919647217,12.370782852172852,4656.25,-18.430378452298328,0.5199742442009866
sweep,6128-63240-0021,test-other,6128,WB8,0,0.0,True,53.9456672668457,7.087314128875732,7.5283403396606445,7.47650671005249,6.4239044189453125,8000.0,0.16104154295820847,0.46194727161086857
sweep,6128-63240-0025,test-other,6128,NB8,2,0.125,True,156.60302734375,10.995522499084473,6.55348014831543,6.792637348175049,13.313224792480469,4750.0,-14.92367415742603,0.5897262397799388
sweep,6128-63240-0025,test-other,6128,WB8,0,0.0,True,52.539024353027344,7.058538913726807,7.241757392883301,7.302382469177246,6.608671188354492,8000.0,3.192323270485462,0.4893295583103812
sweep,6128-63240-0027,test-other,6128,NB8,2,0.125,True,189.77528381347656,12.108377456665039,6.490039348602295,6.763427257537842,15.081345558166504,4437.5,-16.525880033574406,0.5261883360679229
sweep,6128-63240-0027,test-other,6128,WB8,0,0.0,True,56.2066535949707,7.25335168838501,7.301592826843262,7.409776210784912,6.890426158905029,8000.0,3.084610299947795,0.4155961143170482
sweep,6128-63241-0000,test-other,6128,NB8,2,0.125,True,108.89347076416016,8.600951194763184,5.784073829650879,5.9046759605407715,9.82585334777832,4593.75,-15.585431457066212,0.5026071596171565
sweep,6128-63241-0000,test-other,6128,WB8,0,0.0,True,43.072174072265625,6.105857849121094,6.573442459106445,6.5292768478393555,5.303419589996338,8000.0,3.369111004947689,0.43687025158831805
sweep,6128-63241-0004,test-other,6128,NB8,2,0.125,True,119.92188262939453,9.367847442626953,6.080844879150391,6.3204498291015625,11.006446838378906,4531.25,-16.812769954514785,0.5167468120469018
sweep,6128-63241-0004,test-other,6128,WB8,0,0.0,True,48.232234954833984,6.608989715576172,6.948589324951172,6.980122089385986,5.973458290100098,8000.0,2.479116590228907,0.45178034457058747
sweep,6128-63241-0005,test-other,6128,NB8,2,0.125,True,135.34637451171875,9.988683700561523,6.051477432250977,6.243093490600586,12.052236557006836,4531.25,-17.322793241459518,0.5691944133584913
sweep,6128-63241-0005,test-other,6128,WB8,0,0.0,True,49.351905822753906,6.6949992179870605,6.881325721740723,6.887412071228027,6.250929832458496,8000.0,2.517958165803268,0.48174034928204884
sweep,6128-63241-0012,test-other,6128,NB8,2,0.125,True,132.6222381591797,9.019153594970703,5.507694721221924,5.603598594665527,10.491901397705078,4468.75,-20.590862916761324,0.5130010323844083
sweep,6128-63241-0012,test-other,6128,WB8,0,0.0,True,38.890357971191406,5.741142749786377,6.1596598625183105,6.122038841247559,4.920132637023926,8000.0,1.1932638795813406,0.44768969579155793
sweep,6128-63244-0002,test-other,6128,NB8,2,0.125,True,403.1680603027344,18.24025535583496,7.2267680168151855,7.612782001495361,24.05189323425293,4281.25,-17.920938862532388,0.45954133594739244
sweep,6128-63244-0002,test-other,6128,WB8,0,0.0,True,64.4280776977539,7.907192707061768,7.579819679260254,7.793722629547119,7.86414909362793,8000.0,1.5056803330935082,0.3963936751127044
sweep,6128-63244-0003,test-other,6128,NB8,2,0.125,True,377.37298583984375,18.22206687927246,7.250475883483887,7.6721110343933105,24.321456909179688,4281.25,-20.39627278909565,0.49584292500076926
sweep,6128-63244-0003,test-other,6128,WB8,0,0.0,True,70.82180786132812,8.334291458129883,7.840164661407471,8.083874702453613,8.508214950561523,8000.0,2.52015418483942,0.4076676956131215
sweep,6128-63244-0004,test-other,6128,NB8,2,0.125,True,365.493896484375,18.075380325317383,6.993755340576172,7.399434566497803,24.174489974975586,4281.25,-18.59667020694769,0.4762867815864133
sweep,6128-63244-0004,test-other,6128,WB8,0,0.0,True,71.06412506103516,8.265103340148926,7.6610918045043945,7.850978851318359,8.55186939239502,8000.0,2.551148063449307,0.3572314425871482
sweep,6128-63244-0007,test-other,6128,NB8,2,0.125,True,304.9222412109375,15.74101734161377,6.715047359466553,7.053335189819336,20.608898162841797,4281.25,-18.144482613015978,0.4498529344323634
sweep,6128-63244-0007,test-other,6128,WB8,0,0.0,True,62.86893844604492,7.651750564575195,7.305690288543701,7.448122501373291,7.657524108886719,8000.0,1.338247307090443,0.37278047629832034
sweep,6128-63244-0016,test-other,6128,NB8,2,0.125,True,330.529052734375,16.376909255981445,7.125321865081787,7.5952677726745605,21.284175872802734,4250.0,-19.042622330152582,0.44982777221421033
sweep,6128-63244-0016,test-other,6128,WB8,0,0.0,True,64.80139923095703,7.883817672729492,7.636741638183594,7.8613080978393555,7.719607830047607,8000.0,2.245830476986254,0.3679328063633392
sweep,6128-63244-0018,test-other,6128,NB8,2,0.125,True,235.78836059570312,13.047723770141602,6.351237773895264,6.620090007781982,16.44537925720215,4687.5,-12.805317398958744,0.4641964649796998
sweep,6128-63244-0018,test-other,6128,WB8,0,0.0,True,51.60422134399414,6.799683570861816,6.879532814025879,6.908682346343994,6.4363813400268555,8000.0,1.2250637406864349,0.3687515854268524
sweep,6128-63244-0019,test-other,6128,NB8,2,0.125,True,330.2232666015625,16.17771339416504,6.885763645172119,7.210361957550049,21.130176544189453,4312.5,-18.852633562742906,0.44570975130070434
sweep,6128-63244-0019,test-other,6128,WB8,0,0.0,True,61.92242431640625,7.686505317687988,7.420407772064209,7.604347229003906,7.606274604797363,8000.0,1.766637310458397,0.366288978006429
sweep,6128-63244-0020,test-other,6128,NB8,2,0.125,True,452.1373596191406,19.921648025512695,7.158951282501221,7.621893405914307,26.756467819213867,4375.0,-16.463245718825014,0.44229705483044834
sweep,6128-63244-0020,test-other,6128,WB8,0,0.0,True,70.87496185302734,8.334609985351562,7.812673568725586,8.061722755432129,8.509706497192383,8000.0,2.6622546052719724,0.35268347589843013
sweep,6432-63722-0000,test-other,6432,NB8,2,0.125,True,116.220947265625,9.737739562988281,5.806589603424072,6.271111965179443,11.815629959106445,4718.75,-11.022679979567041,0.5948941809344895
sweep,6432-63722-0000,test-other,6432,WB8,0,0.0,True,41.84590148925781,6.10166072845459,6.776049613952637,6.76231050491333,5.173904895782471,8000.0,0.2536348493996849,0.48890056155577705
sweep,6432-63722-0005,test-other,6432,NB8,2,0.125,True,104.22455596923828,8.206665992736816,4.935039043426514,5.1834635734558105,9.740165710449219,4375.0,-21.889861095888538,0.5310706651003554
sweep,6432-63722-0005,test-other,6432,WB8,0,0.0,True,30.781780242919922,4.890067100524902,5.453088760375977,5.430755138397217,3.9506044387817383,8000.0,1.325402685265369,0.48967754591503604
sweep,6432-63722-0007,test-other,6432,NB8,2,0.125,True,109.63188934326172,8.681949615478516,4.896638870239258,5.2539777755737305,10.691000938415527,4468.75,-15.172423665343402,0.5708178233135112
sweep,6432-63722-0007,test-other,6432,WB8,0,0.0,True,31.723526000976562,4.878426551818848,5.284564971923828,5.3185577392578125,4.214709758758545,8000.0,-0.7849210189693684,0.47415377162685
sweep,6432-63722-0009,test-other,6432,NB8,2,0.125,True,108.47511291503906,9.348955154418945,5.802446365356445,6.338328838348389,11.293088912963867,4750.0,-11.66752345852182,0.5458995812700359
sweep,6432-63722-0009,test-other,6432,WB8,0,0.0,True,41.33912658691406,6.000278472900391,6.293269157409668,6.434676170349121,5.3939738273620605,8000.0,1.0097497132941222,0.4764828042253361
sweep,6432-63722-0010,test-other,6432,NB8,2,0.125,True,113.71296691894531,9.167044639587402,5.300015449523926,5.749673843383789,11.103629112243652,4593.75,-15.142318961493036,0.6369602559109347
sweep,6432-63722-0010,test-other,6432,WB8,0,0.0,True,35.20563888549805,5.504702568054199,5.875685691833496,6.002893924713135,4.794186592102051,8000.0,-0.11227773844241729,0.5102046714449241
sweep,6432-63722-0013,test-other,6432,NB8,2,0.125,True,134.2515106201172,9.93773365020752,5.392382621765137,5.83211612701416,12.410338401794434,4593.75,-13.389533086457305,0.5097677070158865
sweep,6432-63722-0013,test-other,6432,WB8,0,0.0,True,41.302120208740234,5.765540599822998,6.075319766998291,6.135786533355713,5.210062503814697,8000.0,2.2686882480041017,0.4145581184062824
sweep,6432-63722-0014,test-other,6432,NB8,2,0.125,True,132.2274627685547,10.237015724182129,5.867702484130859,6.273338794708252,12.541157722473145,4687.5,-12.404067712061122,0.5280501775654796
sweep,6432-63722-0014,test-other,6432,WB8,0,0.0,True,40.064186096191406,6.060410022735596,6.572023868560791,6.735669136047363,5.079538345336914,8000.0,-0.08675986349649502,0.4377361800478908
sweep,6432-63722-0018,test-other,6432,NB8,2,0.125,True,119.83332824707031,9.573501586914062,5.725423812866211,6.086070537567139,11.674434661865234,4718.75,-12.236172534390526,0.554470543135593
sweep,6432-63722-0018,test-other,6432,WB8,0,0.0,True,42.03501892089844,5.946789264678955,6.6025776863098145,6.654970169067383,4.9562788009643555,8000.0,1.5419946098435542,0.44955842735025564
sweep,6432-63722-0027,test-other,6432,NB8,2,0.125,True,97.43323516845703,8.837639808654785,5.779205799102783,6.2664690017700195,10.418535232543945,4718.75,-10.441845716574175,0.5280231588629493
sweep,6432-63722-0027,test-other,6432,WB8,0,0.0,True,41.66661071777344,6.05644416809082,6.542250633239746,6.646806240081787,5.24077033996582,8000.0,1.0231847863730261,0.4767484735503048
sweep,6432-63722-0030,test-other,6432,NB8,2,0.125,True,82.19229125976562,8.286900520324707,6.279265880584717,6.734011650085449,9.109124183654785,4875.0,-9.797153035462319,0.5561228137098111
sweep,6432-63722-0030,test-other,6432,WB8,0,0.0,True,48.55833435058594,6.6199469566345215,7.545799255371094,7.583598613739014,5.24343729019165,8000.0,2.8894842867785187,0.467846264342746
sweep,6432-63722-0032,test-other,6432,NB8,2,0.125,True,116.65644836425781,9.425787925720215,5.359941005706787,5.8308424949646,11.585667610168457,4656.25,-12.946544234325927,0.585236332139943
sweep,6432-63722-0032,test-other,6432,WB8,0,0.0,True,36.0251579284668,5.511168003082275,5.910340785980225,5.998672962188721,4.820753574371338,8000.0,1.4593784295733698,0.5274965502100326
sweep,6432-63722-0036,test-other,6432,NB8,2,0.125,True,101.67071533203125,8.929984092712402,5.872801303863525,6.371243953704834,10.398070335388184,4687.5,-10.96570896361217,0.5513065640034887
sweep,6432-63722-0036,test-other,6432,WB8,0,0.0,True,40.7147331237793,6.010812759399414,6.686226844787598,6.775754451751709,4.933073043823242,8000.0,2.2019006033781716,0.4599588641875434
sweep,6432-63722-0037,test-other,6432,NB8,2,0.125,True,103.4831771850586,8.83293342590332,5.384959697723389,5.888232231140137,10.450221061706543,4718.75,-11.50630267482251,0.5795527612404822
sweep,6432-63722-0037,test-other,6432,WB8,0,0.0,True,36.980159759521484,5.607633590698242,6.037120342254639,6.187697410583496,4.73553466796875,8000.0,1.7577191355175015,0.5185077316918695
sweep,6432-63722-0054,test-other,6432,NB8,2,0.125,True,109.08622741699219,9.375683784484863,5.782994747161865,6.257684707641602,11.338214874267578,4843.75,-11.313552406665933,0.5941546178824577
sweep,6432-63722-0054,test-other,6432,WB8,0,0.0,True,40.80097198486328,6.003607749938965,6.49978494644165,6.622189521789551,5.17180061340332,8000.0,0.6467053043884603,0.5127477462823269
sweep,6432-63722-0058,test-other,6432,NB8,2,0.125,True,91.93812561035156,8.44211196899414,5.638843059539795,6.025650978088379,9.860672950744629,4687.5,-10.517661548324943,0.5603266965584668
sweep,6432-63722-0058,test-other,6432,WB8,0,0.0,True,35.039634704589844,5.572463512420654,6.156313419342041,6.2532196044921875,4.640324592590332,8000.0,1.211850004968533,0.5207001560090428
sweep,6432-63723-0001,test-other,6432,NB8,2,0.125,True,128.1442413330078,10.132079124450684,5.795401096343994,6.316091060638428,12.528697967529297,4625.0,-14.402674685584653,0.5706207675464234
sweep,6432-63723-0001,test-other,6432,WB8,0,0.0,True,44.18303680419922,6.210693836212158,6.596009731292725,6.732016563415527,5.506372451782227,8000.0,2.3522697110401443,0.4846554584374635
sweep,6432-63723-0003,test-other,6432,NB8,2,0.125,True,101.78923034667969,8.404326438903809,4.781050682067871,5.180051326751709,10.186076164245605,4812.5,-11.07011821361387,0.6230934965934222
sweep,6432-63723-0003,test-other,6432,WB8,0,0.0,True,33.23454666137695,5.048645496368408,5.333469867706299,5.443551540374756,4.3509111404418945,8000.0,-0.8906033584280891,0.5640534736446876
sweep,6432-63723-0005,test-other,6432,NB8,2,0.125,True,81.93548583984375,8.053893089294434,5.9816670417785645,6.375606060028076,8.919604301452637,4843.75,-9.969498917720411,0.593278914341447
sweep,6432-63723-0005,test-other,6432,WB8,0,0.0,True,40.812320709228516,6.038908004760742,6.878112316131592,6.916093826293945,4.803454875946045,8000.0,-0.9250653092272894,0.45981311242731704
sweep,6432-63723-0009,test-other,6432,NB8,2,0.125,True,134.81521606445312,10.756516456604004,6.271779537200928,6.780745506286621,13.199950218200684,4718.75,-12.052494871831374,0.5490586536879672
sweep,6432-63723-0009,test-other,6432,WB8,0,0.0,True,45.12665557861328,6.509732246398926,6.964443206787109,7.0688862800598145,5.65548849105835,8000.0,0.008929842901147064,0.4368428897989514
sweep,6432-63723-0025,test-other,6432,NB8,2,0.125,True,85.80133819580078,7.5187835693359375,4.932865142822266,5.315415859222412,8.709688186645508,4687.5,-10.721559491782678,0.5614256241347222
sweep,6432-63723-0025,test-other,6432,WB8,0,0.0,True,33.67847442626953,5.066756248474121,5.665979862213135,5.732977867126465,4.073784351348877,8000.0,2.9180385651856167,0.5007645127933948
sweep,6432-63723-0031,test-other,6432,NB8,2,0.125,True,123.0191421508789,10.007102966308594,6.134459495544434,6.570667266845703,12.087382316589355,4750.0,-11.901233469346067,0.5241933663845812
sweep,6432-63723-0031,test-other,6432,WB8,0,0.0,True,46.47205352783203,6.467748641967773,7.08091402053833,7.121341705322266,5.555530071258545,8000.0,2.818409957790468,0.4251084688554701
sweep,6432-63723-0040,test-other,6432,NB8,2,0.125,True,96.98118591308594,8.257401466369629,5.139450550079346,5.580250263214111,9.647459030151367,4718.75,-12.611363657694598,0.5954216518811157
sweep,6432-63723-0040,test-other,6432,WB8,0,0.0,True,33.87663650512695,5.255578517913818,5.81202507019043,5.873003959655762,4.310272216796875,8000.0,-0.18558768980160675,0.49861907424218166
sweep,6432-63723-0041,test-other,6432,NB8,2,0.125,True,79.07371520996094,7.497168064117432,5.106058597564697,5.5847063064575195,8.552441596984863,4687.5,-12.765727109484327,0.5662535278572001
sweep,6432-63723-0041,test-other,6432,WB8,0,0.0,True,35.819087982177734,5.288873672485352,5.705804824829102,5.821222305297852,4.467423915863037,8000.0,-0.6936917536302971,0.5217418992559124
sweep,6432-63723-0042,test-other,6432,NB8,2,0.125,True,84.86155700683594,7.143896579742432,4.242374897003174,4.514863967895508,8.531242370605469,4781.25,-11.38974689754381,0.6912061188353129
sweep,6432-63723-0042,test-other,6432,WB8,0,0.0,True,28.227100372314453,4.375489711761475,4.787054538726807,4.782648086547852,3.705690860748291,8000.0,-1.4970331582032235,0.5628164475044309
sweep,6432-63723-0043,test-other,6432,NB8,2,0.125,True,122.31019592285156,9.802376747131348,5.683884143829346,6.15329122543335,12.012173652648926,4656.25,-13.693759953884559,0.5001616243825143
sweep,6432-63723-0043,test-other,6432,WB8,0,0.0,True,39.34806823730469,5.887556552886963,6.350794315338135,6.464618682861328,5.082218647003174,8000.0,1.7993707692683605,0.44761240123850715
sweep,6432-63723-0045,test-other,6432,NB8,2,0.125,True,80.59706115722656,7.294911861419678,4.682427406311035,5.124695777893066,8.632452964782715,4812.5,-10.772753728774159,0.5947370612207842
sweep,6432-63723-0045,test-other,6432,WB8,0,0.0,True,31.348270416259766,4.842373371124268,5.231405735015869,5.389583110809326,4.109562397003174,8000.0,1.3282223980090486,0.5500339572999876
sweep,6432-63723-0050,test-other,6432,NB8,2,0.125,True,97.80307006835938,8.4120512008667,5.5131025314331055,5.879707336425781,9.769634246826172,4500.0,-18.574483972188382,0.5758484952198545
sweep,6432-63723-0050,test-other,6432,WB8,0,0.0,True,40.017879486083984,5.885653972625732,6.548378944396973,6.6522746086120605,4.732350826263428,8000.0,4.6067882147947,0.4077463607606698
sweep,6432-63723-0053,test-other,6432,NB8,2,0.125,True,108.97645568847656,9.239423751831055,6.162537574768066,6.574166774749756,10.862394332885742,4593.75,-13.380246275136747,0.5553555474449762
sweep,6432-63723-0053,test-other,6432,WB8,0,0.0,True,50.42476272583008,6.6010823249816895,7.548593997955322,7.57581090927124,5.253826141357422,8000.0,3.733115366274343,0.4342833470123308
sweep,6432-63723-0056,test-other,6432,NB8,2,0.125,True,83.29570007324219,7.84114408493042,5.175565719604492,5.6748480796813965,9.002260208129883,4750.0,-10.258631676203791,0.5783750774215323
sweep,6432-63723-0056,test-other,6432,WB8,0,0.0,True,34.69407653808594,5.349052906036377,5.7407732009887695,5.883908271789551,4.491484642028809,8000.0,0.95185282915764,0.48925596132939375
sweep,6432-63723-0057,test-other,6432,NB8,2,0.125,True,132.4470672607422,10.005407333374023,5.360684394836426,5.887851715087891,12.505444526672363,4656.25,-13.416592495712552,0.6029586399727881
sweep,6432-63723-0057,test-other,6432,WB8,0,0.0,True,40.344512939453125,5.809665679931641,5.997245788574219,6.171383380889893,5.2740478515625,8000.0,2.3147458926254254,0.5285170458868328
sweep,7018-75788-0009,test-other,7018,NB8,2,0.125,True,163.635986328125,10.821991920471191,5.826653003692627,6.056436538696289,13.271904945373535,4781.25,-20.12586365276703,0.5217984760525041
sweep,7018-75788-0009,test-other,7018,WB8,0,0.0,True,46.037376403808594,6.336556911468506,6.299351692199707,6.329171180725098,5.920060157775879,8000.0,2.4936243863061125,0.509801459899189
sweep,7018-75788-0014,test-other,7018,NB8,2,0.125,True,189.0939178466797,11.127680778503418,5.4976630210876465,5.7872138023376465,13.856783866882324,4468.75,-19.19282555455846,0.5630678228854294
sweep,7018-75788-0014,test-other,7018,WB8,0,0.0,True,44.56711196899414,6.190873622894287,6.067214012145996,6.159101963043213,5.866430759429932,8000.0,1.9967860930594759,0.48534529008193356
sweep,7018-75788-0015,test-other,7018,NB8,2,0.125,True,197.9825439453125,11.78591537475586,5.893674373626709,6.202784538269043,14.639278411865234,4531.25,-16.540603367532302,0.5401493905804224
sweep,7018-75788-0015,test-other,7018,WB8,0,0.0,True,47.17982864379883,6.461294651031494,6.298791885375977,6.3935065269470215,6.179653644561768,8000.0,2.4304624147161573,0.46924110206233693
sweep,7018-75788-0017,test-other,7018,NB8,2,0.125,True,187.36346435546875,11.295273780822754,5.732914924621582,6.051636695861816,13.938076972961426,4437.5,-19.33322176105332,0.5517603562990441
sweep,7018-75788-0017,test-other,7018,WB8,0,0.0,True,45.91608810424805,6.370210647583008,6.256316184997559,6.3408203125,6.023176193237305,8000.0,1.810014518379073,0.48845050715062066
sweep,7018-75789-0000,test-other,7018,NB8,2,0.125,True,223.98419189453125,12.413186073303223,5.670463562011719,5.981193542480469,15.837690353393555,4437.5,-20.13596349311598,0.6057097819975089
sweep,7018-75789-0000,test-other,7018,WB8,0,0.0,True,49.26545715332031,6.545516490936279,6.289758682250977,6.384328365325928,6.36766242980957,8000.0,2.1173241994590604,0.5231285293499299
sweep,7018-75789-0001,test-other,7018,NB8,2,0.125,True,166.90103149414062,10.816015243530273,5.6225128173828125,5.945494651794434,13.383206367492676,4500.0,-18.24582627871109,0.5686601847528656
sweep,7018-75789-0001,test-other,7018,WB8,0,0.0,True,46.4792594909668,6.424394130706787,6.21417760848999,6.330311298370361,6.178634166717529,8000.0,2.274937348243883,0.4965907069712167
sweep,7018-75789-0006,test-other,7018,NB8,2,0.125,True,147.7574005126953,9.95484733581543,5.34328031539917,5.650726795196533,12.196913719177246,4625.0,-18.926320467406384,0.5971987680331104
sweep,7018-75789-0006,test-other,7018,WB8,0,0.0,True,43.187957763671875,6.047574996948242,5.843137264251709,5.925394058227539,5.8074445724487305,8000.0,2.865753533921895,0.5197515633995178
sweep,7018-75789-0009,test-other,7018,NB8,2,0.125,True,152.65423583984375,9.79344367980957,5.397049427032471,5.682178974151611,11.675690650939941,4406.25,-24.401364142024228,0.6426950014028174
sweep,7018-75789-0009,test-other,7018,WB8,0,0.0,True,40.53374481201172,5.930546760559082,5.89488410949707,5.9610114097595215,5.439807891845703,8000.0,2.4341368785163175,0.5669786461659148
sweep,7018-75789-0010,test-other,7018,NB8,2,0.125,True,213.775390625,11.506503105163574,5.464202404022217,5.722617149353027,14.50055980682373,4437.5,-24.917863425429267,0.5644298259629417
sweep,7018-75789-0010,test-other,7018,WB8,0,0.0,True,44.17567825317383,6.051749229431152,5.905353546142578,5.97737979888916,5.780681610107422,8000.0,1.5945872592089456,0.5138205066584982
sweep,7018-75789-0017,test-other,7018,NB8,2,0.125,True,157.27769470214844,10.212076187133789,5.519615650177002,5.802859306335449,12.26651668548584,4437.5,-23.549706372502218,0.6273597486070562
sweep,7018-75789-0017,test-other,7018,WB8,0,0.0,True,41.999427795410156,6.043869972229004,5.987121105194092,6.051624774932861,5.585866928100586,8000.0,1.890310725670816,0.5366959268744322
sweep,7018-75789-0020,test-other,7018,NB8,2,0.125,True,180.354736328125,11.385530471801758,6.012021064758301,6.377546787261963,13.985915184020996,4562.5,-19.417571044609918,0.5920159380294008
sweep,7018-75789-0020,test-other,7018,WB8,0,0.0,True,48.95647430419922,6.722726821899414,6.565316200256348,6.665759563446045,6.464317321777344,8000.0,2.790649413362558,0.49073924606832214
sweep,7105-2330-0001,test-other,7105,NB8,2,0.125,True,223.87384033203125,13.393226623535156,6.242149353027344,6.633284568786621,17.11957550048828,4781.25,-15.093458082021758,0.7090527293327211
sweep,7105-2330-0001,test-other,7105,WB8,0,0.0,True,51.68702697753906,7.000699520111084,6.632059097290039,6.774598121643066,6.977952003479004,8000.0,1.7066257375526475,0.6352867664011752
sweep,7105-2330-0003,test-other,7105,NB8,2,0.125,True,204.24888610839844,12.58954906463623,6.036605358123779,6.346301555633545,15.991280555725098,4750.0,-18.475476350555034,0.7161131289469218
sweep,7105-2330-0003,test-other,7105,WB8,0,0.0,True,49.09439468383789,6.740320682525635,6.491610527038574,6.567879676818848,6.628381729125977,8000.0,1.999055021347485,0.6428645028136288
sweep,7105-2330-0006,test-other,7105,NB8,2,0.125,True,151.69915771484375,10.305295944213867,5.563392162322998,5.879703521728516,12.594776153564453,4687.5,-15.010701498801955,0.6876878439008094
sweep,7105-2330-0006,test-other,7105,WB8,0,0.0,True,41.94131851196289,6.036369800567627,5.929703235626221,5.994348526000977,5.7290120124816895,8000.0,2.084541439218965,0.6137360659812343
sweep,7105-2330-0007,test-other,7105,NB8,2,0.125,True,182.00392150878906,11.613614082336426,5.721903324127197,6.037494659423828,14.641820907592773,4593.75,-16.16923087019283,0.73768575597068
sweep,7105-2330-0007,test-other,7105,WB8,0,0.0,True,44.92219161987305,6.328235626220703,6.084441661834717,6.1344122886657715,6.216519355773926,8000.0,1.7113586915611199,0.6871284407721606
sweep,7105-2330-0008,test-other,7105,NB8,2,0.125,True,206.84063720703125,13.086194038391113,6.033474445343018,6.462275505065918,16.80638885498047,4843.75,-12.359456833480298,0.7133878078296676
sweep,7105-2330-0008,test-other,7105,WB8,0,0.0,True,50.32417297363281,6.875371932983398,6.428667068481445,6.52653694152832,6.972675323486328,8000.0,0.31741907464877067,0.6593567630478779
sweep,7105-2330-0009,test-other,7105,NB8,2,0.125,True,216.49375915527344,13.335143089294434,6.2312331199646,6.634594917297363,17.088525772094727,4718.75,-14.617793660639977,0.7194860005791656
sweep,7105-2330-0009,test-other,7105,WB8,0,0.0,True,52.775177001953125,7.103691101074219,6.667205333709717,6.796141624450684,7.166915416717529,8000.0,1.7402831452336875,0.6418084247855124
sweep,7105-2330-0010,test-other,7105,NB8,2,0.125,True,190.17672729492188,11.739524841308594,5.701740264892578,5.934238910675049,14.87434196472168,4812.5,-17.71189634752939,0.6487330837708675
sweep,7105-2330-0010,test-other,7105,WB8,0,0.0,True,45.0920524597168,6.250345230102539,6.102156639099121,6.132678508758545,6.067908763885498,8000.0,1.5282594188055634,0.5900376766730555
sweep,7105-2330-0011,test-other,7105,NB8,2,0.125,True,192.93785095214844,11.853558540344238,5.779965400695801,6.05075740814209,14.9215087890625,4750.0,-16.126527810412913,0.6845770258772377
sweep,7105-2330-0011,test-other,7105,WB8,0,0.0,True,46.08048629760742,6.372738838195801,6.220158576965332,6.304257869720459,6.153059959411621,8000.0,2.0893728343052107,0.59867512093004
sweep,7105-2330-0018,test-other,7105,NB8,2,0.125,True,154.6584014892578,10.954036712646484,5.6744771003723145,5.992550849914551,13.705010414123535,4843.75,-16.359247796531342,0.7361739966654798
sweep,7105-2330-0018,test-other,7105,WB8,0,0.0,True,45.19849395751953,6.392446041107178,6.199368476867676,6.272485256195068,6.231010913848877,8000.0,-0.037516261414730995,0.6768256717192247
sweep,7105-2330-0019,test-other,7105,NB8,2,0.125,True,203.62612915039062,12.405769348144531,5.981313705444336,6.293549537658691,15.718326568603516,4812.5,-21.446250745043443,0.7272802409260126
sweep,7105-2330-0019,test-other,7105,WB8,0,0.0,True,47.833126068115234,6.622714042663574,6.398934364318848,6.471442222595215,6.472402572631836,8000.0,1.5882227589865394,0.6705783613124419
sweep,7105-2330-0026,test-other,7105,NB8,2,0.125,True,239.59063720703125,13.428954124450684,6.097622871398926,6.441909313201904,16.95253562927246,4875.0,-19.69162126879626,0.7406844089210997
sweep,7105-2330-0026,test-other,7105,WB8,0,0.0,True,48.14008331298828,6.700289726257324,6.42184591293335,6.542100429534912,6.42738676071167,8000.0,0.6393230153568923,0.7019463865632284
sweep,7105-2330-0028,test-other,7105,NB8,2,0.125,True,203.45797729492188,12.479106903076172,5.933531761169434,6.287756443023682,15.972294807434082,4562.5,-20.320658806505758,0.6621552241212187
sweep,7105-2330-0028,test-other,7105,WB8,0,0.0,True,48.67362976074219,6.675074577331543,6.38657808303833,6.483598232269287,6.649777889251709,8000.0,1.8026435384344255,0.6233752802613641
sweep,7105-2330-0030,test-other,7105,NB8,2,0.125,True,217.18685913085938,12.822383880615234,6.036453723907471,6.404647350311279,16.366716384887695,4718.75,-24.403105265220375,0.7153784145853903
sweep,7105-2330-0030,test-other,7105,WB8,0,0.0,True,48.11072540283203,6.679699897766113,6.390896320343018,6.500277519226074,6.634360313415527,8000.0,0.8827857646034978,0.6392259741050635
sweep,7105-2330-0036,test-other,7105,NB8,2,0.125,True,284.93292236328125,15.056689262390137,6.253186225891113,6.692002773284912,19.66634178161621,4687.5,-19.957895694364296,0.7285480454308019
sweep,7105-2330-0036,test-other,7105,WB8,0,0.0,True,53.57538986206055,7.110477924346924,6.648473262786865,6.845133304595947,7.134316921234131,8000.0,1.9782078106246848,0.6645614185666762
sweep,7105-2330-0038,test-other,7105,NB8,2,0.125,True,191.25376892089844,12.436603546142578,6.15824556350708,6.560938358306885,15.769076347351074,4687.5,-15.164468354319654,0.686082506198668
sweep,7105-2330-0038,test-other,7105,WB8,0,0.0,True,49.2629280090332,6.85875940322876,6.555873394012451,6.664637565612793,6.827905654907227,8000.0,1.1074322947913382,0.6238105423828622
sweep,7105-2330-0039,test-other,7105,NB8,2,0.125,True,232.84320068359375,13.944238662719727,6.280858516693115,6.784448146820068,18.058013916015625,4750.0,-20.62355739026788,0.6886762084031354
sweep,7105-2330-0039,test-other,7105,WB8,0,0.0,True,54.4322509765625,7.273812294006348,6.688857555389404,6.9116716384887695,7.449976921081543,8000.0,1.8156761218538997,0.6333740764154975
sweep,7105-2340-0002,test-other,7105,NB8,2,0.125,True,245.9305877685547,13.64684009552002,6.108831882476807,6.397594928741455,17.46429443359375,4656.25,-15.746948151959135,0.6640064196512002
sweep,7105-2340-0002,test-other,7105,WB8,0,0.0,True,50.272552490234375,6.821128845214844,6.577580451965332,6.675714015960693,6.611141681671143,8000.0,2.2241494258413645,0.5847555244436603
sweep,7105-2340-0006,test-other,7105,NB8,2,0.125,True,217.03372192382812,12.42724323272705,5.928328990936279,6.1969990730285645,15.4967041015625,4656.25,-14.790824005099543,0.702635707728941
sweep,7105-2340-0006,test-other,7105,WB8,0,0.0,True,47.03398513793945,6.497014999389648,6.4170660972595215,6.468349933624268,6.059096336364746,8000.0,1.3375962917487563,0.6468995260667298
sweep,7105-2340-0007,test-other,7105,NB8,2,0.125,True,186.2372283935547,11.987186431884766,5.915454387664795,6.239506721496582,15.090847969055176,4687.5,-18.0720358529631,0.7000978354342491
sweep,7105-2340-0007,test-other,7105,WB8,0,0.0,True,48.416168212890625,6.693991661071777,6.490767002105713,6.573451042175293,6.500550270080566,8000.0,1.331815154632118,0.637680957489684
sweep,7105-2340-0012,test-other,7105,NB8,2,0.125,True,151.573486328125,10.602290153503418,5.9981794357299805,6.2167134284973145,12.74435806274414,4687.5,-19.02316960413382,0.7228166499499474
sweep,7105-2340-0012,test-other,7105,WB8,0,0.0,True,45.59318923950195,6.457792282104492,6.427121162414551,6.493687629699707,5.979555130004883,8000.0,1.6977968308581701,0.6830059454485036
sweep,7105-2340-0013,test-other,7105,NB8,2,0.125,True,180.88270568847656,11.285656929016113,5.7963714599609375,6.007806301116943,13.864083290100098,4750.0,-18.382061080639275,0.6457354869538335
sweep,7105-2340-0013,test-other,7105,WB8,0,0.0,True,44.35501480102539,6.256011486053467,6.2589921951293945,6.26854944229126,5.765583515167236,8000.0,2.1089042153423962,0.62662814956185
sweep,7105-2340-0014,test-other,7105,NB8,2,0.125,True,270.2486572265625,14.287480354309082,6.262406826019287,6.471736907958984,18.38240623474121,4281.25,-22.543364946257537,0.7177137765788618
sweep,7105-2340-0014,test-other,7105,WB8,0,0.0,True,49.84744644165039,6.766172885894775,6.6085381507873535,6.64174222946167,6.508965492248535,8000.0,2.2832327974162525,0.6697314052085577
sweep,7105-2340-0015,test-other,7105,NB8,2,0.125,True,152.0197296142578,9.816496849060059,5.902889251708984,5.963418960571289,11.196754455566406,4656.25,-19.311077530026147,0.6309350990448739
sweep,7105-2340-0015,test-other,7105,WB8,0,0.0,True,38.423248291015625,5.761336803436279,6.248659610748291,6.121528625488281,4.713663578033447,8000.0,1.032904360195307,0.5466529993743983
sweep,7105-2340-0022,test-other,7105,NB8,2,0.125,True,186.7373046875,11.764275550842285,5.942669868469238,6.1345038414001465,14.559728622436523,4875.0,-18.25266398485384,0.6486292172754238
sweep,7105-2340-0022,test-other,7105,WB8,0,0.0,True,45.66916275024414,6.435447692871094,6.377871990203857,6.364184379577637,6.060145378112793,8000.0,-0.024737620226741027,0.6290320225535598
sweep,7105-2340-0025,test-other,7105,NB8,2,0.125,True,244.6775665283203,13.997802734375,6.373830318450928,6.730733871459961,17.94900131225586,4687.5,-25.469312730392414,0.6488815696955603
sweep,7105-2340-0025,test-other,7105,WB8,0,0.0,True,55.266883850097656,7.267948150634766,6.819917678833008,7.002506256103516,7.225824356079102,8000.0,1.4526795300374016,0.6063185424225201
sweep,7105-2340-0027,test-other,7105,NB8,2,0.125,True,206.08387756347656,12.559405326843262,6.0047736167907715,6.34703254699707,15.97603702545166,4531.25,-18.251565316922417,0.6720517455528341
sweep,7105-2340-0027,test-other,7105,WB8,0,0.0,True,51.618282318115234,6.88961935043335,6.594130039215088,6.669104099273682,6.777621746063232,8000.0,1.9809727749450943,0.5970346130866415
sweep,7105-2340-0030,test-other,7105,NB8,2,0.125,True,196.21377563476562,12.390661239624023,6.1951470375061035,6.479986667633057,15.587312698364258,4687.5,-12.231412810268358,0.6619013094439559
sweep,7105-2340-0030,test-other,7105,WB8,0,0.0,True,50.705596923828125,6.877788066864014,6.6988091468811035,6.763980388641357,6.659186363220215,8000.0,2.9361179553507326,0.5926633940671395
sweep,7105-2340-0031,test-other,7105,NB8,2,0.125,True,206.6905517578125,12.772200584411621,6.2236857414245605,6.615272045135498,16.11165428161621,4718.75,-14.95842658401202,0.6960092012977842
sweep,7105-2340-0031,test-other,7105,WB8,0,0.0,True,52.16936111450195,7.058232307434082,6.791016578674316,6.901602268218994,6.92155122756958,8000.0,2.5816808179428885,0.6303177104859309
sweep,7105-2340-0032,test-other,7105,NB8,2,0.125,True,190.78285217285156,11.731698036193848,5.986016273498535,6.2481689453125,14.489398002624512,4562.5,-16.354618086279995,0.6240832820324707
sweep,7105-2340-0032,test-other,7105,WB8,0,0.0,True,46.20140838623047,6.476364612579346,6.5137834548950195,6.536203384399414,5.999270915985107,8000.0,2.7515542441756513,0.5472918860403844
sweep,7105-2340-0035,test-other,7105,NB8,2,0.125,True,157.61117553710938,10.453496932983398,6.0092902183532715,6.165583610534668,12.388684272766113,4656.25,-14.617107819033892,0.538061309157243
sweep,7105-2340-0035,test-other,7105,WB8,0,0.0,True,43.64066696166992,6.144248962402344,6.397180557250977,6.338409900665283,5.380290985107422,8000.0,0.9839803581584545,0.512752178681121
sweep,7902-96591-0001,test-other,7902,NB8,2,0.125,True,118.36798095703125,8.984877586364746,5.58862829208374,5.884310722351074,10.557676315307617,4687.5,-15.545275049166483,0.5568552698263679
sweep,7902-96591-0001,test-other,7902,WB8,0,0.0,True,45.00737380981445,6.192736625671387,6.236029148101807,6.354556560516357,5.716207504272461,8000.0,2.336226998687118,0.46413830970145153
sweep,7902-96591-0005,test-other,7902,NB8,2,0.125,True,113.03376007080078,8.496712684631348,5.439114093780518,5.6566853523254395,9.76466178894043,5031.25,-18.887092472807286,0.5920641769590472
sweep,7902-96591-0005,test-other,7902,WB8,0,0.0,True,41.83365249633789,5.875199794769287,6.066895961761475,6.1971540451049805,5.1985273361206055,8000.0,3.3736510902619092,0.4937267115478882
sweep,7902-96591-0006,test-other,7902,NB8,2,0.125,True,126.61505889892578,8.25220012664795,4.869838714599609,5.058455467224121,9.79689884185791,4687.5,-21.156753631530954,0.5109296060643872
sweep,7902-96591-0006,test-other,7902,WB8,0,0.0,True,37.38996124267578,5.289893627166748,5.368236541748047,5.489478588104248,4.8174848556518555,8000.0,2.9662290043963018,0.48218929896916507
sweep,7902-96591-0007,test-other,7902,NB8,2,0.125,True,153.6279296875,10.657302856445312,6.041703224182129,6.474293231964111,12.946035385131836,4937.5,-16.748871418061427,0.578613843391636
sweep,7902-96591-0007,test-other,7902,WB8,0,0.0,True,51.27022171020508,6.870321273803711,6.747354507446289,6.954937934875488,6.570143699645996,8000.0,2.199045054866228,0.42948372681467173
sweep,7902-96591-0009,test-other,7902,NB8,2,0.125,True,167.1732177734375,10.819790840148926,5.9916534423828125,6.3854875564575195,13.113003730773926,4687.5,-15.988944405846851,0.5536212082516042
sweep,7902-96591-0009,test-other,7902,WB8,0,0.0,True,50.10303497314453,6.682554244995117,6.691387176513672,6.915955066680908,6.161375522613525,8000.0,3.382140270140635,0.45325079595128326
sweep,7902-96591-0011,test-other,7902,NB8,2,0.125,True,150.135009765625,10.43532657623291,5.941510200500488,6.435051441192627,12.524016380310059,4656.25,-18.494593937330713,0.5324194287467217
sweep,7902-96591-0011,test-other,7902,WB8,0,0.0,True,49.3631706237793,6.709565162658691,6.6957502365112305,6.823174953460693,6.308517932891846,8000.0,3.3683819316908066,0.41848130924705157
sweep,7902-96591-0016,test-other,7902,NB8,2,0.125,True,125.75904083251953,9.64599895477295,5.996110916137695,6.383668422698975,11.596912384033203,4781.25,-16.48870155325654,0.557008677170365
sweep,7902-96591-0016,test-other,7902,WB8,0,0.0,True,50.11900329589844,6.7089152336120605,6.7111406326293945,6.8662028312683105,6.3892927169799805,8000.0,0.9158809108461796,0.4812437260677732
sweep,7902-96591-0018,test-other,7902,NB8,2,0.125,True,184.08973693847656,11.190218925476074,5.927950859069824,6.353984832763672,13.853442192077637,4781.25,-14.658303852502307,0.5714820830543793
sweep,7902-96591-0018,test-other,7902,WB8,0,0.0,True,52.901615142822266,6.890292644500732,6.709274768829346,6.867403507232666,6.733437538146973,8000.0,2.5856850402959957,0.48932950965573774
sweep,7902-96592-0000,test-other,7902,NB8,2,0.125,True,115.66856384277344,9.061938285827637,5.930509090423584,6.039517879486084,10.632759094238281,4875.0,-19.966801510632497,0.5905386436690245
sweep,7902-96592-0000,test-other,7902,WB8,0,0.0,True,42.3700065612793,6.260817050933838,6.295948028564453,6.414636611938477,5.937160491943359,8000.0,2.0597528329276518,0.5616785589847851
sweep,7902-96592-0006,test-other,7902,NB8,2,0.125,True,67.3715591430664,7.194214820861816,6.195911407470703,6.324557304382324,7.096891403198242,4656.25,-18.95374375233242,0.5705218153058452
sweep,7902-96592-0006,test-other,7902,WB8,0,0.0,True,39.271156311035156,5.994071006774902,6.698655605316162,6.727038860321045,4.808800220489502,8000.0,4.107811675463788,0.5032131894854195
sweep,7902-96592-0010,test-other,7902,NB8,2,0.125,True,72.20924377441406,7.10929012298584,5.476995468139648,5.551245212554932,7.762665271759033,4750.0,-12.582170640173453,0.5522000252745848
sweep,7902-96592-0010,test-other,7902,WB8,0,0.0,True,34.69169616699219,5.423154830932617,5.754896640777588,5.827754020690918,4.79295015335083,8000.0,1.2776571923661784,0.5287787019473109
sweep,7902-96592-0012,test-other,7902,NB8,2,0.125,True,123.60031127929688,9.237139701843262,5.88776969909668,6.021157741546631,10.90040397644043,4656.25,-21.326369308690044,0.6092353995456377
sweep,7902-96592-0012,test-other,7902,WB8,0,0.0,True,42.00828552246094,6.199392318725586,6.247561931610107,6.339678764343262,5.874488353729248,8000.0,2.0193886314493654,0.5576397142648809
sweep,7902-96592-0014,test-other,7902,NB8,2,0.125,True,124.43670654296875,9.608911514282227,6.087006568908691,6.389717102050781,11.397629737854004,4718.75,-18.999486528039412,0.5771749612579878
sweep,7902-96592-0014,test-other,7902,WB8,0,0.0,True,47.80186080932617,6.70661735534668,6.738662242889404,6.873597145080566,6.380664348602295,8000.0,3.0662942518489427,0.5050427507178993
sweep,7902-96592-0022,test-other,7902,NB8,2,0.125,True,102.7530517578125,9.015907287597656,5.9192728996276855,6.1404523849487305,10.712100982666016,4781.25,-13.488909143939832,0.5796771658658413
sweep,7902-96592-0022,test-other,7902,WB8,0,0.0,True,44.50341033935547,6.400700569152832,6.3658127784729,6.436241149902344,6.166897773742676,8000.0,0.06552423517207034,0.5265479622787429
sweep,7902-96592-0026,test-other,7902,NB8,2,0.125,True,89.57353210449219,8.252287864685059,5.983902931213379,6.303805828094482,9.26343822479248,4625.0,-19.81991593947881,0.5709896532625712
sweep,7902-96592-0026,test-other,7902,WB8,0,0.0,True,42.895530700683594,6.285501956939697,6.489988803863525,6.591505527496338,5.771418571472168,8000.0,2.601945820279755,0.49062041949867
sweep,7902-96592-0028,test-other,7902,NB8,2,0.125,True,86.55877685546875,8.208948135375977,6.0235419273376465,6.276575088500977,9.1798677444458,4656.25,-17.7249221618034,0.547367565828126
sweep,7902-96592-0028,test-other,7902,WB8,0,0.0,True,43.67366409301758,6.373406887054443,6.654326915740967,6.743345737457275,5.785945415496826,8000.0,1.9377532617592896,0.4810528317191709
sweep,7902-96592-0040,test-other,7902,NB8,2,0.125,True,76.742919921875,7.600278854370117,5.828476905822754,6.027360916137695,8.3018798828125,4781.25,-17.868717103954026,0.5784702501487532
sweep,7902-96592-0040,test-other,7902,WB8,0,0.0,True,40.495094299316406,6.066678524017334,6.432412147521973,6.479408264160156,5.4254045486450195,8000.0,3.2805541122571125,0.4762020727829446
sweep,7902-96592-0044,test-other,7902,NB8,2,0.125,True,95.35108947753906,8.26911449432373,6.090548992156982,6.307285785675049,9.20151424407959,4625.0,-19.65503101494824,0.5057575200203169
sweep,7902-96592-0044,test-other,7902,WB8,0,0.0,True,42.812889099121094,6.2862629890441895,6.607370376586914,6.668666362762451,5.70112419128418,8000.0,3.287120393384568,0.4478396817072618
sweep,7902-96592-0045,test-other,7902,NB8,2,0.125,True,143.4028778076172,10.476598739624023,6.32814359664917,6.563774108886719,12.780301094055176,4625.0,-20.999966683794383,0.5545863924241354
sweep,7902-96592-0045,test-other,7902,WB8,0,0.0,True,50.773963928222656,6.906930923461914,6.807884216308594,6.971710205078125,6.701211452484131,8000.0,1.4501959162596123,0.4976737433837163
sweep,7902-96592-0046,test-other,7902,NB8,2,0.125,True,119.74701690673828,9.33495807647705,6.182528495788574,6.361914157867432,10.790349960327148,4531.25,-20.135703608688978,0.5607087827829881
sweep,7902-96592-0046,test-other,7902,WB8,0,0.0,True,43.60926818847656,6.362371921539307,6.636224746704102,6.697418689727783,5.785642623901367,8000.0,1.800100681655613,0.48836941546656104
sweep,7902-96592-0049,test-other,7902,NB8,2,0.125,True,117.14944458007812,9.746071815490723,6.422746658325195,6.568722724914551,11.673223495483398,4687.5,-17.035510847630643,0.5810641421737784
sweep,7902-96592-0049,test-other,7902,WB8,0,0.0,True,47.513999938964844,6.758992671966553,6.702567100524902,6.775664329528809,6.645240306854248,8000.0,1.8796300650548363,0.536080112120139
sweep,7902-96594-0000,test-other,7902,NB8,2,0.125,True,56.05172348022461,5.339694976806641,4.9062180519104,4.840245246887207,4.705076217651367,4781.25,-12.387685816972844,0.47391059329840635
sweep,7902-96594-0000,test-other,7902,WB8,0,0.0,True,47.696922302246094,5.623497009277344,6.647298812866211,6.547606945037842,3.938607931137085,8000.0,5.82938886611439,0.3157017767449443
sweep,7902-96594-0006,test-other,7902,NB8,2,0.125,True,69.9650650024414,5.054194450378418,3.2977421283721924,3.5094664096832275,5.52952766418457,4437.5,-19.938372955801427,0.46118393255679674
sweep,7902-96594-0006,test-other,7902,WB8,0,0.0,True,28.481449127197266,3.8001410961151123,3.9434752464294434,4.1468658447265625,3.1213507652282715,8000.0,3.479207835871942,0.3826592955726034
sweep,7902-96594-0014,test-other,7902,NB8,2,0.125,True,52.38036346435547,5.424221038818359,5.3227925300598145,5.3635993003845215,4.2766618728637695,4937.5,-13.025104593443384,0.47370659004914745
sweep,7902-96594-0014,test-other,7902,WB8,0,0.0,True,42.65385437011719,5.686337471008301,6.523553848266602,6.700509071350098,3.956235885620117,8000.0,3.4888973202590656,0.3701158773094918
sweep,7902-96594-0026,test-other,7902,NB8,2,0.125,True,85.83216857910156,7.130894184112549,6.28988790512085,6.231173038482666,6.519440650939941,4875.0,-15.880955228092482,0.4235031900439939
sweep,7902-96594-0026,test-other,7902,WB8,0,0.0,True,71.61933898925781,7.532383441925049,8.785358428955078,8.738590240478516,5.557186126708984,8000.0,6.40111381979843,0.27150017769833407
sweep,7902-96594-0030,test-other,7902,NB8,2,0.125,True,72.63951110839844,5.859374523162842,4.811252593994141,4.875282287597656,5.662263870239258,4531.25,-16.83391848544406,0.5073797417609286
sweep,7902-96594-0030,test-other,7902,WB8,0,0.0,True,47.1345100402832,5.592694282531738,6.305349826812744,6.391635894775391,4.248722076416016,8000.0,4.850444551874238,0.3517734139712776
sweep,7902-96595-0007,test-other,7902,NB8,2,0.125,True,89.58401489257812,7.195423126220703,5.998176097869873,6.078042984008789,6.688347816467285,4500.0,-18.096213771385024,0.4418868025381261
sweep,7902-96595-0007,test-other,7902,WB8,0,0.0,True,47.38337707519531,6.304150104522705,7.257835388183594,7.424814701080322,4.404556751251221,8000.0,6.000496454007176,0.3680731534583153
sweep,7902-96595-0016,test-other,7902,NB8,2,0.125,True,62.230709075927734,5.995771884918213,5.241950988769531,5.527346134185791,5.263179779052734,4718.75,-17.530356593774307,0.4668752479440158
sweep,7902-96595-0016,test-other,7902,WB8,0,0.0,True,40.42927169799805,5.637844562530518,6.357927322387695,6.57194709777832,3.98032283782959,8000.0,3.862114399592766,0.367993801036905
sweep,7902-96595-0020,test-other,7902,NB8,2,0.125,True,104.07804107666016,7.60141658782959,5.715506553649902,5.8710222244262695,7.916893482208252,4781.25,-16.48180441168699,0.4819232348086171
sweep,7902-96595-0020,test-other,7902,WB8,0,0.0,True,54.91909408569336,6.448507785797119,7.00439977645874,7.125214576721191,5.326542377471924,8000.0,4.002792395271785,0.4097960194784273
sweep,7902-96595-0025,test-other,7902,NB8,2,0.125,True,13.983377456665039,2.60410475730896,3.2133002281188965,3.2005858421325684,1.3362905979156494,5000.0,-5.822101979700052,0.5296726875887358
sweep,7902-96595-0025,test-other,7902,WB8,0,0.0,True,21.98202896118164,3.324186325073242,3.870698928833008,4.024164199829102,2.141113042831421,8000.0,0.9932418457671044,0.4888836226425832
sweep,7975-280057-0000,test-other,7975,NB8,2,0.125,True,72.62003326416016,7.152027130126953,5.82434606552124,5.85960578918457,7.3972554206848145,4656.25,-15.061862903976122,0.559153204974951
sweep,7975-280057-0000,test-other,7975,WB8,0,0.0,True,43.54383850097656,6.317006587982178,7.003639221191406,7.077393531799316,5.150103569030762,8000.0,2.6918042694238613,0.489779915022946
sweep,7975-280057-0002,test-other,7975,NB8,2,0.125,True,67.59873962402344,7.290909767150879,6.069929122924805,6.139489650726318,7.534794330596924,4750.0,-12.324153572112703,0.5509831851498791
sweep,7975-280057-0002,test-other,7975,WB8,0,0.0,True,47.791629791259766,6.6920366287231445,7.3851470947265625,7.5044636726379395,5.488668441772461,8000.0,4.608012131550413,0.44352431427043826
sweep,7975-280057-0006,test-other,7975,NB8,2,0.125,True,72.93000030517578,7.7093825340271,6.0944647789001465,6.218133926391602,8.250144004821777,4843.75,-15.506127547337078,0.6196439815799475
sweep,7975-280057-0006,test-other,7975,WB8,0,0.0,True,48.72230911254883,6.805953502655029,7.265356540679932,7.470836639404297,5.773069858551025,8000.0,2.6136193013972964,0.5126927757289336
sweep,7975-280057-0014,test-other,7975,NB8,2,0.125,True,55.06393051147461,6.478226661682129,5.885954856872559,5.906607627868652,6.253176689147949,4843.75,-10.11552208297984,0.6058406474665667
sweep,7975-280057-0014,test-other,7975,WB8,0,0.0,True,44.77719497680664,6.427926063537598,7.345364570617676,7.323265075683594,5.069138050079346,8000.0,3.1810038654567907,0.4869588382089615
sweep,7975-280057-0019,test-other,7975,NB8,2,0.125,True,80.46359252929688,7.425439834594727,5.779443264007568,5.767228126525879,7.88922119140625,4625.0,-14.80097578937266,0.574773853743626
sweep,7975-280057-0019,test-other,7975,WB8,0,0.0,True,47.05692672729492,6.467934608459473,7.262176990509033,7.29669189453125,5.122832775115967,8000.0,3.563766779319733,0.47175503630752585
sweep,7975-280063-0006,test-other,7975,NB8,2,0.125,True,83.85616302490234,8.141548156738281,5.935765743255615,6.117307186126709,9.046581268310547,4531.25,-17.990160611564708,0.6420135214593985
sweep,7975-280063-0006,test-other,7975,WB8,0,0.0,True,50.735801696777344,6.925385475158691,7.193618297576904,7.498721122741699,6.030816078186035,8000.0,3.0576715256425455,0.5600378255728432
sweep,7975-280063-0010,test-other,7975,NB8,2,0.125,True,79.9753189086914,7.620633602142334,5.737149238586426,5.868777751922607,8.244813919067383,4437.5,-15.909171727623374,0.6185456433154515
sweep,7975-280063-0010,test-other,7975,WB8,0,0.0,True,47.469032287597656,6.689975738525391,6.979149341583252,7.346077919006348,5.647595405578613,8000.0,2.4922237212018388,0.5247215593813037
sweep,7975-280063-0012,test-other,7975,NB8,2,0.125,True,56.447105407714844,6.72415828704834,5.552700519561768,5.536205291748047,6.996119976043701,4500.0,-16.50109877449587,0.631719846500625
sweep,7975-280063-0012,test-other,7975,WB8,0,0.0,True,41.235557556152344,6.240174293518066,6.945224285125732,6.932069301605225,5.0964226722717285,8000.0,2.514268489131155,0.5171077644667219
sweep,7975-280076-0005,test-other,7975,NB8,2,0.125,True,87.08352661132812,8.129364967346191,5.945178031921387,6.0655131340026855,9.076661109924316,4437.5,-18.597777976317392,0.6213684953664719
sweep,7975-280076-0005,test-other,7975,WB8,0,0.0,True,46.89059829711914,6.652359485626221,7.000730991363525,7.300775051116943,5.697973251342773,8000.0,3.39761327653503,0.5000064085454272
sweep,7975-280076-0010,test-other,7975,NB8,2,0.125,True,59.701507568359375,6.74564790725708,5.775113582611084,5.747507095336914,6.782867908477783,4750.0,-15.5895964487142,0.6162743814857953
sweep,7975-280076-0010,test-other,7975,WB8,0,0.0,True,38.288482666015625,5.963001728057861,6.709291934967041,6.784848213195801,4.654991626739502,8000.0,3.524379586811976,0.5185716317769195
sweep,7975-280076-0011,test-other,7975,NB8,2,0.125,True,84.56221771240234,8.317286491394043,6.214748859405518,6.386594295501709,9.150641441345215,4343.75,-17.267281669864275,0.6504175950533677
sweep,7975-280076-0011,test-other,7975,WB8,0,0.0,True,46.70829391479492,6.697012424468994,7.094002723693848,7.28435754776001,5.793461322784424,8000.0,1.660916985124652,0.5290561969235799
sweep,7975-280076-0013,test-other,7975,NB8,2,0.125,True,76.48381042480469,7.907958507537842,6.083179473876953,6.284122943878174,8.616758346557617,4843.75,-16.272543702618734,0.6267231543984642
sweep,7975-280076-0013,test-other,7975,WB8,0,0.0,True,46.96451187133789,6.6844048500061035,7.068375110626221,7.283921241760254,5.801838397979736,8000.0,3.6103544885380687,0.5118545493609832
sweep,7975-280076-0014,test-other,7975,NB8,2,0.125,True,93.04450225830078,8.537181854248047,6.105894565582275,6.26392936706543,9.707859992980957,4562.5,-15.64674218063502,0.6295190274529795
sweep,7975-280076-0014,test-other,7975,WB8,0,0.0,True,48.799072265625,6.8379645347595215,7.081140518188477,7.338315486907959,6.119473457336426,8000.0,3.063954790176725,0.51910952834071
sweep,7975-280076-0016,test-other,7975,NB8,2,0.125,True,63.55915451049805,7.327824592590332,5.960049152374268,6.056859493255615,7.859598159790039,4593.75,-15.299498793700083,0.6591626940901748
sweep,7975-280076-0016,test-other,7975,WB8,0,0.0,True,43.11628723144531,6.418632507324219,6.928748607635498,7.112751483917236,5.423621654510498,8000.0,1.474104780066445,0.573854695146714
sweep,7975-280076-0020,test-other,7975,NB8,1,0.0625,True,71.20963287353516,7.658734321594238,6.020171642303467,6.149855136871338,8.289226531982422,4562.5,-15.637959284075313,0.6604834605297365
sweep,7975-280076-0020,test-other,7975,WB8,0,0.0,True,46.56929016113281,6.6581501960754395,6.978067874908447,7.219200611114502,5.812531471252441,8000.0,2.7932428150764075,0.5837188442087953
sweep,7975-280076-0022,test-other,7975,NB8,2,0.125,True,90.32728576660156,8.277366638183594,6.018071174621582,6.161544322967529,9.08906364440918,4843.75,-10.302483959902478,0.608416653582221
sweep,7975-280076-0022,test-other,7975,WB8,0,0.0,True,48.06659698486328,6.582075595855713,7.087130546569824,7.172898769378662,5.592504978179932,8000.0,4.277273126379866,0.5055826736912612
sweep,7975-280076-0028,test-other,7975,NB8,2,0.125,True,66.8953857421875,7.399833679199219,6.0706281661987305,6.100762844085693,8.074808120727539,4750.0,-14.218249885975865,0.5613835550007744
sweep,7975-280076-0028,test-other,7975,WB8,0,0.0,True,45.66961669921875,6.589038372039795,7.173553466796875,7.306197643280029,5.616767883300781,8000.0,2.9269640723444015,0.4828092994046112
sweep,7975-280084-0003,test-other,7975,NB8,2,0.125,True,57.135276794433594,6.710755348205566,5.734301567077637,5.812087535858154,6.751613616943359,4406.25,-12.902477330372042,0.6288431370562324
sweep,7975-280084-0003,test-other,7975,WB8,0,0.0,True,45.95899200439453,6.568853378295898,7.0478515625,7.364628314971924,5.387353420257568,8000.0,1.3479669317451481,0.5316512779546345
sweep,7975-280084-0006,test-other,7975,NB8,2,0.125,True,95.20503997802734,8.48245620727539,5.943523406982422,6.100024223327637,9.627306938171387,4625.0,-15.42355632555661,0.6383397796772374
sweep,7975-280084-0006,test-other,7975,WB8,0,0.0,True,49.12979507446289,6.824193477630615,7.101124286651611,7.2463908195495605,6.129952430725098,8000.0,3.921079419132731,0.528937540280463
sweep,7975-280084-0007,test-other,7975,NB8,2,0.125,True,57.99833679199219,6.675736427307129,5.544436454772949,5.625126361846924,6.893241882324219,4625.0,-15.981410813596295,0.6356739739550258
sweep,7975-280084-0007,test-other,7975,WB8,0,0.0,True,42.85454177856445,6.321496486663818,7.034036636352539,7.169783115386963,5.051332473754883,8000.0,2.437483012514784,0.5395300450677658
sweep,7975-280084-0009,test-other,7975,NB8,1,0.0625,True,72.85391235351562,7.657440662384033,5.867828369140625,6.006351470947266,8.302602767944336,4656.25,-15.267217327348419,0.6002079854579919
sweep,7975-280084-0009,test-other,7975,WB8,0,0.0,True,45.1776008605957,6.494829177856445,7.102280139923096,7.192663192749023,5.383691310882568,8000.0,3.663190555013129,0.5319807223955575
sweep,7975-280084-0012,test-other,7975,NB8,2,0.125,True,41.316097259521484,5.6675286293029785,5.295018672943115,5.223670959472656,5.262523174285889,4875.0,-13.533366125316187,0.7037721712596539
sweep,7975-280084-0012,test-other,7975,WB8,0,0.0,True,32.054927825927734,5.422915935516357,6.262297630310059,6.30203104019165,3.9479658603668213,8000.0,0.06177665103175149,0.6203047264540291
sweep,7975-280085-0001,test-other,7975,NB8,2,0.125,True,62.75615692138672,7.138315200805664,5.742396354675293,5.846877098083496,7.592615604400635,4500.0,-22.01356873405622,0.6435406737316345
sweep,7975-280085-0001,test-other,7975,WB8,0,0.0,True,47.089111328125,6.668857097625732,7.01298713684082,7.301548957824707,5.694806098937988,8000.0,4.474555742740224,0.5369127875410582
sweep,7975-280085-0002,test-other,7975,NB8,2,0.125,True,63.19315719604492,7.207858085632324,5.895633220672607,5.947300434112549,7.702157497406006,4718.75,-12.555074167391622,0.6244083863758284
sweep,7975-280085-0002,test-other,7975,WB8,0,0.0,True,48.27581787109375,6.772531986236572,7.236213684082031,7.460074424743652,5.787410259246826,8000.0,2.944679108736824,0.5253947422524188
sweep,7975-280085-0005,test-other,7975,NB8,1,0.0625,True,67.00537109375,7.0383806228637695,5.624826908111572,5.706757545471191,7.369994640350342,4593.75,-15.279090385061842,0.6214586350194736
sweep,7975-280085-0005,test-other,7975,WB8,0,0.0,True,44.798160552978516,6.415709972381592,7.00648832321167,7.157650470733643,5.2027153968811035,8000.0,4.341802982609895,0.5010655079726762
sweep,7975-280085-0008,test-other,7975,NB8,2,0.125,True,74.275390625,7.499679088592529,5.770009517669678,5.843217372894287,8.222899436950684,4500.0,-17.06186616723326,0.6123376984208607
sweep,7975-280085-0008,test-other,7975,WB8,0,0.0,True,47.02281951904297,6.6266374588012695,7.291450500488281,7.443222999572754,5.400850772857666,8000.0,3.342238106020731,0.46261634864712214
sweep,7975-280085-0010,test-other,7975,NB8,2,0.125,True,73.6483154296875,7.138097763061523,5.411672592163086,5.523083686828613,7.610072135925293,4656.25,-14.973230717757627,0.6494592031958123
sweep,7975-280085-0010,test-other,7975,WB8,0,0.0,True,40.245845794677734,5.9960432052612305,6.54852294921875,6.651236534118652,4.896134376525879,8000.0,4.315656296287164,0.5832039145745177
sweep,7975-280085-0014,test-other,7975,NB8,2,0.125,True,71.67430114746094,7.250759601593018,5.526876449584961,5.561776161193848,7.90629243850708,4468.75,-16.328033726789478,0.6461465758286473
sweep,7975-280085-0014,test-other,7975,WB8,0,0.0,True,41.74501037597656,6.088233470916748,6.598527908325195,6.709888935089111,5.079475402832031,8000.0,3.550232760582544,0.5717077821924805
sweep,7975-280085-0016,test-other,7975,NB8,2,0.125,True,65.89283752441406,7.168346881866455,5.658656597137451,5.726851940155029,7.693281650543213,4656.25,-12.866016326790612,0.6064106997890575
sweep,7975-280085-0016,test-other,7975,WB8,0,0.0,True,41.85366439819336,6.228224277496338,6.855653762817383,6.92395544052124,5.124160289764404,8000.0,2.9778873315909156,0.5108900894760889
sweep,7975-280085-0017,test-other,7975,NB8,2,0.125,True,61.59093475341797,6.9602813720703125,5.429901599884033,5.565872669219971,7.537652969360352,4562.5,-13.416944281992924,0.6472965721362686
sweep,7975-280085-0017,test-other,7975,WB8,0,0.0,True,40.65412139892578,6.147610664367676,6.650847911834717,6.878192901611328,5.018896579742432,8000.0,3.524445101144372,0.5058253720603221
sweep,8131-117016-0001,test-other,8131,NB8,2,0.125,True,159.20510864257812,10.005912780761719,4.908895492553711,5.3441572189331055,12.659624099731445,4593.75,-18.330779103639365,0.6177990401695184
sweep,8131-117016-0001,test-other,8131,WB8,0,0.0,True,59.99345016479492,6.735724925994873,6.392850875854492,6.75806999206543,6.504903316497803,8000.0,5.149101881675814,0.5309041467768816
sweep,8131-117016-0006,test-other,8131,NB8,2,0.125,True,197.2195281982422,11.034225463867188,5.341740608215332,5.5804948806762695,14.083108901977539,4562.5,-17.670206200062715,0.622320957034262
sweep,8131-117016-0006,test-other,8131,WB8,0,0.0,True,57.932640075683594,6.708670616149902,6.721338272094727,6.888832092285156,6.286344051361084,8000.0,3.2879027580143116,0.5343984282517213
sweep,8131-117016-0007,test-other,8131,NB8,2,0.125,True,130.7557373046875,8.636630058288574,4.929891586303711,5.0618510246276855,10.434442520141602,4687.5,-19.736964832865258,0.6332735215112125
sweep,8131-117016-0007,test-other,8131,WB8,0,0.0,True,56.42045593261719,6.473639011383057,6.778866767883301,6.938742160797119,5.577766418457031,8000.0,4.4880252007624115,0.5167335191679886
sweep,8131-117016-0011,test-other,8131,NB8,2,0.125,True,160.38092041015625,9.541086196899414,4.973036289215088,5.146309852600098,11.891032218933105,4375.0,-20.381695546586762,0.5709851864094178
sweep,8131-117016-0011,test-other,8131,WB8,0,0.0,True,57.222023010253906,6.523995876312256,6.806723117828369,6.965752601623535,5.773508071899414,8000.0,3.424614752807815,0.44651569441448175
sweep,8131-117016-0012,test-other,8131,NB8,2,0.125,True,138.1080322265625,8.76220417022705,4.86984920501709,4.969221591949463,10.797080993652344,4687.5,-17.593764065167473,0.5662714841932899
sweep,8131-117016-0012,test-other,8131,WB8,0,0.0,True,58.18745803833008,6.600205898284912,7.358621120452881,7.224918365478516,5.60306453704834,8000.0,6.071832168186032,0.39915429502244404
sweep,8131-117016-0013,test-other,8131,NB8,2,0.125,True,97.26343536376953,7.126983642578125,3.8984036445617676,4.094233512878418,8.746638298034668,4750.0,-16.410754921582054,0.6772648051116624
sweep,8131-117016-0013,test-other,8131,WB8,0,0.0,True,42.18949508666992,5.184934616088867,5.281276702880859,5.384071350097656,4.6287736892700195,8000.0,-0.28007525488742147,0.600349898045996
sweep,8131-117016-0017,test-other,8131,NB8,2,0.125,True,270.0175476074219,12.766907691955566,5.558919429779053,5.731419563293457,16.561182022094727,4656.25,-18.684975720700518,0.5767213120218165
sweep,8131-117016-0017,test-other,8131,WB8,0,0.0,True,75.16561889648438,7.554562568664551,7.8234663009643555,7.989414691925049,6.852755069732666,8000.0,4.969173142733192,0.3787742709439098
sweep,8131-117016-0022,test-other,8131,NB8,2,0.125,True,255.61297607421875,12.07349967956543,5.229201793670654,5.449501037597656,15.757270812988281,4437.5,-20.63730389491292,0.595216388927133
sweep,8131-117016-0022,test-other,8131,WB8,0,0.0,True,60.51481246948242,6.738549709320068,6.875768661499023,7.0878801345825195,6.158667087554932,8000.0,3.1930689802050845,0.48111137521919756
sweep,8131-117016-0023,test-other,8131,NB8,2,0.125,True,189.50308227539062,10.679652214050293,5.375992774963379,5.55580472946167,13.474873542785645,4718.75,-21.25342615513449,0.5811518140099263
sweep,8131-117016-0023,test-other,8131,WB8,0,0.0,True,69.56041717529297,7.293406009674072,7.643860816955566,7.849338531494141,6.3961663246154785,8000.0,4.807044589043469,0.4283550608816882
sweep,8131-117016-0046,test-other,8131,NB8,2,0.125,True,143.8916778564453,8.2829008102417,4.274498462677002,4.461029529571533,10.355481147766113,4562.5,-19.437413379675192,0.615624173704582
sweep,8131-117016-0046,test-other,8131,WB8,0,0.0,True,49.66210174560547,5.555187225341797,5.782761573791504,5.861870288848877,4.99143123626709,8000.0,3.726605682877987,0.5308531004822381
sweep,8131-117016-0047,test-other,8131,NB8,2,0.125,True,136.68592834472656,7.672794818878174,3.966160297393799,4.102665901184082,9.511833190917969,4468.75,-21.490065195120927,0.5606635052641307
sweep,8131-117016-0047,test-other,8131,WB8,0,0.0,True,43.75594711303711,5.021326065063477,5.305694580078125,5.421329021453857,4.294503211975098,8000.0,4.27033317737462,0.4950493539221452
sweep,8131-117016-0049,test-other,8131,NB8,2,0.125,True,151.53338623046875,9.148676872253418,5.192818641662598,5.292911052703857,11.040609359741211,4312.5,-21.203996177334435,0.5629258877879356
sweep,8131-117016-0049,test-other,8131,WB8,0,0.0,True,65.24909210205078,6.983002662658691,7.641542434692383,7.660086631774902,5.899631977081299,8000.0,4.571082121034215,0.3423262918985836
sweep,8131-117016-0051,test-other,8131,NB8,2,0.125,True,92.96379089355469,6.194465637207031,3.524545431137085,3.6237118244171143,7.519735336303711,4593.75,-20.37040299226159,0.5875563458168938
sweep,8131-117016-0051,test-other,8131,WB8,0,0.0,True,37.307762145996094,4.477683067321777,4.755760192871094,4.834652423858643,3.803618907928467,8000.0,5.901395757823247,0.5709712692170519
sweep,8131-117016-0052,test-other,8131,NB8,2,0.125,True,95.56324005126953,7.169247150421143,4.802452564239502,4.8642120361328125,8.308186531066895,4625.0,-16.42519811937721,0.5989614041723725
sweep,8131-117016-0052,test-other,8131,WB8,0,0.0,True,57.029170989990234,6.277181148529053,6.893205642700195,6.960598945617676,5.148577690124512,8000.0,4.5833962610913375,0.4647770634332286
sweep,8131-117016-0056,test-other,8131,NB8,2,0.125,True,222.88267517089844,11.747697830200195,5.444626808166504,5.715734004974365,15.169528007507324,4562.5,-21.466503381345177,0.5481620237324611
sweep,8131-117016-0056,test-other,8131,WB8,0,0.0,True,66.6644058227539,7.12886905670166,7.614943981170654,7.61508321762085,6.399489402770996,8000.0,4.778584625303578,0.4149315973453877
sweep,8131-117016-0061,test-other,8131,NB8,2,0.125,True,132.76336669921875,9.627104759216309,5.793899059295654,5.993103981018066,11.536778450012207,4625.0,-14.235519517629143,0.5711414032929917
sweep,8131-117016-0061,test-other,8131,WB8,0,0.0,True,71.19890594482422,7.712774753570557,8.06506633758545,8.284915924072266,6.762213230133057,8000.0,3.011977979310089,0.3823892059950866
sweep,8131-117017-0002,test-other,8131,NB8,2,0.125,True,184.9512939453125,10.36251163482666,5.3453288078308105,5.476917266845703,12.790995597839355,4468.75,-21.138001607818225,0.611836246635309
sweep,8131-117017-0002,test-other,8131,WB8,0,0.0,True,65.59684753417969,7.273025035858154,7.891141891479492,7.967929363250732,6.122129917144775,8000.0,6.505901076363817,0.39949928136485574
sweep,8131-117017-0003,test-other,8131,NB8,2,0.125,True,180.7836456298828,9.829779624938965,5.362228870391846,5.4505839347839355,11.944247245788574,4625.0,-20.348323733719496,0.5721298353397897
sweep,8131-117017-0003,test-other,8131,WB8,0,0.0,True,69.82135772705078,7.323322772979736,7.858615398406982,8.062880516052246,6.214243412017822,8000.0,6.314353486979076,0.4211080717652701
sweep,8131-117017-0004,test-other,8131,NB8,2,0.125,True,160.33827209472656,9.364595413208008,5.11674165725708,5.329836368560791,11.43202018737793,4468.75,-21.390942078882134,0.6293752565127153
sweep,8131-117017-0004,test-other,8131,WB8,0,0.0,True,53.06268310546875,6.386275291442871,6.760622501373291,6.980092525482178,5.440755367279053,8000.0,4.822554259589811,0.543729291350346
sweep,8131-117017-0005,test-other,8131,NB8,2,0.125,True,166.60580444335938,10.205575942993164,5.3952412605285645,5.612030506134033,12.64842700958252,4531.25,-16.969184623478853,0.6779601231336734
sweep,8131-117017-0005,test-other,8131,WB8,0,0.0,True,60.61575698852539,6.7138566970825195,7.03532600402832,7.162960529327393,5.946690082550049,8000.0,3.75963897561307,0.44377012756790424
sweep,8131-117017-0008,test-other,8131,NB8,2,0.125,True,137.42234802246094,8.839149475097656,5.194228172302246,5.299341678619385,10.56002140045166,4562.5,-19.11020027523318,0.5764734702704609
sweep,8131-117017-0008,test-other,8131,WB8,0,0.0,True,59.04511642456055,6.631171226501465,7.079201698303223,7.185644149780273,5.65001916885376,8000.0,5.538671350311057,0.4488096270525834
sweep,8131-117017-0009,test-other,8131,NB8,2,0.125,True,124.65767669677734,8.248812675476074,5.080079078674316,5.164505481719971,9.730132102966309,4781.25,-18.094571830039442,0.5478062959237775
sweep,8131-117017-0009,test-other,8131,WB8,0,0.0,True,59.151248931884766,6.610095977783203,6.984770774841309,7.177184581756592,5.708166122436523,8000.0,5.392909367178028,0.42327621318461106
sweep,8131-117017-0016,test-other,8131,NB8,2,0.125,True,171.18453979492188,9.525469779968262,4.771233558654785,4.902270793914795,12.010059356689453,4562.5,-18.21788244871883,0.5349249254822702
sweep,8131-117017-0016,test-other,8131,WB8,0,0.0,True,48.58216857910156,6.02155065536499,6.306417465209961,6.331232070922852,5.401244640350342,8000.0,3.839267387722419,0.41910053143523895
sweep,8131-117017-0019,test-other,8131,NB8,2,0.125,True,129.92709350585938,8.2286958694458,4.460451602935791,4.698239326477051,10.152511596679688,4281.25,-25.926787034499856,0.6411782214280682
sweep,8131-117017-0019,test-other,8131,WB8,0,0.0,True,44.03759002685547,5.411876678466797,5.474338054656982,5.594432830810547,5.023468494415283,8000.0,1.636551885324831,0.48687379929485464
sweep,8131-117017-0024,test-other,8131,NB8,2,0.125,True,178.80795288085938,10.636970520019531,5.750951766967773,5.955543041229248,13.156113624572754,4531.25,-17.696057596494327,0.5602288843635009
sweep,8131-117017-0024,test-other,8131,WB8,0,0.0,True,71.74430084228516,7.619232177734375,8.054919242858887,8.343461036682129,6.497302532196045,8000.0,4.815153577517307,0.4441332565240862
sweep,8131-117029-0002,test-other,8131,NB8,2,0.125,True,117.383056640625,7.791380405426025,4.8100905418396,5.017277717590332,9.282236099243164,4781.25,-17.527232434833277,0.6597987578045685
sweep,8131-117029-0002,test-other,8131,WB8,0,0.0,True,63.145362854003906,6.317198276519775,6.869012355804443,6.912872314453125,5.412713527679443,8000.0,6.995738728296759,0.5289792678656839
sweep,8131-117029-0003,test-other,8131,NB8,2,0.125,True,153.08096313476562,8.891106605529785,5.017004013061523,5.127288818359375,10.798782348632812,4656.25,-16.598054331407518,0.6377842397742693
sweep,8131-117029-0003,test-other,8131,WB8,0,0.0,True,59.8958740234375,6.428702354431152,7.167585372924805,7.061217784881592,5.234118461608887,8000.0,3.3905913114695645,0.4722210954840761
sweep,8131-117029-0004,test-other,8131,NB8,2,0.125,True,93.63174438476562,7.295383930206299,4.89986515045166,4.9587178230285645,8.444629669189453,4687.5,-15.520354714118529,0.6131858540624531
sweep,8131-117029-0004,test-other,8131,WB8,0,0.0,True,54.96220397949219,6.317508220672607,7.0013203620910645,7.024911880493164,5.10101318359375,8000.0,3.5500809112043976,0.4985278063419574
sweep,8131-117029-0006,test-other,8131,NB8,2,0.125,True,148.30906677246094,9.412569999694824,6.34378719329834,6.251699447631836,10.886761665344238,4875.0,-14.998749297855872,0.5804823031670409
sweep,8131-117029-0006,test-other,8131,WB8,0,0.0,True,77.92498779296875,7.89886474609375,9.418686866760254,9.115877151489258,6.023280620574951,8000.0,4.4372571838463,0.48640240702704934
sweep,8131-117029-0020,test-other,8131,NB8,2,0.125,True,164.10354614257812,10.517129898071289,6.450796604156494,6.6928582191467285,12.706170082092285,4656.25,-20.322130007805352,0.5786627441993532
sweep,8131-117029-0020,test-other,8131,WB8,0,0.0,True,94.73954772949219,8.606376647949219,9.209967613220215,9.376744270324707,7.479384422302246,8000.0,5.779519487361454,0.40143858050606995
sweep,8188-269288-0002,test-other,8188,NB8,2,0.125,True,85.34473419189453,7.474191665649414,5.270371437072754,5.43052339553833,8.140413284301758,4718.75,-12.613026497724924,0.5908115773559368
sweep,8188-269288-0002,test-other,8188,WB8,0,0.0,True,35.897335052490234,5.444095611572266,5.884407043457031,5.8589653968811035,4.470199108123779,8000.0,2.2039914358004475,0.5276750210988033
sweep,8188-269288-0011,test-other,8188,NB8,2,0.125,True,78.62962341308594,6.5284810066223145,4.481503009796143,4.56205415725708,7.218662261962891,4812.5,-17.907248850912467,0.6304468694528886
sweep,8188-269288-0011,test-other,8188,WB8,0,0.0,True,29.802433013916016,4.555755138397217,4.914496898651123,4.854979515075684,3.751823663711548,8000.0,3.093970743289147,0.602418298951018
sweep,8188-269288-0012,test-other,8188,NB8,2,0.125,True,91.95166778564453,7.353774547576904,5.444150447845459,5.415472030639648,7.492214679718018,4937.5,-17.47169007534375,0.6358500058038614
sweep,8188-269288-0012,test-other,8188,WB8,0,0.0,True,30.370269775390625,5.045872688293457,5.794877529144287,5.626537799835205,3.7214293479919434,8000.0,-0.4484038302811432,0.5621933024383079
sweep,8188-269288-0014,test-other,8188,NB8,2,0.125,True,80.33739471435547,6.764182090759277,4.4084391593933105,4.632422924041748,7.744576930999756,4812.5,-15.261847038007637,0.5876037209752077
sweep,8188-269288-0014,test-other,8188,WB8,0,0.0,True,31.473203659057617,4.69999885559082,4.86577844619751,4.8920979499816895,4.15285062789917,8000.0,1.554317836576743,0.5357593307605484
sweep,8188-269288-0018,test-other,8188,NB8,2,0.125,True,89.4925308227539,6.876577854156494,4.4693989753723145,4.484141826629639,7.703123092651367,4812.5,-12.42454480672784,0.5707917456670185
sweep,8188-269288-0018,test-other,8188,WB8,0,0.0,True,28.29929542541504,4.503693103790283,4.916611671447754,4.821257591247559,3.5900702476501465,8000.0,1.3732778366867426,0.5527952028308821
sweep,8188-269288-0027,test-other,8188,NB8,2,0.125,True,104.09503173828125,7.646895885467529,4.796034812927246,4.997060298919678,8.74370288848877,4812.5,-14.829271075804582,0.5873502139222619
sweep,8188-269288-0027,test-other,8188,WB8,0,0.0,True,32.85054397583008,5.00373649597168,5.313938140869141,5.303879261016846,4.2150559425354,8000.0,1.7399065273859218,0.5515006770662914
sweep,8188-269288-0032,test-other,8188,NB8,2,0.125,True,87.27686309814453,7.14762020111084,4.944789886474609,5.047512054443359,7.826109409332275,4812.5,-10.996218493333094,0.5773904976857125
sweep,8188-269288-0032,test-other,8188,WB8,0,0.0,True,31.633865356445312,4.898799896240234,5.342257022857666,5.275121212005615,3.980048656463623,8000.0,2.1760661225182085,0.5233219271287779
sweep,8188-269288-0033,test-other,8188,NB8,2,0.125,True,115.51183319091797,8.501379013061523,5.345981597900391,5.419340133666992,9.725101470947266,4718.75,-15.835857646089744,0.5756748428981462
sweep,8188-269288-0033,test-other,8188,WB8,0,0.0,True,35.858787536621094,5.4743499755859375,5.897407531738281,5.771543025970459,4.606889724731445,8000.0,1.3009065159228643,0.5128890589275998
sweep,8188-269288-0037,test-other,8188,NB8,2,0.125,True,55.66108322143555,4.858675956726074,3.6768546104431152,3.6438088417053223,4.946885585784912,4750.0,-12.05608290229845,0.5606361916474945
sweep,8188-269288-0037,test-other,8188,WB8,0,0.0,True,21.132671356201172,3.5486345291137695,4.159760475158691,4.009762763977051,2.462204694747925,8000.0,0.5755527520904327,0.5827243042295566
sweep,8188-269288-0039,test-other,8188,NB8,2,0.125,True,127.28182220458984,9.305526733398438,5.622675895690918,5.794402122497559,10.824332237243652,4812.5,-14.954565738976498,0.5653485058721021
sweep,8188-269288-0039,test-other,8188,WB8,0,0.0,True,41.50775146484375,5.9787821769714355,6.234598159790039,6.237759113311768,5.174189567565918,8000.0,1.712004436130932,0.4757014048474338
sweep,8188-269288-0040,test-other,8188,NB8,2,0.125,True,108.68085479736328,7.502106666564941,4.338407039642334,4.44320011138916,8.859919548034668,4875.0,-18.496726542286922,0.5790108736544806
sweep,8188-269288-0040,test-other,8188,WB8,0,0.0,True,32.105682373046875,4.729398727416992,4.944639682769775,4.91127347946167,4.072553634643555,8000.0,1.5854058792114287,0.5293715319650848
sweep,8188-269288-0043,test-other,8188,NB8,2,0.125,True,99.59496307373047,7.563259124755859,5.132848262786865,5.205973148345947,8.285022735595703,4718.75,-15.369314100641366,0.6184260766408677
sweep,8188-269288-0043,test-other,8188,WB8,0,0.0,True,32.97808837890625,5.1253981590271,5.6248884201049805,5.56282377243042,4.090132236480713,8000.0,1.995924439504619,0.5635712438781109
sweep,8188-269288-0049,test-other,8188,NB8,2,0.125,True,82.62276458740234,6.586138725280762,4.561701774597168,4.580020904541016,7.294501304626465,4531.25,-16.597759794986512,0.5530438747618999
sweep,8188-269288-0049,test-other,8188,WB8,0,0.0,True,29.02094268798828,4.507112979888916,4.928508281707764,4.807227611541748,3.7072558403015137,8000.0,-0.19298943271356922,0.48995893128291584
sweep,8188-269288-0051,test-other,8188,NB8,2,0.125,True,42.38773727416992,4.487117767333984,3.5480685234069824,3.6724038124084473,4.591917037963867,4812.5,-11.509311289498601,0.5697987615941753
sweep,8188-269288-0051,test-other,8188,WB8,0,0.0,True,21.804105758666992,3.5722458362579346,3.977659225463867,3.9196956157684326,2.804065704345703,8000.0,1.6656383170395508,0.49255463897102686
sweep,8188-269288-0055,test-other,8188,NB8,2,0.125,True,46.76255416870117,4.072760581970215,2.914923906326294,2.9507226943969727,4.367777347564697,4968.75,-11.101763541696908,0.5667317841264407
sweep,8188-269288-0055,test-other,8188,WB8,0,0.0,True,17.686588287353516,2.9005706310272217,3.1808841228485107,3.1477177143096924,2.265113592147827,8000.0,-1.3518397601931695,0.5403781928509943
sweep,8188-269290-0001,test-other,8188,NB8,2,0.125,True,138.2620391845703,10.738553047180176,6.891569137573242,7.170146465301514,12.734993934631348,4750.0,-16.59978754902277,0.5920582474652907
sweep,8188-269290-0001,test-other,8188,WB8,0,0.0,True,51.80649948120117,7.115128040313721,7.228460311889648,7.280837535858154,6.832137107849121,8000.0,1.4005538429853968,0.530816240573739
sweep,8188-269290-0011,test-other,8188,NB8,2,0.125,True,133.4005584716797,10.321784973144531,6.904916763305664,7.113373756408691,12.061861038208008,4375.0,-18.99799345879479,0.5452228895868575
sweep,8188-269290-0011,test-other,8188,WB8,0,0.0,True,50.58743667602539,7.017513751983643,7.209650039672852,7.289245128631592,6.623815536499023,8000.0,2.13868600474488,0.46994460391405407
sweep,8188-269290-0013,test-other,8188,NB8,2,0.125,True,81.45500183105469,7.648382663726807,6.224957466125488,6.192049503326416,7.679597854614258,4593.75,-16.23215774952504,0.604379352171121
sweep,8188-269290-0013,test-other,8188,WB8,0,0.0,True,37.10807418823242,5.793673992156982,6.66715145111084,6.547314167022705,4.494804859161377,8000.0,1.2962307415231422,0.5315490583002018
sweep,8188-269290-0017,test-other,8188,NB8,2,0.125,True,121.79792785644531,10.164536476135254,6.8628153800964355,7.102025985717773,11.903152465820312,4718.75,-14.47195011047616,0.5873686079373751
sweep,8188-269290-0017,test-other,8188,WB8,0,0.0,True,50.75313949584961,7.042337894439697,7.169646739959717,7.215856552124023,6.769221305847168,8000.0,1.7794563119833482,0.5025497040940272
sweep,8188-269290-0021,test-other,8188,NB8,2,0.125,True,163.42312622070312,11.665480613708496,6.961460590362549,7.26198148727417,14.239640235900879,4656.25,-18.23757206723929,0.572761153160019
sweep,8188-269290-0021,test-other,8188,WB8,0,0.0,True,53.87234878540039,7.263723373413086,7.213630199432373,7.3328857421875,7.113214015960693,8000.0,1.5155383679549315,0.5188435322474988
sweep,8188-269290-0030,test-other,8188,NB8,2,0.125,True,106.94989776611328,9.203292846679688,6.542231559753418,6.734656810760498,10.245769500732422,4531.25,-14.61394834788467,0.6233997741752315
sweep,8188-269290-0030,test-other,8188,WB8,0,0.0,True,43.43524169921875,6.415393829345703,6.855949401855469,6.819318771362305,5.723790645599365,8000.0,-1.031304851820137,0.6016097955918186
sweep,8188-269290-0044,test-other,8188,NB8,2,0.125,True,79.85467529296875,7.4899067878723145,5.731925010681152,5.681982040405273,7.81031608581543,4812.5,-17.281494951638802,0.5404639548261004
sweep,8188-269290-0044,test-other,8188,WB8,0,0.0,True,33.918846130371094,5.475675106048584,6.206699848175049,6.083576679229736,4.302230358123779,8000.0,0.6376396386496661,0.5325559114519764
sweep,8188-269290-0046,test-other,8188,NB8,2,0.125,True,72.35040283203125,7.404534339904785,6.178213596343994,6.123990058898926,7.413544178009033,4750.0,-19.03964089473012,0.5879833691417058
sweep,8188-269290-0046,test-other,8188,WB8,0,0.0,True,36.153465270996094,5.727299690246582,6.591223239898682,6.495338439941406,4.4539337158203125,8000.0,-0.3271039666724091,0.5805539421783918
sweep,8188-269290-0049,test-other,8188,NB8,2,0.125,True,85.7813491821289,7.991736888885498,6.193739891052246,6.294674873352051,8.428738594055176,4500.0,-16.631634078149034,0.595832515501296
sweep,8188-269290-0049,test-other,8188,WB8,0,0.0,True,38.63246154785156,6.016188144683838,6.588188648223877,6.585030555725098,5.1105475425720215,8000.0,1.7544032283763498,0.5007212788036092
sweep,8188-269290-0051,test-other,8188,NB8,2,0.125,True,55.113670349121094,6.080563068389893,5.42067813873291,5.351139068603516,5.573453903198242,4781.25,-12.504310825477978,0.6281737600137635
sweep,8188-269290-0051,test-other,8188,WB8,0,0.0,True,28.47467041015625,4.896538734436035,5.85333776473999,5.6718058586120605,3.3718795776367188,8000.0,-0.17069416067743673,0.5743819407573227
sweep,8188-269290-0052,test-other,8188,NB8,2,0.125,True,104.40859985351562,8.778092384338379,6.370555877685547,6.437534332275391,9.595193862915039,4656.25,-15.58244953145849,0.5454969734936576
sweep,8188-269290-0052,test-other,8188,WB8,0,0.0,True,40.71656036376953,6.152387619018555,6.747631072998047,6.698763370513916,5.249403953552246,8000.0,2.2690405674987972,0.5175911268449879
sweep,8188-274364-0002,test-other,8188,NB8,2,0.125,True,74.21436309814453,7.470345973968506,6.231842517852783,6.193881988525391,7.534115791320801,4500.0,-16.672503808329097,0.5500867160484467
sweep,8188-274364-0002,test-other,8188,WB8,0,0.0,True,36.24858093261719,5.792271614074707,6.615132808685303,6.50573205947876,4.566620826721191,8000.0,1.325037108662457,0.5350391213406452
sweep,8188-274364-0003,test-other,8188,NB8,2,0.125,True,84.41121673583984,7.985645771026611,6.473305702209473,6.536962032318115,8.120650291442871,4562.5,-12.996149982395696,0.5590324468998881
sweep,8188-274364-0003,test-other,8188,WB8,0,0.0,True,39.13331985473633,6.0434770584106445,6.857848644256592,6.803628444671631,4.820248126983643,8000.0,2.1132184415674224,0.5109989050469372
sweep,8188-274364-0005,test-other,8188,NB8,2,0.125,True,126.41452026367188,10.075644493103027,6.657155990600586,6.953444004058838,11.652238845825195,4781.25,-10.4571681671854,0.6044564739913904
sweep,8188-274364-0005,test-other,8188,WB8,0,0.0,True,49.82089614868164,6.91547966003418,7.04304313659668,7.122358322143555,6.465987682342529,8000.0,0.8254414668232406,0.5510121197999248
sweep,8188-274364-0006,test-other,8188,NB8,2,0.125,True,87.57683563232422,8.1820068359375,6.417582035064697,6.592708110809326,8.562891960144043,4812.5,-11.01657810608851,0.5539420960314677
sweep,8188-274364-0006,test-other,8188,WB8,0,0.0,True,41.26627731323242,6.2060089111328125,6.783402919769287,6.765511512756348,5.258560657501221,8000.0,1.9897338260398254,0.4973470533863775
sweep,8280-266249-0002,test-other,8280,NB8,2,0.125,True,296.1614074707031,14.487546920776367,6.114569664001465,6.516965866088867,18.832130432128906,4750.0,-20.068658708667325,0.6760900581595144
sweep,8280-266249-0002,test-other,8280,WB8,0,0.0,True,54.57099914550781,7.034259796142578,6.660311698913574,6.820743560791016,7.0208563804626465,8000.0,-0.36661355556681696,0.5995083318661951
sweep,8280-266249-0003,test-other,8280,NB8,2,0.125,True,240.45870971679688,12.860326766967773,5.998260974884033,6.360347270965576,16.305932998657227,4781.25,-15.68566056102668,0.6823824799871131
sweep,8280-266249-0003,test-other,8280,WB8,0,0.0,True,52.55257797241211,6.871676445007324,6.639135837554932,6.773421287536621,6.685426712036133,8000.0,-0.004474687162201952,0.5846795516596892
sweep,8280-266249-0004,test-other,8280,NB8,2,0.125,True,224.5487518310547,12.224648475646973,6.008917808532715,6.278713703155518,15.329244613647461,4812.5,-21.308433138783837,0.6716439419258039
sweep,8280-266249-0004,test-other,8280,WB8,0,0.0,True,50.79795837402344,6.72317361831665,6.560081958770752,6.631927490234375,6.521430015563965,8000.0,-0.4239632016640451,0.621386907627181
sweep,8280-266249-0005,test-other,8280,NB8,2,0.125,True,222.1536102294922,11.499051094055176,5.548269271850586,5.809074878692627,14.333950996398926,4812.5,-19.66585091087567,0.6530964220387135
sweep,8280-266249-0005,test-other,8280,WB8,0,0.0,True,44.6578369140625,6.120476722717285,5.905413627624512,6.022635459899902,5.8163628578186035,8000.0,-2.614778917834108,0.5916305117957034
sweep,8280-266249-0007,test-other,8280,NB8,2,0.125,True,292.0089111328125,14.7710599899292,6.371853828430176,6.768626689910889,19.186771392822266,4843.75,-16.135571973528705,0.6321126484242704
sweep,8280-266249-0007,test-other,8280,WB8,0,0.0,True,59.12544631958008,7.4137864112854,7.113616943359375,7.259354114532471,7.405404567718506,8000.0,0.46150085958742654,0.5833401829135781
sweep,8280-266249-0008,test-other,8280,NB8,2,0.125,True,250.15245056152344,12.69272232055664,5.7689385414123535,6.013296127319336,16.304500579833984,4250.0,-18.253122178602826,0.6525693591762073
sweep,8280-266249-0008,test-other,8280,WB8,0,0.0,True,49.36160659790039,6.531580448150635,6.294717311859131,6.387548923492432,6.460895538330078,8000.0,-1.5635376907968594,0.5856970327080206
sweep,8280-266249-0014,test-other,8280,NB8,2,0.125,True,204.3087158203125,11.849949836730957,5.6432647705078125,6.029549598693848,14.96044921875,4343.75,-18.069756347086038,0.6738604988205193
sweep,8280-266249-0014,test-other,8280,WB8,0,0.0,True,48.05203628540039,6.457146167755127,6.26977014541626,6.408966541290283,6.16862678527832,8000.0,-1.443114844631175,0.6062232436929627
sweep,8280-266249-0015,test-other,8280,NB8,2,0.125,True,169.7647705078125,10.564680099487305,5.55900239944458,5.844629764556885,13.082419395446777,4875.0,-15.154990245598617,0.6526469313359166
sweep,8280-266249-0015,test-other,8280,WB8,0,0.0,True,46.00180435180664,6.206265449523926,6.207034111022949,6.2756733894348145,5.818595886230469,8000.0,-0.7680051733079047,0.6035378083284161
sweep,8280-266249-0017,test-other,8280,NB8,2,0.125,True,441.7239685058594,18.26123809814453,6.48057222366333,6.93097448348999,24.426555633544922,4468.75,-23.15764517857516,0.6648991109710248
sweep,8280-266249-0017,test-other,8280,WB8,0,0.0,True,64.615234375,7.8339619636535645,7.175939083099365,7.399570465087891,8.101935386657715,8000.0,-1.4580887469094719,0.613177921489564
sweep,8280-266249-0018,test-other,8280,NB8,2,0.125,True,312.59100341796875,15.098660469055176,6.37575101852417,6.7817511558532715,19.587228775024414,4906.25,-16.895215834501577,0.6334605797411369
sweep,8280-266249-0018,test-other,8280,WB8,0,0.0,True,58.29554748535156,7.398679256439209,7.045469760894775,7.169246673583984,7.406277656555176,8000.0,-0.4014281189069707,0.570765890780141
sweep,8280-266249-0021,test-other,8280,NB8,2,0.125,True,304.4447021484375,14.855831146240234,5.910219192504883,6.35423469543457,19.538307189941406,4718.75,-21.141786867072533,0.7175244102407592
sweep,8280-266249-0021,test-other,8280,WB8,0,0.0,True,56.76835632324219,7.159903049468994,6.619096755981445,6.80851936340332,7.299829006195068,8000.0,-0.9219869479432015,0.6226717479704019
sweep,8280-266249-0030,test-other,8280,NB8,2,0.125,True,225.71246337890625,12.911727905273438,5.7684197425842285,6.276419639587402,16.642784118652344,4750.0,-12.889547848960701,0.659724733057338
sweep,8280-266249-0030,test-other,8280,WB8,0,0.0,True,54.50379943847656,6.937558174133301,6.468226909637451,6.6887526512146,6.965290069580078,8000.0,-1.8624006745938138,0.5819073966506004
sweep,8280-266249-0037,test-other,8280,NB8,2,0.125,True,282.26995849609375,13.68566608428955,6.064398288726807,6.31436014175415,17.597471237182617,4875.0,-17.80856098224025,0.6270907551890462
sweep,8280-266249-0037,test-other,8280,WB8,0,0.0,True,53.46672821044922,6.872687339782715,6.618594169616699,6.632987022399902,6.8234076499938965,8000.0,-1.3780329902731472,0.5528685083010825
sweep,8280-266249-0039,test-other,8280,NB8,2,0.125,True,254.6433868408203,13.335684776306152,5.98151969909668,6.324161052703857,17.10336685180664,4906.25,-12.767818765363081,0.6346070259916795
sweep,8280-266249-0039,test-other,8280,WB8,0,0.0,True,52.584503173828125,6.914578914642334,6.48682165145874,6.615528583526611,6.949865341186523,8000.0,-0.8673936340571848,0.5579331752944372
sweep,8280-266249-0040,test-other,8280,NB8,2,0.125,True,268.8356018066406,13.24595832824707,5.57228422164917,5.875799655914307,17.124134063720703,4500.0,-14.774016268917755,0.5991352071155224
sweep,8280-266249-0040,test-other,8280,WB8,0,0.0,True,51.59088134765625,6.6016011238098145,6.121222019195557,6.285495758056641,6.591444969177246,8000.0,-0.8562233663552854,0.5167721910504467
sweep,8280-266249-0045,test-other,8280,NB8,2,0.125,True,208.29510498046875,11.992051124572754,5.654666900634766,5.950438499450684,15.282102584838867,4906.25,-17.81429518532847,0.6360672556204796
sweep,8280-266249-0045,test-other,8280,WB8,0,0.0,True,49.320404052734375,6.580733776092529,6.134912967681885,6.269444942474365,6.568882942199707,8000.0,-0.43829223216870505,0.5815075194462842
sweep,8280-266249-0046,test-other,8280,NB8,2,0.125,True,266.6762390136719,14.000916481018066,5.9946699142456055,6.395251750946045,18.220930099487305,4968.75,-14.94182359901868,0.6820654095514733
sweep,8280-266249-0046,test-other,8280,WB8,0,0.0,True,57.197227478027344,7.229958534240723,6.650370121002197,6.856099605560303,7.374232292175293,8000.0,-0.3110069871888331,0.5903603164840644
sweep,8280-266249-0047,test-other,8280,NB8,2,0.125,True,281.8081970214844,14.747234344482422,6.160618782043457,6.494602203369141,19.364103317260742,4656.25,-18.412335191756704,0.6814683643254793
sweep,8280-266249-0047,test-other,8280,WB8,0,0.0,True,58.49274826049805,7.400888919830322,6.757354736328125,6.853918552398682,7.713205814361572,8000.0,-2.4513813309589323,0.6037581077040376
sweep,8280-266249-0049,test-other,8280,NB8,2,0.125,True,247.9727325439453,13.021589279174805,6.059951305389404,6.396955966949463,16.60205841064453,4875.0,-16.384182648805695,0.6543118318859741
sweep,8280-266249-0049,test-other,8280,WB8,0,0.0,True,52.364158630371094,6.862447738647461,6.6712517738342285,6.756002426147461,6.734543800354004,8000.0,-0.477879963929119,0.573320262380006
sweep,8280-266249-0053,test-other,8280,NB8,2,0.125,True,232.29368591308594,12.60122013092041,5.526787757873535,5.8536601066589355,16.262073516845703,4843.75,-20.150211626323568,0.669072276568048
sweep,8280-266249-0053,test-other,8280,WB8,0,0.0,True,50.76498794555664,6.610703468322754,6.207624435424805,6.2780561447143555,6.649540424346924,8000.0,-1.0861832894044534,0.5776783324715141
sweep,8280-266249-0056,test-other,8280,NB8,2,0.125,True,253.80262756347656,12.461100578308105,5.520807266235352,5.699275016784668,15.871994972229004,4437.5,-17.841897838430917,0.6540981493746971
sweep,8280-266249-0056,test-other,8280,WB8,0,0.0,True,46.989234924316406,6.221275806427002,6.154087066650391,6.161283493041992,5.875811576843262,8000.0,-2.246271275454859,0.5691317485088331
sweep,8280-266249-0059,test-other,8280,NB8,2,0.125,True,306.5546875,15.333891868591309,6.2328782081604,6.60145378112793,20.240638732910156,4718.75,-21.122148584089548,0.6859810119150959
sweep,8280-266249-0059,test-other,8280,WB8,0,0.0,True,59.140625,7.430726051330566,6.773184299468994,7.000976085662842,7.678945064544678,8000.0,-1.1290336481743934,0.5987451454386518
sweep,8280-266249-0061,test-other,8280,NB8,2,0.125,True,353.8685607910156,16.593358993530273,6.410168170928955,6.785820007324219,22.092580795288086,4656.25,-21.483836344536805,0.6597677375553259
sweep,8280-266249-0061,test-other,8280,WB8,0,0.0,True,66.02379608154297,7.840754508972168,7.193353176116943,7.310736179351807,8.226543426513672,8000.0,-0.9831931861541228,0.5441803520521966
sweep,8461-258277-0001,test-other,8461,NB8,2,0.125,True,146.08407592773438,9.534784317016602,4.841384410858154,5.152455806732178,12.012846946716309,4843.75,-23.772208550033515,0.6701715854040797
sweep,8461-258277-0001,test-other,8461,WB8,0,0.0,True,37.60295486450195,5.378190517425537,5.558934688568115,5.6462578773498535,4.911924839019775,8000.0,2.6906504163813985,0.5878244961430834
sweep,8461-258277-0007,test-other,8461,NB8,2,0.125,True,211.41342163085938,11.9331636428833,5.389378547668457,5.717587471008301,15.349803924560547,4812.5,-24.667147133832025,0.6035088244668266
sweep,8461-258277-0007,test-other,8461,WB8,0,0.0,True,45.847984313964844,6.139203071594238,6.176552772521973,6.311733245849609,5.786388874053955,8000.0,0.5998995641538435,0.49530421468523933
sweep,8461-258277-0010,test-other,8461,NB8,2,0.125,True,135.92002868652344,9.401432991027832,5.004025936126709,5.272271156311035,11.692097663879395,4843.75,-21.229234423754832,0.6543647876422273
sweep,8461-258277-0010,test-other,8461,WB8,0,0.0,True,38.188316345214844,5.494614124298096,5.782007694244385,5.820946216583252,4.899850845336914,8000.0,2.512183683674722,0.5579974716088738
sweep,8461-258277-0012,test-other,8461,NB8,2,0.125,True,179.49322509765625,11.03384017944336,5.143412113189697,5.443682670593262,14.214544296264648,4812.5,-20.42205305117667,0.6573503561467658
sweep,8461-258277-0012,test-other,8461,WB8,0,0.0,True,41.51310348510742,5.8163676261901855,5.9016218185424805,6.01631498336792,5.438457489013672,8000.0,1.5921595033512852,0.5615228999935614
sweep,8461-258277-0013,test-other,8461,NB8,2,0.125,True,185.36343383789062,11.211591720581055,5.295333385467529,5.643886566162109,14.298254013061523,4812.5,-25.18338451669599,0.6780033571395747
sweep,8461-258277-0013,test-other,8461,WB8,0,0.0,True,42.02484893798828,5.963129997253418,6.0447306632995605,6.177110195159912,5.544460296630859,8000.0,2.452003405797445,0.5719470114378931
sweep,8461-258277-0014,test-other,8461,NB8,2,0.125,True,197.75027465820312,9.889492988586426,3.9355621337890625,4.123152256011963,13.035384178161621,4937.5,-18.701865052971023,0.5358759751730923
sweep,8461-258277-0014,test-other,8461,WB8,0,0.0,True,35.01716613769531,4.5358805656433105,4.356483459472656,4.4713873863220215,4.475553035736084,8000.0,3.702904980463627,0.4945988253073128
sweep,8461-278226-0003,test-other,8461,NB8,2,0.125,True,200.62655639648438,12.021393775939941,5.494922637939453,5.735278129577637,15.567140579223633,4875.0,-20.165709712110072,0.5950368802538689
sweep,8461-278226-0003,test-other,8461,WB8,0,0.0,True,46.16729736328125,6.297173023223877,6.206625461578369,6.397178649902344,6.009775161743164,8000.0,3.2934811546249385,0.5246427174044874
sweep,8461-278226-0005,test-other,8461,NB8,2,0.125,True,126.01991271972656,9.5496826171875,5.609303951263428,5.862569808959961,11.582942008972168,4843.75,-18.659670778664005,0.6221043502373955
sweep,8461-278226-0005,test-other,8461,WB8,0,0.0,True,43.167171478271484,6.13628625869751,6.410312652587891,6.553735733032227,5.438694000244141,8000.0,2.489440436928211,0.5277444899954393
sweep,8461-278226-0011,test-other,8461,NB8,2,0.125,True,184.88804626464844,11.593777656555176,5.639591217041016,5.906506538391113,14.879369735717773,4812.5,-19.028911665335,0.6312530127647105
sweep,8461-278226-0011,test-other,8461,WB8,0,0.0,True,47.904136657714844,6.410449981689453,6.402282238006592,6.596464157104492,6.045744895935059,8000.0,1.8900087892323383,0.5381561583363963
sweep,8461-278226-0014,test-other,8461,NB8,2,0.125,True,149.65570068359375,10.341387748718262,5.496830463409424,5.730494499206543,13.077225685119629,4812.5,-21.586016675082917,0.6300216356673701
sweep,8461-278226-0014,test-other,8461,WB8,0,0.0,True,46.423011779785156,6.17873477935791,6.36531925201416,6.596014022827148,5.58905553817749,8000.0,2.6962503409969107,0.5349784336796929
sweep,8461-278226-0015,test-other,8461,NB8,2,0.125,True,207.44032287597656,12.606823921203613,5.640927791595459,5.958639621734619,16.549875259399414,4875.0,-21.892318684791686,0.6559418884178141
sweep,8461-278226-0015,test-other,8461,WB8,0,0.0,True,49.23291015625,6.4731855392456055,6.387171268463135,6.602946758270264,6.222699165344238,8000.0,2.9848981963405885,0.5516233564676387
sweep,8461-281231-0000,test-other,8461,NB8,2,0.125,True,151.9768829345703,11.003077507019043,6.439422607421875,6.76519775390625,13.451421737670898,4843.75,-18.924773908447953,0.5670291252165044
sweep,8461-281231-0000,test-other,8461,WB8,0,0.0,True,49.87083053588867,6.841714382171631,7.123466968536377,7.321385860443115,6.177695274353027,8000.0,2.851450399308233,0.502186028877246
sweep,8461-281231-0003,test-other,8461,NB8,1,0.0625,True,98.51258850097656,7.59213399887085,4.790104866027832,5.060924530029297,8.72153091430664,4812.5,-15.784521540870834,0.6082527142496511
sweep,8461-281231-0003,test-other,8461,WB8,0,0.0,True,32.073829650878906,4.884118556976318,5.396148204803467,5.386375904083252,4.013974666595459,8000.0,1.7372161975594076,0.5786758569510988
sweep,8461-281231-0004,test-other,8461,NB8,2,0.125,True,136.01593017578125,10.364578247070312,6.007747650146484,6.378709316253662,12.699006080627441,4937.5,-15.893705884038097,0.6584417351801859
sweep,8461-281231-0004,test-other,8461,WB8,0,0.0,True,47.74945831298828,6.607060432434082,6.9110941886901855,7.07351016998291,5.92548131942749,8000.0,2.6748010451927144,0.5275913215595134
sweep,8461-281231-0005,test-other,8461,NB8,2,0.125,True,87.47500610351562,6.9822468757629395,4.8474860191345215,4.9189453125,7.603213310241699,4968.75,-19.663625117075483,0.6545935343582484
sweep,8461-281231-0005,test-other,8461,WB8,0,0.0,True,26.98778533935547,4.563307285308838,5.278172969818115,5.235207557678223,3.3631443977355957,8000.0,-0.3714507717496217,0.6688234626909482
sweep,8461-281231-0007,test-other,8461,NB8,2,0.125,True,172.20994567871094,11.587021827697754,6.335844993591309,6.639965057373047,14.45020866394043,4843.75,-20.13853091895417,0.5925690820690755
sweep,8461-281231-0007,test-other,8461,WB8,0,0.0,True,52.655269622802734,6.9778218269348145,7.25592041015625,7.391917705535889,6.3757758140563965,8000.0,3.966271838364283,0.4930247758443394
sweep,8461-281231-0008,test-other,8461,NB8,2,0.125,True,137.1775360107422,10.221297264099121,5.928298473358154,6.218029022216797,12.54604434967041,4875.0,-21.317289634063368,0.6538241959732468
sweep,8461-281231-0008,test-other,8461,WB8,0,0.0,True,46.08143997192383,6.4079203605651855,6.747004508972168,6.892504692077637,5.7228522300720215,8000.0,2.894269214411633,0.5407908916632825
sweep,8461-281231-0010,test-other,8461,NB8,2,0.125,True,185.62583923339844,11.584741592407227,5.937780857086182,6.238807201385498,14.63453197479248,4937.5,-22.694424965307306,0.673954982553959
sweep,8461-281231-0010,test-other,8461,WB8,0,0.0,True,46.310997009277344,6.377415180206299,6.585024833679199,6.673074722290039,5.921806812286377,8000.0,2.9225537097294447,0.5969061925755267
sweep,8461-281231-0012,test-other,8461,NB8,2,0.125,True,108.1439437866211,9.01109504699707,5.874958038330078,6.112085819244385,10.514276504516602,4843.75,-16.946629387537133,0.6332847063791627
sweep,8461-281231-0012,test-other,8461,WB8,0,0.0,True,42.24272155761719,6.136466026306152,6.733407974243164,6.807122707366943,5.1393537521362305,8000.0,3.0372282954510403,0.5390540319891768
sweep,8461-281231-0015,test-other,8461,NB8,2,0.125,True,164.1622314453125,10.930978775024414,5.930793762207031,6.144016265869141,13.515009880065918,4843.75,-19.999118635136387,0.6597411260897978
sweep,8461-281231-0015,test-other,8461,WB8,0,0.0,True,45.03324890136719,6.323123931884766,6.566537380218506,6.69495153427124,5.706338405609131,8000.0,2.3637302133864484,0.577152937454711
sweep,8461-281231-0016,test-other,8461,NB8,2,0.125,True,120.94900512695312,9.0802583694458,5.3838372230529785,5.648168563842773,10.786628723144531,4875.0,-14.95573342947645,0.6013114925585235
sweep,8461-281231-0016,test-other,8461,WB8,0,0.0,True,38.375282287597656,5.672421455383301,6.010770320892334,6.119621753692627,4.8715105056762695,8000.0,2.734640720876526,0.5564798430438096
sweep,8461-281231-0020,test-other,8461,NB8,2,0.125,True,145.8948516845703,10.650219917297363,6.447167873382568,6.700679779052734,12.77501392364502,4937.5,-20.492381456361002,0.6253856727402496
sweep,8461-281231-0020,test-other,8461,WB8,0,0.0,True,50.43959045410156,6.842022895812988,7.2934441566467285,7.426720142364502,6.032306671142578,8000.0,3.5230722892904156,0.5401359408351037
sweep,8461-281231-0022,test-other,8461,NB8,2,0.125,True,164.7119598388672,11.233994483947754,6.048125267028809,6.3726396560668945,14.074156761169434,4843.75,-20.551935082092857,0.6297124495665919
sweep,8461-281231-0022,test-other,8461,WB8,0,0.0,True,49.39455795288086,6.672736167907715,6.819744110107422,7.017096519470215,6.171303749084473,8000.0,2.5961293646362913,0.543456425690575
sweep,8461-281231-0023,test-other,8461,NB8,2,0.125,True,171.33294677734375,11.455730438232422,6.333187103271484,6.595479965209961,14.246975898742676,4750.0,-21.36526621336758,0.6194122412746842
sweep,8461-281231-0023,test-other,8461,WB8,0,0.0,True,51.36574172973633,6.8844780921936035,7.212655544281006,7.278702259063721,6.292654514312744,8000.0,2.96959014148785,0.5138031376648635
sweep,8461-281231-0027,test-other,8461,NB8,2,0.125,True,173.12124633789062,11.350708961486816,6.193623065948486,6.515553951263428,14.073250770568848,4718.75,-23.30549132598906,0.5995058422774214
sweep,8461-281231-0027,test-other,8461,WB8,0,0.0,True,49.83189010620117,6.724836826324463,6.940881729125977,7.081151485443115,6.180745601654053,8000.0,3.485853324505665,0.5036867472469446
sweep,8461-281231-0028,test-other,8461,NB8,2,0.125,True,126.58963775634766,9.994317054748535,6.19839334487915,6.503210067749023,11.96248722076416,4875.0,-18.75226250437072,0.6446506755842524
sweep,8461-281231-0028,test-other,8461,WB8,0,0.0,True,44.71566390991211,6.447152137756348,6.927572727203369,6.99584436416626,5.661648750305176,8000.0,1.168534334853883,0.5951052748751711
sweep,8461-281231-0029,test-other,8461,NB8,2,0.125,True,133.79200744628906,9.998324394226074,6.226544380187988,6.504169940948486,11.759041786193848,4812.5,-17.890836324013293,0.5998223636922612
sweep,8461-281231-0029,test-other,8461,WB8,0,0.0,True,44.25857925415039,6.404162406921387,6.975955963134766,7.055451393127441,5.441343307495117,8000.0,2.32020422520878,0.5051835812255919
sweep,8461-281231-0031,test-other,8461,NB8,2,0.125,True,170.03050231933594,11.651874542236328,6.328486919403076,6.646026134490967,14.595410346984863,4843.75,-19.372535351149768,0.6369299447726942
sweep,8461-281231-0031,test-other,8461,WB8,0,0.0,True,48.684303283691406,6.744644641876221,6.993241786956787,7.139308929443359,6.181059837341309,8000.0,1.8932550190118298,0.550887741805236
sweep,8461-281231-0034,test-other,8461,NB8,2,0.125,True,161.29486083984375,11.25792407989502,6.124877452850342,6.4450602531433105,14.097797393798828,4843.75,-20.953224093226947,0.6304295003546995
sweep,8461-281231-0034,test-other,8461,WB8,0,0.0,True,49.049041748046875,6.68794059753418,6.8373003005981445,6.980485439300537,6.255067348480225,8000.0,2.374788949788998,0.5724142355166236
sweep,8461-281231-0037,test-other,8461,NB8,2,0.125,True,191.0242919921875,12.257018089294434,6.483200550079346,6.7612504959106445,15.478455543518066,4812.5,-23.202210832036847,0.6542959849155826
sweep,8461-281231-0037,test-other,8461,WB8,0,0.0,True,51.30739974975586,6.938425540924072,7.116346836090088,7.255918502807617,6.48531436920166,8000.0,1.9601758049170281,0.5599495041236693
