set,utterance,subset,speaker_id,condition,model,reference,reference_normalised,hypothesis,hypothesis_normalised
calibration,777-126732-0023,dev-clean,777,LP,wav2vec2,THE FAMOUS TERRORIST HAD NEVER IN HIS LIFE RAISED PERSONALLY AS MUCH AS HIS LITTLE FINGER AGAINST THE SOCIAL EDIFICE,the famous terrorist had never in his life raised personally as much as his little finger against the social edifice,THE FAMOUS TERRORIST HAD NEVER IN HIS LIFE RAISED PERSONALLY AS MUCH AS HIS LITTLE FINGER AGAINST THE SOCIAL EDIFICE,the famous terrorist had never in his life raised personally as much as his little finger against the social edifice
calibration,777-126732-0023,dev-clean,777,SILK8,wav2vec2,THE FAMOUS TERRORIST HAD NEVER IN HIS LIFE RAISED PERSONALLY AS MUCH AS HIS LITTLE FINGER AGAINST THE SOCIAL EDIFICE,the famous terrorist had never in his life raised personally as much as his little finger against the social edifice,THE FAMOUS TERRORIST HAD NEVER IN HIS LIFE RAISED PERSONALLY AS MUCH AS HIS LITTLE FINGERE AGAINST THE SOCIAL EDIFICE,the famous terrorist had never in his life raised personally as much as his little fingere against the social edifice
calibration,777-126732-0023,dev-clean,777,SILK12,wav2vec2,THE FAMOUS TERRORIST HAD NEVER IN HIS LIFE RAISED PERSONALLY AS MUCH AS HIS LITTLE FINGER AGAINST THE SOCIAL EDIFICE,the famous terrorist had never in his life raised personally as much as his little finger against the social edifice,THE FAMOUS TERRORIST HAD NEVER IN HIS LIFE RAISED PERSONALLY AS MUCH AS HIS LITTLE FINGER AGAINST THE SOCIAL EDIFICE,the famous terrorist had never in his life raised personally as much as his little finger against the social edifice
calibration,777-126732-0023,dev-clean,777,SILK16,wav2vec2,THE FAMOUS TERRORIST HAD NEVER IN HIS LIFE RAISED PERSONALLY AS MUCH AS HIS LITTLE FINGER AGAINST THE SOCIAL EDIFICE,the famous terrorist had never in his life raised personally as much as his little finger against the social edifice,THE FAMOUS TERRORIST HAD NEVER IN HIS LIFE RAISED PERSONALLY AS MUCH AS HIS LITTLE FINGER AGAINST THE SOCIAL EDIFICE,the famous terrorist had never in his life raised personally as much as his little finger against the social edifice
calibration,777-126732-0023,dev-clean,777,SILK24,wav2vec2,THE FAMOUS TERRORIST HAD NEVER IN HIS LIFE RAISED PERSONALLY AS MUCH AS HIS LITTLE FINGER AGAINST THE SOCIAL EDIFICE,the famous terrorist had never in his life raised personally as much as his little finger against the social edifice,THE FAMOUS TERRORIST HAD NEVER IN HIS LIFE RAISED PERSONALLY AS MUCH AS HIS LITTLE FINGER AGAINST THE SOCIAL EDIFICE,the famous terrorist had never in his life raised personally as much as his little finger against the social edifice
calibration,777-126732-0023,dev-clean,777,SILK40,wav2vec2,THE FAMOUS TERRORIST HAD NEVER IN HIS LIFE RAISED PERSONALLY AS MUCH AS HIS LITTLE FINGER AGAINST THE SOCIAL EDIFICE,the famous terrorist had never in his life raised personally as much as his little finger against the social edifice,THE FAMOUS TERRORIST HAD NEVER IN HIS LIFE RAISED PERSONALLY AS MUCH AS HIS LITTLE FINGER AGAINST THE SOCIAL EDIFICE,the famous terrorist had never in his life raised personally as much as his little finger against the social edifice
calibration,777-126732-0023,dev-clean,777,LP,whisper,THE FAMOUS TERRORIST HAD NEVER IN HIS LIFE RAISED PERSONALLY AS MUCH AS HIS LITTLE FINGER AGAINST THE SOCIAL EDIFICE,the famous terrorist had never in his life raised personally as much as his little finger against the social edifice, The famous terrorist had never in his life raised personally as much as his little finger against the social edifice.,the famous terrorist had never in his life raised personally as much as his little finger against the social edifice
calibration,777-126732-0023,dev-clean,777,SILK8,whisper,THE FAMOUS TERRORIST HAD NEVER IN HIS LIFE RAISED PERSONALLY AS MUCH AS HIS LITTLE FINGER AGAINST THE SOCIAL EDIFICE,the famous terrorist had never in his life raised personally as much as his little finger against the social edifice, The famous terrorist had never in his life raised personally as much as his little finger against the social edifice.,the famous terrorist had never in his life raised personally as much as his little finger against the social edifice
calibration,777-126732-0023,dev-clean,777,SILK12,whisper,THE FAMOUS TERRORIST HAD NEVER IN HIS LIFE RAISED PERSONALLY AS MUCH AS HIS LITTLE FINGER AGAINST THE SOCIAL EDIFICE,the famous terrorist had never in his life raised personally as much as his little finger against the social edifice, the famous terrorist had never in his life raised personally as much as his little finger against the social edifice,the famous terrorist had never in his life raised personally as much as his little finger against the social edifice
calibration,777-126732-0023,dev-clean,777,SILK16,whisper,THE FAMOUS TERRORIST HAD NEVER IN HIS LIFE RAISED PERSONALLY AS MUCH AS HIS LITTLE FINGER AGAINST THE SOCIAL EDIFICE,the famous terrorist had never in his life raised personally as much as his little finger against the social edifice, The famous terrorist had never in his life raised personally as much as his little finger against the social edifice.,the famous terrorist had never in his life raised personally as much as his little finger against the social edifice
calibration,777-126732-0023,dev-clean,777,SILK24,whisper,THE FAMOUS TERRORIST HAD NEVER IN HIS LIFE RAISED PERSONALLY AS MUCH AS HIS LITTLE FINGER AGAINST THE SOCIAL EDIFICE,the famous terrorist had never in his life raised personally as much as his little finger against the social edifice, The famous terrorist had never in his life raised personally as much as his little finger against the social edifice.,the famous terrorist had never in his life raised personally as much as his little finger against the social edifice
calibration,777-126732-0023,dev-clean,777,SILK40,whisper,THE FAMOUS TERRORIST HAD NEVER IN HIS LIFE RAISED PERSONALLY AS MUCH AS HIS LITTLE FINGER AGAINST THE SOCIAL EDIFICE,the famous terrorist had never in his life raised personally as much as his little finger against the social edifice, The famous terrorist had never in his life raised personally as much as his little finger against the social edifice.,the famous terrorist had never in his life raised personally as much as his little finger against the social edifice
calibration,777-126732-0026,dev-clean,777,LP,wav2vec2,HE HAD BEEN A PRISONER HIMSELF,he had been a prisoner himself,HE HAD BEEN A PRISONER HIMSELF,he had been a prisoner himself
calibration,777-126732-0026,dev-clean,777,SILK8,wav2vec2,HE HAD BEEN A PRISONER HIMSELF,he had been a prisoner himself,HE HAD BEEN A PRISONER HIMSELF,he had been a prisoner himself
calibration,777-126732-0026,dev-clean,777,SILK12,wav2vec2,HE HAD BEEN A PRISONER HIMSELF,he had been a prisoner himself,HE HAD BEEN A PRISONER HIMSELF,he had been a prisoner himself
calibration,777-126732-0026,dev-clean,777,SILK16,wav2vec2,HE HAD BEEN A PRISONER HIMSELF,he had been a prisoner himself,HE HAD BEEN A PRISONER HIMSELF,he had been a prisoner himself
calibration,777-126732-0026,dev-clean,777,SILK24,wav2vec2,HE HAD BEEN A PRISONER HIMSELF,he had been a prisoner himself,HE HAD BEEN A PRISONER HIMSELF,he had been a prisoner himself
calibration,777-126732-0026,dev-clean,777,SILK40,wav2vec2,HE HAD BEEN A PRISONER HIMSELF,he had been a prisoner himself,HE HAD BEEN A PRISONER HIMSELF,he had been a prisoner himself
calibration,777-126732-0026,dev-clean,777,LP,whisper,HE HAD BEEN A PRISONER HIMSELF,he had been a prisoner himself, He had been a prisoner himself.,he had been a prisoner himself
calibration,777-126732-0026,dev-clean,777,SILK8,whisper,HE HAD BEEN A PRISONER HIMSELF,he had been a prisoner himself, He had been a prisoner himself.,he had been a prisoner himself
calibration,777-126732-0026,dev-clean,777,SILK12,whisper,HE HAD BEEN A PRISONER HIMSELF,he had been a prisoner himself, He had been a prisoner himself.,he had been a prisoner himself
calibration,777-126732-0026,dev-clean,777,SILK16,whisper,HE HAD BEEN A PRISONER HIMSELF,he had been a prisoner himself, He had been a prisoner himself.,he had been a prisoner himself
calibration,777-126732-0026,dev-clean,777,SILK24,whisper,HE HAD BEEN A PRISONER HIMSELF,he had been a prisoner himself, He had been a prisoner himself.,he had been a prisoner himself
calibration,777-126732-0026,dev-clean,777,SILK40,whisper,HE HAD BEEN A PRISONER HIMSELF,he had been a prisoner himself, He had been a prisoner himself.,he had been a prisoner himself
calibration,777-126732-0034,dev-clean,777,LP,wav2vec2,I DON'T SAY THAT PROTESTED MICHAELIS GENTLY,i do not say that protested michaelis gently,I DON'T SAY THAT PROTESTED MICHALLUS GENTLY,i do not say that protested michallus gently
calibration,777-126732-0034,dev-clean,777,SILK8,wav2vec2,I DON'T SAY THAT PROTESTED MICHAELIS GENTLY,i do not say that protested michaelis gently,I DON'T SAY THAT PROTESTED MICHALLUS GENTLY,i do not say that protested michallus gently
calibration,777-126732-0034,dev-clean,777,SILK12,wav2vec2,I DON'T SAY THAT PROTESTED MICHAELIS GENTLY,i do not say that protested michaelis gently,I DON'T SAY THAT PROTESTED MICHALLOUS GENTLY,i do not say that protested michallous gently
calibration,777-126732-0034,dev-clean,777,SILK16,wav2vec2,I DON'T SAY THAT PROTESTED MICHAELIS GENTLY,i do not say that protested michaelis gently,I DON'T SAY THAT PROTESTED MICHALLUS GENTLY,i do not say that protested michallus gently
calibration,777-126732-0034,dev-clean,777,SILK24,wav2vec2,I DON'T SAY THAT PROTESTED MICHAELIS GENTLY,i do not say that protested michaelis gently,I DON'T SAY THAT PROTESTED MICHALLUS GENTLY,i do not say that protested michallus gently
calibration,777-126732-0034,dev-clean,777,SILK40,wav2vec2,I DON'T SAY THAT PROTESTED MICHAELIS GENTLY,i do not say that protested michaelis gently,I DON'T SAY THAT PROTESTED MICHALLUS GENTLY,i do not say that protested michallus gently
calibration,777-126732-0034,dev-clean,777,LP,whisper,I DON'T SAY THAT PROTESTED MICHAELIS GENTLY,i do not say that protested michaelis gently," ""'I don't say that,' protested Michaelis gently.",i do not say that protested michaelis gently
calibration,777-126732-0034,dev-clean,777,SILK8,whisper,I DON'T SAY THAT PROTESTED MICHAELIS GENTLY,i do not say that protested michaelis gently," ""'I don't say that,' protested Michaelis gently.",i do not say that protested michaelis gently
calibration,777-126732-0034,dev-clean,777,SILK12,whisper,I DON'T SAY THAT PROTESTED MICHAELIS GENTLY,i do not say that protested michaelis gently," ""'I don't say that,' protested Michaelis gently.",i do not say that protested michaelis gently
calibration,777-126732-0034,dev-clean,777,SILK16,whisper,I DON'T SAY THAT PROTESTED MICHAELIS GENTLY,i do not say that protested michaelis gently," ""'I don't say that,' protested Michaelis gently.",i do not say that protested michaelis gently
calibration,777-126732-0034,dev-clean,777,SILK24,whisper,I DON'T SAY THAT PROTESTED MICHAELIS GENTLY,i do not say that protested michaelis gently," ""'I don't say that,' protested Michaelis gently.",i do not say that protested michaelis gently
calibration,777-126732-0034,dev-clean,777,SILK40,whisper,I DON'T SAY THAT PROTESTED MICHAELIS GENTLY,i do not say that protested michaelis gently," ""'I don't say that,' protested Michaelis gently.",i do not say that protested michaelis gently
calibration,777-126732-0052,dev-clean,777,LP,wav2vec2,MISTER VERLOC PERCEIVED WITH SOME SURPRISE THAT HE DID NOT KNOW REALLY WHAT TO SAY TO STEVIE,mister verloc perceived with some surprise that he did not know really what to say to stevie,MISTER VERLOCK PERCEIVED WITH SOME SURPRISE THAT HE DID NOT KNOW REALLY WHAT TO SAY TO STEVIE,mister verlock perceived with some surprise that he did not know really what to say to stevie
calibration,777-126732-0052,dev-clean,777,SILK8,wav2vec2,MISTER VERLOC PERCEIVED WITH SOME SURPRISE THAT HE DID NOT KNOW REALLY WHAT TO SAY TO STEVIE,mister verloc perceived with some surprise that he did not know really what to say to stevie,MISTER VERLOCK PERCEIVED WITH SOME SURPRISE THAT HE DID NOT KNOW REALLY WHAT TO SAY TO STEVIE,mister verlock perceived with some surprise that he did not know really what to say to stevie
calibration,777-126732-0052,dev-clean,777,SILK12,wav2vec2,MISTER VERLOC PERCEIVED WITH SOME SURPRISE THAT HE DID NOT KNOW REALLY WHAT TO SAY TO STEVIE,mister verloc perceived with some surprise that he did not know really what to say to stevie,MISTER VERLOCK PERCEIVED WITH SOME SURPRISE THAT HE DID NOT KNOW REALLY WHAT TO SAY TO STEVIE,mister verlock perceived with some surprise that he did not know really what to say to stevie
calibration,777-126732-0052,dev-clean,777,SILK16,wav2vec2,MISTER VERLOC PERCEIVED WITH SOME SURPRISE THAT HE DID NOT KNOW REALLY WHAT TO SAY TO STEVIE,mister verloc perceived with some surprise that he did not know really what to say to stevie,MISTER VERLOCK PERCEIVED WITH SOME SURPRISE THAT HE DID NOT KNOW REALLY WHAT TO SAY TO STEVIE,mister verlock perceived with some surprise that he did not know really what to say to stevie
calibration,777-126732-0052,dev-clean,777,SILK24,wav2vec2,MISTER VERLOC PERCEIVED WITH SOME SURPRISE THAT HE DID NOT KNOW REALLY WHAT TO SAY TO STEVIE,mister verloc perceived with some surprise that he did not know really what to say to stevie,MISTER VERLOC PERCEIVED WITH SOME SURPRISE THAT HE DID NOT KNOW REALLY WHAT TO SAY TO STEVIE,mister verloc perceived with some surprise that he did not know really what to say to stevie
calibration,777-126732-0052,dev-clean,777,SILK40,wav2vec2,MISTER VERLOC PERCEIVED WITH SOME SURPRISE THAT HE DID NOT KNOW REALLY WHAT TO SAY TO STEVIE,mister verloc perceived with some surprise that he did not know really what to say to stevie,MISTER VERLOCK PERCEIVED WITH SOME SURPRISE THAT HE DID NOT KNOW REALLY WHAT TO SAY TO STEVIE,mister verlock perceived with some surprise that he did not know really what to say to stevie
calibration,777-126732-0052,dev-clean,777,LP,whisper,MISTER VERLOC PERCEIVED WITH SOME SURPRISE THAT HE DID NOT KNOW REALLY WHAT TO SAY TO STEVIE,mister verloc perceived with some surprise that he did not know really what to say to stevie, Mr. Verloc perceived with some surprise that he did not know really what to say to Stevie.,mister verloc perceived with some surprise that he did not know really what to say to stevie
calibration,777-126732-0052,dev-clean,777,SILK8,whisper,MISTER VERLOC PERCEIVED WITH SOME SURPRISE THAT HE DID NOT KNOW REALLY WHAT TO SAY TO STEVIE,mister verloc perceived with some surprise that he did not know really what to say to stevie, Mr. Verloc perceived with some surprise that he did not know really what to say to Stevie.,mister verloc perceived with some surprise that he did not know really what to say to stevie
calibration,777-126732-0052,dev-clean,777,SILK12,whisper,MISTER VERLOC PERCEIVED WITH SOME SURPRISE THAT HE DID NOT KNOW REALLY WHAT TO SAY TO STEVIE,mister verloc perceived with some surprise that he did not know really what to say to stevie, Mr. Verloc perceived with some surprise that he did not know really what to say to Stevie.,mister verloc perceived with some surprise that he did not know really what to say to stevie
calibration,777-126732-0052,dev-clean,777,SILK16,whisper,MISTER VERLOC PERCEIVED WITH SOME SURPRISE THAT HE DID NOT KNOW REALLY WHAT TO SAY TO STEVIE,mister verloc perceived with some surprise that he did not know really what to say to stevie, Mr. Verloc perceived with some surprise that he did not know really what to say to Stevie.,mister verloc perceived with some surprise that he did not know really what to say to stevie
calibration,777-126732-0052,dev-clean,777,SILK24,whisper,MISTER VERLOC PERCEIVED WITH SOME SURPRISE THAT HE DID NOT KNOW REALLY WHAT TO SAY TO STEVIE,mister verloc perceived with some surprise that he did not know really what to say to stevie, Mr. Verloc perceived with some surprise that he did not know really what to say to Stevie.,mister verloc perceived with some surprise that he did not know really what to say to stevie
calibration,777-126732-0052,dev-clean,777,SILK40,whisper,MISTER VERLOC PERCEIVED WITH SOME SURPRISE THAT HE DID NOT KNOW REALLY WHAT TO SAY TO STEVIE,mister verloc perceived with some surprise that he did not know really what to say to stevie, Mr. Verloc perceived with some surprise that he did not know really what to say to Stevie.,mister verloc perceived with some surprise that he did not know really what to say to stevie
calibration,777-126732-0076,dev-clean,777,LP,wav2vec2,I WISH HE HAD NEVER BEEN TO SCHOOL MISSUS VERLOC BEGAN AGAIN BRUSQUELY,i wish he had never been to school missus verloc began again brusquely,I WISH HE HAD NEVER BEEN TO SCHOOL MISSUS VERLOC BEGAN AGAIN BRUSQUELY,i wish he had never been to school missus verloc began again brusquely
calibration,777-126732-0076,dev-clean,777,SILK8,wav2vec2,I WISH HE HAD NEVER BEEN TO SCHOOL MISSUS VERLOC BEGAN AGAIN BRUSQUELY,i wish he had never been to school missus verloc began again brusquely,I WISH HE HAD NEVER BEEN TO SCHOOL MISSUS VERLOC BEGAN AGAIN BRUSQUELY,i wish he had never been to school missus verloc began again brusquely
calibration,777-126732-0076,dev-clean,777,SILK12,wav2vec2,I WISH HE HAD NEVER BEEN TO SCHOOL MISSUS VERLOC BEGAN AGAIN BRUSQUELY,i wish he had never been to school missus verloc began again brusquely,I WISH HE HAD NEVER BEEN TO SCHOOL MISSUS VERLOC BEGAN AGAIN BRUSQUELY,i wish he had never been to school missus verloc began again brusquely
calibration,777-126732-0076,dev-clean,777,SILK16,wav2vec2,I WISH HE HAD NEVER BEEN TO SCHOOL MISSUS VERLOC BEGAN AGAIN BRUSQUELY,i wish he had never been to school missus verloc began again brusquely,I WISH HE HAD NEVER BEEN TO SCHOOL MISSUS VERLOC BEGAN AGAIN BRUSQUELY,i wish he had never been to school missus verloc began again brusquely
calibration,777-126732-0076,dev-clean,777,SILK24,wav2vec2,I WISH HE HAD NEVER BEEN TO SCHOOL MISSUS VERLOC BEGAN AGAIN BRUSQUELY,i wish he had never been to school missus verloc began again brusquely,I WISH HE HAD NEVER BEEN TO SCHOOL MISSUS VERLOC BEGAN AGAIN BRUSQUELY,i wish he had never been to school missus verloc began again brusquely
calibration,777-126732-0076,dev-clean,777,SILK40,wav2vec2,I WISH HE HAD NEVER BEEN TO SCHOOL MISSUS VERLOC BEGAN AGAIN BRUSQUELY,i wish he had never been to school missus verloc began again brusquely,I WISH HE HAD NEVER BEEN TO SCHOOL MISSUS VERLOC BEGAN AGAIN BRUSQUELY,i wish he had never been to school missus verloc began again brusquely
calibration,777-126732-0076,dev-clean,777,LP,whisper,I WISH HE HAD NEVER BEEN TO SCHOOL MISSUS VERLOC BEGAN AGAIN BRUSQUELY,i wish he had never been to school missus verloc began again brusquely," ""'I wish he had never been to school,' Mrs. Verloc began again, brusquely.",i wish he had never been to school missus verloc began again brusquely
calibration,777-126732-0076,dev-clean,777,SILK8,whisper,I WISH HE HAD NEVER BEEN TO SCHOOL MISSUS VERLOC BEGAN AGAIN BRUSQUELY,i wish he had never been to school missus verloc began again brusquely," ""'I wish he had never been to school,' Mrs. Verloc began again, brusquely.",i wish he had never been to school missus verloc began again brusquely
calibration,777-126732-0076,dev-clean,777,SILK12,whisper,I WISH HE HAD NEVER BEEN TO SCHOOL MISSUS VERLOC BEGAN AGAIN BRUSQUELY,i wish he had never been to school missus verloc began again brusquely," ""'I wish he had never been to school,' Mrs. Verloc began again, brusquely.",i wish he had never been to school missus verloc began again brusquely
calibration,777-126732-0076,dev-clean,777,SILK16,whisper,I WISH HE HAD NEVER BEEN TO SCHOOL MISSUS VERLOC BEGAN AGAIN BRUSQUELY,i wish he had never been to school missus verloc began again brusquely," ""'I wish he had never been to school,' Mrs. Verloc began again, brusquely.",i wish he had never been to school missus verloc began again brusquely
calibration,777-126732-0076,dev-clean,777,SILK24,whisper,I WISH HE HAD NEVER BEEN TO SCHOOL MISSUS VERLOC BEGAN AGAIN BRUSQUELY,i wish he had never been to school missus verloc began again brusquely," ""'I wish he had never been to school,' Mrs. Verloc began again, brusquely.",i wish he had never been to school missus verloc began again brusquely
calibration,777-126732-0076,dev-clean,777,SILK40,whisper,I WISH HE HAD NEVER BEEN TO SCHOOL MISSUS VERLOC BEGAN AGAIN BRUSQUELY,i wish he had never been to school missus verloc began again brusquely," ""'I wish he had never been to school,' Mrs. Verloc began again, brusquely.",i wish he had never been to school missus verloc began again brusquely
calibration,1993-147149-0006,dev-clean,1993,LP,wav2vec2,SHE OPENED THE DOOR SOFTLY THERE SAT MISSUS WILSON IN THE OLD ROCKING CHAIR WITH ONE SICK DEATH LIKE BOY LYING ON HER KNEE CRYING WITHOUT LET OR PAUSE BUT SOFTLY GENTLY AS FEARING TO DISTURB THE TROUBLED GASPING CHILD WHILE BEHIND HER OLD ALICE LET HER FAST DROPPING TEARS FALL DOWN ON THE DEAD BODY OF THE OTHER TWIN WHICH SHE WAS LAYING OUT ON A BOARD PLACED ON A SORT OF SOFA SETTEE IN A CORNER OF THE ROOM,she opened the door softly there sat missus wilson in the old rocking chair with one sick death like boy lying on her knee crying without let or pause but softly gently as fearing to disturb the troubled gasping child while behind her old alice let her fast dropping tears fall down on the dead body of the other twin which she was laying out on a board placed on a sort of sofa settee in a corner of the room,SHE OPENED THE DOOR SOFTLY THERE SAT MISSUS WILSON IN THE OLD ROCKING CHAIR WITH ONE SICK DEATH LIKE BOY LYING ON HER KNEE CRYING WITHOUT LET OR PAUSE BUT SOFTLY GENTLY AS FEARING TO DISTURB THE TROUBLED GASPING CHILD WHILE BEHIND HER OLD ALICE LET HER FAST DROPPING TEARS FALL DOWN ON THE DEAD BODY OF THE OTHER TWIN WHICH SHE WAS LYING OUT ON A BOARD PLACED ON A SORT OF SOFA SETTEE IN THE CORNER OF THE ROOM,she opened the door softly there sat missus wilson in the old rocking chair with one sick death like boy lying on her knee crying without let or pause but softly gently as fearing to disturb the troubled gasping child while behind her old alice let her fast dropping tears fall down on the dead body of the other twin which she was lying out on a board placed on a sort of sofa settee in the corner of the room
calibration,1993-147149-0006,dev-clean,1993,SILK8,wav2vec2,SHE OPENED THE DOOR SOFTLY THERE SAT MISSUS WILSON IN THE OLD ROCKING CHAIR WITH ONE SICK DEATH LIKE BOY LYING ON HER KNEE CRYING WITHOUT LET OR PAUSE BUT SOFTLY GENTLY AS FEARING TO DISTURB THE TROUBLED GASPING CHILD WHILE BEHIND HER OLD ALICE LET HER FAST DROPPING TEARS FALL DOWN ON THE DEAD BODY OF THE OTHER TWIN WHICH SHE WAS LAYING OUT ON A BOARD PLACED ON A SORT OF SOFA SETTEE IN A CORNER OF THE ROOM,she opened the door softly there sat missus wilson in the old rocking chair with one sick death like boy lying on her knee crying without let or pause but softly gently as fearing to disturb the troubled gasping child while behind her old alice let her fast dropping tears fall down on the dead body of the other twin which she was laying out on a board placed on a sort of sofa settee in a corner of the room,SHE OPENED THE DOOR SOFTLY THERE SAT MISSUS WILSON IN THE OLD ROCKING CHAIR WITH ONE SICK DEATH LIKE BOY LYING ON HER KNEE CRYING WITHOUT LET OR PAUSE BUT SOFTLY GENTLY AS FEARING TO DISTURB THE TROUBLE GASPING CHILD WHILE BEHIND HER OLD ALICE LET HER FAST DROPPING TEARS FALL DOWN ON THE DEAD BODY OF THE OTHER TWIN BUT SHE WAS LYING OUT ON A BOARD PLACED ON A SORT OF SOFA SETEE IN THE CORNER OF THE ROOM,she opened the door softly there sat missus wilson in the old rocking chair with one sick death like boy lying on her knee crying without let or pause but softly gently as fearing to disturb the trouble gasping child while behind her old alice let her fast dropping tears fall down on the dead body of the other twin but she was lying out on a board placed on a sort of sofa setee in the corner of the room
calibration,1993-147149-0006,dev-clean,1993,SILK12,wav2vec2,SHE OPENED THE DOOR SOFTLY THERE SAT MISSUS WILSON IN THE OLD ROCKING CHAIR WITH ONE SICK DEATH LIKE BOY LYING ON HER KNEE CRYING WITHOUT LET OR PAUSE BUT SOFTLY GENTLY AS FEARING TO DISTURB THE TROUBLED GASPING CHILD WHILE BEHIND HER OLD ALICE LET HER FAST DROPPING TEARS FALL DOWN ON THE DEAD BODY OF THE OTHER TWIN WHICH SHE WAS LAYING OUT ON A BOARD PLACED ON A SORT OF SOFA SETTEE IN A CORNER OF THE ROOM,she opened the door softly there sat missus wilson in the old rocking chair with one sick death like boy lying on her knee crying without let or pause but softly gently as fearing to disturb the troubled gasping child while behind her old alice let her fast dropping tears fall down on the dead body of the other twin which she was laying out on a board placed on a sort of sofa settee in a corner of the room,SHE OPENED THE DOOR SOFTLY THERE SAT MISSUS WILSON IN THE OLD ROCKING CHAIR WITH ONE SICK DEATH LIKE BOY LYING ON HER KNEE CRYING WITHOUT LET OR PAUSE BUT SOFTLY GENTLY AS FEARING TO DISTURB THE TROUBLED GASPING CHILD WHILE BEHIND HER OLD ALICE LET HER FAST DROPPING TEARS FALL DOWN ON THE DEAD BODY OF THE OTHER TWIN WHICH SHE WAS LAYING OUT ON A BOARD PLACED ON A SORT OF SOFA SETEE IN THE CORNER OF THE ROOM,she opened the door softly there sat missus wilson in the old rocking chair with one sick death like boy lying on her knee crying without let or pause but softly gently as fearing to disturb the troubled gasping child while behind her old alice let her fast dropping tears fall down on the dead body of the other twin which she was laying out on a board placed on a sort of sofa setee in the corner of the room
calibration,1993-147149-0006,dev-clean,1993,SILK16,wav2vec2,SHE OPENED THE DOOR SOFTLY THERE SAT MISSUS WILSON IN THE OLD ROCKING CHAIR WITH ONE SICK DEATH LIKE BOY LYING ON HER KNEE CRYING WITHOUT LET OR PAUSE BUT SOFTLY GENTLY AS FEARING TO DISTURB THE TROUBLED GASPING CHILD WHILE BEHIND HER OLD ALICE LET HER FAST DROPPING TEARS FALL DOWN ON THE DEAD BODY OF THE OTHER TWIN WHICH SHE WAS LAYING OUT ON A BOARD PLACED ON A SORT OF SOFA SETTEE IN A CORNER OF THE ROOM,she opened the door softly there sat missus wilson in the old rocking chair with one sick death like boy lying on her knee crying without let or pause but softly gently as fearing to disturb the troubled gasping child while behind her old alice let her fast dropping tears fall down on the dead body of the other twin which she was laying out on a board placed on a sort of sofa settee in a corner of the room,SHE OPENED THE DOOR SOFTLY THERE SAT MISSUS WILSON IN THE OLD ROCKING CHAIR WITH ONE SICK DEATH LIKE BOY LYING ON HER KNEE CRYING WITHOUT LET OR PAUSE BUT SOFTLY GENTLY AS FEARING TO DISTURB THE TROUBLED GASPING CHILD WHILE BEHIND HER OLD ALICE LET HER FAST DROPPING TEARS FALL DOWN ON THE DEAD BODY OF THE OTHER TWIN WHICH SHE WAS LAYING OUT ON A BOARD PLACED ON A SORT OF SOFA SETEE IN THE CORNER OF THE ROOM,she opened the door softly there sat missus wilson in the old rocking chair with one sick death like boy lying on her knee crying without let or pause but softly gently as fearing to disturb the troubled gasping child while behind her old alice let her fast dropping tears fall down on the dead body of the other twin which she was laying out on a board placed on a sort of sofa setee in the corner of the room
calibration,1993-147149-0006,dev-clean,1993,SILK24,wav2vec2,SHE OPENED THE DOOR SOFTLY THERE SAT MISSUS WILSON IN THE OLD ROCKING CHAIR WITH ONE SICK DEATH LIKE BOY LYING ON HER KNEE CRYING WITHOUT LET OR PAUSE BUT SOFTLY GENTLY AS FEARING TO DISTURB THE TROUBLED GASPING CHILD WHILE BEHIND HER OLD ALICE LET HER FAST DROPPING TEARS FALL DOWN ON THE DEAD BODY OF THE OTHER TWIN WHICH SHE WAS LAYING OUT ON A BOARD PLACED ON A SORT OF SOFA SETTEE IN A CORNER OF THE ROOM,she opened the door softly there sat missus wilson in the old rocking chair with one sick death like boy lying on her knee crying without let or pause but softly gently as fearing to disturb the troubled gasping child while behind her old alice let her fast dropping tears fall down on the dead body of the other twin which she was laying out on a board placed on a sort of sofa settee in a corner of the room,SHE OPENED THE DOOR SOFTLY THERE SAT MISSUS WILSON IN THE OLD ROCKING CHAIR WITH ONE SICK DEATH LIKE BOY LYING ON HER KNEE CRYING WITHOUT LET OR PAUSE BUT SOFTLY GENTLY AS FEARING TO DISTURB THE TROUBLED GASPING CHILD WHILE BEHIND HER OLD ALICE LET HER FAST DROPPING TEARS FALL DOWN ON THE DEAD BODY OF THE OTHER TWIN WHICH SHE WAS LYING OUT ON A BOARD PLACED ON A SORT OF SOFA SETEE IN THE CORNER OF THE ROOM,she opened the door softly there sat missus wilson in the old rocking chair with one sick death like boy lying on her knee crying without let or pause but softly gently as fearing to disturb the troubled gasping child while behind her old alice let her fast dropping tears fall down on the dead body of the other twin which she was lying out on a board placed on a sort of sofa setee in the corner of the room
calibration,1993-147149-0006,dev-clean,1993,SILK40,wav2vec2,SHE OPENED THE DOOR SOFTLY THERE SAT MISSUS WILSON IN THE OLD ROCKING CHAIR WITH ONE SICK DEATH LIKE BOY LYING ON HER KNEE CRYING WITHOUT LET OR PAUSE BUT SOFTLY GENTLY AS FEARING TO DISTURB THE TROUBLED GASPING CHILD WHILE BEHIND HER OLD ALICE LET HER FAST DROPPING TEARS FALL DOWN ON THE DEAD BODY OF THE OTHER TWIN WHICH SHE WAS LAYING OUT ON A BOARD PLACED ON A SORT OF SOFA SETTEE IN A CORNER OF THE ROOM,she opened the door softly there sat missus wilson in the old rocking chair with one sick death like boy lying on her knee crying without let or pause but softly gently as fearing to disturb the troubled gasping child while behind her old alice let her fast dropping tears fall down on the dead body of the other twin which she was laying out on a board placed on a sort of sofa settee in a corner of the room,SHE OPENED THE DOOR SOFTLY THERE SAT MISSUS WILSON IN THE OLD ROCKING CHAIR WITH ONE SICK DEATH LIKE BOY LYING ON HER KNEE CRYING WITHOUT LET OR PAUSE BUT SOFTLY GENTLY AS FEARING TO DISTURB THE TROUBLED GASPING CHILD WHILE BEHIND HER OLD ALICE LET HER FAST DROPPING TEARS FALL DOWN ON THE DEAD BODY OF THE OTHER TWIN WHICH SHE WAS LYING OUT ON A BOARD PLACED ON A SORT OF SOFA SETEE IN THE CORNER OF THE ROOM,she opened the door softly there sat missus wilson in the old rocking chair with one sick death like boy lying on her knee crying without let or pause but softly gently as fearing to disturb the troubled gasping child while behind her old alice let her fast dropping tears fall down on the dead body of the other twin which she was lying out on a board placed on a sort of sofa setee in the corner of the room
calibration,1993-147149-0006,dev-clean,1993,LP,whisper,SHE OPENED THE DOOR SOFTLY THERE SAT MISSUS WILSON IN THE OLD ROCKING CHAIR WITH ONE SICK DEATH LIKE BOY LYING ON HER KNEE CRYING WITHOUT LET OR PAUSE BUT SOFTLY GENTLY AS FEARING TO DISTURB THE TROUBLED GASPING CHILD WHILE BEHIND HER OLD ALICE LET HER FAST DROPPING TEARS FALL DOWN ON THE DEAD BODY OF THE OTHER TWIN WHICH SHE WAS LAYING OUT ON A BOARD PLACED ON A SORT OF SOFA SETTEE IN A CORNER OF THE ROOM,she opened the door softly there sat missus wilson in the old rocking chair with one sick death like boy lying on her knee crying without let or pause but softly gently as fearing to disturb the troubled gasping child while behind her old alice let her fast dropping tears fall down on the dead body of the other twin which she was laying out on a board placed on a sort of sofa settee in a corner of the room," ""'She opened the door softly. ""'There sat Mrs. Wilson in the old rocking-chair, ""'with one sick, death-like boy lying on her knee, ""'crying without let or pause. ""'But softly, gently, as fearing to disturb the troubled gasping child, ""'while behind her, old Alice let her fast-dropping tears ""'fall down on the dead body of the other twin, ""'which she was laying out on a board ""'placed on a sort of sofa settee in the corner of the room.'",she opened the door softly there sat missus wilson in the old rocking chair with one sick death like boy lying on her knee crying without let or pause but softly gently as fearing to disturb the troubled gasping child while behind her old alice let her fast dropping tears fall down on the dead body of the other twin which she was laying out on a board placed on a sort of sofa settee in the corner of the room
calibration,1993-147149-0006,dev-clean,1993,SILK8,whisper,SHE OPENED THE DOOR SOFTLY THERE SAT MISSUS WILSON IN THE OLD ROCKING CHAIR WITH ONE SICK DEATH LIKE BOY LYING ON HER KNEE CRYING WITHOUT LET OR PAUSE BUT SOFTLY GENTLY AS FEARING TO DISTURB THE TROUBLED GASPING CHILD WHILE BEHIND HER OLD ALICE LET HER FAST DROPPING TEARS FALL DOWN ON THE DEAD BODY OF THE OTHER TWIN WHICH SHE WAS LAYING OUT ON A BOARD PLACED ON A SORT OF SOFA SETTEE IN A CORNER OF THE ROOM,she opened the door softly there sat missus wilson in the old rocking chair with one sick death like boy lying on her knee crying without let or pause but softly gently as fearing to disturb the troubled gasping child while behind her old alice let her fast dropping tears fall down on the dead body of the other twin which she was laying out on a board placed on a sort of sofa settee in a corner of the room," ""'She opened the door softly. ""'There sat Mrs. Wilson in the old rocking-chair, ""'with one sick, death-like boy lying on her knee, ""'crying without let or pause. ""'But softly, gently, as fearing to disturb the troubled gasping child, ""'while behind her, old Alice let her fast-dropping tears ""'fall down on the dead body of the other twin, ""'what she was laying out on a board ""'placed on a sort of sofa settee in the corner of the room.'",she opened the door softly there sat missus wilson in the old rocking chair with one sick death like boy lying on her knee crying without let or pause but softly gently as fearing to disturb the troubled gasping child while behind her old alice let her fast dropping tears fall down on the dead body of the other twin what she was laying out on a board placed on a sort of sofa settee in the corner of the room
calibration,1993-147149-0006,dev-clean,1993,SILK12,whisper,SHE OPENED THE DOOR SOFTLY THERE SAT MISSUS WILSON IN THE OLD ROCKING CHAIR WITH ONE SICK DEATH LIKE BOY LYING ON HER KNEE CRYING WITHOUT LET OR PAUSE BUT SOFTLY GENTLY AS FEARING TO DISTURB THE TROUBLED GASPING CHILD WHILE BEHIND HER OLD ALICE LET HER FAST DROPPING TEARS FALL DOWN ON THE DEAD BODY OF THE OTHER TWIN WHICH SHE WAS LAYING OUT ON A BOARD PLACED ON A SORT OF SOFA SETTEE IN A CORNER OF THE ROOM,she opened the door softly there sat missus wilson in the old rocking chair with one sick death like boy lying on her knee crying without let or pause but softly gently as fearing to disturb the troubled gasping child while behind her old alice let her fast dropping tears fall down on the dead body of the other twin which she was laying out on a board placed on a sort of sofa settee in a corner of the room," ""'She opened the door softly. ""'There sat Mrs. Wilson in the old rocking-chair, ""'with one sick, death-like boy lying on her knee, ""'crying without let or pause. ""'But softly, gently, as fearing to disturb the troubled gasping child, ""'while behind her, old Alice let her fast-dropping tears ""'fall down on the dead body of the other twin, ""'which she was laying out on a board ""'placed on a sort of sofa settee in the corner of the room.'",she opened the door softly there sat missus wilson in the old rocking chair with one sick death like boy lying on her knee crying without let or pause but softly gently as fearing to disturb the troubled gasping child while behind her old alice let her fast dropping tears fall down on the dead body of the other twin which she was laying out on a board placed on a sort of sofa settee in the corner of the room
calibration,1993-147149-0006,dev-clean,1993,SILK16,whisper,SHE OPENED THE DOOR SOFTLY THERE SAT MISSUS WILSON IN THE OLD ROCKING CHAIR WITH ONE SICK DEATH LIKE BOY LYING ON HER KNEE CRYING WITHOUT LET OR PAUSE BUT SOFTLY GENTLY AS FEARING TO DISTURB THE TROUBLED GASPING CHILD WHILE BEHIND HER OLD ALICE LET HER FAST DROPPING TEARS FALL DOWN ON THE DEAD BODY OF THE OTHER TWIN WHICH SHE WAS LAYING OUT ON A BOARD PLACED ON A SORT OF SOFA SETTEE IN A CORNER OF THE ROOM,she opened the door softly there sat missus wilson in the old rocking chair with one sick death like boy lying on her knee crying without let or pause but softly gently as fearing to disturb the troubled gasping child while behind her old alice let her fast dropping tears fall down on the dead body of the other twin which she was laying out on a board placed on a sort of sofa settee in a corner of the room," ""'She opened the door softly. ""'There sat Mrs. Wilson in the old rocking-chair, ""'with one sick, death-like boy lying on her knee, ""'crying without let or pause. ""'But softly, gently, as fearing to disturb the troubled gasping child, ""'while behind her, old Alice let her fast-dropping tears ""'fall down on the dead body of the other twin, ""'which she was laying out on a board ""'placed on a sort of sofa settee in the corner of the room.'",she opened the door softly there sat missus wilson in the old rocking chair with one sick death like boy lying on her knee crying without let or pause but softly gently as fearing to disturb the troubled gasping child while behind her old alice let her fast dropping tears fall down on the dead body of the other twin which she was laying out on a board placed on a sort of sofa settee in the corner of the room
calibration,1993-147149-0006,dev-clean,1993,SILK24,whisper,SHE OPENED THE DOOR SOFTLY THERE SAT MISSUS WILSON IN THE OLD ROCKING CHAIR WITH ONE SICK DEATH LIKE BOY LYING ON HER KNEE CRYING WITHOUT LET OR PAUSE BUT SOFTLY GENTLY AS FEARING TO DISTURB THE TROUBLED GASPING CHILD WHILE BEHIND HER OLD ALICE LET HER FAST DROPPING TEARS FALL DOWN ON THE DEAD BODY OF THE OTHER TWIN WHICH SHE WAS LAYING OUT ON A BOARD PLACED ON A SORT OF SOFA SETTEE IN A CORNER OF THE ROOM,she opened the door softly there sat missus wilson in the old rocking chair with one sick death like boy lying on her knee crying without let or pause but softly gently as fearing to disturb the troubled gasping child while behind her old alice let her fast dropping tears fall down on the dead body of the other twin which she was laying out on a board placed on a sort of sofa settee in a corner of the room," ""'She opened the door softly. ""'There sat Mrs. Wilson in the old rocking-chair, ""'with one sick, death-like boy lying on her knee, ""'crying without let or pause. ""'But softly, gently, as fearing to disturb the troubled gasping child, ""'while behind her, old Alice let her fast-dropping tears ""'fall down on the dead body of the other twin, ""'which she was laying out on a board ""'placed on a sort of sofa settee in the corner of the room.'",she opened the door softly there sat missus wilson in the old rocking chair with one sick death like boy lying on her knee crying without let or pause but softly gently as fearing to disturb the troubled gasping child while behind her old alice let her fast dropping tears fall down on the dead body of the other twin which she was laying out on a board placed on a sort of sofa settee in the corner of the room
calibration,1993-147149-0006,dev-clean,1993,SILK40,whisper,SHE OPENED THE DOOR SOFTLY THERE SAT MISSUS WILSON IN THE OLD ROCKING CHAIR WITH ONE SICK DEATH LIKE BOY LYING ON HER KNEE CRYING WITHOUT LET OR PAUSE BUT SOFTLY GENTLY AS FEARING TO DISTURB THE TROUBLED GASPING CHILD WHILE BEHIND HER OLD ALICE LET HER FAST DROPPING TEARS FALL DOWN ON THE DEAD BODY OF THE OTHER TWIN WHICH SHE WAS LAYING OUT ON A BOARD PLACED ON A SORT OF SOFA SETTEE IN A CORNER OF THE ROOM,she opened the door softly there sat missus wilson in the old rocking chair with one sick death like boy lying on her knee crying without let or pause but softly gently as fearing to disturb the troubled gasping child while behind her old alice let her fast dropping tears fall down on the dead body of the other twin which she was laying out on a board placed on a sort of sofa settee in a corner of the room," ""'She opened the door softly. ""'There sat Mrs. Wilson in the old rocking-chair, ""'with one sick, death-like boy lying on her knee, ""'crying without let or pause. ""'But softly, gently, as fearing to disturb the troubled gasping child, ""'while behind her, old Alice let her fast-dropping tears ""'fall down on the dead body of the other twin, ""'which she was laying out on a board ""'placed on a sort of sofa settee in the corner of the room.'",she opened the door softly there sat missus wilson in the old rocking chair with one sick death like boy lying on her knee crying without let or pause but softly gently as fearing to disturb the troubled gasping child while behind her old alice let her fast dropping tears fall down on the dead body of the other twin which she was laying out on a board placed on a sort of sofa settee in the corner of the room
calibration,1993-147149-0014,dev-clean,1993,LP,wav2vec2,THEN ALICE BROKE THE SILENCE BY SAYING,then alice broke the silence by saying,THEN ALICE BROKE THE SILENCE BY SAYING,then alice broke the silence by saying
calibration,1993-147149-0014,dev-clean,1993,SILK8,wav2vec2,THEN ALICE BROKE THE SILENCE BY SAYING,then alice broke the silence by saying,THEN ALICE BROKE THE SILENCE BY SAYING,then alice broke the silence by saying
calibration,1993-147149-0014,dev-clean,1993,SILK12,wav2vec2,THEN ALICE BROKE THE SILENCE BY SAYING,then alice broke the silence by saying,THEN ALICE BROKE THE SILENCE BY SAYING,then alice broke the silence by saying
calibration,1993-147149-0014,dev-clean,1993,SILK16,wav2vec2,THEN ALICE BROKE THE SILENCE BY SAYING,then alice broke the silence by saying,THEN ALICE BROKE THE SILENCE BY SAYING,then alice broke the silence by saying
calibration,1993-147149-0014,dev-clean,1993,SILK24,wav2vec2,THEN ALICE BROKE THE SILENCE BY SAYING,then alice broke the silence by saying,THEN ALICE BROKE THE SILENCE BY SAYING,then alice broke the silence by saying
calibration,1993-147149-0014,dev-clean,1993,SILK40,wav2vec2,THEN ALICE BROKE THE SILENCE BY SAYING,then alice broke the silence by saying,THEN ALICE BROKE THE SILENCE BY SAYING,then alice broke the silence by saying
calibration,1993-147149-0014,dev-clean,1993,LP,whisper,THEN ALICE BROKE THE SILENCE BY SAYING,then alice broke the silence by saying," Then Alice broke the silence by saying,",then alice broke the silence by saying
calibration,1993-147149-0014,dev-clean,1993,SILK8,whisper,THEN ALICE BROKE THE SILENCE BY SAYING,then alice broke the silence by saying," Then Alice broke the silence by saying,",then alice broke the silence by saying
calibration,1993-147149-0014,dev-clean,1993,SILK12,whisper,THEN ALICE BROKE THE SILENCE BY SAYING,then alice broke the silence by saying," Then Alice broke the silence by saying,",then alice broke the silence by saying
calibration,1993-147149-0014,dev-clean,1993,SILK16,whisper,THEN ALICE BROKE THE SILENCE BY SAYING,then alice broke the silence by saying," Then Alice broke the silence by saying,",then alice broke the silence by saying
calibration,1993-147149-0014,dev-clean,1993,SILK24,whisper,THEN ALICE BROKE THE SILENCE BY SAYING,then alice broke the silence by saying," Then Alice broke the silence by saying,",then alice broke the silence by saying
calibration,1993-147149-0014,dev-clean,1993,SILK40,whisper,THEN ALICE BROKE THE SILENCE BY SAYING,then alice broke the silence by saying," Then Alice broke the silence by saying,",then alice broke the silence by saying
calibration,1993-147149-0020,dev-clean,1993,LP,wav2vec2,MARY I ALMOST LOATHE MYSELF WHEN I FEEL I WOULD NOT GIVE UP THIS MINUTE WHEN MY BROTHERS LIE DEAD AND FATHER AND MOTHER ARE IN SUCH TROUBLE FOR ALL MY LIFE THAT'S PAST AND GONE AND MARY AS SHE TRIED TO RELEASE HER HAND YOU KNOW WHAT MAKES ME FEEL SO BLESSED,mary i almost loathe myself when i feel i would not give up this minute when my brothers lie dead and father and mother are in such trouble for all my life that is past and gone and mary as she tried to release her hand you know what makes me feel so blessed,MARY I ALMOST LOATHE MYSELF WHEN I FEEL I WOULD NOT GIVE UP THIS MINUTE WHEN MY BROTHERS LIE DEAD AND FATHER AND MOTHER ARE IN SUCH TROUBLE FOR ALL MY LIFE ATS PAST AND GONE AND MARRY AS SHE TRIED TO RELEASE HER HAND YOU KNOW WHAT MAKES ME FEEL SO BLESSED,mary i almost loathe myself when i feel i would not give up this minute when my brothers lie dead and father and mother are in such trouble for all my life ats past and gone and marry as she tried to release her hand you know what makes me feel so blessed
calibration,1993-147149-0020,dev-clean,1993,SILK8,wav2vec2,MARY I ALMOST LOATHE MYSELF WHEN I FEEL I WOULD NOT GIVE UP THIS MINUTE WHEN MY BROTHERS LIE DEAD AND FATHER AND MOTHER ARE IN SUCH TROUBLE FOR ALL MY LIFE THAT'S PAST AND GONE AND MARY AS SHE TRIED TO RELEASE HER HAND YOU KNOW WHAT MAKES ME FEEL SO BLESSED,mary i almost loathe myself when i feel i would not give up this minute when my brothers lie dead and father and mother are in such trouble for all my life that is past and gone and mary as she tried to release her hand you know what makes me feel so blessed,MARY I ALMOST LOATHE MYSELF WHEN I FEEL I WOULD NOT GIVE UP THIS MINUTE WHEN MY BROTHERS LIE DEAD AND FATHER AND MOTHER ARE IN SUCH TROUBLE FOR ALL MY LIFE ATS PAST AND GONE AND MARY AS SHE TRIED TO RELEASE HER HAND YOU KNOW WHAT MAKES ME FEEL SO BLESSED,mary i almost loathe myself when i feel i would not give up this minute when my brothers lie dead and father and mother are in such trouble for all my life ats past and gone and mary as she tried to release her hand you know what makes me feel so blessed
calibration,1993-147149-0020,dev-clean,1993,SILK12,wav2vec2,MARY I ALMOST LOATHE MYSELF WHEN I FEEL I WOULD NOT GIVE UP THIS MINUTE WHEN MY BROTHERS LIE DEAD AND FATHER AND MOTHER ARE IN SUCH TROUBLE FOR ALL MY LIFE THAT'S PAST AND GONE AND MARY AS SHE TRIED TO RELEASE HER HAND YOU KNOW WHAT MAKES ME FEEL SO BLESSED,mary i almost loathe myself when i feel i would not give up this minute when my brothers lie dead and father and mother are in such trouble for all my life that is past and gone and mary as she tried to release her hand you know what makes me feel so blessed,MARY I ALMOST LOATHE MYSELF WHEN I FEEL I WOULD NOT GIVE UP THIS MINUTE WHEN MY BROTHERS LIE DEAD AND FATHER AND MOTHER ARE IN SUCH TROUBLE FOR ALL MY LIFE ITS PAST AND GONE AND MARRY AS SHE TRIED TO RELEASE HER HAND YOU KNOW WHAT MAKES ME FEEL SO BLESSED,mary i almost loathe myself when i feel i would not give up this minute when my brothers lie dead and father and mother are in such trouble for all my life its past and gone and marry as she tried to release her hand you know what makes me feel so blessed
calibration,1993-147149-0020,dev-clean,1993,SILK16,wav2vec2,MARY I ALMOST LOATHE MYSELF WHEN I FEEL I WOULD NOT GIVE UP THIS MINUTE WHEN MY BROTHERS LIE DEAD AND FATHER AND MOTHER ARE IN SUCH TROUBLE FOR ALL MY LIFE THAT'S PAST AND GONE AND MARY AS SHE TRIED TO RELEASE HER HAND YOU KNOW WHAT MAKES ME FEEL SO BLESSED,mary i almost loathe myself when i feel i would not give up this minute when my brothers lie dead and father and mother are in such trouble for all my life that is past and gone and mary as she tried to release her hand you know what makes me feel so blessed,MARY I ALMOST LOATHE MYSELF WHEN I FEEL I WOULD NOT GIVE UP THIS MINUTE WHEN MY BROTHERS LIE DEAD AND FATHER AND MOTHER ARE IN SUCH TROUBLE FOR ALL MY LIFE ATS PAST AND GONE AND MARRY AS SHE TRIED TO RELEASE HER HAND YOU KNOW WHAT MAKES ME FEEL SO BLESSED,mary i almost loathe myself when i feel i would not give up this minute when my brothers lie dead and father and mother are in such trouble for all my life ats past and gone and marry as she tried to release her hand you know what makes me feel so blessed
calibration,1993-147149-0020,dev-clean,1993,SILK24,wav2vec2,MARY I ALMOST LOATHE MYSELF WHEN I FEEL I WOULD NOT GIVE UP THIS MINUTE WHEN MY BROTHERS LIE DEAD AND FATHER AND MOTHER ARE IN SUCH TROUBLE FOR ALL MY LIFE THAT'S PAST AND GONE AND MARY AS SHE TRIED TO RELEASE HER HAND YOU KNOW WHAT MAKES ME FEEL SO BLESSED,mary i almost loathe myself when i feel i would not give up this minute when my brothers lie dead and father and mother are in such trouble for all my life that is past and gone and mary as she tried to release her hand you know what makes me feel so blessed,MARY I ALMOST LOATHE MYSELF WHEN I FEEL I WOULD NOT GIVE UP THIS MINUTE WHEN MY BROTHERS LIE DEAD AND FATHER AND MOTHER ARE IN SUCH TROUBLE FOR ALL MY LIFE HATS PAST AND GONE AND MARRY AS SHE TRIED TO RELEASE HER HAND YOU KNOW WHAT MAKES ME FEEL SO BLESSED,mary i almost loathe myself when i feel i would not give up this minute when my brothers lie dead and father and mother are in such trouble for all my life hats past and gone and marry as she tried to release her hand you know what makes me feel so blessed
calibration,1993-147149-0020,dev-clean,1993,SILK40,wav2vec2,MARY I ALMOST LOATHE MYSELF WHEN I FEEL I WOULD NOT GIVE UP THIS MINUTE WHEN MY BROTHERS LIE DEAD AND FATHER AND MOTHER ARE IN SUCH TROUBLE FOR ALL MY LIFE THAT'S PAST AND GONE AND MARY AS SHE TRIED TO RELEASE HER HAND YOU KNOW WHAT MAKES ME FEEL SO BLESSED,mary i almost loathe myself when i feel i would not give up this minute when my brothers lie dead and father and mother are in such trouble for all my life that is past and gone and mary as she tried to release her hand you know what makes me feel so blessed,MARY I ALMOST LOATHE MYSELF WHEN I FEEL I WOULD NOT GIVE UP THIS MINUTE WHEN MY BROTHERS LIE DEAD AND FATHER AND MOTHER ARE IN SUCH TROUBLE FOR ALL MY LIFE HATS PAST AND GONE AND MARRY AS SHE TRIED TO RELEASE HER HAND YOU KNOW WHAT MAKES ME FEEL SO BLESSED,mary i almost loathe myself when i feel i would not give up this minute when my brothers lie dead and father and mother are in such trouble for all my life hats past and gone and marry as she tried to release her hand you know what makes me feel so blessed
calibration,1993-147149-0020,dev-clean,1993,LP,whisper,MARY I ALMOST LOATHE MYSELF WHEN I FEEL I WOULD NOT GIVE UP THIS MINUTE WHEN MY BROTHERS LIE DEAD AND FATHER AND MOTHER ARE IN SUCH TROUBLE FOR ALL MY LIFE THAT'S PAST AND GONE AND MARY AS SHE TRIED TO RELEASE HER HAND YOU KNOW WHAT MAKES ME FEEL SO BLESSED,mary i almost loathe myself when i feel i would not give up this minute when my brothers lie dead and father and mother are in such trouble for all my life that is past and gone and mary as she tried to release her hand you know what makes me feel so blessed, mary i almost loathe myself when i feel i would not give up this minute when my brothers lie dead and father and mother are in such trouble for all my life that's past and gone and mary as she tried to release her hand you know what makes me feel so blest,mary i almost loathe myself when i feel i would not give up this minute when my brothers lie dead and father and mother are in such trouble for all my life that is past and gone and mary as she tried to release her hand you know what makes me feel so blest
calibration,1993-147149-0020,dev-clean,1993,SILK8,whisper,MARY I ALMOST LOATHE MYSELF WHEN I FEEL I WOULD NOT GIVE UP THIS MINUTE WHEN MY BROTHERS LIE DEAD AND FATHER AND MOTHER ARE IN SUCH TROUBLE FOR ALL MY LIFE THAT'S PAST AND GONE AND MARY AS SHE TRIED TO RELEASE HER HAND YOU KNOW WHAT MAKES ME FEEL SO BLESSED,mary i almost loathe myself when i feel i would not give up this minute when my brothers lie dead and father and mother are in such trouble for all my life that is past and gone and mary as she tried to release her hand you know what makes me feel so blessed, mary i almost loathe myself when i feel i would not give up this minute when my brothers lie dead and father and mother are in such trouble for all my life that's past and gone and mary as she tried to release her hand you know what makes me feel so blest,mary i almost loathe myself when i feel i would not give up this minute when my brothers lie dead and father and mother are in such trouble for all my life that is past and gone and mary as she tried to release her hand you know what makes me feel so blest
calibration,1993-147149-0020,dev-clean,1993,SILK12,whisper,MARY I ALMOST LOATHE MYSELF WHEN I FEEL I WOULD NOT GIVE UP THIS MINUTE WHEN MY BROTHERS LIE DEAD AND FATHER AND MOTHER ARE IN SUCH TROUBLE FOR ALL MY LIFE THAT'S PAST AND GONE AND MARY AS SHE TRIED TO RELEASE HER HAND YOU KNOW WHAT MAKES ME FEEL SO BLESSED,mary i almost loathe myself when i feel i would not give up this minute when my brothers lie dead and father and mother are in such trouble for all my life that is past and gone and mary as she tried to release her hand you know what makes me feel so blessed, mary i almost loathe myself when i feel i would not give up this minute when my brothers lie dead and father and mother are in such trouble for all my life that's past and gone and mary as she tried to release her hand you know what makes me feel so blest,mary i almost loathe myself when i feel i would not give up this minute when my brothers lie dead and father and mother are in such trouble for all my life that is past and gone and mary as she tried to release her hand you know what makes me feel so blest
calibration,1993-147149-0020,dev-clean,1993,SILK16,whisper,MARY I ALMOST LOATHE MYSELF WHEN I FEEL I WOULD NOT GIVE UP THIS MINUTE WHEN MY BROTHERS LIE DEAD AND FATHER AND MOTHER ARE IN SUCH TROUBLE FOR ALL MY LIFE THAT'S PAST AND GONE AND MARY AS SHE TRIED TO RELEASE HER HAND YOU KNOW WHAT MAKES ME FEEL SO BLESSED,mary i almost loathe myself when i feel i would not give up this minute when my brothers lie dead and father and mother are in such trouble for all my life that is past and gone and mary as she tried to release her hand you know what makes me feel so blessed, mary i almost loathe myself when i feel i would not give up this minute when my brothers lie dead and father and mother are in such trouble for all my life that's past and gone and mary as she tried to release her hand you know what makes me feel so blest,mary i almost loathe myself when i feel i would not give up this minute when my brothers lie dead and father and mother are in such trouble for all my life that is past and gone and mary as she tried to release her hand you know what makes me feel so blest
calibration,1993-147149-0020,dev-clean,1993,SILK24,whisper,MARY I ALMOST LOATHE MYSELF WHEN I FEEL I WOULD NOT GIVE UP THIS MINUTE WHEN MY BROTHERS LIE DEAD AND FATHER AND MOTHER ARE IN SUCH TROUBLE FOR ALL MY LIFE THAT'S PAST AND GONE AND MARY AS SHE TRIED TO RELEASE HER HAND YOU KNOW WHAT MAKES ME FEEL SO BLESSED,mary i almost loathe myself when i feel i would not give up this minute when my brothers lie dead and father and mother are in such trouble for all my life that is past and gone and mary as she tried to release her hand you know what makes me feel so blessed, mary i almost loathe myself when i feel i would not give up this minute when my brothers lie dead and father and mother are in such trouble for all my life that's past and gone and mary as she tried to release her hand you know what makes me feel so blest,mary i almost loathe myself when i feel i would not give up this minute when my brothers lie dead and father and mother are in such trouble for all my life that is past and gone and mary as she tried to release her hand you know what makes me feel so blest
calibration,1993-147149-0020,dev-clean,1993,SILK40,whisper,MARY I ALMOST LOATHE MYSELF WHEN I FEEL I WOULD NOT GIVE UP THIS MINUTE WHEN MY BROTHERS LIE DEAD AND FATHER AND MOTHER ARE IN SUCH TROUBLE FOR ALL MY LIFE THAT'S PAST AND GONE AND MARY AS SHE TRIED TO RELEASE HER HAND YOU KNOW WHAT MAKES ME FEEL SO BLESSED,mary i almost loathe myself when i feel i would not give up this minute when my brothers lie dead and father and mother are in such trouble for all my life that is past and gone and mary as she tried to release her hand you know what makes me feel so blessed, mary i almost loathe myself when i feel i would not give up this minute when my brothers lie dead and father and mother are in such trouble for all my life that's past and gone and mary as she tried to release her hand you know what makes me feel so blest,mary i almost loathe myself when i feel i would not give up this minute when my brothers lie dead and father and mother are in such trouble for all my life that is past and gone and mary as she tried to release her hand you know what makes me feel so blest
calibration,1993-147964-0004,dev-clean,1993,LP,wav2vec2,ON THE WHITE PAGES I GROUPED SUNDAY SCHOOL CARDS AND ADVERTISING CARDS WHICH I HAD BROUGHT FROM MY OLD COUNTRY,on the white pages i grouped sunday school cards and advertising cards which i had brought from my old country,ON THE WHITE PAGES I GROUPED SUNDAY SCHOOL CARDS AND ADVERTISING CARDS WHICH I HAD BROUGHT FROM MY OLD COUNTRY,on the white pages i grouped sunday school cards and advertising cards which i had brought from my old country
calibration,1993-147964-0004,dev-clean,1993,SILK8,wav2vec2,ON THE WHITE PAGES I GROUPED SUNDAY SCHOOL CARDS AND ADVERTISING CARDS WHICH I HAD BROUGHT FROM MY OLD COUNTRY,on the white pages i grouped sunday school cards and advertising cards which i had brought from my old country,ON THE WHITE PAGES I GROUPED SUNDAY SCHOOL CARDS AND ADVERTISING CARDS WHICH I HAD BROUGHT FROM MY OLD COUNTRY,on the white pages i grouped sunday school cards and advertising cards which i had brought from my old country
calibration,1993-147964-0004,dev-clean,1993,SILK12,wav2vec2,ON THE WHITE PAGES I GROUPED SUNDAY SCHOOL CARDS AND ADVERTISING CARDS WHICH I HAD BROUGHT FROM MY OLD COUNTRY,on the white pages i grouped sunday school cards and advertising cards which i had brought from my old country,ON THE WHITE PAGES I GROUPED SUNDAY SCHOOL CARDS AND ADVERTISING CARDS WHICH I HAD BROUGHT FROM MY OLD COUNTRY,on the white pages i grouped sunday school cards and advertising cards which i had brought from my old country
calibration,1993-147964-0004,dev-clean,1993,SILK16,wav2vec2,ON THE WHITE PAGES I GROUPED SUNDAY SCHOOL CARDS AND ADVERTISING CARDS WHICH I HAD BROUGHT FROM MY OLD COUNTRY,on the white pages i grouped sunday school cards and advertising cards which i had brought from my old country,ON THE WHITE PAGES I GROUPED SUNDAY SCHOOL CARDS AND ADVERTISING CARDS WHICH I HAD BROUGHT FROM MY OLD COUNTRY,on the white pages i grouped sunday school cards and advertising cards which i had brought from my old country
calibration,1993-147964-0004,dev-clean,1993,SILK24,wav2vec2,ON THE WHITE PAGES I GROUPED SUNDAY SCHOOL CARDS AND ADVERTISING CARDS WHICH I HAD BROUGHT FROM MY OLD COUNTRY,on the white pages i grouped sunday school cards and advertising cards which i had brought from my old country,ON THE WHITE PAGES I GROUPED SUNDAY SCHOOL CARDS AND ADVERTISING CARDS WHICH I HAD BROUGHT FROM MY OLD COUNTRY,on the white pages i grouped sunday school cards and advertising cards which i had brought from my old country
calibration,1993-147964-0004,dev-clean,1993,SILK40,wav2vec2,ON THE WHITE PAGES I GROUPED SUNDAY SCHOOL CARDS AND ADVERTISING CARDS WHICH I HAD BROUGHT FROM MY OLD COUNTRY,on the white pages i grouped sunday school cards and advertising cards which i had brought from my old country,ON THE WHITE PAGES I GROUPED SUNDAY SCHOOL CARDS AND ADVERTISING CARDS WHICH I HAD BROUGHT FROM MY OLD COUNTRY,on the white pages i grouped sunday school cards and advertising cards which i had brought from my old country
calibration,1993-147964-0004,dev-clean,1993,LP,whisper,ON THE WHITE PAGES I GROUPED SUNDAY SCHOOL CARDS AND ADVERTISING CARDS WHICH I HAD BROUGHT FROM MY OLD COUNTRY,on the white pages i grouped sunday school cards and advertising cards which i had brought from my old country," On the white pages, I grouped Sunday school cards and advertising cards, which I had brought from my old country.",on the white pages i grouped sunday school cards and advertising cards which i had brought from my old country
calibration,1993-147964-0004,dev-clean,1993,SILK8,whisper,ON THE WHITE PAGES I GROUPED SUNDAY SCHOOL CARDS AND ADVERTISING CARDS WHICH I HAD BROUGHT FROM MY OLD COUNTRY,on the white pages i grouped sunday school cards and advertising cards which i had brought from my old country," On the white pages, I grouped Sunday school cards and advertising cards, which I had brought from my old country.",on the white pages i grouped sunday school cards and advertising cards which i had brought from my old country
calibration,1993-147964-0004,dev-clean,1993,SILK12,whisper,ON THE WHITE PAGES I GROUPED SUNDAY SCHOOL CARDS AND ADVERTISING CARDS WHICH I HAD BROUGHT FROM MY OLD COUNTRY,on the white pages i grouped sunday school cards and advertising cards which i had brought from my old country," On the white pages, I grouped Sunday school cards and advertising cards, which I had brought from my old country.",on the white pages i grouped sunday school cards and advertising cards which i had brought from my old country
calibration,1993-147964-0004,dev-clean,1993,SILK16,whisper,ON THE WHITE PAGES I GROUPED SUNDAY SCHOOL CARDS AND ADVERTISING CARDS WHICH I HAD BROUGHT FROM MY OLD COUNTRY,on the white pages i grouped sunday school cards and advertising cards which i had brought from my old country," On the white pages, I grouped Sunday school cards and advertising cards, which I had brought from my old country.",on the white pages i grouped sunday school cards and advertising cards which i had brought from my old country
calibration,1993-147964-0004,dev-clean,1993,SILK24,whisper,ON THE WHITE PAGES I GROUPED SUNDAY SCHOOL CARDS AND ADVERTISING CARDS WHICH I HAD BROUGHT FROM MY OLD COUNTRY,on the white pages i grouped sunday school cards and advertising cards which i had brought from my old country," On the white pages, I grouped Sunday school cards and advertising cards, which I had brought from my old country.",on the white pages i grouped sunday school cards and advertising cards which i had brought from my old country
calibration,1993-147964-0004,dev-clean,1993,SILK40,whisper,ON THE WHITE PAGES I GROUPED SUNDAY SCHOOL CARDS AND ADVERTISING CARDS WHICH I HAD BROUGHT FROM MY OLD COUNTRY,on the white pages i grouped sunday school cards and advertising cards which i had brought from my old country," On the white pages, I grouped Sunday school cards and advertising cards, which I had brought from my old country.",on the white pages i grouped sunday school cards and advertising cards which i had brought from my old country
calibration,1993-147965-0003,dev-clean,1993,LP,wav2vec2,BECAUSE HE TALKED SO LITTLE HIS WORDS HAD A PECULIAR FORCE THEY WERE NOT WORN DULL FROM CONSTANT USE,because he talked so little his words had a peculiar force they were not worn dull from constant use,BECAUSE HE TALKED SO LITTLE HIS WORDS HAD A PECULIAR FORCE THEY WERE NOT WORN DULL FROM CONSTANT USE,because he talked so little his words had a peculiar force they were not worn dull from constant use
calibration,1993-147965-0003,dev-clean,1993,SILK8,wav2vec2,BECAUSE HE TALKED SO LITTLE HIS WORDS HAD A PECULIAR FORCE THEY WERE NOT WORN DULL FROM CONSTANT USE,because he talked so little his words had a peculiar force they were not worn dull from constant use,BECAUSE HE TALKED SO LITTLE HIS WORDS HAD A PECULIAR FORCE THEY WERE NOT WORN DULL FROM CONSTANT USE,because he talked so little his words had a peculiar force they were not worn dull from constant use
calibration,1993-147965-0003,dev-clean,1993,SILK12,wav2vec2,BECAUSE HE TALKED SO LITTLE HIS WORDS HAD A PECULIAR FORCE THEY WERE NOT WORN DULL FROM CONSTANT USE,because he talked so little his words had a peculiar force they were not worn dull from constant use,BECAUSE HE TALKED SO LITTLE HIS WORDS HAD A PECULIAR FORCE THEY WERE NOT WORN DULL FROM CONSTANT USE,because he talked so little his words had a peculiar force they were not worn dull from constant use
calibration,1993-147965-0003,dev-clean,1993,SILK16,wav2vec2,BECAUSE HE TALKED SO LITTLE HIS WORDS HAD A PECULIAR FORCE THEY WERE NOT WORN DULL FROM CONSTANT USE,because he talked so little his words had a peculiar force they were not worn dull from constant use,BECAUSE HE TALKED SO LITTLE HIS WORDS HAD A PECULIAR FORCE THEY WERE NOT WORN DULL FROM CONSTANT USE,because he talked so little his words had a peculiar force they were not worn dull from constant use
calibration,1993-147965-0003,dev-clean,1993,SILK24,wav2vec2,BECAUSE HE TALKED SO LITTLE HIS WORDS HAD A PECULIAR FORCE THEY WERE NOT WORN DULL FROM CONSTANT USE,because he talked so little his words had a peculiar force they were not worn dull from constant use,BECAUSE HE TALKED SO LITTLE HIS WORDS HAD A PECULIAR FORCE THEY WERE NOT WORN DULL FROM CONSTANT USE,because he talked so little his words had a peculiar force they were not worn dull from constant use
calibration,1993-147965-0003,dev-clean,1993,SILK40,wav2vec2,BECAUSE HE TALKED SO LITTLE HIS WORDS HAD A PECULIAR FORCE THEY WERE NOT WORN DULL FROM CONSTANT USE,because he talked so little his words had a peculiar force they were not worn dull from constant use,BECAUSE HE TALKED SO LITTLE HIS WORDS HAD A PECULIAR FORCE THEY WERE NOT WORN DULL FROM CONSTANT USE,because he talked so little his words had a peculiar force they were not worn dull from constant use
calibration,1993-147965-0003,dev-clean,1993,LP,whisper,BECAUSE HE TALKED SO LITTLE HIS WORDS HAD A PECULIAR FORCE THEY WERE NOT WORN DULL FROM CONSTANT USE,because he talked so little his words had a peculiar force they were not worn dull from constant use, because he talked so little his words had a peculiar force they were not worn dull from constant use,because he talked so little his words had a peculiar force they were not worn dull from constant use
calibration,1993-147965-0003,dev-clean,1993,SILK8,whisper,BECAUSE HE TALKED SO LITTLE HIS WORDS HAD A PECULIAR FORCE THEY WERE NOT WORN DULL FROM CONSTANT USE,because he talked so little his words had a peculiar force they were not worn dull from constant use, because he talked so little his words had a peculiar force they were not worn dull from constant use,because he talked so little his words had a peculiar force they were not worn dull from constant use
calibration,1993-147965-0003,dev-clean,1993,SILK12,whisper,BECAUSE HE TALKED SO LITTLE HIS WORDS HAD A PECULIAR FORCE THEY WERE NOT WORN DULL FROM CONSTANT USE,because he talked so little his words had a peculiar force they were not worn dull from constant use, because he talked so little his words had a peculiar force they were not worn dull from constant use,because he talked so little his words had a peculiar force they were not worn dull from constant use
calibration,1993-147965-0003,dev-clean,1993,SILK16,whisper,BECAUSE HE TALKED SO LITTLE HIS WORDS HAD A PECULIAR FORCE THEY WERE NOT WORN DULL FROM CONSTANT USE,because he talked so little his words had a peculiar force they were not worn dull from constant use, because he talked so little his words had a peculiar force they were not worn dull from constant use,because he talked so little his words had a peculiar force they were not worn dull from constant use
calibration,1993-147965-0003,dev-clean,1993,SILK24,whisper,BECAUSE HE TALKED SO LITTLE HIS WORDS HAD A PECULIAR FORCE THEY WERE NOT WORN DULL FROM CONSTANT USE,because he talked so little his words had a peculiar force they were not worn dull from constant use, because he talked so little his words had a peculiar force they were not worn dull from constant use,because he talked so little his words had a peculiar force they were not worn dull from constant use
calibration,1993-147965-0003,dev-clean,1993,SILK40,whisper,BECAUSE HE TALKED SO LITTLE HIS WORDS HAD A PECULIAR FORCE THEY WERE NOT WORN DULL FROM CONSTANT USE,because he talked so little his words had a peculiar force they were not worn dull from constant use, because he talked so little his words had a peculiar force they were not worn dull from constant use,because he talked so little his words had a peculiar force they were not worn dull from constant use
calibration,3170-137482-0012,dev-clean,3170,LP,wav2vec2,WE TOOK OUR THREE PRISONERS TO A LARGE BOAT,we took our 3 prisoners to a large boat,WE TOOK OUR THREE PRISONERS TO A LARGE BOAT,we took our 3 prisoners to a large boat
calibration,3170-137482-0012,dev-clean,3170,SILK8,wav2vec2,WE TOOK OUR THREE PRISONERS TO A LARGE BOAT,we took our 3 prisoners to a large boat,WE TOOK OUR THREE PRISONERS TO A LARGE BOAT,we took our 3 prisoners to a large boat
calibration,3170-137482-0012,dev-clean,3170,SILK12,wav2vec2,WE TOOK OUR THREE PRISONERS TO A LARGE BOAT,we took our 3 prisoners to a large boat,WE TOOK OUR THREE PRISONERS TO A LARGE BOAT,we took our 3 prisoners to a large boat
calibration,3170-137482-0012,dev-clean,3170,SILK16,wav2vec2,WE TOOK OUR THREE PRISONERS TO A LARGE BOAT,we took our 3 prisoners to a large boat,WE TOOK OUR THREE PRISONERS TO A LARGE BOAT,we took our 3 prisoners to a large boat
calibration,3170-137482-0012,dev-clean,3170,SILK24,wav2vec2,WE TOOK OUR THREE PRISONERS TO A LARGE BOAT,we took our 3 prisoners to a large boat,WE TOOK OUR THREE PRISONERS TO A LARGE BOAT,we took our 3 prisoners to a large boat
calibration,3170-137482-0012,dev-clean,3170,SILK40,wav2vec2,WE TOOK OUR THREE PRISONERS TO A LARGE BOAT,we took our 3 prisoners to a large boat,WE TOOK OUR THREE PRISONERS TO A LARGE BOAT,we took our 3 prisoners to a large boat
calibration,3170-137482-0012,dev-clean,3170,LP,whisper,WE TOOK OUR THREE PRISONERS TO A LARGE BOAT,we took our 3 prisoners to a large boat, We took our three prisoners to a large boat.,we took our 3 prisoners to a large boat
calibration,3170-137482-0012,dev-clean,3170,SILK8,whisper,WE TOOK OUR THREE PRISONERS TO A LARGE BOAT,we took our 3 prisoners to a large boat, We took our three prisoners to a large boat,we took our 3 prisoners to a large boat
calibration,3170-137482-0012,dev-clean,3170,SILK12,whisper,WE TOOK OUR THREE PRISONERS TO A LARGE BOAT,we took our 3 prisoners to a large boat, We took our three prisoners to a large boat,we took our 3 prisoners to a large boat
calibration,3170-137482-0012,dev-clean,3170,SILK16,whisper,WE TOOK OUR THREE PRISONERS TO A LARGE BOAT,we took our 3 prisoners to a large boat," We took our three prisoners to a large boat,",we took our 3 prisoners to a large boat
calibration,3170-137482-0012,dev-clean,3170,SILK24,whisper,WE TOOK OUR THREE PRISONERS TO A LARGE BOAT,we took our 3 prisoners to a large boat," We took our three prisoners to a large boat,",we took our 3 prisoners to a large boat
calibration,3170-137482-0012,dev-clean,3170,SILK40,whisper,WE TOOK OUR THREE PRISONERS TO A LARGE BOAT,we took our 3 prisoners to a large boat, We took our three prisoners to a large boat.,we took our 3 prisoners to a large boat
calibration,3170-137482-0019,dev-clean,3170,LP,wav2vec2,I PICKED IT UP AND COMING UP TO HIM JUST AS HE WAS GOING DOWN THE STEPS I HANDED IT TO HIM,i picked it up and coming up to him just as he was going down the steps i handed it to him,I PICKED IT UP AND COMING UP TO HIM JUST AS HE WAS GOING DOWN THE STEPS I HANDED IT TO HIM,i picked it up and coming up to him just as he was going down the steps i handed it to him
calibration,3170-137482-0019,dev-clean,3170,SILK8,wav2vec2,I PICKED IT UP AND COMING UP TO HIM JUST AS HE WAS GOING DOWN THE STEPS I HANDED IT TO HIM,i picked it up and coming up to him just as he was going down the steps i handed it to him,I PICKED IT UP AND COMING UP TO HIM JUST AS HE WAS GOING DOWN THE STEPS I HANDED IT TO HIM,i picked it up and coming up to him just as he was going down the steps i handed it to him
calibration,3170-137482-0019,dev-clean,3170,SILK12,wav2vec2,I PICKED IT UP AND COMING UP TO HIM JUST AS HE WAS GOING DOWN THE STEPS I HANDED IT TO HIM,i picked it up and coming up to him just as he was going down the steps i handed it to him,I PICKED IT UP AND COMING UP TO HIM JUST AS HE WAS GOING DOWN THE STEPS I HANDED IT TO HIM,i picked it up and coming up to him just as he was going down the steps i handed it to him
calibration,3170-137482-0019,dev-clean,3170,SILK16,wav2vec2,I PICKED IT UP AND COMING UP TO HIM JUST AS HE WAS GOING DOWN THE STEPS I HANDED IT TO HIM,i picked it up and coming up to him just as he was going down the steps i handed it to him,I PICKED IT UP AND COMING UP TO HIM JUST AS HE WAS GOING DOWN THE STEPS I HANDED IT TO HIM,i picked it up and coming up to him just as he was going down the steps i handed it to him
calibration,3170-137482-0019,dev-clean,3170,SILK24,wav2vec2,I PICKED IT UP AND COMING UP TO HIM JUST AS HE WAS GOING DOWN THE STEPS I HANDED IT TO HIM,i picked it up and coming up to him just as he was going down the steps i handed it to him,I PICKED IT UP AND COMING UP TO HIM JUST AS HE WAS GOING DOWN THE STEPS I HANDED IT TO HIM,i picked it up and coming up to him just as he was going down the steps i handed it to him
calibration,3170-137482-0019,dev-clean,3170,SILK40,wav2vec2,I PICKED IT UP AND COMING UP TO HIM JUST AS HE WAS GOING DOWN THE STEPS I HANDED IT TO HIM,i picked it up and coming up to him just as he was going down the steps i handed it to him,I PICKED IT UP AND COMING UP TO HIM JUST AS HE WAS GOING DOWN THE STEPS I HANDED IT TO HIM,i picked it up and coming up to him just as he was going down the steps i handed it to him
calibration,3170-137482-0019,dev-clean,3170,LP,whisper,I PICKED IT UP AND COMING UP TO HIM JUST AS HE WAS GOING DOWN THE STEPS I HANDED IT TO HIM,i picked it up and coming up to him just as he was going down the steps i handed it to him, i picked it up and coming up to him just as he was going down the steps i handed it to him,i picked it up and coming up to him just as he was going down the steps i handed it to him
calibration,3170-137482-0019,dev-clean,3170,SILK8,whisper,I PICKED IT UP AND COMING UP TO HIM JUST AS HE WAS GOING DOWN THE STEPS I HANDED IT TO HIM,i picked it up and coming up to him just as he was going down the steps i handed it to him," I picked it up, and coming up to him just as he was going down the steps, I handed it to him.",i picked it up and coming up to him just as he was going down the steps i handed it to him
calibration,3170-137482-0019,dev-clean,3170,SILK12,whisper,I PICKED IT UP AND COMING UP TO HIM JUST AS HE WAS GOING DOWN THE STEPS I HANDED IT TO HIM,i picked it up and coming up to him just as he was going down the steps i handed it to him," I picked it up, and coming up to him just as he was going down the steps, I handed it to him.",i picked it up and coming up to him just as he was going down the steps i handed it to him
calibration,3170-137482-0019,dev-clean,3170,SILK16,whisper,I PICKED IT UP AND COMING UP TO HIM JUST AS HE WAS GOING DOWN THE STEPS I HANDED IT TO HIM,i picked it up and coming up to him just as he was going down the steps i handed it to him," I picked it up, and coming up to him, just as he was going down the steps, I handed it to him.",i picked it up and coming up to him just as he was going down the steps i handed it to him
calibration,3170-137482-0019,dev-clean,3170,SILK24,whisper,I PICKED IT UP AND COMING UP TO HIM JUST AS HE WAS GOING DOWN THE STEPS I HANDED IT TO HIM,i picked it up and coming up to him just as he was going down the steps i handed it to him," I picked it up, and coming up to him just as he was going down the steps, I handed it to him.",i picked it up and coming up to him just as he was going down the steps i handed it to him
calibration,3170-137482-0019,dev-clean,3170,SILK40,whisper,I PICKED IT UP AND COMING UP TO HIM JUST AS HE WAS GOING DOWN THE STEPS I HANDED IT TO HIM,i picked it up and coming up to him just as he was going down the steps i handed it to him," I picked it up, and coming up to him just as he was going down the steps, I handed it to him.",i picked it up and coming up to him just as he was going down the steps i handed it to him
calibration,3170-137482-0025,dev-clean,3170,LP,wav2vec2,THEY DID NOT KNOW WHO I WAS AND DID NOT LIKE TO ASK ME WHILST I THOUGHT IT BETTER TO PRESERVE A MODEST SILENCE,they did not know who i was and did not like to ask me whilst i thought it better to preserve a modest silence,THEY DID NOT KNOW WHO I WAS AND DID NOT LIKE TO ASK ME WHILST I THOUGHT IT BETTER TO PRESERVE A MODEST SILENCE,they did not know who i was and did not like to ask me whilst i thought it better to preserve a modest silence
calibration,3170-137482-0025,dev-clean,3170,SILK8,wav2vec2,THEY DID NOT KNOW WHO I WAS AND DID NOT LIKE TO ASK ME WHILST I THOUGHT IT BETTER TO PRESERVE A MODEST SILENCE,they did not know who i was and did not like to ask me whilst i thought it better to preserve a modest silence,THEY DID NOT KNOW WHO I WAS AND DID NOT LIKE TO ASK ME WHILST I THOUGHT IT BETTER TO PRESERVE A MODEST SILENCE,they did not know who i was and did not like to ask me whilst i thought it better to preserve a modest silence
calibration,3170-137482-0025,dev-clean,3170,SILK12,wav2vec2,THEY DID NOT KNOW WHO I WAS AND DID NOT LIKE TO ASK ME WHILST I THOUGHT IT BETTER TO PRESERVE A MODEST SILENCE,they did not know who i was and did not like to ask me whilst i thought it better to preserve a modest silence,THEY DID NOT KNOW WHO I WAS AND DID NOT LIKE TO ASK ME WHILST I THOUGHT IT BETTER TO PRESERVE A MODEST SILENCE,they did not know who i was and did not like to ask me whilst i thought it better to preserve a modest silence
calibration,3170-137482-0025,dev-clean,3170,SILK16,wav2vec2,THEY DID NOT KNOW WHO I WAS AND DID NOT LIKE TO ASK ME WHILST I THOUGHT IT BETTER TO PRESERVE A MODEST SILENCE,they did not know who i was and did not like to ask me whilst i thought it better to preserve a modest silence,THEY DID NOT KNOW WHO I WAS AND DID NOT LIKE TO ASK ME WHILST I THOUGHT IT BETTER TO PRESERVE A MODEST SILENCE,they did not know who i was and did not like to ask me whilst i thought it better to preserve a modest silence
calibration,3170-137482-0025,dev-clean,3170,SILK24,wav2vec2,THEY DID NOT KNOW WHO I WAS AND DID NOT LIKE TO ASK ME WHILST I THOUGHT IT BETTER TO PRESERVE A MODEST SILENCE,they did not know who i was and did not like to ask me whilst i thought it better to preserve a modest silence,THEY DID NOT KNOW WHO I WAS AND DID NOT LIKE TO ASK ME WHILST I THOUGHT IT BETTER TO PRESERVE A MODEST SILENCE,they did not know who i was and did not like to ask me whilst i thought it better to preserve a modest silence
calibration,3170-137482-0025,dev-clean,3170,SILK40,wav2vec2,THEY DID NOT KNOW WHO I WAS AND DID NOT LIKE TO ASK ME WHILST I THOUGHT IT BETTER TO PRESERVE A MODEST SILENCE,they did not know who i was and did not like to ask me whilst i thought it better to preserve a modest silence,THEY DID NOT KNOW WHO I WAS AND DID NOT LIKE TO ASK ME WHILST I THOUGHT IT BETTER TO PRESERVE A MODEST SILENCE,they did not know who i was and did not like to ask me whilst i thought it better to preserve a modest silence
calibration,3170-137482-0025,dev-clean,3170,LP,whisper,THEY DID NOT KNOW WHO I WAS AND DID NOT LIKE TO ASK ME WHILST I THOUGHT IT BETTER TO PRESERVE A MODEST SILENCE,they did not know who i was and did not like to ask me whilst i thought it better to preserve a modest silence," They did not know who I was, and did not like to ask me, whilst I thought it better to preserve a modest silence.",they did not know who i was and did not like to ask me whilst i thought it better to preserve a modest silence
calibration,3170-137482-0025,dev-clean,3170,SILK8,whisper,THEY DID NOT KNOW WHO I WAS AND DID NOT LIKE TO ASK ME WHILST I THOUGHT IT BETTER TO PRESERVE A MODEST SILENCE,they did not know who i was and did not like to ask me whilst i thought it better to preserve a modest silence," They did not know who I was, and did not like to ask me, whilst I thought it better to preserve a modest silence.",they did not know who i was and did not like to ask me whilst i thought it better to preserve a modest silence
calibration,3170-137482-0025,dev-clean,3170,SILK12,whisper,THEY DID NOT KNOW WHO I WAS AND DID NOT LIKE TO ASK ME WHILST I THOUGHT IT BETTER TO PRESERVE A MODEST SILENCE,they did not know who i was and did not like to ask me whilst i thought it better to preserve a modest silence," They did not know who I was, and did not like to ask me, whilst I thought it better to preserve a modest silence.",they did not know who i was and did not like to ask me whilst i thought it better to preserve a modest silence
calibration,3170-137482-0025,dev-clean,3170,SILK16,whisper,THEY DID NOT KNOW WHO I WAS AND DID NOT LIKE TO ASK ME WHILST I THOUGHT IT BETTER TO PRESERVE A MODEST SILENCE,they did not know who i was and did not like to ask me whilst i thought it better to preserve a modest silence, they did not know who i was and did not like to ask me whilst i thought it better to preserve a modest silence,they did not know who i was and did not like to ask me whilst i thought it better to preserve a modest silence
calibration,3170-137482-0025,dev-clean,3170,SILK24,whisper,THEY DID NOT KNOW WHO I WAS AND DID NOT LIKE TO ASK ME WHILST I THOUGHT IT BETTER TO PRESERVE A MODEST SILENCE,they did not know who i was and did not like to ask me whilst i thought it better to preserve a modest silence, they did not know who i was and did not like to ask me whilst i thought it better to preserve a modest silence,they did not know who i was and did not like to ask me whilst i thought it better to preserve a modest silence
calibration,3170-137482-0025,dev-clean,3170,SILK40,whisper,THEY DID NOT KNOW WHO I WAS AND DID NOT LIKE TO ASK ME WHILST I THOUGHT IT BETTER TO PRESERVE A MODEST SILENCE,they did not know who i was and did not like to ask me whilst i thought it better to preserve a modest silence, they did not know who i was and did not like to ask me whilst i thought it better to preserve a modest silence,they did not know who i was and did not like to ask me whilst i thought it better to preserve a modest silence
calibration,3170-137482-0033,dev-clean,3170,LP,wav2vec2,THE THREE FRIENDS WERE ASTOUNDED,the 3 friends were astounded,THE THREE FRIENDS WERE ASTOUNDED,the 3 friends were astounded
calibration,3170-137482-0033,dev-clean,3170,SILK8,wav2vec2,THE THREE FRIENDS WERE ASTOUNDED,the 3 friends were astounded,THE THREE FRIENDS WERE ASTOUNDED,the 3 friends were astounded
calibration,3170-137482-0033,dev-clean,3170,SILK12,wav2vec2,THE THREE FRIENDS WERE ASTOUNDED,the 3 friends were astounded,THE THREE FRIENDS WERE ASTOUNDED,the 3 friends were astounded
calibration,3170-137482-0033,dev-clean,3170,SILK16,wav2vec2,THE THREE FRIENDS WERE ASTOUNDED,the 3 friends were astounded,THE THREE FRIENDS WERE ASTOUNDED,the 3 friends were astounded
calibration,3170-137482-0033,dev-clean,3170,SILK24,wav2vec2,THE THREE FRIENDS WERE ASTOUNDED,the 3 friends were astounded,THE THREE FRIENDS WERE ASTOUNDED,the 3 friends were astounded
calibration,3170-137482-0033,dev-clean,3170,SILK40,wav2vec2,THE THREE FRIENDS WERE ASTOUNDED,the 3 friends were astounded,THE THREE FRIENDS WERE ASTOUNDED,the 3 friends were astounded
calibration,3170-137482-0033,dev-clean,3170,LP,whisper,THE THREE FRIENDS WERE ASTOUNDED,the 3 friends were astounded, The three friends were astounded.,the 3 friends were astounded
calibration,3170-137482-0033,dev-clean,3170,SILK8,whisper,THE THREE FRIENDS WERE ASTOUNDED,the 3 friends were astounded, The three friends were astounded.,the 3 friends were astounded
calibration,3170-137482-0033,dev-clean,3170,SILK12,whisper,THE THREE FRIENDS WERE ASTOUNDED,the 3 friends were astounded, The three friends were astounded.,the 3 friends were astounded
calibration,3170-137482-0033,dev-clean,3170,SILK16,whisper,THE THREE FRIENDS WERE ASTOUNDED,the 3 friends were astounded, The three friends were astounded.,the 3 friends were astounded
calibration,3170-137482-0033,dev-clean,3170,SILK24,whisper,THE THREE FRIENDS WERE ASTOUNDED,the 3 friends were astounded, The three friends were astounded.,the 3 friends were astounded
calibration,3170-137482-0033,dev-clean,3170,SILK40,whisper,THE THREE FRIENDS WERE ASTOUNDED,the 3 friends were astounded, The three friends were astounded.,the 3 friends were astounded
calibration,3170-137482-0040,dev-clean,3170,LP,wav2vec2,BUT ALTHOUGH BELIEVING FULLY IN MY ORACLES THEY WERE TOO KIND HEARTED TO THINK THEM THE WORK OF THE DEVIL AND IT SUITED THEIR NATURAL GOODNESS BETTER TO BELIEVE MY ANSWERS INSPIRED BY SOME HEAVENLY SPIRIT,but although believing fully in my oracles they were too kind hearted to think them the work of the devil and it suited their natural goodness better to believe my answers inspired by some heavenly spirit,BUT ALTHOUGH BELIEVING FULLY IN MY ORACLES THEY WERE TOO KIND HEARTED TO THINK THEM THE WORK OF THE DEVIL AND IT SUITED THEIR NATURAL GOODNESS BETTER TO BELIEVE MY ANSWERS INSPIRED BY SOME HEAVENLY SPIRIT,but although believing fully in my oracles they were too kind hearted to think them the work of the devil and it suited their natural goodness better to believe my answers inspired by some heavenly spirit
calibration,3170-137482-0040,dev-clean,3170,SILK8,wav2vec2,BUT ALTHOUGH BELIEVING FULLY IN MY ORACLES THEY WERE TOO KIND HEARTED TO THINK THEM THE WORK OF THE DEVIL AND IT SUITED THEIR NATURAL GOODNESS BETTER TO BELIEVE MY ANSWERS INSPIRED BY SOME HEAVENLY SPIRIT,but although believing fully in my oracles they were too kind hearted to think them the work of the devil and it suited their natural goodness better to believe my answers inspired by some heavenly spirit,BUT ALTHOUGH BELIEVING FULLY IN MY ORACLES THEY WERE TOO KIND HEARTED TO THINK THEM THE WORK OF THE DEVIL AND IT SUITED THEIR NATURAL GOODNESS BETTER TO BELIEVE MY ANSWERS INSPIRED BY SOME HEAVENLY SPIRIT,but although believing fully in my oracles they were too kind hearted to think them the work of the devil and it suited their natural goodness better to believe my answers inspired by some heavenly spirit
calibration,3170-137482-0040,dev-clean,3170,SILK12,wav2vec2,BUT ALTHOUGH BELIEVING FULLY IN MY ORACLES THEY WERE TOO KIND HEARTED TO THINK THEM THE WORK OF THE DEVIL AND IT SUITED THEIR NATURAL GOODNESS BETTER TO BELIEVE MY ANSWERS INSPIRED BY SOME HEAVENLY SPIRIT,but although believing fully in my oracles they were too kind hearted to think them the work of the devil and it suited their natural goodness better to believe my answers inspired by some heavenly spirit,BUT ALTHOUGH BELIEVING FULLY IN MY ORACLES THEY WERE TOO KIND HEARTED TO THINK THEM THE WORK OF THE DEVIL AND IT SUITED THEIR NATURAL GOODNESS BETTER TO BELIEVE MY ANSWERS INSPIRED BY SOME HEAVENLY SPIRIT,but although believing fully in my oracles they were too kind hearted to think them the work of the devil and it suited their natural goodness better to believe my answers inspired by some heavenly spirit
calibration,3170-137482-0040,dev-clean,3170,SILK16,wav2vec2,BUT ALTHOUGH BELIEVING FULLY IN MY ORACLES THEY WERE TOO KIND HEARTED TO THINK THEM THE WORK OF THE DEVIL AND IT SUITED THEIR NATURAL GOODNESS BETTER TO BELIEVE MY ANSWERS INSPIRED BY SOME HEAVENLY SPIRIT,but although believing fully in my oracles they were too kind hearted to think them the work of the devil and it suited their natural goodness better to believe my answers inspired by some heavenly spirit,BUT ALTHOUGH BELIEVING FULLY IN MY ORACLES THEY WERE TOO KIND HEARTED TO THINK THEM THE WORK OF THE DEVIL AND IT SUITED THEIR NATURAL GOODNESS BETTER TO BELIEVE MY ANSWERS INSPIRED BY SOME HEAVENLY SPIRIT,but although believing fully in my oracles they were too kind hearted to think them the work of the devil and it suited their natural goodness better to believe my answers inspired by some heavenly spirit
calibration,3170-137482-0040,dev-clean,3170,SILK24,wav2vec2,BUT ALTHOUGH BELIEVING FULLY IN MY ORACLES THEY WERE TOO KIND HEARTED TO THINK THEM THE WORK OF THE DEVIL AND IT SUITED THEIR NATURAL GOODNESS BETTER TO BELIEVE MY ANSWERS INSPIRED BY SOME HEAVENLY SPIRIT,but although believing fully in my oracles they were too kind hearted to think them the work of the devil and it suited their natural goodness better to believe my answers inspired by some heavenly spirit,BUT ALTHOUGH BELIEVING FULLY IN MY ORACLES THEY WERE TOO KIND HEARTED TO THINK THEM THE WORK OF THE DEVIL AND IT SUITED THEIR NATURAL GOODNESS BETTER TO BELIEVE MY ANSWERS INSPIRED BY SOME HEAVENLY SPIRIT,but although believing fully in my oracles they were too kind hearted to think them the work of the devil and it suited their natural goodness better to believe my answers inspired by some heavenly spirit
calibration,3170-137482-0040,dev-clean,3170,SILK40,wav2vec2,BUT ALTHOUGH BELIEVING FULLY IN MY ORACLES THEY WERE TOO KIND HEARTED TO THINK THEM THE WORK OF THE DEVIL AND IT SUITED THEIR NATURAL GOODNESS BETTER TO BELIEVE MY ANSWERS INSPIRED BY SOME HEAVENLY SPIRIT,but although believing fully in my oracles they were too kind hearted to think them the work of the devil and it suited their natural goodness better to believe my answers inspired by some heavenly spirit,BUT ALTHOUGH BELIEVING FULLY IN MY ORACLES THEY WERE TOO KIND HEARTED TO THINK THEM THE WORK OF THE DEVIL AND IT SUITED THEIR NATURAL GOODNESS BETTER TO BELIEVE MY ANSWERS INSPIRED BY SOME HEAVENLY SPIRIT,but although believing fully in my oracles they were too kind hearted to think them the work of the devil and it suited their natural goodness better to believe my answers inspired by some heavenly spirit
calibration,3170-137482-0040,dev-clean,3170,LP,whisper,BUT ALTHOUGH BELIEVING FULLY IN MY ORACLES THEY WERE TOO KIND HEARTED TO THINK THEM THE WORK OF THE DEVIL AND IT SUITED THEIR NATURAL GOODNESS BETTER TO BELIEVE MY ANSWERS INSPIRED BY SOME HEAVENLY SPIRIT,but although believing fully in my oracles they were too kind hearted to think them the work of the devil and it suited their natural goodness better to believe my answers inspired by some heavenly spirit, but although believing fully in my oracles they were too kind-hearted to think them the work of the devil and it suited their natural goodness better to believe my answers inspired by some heavenly spirit,but although believing fully in my oracles they were too kind hearted to think them the work of the devil and it suited their natural goodness better to believe my answers inspired by some heavenly spirit
calibration,3170-137482-0040,dev-clean,3170,SILK8,whisper,BUT ALTHOUGH BELIEVING FULLY IN MY ORACLES THEY WERE TOO KIND HEARTED TO THINK THEM THE WORK OF THE DEVIL AND IT SUITED THEIR NATURAL GOODNESS BETTER TO BELIEVE MY ANSWERS INSPIRED BY SOME HEAVENLY SPIRIT,but although believing fully in my oracles they were too kind hearted to think them the work of the devil and it suited their natural goodness better to believe my answers inspired by some heavenly spirit, but although believing fully in my oracles they were too kind-hearted to think them the work of the devil and it suited their natural goodness better to believe my answers inspired by some heavenly spirit,but although believing fully in my oracles they were too kind hearted to think them the work of the devil and it suited their natural goodness better to believe my answers inspired by some heavenly spirit
calibration,3170-137482-0040,dev-clean,3170,SILK12,whisper,BUT ALTHOUGH BELIEVING FULLY IN MY ORACLES THEY WERE TOO KIND HEARTED TO THINK THEM THE WORK OF THE DEVIL AND IT SUITED THEIR NATURAL GOODNESS BETTER TO BELIEVE MY ANSWERS INSPIRED BY SOME HEAVENLY SPIRIT,but although believing fully in my oracles they were too kind hearted to think them the work of the devil and it suited their natural goodness better to believe my answers inspired by some heavenly spirit, but although believing fully in my oracles they were too kind-hearted to think them the work of the devil and it suited their natural goodness better to believe my answers inspired by some heavenly spirit,but although believing fully in my oracles they were too kind hearted to think them the work of the devil and it suited their natural goodness better to believe my answers inspired by some heavenly spirit
calibration,3170-137482-0040,dev-clean,3170,SILK16,whisper,BUT ALTHOUGH BELIEVING FULLY IN MY ORACLES THEY WERE TOO KIND HEARTED TO THINK THEM THE WORK OF THE DEVIL AND IT SUITED THEIR NATURAL GOODNESS BETTER TO BELIEVE MY ANSWERS INSPIRED BY SOME HEAVENLY SPIRIT,but although believing fully in my oracles they were too kind hearted to think them the work of the devil and it suited their natural goodness better to believe my answers inspired by some heavenly spirit, but although believing fully in my oracles they were too kind-hearted to think them the work of the devil and it suited their natural goodness better to believe my answers inspired by some heavenly spirit,but although believing fully in my oracles they were too kind hearted to think them the work of the devil and it suited their natural goodness better to believe my answers inspired by some heavenly spirit
calibration,3170-137482-0040,dev-clean,3170,SILK24,whisper,BUT ALTHOUGH BELIEVING FULLY IN MY ORACLES THEY WERE TOO KIND HEARTED TO THINK THEM THE WORK OF THE DEVIL AND IT SUITED THEIR NATURAL GOODNESS BETTER TO BELIEVE MY ANSWERS INSPIRED BY SOME HEAVENLY SPIRIT,but although believing fully in my oracles they were too kind hearted to think them the work of the devil and it suited their natural goodness better to believe my answers inspired by some heavenly spirit, but although believing fully in my oracles they were too kind-hearted to think them the work of the devil and it suited their natural goodness better to believe my answers inspired by some heavenly spirit,but although believing fully in my oracles they were too kind hearted to think them the work of the devil and it suited their natural goodness better to believe my answers inspired by some heavenly spirit
calibration,3170-137482-0040,dev-clean,3170,SILK40,whisper,BUT ALTHOUGH BELIEVING FULLY IN MY ORACLES THEY WERE TOO KIND HEARTED TO THINK THEM THE WORK OF THE DEVIL AND IT SUITED THEIR NATURAL GOODNESS BETTER TO BELIEVE MY ANSWERS INSPIRED BY SOME HEAVENLY SPIRIT,but although believing fully in my oracles they were too kind hearted to think them the work of the devil and it suited their natural goodness better to believe my answers inspired by some heavenly spirit, but although believing fully in my oracles they were too kind-hearted to think them the work of the devil and it suited their natural goodness better to believe my answers inspired by some heavenly spirit,but although believing fully in my oracles they were too kind hearted to think them the work of the devil and it suited their natural goodness better to believe my answers inspired by some heavenly spirit
calibration,3536-23268-0001,dev-clean,3536,LP,wav2vec2,EVERY TIME HE BEHELD THE OBJECT OF HIS PASSION FOR HE STILL CONTINUED HIS VISITS THOUGH NOT SO FREQUENTLY AS HERETOFORE HE PLEADED HIS CAUSE WITH SUCH ARDOUR THAT MISS WOODLEY WHO WAS SOMETIMES PRESENT AND EVER COMPASSIONATE COULD NOT RESIST WISHING HIM SUCCESS,every time he beheld the object of his passion for he still continued his visits though not so frequently as heretofore he pleaded his cause with such ardor that miss woodley who was sometimes present and ever compassionate could not resist wishing him success,EVERY TIME HE BEHELD THE OBJECT OF HIS PASSION FOR HE STILL CONTINUED HIS VISITS THOUGH NOT SO FREQUENTLY AS HERETOFORE HE PLEADED HIS CAUSE WITH SUCH ARDOR THAT MISS WOODLEY WHO WAS SOMETIMES PRESENT AND EVER COMPASSIONATE COULD NOT RESIST WISHING HIM SUCCESS,every time he beheld the object of his passion for he still continued his visits though not so frequently as heretofore he pleaded his cause with such ardor that miss woodley who was sometimes present and ever compassionate could not resist wishing him success
calibration,3536-23268-0001,dev-clean,3536,SILK8,wav2vec2,EVERY TIME HE BEHELD THE OBJECT OF HIS PASSION FOR HE STILL CONTINUED HIS VISITS THOUGH NOT SO FREQUENTLY AS HERETOFORE HE PLEADED HIS CAUSE WITH SUCH ARDOUR THAT MISS WOODLEY WHO WAS SOMETIMES PRESENT AND EVER COMPASSIONATE COULD NOT RESIST WISHING HIM SUCCESS,every time he beheld the object of his passion for he still continued his visits though not so frequently as heretofore he pleaded his cause with such ardor that miss woodley who was sometimes present and ever compassionate could not resist wishing him success,EVERY TIME HE BEHELD THE OBJECT OF HIS PASSION FOR HE STILL CONTINUED HIS VISIT THOUGH NOT SO FREQUENTLY AS HERETOFORE HE PLEADED HIS CAUSE WITH SUCH ARDOR THAT MISS WOODLEY WHO WAS SOMETIMES PRESENT AND EVER COMPASSIONATE COULD NOT RESIST WISHING HIM SUCCESS,every time he beheld the object of his passion for he still continued his visit though not so frequently as heretofore he pleaded his cause with such ardor that miss woodley who was sometimes present and ever compassionate could not resist wishing him success
calibration,3536-23268-0001,dev-clean,3536,SILK12,wav2vec2,EVERY TIME HE BEHELD THE OBJECT OF HIS PASSION FOR HE STILL CONTINUED HIS VISITS THOUGH NOT SO FREQUENTLY AS HERETOFORE HE PLEADED HIS CAUSE WITH SUCH ARDOUR THAT MISS WOODLEY WHO WAS SOMETIMES PRESENT AND EVER COMPASSIONATE COULD NOT RESIST WISHING HIM SUCCESS,every time he beheld the object of his passion for he still continued his visits though not so frequently as heretofore he pleaded his cause with such ardor that miss woodley who was sometimes present and ever compassionate could not resist wishing him success,EVERY TIME HE BEHELD THE OBJECT OF HIS PASSION FOR HE STILL CONTINUED HIS VISITS THOUGH NOT SO FREQUENTLY AS HERETOFORE HE PLEADED HIS CAUSE WITH SUCH ARDOR THAT MISS WOODLEY WHO WAS SOMETIMES PRESENT AND EVER COMPASSIONATE COULD NOT RESIST WISHING HIM SUCCESS,every time he beheld the object of his passion for he still continued his visits though not so frequently as heretofore he pleaded his cause with such ardor that miss woodley who was sometimes present and ever compassionate could not resist wishing him success
calibration,3536-23268-0001,dev-clean,3536,SILK16,wav2vec2,EVERY TIME HE BEHELD THE OBJECT OF HIS PASSION FOR HE STILL CONTINUED HIS VISITS THOUGH NOT SO FREQUENTLY AS HERETOFORE HE PLEADED HIS CAUSE WITH SUCH ARDOUR THAT MISS WOODLEY WHO WAS SOMETIMES PRESENT AND EVER COMPASSIONATE COULD NOT RESIST WISHING HIM SUCCESS,every time he beheld the object of his passion for he still continued his visits though not so frequently as heretofore he pleaded his cause with such ardor that miss woodley who was sometimes present and ever compassionate could not resist wishing him success,EVERY TIME HE BEHELD THE OBJECT OF HIS PASSION FOR HE STILL CONTINUED HIS VISIT THOUGH NOT SO FREQUENTLY AS HERETOFORE HE PLEADED HIS CAUSE WITH SUCH ARDOR THAT MISS WOODLEY WHO WAS SOMETIMES PRESENT AND EVER COMPASSIONATE COULD NOT RESIST WISHING HIM SUCCESS,every time he beheld the object of his passion for he still continued his visit though not so frequently as heretofore he pleaded his cause with such ardor that miss woodley who was sometimes present and ever compassionate could not resist wishing him success
calibration,3536-23268-0001,dev-clean,3536,SILK24,wav2vec2,EVERY TIME HE BEHELD THE OBJECT OF HIS PASSION FOR HE STILL CONTINUED HIS VISITS THOUGH NOT SO FREQUENTLY AS HERETOFORE HE PLEADED HIS CAUSE WITH SUCH ARDOUR THAT MISS WOODLEY WHO WAS SOMETIMES PRESENT AND EVER COMPASSIONATE COULD NOT RESIST WISHING HIM SUCCESS,every time he beheld the object of his passion for he still continued his visits though not so frequently as heretofore he pleaded his cause with such ardor that miss woodley who was sometimes present and ever compassionate could not resist wishing him success,EVERY TIME HE BEHELD THE OBJECT OF HIS PASSION FOR HE STILL CONTINUED HIS VISIT THOUGH NOT SO FREQUENTLY AS HERETOFORE HE PLEADED HIS CAUSE WITH SUCH ARDOR THAT MISS WOODLEY WHO WAS SOMETIMES PRESENT AND EVER COMPASSIONATE COULD NOT RESIST WISHING HIM SUCCESS,every time he beheld the object of his passion for he still continued his visit though not so frequently as heretofore he pleaded his cause with such ardor that miss woodley who was sometimes present and ever compassionate could not resist wishing him success
calibration,3536-23268-0001,dev-clean,3536,SILK40,wav2vec2,EVERY TIME HE BEHELD THE OBJECT OF HIS PASSION FOR HE STILL CONTINUED HIS VISITS THOUGH NOT SO FREQUENTLY AS HERETOFORE HE PLEADED HIS CAUSE WITH SUCH ARDOUR THAT MISS WOODLEY WHO WAS SOMETIMES PRESENT AND EVER COMPASSIONATE COULD NOT RESIST WISHING HIM SUCCESS,every time he beheld the object of his passion for he still continued his visits though not so frequently as heretofore he pleaded his cause with such ardor that miss woodley who was sometimes present and ever compassionate could not resist wishing him success,EVERY TIME HE BEHELD THE OBJECT OF HIS PASSION FOR HE STILL CONTINUED HIS VISITS THOUGH NOT SO FREQUENTLY AS HERETOFORE HE PLEADED HIS CAUSE WITH SUCH ARDOR THAT MISS WOODLEY WHO WAS SOMETIMES PRESENT AND EVER COMPASSIONATE COULD NOT RESIST WISHING HIM SUCCESS,every time he beheld the object of his passion for he still continued his visits though not so frequently as heretofore he pleaded his cause with such ardor that miss woodley who was sometimes present and ever compassionate could not resist wishing him success
calibration,3536-23268-0001,dev-clean,3536,LP,whisper,EVERY TIME HE BEHELD THE OBJECT OF HIS PASSION FOR HE STILL CONTINUED HIS VISITS THOUGH NOT SO FREQUENTLY AS HERETOFORE HE PLEADED HIS CAUSE WITH SUCH ARDOUR THAT MISS WOODLEY WHO WAS SOMETIMES PRESENT AND EVER COMPASSIONATE COULD NOT RESIST WISHING HIM SUCCESS,every time he beheld the object of his passion for he still continued his visits though not so frequently as heretofore he pleaded his cause with such ardor that miss woodley who was sometimes present and ever compassionate could not resist wishing him success, every time he beheld the object of his passion for he still continued his visits though not so frequently as heretofore he pleaded his cause with such ardor that miss woodley who was sometimes present and ever compassionate could not resist wishing him success,every time he beheld the object of his passion for he still continued his visits though not so frequently as heretofore he pleaded his cause with such ardor that miss woodley who was sometimes present and ever compassionate could not resist wishing him success
calibration,3536-23268-0001,dev-clean,3536,SILK8,whisper,EVERY TIME HE BEHELD THE OBJECT OF HIS PASSION FOR HE STILL CONTINUED HIS VISITS THOUGH NOT SO FREQUENTLY AS HERETOFORE HE PLEADED HIS CAUSE WITH SUCH ARDOUR THAT MISS WOODLEY WHO WAS SOMETIMES PRESENT AND EVER COMPASSIONATE COULD NOT RESIST WISHING HIM SUCCESS,every time he beheld the object of his passion for he still continued his visits though not so frequently as heretofore he pleaded his cause with such ardor that miss woodley who was sometimes present and ever compassionate could not resist wishing him success, every time he beheld the object of his passion for he still continued his visits though not so frequently as heretofore he pleaded his cause with such ardor that miss woodley who was sometimes present and ever compassionate could not resist wishing him success,every time he beheld the object of his passion for he still continued his visits though not so frequently as heretofore he pleaded his cause with such ardor that miss woodley who was sometimes present and ever compassionate could not resist wishing him success
calibration,3536-23268-0001,dev-clean,3536,SILK12,whisper,EVERY TIME HE BEHELD THE OBJECT OF HIS PASSION FOR HE STILL CONTINUED HIS VISITS THOUGH NOT SO FREQUENTLY AS HERETOFORE HE PLEADED HIS CAUSE WITH SUCH ARDOUR THAT MISS WOODLEY WHO WAS SOMETIMES PRESENT AND EVER COMPASSIONATE COULD NOT RESIST WISHING HIM SUCCESS,every time he beheld the object of his passion for he still continued his visits though not so frequently as heretofore he pleaded his cause with such ardor that miss woodley who was sometimes present and ever compassionate could not resist wishing him success, every time he beheld the object of his passion for he still continued his visits though not so frequently as heretofore he pleaded his cause with such ardor that miss woodley who was sometimes present and ever compassionate could not resist wishing him success,every time he beheld the object of his passion for he still continued his visits though not so frequently as heretofore he pleaded his cause with such ardor that miss woodley who was sometimes present and ever compassionate could not resist wishing him success
calibration,3536-23268-0001,dev-clean,3536,SILK16,whisper,EVERY TIME HE BEHELD THE OBJECT OF HIS PASSION FOR HE STILL CONTINUED HIS VISITS THOUGH NOT SO FREQUENTLY AS HERETOFORE HE PLEADED HIS CAUSE WITH SUCH ARDOUR THAT MISS WOODLEY WHO WAS SOMETIMES PRESENT AND EVER COMPASSIONATE COULD NOT RESIST WISHING HIM SUCCESS,every time he beheld the object of his passion for he still continued his visits though not so frequently as heretofore he pleaded his cause with such ardor that miss woodley who was sometimes present and ever compassionate could not resist wishing him success, every time he beheld the object of his passion for he still continued his visits though not so frequently as heretofore he pleaded his cause with such ardor that miss woodley who was sometimes present and ever compassionate could not resist wishing him success,every time he beheld the object of his passion for he still continued his visits though not so frequently as heretofore he pleaded his cause with such ardor that miss woodley who was sometimes present and ever compassionate could not resist wishing him success
calibration,3536-23268-0001,dev-clean,3536,SILK24,whisper,EVERY TIME HE BEHELD THE OBJECT OF HIS PASSION FOR HE STILL CONTINUED HIS VISITS THOUGH NOT SO FREQUENTLY AS HERETOFORE HE PLEADED HIS CAUSE WITH SUCH ARDOUR THAT MISS WOODLEY WHO WAS SOMETIMES PRESENT AND EVER COMPASSIONATE COULD NOT RESIST WISHING HIM SUCCESS,every time he beheld the object of his passion for he still continued his visits though not so frequently as heretofore he pleaded his cause with such ardor that miss woodley who was sometimes present and ever compassionate could not resist wishing him success, every time he beheld the object of his passion for he still continued his visits though not so frequently as heretofore he pleaded his cause with such ardor that miss woodley who was sometimes present and ever compassionate could not resist wishing him success,every time he beheld the object of his passion for he still continued his visits though not so frequently as heretofore he pleaded his cause with such ardor that miss woodley who was sometimes present and ever compassionate could not resist wishing him success
calibration,3536-23268-0001,dev-clean,3536,SILK40,whisper,EVERY TIME HE BEHELD THE OBJECT OF HIS PASSION FOR HE STILL CONTINUED HIS VISITS THOUGH NOT SO FREQUENTLY AS HERETOFORE HE PLEADED HIS CAUSE WITH SUCH ARDOUR THAT MISS WOODLEY WHO WAS SOMETIMES PRESENT AND EVER COMPASSIONATE COULD NOT RESIST WISHING HIM SUCCESS,every time he beheld the object of his passion for he still continued his visits though not so frequently as heretofore he pleaded his cause with such ardor that miss woodley who was sometimes present and ever compassionate could not resist wishing him success, every time he beheld the object of his passion for he still continued his visits though not so frequently as heretofore he pleaded his cause with such ardor that miss woodley who was sometimes present and ever compassionate could not resist wishing him success,every time he beheld the object of his passion for he still continued his visits though not so frequently as heretofore he pleaded his cause with such ardor that miss woodley who was sometimes present and ever compassionate could not resist wishing him success
calibration,3536-23268-0019,dev-clean,3536,LP,wav2vec2,MISSUS HORTON TOO IN THE SELF APPROVING REFLECTION THAT SHE WAS NOT IN A QUARREL OR ALTERCATION OF ANY KIND FELT HERSELF AT THIS MOMENT REMARKABLY PEACEFUL AND CHARITABLE,missus horton too in the self approving reflection that she was not in a quarrel or altercation of any kind felt herself at this moment remarkably peaceful and charitable,MISSUS HORTON TOO IN THE SELF APPROVING REFLECTION THAT SHE WAS NOT IN A QUARREL OR ALTERCATION OF ANY KIND FELT HERSELF AT THIS MOMENT REMARKABLY PEACEFUL AND CHARITABLE,missus horton too in the self approving reflection that she was not in a quarrel or altercation of any kind felt herself at this moment remarkably peaceful and charitable
calibration,3536-23268-0019,dev-clean,3536,SILK8,wav2vec2,MISSUS HORTON TOO IN THE SELF APPROVING REFLECTION THAT SHE WAS NOT IN A QUARREL OR ALTERCATION OF ANY KIND FELT HERSELF AT THIS MOMENT REMARKABLY PEACEFUL AND CHARITABLE,missus horton too in the self approving reflection that she was not in a quarrel or altercation of any kind felt herself at this moment remarkably peaceful and charitable,MISSUS HORTON TOO IN THE SELF APPROVING REFLECTION THAT SHE WAS NOT IN A QUARREL OR ALTERCATION OF ANY KIND FELT HERSELF AT THIS MOMENT REMARKABLY PEACEFUL AND CHARITABLE,missus horton too in the self approving reflection that she was not in a quarrel or altercation of any kind felt herself at this moment remarkably peaceful and charitable
calibration,3536-23268-0019,dev-clean,3536,SILK12,wav2vec2,MISSUS HORTON TOO IN THE SELF APPROVING REFLECTION THAT SHE WAS NOT IN A QUARREL OR ALTERCATION OF ANY KIND FELT HERSELF AT THIS MOMENT REMARKABLY PEACEFUL AND CHARITABLE,missus horton too in the self approving reflection that she was not in a quarrel or altercation of any kind felt herself at this moment remarkably peaceful and charitable,MISSUS HORTON TOO IN THE SELF APPROVING REFLECTION THAT SHE WAS NOT IN A QUARREL OR ALTERCATION OF ANY KIND FELT HERSELF AT THIS MOMENT REMARKABLY PEACEFUL AND CHARITABLE,missus horton too in the self approving reflection that she was not in a quarrel or altercation of any kind felt herself at this moment remarkably peaceful and charitable
calibration,3536-23268-0019,dev-clean,3536,SILK16,wav2vec2,MISSUS HORTON TOO IN THE SELF APPROVING REFLECTION THAT SHE WAS NOT IN A QUARREL OR ALTERCATION OF ANY KIND FELT HERSELF AT THIS MOMENT REMARKABLY PEACEFUL AND CHARITABLE,missus horton too in the self approving reflection that she was not in a quarrel or altercation of any kind felt herself at this moment remarkably peaceful and charitable,MISSUS HORTON TOO IN THE SELF APPROVING REFLECTION THAT SHE WAS NOT IN A QUARREL OR ALTERCATION OF ANY KIND FELT HERSELF AT THIS MOMENT REMARKABLY PEACEFUL AND CHARITABLE,missus horton too in the self approving reflection that she was not in a quarrel or altercation of any kind felt herself at this moment remarkably peaceful and charitable
calibration,3536-23268-0019,dev-clean,3536,SILK24,wav2vec2,MISSUS HORTON TOO IN THE SELF APPROVING REFLECTION THAT SHE WAS NOT IN A QUARREL OR ALTERCATION OF ANY KIND FELT HERSELF AT THIS MOMENT REMARKABLY PEACEFUL AND CHARITABLE,missus horton too in the self approving reflection that she was not in a quarrel or altercation of any kind felt herself at this moment remarkably peaceful and charitable,MISSUS HORTON TOO IN THE SELF APPROVING REFLECTION THAT SHE WAS NOT IN A QUARREL OR ALTERCATION OF ANY KIND FELT HERSELF AT THIS MOMENT REMARKABLY PEACEFUL AND CHARITABLE,missus horton too in the self approving reflection that she was not in a quarrel or altercation of any kind felt herself at this moment remarkably peaceful and charitable
calibration,3536-23268-0019,dev-clean,3536,SILK40,wav2vec2,MISSUS HORTON TOO IN THE SELF APPROVING REFLECTION THAT SHE WAS NOT IN A QUARREL OR ALTERCATION OF ANY KIND FELT HERSELF AT THIS MOMENT REMARKABLY PEACEFUL AND CHARITABLE,missus horton too in the self approving reflection that she was not in a quarrel or altercation of any kind felt herself at this moment remarkably peaceful and charitable,MISSUS HORTON TOO IN THE SELF APPROVING REFLECTION THAT SHE WAS NOT IN A QUARREL OR ALTERCATION OF ANY KIND FELT HERSELF AT THIS MOMENT REMARKABLY PEACEFUL AND CHARITABLE,missus horton too in the self approving reflection that she was not in a quarrel or altercation of any kind felt herself at this moment remarkably peaceful and charitable
calibration,3536-23268-0019,dev-clean,3536,LP,whisper,MISSUS HORTON TOO IN THE SELF APPROVING REFLECTION THAT SHE WAS NOT IN A QUARREL OR ALTERCATION OF ANY KIND FELT HERSELF AT THIS MOMENT REMARKABLY PEACEFUL AND CHARITABLE,missus horton too in the self approving reflection that she was not in a quarrel or altercation of any kind felt herself at this moment remarkably peaceful and charitable, mrs horton too in the self-approving reflection that she was not in a quarrel or altercation of any kind felt herself at this moment remarkably peaceful and charitable,missus horton too in the self approving reflection that she was not in a quarrel or altercation of any kind felt herself at this moment remarkably peaceful and charitable
calibration,3536-23268-0019,dev-clean,3536,SILK8,whisper,MISSUS HORTON TOO IN THE SELF APPROVING REFLECTION THAT SHE WAS NOT IN A QUARREL OR ALTERCATION OF ANY KIND FELT HERSELF AT THIS MOMENT REMARKABLY PEACEFUL AND CHARITABLE,missus horton too in the self approving reflection that she was not in a quarrel or altercation of any kind felt herself at this moment remarkably peaceful and charitable, mrs horton too in the self-approving reflection that she was not in a quarrel or altercation of any kind felt herself at this moment remarkably peaceful and charitable,missus horton too in the self approving reflection that she was not in a quarrel or altercation of any kind felt herself at this moment remarkably peaceful and charitable
calibration,3536-23268-0019,dev-clean,3536,SILK12,whisper,MISSUS HORTON TOO IN THE SELF APPROVING REFLECTION THAT SHE WAS NOT IN A QUARREL OR ALTERCATION OF ANY KIND FELT HERSELF AT THIS MOMENT REMARKABLY PEACEFUL AND CHARITABLE,missus horton too in the self approving reflection that she was not in a quarrel or altercation of any kind felt herself at this moment remarkably peaceful and charitable, mrs horton too in this self-approving reflection that she was not in a quarrel or altercation of any kind felt herself at this moment remarkably peaceful and charitable,missus horton too in this self approving reflection that she was not in a quarrel or altercation of any kind felt herself at this moment remarkably peaceful and charitable
calibration,3536-23268-0019,dev-clean,3536,SILK16,whisper,MISSUS HORTON TOO IN THE SELF APPROVING REFLECTION THAT SHE WAS NOT IN A QUARREL OR ALTERCATION OF ANY KIND FELT HERSELF AT THIS MOMENT REMARKABLY PEACEFUL AND CHARITABLE,missus horton too in the self approving reflection that she was not in a quarrel or altercation of any kind felt herself at this moment remarkably peaceful and charitable, mrs horton too in the self-approving reflection that she was not in a quarrel or altercation of any kind felt herself at this moment remarkably peaceful and charitable,missus horton too in the self approving reflection that she was not in a quarrel or altercation of any kind felt herself at this moment remarkably peaceful and charitable
calibration,3536-23268-0019,dev-clean,3536,SILK24,whisper,MISSUS HORTON TOO IN THE SELF APPROVING REFLECTION THAT SHE WAS NOT IN A QUARREL OR ALTERCATION OF ANY KIND FELT HERSELF AT THIS MOMENT REMARKABLY PEACEFUL AND CHARITABLE,missus horton too in the self approving reflection that she was not in a quarrel or altercation of any kind felt herself at this moment remarkably peaceful and charitable, mrs horton too in the self-approving reflection that she was not in a quarrel or altercation of any kind felt herself at this moment remarkably peaceful and charitable,missus horton too in the self approving reflection that she was not in a quarrel or altercation of any kind felt herself at this moment remarkably peaceful and charitable
calibration,3536-23268-0019,dev-clean,3536,SILK40,whisper,MISSUS HORTON TOO IN THE SELF APPROVING REFLECTION THAT SHE WAS NOT IN A QUARREL OR ALTERCATION OF ANY KIND FELT HERSELF AT THIS MOMENT REMARKABLY PEACEFUL AND CHARITABLE,missus horton too in the self approving reflection that she was not in a quarrel or altercation of any kind felt herself at this moment remarkably peaceful and charitable, mrs horton too in the self-approving reflection that she was not in a quarrel or altercation of any kind felt herself at this moment remarkably peaceful and charitable,missus horton too in the self approving reflection that she was not in a quarrel or altercation of any kind felt herself at this moment remarkably peaceful and charitable
calibration,3536-8226-0004,dev-clean,3536,LP,wav2vec2,MISSUS BOZZLE WAS DISPOSED TO THINK THAT LADIES OF QUALITY AMONG WHOM MADAME T WAS ENTITLED IN HER ESTIMATION TO TAKE RANK WERE SELDOM BETTER THAN THEY OUGHT TO BE AND SHE WAS QUITE WILLING THAT HER HUSBAND SHOULD EARN HIS BREAD BY WATCHING THE LADY OR THE LADY'S LOVER,missus bozzle was disposed to think that ladies of quality among whom madame t was entitled in her estimation to take rank were seldom better than they ought to be and she was quite willing that her husband should earn his bread by watching the lady or the lady is lover,MISSUS BOSE WAS DISPOSED TO THINK THAT LADIES OF QUALITY AMONG WHOM MADAM T WAS ENTITLED IN HER ESTIMATION TO TAKE RANK WERE SELDOM BETTER THAN THEY OUGHT TO BE AND SHE WAS QUITE WILLING THAT HER HUSBAND SHOULD EARN HIS BREAD BY WATCHING THE LADY OR THE LADY'S LOVER,missus bose was disposed to think that ladies of quality among whom madam t was entitled in her estimation to take rank were seldom better than they ought to be and she was quite willing that her husband should earn his bread by watching the lady or the lady is lover
calibration,3536-8226-0004,dev-clean,3536,SILK8,wav2vec2,MISSUS BOZZLE WAS DISPOSED TO THINK THAT LADIES OF QUALITY AMONG WHOM MADAME T WAS ENTITLED IN HER ESTIMATION TO TAKE RANK WERE SELDOM BETTER THAN THEY OUGHT TO BE AND SHE WAS QUITE WILLING THAT HER HUSBAND SHOULD EARN HIS BREAD BY WATCHING THE LADY OR THE LADY'S LOVER,missus bozzle was disposed to think that ladies of quality among whom madame t was entitled in her estimation to take rank were seldom better than they ought to be and she was quite willing that her husband should earn his bread by watching the lady or the lady is lover,MISSUS BOSLE WAS DISPOSED TO THINK THAT LADIES OF QUALITY AMONG WHOM MADAM T WAS ENTITLED IN HER ESTIMATION TO TAKE RANK WERE SELDOM BETTER THAN THEY OUGHT TO BE AND SHE WAS QUITE WILLING THAT HER HUSBAND SHOULD EARN HIS BREAD BY WATCHING THE LADY OR THE LADY'S LOVER,missus bosle was disposed to think that ladies of quality among whom madam t was entitled in her estimation to take rank were seldom better than they ought to be and she was quite willing that her husband should earn his bread by watching the lady or the lady is lover
calibration,3536-8226-0004,dev-clean,3536,SILK12,wav2vec2,MISSUS BOZZLE WAS DISPOSED TO THINK THAT LADIES OF QUALITY AMONG WHOM MADAME T WAS ENTITLED IN HER ESTIMATION TO TAKE RANK WERE SELDOM BETTER THAN THEY OUGHT TO BE AND SHE WAS QUITE WILLING THAT HER HUSBAND SHOULD EARN HIS BREAD BY WATCHING THE LADY OR THE LADY'S LOVER,missus bozzle was disposed to think that ladies of quality among whom madame t was entitled in her estimation to take rank were seldom better than they ought to be and she was quite willing that her husband should earn his bread by watching the lady or the lady is lover,MISSUS BOSLE WAS DISPOSED TO THINK THAT LADIES OF QUALITY AMONG WHOM MADAM T WAS ENTITLED IN HER ESTIMATION TO TAKE RANK WERE SELDOM BETTER THAN THEY OUGHT TO BE AND SHE WAS QUITE WILLING THAT HER HUSBAND SHOULD EARN HIS BREAD BY WATCHING THE LADY OR THE LADY'S LOVER,missus bosle was disposed to think that ladies of quality among whom madam t was entitled in her estimation to take rank were seldom better than they ought to be and she was quite willing that her husband should earn his bread by watching the lady or the lady is lover
calibration,3536-8226-0004,dev-clean,3536,SILK16,wav2vec2,MISSUS BOZZLE WAS DISPOSED TO THINK THAT LADIES OF QUALITY AMONG WHOM MADAME T WAS ENTITLED IN HER ESTIMATION TO TAKE RANK WERE SELDOM BETTER THAN THEY OUGHT TO BE AND SHE WAS QUITE WILLING THAT HER HUSBAND SHOULD EARN HIS BREAD BY WATCHING THE LADY OR THE LADY'S LOVER,missus bozzle was disposed to think that ladies of quality among whom madame t was entitled in her estimation to take rank were seldom better than they ought to be and she was quite willing that her husband should earn his bread by watching the lady or the lady is lover,MISSUS BOSDLE WAS DISPOSED TO THINK THAT LADIES OF QUALITY AMONG WHOM MADAM T WAS ENTITLED IN HER ESTIMATION TO TAKE RANK WERE SELDOM BETTER THAN THEY OUGHT TO BE AND SHE WAS QUITE WILLING THAT HER HUSBAND SHOULD EARN HIS BREAD BY WATCHING THE LADY OR THE LADYES LOVER,missus bosdle was disposed to think that ladies of quality among whom madam t was entitled in her estimation to take rank were seldom better than they ought to be and she was quite willing that her husband should earn his bread by watching the lady or the ladyes lover
calibration,3536-8226-0004,dev-clean,3536,SILK24,wav2vec2,MISSUS BOZZLE WAS DISPOSED TO THINK THAT LADIES OF QUALITY AMONG WHOM MADAME T WAS ENTITLED IN HER ESTIMATION TO TAKE RANK WERE SELDOM BETTER THAN THEY OUGHT TO BE AND SHE WAS QUITE WILLING THAT HER HUSBAND SHOULD EARN HIS BREAD BY WATCHING THE LADY OR THE LADY'S LOVER,missus bozzle was disposed to think that ladies of quality among whom madame t was entitled in her estimation to take rank were seldom better than they ought to be and she was quite willing that her husband should earn his bread by watching the lady or the lady is lover,MISSUS BOSLE WAS DISPOSED TO THINK THAT LADIES OF QUALITY AMONG WHOM MADAM T WAS ENTITLED IN HER ESTIMATION TO TAKE RANK WERE SELDOM BETTER THAN THEY OUGHT TO BE AND SHE WAS QUITE WILLING THAT HER HUSBAND SHOULD EARN HIS BREAD BY WATCHING THE LADY OR THE LADY'S LOVER,missus bosle was disposed to think that ladies of quality among whom madam t was entitled in her estimation to take rank were seldom better than they ought to be and she was quite willing that her husband should earn his bread by watching the lady or the lady is lover
calibration,3536-8226-0004,dev-clean,3536,SILK40,wav2vec2,MISSUS BOZZLE WAS DISPOSED TO THINK THAT LADIES OF QUALITY AMONG WHOM MADAME T WAS ENTITLED IN HER ESTIMATION TO TAKE RANK WERE SELDOM BETTER THAN THEY OUGHT TO BE AND SHE WAS QUITE WILLING THAT HER HUSBAND SHOULD EARN HIS BREAD BY WATCHING THE LADY OR THE LADY'S LOVER,missus bozzle was disposed to think that ladies of quality among whom madame t was entitled in her estimation to take rank were seldom better than they ought to be and she was quite willing that her husband should earn his bread by watching the lady or the lady is lover,MISSUS BOSLE WAS DISPOSED TO THINK THAT LADIES OF QUALITY AMONG WHOM MADAM T WAS ENTITLED IN HER ESTIMATION TO TAKE RANK WERE SELDOM BETTER THAN THEY OUGHT TO BE AND SHE WAS QUITE WILLING THAT HER HUSBAND SHOULD EARN HIS BREAD BY WATCHING THE LADY OR THE LADY'S LOVER,missus bosle was disposed to think that ladies of quality among whom madam t was entitled in her estimation to take rank were seldom better than they ought to be and she was quite willing that her husband should earn his bread by watching the lady or the lady is lover
calibration,3536-8226-0004,dev-clean,3536,LP,whisper,MISSUS BOZZLE WAS DISPOSED TO THINK THAT LADIES OF QUALITY AMONG WHOM MADAME T WAS ENTITLED IN HER ESTIMATION TO TAKE RANK WERE SELDOM BETTER THAN THEY OUGHT TO BE AND SHE WAS QUITE WILLING THAT HER HUSBAND SHOULD EARN HIS BREAD BY WATCHING THE LADY OR THE LADY'S LOVER,missus bozzle was disposed to think that ladies of quality among whom madame t was entitled in her estimation to take rank were seldom better than they ought to be and she was quite willing that her husband should earn his bread by watching the lady or the lady is lover, mrs bosle was disposed to think that ladies of quality among whom madam t was entitled in her estimation to take rank were seldom better than they ought to be and she was quite willing that her husband should earn his bread by watching the lady or the lady's lover,missus bosle was disposed to think that ladies of quality among whom madam t was entitled in her estimation to take rank were seldom better than they ought to be and she was quite willing that her husband should earn his bread by watching the lady or the lady is lover
calibration,3536-8226-0004,dev-clean,3536,SILK8,whisper,MISSUS BOZZLE WAS DISPOSED TO THINK THAT LADIES OF QUALITY AMONG WHOM MADAME T WAS ENTITLED IN HER ESTIMATION TO TAKE RANK WERE SELDOM BETTER THAN THEY OUGHT TO BE AND SHE WAS QUITE WILLING THAT HER HUSBAND SHOULD EARN HIS BREAD BY WATCHING THE LADY OR THE LADY'S LOVER,missus bozzle was disposed to think that ladies of quality among whom madame t was entitled in her estimation to take rank were seldom better than they ought to be and she was quite willing that her husband should earn his bread by watching the lady or the lady is lover, mrs boswell was disposed to think that ladies of quality among whom madam t was entitled in her estimation to take rank were seldom better than they ought to be and she was quite willing that her husband should earn his bread by watching the lady or the lady's lover,missus boswell was disposed to think that ladies of quality among whom madam t was entitled in her estimation to take rank were seldom better than they ought to be and she was quite willing that her husband should earn his bread by watching the lady or the lady is lover
calibration,3536-8226-0004,dev-clean,3536,SILK12,whisper,MISSUS BOZZLE WAS DISPOSED TO THINK THAT LADIES OF QUALITY AMONG WHOM MADAME T WAS ENTITLED IN HER ESTIMATION TO TAKE RANK WERE SELDOM BETTER THAN THEY OUGHT TO BE AND SHE WAS QUITE WILLING THAT HER HUSBAND SHOULD EARN HIS BREAD BY WATCHING THE LADY OR THE LADY'S LOVER,missus bozzle was disposed to think that ladies of quality among whom madame t was entitled in her estimation to take rank were seldom better than they ought to be and she was quite willing that her husband should earn his bread by watching the lady or the lady is lover, mrs boswell was disposed to think that ladies of quality among whom madam t was entitled in her estimation to take rank were seldom better than they ought to be and she was quite willing that her husband should earn his bread by watching the lady or the lady's lover,missus boswell was disposed to think that ladies of quality among whom madam t was entitled in her estimation to take rank were seldom better than they ought to be and she was quite willing that her husband should earn his bread by watching the lady or the lady is lover
calibration,3536-8226-0004,dev-clean,3536,SILK16,whisper,MISSUS BOZZLE WAS DISPOSED TO THINK THAT LADIES OF QUALITY AMONG WHOM MADAME T WAS ENTITLED IN HER ESTIMATION TO TAKE RANK WERE SELDOM BETTER THAN THEY OUGHT TO BE AND SHE WAS QUITE WILLING THAT HER HUSBAND SHOULD EARN HIS BREAD BY WATCHING THE LADY OR THE LADY'S LOVER,missus bozzle was disposed to think that ladies of quality among whom madame t was entitled in her estimation to take rank were seldom better than they ought to be and she was quite willing that her husband should earn his bread by watching the lady or the lady is lover, mrs boswell was disposed to think that ladies of quality among whom madam t was entitled in her estimation to take rank were seldom better than they ought to be and she was quite willing that her husband should earn his bread by watching the lady or the lady's lover,missus boswell was disposed to think that ladies of quality among whom madam t was entitled in her estimation to take rank were seldom better than they ought to be and she was quite willing that her husband should earn his bread by watching the lady or the lady is lover
calibration,3536-8226-0004,dev-clean,3536,SILK24,whisper,MISSUS BOZZLE WAS DISPOSED TO THINK THAT LADIES OF QUALITY AMONG WHOM MADAME T WAS ENTITLED IN HER ESTIMATION TO TAKE RANK WERE SELDOM BETTER THAN THEY OUGHT TO BE AND SHE WAS QUITE WILLING THAT HER HUSBAND SHOULD EARN HIS BREAD BY WATCHING THE LADY OR THE LADY'S LOVER,missus bozzle was disposed to think that ladies of quality among whom madame t was entitled in her estimation to take rank were seldom better than they ought to be and she was quite willing that her husband should earn his bread by watching the lady or the lady is lover, mrs boswell was disposed to think that ladies of quality among whom madam t was entitled in her estimation to take rank were seldom better than they ought to be and she was quite willing that her husband should earn his bread by watching the lady or the lady's lover,missus boswell was disposed to think that ladies of quality among whom madam t was entitled in her estimation to take rank were seldom better than they ought to be and she was quite willing that her husband should earn his bread by watching the lady or the lady is lover
calibration,3536-8226-0004,dev-clean,3536,SILK40,whisper,MISSUS BOZZLE WAS DISPOSED TO THINK THAT LADIES OF QUALITY AMONG WHOM MADAME T WAS ENTITLED IN HER ESTIMATION TO TAKE RANK WERE SELDOM BETTER THAN THEY OUGHT TO BE AND SHE WAS QUITE WILLING THAT HER HUSBAND SHOULD EARN HIS BREAD BY WATCHING THE LADY OR THE LADY'S LOVER,missus bozzle was disposed to think that ladies of quality among whom madame t was entitled in her estimation to take rank were seldom better than they ought to be and she was quite willing that her husband should earn his bread by watching the lady or the lady is lover, mrs bosle was disposed to think that ladies of quality among whom madam t was entitled in her estimation to take rank were seldom better than they ought to be and she was quite willing that her husband should earn his bread by watching the lady or the lady's lover,missus bosle was disposed to think that ladies of quality among whom madam t was entitled in her estimation to take rank were seldom better than they ought to be and she was quite willing that her husband should earn his bread by watching the lady or the lady is lover
calibration,3536-8226-0007,dev-clean,3536,LP,wav2vec2,OF COURSE IT AIN'T SAID MISSUS BOZZLE,of course it aint said missus bozzle,OF COURSE IT AIN'T SAID MISSUS BOSLE,of course it aint said missus bosle
calibration,3536-8226-0007,dev-clean,3536,SILK8,wav2vec2,OF COURSE IT AIN'T SAID MISSUS BOZZLE,of course it aint said missus bozzle,OF COURSE IT AIN'T SAID MISSUS BASLE,of course it aint said missus basle
calibration,3536-8226-0007,dev-clean,3536,SILK12,wav2vec2,OF COURSE IT AIN'T SAID MISSUS BOZZLE,of course it aint said missus bozzle,OF COURSE IT AIN'T SAID MISSUS BOSLE,of course it aint said missus bosle
calibration,3536-8226-0007,dev-clean,3536,SILK16,wav2vec2,OF COURSE IT AIN'T SAID MISSUS BOZZLE,of course it aint said missus bozzle,OF COURSE IT AIN'T SAID MISSUS BOSLE,of course it aint said missus bosle
calibration,3536-8226-0007,dev-clean,3536,SILK24,wav2vec2,OF COURSE IT AIN'T SAID MISSUS BOZZLE,of course it aint said missus bozzle,OF COURSE IT AIN'T SAID MISSUS BOSLE,of course it aint said missus bosle
calibration,3536-8226-0007,dev-clean,3536,SILK40,wav2vec2,OF COURSE IT AIN'T SAID MISSUS BOZZLE,of course it aint said missus bozzle,OF COURSE IT AIN'T SAID MISSUS BOSLE,of course it aint said missus bosle
calibration,3536-8226-0007,dev-clean,3536,LP,whisper,OF COURSE IT AIN'T SAID MISSUS BOZZLE,of course it aint said missus bozzle," ""'Of course it ain't,' said Mrs. Boswell.",of course it aint said missus boswell
calibration,3536-8226-0007,dev-clean,3536,SILK8,whisper,OF COURSE IT AIN'T SAID MISSUS BOZZLE,of course it aint said missus bozzle," ""'Of course it ain't,' said Mrs. Bossel.""",of course it aint said missus bossel
calibration,3536-8226-0007,dev-clean,3536,SILK12,whisper,OF COURSE IT AIN'T SAID MISSUS BOZZLE,of course it aint said missus bozzle," ""'Of course it ain't,' said Mrs. Boswell.",of course it aint said missus boswell
calibration,3536-8226-0007,dev-clean,3536,SILK16,whisper,OF COURSE IT AIN'T SAID MISSUS BOZZLE,of course it aint said missus bozzle," ""'Of course it ain't,' said Mrs. Boswell.",of course it aint said missus boswell
calibration,3536-8226-0007,dev-clean,3536,SILK24,whisper,OF COURSE IT AIN'T SAID MISSUS BOZZLE,of course it aint said missus bozzle," ""'Of course it ain't,' said Mrs. Boswell.",of course it aint said missus boswell
calibration,3536-8226-0007,dev-clean,3536,SILK40,whisper,OF COURSE IT AIN'T SAID MISSUS BOZZLE,of course it aint said missus bozzle," ""'Of course it ain't,' said Mrs. Boswell.",of course it aint said missus boswell
calibration,3536-8226-0019,dev-clean,3536,LP,wav2vec2,BOZZLE HAD ALWAYS WAITED UPON HIM WITH A DECENT COAT AND A WELL BRUSHED HAT AND CLEAN SHOES,bozzle had always waited upon him with a decent coat and a well brushed hat and clean shoes,BASIL HAD ALWAYS WAITED UPON HIM WITH A DECENT COAT AND A WELL BRUSHED HAT AND CLEAN SHOESE,basil had always waited upon him with a decent coat and a well brushed hat and clean shoese
calibration,3536-8226-0019,dev-clean,3536,SILK8,wav2vec2,BOZZLE HAD ALWAYS WAITED UPON HIM WITH A DECENT COAT AND A WELL BRUSHED HAT AND CLEAN SHOES,bozzle had always waited upon him with a decent coat and a well brushed hat and clean shoes,BOSEL HAD ALWAYS WAITED UPON HIM WITH A DECENT COAT AND A WELL BRUSHED HAT AND CLEAN SHOES,bosel had always waited upon him with a decent coat and a well brushed hat and clean shoes
calibration,3536-8226-0019,dev-clean,3536,SILK12,wav2vec2,BOZZLE HAD ALWAYS WAITED UPON HIM WITH A DECENT COAT AND A WELL BRUSHED HAT AND CLEAN SHOES,bozzle had always waited upon him with a decent coat and a well brushed hat and clean shoes,BOSIL HAD ALWAYS WAITED UPON HIM WITH A DECENT COAT AND A WELL BRUSHED HAT AND CLEAN SHOES,bosil had always waited upon him with a decent coat and a well brushed hat and clean shoes
calibration,3536-8226-0019,dev-clean,3536,SILK16,wav2vec2,BOZZLE HAD ALWAYS WAITED UPON HIM WITH A DECENT COAT AND A WELL BRUSHED HAT AND CLEAN SHOES,bozzle had always waited upon him with a decent coat and a well brushed hat and clean shoes,BASIL HAD ALWAYS WAITED UPON HIM WITH A DECENT COAT AND A WELL BRUSHED HAT AND CLEAN SHOES,basil had always waited upon him with a decent coat and a well brushed hat and clean shoes
calibration,3536-8226-0019,dev-clean,3536,SILK24,wav2vec2,BOZZLE HAD ALWAYS WAITED UPON HIM WITH A DECENT COAT AND A WELL BRUSHED HAT AND CLEAN SHOES,bozzle had always waited upon him with a decent coat and a well brushed hat and clean shoes,BASIL HAD ALWAYS WAITED UPON HIM WITH A DECENT COAT AND A WELL BRUSHED HAT AND CLEAN SHOES,basil had always waited upon him with a decent coat and a well brushed hat and clean shoes
calibration,3536-8226-0019,dev-clean,3536,SILK40,wav2vec2,BOZZLE HAD ALWAYS WAITED UPON HIM WITH A DECENT COAT AND A WELL BRUSHED HAT AND CLEAN SHOES,bozzle had always waited upon him with a decent coat and a well brushed hat and clean shoes,BASIL HAD ALWAYS WAITED UPON HIM WITH A DECENT COAT AND A WELL BRUSHED HAT AND CLEAN SHOES,basil had always waited upon him with a decent coat and a well brushed hat and clean shoes
calibration,3536-8226-0019,dev-clean,3536,LP,whisper,BOZZLE HAD ALWAYS WAITED UPON HIM WITH A DECENT COAT AND A WELL BRUSHED HAT AND CLEAN SHOES,bozzle had always waited upon him with a decent coat and a well brushed hat and clean shoes," ""'Basil had always waited upon him with a decent coat ""'and a well-brushed hat and clean shoes.",basil had always waited upon him with a decent coat and a well brushed hat and clean shoes
calibration,3536-8226-0019,dev-clean,3536,SILK8,whisper,BOZZLE HAD ALWAYS WAITED UPON HIM WITH A DECENT COAT AND A WELL BRUSHED HAT AND CLEAN SHOES,bozzle had always waited upon him with a decent coat and a well brushed hat and clean shoes," Basel had always waited upon him with a decent coat and a well-brushed hat and clean shoes,",basel had always waited upon him with a decent coat and a well brushed hat and clean shoes
calibration,3536-8226-0019,dev-clean,3536,SILK12,whisper,BOZZLE HAD ALWAYS WAITED UPON HIM WITH A DECENT COAT AND A WELL BRUSHED HAT AND CLEAN SHOES,bozzle had always waited upon him with a decent coat and a well brushed hat and clean shoes," Basel had always waited upon him with a decent coat and a well-brushed hat and clean shoes,",basel had always waited upon him with a decent coat and a well brushed hat and clean shoes
calibration,3536-8226-0019,dev-clean,3536,SILK16,whisper,BOZZLE HAD ALWAYS WAITED UPON HIM WITH A DECENT COAT AND A WELL BRUSHED HAT AND CLEAN SHOES,bozzle had always waited upon him with a decent coat and a well brushed hat and clean shoes," ""'Bosil had always waited upon him with a decent coat ""'and a well-brushed hat and clean shoes.",bosil had always waited upon him with a decent coat and a well brushed hat and clean shoes
calibration,3536-8226-0019,dev-clean,3536,SILK24,whisper,BOZZLE HAD ALWAYS WAITED UPON HIM WITH A DECENT COAT AND A WELL BRUSHED HAT AND CLEAN SHOES,bozzle had always waited upon him with a decent coat and a well brushed hat and clean shoes," ""'Basil had always waited upon him with a decent coat ""'and a well-brushed hat and clean shoes.",basil had always waited upon him with a decent coat and a well brushed hat and clean shoes
calibration,3536-8226-0019,dev-clean,3536,SILK40,whisper,BOZZLE HAD ALWAYS WAITED UPON HIM WITH A DECENT COAT AND A WELL BRUSHED HAT AND CLEAN SHOES,bozzle had always waited upon him with a decent coat and a well brushed hat and clean shoes," ""'Basil had always waited upon him with a decent coat ""'and a well-brushed hat and clean shoes.",basil had always waited upon him with a decent coat and a well brushed hat and clean shoes
