subset,speaker_id,sex,chapter_id,utterance,duration_s,path,reference
test-clean,61,M,70968,61-70968-0001,3.61,test-clean/61/70968/61-70968-0001.flac,GIVE NOT SO EARNEST A MIND TO THESE MUMMERIES CHILD
test-clean,61,M,70968,61-70968-0006,2.935,test-clean/61/70968/61-70968-0006.flac,BUT THEN THE PICTURE WAS GONE AS QUICKLY AS IT CAME
test-clean,61,M,70968,61-70968-0007,3.55,test-clean/61/70968/61-70968-0007.flac,SISTER NELL DO YOU HEAR THESE MARVELS
test-clean,61,M,70968,61-70968-0008,3.535,test-clean/61/70968/61-70968-0008.flac,TAKE YOUR PLACE AND LET US SEE WHAT THE CRYSTAL CAN SHOW TO YOU
test-clean,61,M,70968,61-70968-0009,4.51,test-clean/61/70968/61-70968-0009.flac,LIKE AS NOT YOUNG MASTER THOUGH I AM AN OLD MAN
test-clean,61,M,70968,61-70968-0021,2.69,test-clean/61/70968/61-70968-0021.flac,SURELY WE CAN SUBMIT WITH GOOD GRACE
test-clean,61,M,70968,61-70968-0023,5.025,test-clean/61/70968/61-70968-0023.flac,BUT I WRESTLED WITH THIS FELLOW AND DO KNOW THAT HE PLAYED UNFAIRLY IN THE SECOND BOUT
test-clean,61,M,70968,61-70968-0024,6.025,test-clean/61/70968/61-70968-0024.flac,SPOKE THE SQUIRE LOSING ALL PATIENCE AND IT WAS TO YOU THAT I GAVE ANOTHER PURSE IN CONSOLATION
test-clean,61,M,70968,61-70968-0025,4.41,test-clean/61/70968/61-70968-0025.flac,COME TO ME MEN HERE HERE HE RAISED HIS VOICE STILL LOUDER
test-clean,61,M,70968,61-70968-0028,5.355,test-clean/61/70968/61-70968-0028.flac,THE HEAD AND CHIEF OF THE RIOT THE NOTTINGHAM APPRENTICE WITH CLENCHED FISTS THREATENED MONTFICHET
test-clean,61,M,70968,61-70968-0029,3.495,test-clean/61/70968/61-70968-0029.flac,THE SQUIRE HELPED TO THRUST THEM ALL IN AND ENTERED SWIFTLY HIMSELF
test-clean,61,M,70968,61-70968-0030,5.685,test-clean/61/70968/61-70968-0030.flac,NOW BE SILENT ON YOUR LIVES HE BEGAN BUT THE CAPTURED APPRENTICE SET UP AN INSTANT SHOUT
test-clean,61,M,70968,61-70968-0032,4.28,test-clean/61/70968/61-70968-0032.flac,HE FELT FOR AND FOUND THE WIZARD'S BLACK CLOTH THE SQUIRE WAS QUITE OUT OF BREATH
test-clean,61,M,70968,61-70968-0038,2.05,test-clean/61/70968/61-70968-0038.flac,ROBIN FITZOOTH
test-clean,61,M,70968,61-70968-0046,3.55,test-clean/61/70968/61-70968-0046.flac,NOTTINGHAM CASTLE WAS REACHED AND ADMITTANCE WAS DEMANDED
test-clean,61,M,70968,61-70968-0051,3.135,test-clean/61/70968/61-70968-0051.flac,BEG ME A ROOM OF THE SHERIFF CHILD QUICKLY
test-clean,61,M,70968,61-70968-0060,3.735,test-clean/61/70968/61-70968-0060.flac,NO THANKS I AM GLAD TO GIVE YOU SUCH EASY HAPPINESS
test-clean,61,M,70970,61-70970-0000,6.075,test-clean/61/70970/61-70970-0000.flac,YOUNG FITZOOTH HAD BEEN COMMANDED TO HIS MOTHER'S CHAMBER SO SOON AS HE HAD COME OUT FROM HIS CONVERSE WITH THE SQUIRE
test-clean,61,M,70970,61-70970-0003,3.835,test-clean/61/70970/61-70970-0003.flac,IF FOR A WHIM YOU BEGGAR YOURSELF I CANNOT STAY YOU
test-clean,61,M,70970,61-70970-0004,10.515,test-clean/61/70970/61-70970-0004.flac,BUT TAKE IT WHILST I LIVE AND WEAR MONTFICHET'S SHIELD IN THE DAYS WHEN MY EYES CAN BE REJOICED BY SO BRAVE A SIGHT FOR YOU WILL NE'ER DISGRACE OUR SCUTCHEON I WARRANT ME
test-clean,61,M,70970,61-70970-0007,4.485,test-clean/61/70970/61-70970-0007.flac,HE WAS IN DEEP CONVERSE WITH THE CLERK AND ENTERED THE HALL HOLDING HIM BY THE ARM
test-clean,61,M,70970,61-70970-0018,4.6,test-clean/61/70970/61-70970-0018.flac,THE HOURS PASSED WEARILY BY AND MOVEMENT COULD YET BE HEARD ABOUT THE HALL
test-clean,61,M,70970,61-70970-0021,5.405,test-clean/61/70970/61-70970-0021.flac,THEY THEN RENEWED THEIR JOURNEY AND UNDER THE BETTER LIGHT MADE A SAFE CROSSING OF THE STABLE ROOFS
test-clean,61,M,70970,61-70970-0022,3.97,test-clean/61/70970/61-70970-0022.flac,ROBIN ENTERED THE HUT DRAGGING THE UNWILLING ESQUIRE AFTER HIM
test-clean,61,M,70970,61-70970-0024,7.235,test-clean/61/70970/61-70970-0024.flac,THEY MOVED THEREAFTER CAUTIOUSLY ABOUT THE HUT GROPING BEFORE AND ABOUT THEM TO FIND SOMETHING TO SHOW THAT WARRENTON HAD FULFILLED HIS MISSION
test-clean,61,M,70970,61-70970-0026,5.475,test-clean/61/70970/61-70970-0026.flac,FITZOOTH'S HAND RESTED AT LAST UPON THE TOP RUNG OF A LADDER AND SLOWLY THE TRUTH CAME TO HIM
test-clean,61,M,70970,61-70970-0027,5.08,test-clean/61/70970/61-70970-0027.flac,ROBIN CAREFULLY DESCENDED THE LADDER AND FOUND HIMSELF SOON UPON FIRM ROCKY GROUND
test-clean,61,M,70970,61-70970-0029,4.03,test-clean/61/70970/61-70970-0029.flac,FROM THE BLACKNESS BEHIND THE LIGHT THEY HEARD A VOICE WARRENTON'S
test-clean,61,M,70970,61-70970-0032,3.135,test-clean/61/70970/61-70970-0032.flac,ENQUIRED ROBIN WITH HIS SUSPICIONS STILL UPON HIM
test-clean,61,M,70970,61-70970-0034,4.485,test-clean/61/70970/61-70970-0034.flac,NAY NAY LORDING ANSWERED WARRENTON WITH A HALF LAUGH
test-clean,121,F,121726,121-121726-0000,8.46,test-clean/121/121726/121-121726-0000.flac,ALSO A POPULAR CONTRIVANCE WHEREBY LOVE MAKING MAY BE SUSPENDED BUT NOT STOPPED DURING THE PICNIC SEASON
test-clean,121,F,121726,121-121726-0002,4.41,test-clean/121/121726/121-121726-0002.flac,ANGOR PAIN PAINFUL TO HEAR
test-clean,121,F,121726,121-121726-0003,6.755,test-clean/121/121726/121-121726-0003.flac,HAY FEVER A HEART TROUBLE CAUSED BY FALLING IN LOVE WITH A GRASS WIDOW
test-clean,121,F,121726,121-121726-0004,4.02,test-clean/121/121726/121-121726-0004.flac,HEAVEN A GOOD PLACE TO BE RAISED TO
test-clean,121,F,121726,121-121726-0013,2.49,test-clean/121/121726/121-121726-0013.flac,TIED TO A WOMAN
test-clean,121,F,121726,121-121726-0014,3.165,test-clean/121/121726/121-121726-0014.flac,HYPOCRITE A HORSE DEALER
test-clean,121,F,123852,121-123852-0001,1.87,test-clean/121/123852/121-123852-0001.flac,AY ME
test-clean,121,F,123859,121-123859-0004,9.505,test-clean/121/123859/121-123859-0004.flac,SO I RETURN REBUK'D TO MY CONTENT AND GAIN BY ILL THRICE MORE THAN I HAVE SPENT
test-clean,121,F,127105,121-127105-0001,5.025,test-clean/121/127105/121-127105-0001.flac,SOMEONE ELSE TOLD A STORY NOT PARTICULARLY EFFECTIVE WHICH I SAW HE WAS NOT FOLLOWING
test-clean,121,F,127105,121-127105-0005,5.82,test-clean/121/127105/121-127105-0005.flac,I COULD WRITE TO MY MAN AND ENCLOSE THE KEY HE COULD SEND DOWN THE PACKET AS HE FINDS IT
test-clean,121,F,127105,121-127105-0010,2.85,test-clean/121/127105/121-127105-0010.flac,SHE SENT ME THE PAGES IN QUESTION BEFORE SHE DIED
test-clean,121,F,127105,121-127105-0018,2.77,test-clean/121/127105/121-127105-0018.flac,CRIED THE LADIES WHOSE DEPARTURE HAD BEEN FIXED
test-clean,121,F,127105,121-127105-0019,3.525,test-clean/121/127105/121-127105-0019.flac,MISSUS GRIFFIN HOWEVER EXPRESSED THE NEED FOR A LITTLE MORE LIGHT
test-clean,121,F,127105,121-127105-0020,14.355,test-clean/121/127105/121-127105-0020.flac,WHO WAS IT SHE WAS IN LOVE WITH THE STORY WILL TELL I TOOK UPON MYSELF TO REPLY OH I CAN'T WAIT FOR THE STORY THE STORY WON'T TELL SAID DOUGLAS NOT IN ANY LITERAL VULGAR WAY MORE'S THE PITY THEN
test-clean,121,F,127105,121-127105-0027,13.87,test-clean/121/127105/121-127105-0027.flac,HE HAD FOR HIS OWN TOWN RESIDENCE A BIG HOUSE FILLED WITH THE SPOILS OF TRAVEL AND THE TROPHIES OF THE CHASE BUT IT WAS TO HIS COUNTRY HOME AN OLD FAMILY PLACE IN ESSEX THAT HE WISHED HER IMMEDIATELY TO PROCEED
test-clean,121,F,127105,121-127105-0030,2.175,test-clean/121/127105/121-127105-0030.flac,I DON'T ANTICIPATE
test-clean,121,F,127105,121-127105-0032,3.17,test-clean/121/127105/121-127105-0032.flac,YES BUT THAT'S JUST THE BEAUTY OF HER PASSION
test-clean,237,F,126133,237-126133-0000,13.29,test-clean/237/126133/237-126133-0000.flac,HERE SHE WOULD STAY COMFORTED AND SOOTHED AMONG THE LOVELY PLANTS AND RICH EXOTICS REJOICING THE HEART OF OLD TURNER THE GARDENER WHO SINCE POLLY'S FIRST RAPTUROUS ENTRANCE HAD TAKEN HER INTO HIS GOOD GRACES FOR ALL TIME
test-clean,237,F,126133,237-126133-0001,11.965,test-clean/237/126133/237-126133-0001.flac,EVERY CHANCE SHE COULD STEAL AFTER PRACTICE HOURS WERE OVER AND AFTER THE CLAMOROUS DEMANDS OF THE BOYS UPON HER TIME WERE FULLY SATISFIED WAS SEIZED TO FLY ON THE WINGS OF THE WIND TO THE FLOWERS
test-clean,237,F,126133,237-126133-0006,6.15,test-clean/237/126133/237-126133-0006.flac,AT THIS THE BUNDLE OPENED SUDDENLY AND OUT POPPED PHRONSIE
test-clean,237,F,126133,237-126133-0010,6.24,test-clean/237/126133/237-126133-0010.flac,OH YOU ARE THE DEAREST AND BEST MISTER KING I EVER SAW BUT HOW DID YOU MAKE MAMMY LET HER COME
test-clean,237,F,126133,237-126133-0011,6.71,test-clean/237/126133/237-126133-0011.flac,ISN'T HE SPLENDID CRIED JASPER IN INTENSE PRIDE SWELLING UP FATHER KNEW HOW TO DO IT
test-clean,237,F,126133,237-126133-0016,4.25,test-clean/237/126133/237-126133-0016.flac,OH NO JASPER I MUST GO BY MY VERY OWN SELF
test-clean,237,F,126133,237-126133-0018,4.095,test-clean/237/126133/237-126133-0018.flac,DON'T MIND IT POLLY WHISPERED JASPER TWASN'T HER FAULT
test-clean,237,F,126133,237-126133-0021,4.365,test-clean/237/126133/237-126133-0021.flac,SHE ASKED IMPULSIVELY I DIDN'T BELIEVE YOU COULD PERSUADE HER FATHER
test-clean,237,F,126133,237-126133-0024,9.665,test-clean/237/126133/237-126133-0024.flac,AND THE OLD GENTLEMAN WAS SO DELIGHTED WITH HIS SUCCESS THAT HE HAD TO BURST OUT INTO A SERIES OF SHORT HAPPY BITS OF LAUGHTER THAT OCCUPIED QUITE A SPACE OF TIME
test-clean,237,F,134493,237-134493-0002,11.395,test-clean/237/134493/237-134493-0002.flac,FROM THE NORWEGIAN GRAVEYARD ONE LOOKS OUT OVER A VAST CHECKER BOARD MARKED OFF IN SQUARES OF WHEAT AND CORN LIGHT AND DARK DARK AND LIGHT
test-clean,237,F,134493,237-134493-0004,6.825,test-clean/237/134493/237-134493-0004.flac,THE AIR AND THE EARTH ARE CURIOUSLY MATED AND INTERMINGLED AS IF THE ONE WERE THE BREATH OF THE OTHER
test-clean,237,F,134493,237-134493-0007,2.035,test-clean/237/134493/237-134493-0007.flac,ALEXANDRA LETS YOU SLEEP LATE
test-clean,237,F,134493,237-134493-0008,2.305,test-clean/237/134493/237-134493-0008.flac,SHE GATHERED UP HER REINS
test-clean,237,F,134493,237-134493-0011,5.035,test-clean/237/134493/237-134493-0011.flac,HOW BROWN YOU'VE GOT SINCE YOU CAME HOME I WISH I HAD AN ATHLETE TO MOW MY ORCHARD
test-clean,237,F,134493,237-134493-0015,6.55,test-clean/237/134493/237-134493-0015.flac,THERE WAS SOMETHING INDIVIDUAL ABOUT THE GREAT FARM A MOST UNUSUAL TRIMNESS AND CARE FOR DETAIL
test-clean,237,F,134500,237-134500-0001,1.81,test-clean/237/134500/237-134500-0001.flac,MARIE SIGHED
test-clean,237,F,134500,237-134500-0002,5.07,test-clean/237/134500/237-134500-0002.flac,A BRISK WIND HAD COME UP AND WAS DRIVING PUFFY WHITE CLOUDS ACROSS THE SKY
test-clean,237,F,134500,237-134500-0003,3.17,test-clean/237/134500/237-134500-0003.flac,THE ORCHARD WAS SPARKLING AND RIPPLING IN THE SUN
test-clean,237,F,134500,237-134500-0006,4.225,test-clean/237/134500/237-134500-0006.flac,JUST SMELL THE WILD ROSES THEY ARE ALWAYS SO SPICY AFTER A RAIN
test-clean,237,F,134500,237-134500-0008,3.76,test-clean/237/134500/237-134500-0008.flac,I SUPPOSE IT'S THE WET SEASON WILL YOU HAVE TO CUT THEM TOO
test-clean,237,F,134500,237-134500-0009,2.22,test-clean/237/134500/237-134500-0009.flac,I SUPPOSE THAT'S THE WET SEASON TOO THEN
test-clean,237,F,134500,237-134500-0010,3.995,test-clean/237/134500/237-134500-0010.flac,IT'S EXCITING TO SEE EVERYTHING GROWING SO FAST AND TO GET THE GRASS CUT
test-clean,237,F,134500,237-134500-0013,10.56,test-clean/237/134500/237-134500-0013.flac,MARIE PICKED CHERRIES AND SANG SOFTLY TO HERSELF STRIPPING ONE GLITTERING BRANCH AFTER ANOTHER SHIVERING WHEN SHE CAUGHT A SHOWER OF RAINDROPS ON HER NECK AND HAIR
test-clean,237,F,134500,237-134500-0014,4.25,test-clean/237/134500/237-134500-0014.flac,AND EMIL MOWED HIS WAY SLOWLY DOWN TOWARD THE CHERRY TREES
test-clean,237,F,134500,237-134500-0018,12.845,test-clean/237/134500/237-134500-0018.flac,HE REACHED UP AMONG THE BRANCHES AND BEGAN TO PICK THE SWEET INSIPID FRUIT LONG IVORY COLORED BERRIES TIPPED WITH FAINT PINK LIKE WHITE CORAL THAT FALL TO THE GROUND UNHEEDED ALL SUMMER THROUGH
test-clean,237,F,134500,237-134500-0022,5.165,test-clean/237/134500/237-134500-0022.flac,WHEN SHE USED TO TELL ME ABOUT HIM I ALWAYS WONDERED WHETHER SHE WASN'T A LITTLE IN LOVE WITH HIM
test-clean,237,F,134500,237-134500-0023,3.06,test-clean/237/134500/237-134500-0023.flac,IT WOULD SERVE YOU ALL RIGHT IF SHE WALKED OFF WITH CARL
test-clean,237,F,134500,237-134500-0026,3.05,test-clean/237/134500/237-134500-0026.flac,SURELY YOU ARE NOT THINKING OF GOING OFF THERE
test-clean,237,F,134500,237-134500-0027,3.27,test-clean/237/134500/237-134500-0027.flac,MARIE'S FACE FELL UNDER HIS BROODING GAZE
test-clean,237,F,134500,237-134500-0029,2.065,test-clean/237/134500/237-134500-0029.flac,I DON'T WANT TO STAND AROUND AND LOOK ON
test-clean,260,M,123286,260-123286-0008,3.735,test-clean/260/123286/260-123286-0008.flac,THEREFORE DON'T TALK TO ME ABOUT VIEWS AND PROSPECTS
test-clean,260,M,123286,260-123286-0010,2.575,test-clean/260/123286/260-123286-0010.flac,SUNDAY AUGUST SIXTEENTH
test-clean,260,M,123286,260-123286-0012,2.43,test-clean/260/123286/260-123286-0012.flac,BUT THERE SEEMED NO REASON TO FEAR
test-clean,260,M,123286,260-123286-0013,4.73,test-clean/260/123286/260-123286-0013.flac,THE SHADOW OF THE RAFT WAS CLEARLY OUTLINED UPON THE SURFACE OF THE WAVES
test-clean,260,M,123286,260-123286-0020,3.06,test-clean/260/123286/260-123286-0020.flac,TUESDAY AUGUST EIGHTEENTH
test-clean,260,M,123286,260-123286-0023,5.875,test-clean/260/123286/260-123286-0023.flac,THE RAFT WAS HEAVED UP ON A WATERY MOUNTAIN AND PITCHED DOWN AGAIN AT A DISTANCE OF TWENTY FATHOMS
test-clean,260,M,123286,260-123286-0025,9.205,test-clean/260/123286/260-123286-0025.flac,FLIGHT WAS OUT OF THE QUESTION NOW THE REPTILES ROSE THEY WHEELED AROUND OUR LITTLE RAFT WITH A RAPIDITY GREATER THAN THAT OF EXPRESS TRAINS
test-clean,260,M,123286,260-123286-0027,7.17,test-clean/260/123286/260-123286-0027.flac,I CAN DISTINGUISH THE EYE OF THE ICHTHYOSAURUS GLOWING LIKE A RED HOT COAL AND AS LARGE AS A MAN'S HEAD
test-clean,260,M,123286,260-123286-0031,5.06,test-clean/260/123286/260-123286-0031.flac,AS FOR THE ICHTHYOSAURUS HAS HE RETURNED TO HIS SUBMARINE CAVERN
test-clean,260,M,123288,260-123288-0000,3.04,test-clean/260/123288/260-123288-0000.flac,THE ROARINGS BECOME LOST IN THE DISTANCE
test-clean,260,M,123288,260-123288-0002,7.25,test-clean/260/123288/260-123288-0002.flac,THE ATMOSPHERE IS CHARGED WITH VAPOURS PERVADED WITH THE ELECTRICITY GENERATED BY THE EVAPORATION OF SALINE WATERS
test-clean,260,M,123288,260-123288-0003,8.905,test-clean/260/123288/260-123288-0003.flac,THE ELECTRIC LIGHT CAN SCARCELY PENETRATE THROUGH THE DENSE CURTAIN WHICH HAS DROPPED OVER THE THEATRE ON WHICH THE BATTLE OF THE ELEMENTS IS ABOUT TO BE WAGED
test-clean,260,M,123288,260-123288-0004,4.31,test-clean/260/123288/260-123288-0004.flac,THE AIR IS HEAVY THE SEA IS CALM
test-clean,260,M,123288,260-123288-0005,12.55,test-clean/260/123288/260-123288-0005.flac,FROM TIME TO TIME A FLEECY TUFT OF MIST WITH YET SOME GLEAMING LIGHT LEFT UPON IT DROPS DOWN UPON THE DENSE FLOOR OF GREY AND LOSES ITSELF IN THE OPAQUE AND IMPENETRABLE MASS
test-clean,260,M,123288,260-123288-0006,4.88,test-clean/260/123288/260-123288-0006.flac,THE ATMOSPHERE IS EVIDENTLY CHARGED AND SURCHARGED WITH ELECTRICITY
test-clean,260,M,123288,260-123288-0009,3.435,test-clean/260/123288/260-123288-0009.flac,THOSE CLOUDS SEEM AS IF THEY WERE GOING TO CRUSH THE SEA
test-clean,260,M,123288,260-123288-0011,8.98,test-clean/260/123288/260-123288-0011.flac,BUT IF WE HAVE NOW CEASED TO ADVANCE WHY DO WE YET LEAVE THAT SAIL LOOSE WHICH AT THE FIRST SHOCK OF THE TEMPEST MAY CAPSIZE US IN A MOMENT
test-clean,260,M,123288,260-123288-0014,1.805,test-clean/260/123288/260-123288-0014.flac,HANS STIRS NOT
test-clean,260,M,123288,260-123288-0021,2.71,test-clean/260/123288/260-123288-0021.flac,THE WAVES RISE ABOVE OUR HEADS
test-clean,260,M,123288,260-123288-0026,16.04,test-clean/260/123288/260-123288-0026.flac,WE SHALL BE BLOWN UP BUT NO THE DAZZLING DISK OF MYSTERIOUS LIGHT NIMBLY LEAPS ASIDE IT APPROACHES HANS WHO FIXES HIS BLUE EYE UPON IT STEADILY IT THREATENS THE HEAD OF MY UNCLE WHO FALLS UPON HIS KNEES WITH HIS HEAD DOWN TO AVOID IT
test-clean,260,M,123288,260-123288-0027,6.305,test-clean/260/123288/260-123288-0027.flac,A SUFFOCATING SMELL OF NITROGEN FILLS THE AIR IT ENTERS THE THROAT IT FILLS THE LUNGS
test-clean,260,M,123440,260-123440-0001,1.74,test-clean/260/123440/260-123440-0001.flac,POOR ALICE
test-clean,260,M,123440,260-123440-0002,14.715,test-clean/260/123440/260-123440-0002.flac,IT WAS THE WHITE RABBIT RETURNING SPLENDIDLY DRESSED WITH A PAIR OF WHITE KID GLOVES IN ONE HAND AND A LARGE FAN IN THE OTHER HE CAME TROTTING ALONG IN A GREAT HURRY MUTTERING TO HIMSELF AS HE CAME OH THE DUCHESS THE DUCHESS
test-clean,260,M,123440,260-123440-0004,12.02,test-clean/260/123440/260-123440-0004.flac,ALICE TOOK UP THE FAN AND GLOVES AND AS THE HALL WAS VERY HOT SHE KEPT FANNING HERSELF ALL THE TIME SHE WENT ON TALKING DEAR DEAR HOW QUEER EVERYTHING IS TO DAY
test-clean,260,M,123440,260-123440-0007,3.385,test-clean/260/123440/260-123440-0007.flac,I ALMOST THINK I CAN REMEMBER FEELING A LITTLE DIFFERENT
test-clean,260,M,123440,260-123440-0010,8.315,test-clean/260/123440/260-123440-0010.flac,HOW CHEERFULLY HE SEEMS TO GRIN HOW NEATLY SPREAD HIS CLAWS AND WELCOME LITTLE FISHES IN WITH GENTLY SMILING JAWS
test-clean,260,M,123440,260-123440-0011,4.87,test-clean/260/123440/260-123440-0011.flac,NO I'VE MADE UP MY MIND ABOUT IT IF I'M MABEL I'LL STAY DOWN HERE
test-clean,260,M,123440,260-123440-0012,5.245,test-clean/260/123440/260-123440-0012.flac,IT'LL BE NO USE THEIR PUTTING THEIR HEADS DOWN AND SAYING COME UP AGAIN DEAR
test-clean,260,M,123440,260-123440-0013,3.475,test-clean/260/123440/260-123440-0013.flac,I AM SO VERY TIRED OF BEING ALL ALONE HERE
test-clean,260,M,123440,260-123440-0017,3.07,test-clean/260/123440/260-123440-0017.flac,THAT WILL BE A QUEER THING TO BE SURE
test-clean,672,M,122797,672-122797-0000,4.07,test-clean/672/122797/672-122797-0000.flac,OUT IN THE WOODS STOOD A NICE LITTLE FIR TREE
test-clean,672,M,122797,672-122797-0002,13.62,test-clean/672/122797/672-122797-0002.flac,HE DID NOT THINK OF THE WARM SUN AND OF THE FRESH AIR HE DID NOT CARE FOR THE LITTLE COTTAGE CHILDREN THAT RAN ABOUT AND PRATTLED WHEN THEY WERE IN THE WOODS LOOKING FOR WILD STRAWBERRIES
test-clean,672,M,122797,672-122797-0004,10.25,test-clean/672/122797/672-122797-0004.flac,IN WINTER WHEN THE SNOW LAY GLITTERING ON THE GROUND A HARE WOULD OFTEN COME LEAPING ALONG AND JUMP RIGHT OVER THE LITTLE TREE
test-clean,672,M,122797,672-122797-0006,13.95,test-clean/672/122797/672-122797-0006.flac,TO GROW AND GROW TO GET OLDER AND BE TALL THOUGHT THE TREE THAT AFTER ALL IS THE MOST DELIGHTFUL THING IN THE WORLD
test-clean,672,M,122797,672-122797-0007,6.42,test-clean/672/122797/672-122797-0007.flac,IN AUTUMN THE WOOD CUTTERS ALWAYS CAME AND FELLED SOME OF THE LARGEST TREES
test-clean,672,M,122797,672-122797-0009,2.765,test-clean/672/122797/672-122797-0009.flac,HAVE YOU NOT MET THEM ANYWHERE
test-clean,672,M,122797,672-122797-0010,3.815,test-clean/672/122797/672-122797-0010.flac,REJOICE IN THY GROWTH SAID THE SUNBEAMS
test-clean,672,M,122797,672-122797-0015,4.455,test-clean/672/122797/672-122797-0015.flac,WERE I IN THE WARM ROOM WITH ALL THE SPLENDOR AND MAGNIFICENCE
test-clean,672,M,122797,672-122797-0020,8.825,test-clean/672/122797/672-122797-0020.flac,BUT THE TREE DID NOT REJOICE AT ALL HE GREW AND GREW AND WAS GREEN BOTH WINTER AND SUMMER
test-clean,672,M,122797,672-122797-0022,19.0049375,test-clean/672/122797/672-122797-0022.flac,THE AXE STRUCK DEEP INTO THE VERY PITH THE TREE FELL TO THE EARTH WITH A SIGH HE FELT A PANG IT WAS LIKE A SWOON HE COULD NOT THINK OF HAPPINESS FOR HE WAS SORROWFUL AT BEING SEPARATED FROM HIS HOME FROM THE PLACE WHERE HE HAD SPRUNG UP
test-clean,672,M,122797,672-122797-0025,10.69,test-clean/672/122797/672-122797-0025.flac,THE TREE ONLY CAME TO HIMSELF WHEN HE WAS UNLOADED IN A COURT YARD WITH THE OTHER TREES AND HEARD A MAN SAY THAT ONE IS SPLENDID WE DON'T WANT THE OTHERS
test-clean,672,M,122797,672-122797-0027,4.79,test-clean/672/122797/672-122797-0027.flac,THE SERVANTS AS WELL AS THE YOUNG LADIES DECORATED IT
test-clean,672,M,122797,672-122797-0033,1.285,test-clean/672/122797/672-122797-0033.flac,A STORY
test-clean,672,M,122797,672-122797-0034,5.11,test-clean/672/122797/672-122797-0034.flac,A STORY CRIED THE CHILDREN DRAWING A LITTLE FAT MAN TOWARDS THE TREE
test-clean,672,M,122797,672-122797-0035,2.9,test-clean/672/122797/672-122797-0035.flac,BUT I SHALL TELL ONLY ONE STORY
test-clean,672,M,122797,672-122797-0036,5.365,test-clean/672/122797/672-122797-0036.flac,HUMPY DUMPY FELL DOWNSTAIRS AND YET HE MARRIED THE PRINCESS
test-clean,672,M,122797,672-122797-0037,1.96,test-clean/672/122797/672-122797-0037.flac,THAT'S THE WAY OF THE WORLD
test-clean,672,M,122797,672-122797-0040,5.125,test-clean/672/122797/672-122797-0040.flac,AND THE WHOLE NIGHT THE TREE STOOD STILL AND IN DEEP THOUGHT
test-clean,672,M,122797,672-122797-0045,13.96,test-clean/672/122797/672-122797-0045.flac,TIME ENOUGH HAD HE TOO FOR HIS REFLECTIONS FOR DAYS AND NIGHTS PASSED ON AND NOBODY CAME UP AND WHEN AT LAST SOMEBODY DID COME IT WAS ONLY TO PUT SOME GREAT TRUNKS IN A CORNER OUT OF THE WAY
test-clean,672,M,122797,672-122797-0050,4.855,test-clean/672/122797/672-122797-0050.flac,THEY SNUFFED ABOUT THE FIR TREE AND RUSTLED AMONG THE BRANCHES
test-clean,672,M,122797,672-122797-0051,4.665,test-clean/672/122797/672-122797-0051.flac,I AM BY NO MEANS OLD SAID THE FIR TREE
test-clean,672,M,122797,672-122797-0054,4.25,test-clean/672/122797/672-122797-0054.flac,I KNOW NO SUCH PLACE SAID THE TREE
test-clean,672,M,122797,672-122797-0055,8.23,test-clean/672/122797/672-122797-0055.flac,AND THEN HE TOLD ALL ABOUT HIS YOUTH AND THE LITTLE MICE HAD NEVER HEARD THE LIKE BEFORE AND THEY LISTENED AND SAID
test-clean,672,M,122797,672-122797-0056,5.225,test-clean/672/122797/672-122797-0056.flac,SAID THE FIR TREE THINKING OVER WHAT HE HAD HIMSELF RELATED
test-clean,672,M,122797,672-122797-0058,4.47,test-clean/672/122797/672-122797-0058.flac,WHO IS HUMPY DUMPY ASKED THE MICE
test-clean,672,M,122797,672-122797-0061,7.59,test-clean/672/122797/672-122797-0061.flac,DON'T YOU KNOW ONE ABOUT BACON AND TALLOW CANDLES CAN'T YOU TELL ANY LARDER STORIES
test-clean,672,M,122797,672-122797-0064,15.27,test-clean/672/122797/672-122797-0064.flac,AT LAST THE LITTLE MICE STAYED AWAY ALSO AND THE TREE SIGHED AFTER ALL IT WAS VERY PLEASANT WHEN THE SLEEK LITTLE MICE SAT ROUND ME AND LISTENED TO WHAT I TOLD THEM
test-clean,672,M,122797,672-122797-0068,4.02,test-clean/672/122797/672-122797-0068.flac,BUT IT WAS NOT THE FIR TREE THAT THEY MEANT
test-clean,672,M,122797,672-122797-0071,8.875,test-clean/672/122797/672-122797-0071.flac,IN THE COURT YARD SOME OF THE MERRY CHILDREN WERE PLAYING WHO HAD DANCED AT CHRISTMAS ROUND THE FIR TREE AND WERE SO GLAD AT THE SIGHT OF HIM
test-clean,672,M,122797,672-122797-0074,8.73,test-clean/672/122797/672-122797-0074.flac,HOWEVER THAT WAS OVER NOW THE TREE GONE THE STORY AT AN END
test-clean,908,M,157963,908-157963-0000,12.62,test-clean/908/157963/908-157963-0000.flac,TO FADE AWAY LIKE MORNING BEAUTY FROM HER MORTAL DAY DOWN BY THE RIVER OF ADONA HER SOFT VOICE IS HEARD AND THUS HER GENTLE LAMENTATION FALLS LIKE MORNING DEW
test-clean,908,M,157963,908-157963-0003,3.08,test-clean/908/157963/908-157963-0003.flac,WHY FADE THESE CHILDREN OF THE SPRING
test-clean,908,M,157963,908-157963-0005,7.035,test-clean/908/157963/908-157963-0005.flac,LIKE THE DOVES VOICE LIKE TRANSIENT DAY LIKE MUSIC IN THE AIR AH
test-clean,908,M,157963,908-157963-0010,6.28,test-clean/908/157963/908-157963-0010.flac,SHE CEASD AND SMILD IN TEARS THEN SAT DOWN IN HER SILVER SHRINE
test-clean,908,M,157963,908-157963-0011,10.395,test-clean/908/157963/908-157963-0011.flac,WHICH THOU DOST SCATTER ON EVERY LITTLE BLADE OF GRASS THAT SPRINGS REVIVES THE MILKED COW AND TAMES THE FIRE BREATHING STEED
test-clean,908,M,157963,908-157963-0015,14.465,test-clean/908/157963/908-157963-0015.flac,O LITTLE CLOUD THE VIRGIN SAID I CHARGE THEE TO TELL ME WHY THOU COMPLAINEST NOW WHEN IN ONE HOUR THOU FADE AWAY THEN WE SHALL SEEK THEE BUT NOT FIND AH THEL IS LIKE TO THEE
test-clean,908,M,157963,908-157963-0016,5.105,test-clean/908/157963/908-157963-0016.flac,I PASS AWAY YET I COMPLAIN AND NO ONE HEARS MY VOICE
test-clean,908,M,157963,908-157963-0017,4.95,test-clean/908/157963/908-157963-0017.flac,THE CLOUD THEN SHEWD HIS GOLDEN HEAD AND HIS BRIGHT FORM EMERG'D
test-clean,908,M,157963,908-157963-0024,3.44,test-clean/908/157963/908-157963-0024.flac,IMAGE OF WEAKNESS ART THOU BUT A WORM
test-clean,908,M,157963,908-157963-0029,3.63,test-clean/908/157963/908-157963-0029.flac,WHY A TONGUE IMPRESS'D WITH HONEY FROM EVERY WIND
test-clean,908,M,31957,908-31957-0000,2.125,test-clean/908/31957/908-31957-0000.flac,ALL IS SAID WITHOUT A WORD
test-clean,908,M,31957,908-31957-0008,10.005,test-clean/908/31957/908-31957-0008.flac,NAY I RATHER THRILLED DISTRUSTING EVERY LIGHT THAT SEEMED TO GILD THE ONWARD PATH AND FEARED TO OVERLEAN A FINGER EVEN
test-clean,908,M,31957,908-31957-0010,2.51,test-clean/908/31957/908-31957-0010.flac,O LOVE O TROTH
test-clean,908,M,31957,908-31957-0011,2.335,test-clean/908/31957/908-31957-0011.flac,AND LOVE BE FALSE
test-clean,908,M,31957,908-31957-0014,7.56,test-clean/908/31957/908-31957-0014.flac,A RING OF AMETHYST I COULD NOT WEAR HERE PLAINER TO MY SIGHT THAN THAT FIRST KISS
test-clean,908,M,31957,908-31957-0016,6.48,test-clean/908/31957/908-31957-0016.flac,DEAREST TEACH ME SO TO POUR OUT GRATITUDE AS THOU DOST GOOD
test-clean,908,M,31957,908-31957-0022,14.1,test-clean/908/31957/908-31957-0022.flac,THEN I LONG TRIED BY NATURAL ILLS RECEIVED THE COMFORT FAST WHILE BUDDING AT THY SIGHT MY PILGRIM'S STAFF GAVE OUT GREEN LEAVES WITH MORNING DEWS IMPEARLED
test-clean,908,M,31957,908-31957-0024,7.54,test-clean/908/31957/908-31957-0024.flac,I LOVE THEE WITH THE PASSION PUT TO USE IN MY OLD GRIEFS AND WITH MY CHILDHOOD'S FAITH
test-clean,1089,M,134686,1089-134686-0010,4.405,test-clean/1089/134686/1089-134686-0010.flac,WELL NOW ENNIS I DECLARE YOU HAVE A HEAD AND SO HAS MY STICK
test-clean,1089,M,134686,1089-134686-0011,12.445,test-clean/1089/134686/1089-134686-0011.flac,ON SATURDAY MORNINGS WHEN THE SODALITY MET IN THE CHAPEL TO RECITE THE LITTLE OFFICE HIS PLACE WAS A CUSHIONED KNEELING DESK AT THE RIGHT OF THE ALTAR FROM WHICH HE LED HIS WING OF BOYS THROUGH THE RESPONSES
test-clean,1089,M,134686,1089-134686-0013,7.915,test-clean/1089/134686/1089-134686-0013.flac,IF EVER HE WAS IMPELLED TO CAST SIN FROM HIM AND TO REPENT THE IMPULSE THAT MOVED HIM WAS THE WISH TO BE HER KNIGHT
test-clean,1089,M,134686,1089-134686-0016,3.54,test-clean/1089/134686/1089-134686-0016.flac,THEN YOU CAN ASK HIM QUESTIONS ON THE CATECHISM DEDALUS
test-clean,1089,M,134686,1089-134686-0017,8.87,test-clean/1089/134686/1089-134686-0017.flac,STEPHEN LEANING BACK AND DRAWING IDLY ON HIS SCRIBBLER LISTENED TO THE TALK ABOUT HIM WHICH HERON CHECKED FROM TIME TO TIME BY SAYING
test-clean,1089,M,134686,1089-134686-0020,16.79,test-clean/1089/134686/1089-134686-0020.flac,IF A MAN HAD STOLEN A POUND IN HIS YOUTH AND HAD USED THAT POUND TO AMASS A HUGE FORTUNE HOW MUCH WAS HE OBLIGED TO GIVE BACK THE POUND HE HAD STOLEN ONLY OR THE POUND TOGETHER WITH THE COMPOUND INTEREST ACCRUING UPON IT OR ALL HIS HUGE FORTUNE
test-clean,1089,M,134686,1089-134686-0021,6.55,test-clean/1089/134686/1089-134686-0021.flac,IF A LAYMAN IN GIVING BAPTISM POUR THE WATER BEFORE SAYING THE WORDS IS THE CHILD BAPTIZED
test-clean,1089,M,134686,1089-134686-0022,11.175,test-clean/1089/134686/1089-134686-0022.flac,HOW COMES IT THAT WHILE THE FIRST BEATITUDE PROMISES THE KINGDOM OF HEAVEN TO THE POOR OF HEART THE SECOND BEATITUDE PROMISES ALSO TO THE MEEK THAT THEY SHALL POSSESS THE LAND
test-clean,1089,M,134686,1089-134686-0027,2.71,test-clean/1089/134686/1089-134686-0027.flac,HE CLASPED HIS HANDS ON THE DESK AND SAID
test-clean,1089,M,134686,1089-134686-0032,4.09,test-clean/1089/134686/1089-134686-0032.flac,HE IS CALLED AS YOU KNOW THE APOSTLE OF THE INDIES
test-clean,1089,M,134686,1089-134686-0033,3.33,test-clean/1089/134686/1089-134686-0033.flac,A GREAT SAINT SAINT FRANCIS XAVIER
test-clean,1089,M,134686,1089-134686-0037,5.21,test-clean/1089/134686/1089-134686-0037.flac,IN THE SILENCE THEIR DARK FIRE KINDLED THE DUSK INTO A TAWNY GLOW
test-clean,1089,M,134691,1089-134691-0005,5.36,test-clean/1089/134691/1089-134691-0005.flac,WHOSE FEET ARE AS THE FEET OF HARTS AND UNDERNEATH THE EVERLASTING ARMS
test-clean,1089,M,134691,1089-134691-0009,20.055,test-clean/1089/134691/1089-134691-0009.flac,ANGRY WITH HIMSELF HE TRIED TO HIDE HIS FACE FROM THEIR EYES BY GAZING DOWN SIDEWAYS INTO THE SHALLOW SWIRLING WATER UNDER THE BRIDGE BUT HE STILL SAW A REFLECTION THEREIN OF THEIR TOP HEAVY SILK HATS AND HUMBLE TAPE LIKE COLLARS AND LOOSELY HANGING CLERICAL CLOTHES BROTHER HICKEY
test-clean,1089,M,134691,1089-134691-0013,16.33,test-clean/1089/134691/1089-134691-0013.flac,IDLE AND EMBITTERING FINALLY TO ARGUE AGAINST HIS OWN DISPASSIONATE CERTITUDE THAT THE COMMANDMENT OF LOVE BADE US NOT TO LOVE OUR NEIGHBOUR AS OURSELVES WITH THE SAME AMOUNT AND INTENSITY OF LOVE BUT TO LOVE HIM AS OURSELVES WITH THE SAME KIND OF LOVE
test-clean,1089,M,134691,1089-134691-0014,4.755,test-clean/1089/134691/1089-134691-0014.flac,THE PHRASE AND THE DAY AND THE SCENE HARMONIZED IN A CHORD
test-clean,1089,M,134691,1089-134691-0015,3.395,test-clean/1089/134691/1089-134691-0015.flac,WORDS WAS IT THEIR COLOURS
test-clean,1089,M,134691,1089-134691-0016,9.06,test-clean/1089/134691/1089-134691-0016.flac,THEY WERE VOYAGING ACROSS THE DESERTS OF THE SKY A HOST OF NOMADS ON THE MARCH VOYAGING HIGH OVER IRELAND WESTWARD BOUND
test-clean,1089,M,134691,1089-134691-0017,11.695,test-clean/1089/134691/1089-134691-0017.flac,THE EUROPE THEY HAD COME FROM LAY OUT THERE BEYOND THE IRISH SEA EUROPE OF STRANGE TONGUES AND VALLEYED AND WOODBEGIRT AND CITADELLED AND OF ENTRENCHED AND MARSHALLED RACES
test-clean,1089,M,134691,1089-134691-0018,3.09,test-clean/1089/134691/1089-134691-0018.flac,AGAIN AGAIN
test-clean,1089,M,134691,1089-134691-0019,3.155,test-clean/1089/134691/1089-134691-0019.flac,A VOICE FROM BEYOND THE WORLD WAS CALLING
test-clean,1089,M,134691,1089-134691-0020,3.99,test-clean/1089/134691/1089-134691-0020.flac,HELLO STEPHANOS HERE COMES THE DEDALUS
test-clean,1089,M,134691,1089-134691-0024,2.215,test-clean/1089/134691/1089-134691-0024.flac,STEPHANOS DEDALOS
test-clean,1188,M,133604,1188-133604-0002,17.96,test-clean/1188/133604/1188-133604-0002.flac,BY BEING STUDIOUS OF COLOR THEY ARE STUDIOUS OF DIVISION AND WHILE THE CHIAROSCURIST DEVOTES HIMSELF TO THE REPRESENTATION OF DEGREES OF FORCE IN ONE THING UNSEPARATED LIGHT THE COLORISTS HAVE FOR THEIR FUNCTION THE ATTAINMENT OF BEAUTY BY ARRANGEMENT OF THE DIVISIONS OF LIGHT
test-clean,1188,M,133604,1188-133604-0003,12.61,test-clean/1188/133604/1188-133604-0003.flac,MY FIRST AND PRINCIPAL REASON WAS THAT THEY ENFORCED BEYOND ALL RESISTANCE ON ANY STUDENT WHO MIGHT ATTEMPT TO COPY THEM THIS METHOD OF LAYING PORTIONS OF DISTINCT HUE SIDE BY SIDE
test-clean,1188,M,133604,1188-133604-0011,15.19,test-clean/1188/133604/1188-133604-0011.flac,THEY ARE BEYOND ALL OTHER WORKS THAT I KNOW EXISTING DEPENDENT FOR THEIR EFFECT ON LOW SUBDUED TONES THEIR FAVORITE CHOICE IN TIME OF DAY BEING EITHER DAWN OR TWILIGHT AND EVEN THEIR BRIGHTEST SUNSETS PRODUCED CHIEFLY OUT OF GRAY PAPER
test-clean,1188,M,133604,1188-133604-0039,6.625,test-clean/1188/133604/1188-133604-0039.flac,IT HAS NO BEAUTY WHATSOEVER NO SPECIALTY OF PICTURESQUENESS AND ALL ITS LINES ARE CRAMPED AND POOR
test-clean,1188,M,133604,1188-133604-0040,3.23,test-clean/1188/133604/1188-133604-0040.flac,THE CRAMPNESS AND THE POVERTY ARE ALL INTENDED
test-clean,1188,M,133604,1188-133604-0041,10.07,test-clean/1188/133604/1188-133604-0041.flac,IT IS A GLEANER BRINGING DOWN HER ONE SHEAF OF CORN TO AN OLD WATERMILL ITSELF MOSSY AND RENT SCARCELY ABLE TO GET ITS STONES TO TURN
test-clean,1188,M,133604,1188-133604-0044,18.545,test-clean/1188/133604/1188-133604-0044.flac,IT WILL BE WELL FOR YOU IF YOU JOIN NOT WITH THOSE WHO INSTEAD OF KITES FLY FALCONS WHO INSTEAD OF OBEYING THE LAST WORDS OF THE GREAT CLOUD SHEPHERD TO FEED HIS SHEEP LIVE THE LIVES HOW MUCH LESS THAN VANITY OF THE WAR WOLF AND THE GIER EAGLE
test-clean,1221,F,135766,1221-135766-0000,12.435,test-clean/1221/135766/1221-135766-0000.flac,HOW STRANGE IT SEEMED TO THE SAD WOMAN AS SHE WATCHED THE GROWTH AND THE BEAUTY THAT BECAME EVERY DAY MORE BRILLIANT AND THE INTELLIGENCE THAT THREW ITS QUIVERING SUNSHINE OVER THE TINY FEATURES OF THIS CHILD
test-clean,1221,F,135766,1221-135766-0007,8.795,test-clean/1221/135766/1221-135766-0007.flac,HESTER PRYNNE NEVERTHELESS THE LOVING MOTHER OF THIS ONE CHILD RAN LITTLE RISK OF ERRING ON THE SIDE OF UNDUE SEVERITY
test-clean,1221,F,135767,1221-135767-0008,3.095,test-clean/1221/135767/1221-135767-0008.flac,COME THEREFORE AND LET US FLING MUD AT THEM
test-clean,1221,F,135767,1221-135767-0012,13.885,test-clean/1221/135767/1221-135767-0012.flac,THEY APPROACHED THE DOOR WHICH WAS OF AN ARCHED FORM AND FLANKED ON EACH SIDE BY A NARROW TOWER OR PROJECTION OF THE EDIFICE IN BOTH OF WHICH WERE LATTICE WINDOWS THE WOODEN SHUTTERS TO CLOSE OVER THEM AT NEED
test-clean,1221,F,135767,1221-135767-0015,2.85,test-clean/1221/135767/1221-135767-0015.flac,YE MAY NOT SEE HIS WORSHIP NOW
test-clean,1221,F,135767,1221-135767-0019,3.78,test-clean/1221/135767/1221-135767-0019.flac,MOTHER CRIED SHE I SEE YOU HERE LOOK LOOK
test-clean,1284,F,1180,1284-1180-0003,4.835,test-clean/1284/1180/1284-1180-0003.flac,FOR A LONG TIME HE HAD WISHED TO EXPLORE THE BEAUTIFUL LAND OF OZ IN WHICH THEY LIVED
test-clean,1284,F,1180,1284-1180-0007,6.265,test-clean/1284/1180/1284-1180-0007.flac,HE KNEW IT WOULD TAKE THEM TO THE HOUSE OF THE CROOKED MAGICIAN WHOM HE HAD NEVER SEEN BUT WHO WAS THEIR NEAREST NEIGHBOR
test-clean,1284,F,1180,1284-1180-0008,10.49,test-clean/1284/1180/1284-1180-0008.flac,ALL THE MORNING THEY TRUDGED UP THE MOUNTAIN PATH AND AT NOON UNC AND OJO SAT ON A FALLEN TREE TRUNK AND ATE THE LAST OF THE BREAD WHICH THE OLD MUNCHKIN HAD PLACED IN HIS POCKET
test-clean,1284,F,1180,1284-1180-0011,4.275,test-clean/1284/1180/1284-1180-0011.flac,I AM MY DEAR AND ALL STRANGERS ARE WELCOME TO MY HOME
test-clean,1284,F,1180,1284-1180-0013,3.705,test-clean/1284/1180/1284-1180-0013.flac,AND YOU MUST BE OJO THE UNLUCKY SHE ADDED
test-clean,1284,F,1180,1284-1180-0014,3.665,test-clean/1284/1180/1284-1180-0014.flac,OJO HAD NEVER EATEN SUCH A FINE MEAL IN ALL HIS LIFE
test-clean,1284,F,1180,1284-1180-0015,5.835,test-clean/1284/1180/1284-1180-0015.flac,WE ARE TRAVELING REPLIED OJO AND WE STOPPED AT YOUR HOUSE JUST TO REST AND REFRESH OURSELVES
test-clean,1284,F,1180,1284-1180-0016,2.13,test-clean/1284/1180/1284-1180-0016.flac,THE WOMAN SEEMED THOUGHTFUL
test-clean,1284,F,1180,1284-1180-0020,5.87,test-clean/1284/1180/1284-1180-0020.flac,THE FIRST LOT WE TESTED ON OUR GLASS CAT WHICH NOT ONLY BEGAN TO LIVE BUT HAS LIVED EVER SINCE
test-clean,1284,F,1180,1284-1180-0022,2.885,test-clean/1284/1180/1284-1180-0022.flac,I'M AFRAID I DON'T KNOW MUCH ABOUT THE LAND OF OZ
test-clean,1284,F,1180,1284-1180-0023,5.61,test-clean/1284/1180/1284-1180-0023.flac,YOU SEE I'VE LIVED ALL MY LIFE WITH UNC NUNKIE THE SILENT ONE AND THERE WAS NO ONE TO TELL ME ANYTHING
test-clean,1284,F,1180,1284-1180-0024,5.26,test-clean/1284/1180/1284-1180-0024.flac,THAT IS ONE REASON YOU ARE OJO THE UNLUCKY SAID THE WOMAN IN A SYMPATHETIC TONE
test-clean,1284,F,1180,1284-1180-0029,5.335,test-clean/1284/1180/1284-1180-0029.flac,SOMETIMES IT IS CALLED A CRAZY QUILT BECAUSE THE PATCHES AND COLORS ARE SO MIXED UP
test-clean,1284,F,1180,1284-1180-0030,16.22,test-clean/1284/1180/1284-1180-0030.flac,WHEN I FOUND IT I SAID TO MYSELF THAT IT WOULD DO NICELY FOR MY SERVANT GIRL FOR WHEN SHE WAS BROUGHT TO LIFE SHE WOULD NOT BE PROUD NOR HAUGHTY AS THE GLASS CAT IS FOR SUCH A DREADFUL MIXTURE OF COLORS WOULD DISCOURAGE HER FROM TRYING TO BE AS DIGNIFIED AS THE BLUE MUNCHKINS ARE
test-clean,1284,F,1181,1284-1181-0003,4.505,test-clean/1284/1181/1284-1181-0003.flac,THE HAIR WAS OF BROWN YARN AND HUNG DOWN ON HER NECK IN SEVERAL NEAT BRAIDS
test-clean,1284,F,1181,1284-1181-0008,6.08,test-clean/1284/1181/1284-1181-0008.flac,I THINK THAT WILL DO SHE CONTINUED FOR THE OTHER QUALITIES ARE NOT NEEDED IN A SERVANT
test-clean,1284,F,1181,1284-1181-0011,7.75,test-clean/1284/1181/1284-1181-0011.flac,VERY CAREFULLY THE MAGICIAN REMOVED THIS POWDER PLACING IT ALL TOGETHER IN A GOLDEN DISH WHERE HE MIXED IT WITH A GOLDEN SPOON
test-clean,1284,F,1181,1284-1181-0012,8.51,test-clean/1284/1181/1284-1181-0012.flac,NO ONE SAW HIM DO THIS FOR ALL WERE LOOKING AT THE POWDER OF LIFE BUT SOON THE WOMAN REMEMBERED WHAT SHE HAD BEEN DOING AND CAME BACK TO THE CUPBOARD
test-clean,1284,F,1181,1284-1181-0014,7.92,test-clean/1284/1181/1284-1181-0014.flac,HE SELECTED A SMALL GOLD BOTTLE WITH A PEPPER BOX TOP SO THAT THE POWDER MIGHT BE SPRINKLED ON ANY OBJECT THROUGH THE SMALL HOLES
test-clean,1284,F,1181,1284-1181-0015,5.115,test-clean/1284/1181/1284-1181-0015.flac,MOST PEOPLE TALK TOO MUCH SO IT IS A RELIEF TO FIND ONE WHO TALKS TOO LITTLE
test-clean,1284,F,1181,1284-1181-0016,9.515,test-clean/1284/1181/1284-1181-0016.flac,I AM NOT ALLOWED TO PERFORM MAGIC EXCEPT FOR MY OWN AMUSEMENT HE TOLD HIS VISITORS AS HE LIGHTED A PIPE WITH A CROOKED STEM AND BEGAN TO SMOKE
test-clean,1284,F,1181,1284-1181-0019,3.2,test-clean/1284/1181/1284-1181-0019.flac,I NOW USE THEM AS ORNAMENTAL STATUARY IN MY GARDEN
test-clean,1284,F,1181,1284-1181-0021,2.7,test-clean/1284/1181/1284-1181-0021.flac,ASKED THE VOICE IN SCORNFUL ACCENTS
test-clean,1284,F,134647,1284-134647-0003,20.145,test-clean/1284/134647/1284-134647-0003.flac,CONSTANTINE EASILY BELIEVED THAT THE HERETICS WHO PRESUMED TO DISPUTE HIS OPINIONS OR TO OPPOSE HIS COMMANDS WERE GUILTY OF THE MOST ABSURD AND CRIMINAL OBSTINACY AND THAT A SEASONABLE APPLICATION OF MODERATE SEVERITIES MIGHT SAVE THOSE UNHAPPY MEN FROM THE DANGER OF AN EVERLASTING CONDEMNATION
test-clean,1320,M,122612,1320-122612-0000,13.48,test-clean/1320/122612/1320-122612-0000.flac,SINCE THE PERIOD OF OUR TALE THE ACTIVE SPIRIT OF THE COUNTRY HAS SURROUNDED IT WITH A BELT OF RICH AND THRIVING SETTLEMENTS THOUGH NONE BUT THE HUNTER OR THE SAVAGE IS EVER KNOWN EVEN NOW TO PENETRATE ITS WILD RECESSES
test-clean,1320,M,122612,1320-122612-0012,10.49,test-clean/1320/122612/1320-122612-0012.flac,EXTINGUISHED BRANDS WERE LYING AROUND A SPRING THE OFFALS OF A DEER WERE SCATTERED ABOUT THE PLACE AND THE TREES BORE EVIDENT MARKS OF HAVING BEEN BROWSED BY THE HORSES
test-clean,1320,M,122612,1320-122612-0016,3.49,test-clean/1320/122612/1320-122612-0016.flac,RUN BACK UNCAS AND BRING ME THE SIZE OF THE SINGER'S FOOT
test-clean,1320,M,122617,1320-122617-0003,6.285,test-clean/1320/122617/1320-122617-0003.flac,THERE WAS SOMETHING IN HIS AIR AND MANNER THAT BETRAYED TO THE SCOUT THE UTTER CONFUSION OF THE STATE OF HIS MIND
test-clean,1320,M,122617,1320-122617-0004,12.26,test-clean/1320/122617/1320-122617-0004.flac,THE INGENIOUS HAWKEYE WHO RECALLED THE HASTY MANNER IN WHICH THE OTHER HAD ABANDONED HIS POST AT THE BEDSIDE OF THE SICK WOMAN WAS NOT WITHOUT HIS SUSPICIONS CONCERNING THE SUBJECT OF SO MUCH SOLEMN DELIBERATION
test-clean,1320,M,122617,1320-122617-0006,5.655,test-clean/1320/122617/1320-122617-0006.flac,CAN THESE THINGS BE RETURNED DAVID BREATHING MORE FREELY AS THE TRUTH BEGAN TO DAWN UPON HIM
test-clean,1320,M,122617,1320-122617-0007,18.525,test-clean/1320/122617/1320-122617-0007.flac,COME COME RETURNED HAWKEYE UNCASING HIS HONEST COUNTENANCE THE BETTER TO ASSURE THE WAVERING CONFIDENCE OF HIS COMPANION YOU MAY SEE A SKIN WHICH IF IT BE NOT AS WHITE AS ONE OF THE GENTLE ONES HAS NO TINGE OF RED TO IT THAT THE WINDS OF THE HEAVEN AND THE SUN HAVE NOT BESTOWED NOW LET US TO BUSINESS
test-clean,1320,M,122617,1320-122617-0011,9.76,test-clean/1320/122617/1320-122617-0011.flac,THE LODGE IN WHICH UNCAS WAS CONFINED WAS IN THE VERY CENTER OF THE VILLAGE AND IN A SITUATION PERHAPS MORE DIFFICULT THAN ANY OTHER TO APPROACH OR LEAVE WITHOUT OBSERVATION
test-clean,1320,M,122617,1320-122617-0012,7.59,test-clean/1320/122617/1320-122617-0012.flac,FOUR OR FIVE OF THE LATTER ONLY LINGERED ABOUT THE DOOR OF THE PRISON OF UNCAS WARY BUT CLOSE OBSERVERS OF THE MANNER OF THEIR CAPTIVE
test-clean,1320,M,122617,1320-122617-0016,10.085,test-clean/1320/122617/1320-122617-0016.flac,THE CUNNING MAN IS AFRAID THAT HIS BREATH WILL BLOW UPON HIS BROTHERS AND TAKE AWAY THEIR COURAGE TOO CONTINUED DAVID IMPROVING THE HINT HE RECEIVED THEY MUST STAND FURTHER OFF
test-clean,1320,M,122617,1320-122617-0018,9.695,test-clean/1320/122617/1320-122617-0018.flac,IT WAS SILENT AND GLOOMY BEING TENANTED SOLELY BY THE CAPTIVE AND LIGHTED BY THE DYING EMBERS OF A FIRE WHICH HAD BEEN USED FOR THE PURPOSED OF COOKERY
test-clean,1320,M,122617,1320-122617-0022,3.855,test-clean/1320/122617/1320-122617-0022.flac,THE DELAWARES ARE CHILDREN OF THE TORTOISE AND THEY OUTSTRIP THE DEER
test-clean,1320,M,122617,1320-122617-0027,5.6899375,test-clean/1320/122617/1320-122617-0027.flac,AS SOON AS THESE DISPOSITIONS WERE MADE THE SCOUT TURNED TO DAVID AND GAVE HIM HIS PARTING INSTRUCTIONS
test-clean,1320,M,122617,1320-122617-0030,3.98,test-clean/1320/122617/1320-122617-0030.flac,SO CHOOSE FOR YOURSELF TO MAKE A RUSH OR TARRY HERE
test-clean,1320,M,122617,1320-122617-0037,7.18,test-clean/1320/122617/1320-122617-0037.flac,THE DELAWARE DOG HE SAID LEANING FORWARD AND PEERING THROUGH THE DIM LIGHT TO CATCH THE EXPRESSION OF THE OTHER'S FEATURES IS HE AFRAID
test-clean,1320,M,122617,1320-122617-0040,7.975,test-clean/1320/122617/1320-122617-0040.flac,HE HAD NO OCCASION TO DELAY FOR AT THE NEXT INSTANT A BURST OF CRIES FILLED THE OUTER AIR AND RAN ALONG THE WHOLE EXTENT OF THE VILLAGE
test-clean,1320,M,122617,1320-122617-0041,4.15,test-clean/1320/122617/1320-122617-0041.flac,UNCAS CAST HIS SKIN AND STEPPED FORTH IN HIS OWN BEAUTIFUL PROPORTIONS
test-clean,1580,F,141083,1580-141083-0005,2.745,test-clean/1580/141083/1580-141083-0005.flac,I WAS ABSENT RATHER MORE THAN AN HOUR
test-clean,1580,F,141083,1580-141083-0006,10.85,test-clean/1580/141083/1580-141083-0006.flac,THE ONLY DUPLICATE WHICH EXISTED SO FAR AS I KNEW WAS THAT WHICH BELONGED TO MY SERVANT BANNISTER A MAN WHO HAS LOOKED AFTER MY ROOM FOR TEN YEARS AND WHOSE HONESTY IS ABSOLUTELY ABOVE SUSPICION
test-clean,1580,F,141083,1580-141083-0008,4.305,test-clean/1580/141083/1580-141083-0008.flac,THE PROOF WAS IN THREE LONG SLIPS I HAD LEFT THEM ALL TOGETHER
test-clean,1580,F,141083,1580-141083-0013,4.32,test-clean/1580/141083/1580-141083-0013.flac,ABOVE ALL THINGS I DESIRE TO SETTLE THE MATTER QUIETLY AND DISCREETLY
test-clean,1580,F,141083,1580-141083-0018,2.675,test-clean/1580/141083/1580-141083-0018.flac,NOW MISTER SOAMES AT YOUR DISPOSAL
test-clean,1580,F,141083,1580-141083-0019,2.705,test-clean/1580/141083/1580-141083-0019.flac,ABOVE WERE THREE STUDENTS ONE ON EACH STORY
test-clean,1580,F,141083,1580-141083-0028,2.585,test-clean/1580/141083/1580-141083-0028.flac,THEN HE TOSSED IT DOWN AND SEIZED THE NEXT
test-clean,1580,F,141083,1580-141083-0029,10.055,test-clean/1580/141083/1580-141083-0029.flac,HE WAS IN THE MIDST OF THAT WHEN YOUR RETURN CAUSED HIM TO MAKE A VERY HURRIED RETREAT VERY HURRIED SINCE HE HAD NOT TIME TO REPLACE THE PAPERS WHICH WOULD TELL YOU THAT HE HAD BEEN THERE
test-clean,1580,F,141083,1580-141083-0033,7.45,test-clean/1580/141083/1580-141083-0033.flac,I WAS HOPING THAT IF THE PAPER ON WHICH HE WROTE WAS THIN SOME TRACE OF IT MIGHT COME THROUGH UPON THIS POLISHED SURFACE NO I SEE NOTHING
test-clean,1580,F,141083,1580-141083-0034,6.99,test-clean/1580/141083/1580-141083-0034.flac,AS HOLMES DREW THE CURTAIN I WAS AWARE FROM SOME LITTLE RIGIDITY AND ALERTNESS OF HIS ATTITUDE THAT HE WAS PREPARED FOR AN EMERGENCY
test-clean,1580,F,141083,1580-141083-0035,4.98,test-clean/1580/141083/1580-141083-0035.flac,HOLMES TURNED AWAY AND STOOPED SUDDENLY TO THE FLOOR HALLOA WHAT'S THIS
test-clean,1580,F,141083,1580-141083-0045,4.36,test-clean/1580/141083/1580-141083-0045.flac,HE WAS STILL SUFFERING FROM THIS SUDDEN DISTURBANCE OF THE QUIET ROUTINE OF HIS LIFE
test-clean,1580,F,141083,1580-141083-0047,2.605,test-clean/1580/141083/1580-141083-0047.flac,DID YOU LOOK AT THESE PAPERS ON THE TABLE
test-clean,1580,F,141083,1580-141083-0049,3.8450625,test-clean/1580/141083/1580-141083-0049.flac,ANYONE IN THE ROOM COULD GET OUT YES SIR
test-clean,1580,F,141083,1580-141083-0051,1.98,test-clean/1580/141083/1580-141083-0051.flac,ONLY FOR A MINUTE OR SO
test-clean,1580,F,141084,1580-141084-0001,3.265,test-clean/1580/141084/1580-141084-0001.flac,HE WAS PACING SWIFTLY UP AND DOWN HIS ROOM
test-clean,1580,F,141084,1580-141084-0004,9.005,test-clean/1580/141084/1580-141084-0004.flac,OF COURSE HE DID NOT REALIZE THAT IT WAS I WHO WAS KNOCKING BUT NONE THE LESS HIS CONDUCT WAS VERY UNCOURTEOUS AND INDEED UNDER THE CIRCUMSTANCES RATHER SUSPICIOUS
test-clean,1580,F,141084,1580-141084-0005,2.515,test-clean/1580/141084/1580-141084-0005.flac,THAT IS VERY IMPORTANT SAID HOLMES
test-clean,1580,F,141084,1580-141084-0006,2.135,test-clean/1580/141084/1580-141084-0006.flac,YOU DON'T SEEM TO REALIZE THE POSITION
test-clean,1580,F,141084,1580-141084-0007,2.02,test-clean/1580/141084/1580-141084-0007.flac,TO MORROW IS THE EXAMINATION
test-clean,1580,F,141084,1580-141084-0009,4.685,test-clean/1580/141084/1580-141084-0009.flac,IT IS POSSIBLE THAT I MAY BE IN A POSITION THEN TO INDICATE SOME COURSE OF ACTION
test-clean,1580,F,141084,1580-141084-0013,2.225,test-clean/1580/141084/1580-141084-0013.flac,HE IS THE ONE WITH THE WORST RECORD
test-clean,1580,F,141084,1580-141084-0014,3.97,test-clean/1580/141084/1580-141084-0014.flac,WHY BANNISTER THE SERVANT WHAT'S HIS GAME IN THE MATTER
test-clean,1580,F,141084,1580-141084-0016,5.96,test-clean/1580/141084/1580-141084-0016.flac,MY FRIEND DID NOT APPEAR TO BE DEPRESSED BY HIS FAILURE BUT SHRUGGED HIS SHOULDERS IN HALF HUMOROUS RESIGNATION
test-clean,1580,F,141084,1580-141084-0030,2.145,test-clean/1580/141084/1580-141084-0030.flac,JUST CLOSE THE DOOR SAID HOLMES
test-clean,1580,F,141084,1580-141084-0031,6.47,test-clean/1580/141084/1580-141084-0031.flac,WE WANT TO KNOW MISTER GILCHRIST HOW YOU AN HONOURABLE MAN EVER CAME TO COMMIT SUCH AN ACTION AS THAT OF YESTERDAY
test-clean,1580,F,141084,1580-141084-0036,2.475,test-clean/1580/141084/1580-141084-0036.flac,THE INDIAN I ALSO THOUGHT NOTHING OF
test-clean,1580,F,141084,1580-141084-0037,2.965,test-clean/1580/141084/1580-141084-0037.flac,WHEN I APPROACHED YOUR ROOM I EXAMINED THE WINDOW
test-clean,1580,F,141084,1580-141084-0039,4.885,test-clean/1580/141084/1580-141084-0039.flac,I ENTERED AND I TOOK YOU INTO MY CONFIDENCE AS TO THE SUGGESTIONS OF THE SIDE TABLE
test-clean,1580,F,141084,1580-141084-0047,5.25,test-clean/1580/141084/1580-141084-0047.flac,I HAVE A LETTER HERE MISTER SOAMES WHICH I WROTE TO YOU EARLY THIS MORNING IN THE MIDDLE OF A RESTLESS NIGHT
test-clean,1995,F,1826,1995-1826-0000,9.485,test-clean/1995/1826/1995-1826-0000.flac,IN THE DEBATE BETWEEN THE SENIOR SOCIETIES HER DEFENCE OF THE FIFTEENTH AMENDMENT HAD BEEN NOT ONLY A NOTABLE BIT OF REASONING BUT DELIVERED WITH REAL ENTHUSIASM
test-clean,1995,F,1826,1995-1826-0003,3.09,test-clean/1995/1826/1995-1826-0003.flac,BETTER GO HE HAD COUNSELLED SENTENTIOUSLY
test-clean,1995,F,1826,1995-1826-0004,3.035,test-clean/1995/1826/1995-1826-0004.flac,MIGHT LEARN SOMETHING USEFUL DOWN THERE
test-clean,1995,F,1826,1995-1826-0006,2.4550625,test-clean/1995/1826/1995-1826-0006.flac,BEEN LOOKING UP TOOMS COUNTY
test-clean,1995,F,1826,1995-1826-0007,7.06,test-clean/1995/1826/1995-1826-0007.flac,FIND SOME CRESSWELLS THERE BIG PLANTATIONS RATED AT TWO HUNDRED AND FIFTY THOUSAND DOLLARS
test-clean,1995,F,1826,1995-1826-0011,8.94,test-clean/1995/1826/1995-1826-0011.flac,HERE SHE WAS TEACHING DIRTY CHILDREN AND THE SMELL OF CONFUSED ODORS AND BODILY PERSPIRATION WAS TO HER AT TIMES UNBEARABLE
test-clean,1995,F,1826,1995-1826-0012,6.18,test-clean/1995/1826/1995-1826-0012.flac,SHE WANTED A GLANCE OF THE NEW BOOKS AND PERIODICALS AND TALK OF GREAT PHILANTHROPIES AND REFORMS
test-clean,1995,F,1826,1995-1826-0013,8.77,test-clean/1995/1826/1995-1826-0013.flac,SO FOR THE HUNDREDTH TIME SHE WAS THINKING TODAY AS SHE WALKED ALONE UP THE LANE BACK OF THE BARN AND THEN SLOWLY DOWN THROUGH THE BOTTOMS
test-clean,1995,F,1826,1995-1826-0015,3.55,test-clean/1995/1826/1995-1826-0015.flac,SHE HAD ALMOST FORGOTTEN THAT IT WAS HERE WITHIN TOUCH AND SIGHT
test-clean,1995,F,1826,1995-1826-0016,5.9,test-clean/1995/1826/1995-1826-0016.flac,THE GLIMMERING SEA OF DELICATE LEAVES WHISPERED AND MURMURED BEFORE HER STRETCHING AWAY TO THE NORTHWARD
test-clean,1995,F,1826,1995-1826-0017,6.145,test-clean/1995/1826/1995-1826-0017.flac,THERE MIGHT BE A BIT OF POETRY HERE AND THERE BUT MOST OF THIS PLACE WAS SUCH DESPERATE PROSE
test-clean,1995,F,1826,1995-1826-0018,5.01,test-clean/1995/1826/1995-1826-0018.flac,HER REGARD SHIFTED TO THE GREEN STALKS AND LEAVES AGAIN AND SHE STARTED TO MOVE AWAY
test-clean,1995,F,1826,1995-1826-0020,6.12,test-clean/1995/1826/1995-1826-0020.flac,MISS TAYLOR DID NOT KNOW MUCH ABOUT COTTON BUT AT LEAST ONE MORE REMARK SEEMED CALLED FOR
test-clean,1995,F,1826,1995-1826-0021,11.41,test-clean/1995/1826/1995-1826-0021.flac,DON'T KNOW WELL OF ALL THINGS INWARDLY COMMENTED MISS TAYLOR LITERALLY BORN IN COTTON AND OH WELL AS MUCH AS TO ASK WHAT'S THE USE SHE TURNED AGAIN TO GO
test-clean,1995,F,1826,1995-1826-0023,8.14,test-clean/1995/1826/1995-1826-0023.flac,GOOBERS DON'T GROW ON THE TOPS OF VINES BUT UNDERGROUND ON THE ROOTS LIKE YAMS IS THAT SO
test-clean,1995,F,1826,1995-1826-0026,15.45,test-clean/1995/1826/1995-1826-0026.flac,NOW FOR ONE LITTLE HALF HOUR SHE HAD BEEN A WOMAN TALKING TO A BOY NO NOT EVEN THAT SHE HAD BEEN TALKING JUST TALKING THERE WERE NO PERSONS IN THE CONVERSATION JUST THINGS ONE THING COTTON
test-clean,1995,F,1836,1995-1836-0006,7.715,test-clean/1995/1836/1995-1836-0006.flac,SHE WAS THEREFORE MOST AGREEABLY SURPRISED TO HEAR MISTER CRESSWELL EXPRESS HIMSELF SO CORDIALLY AS APPROVING OF NEGRO EDUCATION
test-clean,1995,F,1836,1995-1836-0007,3.435,test-clean/1995/1836/1995-1836-0007.flac,BUT YOU BELIEVE IN SOME EDUCATION ASKED MARY TAYLOR
test-clean,1995,F,1836,1995-1836-0009,6.71,test-clean/1995/1836/1995-1836-0009.flac,BUT CRESSWELL ADDED SIGNIFICANTLY CAPACITY DIFFERS ENORMOUSLY BETWEEN RACES
test-clean,1995,F,1836,1995-1836-0010,24.45,test-clean/1995/1836/1995-1836-0010.flac,THE VANDERPOOLS WERE SURE OF THIS AND THE ENGLISHMAN INSTANCING INDIA BECAME QUITE ELOQUENT MISSUS GREY WAS MYSTIFIED BUT HARDLY DARED ADMIT IT THE GENERAL TREND OF THE CONVERSATION SEEMED TO BE THAT MOST INDIVIDUALS NEEDED TO BE SUBMITTED TO THE SHARPEST SCRUTINY BEFORE BEING ALLOWED MUCH EDUCATION AND AS FOR THE LOWER RACES IT WAS SIMPLY CRIMINAL TO OPEN SUCH USELESS OPPORTUNITIES TO THEM
test-clean,1995,F,1836,1995-1836-0011,4.705,test-clean/1995/1836/1995-1836-0011.flac,POSITIVELY HEROIC ADDED CRESSWELL AVOIDING HIS SISTER'S EYES
test-clean,1995,F,1837,1995-1837-0001,8.73,test-clean/1995/1837/1995-1837-0001.flac,IT WAS THE FIRST GREAT SORROW OF HIS LIFE IT WAS NOT SO MUCH THE LOSS OF THE COTTON ITSELF BUT THE FANTASY THE HOPES THE DREAMS BUILT AROUND IT
test-clean,1995,F,1837,1995-1837-0002,2.79,test-clean/1995/1837/1995-1837-0002.flac,AH THE SWAMP THE CRUEL SWAMP
test-clean,1995,F,1837,1995-1837-0007,8.8,test-clean/1995/1837/1995-1837-0007.flac,THEN OF A SUDDEN AT MIDDAY THE SUN SHOT OUT HOT AND STILL NO BREATH OF AIR STIRRED THE SKY WAS LIKE BLUE STEEL THE EARTH STEAMED
test-clean,1995,F,1837,1995-1837-0014,12.46,test-clean/1995/1837/1995-1837-0014.flac,HE STOOD A MOMENT BEWILDERED THEN TURNED AND RUSHED UPON THE ISLAND A GREAT SHEET OF DAZZLING SUNLIGHT SWEPT THE PLACE AND BENEATH LAY A MIGHTY MASS OF OLIVE GREEN THICK TALL WET AND WILLOWY
test-clean,1995,F,1837,1995-1837-0015,4.485,test-clean/1995/1837/1995-1837-0015.flac,THE SQUARES OF COTTON SHARP EDGED HEAVY WERE JUST ABOUT TO BURST TO BOLLS
test-clean,1995,F,1837,1995-1837-0024,5.385,test-clean/1995/1837/1995-1837-0024.flac,FOR A WHILE SHE LAY IN HER CHAIR IN HAPPY DREAMY PLEASURE AT SUN AND BIRD AND TREE
test-clean,1995,F,1837,1995-1837-0025,9.5050625,test-clean/1995/1837/1995-1837-0025.flac,SHE ROSE WITH A FLEETING GLANCE GATHERED THE SHAWL ROUND HER THEN GLIDING FORWARD WAVERING TREMULOUS SLIPPED ACROSS THE ROAD AND INTO THE SWAMP
test-clean,1995,F,1837,1995-1837-0026,8.095,test-clean/1995/1837/1995-1837-0026.flac,SHE HAD BEEN BORN WITHIN ITS BORDERS WITHIN ITS BORDERS SHE HAD LIVED AND GROWN AND WITHIN ITS BORDERS SHE HAD MET HER LOVE
test-clean,1995,F,1837,1995-1837-0027,6.705,test-clean/1995/1837/1995-1837-0027.flac,ON SHE HURRIED UNTIL SWEEPING DOWN TO THE LAGOON AND THE ISLAND LO THE COTTON LAY BEFORE HER
test-clean,2094,F,142345,2094-142345-0000,22.57,test-clean/2094/142345/2094-142345-0000.flac,IT IS A VERY FINE OLD PLACE OF RED BRICK SOFTENED BY A PALE POWDERY LICHEN WHICH HAS DISPERSED ITSELF WITH HAPPY IRREGULARITY SO AS TO BRING THE RED BRICK INTO TERMS OF FRIENDLY COMPANIONSHIP WITH THE LIMESTONE ORNAMENTS SURROUNDING THE THREE GABLES THE WINDOWS AND THE DOOR PLACE
test-clean,2094,F,142345,2094-142345-0002,15.52,test-clean/2094/142345/2094-142345-0002.flac,FOR IT IS A SOLID HEAVY HANDSOME DOOR AND MUST ONCE HAVE BEEN IN THE HABIT OF SHUTTING WITH A SONOROUS BANG BEHIND A LIVERIED LACKEY WHO HAD JUST SEEN HIS MASTER AND MISTRESS OFF THE GROUNDS IN A CARRIAGE AND PAIR
test-clean,2094,F,142345,2094-142345-0007,2.7,test-clean/2094/142345/2094-142345-0007.flac,THE HISTORY OF THE HOUSE IS PLAIN NOW
test-clean,2094,F,142345,2094-142345-0015,15.015,test-clean/2094/142345/2094-142345-0015.flac,TO ALL APPEARANCE MOLLY HAD GOT THROUGH HER AFTER DINNER WORK IN AN EXEMPLARY MANNER HAD CLEANED HERSELF WITH GREAT DISPATCH AND NOW CAME TO ASK SUBMISSIVELY IF SHE SHOULD SIT DOWN TO HER SPINNING TILL MILKING TIME
test-clean,2094,F,142345,2094-142345-0018,3.155,test-clean/2094/142345/2094-142345-0018.flac,WHO TAUGHT YOU TO SCRUB A FLOOR I SHOULD LIKE TO KNOW
test-clean,2094,F,142345,2094-142345-0023,5.18,test-clean/2094/142345/2094-142345-0023.flac,YOU'RE A RARE UN FOR SITTING DOWN TO YOUR WORK A LITTLE WHILE AFTER IT'S TIME TO PUT BY
test-clean,2094,F,142345,2094-142345-0034,7.99,test-clean/2094/142345/2094-142345-0034.flac,AND THERE'S LINEN IN THE HOUSE AS I COULD WELL SPARE YOU FOR I'VE GOT LOTS O SHEETING AND TABLE CLOTHING AND TOWELLING AS ISN'T MADE UP
test-clean,2094,F,142345,2094-142345-0035,3.575,test-clean/2094/142345/2094-142345-0035.flac,BUT NOT MORE THAN WHAT'S IN THE BIBLE AUNT SAID DINAH
test-clean,2094,F,142345,2094-142345-0043,7.35,test-clean/2094/142345/2094-142345-0043.flac,BY THIS TIME THE TWO GENTLEMEN HAD REACHED THE PALINGS AND HAD GOT DOWN FROM THEIR HORSES IT WAS PLAIN THEY MEANT TO COME IN
test-clean,2094,F,142345,2094-142345-0047,2.21,test-clean/2094/142345/2094-142345-0047.flac,POYSER IS NOT AT HOME IS HE
test-clean,2094,F,142345,2094-142345-0054,5.68,test-clean/2094/142345/2094-142345-0054.flac,OH SIR SAID MISSUS POYSER RATHER ALARMED YOU WOULDN'T LIKE IT AT ALL
test-clean,2094,F,142345,2094-142345-0057,10.08,test-clean/2094/142345/2094-142345-0057.flac,I KNOW HIS FARM IS IN BETTER ORDER THAN ANY OTHER WITHIN TEN MILES OF US AND AS FOR THE KITCHEN HE ADDED SMILING I DON'T BELIEVE THERE'S ONE IN THE KINGDOM TO BEAT IT
test-clean,2094,F,142345,2094-142345-0059,10.01,test-clean/2094/142345/2094-142345-0059.flac,THIS MISSUS POYSER SAID BLUSHING AND BELIEVING THAT THE CAPTAIN WAS REALLY INTERESTED IN HER MILK PANS AND WOULD ADJUST HIS OPINION OF HER TO THE APPEARANCE OF HER DAIRY
test-clean,2300,M,131720,2300-131720-0013,13.89,test-clean/2300/131720/2300-131720-0013.flac,UNLESS HE COULD SECURE AN ENGINE OF SMOOTHER RUNNING AND MORE EXACTLY GOVERNED AND REGULATED THAN THOSE AVAILABLE FOR HIS DYNAMO AND LAMP EDISON REALIZED THAT HE WOULD FIND IT ALMOST IMPOSSIBLE TO GIVE A STEADY LIGHT
test-clean,2300,M,131720,2300-131720-0023,11.06,test-clean/2300/131720/2300-131720-0023.flac,I THINK HE WAS PERHAPS MORE APPRECIATIVE THAN I WAS OF THE DISCIPLINE OF THE EDISON CONSTRUCTION DEPARTMENT AND THOUGHT IT WOULD BE WELL FOR US TO WAIT UNTIL THE MORNING OF THE FOURTH BEFORE WE STARTED UP
test-clean,2300,M,131720,2300-131720-0034,8.605,test-clean/2300/131720/2300-131720-0034.flac,THE OTHERS HAVING BEEN IN OPERATION TOO SHORT A TIME TO SHOW DEFINITE RESULTS ALTHOUGH THEY ALSO WENT QUICKLY TO A DIVIDEND BASIS
test-clean,2830,M,3979,2830-3979-0000,6.12,test-clean/2830/3979/2830-3979-0000.flac,WE WANT YOU TO HELP US PUBLISH SOME LEADING WORK OF LUTHER'S FOR THE GENERAL AMERICAN MARKET WILL YOU DO IT
test-clean,2830,M,3979,2830-3979-0001,16.1250625,test-clean/2830/3979/2830-3979-0001.flac,THE CONDITION IS THAT I WILL BE PERMITTED TO MAKE LUTHER TALK AMERICAN STREAMLINE HIM SO TO SPEAK BECAUSE YOU WILL NEVER GET PEOPLE WHETHER IN OR OUTSIDE THE LUTHERAN CHURCH ACTUALLY TO READ LUTHER UNLESS WE MAKE HIM TALK AS HE WOULD TALK TODAY TO AMERICANS
test-clean,2830,M,3979,2830-3979-0009,8.35,test-clean/2830/3979/2830-3979-0009.flac,IT PRESENTS LIKE NO OTHER OF LUTHER'S WRITINGS THE CENTRAL THOUGHT OF CHRISTIANITY THE JUSTIFICATION OF THE SINNER FOR THE SAKE OF CHRIST'S MERITS ALONE
test-clean,2830,M,3979,2830-3979-0012,3.625,test-clean/2830/3979/2830-3979-0012.flac,THE WORD OF OUR GOD SHALL STAND FOREVER
test-clean,2830,M,3980,2830-3980-0011,5.525,test-clean/2830/3980/2830-3980-0011.flac,PAUL DECLARES THAT THE FALSE APOSTLES WERE CALLED OR SENT NEITHER BY MEN NOR BY MAN
test-clean,2830,M,3980,2830-3980-0013,4.145,test-clean/2830/3980/2830-3980-0013.flac,HE MENTIONS THE APOSTLES FIRST BECAUSE THEY WERE APPOINTED DIRECTLY BY GOD
test-clean,2830,M,3980,2830-3980-0017,3.665,test-clean/2830/3980/2830-3980-0017.flac,WHEN I WAS A YOUNG MAN I THOUGHT PAUL WAS MAKING TOO MUCH OF HIS CALL
test-clean,2830,M,3980,2830-3980-0022,3.27,test-clean/2830/3980/2830-3980-0022.flac,THE CLAUSE SEEMS SUPERFLUOUS ON FIRST SIGHT
test-clean,2830,M,3980,2830-3980-0023,6.16,test-clean/2830/3980/2830-3980-0023.flac,THESE PERVERTERS OF THE RIGHTEOUSNESS OF CHRIST RESIST THE FATHER AND THE SON AND THE WORKS OF THEM BOTH
test-clean,2830,M,3980,2830-3980-0028,3.54,test-clean/2830/3980/2830-3980-0028.flac,THIS SHOULD GO FAR IN SHUTTING THE MOUTHS OF THE FALSE APOSTLES
test-clean,2830,M,3980,2830-3980-0031,8.485,test-clean/2830/3980/2830-3980-0031.flac,WHY DO THEY NOT INVADE THE CATHOLIC PROVINCES AND PREACH THEIR DOCTRINE TO GODLESS PRINCES BISHOPS AND DOCTORS AS WE HAVE DONE BY THE HELP OF GOD
test-clean,2830,M,3980,2830-3980-0032,7.22,test-clean/2830/3980/2830-3980-0032.flac,WE LOOK FOR THAT REWARD WHICH EYE HATH NOT SEEN NOR EAR HEARD NEITHER HATH ENTERED INTO THE HEART OF MAN
test-clean,2830,M,3980,2830-3980-0038,5.54,test-clean/2830/3980/2830-3980-0038.flac,GRACE BE TO YOU AND PEACE FROM GOD THE FATHER AND FROM OUR LORD JESUS CHRIST
test-clean,2830,M,3980,2830-3980-0046,2.84,test-clean/2830/3980/2830-3980-0046.flac,WAS IT NOT ENOUGH TO SAY FROM GOD THE FATHER
test-clean,2830,M,3980,2830-3980-0049,3.42,test-clean/2830/3980/2830-3980-0049.flac,EMBRACE HIM AND FORGET ABOUT THE NATURE OF GOD
test-clean,2830,M,3980,2830-3980-0054,10.085,test-clean/2830/3980/2830-3980-0054.flac,THAT CHRIST IS VERY GOD IS APPARENT IN THAT PAUL ASCRIBES TO HIM DIVINE POWERS EQUALLY WITH THE FATHER AS FOR INSTANCE THE POWER TO DISPENSE GRACE AND PEACE
test-clean,2830,M,3980,2830-3980-0055,7.335,test-clean/2830/3980/2830-3980-0055.flac,TO BESTOW PEACE AND GRACE LIES IN THE PROVINCE OF GOD WHO ALONE CAN CREATE THESE BLESSINGS THE ANGELS CANNOT
test-clean,2830,M,3980,2830-3980-0056,5.35,test-clean/2830/3980/2830-3980-0056.flac,OTHERWISE PAUL SHOULD HAVE WRITTEN GRACE FROM GOD THE FATHER AND PEACE FROM OUR LORD JESUS CHRIST
test-clean,2830,M,3980,2830-3980-0057,8.07,test-clean/2830/3980/2830-3980-0057.flac,THE ARIANS TOOK CHRIST FOR A NOBLE AND PERFECT CREATURE SUPERIOR EVEN TO THE ANGELS BECAUSE BY HIM GOD CREATED HEAVEN AND EARTH
test-clean,2830,M,3980,2830-3980-0058,2.69,test-clean/2830/3980/2830-3980-0058.flac,MOHAMMED ALSO SPEAKS HIGHLY OF CHRIST
test-clean,2830,M,3980,2830-3980-0061,7.12,test-clean/2830/3980/2830-3980-0061.flac,NOT GOLD OR SILVER OR PASCHAL LAMBS OR AN ANGEL BUT HIMSELF WHAT FOR
test-clean,2830,M,3980,2830-3980-0062,5.44,test-clean/2830/3980/2830-3980-0062.flac,NOT FOR A CROWN OR A KINGDOM OR OUR GOODNESS BUT FOR OUR SINS
test-clean,2830,M,3980,2830-3980-0063,5.415,test-clean/2830/3980/2830-3980-0063.flac,UNDERSCORE THESE WORDS FOR THEY ARE FULL OF COMFORT FOR SORE CONSCIENCES
test-clean,2830,M,3980,2830-3980-0065,6.515,test-clean/2830/3980/2830-3980-0065.flac,PAUL ANSWERS THE MAN WHO IS NAMED JESUS CHRIST AND THE SON OF GOD GAVE HIMSELF FOR OUR SINS
test-clean,2830,M,3980,2830-3980-0066,6.085,test-clean/2830/3980/2830-3980-0066.flac,SINCE CHRIST WAS GIVEN FOR OUR SINS IT STANDS TO REASON THAT THEY CANNOT BE PUT AWAY BY OUR OWN EFFORTS
test-clean,2830,M,3980,2830-3980-0067,8.13,test-clean/2830/3980/2830-3980-0067.flac,THIS SENTENCE ALSO DEFINES OUR SINS AS GREAT SO GREAT IN FACT THAT THE WHOLE WORLD COULD NOT MAKE AMENDS FOR A SINGLE SIN
test-clean,2830,M,3980,2830-3980-0069,5.5550625,test-clean/2830/3980/2830-3980-0069.flac,THE VICIOUS CHARACTER OF SIN IS BROUGHT OUT BY THE WORDS WHO GAVE HIMSELF FOR OUR SINS
test-clean,2830,M,3980,2830-3980-0073,16.56,test-clean/2830/3980/2830-3980-0073.flac,THIS ATTITUDE SPRINGS FROM A FALSE CONCEPTION OF SIN THE CONCEPTION THAT SIN IS A SMALL MATTER EASILY TAKEN CARE OF BY GOOD WORKS THAT WE MUST PRESENT OURSELVES UNTO GOD WITH A GOOD CONSCIENCE THAT WE MUST FEEL NO SIN BEFORE WE MAY FEEL THAT CHRIST WAS GIVEN FOR OUR SINS
test-clean,2830,M,3980,2830-3980-0074,5.7,test-clean/2830/3980/2830-3980-0074.flac,THIS ATTITUDE IS UNIVERSAL AND PARTICULARLY DEVELOPED IN THOSE WHO CONSIDER THEMSELVES BETTER THAN OTHERS
test-clean,2830,M,3980,2830-3980-0075,5.79,test-clean/2830/3980/2830-3980-0075.flac,BUT THE REAL SIGNIFICANCE AND COMFORT OF THE WORDS FOR OUR SINS IS LOST UPON THEM
test-clean,2961,F,960,2961-960-0004,8.22,test-clean/2961/960/2961-960-0004.flac,THERE IS NO DANGER OF THE MODERN COMMENTATORS ON THE TIMAEUS FALLING INTO THE ABSURDITIES OF THE NEO PLATONISTS
test-clean,2961,F,960,2961-960-0012,6.89,test-clean/2961/960/2961-960-0012.flac,MANY IF NOT ALL THE ELEMENTS OF THE PRE SOCRATIC PHILOSOPHY ARE INCLUDED IN THE TIMAEUS
test-clean,2961,F,960,2961-960-0019,12.13,test-clean/2961/960/2961-960-0019.flac,HE COULD WRITE IN ONE STYLE BUT NOT IN ANOTHER AND THE GREEK LANGUAGE HAD NOT AS YET BEEN FASHIONED BY ANY POET OR PHILOSOPHER TO DESCRIBE PHYSICAL PHENOMENA
test-clean,2961,F,960,2961-960-0020,9.88,test-clean/2961/960/2961-960-0020.flac,AND HENCE WE FIND THE SAME SORT OF CLUMSINESS IN THE TIMAEUS OF PLATO WHICH CHARACTERIZES THE PHILOSOPHICAL POEM OF LUCRETIUS
test-clean,2961,F,960,2961-960-0021,15.785,test-clean/2961/960/2961-960-0021.flac,THERE IS A WANT OF FLOW AND OFTEN A DEFECT OF RHYTHM THE MEANING IS SOMETIMES OBSCURE AND THERE IS A GREATER USE OF APPOSITION AND MORE OF REPETITION THAN OCCURS IN PLATO'S EARLIER WRITINGS
test-clean,2961,F,961,2961-961-0009,5.705,test-clean/2961/961/2961-961-0009.flac,TELL US SAID THE OTHER THE WHOLE STORY AND WHERE SOLON HEARD THE STORY
test-clean,2961,F,961,2961-961-0010,7.83,test-clean/2961/961/2961-961-0010.flac,BUT IN EGYPT THE TRADITIONS OF OUR OWN AND OTHER LANDS ARE BY US REGISTERED FOR EVER IN OUR TEMPLES
test-clean,2961,F,961,2961-961-0021,4.94,test-clean/2961/961/2961-961-0021.flac,BUT I WOULD NOT SPEAK AT THE TIME BECAUSE I WANTED TO REFRESH MY MEMORY
test-clean,3570,F,5694,3570-5694-0003,19.025,test-clean/3570/5694/3570-5694-0003.flac,WITH A FURTHER ADVANCE IN CULTURE THIS TABU MAY CHANGE INTO SIMPLE CUSTOM OF A MORE OR LESS RIGOROUS CHARACTER BUT WHATEVER BE THE THEORETICAL BASIS OF THE DISTINCTION WHICH IS MAINTAINED WHETHER IT BE A TABU OR A LARGER CONVENTIONALITY THE FEATURES OF THE CONVENTIONAL SCHEME OF CONSUMPTION DO NOT CHANGE EASILY
test-clean,3570,F,5694,3570-5694-0008,9.495,test-clean/3570/5694/3570-5694-0008.flac,THE CONSUMPTION OF LUXURIES IN THE TRUE SENSE IS A CONSUMPTION DIRECTED TO THE COMFORT OF THE CONSUMER HIMSELF AND IS THEREFORE A MARK OF THE MASTER
test-clean,3570,F,5694,3570-5694-0009,12.605,test-clean/3570/5694/3570-5694-0009.flac,WITH MANY QUALIFICATIONS WITH MORE QUALIFICATIONS AS THE PATRIARCHAL TRADITION HAS GRADUALLY WEAKENED THE GENERAL RULE IS FELT TO BE RIGHT AND BINDING THAT WOMEN SHOULD CONSUME ONLY FOR THE BENEFIT OF THEIR MASTERS
test-clean,3570,F,5694,3570-5694-0015,8.435,test-clean/3570/5694/3570-5694-0015.flac,SO MANY OF THEM HOWEVER AS MAKE UP THE RETAINER AND HANGERS ON OF THE PATRON MAY BE CLASSED AS VICARIOUS CONSUMER WITHOUT QUALIFICATION
test-clean,3570,F,5694,3570-5694-0018,7.815,test-clean/3570/5694/3570-5694-0018.flac,THE WEARERS OF UNIFORMS AND LIVERIES MAY BE ROUGHLY DIVIDED INTO TWO CLASSES THE FREE AND THE SERVILE OR THE NOBLE AND THE IGNOBLE
test-clean,3570,F,5694,3570-5694-0019,3.755,test-clean/3570/5694/3570-5694-0019.flac,BUT THE GENERAL DISTINCTION IS NOT ON THAT ACCOUNT TO BE OVERLOOKED
test-clean,3570,F,5695,3570-5695-0003,5.355,test-clean/3570/5695/3570-5695-0003.flac,IN THE COMMUNITIES OF THE WESTERN CULTURE THIS POINT IS AT PRESENT FOUND AMONG THE LOWER MIDDLE CLASS
test-clean,3570,F,5695,3570-5695-0007,9.755,test-clean/3570/5695/3570-5695-0007.flac,THERE IS NO CLASS AND NO COUNTRY THAT HAS YIELDED SO ABJECTLY BEFORE THE PRESSURE OF PHYSICAL WANT AS TO DENY THEMSELVES ALL GRATIFICATION OF THIS HIGHER OR SPIRITUAL NEED
test-clean,3570,F,5695,3570-5695-0015,7.95,test-clean/3570/5695/3570-5695-0015.flac,THE RESULT IS A GREAT MOBILITY OF THE LABOR EMPLOYED IN PRINTING PERHAPS GREATER THAN IN ANY OTHER EQUALLY WELL DEFINED AND CONSIDERABLE BODY OF WORKMEN
test-clean,3570,F,5696,3570-5696-0000,11.415,test-clean/3570/5696/3570-5696-0000.flac,UNDER THE SIMPLE TEST OF EFFECTIVENESS FOR ADVERTISING WE SHOULD EXPECT TO FIND LEISURE AND THE CONSPICUOUS CONSUMPTION OF GOODS DIVIDING THE FIELD OF PECUNIARY EMULATION PRETTY EVENLY BETWEEN THEM AT THE OUTSET
test-clean,3570,F,5696,3570-5696-0004,4.7,test-clean/3570/5696/3570-5696-0004.flac,THE SALIENT FEATURES OF THIS DEVELOPMENT OF DOMESTIC SERVICE HAVE ALREADY BEEN INDICATED
test-clean,3570,F,5696,3570-5696-0010,7.57,test-clean/3570/5696/3570-5696-0010.flac,AN ARTICLE MAY BE USEFUL AND WASTEFUL BOTH AND ITS UTILITY TO THE CONSUMER MAY BE MADE UP OF USE AND WASTE IN THE MOST VARYING PROPORTIONS
test-clean,3575,F,170457,3575-170457-0000,8.23,test-clean/3575/170457/3575-170457-0000.flac,AND OFTEN HAS MY MOTHER SAID WHILE ON HER LAP I LAID MY HEAD SHE FEARED FOR TIME I WAS NOT MADE BUT FOR ETERNITY
test-clean,3575,F,170457,3575-170457-0001,2.99,test-clean/3575/170457/3575-170457-0001.flac,WHY ARE WE TO BE DENIED EACH OTHER'S SOCIETY
test-clean,3575,F,170457,3575-170457-0005,7.34,test-clean/3575/170457/3575-170457-0005.flac,SHE A TORY AND CLERGYMAN'S DAUGHTER WAS ALWAYS IN A MINORITY OF ONE IN OUR HOUSE OF VIOLENT DISSENT AND RADICALISM
test-clean,3575,F,170457,3575-170457-0010,4.79,test-clean/3575/170457/3575-170457-0010.flac,I AM NOT DEPRECIATING IT WHEN I SAY THAT IN THESE TIMES IT IS NOT RARE
test-clean,3575,F,170457,3575-170457-0016,1.695,test-clean/3575/170457/3575-170457-0016.flac,FAREWELL MADAM
test-clean,3575,F,170457,3575-170457-0022,5.825,test-clean/3575/170457/3575-170457-0022.flac,IN THE EVENINGS I CONFESS I DO THINK BUT I NEVER TROUBLE ANY ONE ELSE WITH MY THOUGHTS
test-clean,3575,F,170457,3575-170457-0023,9.095,test-clean/3575/170457/3575-170457-0023.flac,I CAREFULLY AVOID ANY APPEARANCE OF PREOCCUPATION AND ECCENTRICITY WHICH MIGHT LEAD THOSE I LIVE AMONGST TO SUSPECT THE NATURE OF MY PURSUITS
test-clean,3575,F,170457,3575-170457-0025,9.205,test-clean/3575/170457/3575-170457-0025.flac,AGAIN I THANK YOU THIS INCIDENT I SUPPOSE WILL BE RENEWED NO MORE IF I LIVE TO BE AN OLD WOMAN I SHALL REMEMBER IT THIRTY YEARS HENCE AS A BRIGHT DREAM
test-clean,3575,F,170457,3575-170457-0027,4.58,test-clean/3575/170457/3575-170457-0027.flac,I CANNOT DENY MYSELF THE GRATIFICATION OF INSERTING SOUTHEY'S REPLY
test-clean,3575,F,170457,3575-170457-0029,6.055,test-clean/3575/170457/3575-170457-0029.flac,YOUR LETTER HAS GIVEN ME GREAT PLEASURE AND I SHOULD NOT FORGIVE MYSELF IF I DID NOT TELL YOU SO
test-clean,3575,F,170457,3575-170457-0031,4.0,test-clean/3575/170457/3575-170457-0031.flac,ON AUGUST TWENTY SEVENTH EIGHTEEN THIRTY SEVEN SHE WRITES
test-clean,3575,F,170457,3575-170457-0032,3.03,test-clean/3575/170457/3575-170457-0032.flac,COME COME I AM GETTING REALLY TIRED OF YOUR ABSENCE
test-clean,3575,F,170457,3575-170457-0036,28.27,test-clean/3575/170457/3575-170457-0036.flac,MY EYES FILL WITH TEARS WHEN I CONTRAST THE BLISS OF SUCH A STATE BRIGHTENED BY HOPES OF THE FUTURE WITH THE MELANCHOLY STATE I NOW LIVE IN UNCERTAIN THAT I EVER FELT TRUE CONTRITION WANDERING IN THOUGHT AND DEED LONGING FOR HOLINESS WHICH I SHALL NEVER NEVER OBTAIN SMITTEN AT TIMES TO THE HEART WITH THE CONVICTION THAT GHASTLY CALVINISTIC DOCTRINES ARE TRUE DARKENED IN SHORT BY THE VERY SHADOWS OF SPIRITUAL DEATH
test-clean,3575,F,170457,3575-170457-0043,19.0,test-clean/3575/170457/3575-170457-0043.flac,HOWEVER REMEMBERING WHAT YOU TOLD ME NAMELY THAT YOU HAD COMMENDED THE MATTER TO A HIGHER DECISION THAN OURS AND THAT YOU WERE RESOLVED TO SUBMIT WITH RESIGNATION TO THAT DECISION WHATEVER IT MIGHT BE I HOLD IT MY DUTY TO YIELD ALSO AND TO BE SILENT IT MAY BE ALL FOR THE BEST
test-clean,3575,F,170457,3575-170457-0044,9.72,test-clean/3575/170457/3575-170457-0044.flac,AFTER THIS DISAPPOINTMENT I NEVER DARE RECKON WITH CERTAINTY ON THE ENJOYMENT OF A PLEASURE AGAIN IT SEEMS AS IF SOME FATALITY STOOD BETWEEN YOU AND ME
test-clean,3575,F,170457,3575-170457-0046,25.64,test-clean/3575/170457/3575-170457-0046.flac,A GOOD NEIGHBOUR OF THE BRONTES A CLEVER INTELLIGENT YORKSHIRE WOMAN WHO KEEPS A DRUGGIST'S SHOP IN HAWORTH AND FROM HER OCCUPATION HER EXPERIENCE AND EXCELLENT SENSE HOLDS THE POSITION OF VILLAGE DOCTRESS AND NURSE AND AS SUCH HAS BEEN A FRIEND IN MANY A TIME OF TRIAL AND SICKNESS AND DEATH IN THE HOUSEHOLDS ROUND TOLD ME A CHARACTERISTIC LITTLE INCIDENT CONNECTED WITH TABBY'S FRACTURED LEG
test-clean,3575,F,170457,3575-170457-0047,6.525,test-clean/3575/170457/3575-170457-0047.flac,TABBY HAD LIVED WITH THEM FOR TEN OR TWELVE YEARS AND WAS AS CHARLOTTE EXPRESSED IT ONE OF THE FAMILY
test-clean,3575,F,170457,3575-170457-0048,5.555,test-clean/3575/170457/3575-170457-0048.flac,HE REFUSED AT FIRST TO LISTEN TO THE CAREFUL ADVICE IT WAS REPUGNANT TO HIS LIBERAL NATURE
test-clean,3575,F,170457,3575-170457-0052,3.0,test-clean/3575/170457/3575-170457-0052.flac,SHE HAD ANOTHER WEIGHT ON HER MIND THIS CHRISTMAS
test-clean,3575,F,170457,3575-170457-0053,11.945,test-clean/3575/170457/3575-170457-0053.flac,BUT ANNE HAD BEGUN TO SUFFER JUST BEFORE THE HOLIDAYS AND CHARLOTTE WATCHED OVER HER YOUNGER SISTERS WITH THE JEALOUS VIGILANCE OF SOME WILD CREATURE THAT CHANGES HER VERY NATURE IF DANGER THREATENS HER YOUNG
test-clean,3729,F,6852,3729-6852-0008,23.86,test-clean/3729/6852/3729-6852-0008.flac,SHE WAS HONOURABLY BURIED IN THE CHURCH OF SAINT SAUVEUR WITHOUT THE SLIGHTEST OPPOSITION FROM THE VENERABLE PRIEST WHO FAR FROM SHARING THE ANTI CHRISTAIN INTOLERANCY OF THE CLERGY IN GENERAL SAID THAT HER PROFESSION AS AN ACTRESS HAD NOT HINDERED HER FROM BEING A GOOD CHRISTIAN AND THAT THE EARTH WAS THE COMMON MOTHER OF ALL HUMAN BEINGS AS JESUS CHRIST HAD BEEN THE SAVIOUR OF ALL MANKIND
test-clean,3729,F,6852,3729-6852-0009,18.31,test-clean/3729/6852/3729-6852-0009.flac,YOU WILL FORGIVE ME DEAR READER IF I HAVE MADE YOU ATTEND THE FUNERAL OF SILVIA TEN YEARS BEFORE HER DEATH BELIEVE ME I HAVE NO INTENTION OF PERFORMING A MIRACLE YOU MAY CONSOLE YOURSELF WITH THE IDEA THAT I SHALL SPARE YOU THAT UNPLEASANT TASK WHEN POOR SILVIA DIES
test-clean,3729,F,6852,3729-6852-0018,6.21,test-clean/3729/6852/3729-6852-0018.flac,I SIT DOWN AT A SMALL TABLE A WAITER COMES IMMEDIATELY TO ENQUIRE MY WISHES
test-clean,3729,F,6852,3729-6852-0019,3.305,test-clean/3729/6852/3729-6852-0019.flac,I TELL HIM TO GIVE ME SOME COFFEE IF IT IS GOOD
test-clean,3729,F,6852,3729-6852-0023,8.185,test-clean/3729/6852/3729-6852-0023.flac,MY REMARK PLEASES HIM BUT I SOON PROVE TO HIM THAT IT IS NOT THE RIGHT WAY TO SPEAK HOWEVER PERFECT MAY HAVE BEEN THE LANGUAGE OF THAT ANCIENT WRITER
test-clean,3729,F,6852,3729-6852-0024,5.515,test-clean/3729/6852/3729-6852-0024.flac,I SEE A CROWD IN ONE CORNER OF THE GARDEN EVERYBODY STANDING STILL AND LOOKING UP
test-clean,3729,F,6852,3729-6852-0032,13.64,test-clean/3729/6852/3729-6852-0032.flac,SIMPLY BY STOPPING HER CARRIAGE TWO OR THREE TIMES BEFORE THE SHOP TO HAVE HER SNUFF BOX FILLED AND BY SAYING ALOUD TO THE YOUNG GIRL WHO HANDED BACK THE BOX THAT HER SNUFF WAS THE VERY BEST IN PARIS
test-clean,3729,F,6852,3729-6852-0033,28.575,test-clean/3729/6852/3729-6852-0033.flac,YOU ARE NOW IN THE ONLY COUNTRY IN THE WORLD WHERE WIT CAN MAKE A FORTUNE BY SELLING EITHER A GENUINE OR A FALSE ARTICLE IN THE FIRST CASE IT RECEIVES THE WELCOME OF INTELLIGENT AND TALENTED PEOPLE AND IN THE SECOND FOOLS ARE ALWAYS READY TO REWARD IT FOR SILLINESS IS TRULY A CHARACTERISTIC OF THE PEOPLE HERE AND HOWEVER WONDERFUL IT MAY APPEAR SILLINESS IS THE DAUGHTER OF WIT
test-clean,3729,F,6852,3729-6852-0035,20.65,test-clean/3729/6852/3729-6852-0035.flac,IT SEEMS TO ME I REPLIED THAT SUCH APPROVAL SUCH RATIFICATION OF THE OPINION EXPRESSED BY THE KING THE PRINCES OF THE BLOOD ET CETERA IS RATHER A PROOF OF THE AFFECTION FELT FOR THEM BY THE NATION FOR THE FRENCH CARRY THAT AFFECTION TO SUCH AN EXTENT THAT THEY BELIEVE THEM INFALLIBLE
test-clean,3729,F,6852,3729-6852-0042,15.165,test-clean/3729/6852/3729-6852-0042.flac,I AM A VERY UNPLEASANT PUPIL ALWAYS ASKING QUESTIONS CURIOUS TROUBLESOME INSATIABLE AND EVEN SUPPOSING THAT I COULD MEET WITH THE TEACHER I REQUIRE I AM AFRAID I AM NOT RICH ENOUGH TO PAY HIM
test-clean,4446,F,2271,4446-2271-0002,2.385,test-clean/4446/2271/4446-2271-0002.flac,IT'S TREMENDOUSLY WELL PUT ON TOO
test-clean,4446,F,2271,4446-2271-0004,12.01,test-clean/4446/2271/4446-2271-0004.flac,DO YOU KNOW ALEXANDER MAINHALL LOOKED WITH PERPLEXITY UP INTO THE TOP OF THE HANSOM AND RUBBED HIS PINK CHEEK WITH HIS GLOVED FINGER DO YOU KNOW I SOMETIMES THINK OF TAKING TO CRITICISM SERIOUSLY MYSELF
test-clean,4446,F,2271,4446-2271-0012,3.78,test-clean/4446/2271/4446-2271-0012.flac,I SAY SIR HARRY THE LITTLE GIRL'S GOING FAMOUSLY TO NIGHT ISN'T SHE
test-clean,4446,F,2271,4446-2271-0014,5.34,test-clean/4446/2271/4446-2271-0014.flac,WESTMERE AND I WERE BACK AFTER THE FIRST ACT AND WE THOUGHT SHE SEEMED QUITE UNCERTAIN OF HERSELF
test-clean,4446,F,2271,4446-2271-0016,10.205,test-clean/4446/2271/4446-2271-0016.flac,HE WAS BEGINNING TO FEEL A KEEN INTEREST IN THE SLENDER BAREFOOT DONKEY GIRL WHO SLIPPED IN AND OUT OF THE PLAY SINGING LIKE SOME ONE WINDING THROUGH A HILLY FIELD
test-clean,4446,F,2271,4446-2271-0024,3.16,test-clean/4446/2271/4446-2271-0024.flac,I SHOULDN'T WONDER IF SHE COULD LAUGH ABOUT IT WITH ME NOW
test-clean,4446,F,2273,4446-2273-0000,8.995,test-clean/4446/2273/4446-2273-0000.flac,HILDA WAS VERY NICE TO HIM AND HE SAT ON THE EDGE OF HIS CHAIR FLUSHED WITH HIS CONVERSATIONAL EFFORTS AND MOVING HIS CHIN ABOUT NERVOUSLY OVER HIS HIGH COLLAR
test-clean,4446,F,2273,4446-2273-0002,3.295,test-clean/4446/2273/4446-2273-0002.flac,LAMB WOULDN'T CARE A GREAT DEAL ABOUT MANY OF THEM I FANCY
test-clean,4446,F,2273,4446-2273-0005,4.125,test-clean/4446/2273/4446-2273-0005.flac,I HAVEN'T HAD A CHANCE YET TO TELL YOU WHAT A JOLLY LITTLE PLACE I THINK THIS IS
test-clean,4446,F,2273,4446-2273-0007,3.095,test-clean/4446/2273/4446-2273-0007.flac,THOSE FELLOWS ARE ALL VERY LOYAL EVEN MAINHALL
test-clean,4446,F,2273,4446-2273-0010,12.44,test-clean/4446/2273/4446-2273-0010.flac,THERE WAS WATERCRESS SOUP AND SOLE AND A DELIGHTFUL OMELETTE STUFFED WITH MUSHROOMS AND TRUFFLES AND TWO SMALL RARE DUCKLINGS AND ARTICHOKES AND A DRY YELLOW RHONE WINE OF WHICH BARTLEY HAD ALWAYS BEEN VERY FOND
test-clean,4446,F,2273,4446-2273-0015,4.505,test-clean/4446/2273/4446-2273-0015.flac,DON'T I THOUGH I'M SO SORRY TO HEAR IT HOW DID HER SON TURN OUT
test-clean,4446,F,2273,4446-2273-0021,5.255,test-clean/4446/2273/4446-2273-0021.flac,WHAT SHE WANTED FROM US WAS NEITHER OUR FLOWERS NOR OUR FRANCS BUT JUST OUR YOUTH
test-clean,4446,F,2273,4446-2273-0022,5.865,test-clean/4446/2273/4446-2273-0022.flac,THEY WERE BOTH REMEMBERING WHAT THE WOMAN HAD SAID WHEN SHE TOOK THE MONEY GOD GIVE YOU A HAPPY LOVE
test-clean,4446,F,2273,4446-2273-0027,3.76,test-clean/4446/2273/4446-2273-0027.flac,WHEN SHE FINISHED ALEXANDER SHOOK HIMSELF OUT OF A REVERIE
test-clean,4446,F,2273,4446-2273-0032,7.835,test-clean/4446/2273/4446-2273-0032.flac,HE STOOD A LITTLE BEHIND HER AND TRIED TO STEADY HIMSELF AS HE SAID IT'S SOFT AND MISTY SEE HOW WHITE THE STARS ARE
test-clean,4446,F,2273,4446-2273-0036,3.12,test-clean/4446/2273/4446-2273-0036.flac,ALEXANDER UNCLENCHED THE TWO HANDS AT HIS SIDES
test-clean,4446,F,2275,4446-2275-0011,2.435,test-clean/4446/2275/4446-2275-0011.flac,BARTLEY BENT LOWER OVER THE FIRE
test-clean,4446,F,2275,4446-2275-0013,3.65,test-clean/4446/2275/4446-2275-0013.flac,I'LL DO ANYTHING YOU WISH ME TO BARTLEY SHE SAID TREMULOUSLY
test-clean,4446,F,2275,4446-2275-0015,2.98,test-clean/4446/2275/4446-2275-0015.flac,HE PULLED UP A WINDOW AS IF THE AIR WERE HEAVY
test-clean,4446,F,2275,4446-2275-0017,2.475,test-clean/4446/2275/4446-2275-0017.flac,BUT IT'S WORSE NOW IT'S UNBEARABLE
test-clean,4446,F,2275,4446-2275-0019,4.93,test-clean/4446/2275/4446-2275-0019.flac,THE WORLD IS ALL THERE JUST AS IT USED TO BE BUT I CAN'T GET AT IT ANY MORE
test-clean,4446,F,2275,4446-2275-0021,5.05,test-clean/4446/2275/4446-2275-0021.flac,HILDA'S FACE QUIVERED BUT SHE WHISPERED YES I THINK IT MUST HAVE BEEN
test-clean,4446,F,2275,4446-2275-0023,3.805,test-clean/4446/2275/4446-2275-0023.flac,ALEXANDER GROANED I MEANT TO BUT SOMEHOW I COULDN'T
test-clean,4446,F,2275,4446-2275-0029,6.28,test-clean/4446/2275/4446-2275-0029.flac,PLEASE TELL ME ONE THING BARTLEY AT LEAST TELL ME THAT YOU BELIEVE I THOUGHT I WAS MAKING YOU HAPPY
test-clean,4446,F,2275,4446-2275-0030,2.665,test-clean/4446/2275/4446-2275-0030.flac,YES HILDA I KNOW THAT HE SAID SIMPLY
test-clean,4446,F,2275,4446-2275-0033,7.06,test-clean/4446/2275/4446-2275-0033.flac,WHAT I MEAN IS THAT I WANT YOU TO PROMISE NEVER TO SEE ME AGAIN NO MATTER HOW OFTEN I COME NO MATTER HOW HARD I BEG
test-clean,4446,F,2275,4446-2275-0034,3.08,test-clean/4446/2275/4446-2275-0034.flac,KEEP AWAY IF YOU WISH WHEN HAVE I EVER FOLLOWED YOU
test-clean,4446,F,2275,4446-2275-0039,1.9,test-clean/4446/2275/4446-2275-0039.flac,I MUST KNOW ABOUT YOU
test-clean,4446,F,2275,4446-2275-0044,2.615,test-clean/4446/2275/4446-2275-0044.flac,DON'T CRY DON'T CRY HE WHISPERED
test-clean,4507,F,16021,4507-16021-0000,2.59,test-clean/4507/16021/4507-16021-0000.flac,CHAPTER ONE ORIGIN
test-clean,4507,F,16021,4507-16021-0001,11.32,test-clean/4507/16021/4507-16021-0001.flac,IT ENGENDERS A WHOLE WORLD LA PEGRE FOR WHICH READ THEFT AND A HELL LA PEGRENNE FOR WHICH READ HUNGER
test-clean,4507,F,16021,4507-16021-0002,3.185,test-clean/4507/16021/4507-16021-0002.flac,THUS IDLENESS IS THE MOTHER
test-clean,4507,F,16021,4507-16021-0003,4.895,test-clean/4507/16021/4507-16021-0003.flac,SHE HAS A SON THEFT AND A DAUGHTER HUNGER
test-clean,4507,F,16021,4507-16021-0004,2.135,test-clean/4507/16021/4507-16021-0004.flac,WHAT IS SLANG
test-clean,4507,F,16021,4507-16021-0007,2.63,test-clean/4507/16021/4507-16021-0007.flac,SLANG MAKES ONE SHUDDER
test-clean,4507,F,16021,4507-16021-0008,3.59,test-clean/4507/16021/4507-16021-0008.flac,WHO DENIES THAT OF COURSE IT DOES
test-clean,4507,F,16021,4507-16021-0011,5.615,test-clean/4507/16021/4507-16021-0011.flac,WHY SHOULD ONE NOT EXPLORE EVERYTHING AND STUDY EVERYTHING
test-clean,4507,F,16021,4507-16021-0020,22.5,test-clean/4507/16021/4507-16021-0020.flac,WE MAY BE STOPPED THE FACT MAY BE PUT TO US IN GENERAL TERMS WHICH IS ONE WAY OF ATTENUATING IT WE MAY BE TOLD THAT ALL TRADES PROFESSIONS IT MAY BE ADDED ALL THE ACCIDENTS OF THE SOCIAL HIERARCHY AND ALL FORMS OF INTELLIGENCE HAVE THEIR OWN SLANG
test-clean,4507,F,16021,4507-16021-0022,6.2,test-clean/4507/16021/4507-16021-0022.flac,THERE IS THE SLANG OF THE AFFECTED LADY AS WELL AS OF THE PRECIEUSES
test-clean,4507,F,16021,4507-16021-0025,9.215,test-clean/4507/16021/4507-16021-0025.flac,TO MEET THE NEEDS OF THIS CONFLICT WRETCHEDNESS HAS INVENTED A LANGUAGE OF COMBAT WHICH IS SLANG
test-clean,4507,F,16021,4507-16021-0029,3.87,test-clean/4507/16021/4507-16021-0029.flac,TO THIS WE REPLY IN ONE WORD ONLY
test-clean,4507,F,16021,4507-16021-0036,5.435,test-clean/4507/16021/4507-16021-0036.flac,FACTS FORM ONE OF THESE AND IDEAS THE OTHER
test-clean,4507,F,16021,4507-16021-0037,5.35,test-clean/4507/16021/4507-16021-0037.flac,THERE IT CLOTHES ITSELF IN WORD MASKS IN METAPHOR RAGS
test-clean,4507,F,16021,4507-16021-0040,3.925,test-clean/4507/16021/4507-16021-0040.flac,ONE THINKS ONE HEARS HYDRAS TALKING
test-clean,4507,F,16021,4507-16021-0043,3.99,test-clean/4507/16021/4507-16021-0043.flac,THE EARTH IS NOT DEVOID OF RESEMBLANCE TO A JAIL
test-clean,4507,F,16021,4507-16021-0049,5.91,test-clean/4507/16021/4507-16021-0049.flac,THERE IS HARDLY ONE DAY OUT OF A HUNDRED WHICH IS WHOLLY JOYOUS AND SUNNY
test-clean,4507,F,16021,4507-16021-0052,6.275,test-clean/4507/16021/4507-16021-0052.flac,THE REAL HUMAN DIVISION IS THIS THE LUMINOUS AND THE SHADY
test-clean,4507,F,16021,4507-16021-0055,7.225,test-clean/4507/16021/4507-16021-0055.flac,TO TEACH READING MEANS TO LIGHT THE FIRE EVERY SYLLABLE SPELLED OUT SPARKLES
test-clean,4507,F,16021,4507-16021-0056,6.345,test-clean/4507/16021/4507-16021-0056.flac,HOWEVER HE WHO SAYS LIGHT DOES NOT NECESSARILY SAY JOY
test-clean,4507,F,16021,4507-16021-0057,4.61,test-clean/4507/16021/4507-16021-0057.flac,PEOPLE SUFFER IN THE LIGHT EXCESS BURNS
test-clean,4970,F,29093,4970-29093-0001,11.92,test-clean/4970/29093/4970-29093-0001.flac,TO THE YOUNG AMERICAN HERE OR ELSEWHERE THE PATHS TO FORTUNE ARE INNUMERABLE AND ALL OPEN THERE IS INVITATION IN THE AIR AND SUCCESS IN ALL HIS WIDE HORIZON
test-clean,4970,F,29093,4970-29093-0009,9.12,test-clean/4970/29093/4970-29093-0009.flac,PHILIP THEREFORE READ DILIGENTLY IN THE ASTOR LIBRARY PLANNED LITERARY WORKS THAT SHOULD COMPEL ATTENTION AND NURSED HIS GENIUS
test-clean,4970,F,29093,4970-29093-0012,8.71,test-clean/4970/29093/4970-29093-0012.flac,BUT PHILIP DID AFFORD IT AND HE WROTE THANKING HIS FRIENDS AND DECLINING BECAUSE HE SAID THE POLITICAL SCHEME WOULD FAIL AND OUGHT TO FAIL
test-clean,4970,F,29093,4970-29093-0013,8.01,test-clean/4970/29093/4970-29093-0013.flac,AND HE WENT BACK TO HIS BOOKS AND TO HIS WAITING FOR AN OPENING LARGE ENOUGH FOR HIS DIGNIFIED ENTRANCE INTO THE LITERARY WORLD
test-clean,4970,F,29093,4970-29093-0014,4.275,test-clean/4970/29093/4970-29093-0014.flac,WELL I'M GOING AS AN ENGINEER YOU CAN GO AS ONE
test-clean,4970,F,29093,4970-29093-0015,3.325,test-clean/4970/29093/4970-29093-0015.flac,YOU CAN BEGIN BY CARRYING A ROD AND PUTTING DOWN THE FIGURES
test-clean,4970,F,29093,4970-29093-0017,2.865,test-clean/4970/29093/4970-29093-0017.flac,I'VE BEEN READY TO GO ANYWHERE FOR SIX MONTHS
test-clean,4970,F,29093,4970-29093-0021,2.425,test-clean/4970/29093/4970-29093-0021.flac,I WAS AFRAID IT WAS NEARER HOME
test-clean,4970,F,29095,4970-29095-0005,4.65,test-clean/4970/29095/4970-29095-0005.flac,THY WAYS GREATLY TRY ME RUTH AND ALL THY RELATIONS
test-clean,4970,F,29095,4970-29095-0009,5.6,test-clean/4970/29095/4970-29095-0009.flac,MARGARET BOLTON ALMOST LOST FOR A MOMENT HER HABITUAL PLACIDITY
test-clean,4970,F,29095,4970-29095-0010,2.64,test-clean/4970/29095/4970-29095-0010.flac,THEE STUDY MEDICINE
test-clean,4970,F,29095,4970-29095-0011,3.355,test-clean/4970/29095/4970-29095-0011.flac,DOES THEE THINK THEE COULD STAND IT SIX MONTHS
test-clean,4970,F,29095,4970-29095-0017,3.93,test-clean/4970/29095/4970-29095-0017.flac,THE SIGHT SEERS RETURNED IN HIGH SPIRITS FROM THE CITY
test-clean,4970,F,29095,4970-29095-0021,19.86,test-clean/4970/29095/4970-29095-0021.flac,BUT NEITHER SAINT GIRARD NOR BROAD STREET NEITHER WONDERS OF THE MINT NOR THE GLORIES OF THE HALL WHERE THE GHOSTS OF OUR FATHERS SIT ALWAYS SIGNING THE DECLARATION IMPRESSED THE VISITORS SO MUCH AS THE SPLENDORS OF THE CHESTNUT STREET WINDOWS AND THE BARGAINS ON EIGHTH STREET
test-clean,4970,F,29095,4970-29095-0022,4.765,test-clean/4970/29095/4970-29095-0022.flac,IS THEE GOING TO THE YEARLY MEETING RUTH ASKED ONE OF THE GIRLS
test-clean,4970,F,29095,4970-29095-0027,9.795,test-clean/4970/29095/4970-29095-0027.flac,IT'S SUCH A CRUSH AT THE YEARLY MEETING AT ARCH STREET AND THEN THERE'S THE ROW OF SLEEK LOOKING YOUNG MEN WHO LINE THE CURBSTONE AND STARE AT US AS WE COME OUT
test-clean,4970,F,29095,4970-29095-0034,5.81,test-clean/4970/29095/4970-29095-0034.flac,WHY SHOULD I RUST AND BE STUPID AND SIT IN INACTION BECAUSE I AM A GIRL
test-clean,4970,F,29095,4970-29095-0035,4.75,test-clean/4970/29095/4970-29095-0035.flac,AND IF I HAD A FORTUNE WOULD THEE WANT ME TO LEAD A USELESS LIFE
test-clean,4970,F,29095,4970-29095-0038,8.74,test-clean/4970/29095/4970-29095-0038.flac,RUTH WAS GLAD TO HEAR THAT PHILIP HAD MADE A PUSH INTO THE WORLD AND SHE WAS SURE THAT HIS TALENT AND COURAGE WOULD MAKE A WAY FOR HIM
test-clean,4992,F,23283,4992-23283-0001,2.71,test-clean/4992/23283/4992-23283-0001.flac,MISS MILNER'S HEALTH IS NOT GOOD
test-clean,4992,F,23283,4992-23283-0002,3.12,test-clean/4992/23283/4992-23283-0002.flac,SAID MISSUS HORTON A FEW MINUTES AFTER
test-clean,4992,F,23283,4992-23283-0003,4.645,test-clean/4992/23283/4992-23283-0003.flac,SO THERE IS TO ME ADDED SANDFORD WITH A SARCASTIC SNEER
test-clean,4992,F,23283,4992-23283-0007,4.045,test-clean/4992/23283/4992-23283-0007.flac,TO ASK ANY MORE QUESTIONS OF YOU I BELIEVE WOULD BE UNFAIR
test-clean,4992,F,23283,4992-23283-0010,5.0,test-clean/4992/23283/4992-23283-0010.flac,BUT IN SUCH A CASE MISS MILNER'S ELECTION OF A HUSBAND SHALL NOT DIRECT MINE
test-clean,4992,F,23283,4992-23283-0011,4.225,test-clean/4992/23283/4992-23283-0011.flac,IF SHE DOES NOT KNOW HOW TO ESTIMATE HER OWN VALUE I DO
test-clean,4992,F,23283,4992-23283-0014,4.535,test-clean/4992/23283/4992-23283-0014.flac,WHAT CAN YOU MEAN BY THAT MISS WOODLEY YOU TALK MYSTERIOUSLY
test-clean,4992,F,23283,4992-23283-0018,6.575,test-clean/4992/23283/4992-23283-0018.flac,TO RELIEVE HER FROM BOTH HE LAID HIS HAND WITH FORCE UPON HIS HEART AND SAID DO YOU BELIEVE ME
test-clean,4992,F,41797,4992-41797-0001,28.41,test-clean/4992/41797/4992-41797-0001.flac,WELL AS I SAY IT'S AN AWFUL QUEER WORLD THEY CLAP ALL THE BURGLARS INTO JAIL AND THE MURDERERS AND THE WIFE BEATERS I'VE ALLERS THOUGHT A GENTLE REPROOF WOULD BE ENOUGH PUNISHMENT FOR A WIFE BEATER CAUSE HE PROBABLY HAS A LOT O PROVOCATION THAT NOBODY KNOWS AND THE FIREBUGS CAN'T THINK O THE RIGHT NAME SOMETHING LIKE CENDENARIES AN THE BREAKERS O THE PEACE AN WHAT NOT AN YET THE LAW HAS NOTHIN TO SAY TO A MAN LIKE HEN LORD
test-clean,4992,F,41797,4992-41797-0003,2.835,test-clean/4992/41797/4992-41797-0003.flac,MISTER POPHAM LAID DOWN HIS BRUSH
test-clean,4992,F,41797,4992-41797-0005,3.845,test-clean/4992/41797/4992-41797-0005.flac,DONE HE AIN'T DONE A THING HE'D OUGHTER SENCE HE WAS BORN
test-clean,4992,F,41797,4992-41797-0007,6.905,test-clean/4992/41797/4992-41797-0007.flac,HE GIVE UP HIS POSITION AND SHUT THE FAMILY UP IN THAT TOMB OF A HOUSE SO T HE COULD STUDY HIS BOOKS
test-clean,4992,F,41797,4992-41797-0008,8.965,test-clean/4992/41797/4992-41797-0008.flac,MISTER POPHAM EXAGGERATED NOTHING BUT ON THE CONTRARY LEFT MUCH UNSAID IN HIS NARRATIVE OF THE FAMILY AT THE HOUSE OF LORDS
test-clean,4992,F,41797,4992-41797-0009,13.195,test-clean/4992/41797/4992-41797-0009.flac,HENRY LORD WITH THE DEGREE OF PH D TO HIS CREDIT HAD BEEN PROFESSOR OF ZOOLOGY AT A NEW ENGLAND COLLEGE BUT HAD RESIGNED HIS POST IN ORDER TO WRITE A SERIES OF SCIENTIFIC TEXT BOOKS
test-clean,4992,F,41797,4992-41797-0013,9.8,test-clean/4992/41797/4992-41797-0013.flac,SHE MAKES EFFORT AFTER EFFORT TREMBLING WITH EAGERNESS AND WHEN SHE FAILS TO REPRODUCE WHAT SHE SEES SHE WORKS HERSELF INTO A FRENZY OF GRIEF AND DISAPPOINTMENT
test-clean,4992,F,41797,4992-41797-0019,4.755,test-clean/4992/41797/4992-41797-0019.flac,OLIVE'S MOURNFUL BLACK EYES MET NANCY'S SPARKLING BROWN ONES
test-clean,4992,F,41797,4992-41797-0021,8.23,test-clean/4992/41797/4992-41797-0021.flac,SHE'S WONDERFUL MORE WONDERFUL THAN ANYBODY WE'VE EVER SEEN ANYWHERE AND SHE DRAWS BETTER THAN THE TEACHER IN CHARLESTOWN
test-clean,4992,F,41806,4992-41806-0000,14.36,test-clean/4992/41806/4992-41806-0000.flac,NATTY HARMON TRIED THE KITCHEN PUMP SECRETLY SEVERAL TIMES DURING THE EVENING FOR THE WATER HAD TO RUN UP HILL ALL THE WAY FROM THE WELL TO THE KITCHEN SINK AND HE BELIEVED THIS TO BE A CONTINUAL MIRACLE THAT MIGHT GIVE OUT AT ANY MOMENT
test-clean,4992,F,41806,4992-41806-0008,11.82,test-clean/4992/41806/4992-41806-0008.flac,OLIVE HAS ANOTHER LOVELY GIFT FOR THE YELLOW HOUSE SAID MOTHER CAREY RISING AND TO CARRY OUT THE NEXT PART OF THE PROGRAMME WE SHALL HAVE TO GO IN PROCESSION UPSTAIRS TO MY BEDROOM
test-clean,4992,F,41806,4992-41806-0013,6.02,test-clean/4992/41806/4992-41806-0013.flac,APPROACHING THE DINING TABLE HE CAREFULLY PLACED THE ARTICLE IN THE CENTRE AND REMOVED THE CLOTH
test-clean,4992,F,41806,4992-41806-0015,12.44,test-clean/4992/41806/4992-41806-0015.flac,MISSUS HARMON THOUGHT HE SANG TOO MUCH AND TOLD HER HUSBAND PRIVATELY THAT IF HE WAS A CANARY BIRD SHE SHOULD WANT TO KEEP A TABLE COVER OVER HIS HEAD MOST OF THE TIME BUT HE WAS IMMENSELY POPULAR WITH THE REST OF HIS AUDIENCE
test-clean,4992,F,41806,4992-41806-0016,15.76,test-clean/4992/41806/4992-41806-0016.flac,THE FACE OF THE MAHOGANY SHONE WITH DELIGHT AND WHY NOT WHEN IT WAS DOING EVERYTHING ALMOST EVERYTHING WITHIN THE SCOPE OF A PIANO AND YET THE FAMILY HAD ENJOYED WEEKS OF GOOD NOURISHING MEALS ON WHAT HAD BEEN SAVED BY ITS EXERTIONS
test-clean,5105,M,28233,5105-28233-0001,4.49,test-clean/5105/28233/5105-28233-0001.flac,HE SEEMED BORN TO PLEASE WITHOUT BEING CONSCIOUS OF THE POWER HE POSSESSED
test-clean,5105,M,28233,5105-28233-0003,14.81,test-clean/5105/28233/5105-28233-0003.flac,WE DON'T SPIN TOPS IS A FAVORITE SAYING AMONGST ARTILLERY OFFICERS INDICATING THAT THEY DO NOT SHIRK THEIR DUTY BY FRIVOLOUS PURSUITS BUT IT MUST BE CONFESSED THAT SERVADAC BEING NATURALLY IDLE WAS VERY MUCH GIVEN TO SPINNING TOPS
test-clean,5105,M,28233,5105-28233-0009,14.595,test-clean/5105/28233/5105-28233-0009.flac,THE BOND OF UNION THUS EFFECTED COULD NEVER BE SEVERED AND ALTHOUGH BEN ZOOF'S ACHIEVEMENTS HAD FAIRLY EARNED HIM THE RIGHT OF RETIREMENT HE FIRMLY DECLINED ALL HONORS OR ANY PENSION THAT MIGHT PART HIM FROM HIS SUPERIOR OFFICER
test-clean,5105,M,28233,5105-28233-0010,13.595,test-clean/5105/28233/5105-28233-0010.flac,UNLIKE HIS MASTER HE MADE NO PRETENSION TO ANY GIFT OF POETIC POWER BUT HIS INEXHAUSTIBLE MEMORY MADE HIM A LIVING ENCYCLOPAEDIA AND FOR HIS STOCK OF ANECDOTES AND TROOPER'S TALES HE WAS MATCHLESS
test-clean,5105,M,28240,5105-28240-0000,5.455,test-clean/5105/28240/5105-28240-0000.flac,FAST AS HIS LEGS COULD CARRY HIM SERVADAC HAD MADE HIS WAY TO THE TOP OF THE CLIFF
test-clean,5105,M,28240,5105-28240-0014,3.07,test-clean/5105/28240/5105-28240-0014.flac,ARE YOU CERTAIN THAT THIS IS THE MEDITERRANEAN
test-clean,5105,M,28240,5105-28240-0017,5.665,test-clean/5105/28240/5105-28240-0017.flac,SOME MYSTERIOUS FORCE SEEMED TO HAVE BROUGHT ABOUT A CONVULSION OF THE ELEMENTS
test-clean,5105,M,28240,5105-28240-0018,2.885,test-clean/5105/28240/5105-28240-0018.flac,YOU WILL TAKE ME ON BOARD COUNT WILL YOU NOT
test-clean,5105,M,28241,5105-28241-0000,6.455,test-clean/5105/28241/5105-28241-0000.flac,HER SEA GOING QUALITIES WERE EXCELLENT AND WOULD HAVE AMPLY SUFFICED FOR A CIRCUMNAVIGATION OF THE GLOBE
test-clean,5105,M,28241,5105-28241-0009,7.01,test-clean/5105/28241/5105-28241-0009.flac,AND WHAT DEMONSTRATION DO YOU OFFER ASKED SERVADAC EAGERLY THAT IT WILL NOT HAPPEN
test-clean,5105,M,28241,5105-28241-0016,6.285,test-clean/5105/28241/5105-28241-0016.flac,YOU MUST SEE LIEUTENANT I SHOULD THINK THAT WE ARE NOT SO NEAR THE COAST OF ALGERIA AS YOU IMAGINED
test-clean,5142,F,33396,5142-33396-0009,3.37,test-clean/5142/33396/5142-33396-0009.flac,THERE STAND SO I SAID AND GLARE AND HISS AT MY FOES
test-clean,5142,F,33396,5142-33396-0014,3.245,test-clean/5142/33396/5142-33396-0014.flac,THIRTY MEN ONE AFTER ANOTHER RAISED THEIR HORNS AND SAID
test-clean,5142,F,33396,5142-33396-0019,4.985,test-clean/5142/33396/5142-33396-0019.flac,OH IT IS BETTER TO LIVE ON THE SEA AND LET OTHER MEN RAISE YOUR CROPS AND COOK YOUR MEALS
test-clean,5142,F,33396,5142-33396-0021,3.505,test-clean/5142/33396/5142-33396-0021.flac,UP AND DOWN THE WATER WE WENT TO GET MUCH WEALTH AND MUCH FROLIC
test-clean,5142,F,33396,5142-33396-0023,3.48,test-clean/5142/33396/5142-33396-0023.flac,IT WAS SO DARK THAT I COULD SEE NOTHING BUT A FEW SPARKS ON THE HEARTH
test-clean,5142,F,33396,5142-33396-0030,2.765,test-clean/5142/33396/5142-33396-0030.flac,THE THRALLS WERE BRINGING IN A GREAT POT OF MEAT
test-clean,5142,F,33396,5142-33396-0035,3.945,test-clean/5142/33396/5142-33396-0035.flac,DID YOU EVER HAVE SUCH A LORDLY GUEST BEFORE I WENT ON
test-clean,5142,F,33396,5142-33396-0037,3.575,test-clean/5142/33396/5142-33396-0037.flac,HAKON THERE SHALL BE YOUR CONSTANT COMPANION FRIEND FARMER
test-clean,5142,F,33396,5142-33396-0040,2.81,test-clean/5142/33396/5142-33396-0040.flac,AND THESE SHALL FOLLOW YOUR THRALLS IN THE SAME WAY
test-clean,5142,F,33396,5142-33396-0041,2.83,test-clean/5142/33396/5142-33396-0041.flac,SO I SET GUARDS OVER EVERY ONE IN THAT HOUSE
test-clean,5142,F,33396,5142-33396-0049,3.305,test-clean/5142/33396/5142-33396-0049.flac,HERE FRIEND TAKE IT AND HE THRUST IT INTO THE FARMER'S HAND
test-clean,5142,F,33396,5142-33396-0050,2.885,test-clean/5142/33396/5142-33396-0050.flac,MAY YOU DRINK HEART'S EASE FROM IT FOR MANY YEARS
test-clean,5142,F,33396,5142-33396-0053,3.93,test-clean/5142/33396/5142-33396-0053.flac,I TOOK FIVE GREAT BRACELETS OF GOLD FROM OUR TREASURE CHEST AND GAVE THEM TO HIM
test-clean,5142,F,33396,5142-33396-0054,5.745,test-clean/5142/33396/5142-33396-0054.flac,THAT IS THE BEST WAY TO DECIDE FOR THE SPEAR WILL ALWAYS POINT SOMEWHERE AND ONE THING IS AS GOOD AS ANOTHER
test-clean,5142,F,33396,5142-33396-0056,3.07,test-clean/5142/33396/5142-33396-0056.flac,HERE THEY SAID IS A RASCAL WHO HAS BEEN HARRYING OUR COASTS
test-clean,5142,F,33396,5142-33396-0060,2.615,test-clean/5142/33396/5142-33396-0060.flac,TAKE HIM OUT THORKEL AND LET HIM TASTE YOUR SWORD
test-clean,5142,F,33396,5142-33396-0062,2.9,test-clean/5142/33396/5142-33396-0062.flac,NOW SHE PUT HER HAND ON HIS ARM AND SMILED AND SAID
test-clean,5142,F,33396,5142-33396-0064,3.3,test-clean/5142/33396/5142-33396-0064.flac,YOUR FATHER THOUGHT A MOMENT THEN LOOKED AT YOUR MOTHER AND SMILED
test-clean,5142,F,36377,5142-36377-0000,3.38,test-clean/5142/36377/5142-36377-0000.flac,IT WAS ONE OF THE MASTERLY AND CHARMING STORIES OF DUMAS THE ELDER
test-clean,5142,F,36377,5142-36377-0002,5.62,test-clean/5142/36377/5142-36377-0002.flac,THE SOUND OF AN IMPERATIVE AND UNCOMPROMISING BELL RECALLED ME IN DUE TIME TO THE REGIONS OF REALITY
test-clean,5142,F,36377,5142-36377-0003,3.91,test-clean/5142/36377/5142-36377-0003.flac,AMBROSE MET ME AT THE BOTTOM OF THE STAIRS AND SHOWED ME THE WAY TO THE SUPPER ROOM
test-clean,5142,F,36377,5142-36377-0004,5.485,test-clean/5142/36377/5142-36377-0004.flac,SHE SIGNED TO ME WITH A GHOSTLY SOLEMNITY TO TAKE THE VACANT PLACE ON THE LEFT OF HER FATHER
test-clean,5142,F,36377,5142-36377-0006,4.635,test-clean/5142/36377/5142-36377-0006.flac,A NEW MEMBER OF THE FAMILY CIRCLE WHO INSTANTLY ATTRACTED MY ATTENTION ENTERED THE ROOM
test-clean,5142,F,36377,5142-36377-0007,6.18,test-clean/5142/36377/5142-36377-0007.flac,A LITTLE CRACKED THAT IN THE POPULAR PHRASE WAS MY IMPRESSION OF THE STRANGER WHO NOW MADE HIS APPEARANCE IN THE SUPPER ROOM
test-clean,5142,F,36377,5142-36377-0010,4.2949375,test-clean/5142/36377/5142-36377-0010.flac,HE IS NOT WELL HE HAS COME OVER THE OCEAN FOR REST AND CHANGE OF SCENE
test-clean,5142,F,36377,5142-36377-0014,25.415,test-clean/5142/36377/5142-36377-0014.flac,A PRETTY GIRL AND SO FAR AS I COULD JUDGE BY APPEARANCES A GOOD GIRL TOO DESCRIBING HER GENERALLY I MAY SAY THAT SHE HAD A SMALL HEAD WELL CARRIED AND WELL SET ON HER SHOULDERS BRIGHT GRAY EYES THAT LOOKED AT YOU HONESTLY AND MEANT WHAT THEY LOOKED A TRIM SLIGHT LITTLE FIGURE TOO SLIGHT FOR OUR ENGLISH NOTIONS OF BEAUTY A STRONG AMERICAN ACCENT AND A RARE THING IN AMERICA A PLEASANTLY TONED VOICE WHICH MADE THE ACCENT AGREEABLE TO ENGLISH EARS
test-clean,5142,F,36377,5142-36377-0015,4.34,test-clean/5142/36377/5142-36377-0015.flac,OUR FIRST IMPRESSIONS OF PEOPLE ARE IN NINE CASES OUT OF TEN THE RIGHT IMPRESSIONS
test-clean,5142,F,36377,5142-36377-0019,2.415,test-clean/5142/36377/5142-36377-0019.flac,WHEN I ADDRESSED HIM HE ANSWERED CONSTRAINEDLY
test-clean,5142,F,36377,5142-36377-0022,11.245,test-clean/5142/36377/5142-36377-0022.flac,I WISH YOU GOOD NIGHT SHE LAID HER BONY HANDS ON THE BACK OF MISTER MEADOWCROFT'S INVALID CHAIR CUT HIM SHORT IN HIS FAREWELL SALUTATION TO ME AND WHEELED HIM OUT TO HIS BED AS IF SHE WERE WHEELING HIM OUT TO HIS GRAVE
test-clean,5142,F,36600,5142-36600-0001,20.185,test-clean/5142/36600/5142-36600-0001.flac,IN DETERMINING WHETHER TWO OR MORE ALLIED FORMS OUGHT TO BE RANKED AS SPECIES OR VARIETIES NATURALISTS ARE PRACTICALLY GUIDED BY THE FOLLOWING CONSIDERATIONS NAMELY THE AMOUNT OF DIFFERENCE BETWEEN THEM AND WHETHER SUCH DIFFERENCES RELATE TO FEW OR MANY POINTS OF STRUCTURE AND WHETHER THEY ARE OF PHYSIOLOGICAL IMPORTANCE BUT MORE ESPECIALLY WHETHER THEY ARE CONSTANT
test-clean,5639,M,40744,5639-40744-0009,2.375,test-clean/5639/40744/5639-40744-0009.flac,MOTHER DEAR FATHER DO YOU HEAR ME
test-clean,5639,M,40744,5639-40744-0016,9.49,test-clean/5639/40744/5639-40744-0016.flac,ON THE CONTRARY HE RESOLVED TO TELL THEM THAT REPENTING OF HIS VIOLENCE AND MOVED BY HER TEARS HE HAD ONLY CARRIED HER HALF WAY TOWARDS HIS HOUSE AND THEN LET HER GO
test-clean,5639,M,40744,5639-40744-0018,15.4149375,test-clean/5639/40744/5639-40744-0018.flac,THAT WOULD BE VERY WELL MY CHILD REPLIED HER FATHER IF YOUR PLAN WERE NOT LIABLE TO BE FRUSTRATED BY ORDINARY CUNNING BUT NO DOUBT THIS IMAGE HAS BEEN ALREADY MISSED BY ITS OWNER AND HE WILL HAVE SET IT DOWN FOR CERTAIN THAT IT WAS TAKEN OUT OF THE ROOM BY THE PERSON HE LOCKED UP THERE
test-clean,5639,M,40744,5639-40744-0021,10.98,test-clean/5639/40744/5639-40744-0021.flac,SHE MEANWHILE PASSED HER LIFE WITH HER PARENTS IN THE STRICTEST RETIREMENT NEVER LETTING HERSELF BE SEEN BUT SHUNNING EVERY EYE LEST IT SHOULD READ HER MISFORTUNE IN HER FACE
test-clean,5639,M,40744,5639-40744-0035,17.52,test-clean/5639/40744/5639-40744-0035.flac,SHE REFLECTED HOW NEAR SHE STOOD TO THE CRISIS WHICH WAS TO DETERMINE WHETHER SHE WAS TO BE BLESSED OR UNHAPPY FOR EVER AND RACKED BY THE INTENSITY OF HER EMOTIONS SHE SUDDENLY CHANGED COLOUR HER HEAD DROPPED AND SHE FELL FORWARD IN A SWOON INTO THE ARMS OF THE DISMAYED ESTAFANIA
test-clean,5639,M,40744,5639-40744-0037,11.45,test-clean/5639/40744/5639-40744-0037.flac,KNOW THEN SON OF MY HEART THAT THIS FAINTING LADY IS YOUR REAL BRIDE I SAY REAL BECAUSE SHE IS THE ONE WHOM YOUR FATHER AND I HAVE CHOSEN FOR YOU AND THE PORTRAIT WAS A PRETENCE
test-clean,5683,F,32865,5683-32865-0004,7.365,test-clean/5683/32865/5683-32865-0004.flac,WHATEVER LORD CHELFORD SAID MISS BRANDON RECEIVED IT VERY GRACIOUSLY AND EVEN WITH A MOMENTARY SMILE
test-clean,5683,F,32865,5683-32865-0007,6.065,test-clean/5683/32865/5683-32865-0007.flac,I'M GLAD YOU LIKE IT SAYS WYLDER CHUCKLING BENIGNANTLY ON IT OVER HIS SHOULDER
test-clean,5683,F,32865,5683-32865-0008,6.12,test-clean/5683/32865/5683-32865-0008.flac,I BELIEVE I HAVE A LITTLE TASTE THAT WAY THOSE ARE ALL REAL YOU KNOW THOSE JEWELS
test-clean,5683,F,32865,5683-32865-0010,6.335,test-clean/5683/32865/5683-32865-0010.flac,I WAS THINKING IT'S VERY LIKE THE ACE OF HEARTS ANSWERED THE CAPTAIN SOFTLY SMILING ON
test-clean,5683,F,32865,5683-32865-0014,2.615,test-clean/5683/32865/5683-32865-0014.flac,HE'S NOT A MAN FOR COUNTRY QUARTERS
test-clean,5683,F,32865,5683-32865-0016,3.06,test-clean/5683/32865/5683-32865-0016.flac,OH I KNOW THAT'S LORNE BRANDON
test-clean,5683,F,32866,5683-32866-0003,2.865,test-clean/5683/32866/5683-32866-0003.flac,IN THE MEANTIME I HAD FORMED A NEW IDEA OF HER
test-clean,5683,F,32866,5683-32866-0007,4.12,test-clean/5683/32866/5683-32866-0007.flac,IF A FELLOW'S BEEN A LITTLE BIT WILD HE'S BEELZEBUB AT ONCE
test-clean,5683,F,32866,5683-32866-0010,15.03,test-clean/5683/32866/5683-32866-0010.flac,WELL YOU KNOW RADIE WOMEN LIKE WICKED FELLOWS IT IS CONTRAST I SUPPOSE BUT THEY DO AND I'M SURE FROM WHAT BRACTON HAS SAID TO ME I KNOW HIM INTIMATELY THAT DORCAS LIKES HIM AND I CAN'T CONCEIVE WHY THEY ARE NOT MARRIED
test-clean,5683,F,32866,5683-32866-0019,20.855,test-clean/5683/32866/5683-32866-0019.flac,THE MYSTERY OF THEIR ORIGIN THEIR CAPACITY FOR EVOLVING LATENT FACULTIES OF CRIME AND THE STEADY VITALITY WITH WHICH THEY SURVIVE THE HEARSE AND SPEAK THEIR DEEP MOUTHED MALIGNITIES IN EVERY NEW BORN GENERATION HAVE ASSOCIATED THEM SOMEHOW IN MY MIND WITH A SPELL OF LIFE EXCEEDING AND DISTINCT FROM HUMAN AND A SPECIAL SATANIC ACTION
test-clean,5683,F,32866,5683-32866-0020,3.93,test-clean/5683/32866/5683-32866-0020.flac,THE FLOOR MORE THAN ANYTHING ELSE SHOWED THE GREAT AGE OF THE ROOM
test-clean,5683,F,32866,5683-32866-0023,2.745,test-clean/5683/32866/5683-32866-0023.flac,ALL THE FURNITURE BELONGED TO OTHER TIMES
test-clean,5683,F,32866,5683-32866-0024,9.855,test-clean/5683/32866/5683-32866-0024.flac,I SHAN'T TROUBLE YOU ABOUT MY TRAIN OF THOUGHTS OR FANCIES BUT I BEGAN TO FEEL VERY LIKE A GENTLEMAN IN A GHOST STORY WATCHING EXPERIMENTALLY IN A HAUNTED CHAMBER
test-clean,5683,F,32866,5683-32866-0029,2.275,test-clean/5683/32866/5683-32866-0029.flac,SOMEHOW I HAD GROWN NERVOUS
test-clean,5683,F,32879,5683-32879-0002,11.085,test-clean/5683/32879/5683-32879-0002.flac,SO THERE CAME A STEP AND A LITTLE RUSTLING OF FEMININE DRAPERIES THE SMALL DOOR OPENED AND RACHEL ENTERED WITH HER HAND EXTENDED AND A PALE SMILE OF WELCOME
test-clean,5683,F,32879,5683-32879-0007,6.795,test-clean/5683/32879/5683-32879-0007.flac,RACHEL'S PALE AND SHARPENED FEATURES AND DILATED EYE STRUCK HER WITH A PAINFUL SURPRISE
test-clean,5683,F,32879,5683-32879-0010,7.75,test-clean/5683/32879/5683-32879-0010.flac,POOR RACHEL HER NATURE RECOILED FROM DECEIT AND SHE TOLD AT ALL EVENTS AS MUCH OF THE TRUTH AS SHE DARED
test-clean,5683,F,32879,5683-32879-0011,9.21,test-clean/5683/32879/5683-32879-0011.flac,SHE SPOKE WITH A SUDDEN ENERGY WHICH PARTOOK OF FEAR AND PASSION AND FLUSHED HER THIN CHEEK AND MADE HER LANGUID EYES FLASH
test-clean,5683,F,32879,5683-32879-0013,11.495,test-clean/5683/32879/5683-32879-0013.flac,CHELFORD HAD A NOTE FROM MISTER WYLDER THIS MORNING ANOTHER NOTE HIS COMING DELAYED AND SOMETHING OF HIS HAVING TO SEE SOME PERSON WHO IS ABROAD CONTINUED DORCAS AFTER A LITTLE PAUSE
test-clean,5683,F,32879,5683-32879-0014,8.405,test-clean/5683/32879/5683-32879-0014.flac,YES SOMETHING EVERYTHING SAID RACHEL HURRIEDLY LOOKING FROWNINGLY AT A FLOWER WHICH SHE WAS TWIRLING IN HER FINGERS
test-clean,5683,F,32879,5683-32879-0017,14.59,test-clean/5683/32879/5683-32879-0017.flac,OF MARK WYLDER I SAY THIS HIS NAME HAS BEEN FOR YEARS HATEFUL TO ME AND RECENTLY IT HAS BECOME FRIGHTFUL AND YOU WILL PROMISE ME SIMPLY THIS THAT YOU WILL NEVER ASK ME TO SPEAK AGAIN ABOUT HIM
test-clean,5683,F,32879,5683-32879-0018,7.44,test-clean/5683/32879/5683-32879-0018.flac,IT IS AN ANTIPATHY AN ANTIPATHY I CANNOT GET OVER DEAR DORCAS YOU MAY THINK IT A MADNESS BUT DON'T BLAME ME
test-clean,5683,F,32879,5683-32879-0019,6.35,test-clean/5683/32879/5683-32879-0019.flac,I HAVE VERY FEW TO LOVE ME NOW AND I THOUGHT YOU MIGHT LOVE ME AS I HAVE BEGUN TO LOVE YOU
test-clean,5683,F,32879,5683-32879-0020,6.545,test-clean/5683/32879/5683-32879-0020.flac,AND SHE THREW HER ARMS ROUND HER COUSIN'S NECK AND BRAVE RACHEL AT LAST BURST INTO TEARS
test-clean,5683,F,32879,5683-32879-0022,4.175,test-clean/5683/32879/5683-32879-0022.flac,I LIKE YOU STILL RACHEL I'M SURE I'LL ALWAYS LIKE YOU
test-clean,6829,F,68769,6829-68769-0000,11.695,test-clean/6829/68769/6829-68769-0000.flac,KENNETH AND BETH REFRAINED FROM TELLING THE OTHER GIRLS OR UNCLE JOHN OF OLD WILL ROGERS'S VISIT BUT THEY GOT MISTER WATSON IN THE LIBRARY AND QUESTIONED HIM CLOSELY ABOUT THE PENALTY FOR FORGING A CHECK
test-clean,6829,F,68769,6829-68769-0001,9.315,test-clean/6829/68769/6829-68769-0001.flac,IT WAS A SERIOUS CRIME INDEED MISTER WATSON TOLD THEM AND TOM GATES BADE FAIR TO SERVE A LENGTHY TERM IN STATE'S PRISON AS A CONSEQUENCE OF HIS RASH ACT
test-clean,6829,F,68769,6829-68769-0006,7.195,test-clean/6829/68769/6829-68769-0006.flac,IF THE PROSECUTION WERE WITHDRAWN AND THE CASE SETTLED WITH THE VICTIM OF THE FORGED CHECK THEN THE YOUNG MAN WOULD BE ALLOWED HIS FREEDOM
test-clean,6829,F,68769,6829-68769-0010,3.14,test-clean/6829/68769/6829-68769-0010.flac,WE WISH TO TALK WITH HIM ANSWERED KENNETH TALK
test-clean,6829,F,68769,6829-68769-0016,4.12,test-clean/6829/68769/6829-68769-0016.flac,HE UNLOCKED THE DOOR AND CALLED HERE'S VISITORS TOM
test-clean,6829,F,68769,6829-68769-0018,7.11,test-clean/6829/68769/6829-68769-0018.flac,MISS DE GRAF SAID KENNETH NOTICING THE BOY'S FACE CRITICALLY AS HE STOOD WHERE THE LIGHT FROM THE PASSAGE FELL UPON IT
test-clean,6829,F,68769,6829-68769-0022,4.115,test-clean/6829/68769/6829-68769-0022.flac,WE HAVE HEARD SOMETHING OF YOUR STORY SAID KENNETH AND ARE INTERESTED IN IT
test-clean,6829,F,68769,6829-68769-0024,4.945,test-clean/6829/68769/6829-68769-0024.flac,OLD WILL IS A FINE FELLOW BUT POOR AND HELPLESS SINCE MISSUS ROGERS HAD HER ACCIDENT
test-clean,6829,F,68769,6829-68769-0026,4.64,test-clean/6829/68769/6829-68769-0026.flac,HE SPOKE SIMPLY BUT PACED UP AND DOWN THE NARROW CELL IN FRONT OF THEM
test-clean,6829,F,68769,6829-68769-0028,3.29,test-clean/6829/68769/6829-68769-0028.flac,HE IS SUPPOSED TO SIGN ALL THE CHECKS OF THE CONCERN
test-clean,6829,F,68769,6829-68769-0029,2.04,test-clean/6829/68769/6829-68769-0029.flac,IT'S A STOCK COMPANY AND RICH
test-clean,6829,F,68769,6829-68769-0030,4.91,test-clean/6829/68769/6829-68769-0030.flac,I WAS BOOKKEEPER SO IT WAS EASY TO GET A BLANK CHECK AND FORGE THE SIGNATURE
test-clean,6829,F,68769,6829-68769-0031,5.555,test-clean/6829/68769/6829-68769-0031.flac,AS REGARDS MY ROBBING THE COMPANY I'LL SAY THAT I SAVED THEM A HEAVY LOSS ONE DAY
test-clean,6829,F,68769,6829-68769-0040,4.77,test-clean/6829/68769/6829-68769-0040.flac,SOME GIRL HAS BEEN HERE TWICE TO INTERVIEW MY MEN AND I HAVE REFUSED TO ADMIT HER
test-clean,6829,F,68769,6829-68769-0041,2.66,test-clean/6829/68769/6829-68769-0041.flac,I'M NOT ELECTIONEERING JUST NOW
test-clean,6829,F,68769,6829-68769-0042,2.175,test-clean/6829/68769/6829-68769-0042.flac,OH WELL SIR WHAT ABOUT HIM
test-clean,6829,F,68769,6829-68769-0048,6.495,test-clean/6829/68769/6829-68769-0048.flac,GIVE ME A CHECK FOR A HUNDRED AND FIFTY AND I'LL TURN OVER TO YOU THE FORGED CHECK AND QUASH FURTHER PROCEEDINGS
test-clean,6829,F,68769,6829-68769-0053,6.36,test-clean/6829/68769/6829-68769-0053.flac,AND TO THINK WE CAN SAVE ALL THAT MISERY AND DESPAIR BY THE PAYMENT OF A HUNDRED AND FIFTY DOLLARS
test-clean,6829,F,68771,6829-68771-0000,13.315,test-clean/6829/68771/6829-68771-0000.flac,SO TO THE SURPRISE OF THE DEMOCRATIC COMMITTEE AND ALL HIS FRIENDS MISTER HOPKINS ANNOUNCED THAT HE WOULD OPPOSE FORBES'S AGGRESSIVE CAMPAIGN WITH AN EQUAL AGGRESSIVENESS AND SPEND AS MANY DOLLARS IN DOING SO AS MIGHT BE NECESSARY
test-clean,6829,F,68771,6829-68771-0001,10.355,test-clean/6829/68771/6829-68771-0001.flac,ONE OF MISTER HOPKINS'S FIRST TASKS AFTER CALLING HIS FAITHFUL HENCHMEN AROUND HIM WAS TO MAKE A CAREFUL CANVASS OF THE VOTERS OF HIS DISTRICT TO SEE WHAT WAS STILL TO BE ACCOMPLISHED
test-clean,6829,F,68771,6829-68771-0002,8.94,test-clean/6829/68771/6829-68771-0002.flac,THE WEAK KNEED CONTINGENCY MUST BE STRENGTHENED AND FORTIFIED AND A COUPLE OF HUNDRED VOTES IN ONE WAY OR ANOTHER SECURED FROM THE OPPOSITION
test-clean,6829,F,68771,6829-68771-0017,2.39,test-clean/6829/68771/6829-68771-0017.flac,THE HOUSEKEEPER LED THE WAY AND BETH FOLLOWED
test-clean,6829,F,68771,6829-68771-0021,2.61,test-clean/6829/68771/6829-68771-0021.flac,BUT IT CAN'T BE PROTESTED THE GIRL
test-clean,6829,F,68771,6829-68771-0024,6.245,test-clean/6829/68771/6829-68771-0024.flac,FOR THE FIRST TIME THE MAID SEEMED A LITTLE CONFUSED AND HER GAZE WANDERED FROM THE FACE OF HER VISITOR
test-clean,6829,F,68771,6829-68771-0026,2.125,test-clean/6829/68771/6829-68771-0026.flac,ELIZA PARSONS SHOOK HER HEAD
test-clean,6829,F,68771,6829-68771-0029,8.945,test-clean/6829/68771/6829-68771-0029.flac,BETH WAS A BEAUTIFUL GIRL THE HANDSOMEST OF THE THREE COUSINS BY FAR YET ELIZA SURPASSED HER IN NATURAL CHARM AND SEEMED WELL AWARE OF THE FACT
test-clean,6829,F,68771,6829-68771-0030,6.225,test-clean/6829/68771/6829-68771-0030.flac,HER MANNER WAS NEITHER INDEPENDENT NOR ASSERTIVE BUT RATHER ONE OF WELL BRED COMPOSURE AND CALM RELIANCE
test-clean,6829,F,68771,6829-68771-0032,6.555,test-clean/6829/68771/6829-68771-0032.flac,HOWEVER HER FEATURES AND FORM MIGHT REPRESS ANY EVIDENCE OF NERVOUSNESS THESE HANDS TOLD A DIFFERENT STORY
test-clean,6829,F,68771,6829-68771-0034,2.475,test-clean/6829/68771/6829-68771-0034.flac,I WISH I KNEW MYSELF SHE CRIED FIERCELY
test-clean,6829,F,68771,6829-68771-0035,4.39,test-clean/6829/68771/6829-68771-0035.flac,WILL YOU LEAVE ME ALONE IN MY OWN ROOM OR MUST I GO AWAY TO ESCAPE YOU
test-clean,6930,M,75918,6930-75918-0002,5.025,test-clean/6930/75918/6930-75918-0002.flac,CONGRATULATIONS WERE POURED IN UPON THE PRINCESS EVERYWHERE DURING HER JOURNEY
test-clean,6930,M,75918,6930-75918-0003,23.315,test-clean/6930/75918/6930-75918-0003.flac,FROM THE RESPECT PAID HER ON ALL SIDES SHE SEEMED LIKE A QUEEN AND FROM THE ADORATION WITH WHICH SHE WAS TREATED BY TWO OR THREE SHE APPEARED AN OBJECT OF WORSHIP THE QUEEN MOTHER GAVE THE FRENCH THE MOST AFFECTIONATE RECEPTION FRANCE WAS HER NATIVE COUNTRY AND SHE HAD SUFFERED TOO MUCH UNHAPPINESS IN ENGLAND FOR ENGLAND TO HAVE MADE HER FORGET FRANCE
test-clean,6930,M,75918,6930-75918-0004,11.065,test-clean/6930/75918/6930-75918-0004.flac,SHE TAUGHT HER DAUGHTER THEN BY HER OWN AFFECTION FOR IT THAT LOVE FOR A COUNTRY WHERE THEY HAD BOTH BEEN HOSPITABLY RECEIVED AND WHERE A BRILLIANT FUTURE OPENED BEFORE THEM
test-clean,6930,M,75918,6930-75918-0005,13.16,test-clean/6930/75918/6930-75918-0005.flac,THE COUNT HAD THROWN HIMSELF BACK ON HIS SEAT LEANING HIS SHOULDERS AGAINST THE PARTITION OF THE TENT AND REMAINED THUS HIS FACE BURIED IN HIS HANDS WITH HEAVING CHEST AND RESTLESS LIMBS
test-clean,6930,M,75918,6930-75918-0006,5.85,test-clean/6930/75918/6930-75918-0006.flac,THIS HAS INDEED BEEN A HARASSING DAY CONTINUED THE YOUNG MAN HIS EYES FIXED UPON HIS FRIEND
test-clean,6930,M,75918,6930-75918-0008,4.785,test-clean/6930/75918/6930-75918-0008.flac,CAN YOU IMAGINE WHY BUCKINGHAM HAS BEEN SO VIOLENT I SUSPECT
test-clean,6930,M,75918,6930-75918-0009,7.28,test-clean/6930/75918/6930-75918-0009.flac,IT IS YOU WHO ARE MISTAKEN RAOUL I HAVE READ HIS DISTRESS IN HIS EYES IN HIS EVERY GESTURE AND ACTION THE WHOLE DAY
test-clean,6930,M,75918,6930-75918-0011,3.195,test-clean/6930/75918/6930-75918-0011.flac,I AM CONVINCED OF WHAT I SAY SAID THE COUNT
test-clean,6930,M,75918,6930-75918-0014,16.84,test-clean/6930/75918/6930-75918-0014.flac,BUT CONTINUED RAOUL NOT INTERRUPTED BY THIS MOVEMENT OF HIS FRIEND HEAVEN BE PRAISED THE FRENCH WHO ARE PRONOUNCED TO BE THOUGHTLESS AND INDISCREET RECKLESS EVEN ARE CAPABLE OF BRINGING A CALM AND SOUND JUDGMENT TO BEAR ON MATTERS OF SUCH HIGH IMPORTANCE
test-clean,6930,M,75918,6930-75918-0015,6.38,test-clean/6930/75918/6930-75918-0015.flac,THUS IT IS THAT THE HONOR OF THREE IS SAVED OUR COUNTRY'S OUR MASTER'S AND OUR OWN
test-clean,6930,M,75918,6930-75918-0016,10.015,test-clean/6930/75918/6930-75918-0016.flac,YES I NEED REPOSE MANY THINGS HAVE AGITATED ME TO DAY BOTH IN MIND AND BODY WHEN YOU RETURN TO MORROW I SHALL NO LONGER BE THE SAME MAN
test-clean,6930,M,75918,6930-75918-0020,14.4,test-clean/6930/75918/6930-75918-0020.flac,BRAGELONNE WATCHED FOR SOME TIME THE CONDUCT OF THE TWO LOVERS LISTENED TO THE LOUD AND UNCIVIL SLUMBERS OF MANICAMP WHO SNORED AS IMPERIOUSLY AS THOUGH HE WAS WEARING HIS BLUE AND GOLD INSTEAD OF HIS VIOLET SUIT
test-clean,6930,M,76324,6930-76324-0000,3.025,test-clean/6930/76324/6930-76324-0000.flac,GOLIATH MAKES ANOTHER DISCOVERY
test-clean,6930,M,76324,6930-76324-0001,3.2,test-clean/6930/76324/6930-76324-0001.flac,THEY WERE CERTAINLY NO NEARER THE SOLUTION OF THEIR PROBLEM
test-clean,6930,M,76324,6930-76324-0003,3.385,test-clean/6930/76324/6930-76324-0003.flac,NOW WHAT WAS THE SENSE OF IT TWO INNOCENT BABIES LIKE THAT
test-clean,6930,M,76324,6930-76324-0007,2.82,test-clean/6930/76324/6930-76324-0007.flac,NOW WHAT HAVE YOU TO SAY CYNTHIA SPRAGUE
test-clean,6930,M,76324,6930-76324-0008,5.185,test-clean/6930/76324/6930-76324-0008.flac,I THOUGHT WE WERE STUMPED AGAIN WHEN I FIRST SAW THAT PICTURE BUT IT'S BEEN OF SOME USE AFTER ALL
test-clean,6930,M,76324,6930-76324-0025,4.12,test-clean/6930/76324/6930-76324-0025.flac,WHY IT'S GOLIATH AS USUAL THEY BOTH CRIED PEERING IN
test-clean,6930,M,76324,6930-76324-0028,9.875,test-clean/6930/76324/6930-76324-0028.flac,WELL I'M CONVINCED THAT THE BOARDED UP HOUSE MYSTERY HAPPENED NOT EARLIER THAN APRIL SIXTEENTH EIGHTEEN SIXTY ONE AND PROBABLY NOT MUCH LATER
test-clean,6930,M,81414,6930-81414-0002,3.305,test-clean/6930/81414/6930-81414-0002.flac,ONWARD SAID A DISTANT VOICE
test-clean,6930,M,81414,6930-81414-0004,9.56,test-clean/6930/81414/6930-81414-0004.flac,THE STORY OF ITS EVIL INFLUENCE CAME BACK TO ME AND IN MY BEWILDERED CONDITION I WONDERED WHETHER THERE WAS NOT SOME TRUTH IN WHAT HAD BEEN SAID
test-clean,6930,M,81414,6930-81414-0007,4.365,test-clean/6930/81414/6930-81414-0007.flac,NOTHING MORE NOT EVEN THE WRIST TO WHICH IT MIGHT BE ATTACHED
test-clean,6930,M,81414,6930-81414-0008,6.055,test-clean/6930/81414/6930-81414-0008.flac,IT DID NOT BECKON OR INDEED MOVE AT ALL IT WAS AS STILL AS THE HAND OF DEATH
test-clean,6930,M,81414,6930-81414-0013,7.325,test-clean/6930/81414/6930-81414-0013.flac,I HAD SCARCELY KNOWN WHAT I HAD BEEN SAYING OR DOING UP TO THIS TIME BUT AS HE SPOKE I LOOKED AT MY HAND
test-clean,6930,M,81414,6930-81414-0014,7.41,test-clean/6930/81414/6930-81414-0014.flac,IN THE LIGHT OF THE MOON I SAW A KNIFE RED WITH BLOOD AND MY HAND TOO WAS ALSO DISCOLOURED
test-clean,6930,M,81414,6930-81414-0016,2.16,test-clean/6930/81414/6930-81414-0016.flac,BUT THAT IS KAFFAR'S KNIFE
test-clean,6930,M,81414,6930-81414-0019,3.38,test-clean/6930/81414/6930-81414-0019.flac,VOLTAIRE PICKED UP SOMETHING FROM THE GROUND AND LOOKED AT IT
test-clean,6930,M,81414,6930-81414-0021,3.225,test-clean/6930/81414/6930-81414-0021.flac,A TERRIBLE THOUGHT FLASHED INTO MY MIND
test-clean,6930,M,81414,6930-81414-0024,5.05,test-clean/6930/81414/6930-81414-0024.flac,MY TONGUE REFUSED TO ARTICULATE MY POWER OF SPEECH LEFT ME
test-clean,7021,M,79730,7021-79730-0005,8.01,test-clean/7021/79730/7021-79730-0005.flac,SO YOU WILL BE A GOOD GIRL I KNOW AND NOT MAKE ANY TROUBLE BUT WILL STAY AT HOME CONTENTEDLY WON'T YOU
test-clean,7021,M,79730,7021-79730-0006,11.34,test-clean/7021/79730/7021-79730-0006.flac,THE MOTHER IN MANAGING THE CASE IN THIS WAY RELIES PARTLY ON CONVINCING THE REASON OF THE CHILD AND PARTLY ON AN APPEAL TO HER AFFECTION
test-clean,7021,M,79730,7021-79730-0007,12.455,test-clean/7021/79730/7021-79730-0007.flac,IF YOU SHOULD NOT BE A GOOD GIRL BUT SHOULD SHOW SIGNS OF MAKING US ANY TROUBLE I SHALL HAVE TO SEND YOU OUT SOMEWHERE TO THE BACK PART OF THE HOUSE UNTIL WE ARE GONE
test-clean,7021,M,79740,7021-79740-0002,9.225,test-clean/7021/79740/7021-79740-0002.flac,NOW DELIA CONTRIVED TO OBTAIN A GREAT INFLUENCE AND ASCENDENCY OVER THE MINDS OF THE CHILDREN BY MEANS OF THESE DOLLS
test-clean,7021,M,79740,7021-79740-0003,4.985,test-clean/7021/79740/7021-79740-0003.flac,TO GIVE AN IDEA OF THESE CONVERSATIONS I WILL REPORT ONE OF THEM IN FULL
test-clean,7021,M,79740,7021-79740-0005,2.11,test-clean/7021/79740/7021-79740-0005.flac,I AM VERY GLAD
test-clean,7021,M,79740,7021-79740-0007,6.99,test-clean/7021/79740/7021-79740-0007.flac,THEN TURNING TO JANE SHE ASKED IN A SOMEWHAT ALTERED TONE HAS SHE BEEN A GOOD GIRL JANE
test-clean,7021,M,79759,7021-79759-0003,4.62,test-clean/7021/79759/7021-79759-0003.flac,VAST IMPORTANCE AND INFLUENCE OF THIS MENTAL FURNISHING
test-clean,7021,M,85628,7021-85628-0005,5.015,test-clean/7021/85628/7021-85628-0005.flac,SEEING THAT I AM SO FINE I MAY AS WELL GO AND VISIT THE KING
test-clean,7021,M,85628,7021-85628-0006,3.58,test-clean/7021/85628/7021-85628-0006.flac,I AM GOING TO THE COURT BALL ANSWERED ANDERS
test-clean,7021,M,85628,7021-85628-0009,8.54,test-clean/7021/85628/7021-85628-0009.flac,AT THE FARTHER END OF THE LARGEST HALL A TABLE WAS SET WITH GOLDEN CUPS AND GOLDEN PLATES IN LONG ROWS
test-clean,7021,M,85628,7021-85628-0010,8.015,test-clean/7021/85628/7021-85628-0010.flac,ON HUGE SILVER PLATTERS WERE PYRAMIDS OF TARTS AND CAKES AND RED WINE SPARKLED IN GLITTERING DECANTERS
test-clean,7021,M,85628,7021-85628-0013,12.13,test-clean/7021/85628/7021-85628-0013.flac,THE PRINCESS CERTAINLY WAS BEAUTIFUL AND HE WOULD HAVE DEARLY LIKED TO BE KISSED BY HER BUT THE CAP WHICH HIS MOTHER HAD MADE HE WOULD NOT GIVE UP ON ANY CONDITION
test-clean,7021,M,85628,7021-85628-0014,2.295,test-clean/7021/85628/7021-85628-0014.flac,HE ONLY SHOOK HIS HEAD
test-clean,7021,M,85628,7021-85628-0015,11.545,test-clean/7021/85628/7021-85628-0015.flac,WELL BUT NOW SAID THE PRINCESS AND SHE FILLED HIS POCKETS WITH CAKES AND PUT HER OWN HEAVY GOLD CHAIN AROUND HIS NECK AND BENT DOWN AND KISSED HIM
test-clean,7021,M,85628,7021-85628-0016,4.28,test-clean/7021/85628/7021-85628-0016.flac,THAT IS A VERY FINE CAP YOU HAVE HE SAID
test-clean,7021,M,85628,7021-85628-0020,6.45,test-clean/7021/85628/7021-85628-0020.flac,HE DARTED LIKE AN ARROW THROUGH ALL THE HALLS DOWN ALL THE STAIRS AND ACROSS THE YARD
test-clean,7021,M,85628,7021-85628-0023,9.03,test-clean/7021/85628/7021-85628-0023.flac,BUT WHEN HIS BIG BROTHER HEARD THAT HE HAD REFUSED TO GIVE HIS CAP FOR A KING'S GOLDEN CROWN HE SAID THAT ANDERS WAS A STUPID
test-clean,7127,M,75946,7127-75946-0000,19.475,test-clean/7127/75946/7127-75946-0000.flac,AT THE CONCLUSION OF THE BANQUET WHICH WAS SERVED AT FIVE O'CLOCK THE KING ENTERED HIS CABINET WHERE HIS TAILORS WERE AWAITING HIM FOR THE PURPOSE OF TRYING ON THE CELEBRATED COSTUME REPRESENTING SPRING WHICH WAS THE RESULT OF SO MUCH IMAGINATION AND HAD COST SO MANY EFFORTS OF THOUGHT TO THE DESIGNERS AND ORNAMENT WORKERS OF THE COURT
test-clean,7127,M,75946,7127-75946-0001,2.17,test-clean/7127/75946/7127-75946-0001.flac,AH VERY WELL
test-clean,7127,M,75946,7127-75946-0002,13.19,test-clean/7127/75946/7127-75946-0002.flac,LET HIM COME IN THEN SAID THE KING AND AS IF COLBERT HAD BEEN LISTENING AT THE DOOR FOR THE PURPOSE OF KEEPING HIMSELF AU COURANT WITH THE CONVERSATION HE ENTERED AS SOON AS THE KING HAD PRONOUNCED HIS NAME TO THE TWO COURTIERS
test-clean,7127,M,75946,7127-75946-0004,4.49,test-clean/7127/75946/7127-75946-0004.flac,CERTAINLY SIRE BUT I MUST HAVE MONEY TO DO THAT WHAT
test-clean,7127,M,75946,7127-75946-0005,2.67,test-clean/7127/75946/7127-75946-0005.flac,WHAT DO YOU MEAN INQUIRED LOUIS
test-clean,7127,M,75946,7127-75946-0012,9.87,test-clean/7127/75946/7127-75946-0012.flac,THE NEWS CIRCULATED WITH THE RAPIDITY OF LIGHTNING DURING ITS PROGRESS IT KINDLED EVERY VARIETY OF COQUETRY DESIRE AND WILD AMBITION
test-clean,7127,M,75946,7127-75946-0016,11.21,test-clean/7127/75946/7127-75946-0016.flac,THE SEASONS ALLIES OF SPRING FOLLOWED HIM CLOSELY TO FORM A QUADRILLE WHICH AFTER MANY WORDS OF MORE OR LESS FLATTERING IMPORT WAS THE COMMENCEMENT OF THE DANCE
test-clean,7127,M,75946,7127-75946-0018,9.14,test-clean/7127/75946/7127-75946-0018.flac,THERE WAS SOMETHING IN HIS CARRIAGE WHICH RESEMBLED THE BUOYANT MOVEMENTS OF AN IMMORTAL AND HE DID NOT DANCE SO MUCH AS SEEM TO SOAR ALONG
test-clean,7127,M,75946,7127-75946-0019,2.635,test-clean/7127/75946/7127-75946-0019.flac,YES IT IS SUPPRESSED
test-clean,7127,M,75946,7127-75946-0021,3.355,test-clean/7127/75946/7127-75946-0021.flac,YES SIRE AND READY DRESSED FOR THE BALLET
test-clean,7127,M,75946,7127-75946-0023,3.745,test-clean/7127/75946/7127-75946-0023.flac,THE KING SEEMED ONLY PLEASED WITH EVERY ONE PRESENT
test-clean,7127,M,75946,7127-75946-0026,20.15,test-clean/7127/75946/7127-75946-0026.flac,WHEN THE MUSIC BY ITS BURSTS OF MELODY CARRIED AWAY THESE ILLUSTRIOUS DANCERS WHEN THE SIMPLE UNTUTORED PANTOMIME OF THAT PERIOD ONLY THE MORE NATURAL ON ACCOUNT OF THE VERY INDIFFERENT ACTING OF THE AUGUST ACTORS HAD REACHED ITS CULMINATING POINT OF TRIUMPH THE THEATER SHOOK WITH TUMULTUOUS APPLAUSE
test-clean,7127,M,75946,7127-75946-0027,9.675,test-clean/7127/75946/7127-75946-0027.flac,DISDAINFUL OF A SUCCESS OF WHICH MADAME SHOWED NO ACKNOWLEDGEMENT HE THOUGHT OF NOTHING BUT BOLDLY REGAINING THE MARKED PREFERENCE OF THE PRINCESS
test-clean,7127,M,75947,7127-75947-0002,3.235,test-clean/7127/75947/7127-75947-0002.flac,DO YOU THINK SO SHE REPLIED WITH INDIFFERENCE
test-clean,7127,M,75947,7127-75947-0004,1.905,test-clean/7127/75947/7127-75947-0004.flac,EXPLAIN YOURSELF
test-clean,7127,M,75947,7127-75947-0010,8.865,test-clean/7127/75947/7127-75947-0010.flac,WHEN SHE PERCEIVED THE YOUNG MAN SHE ROSE LIKE A WOMAN SURPRISED IN THE MIDST OF IDEAS SHE WAS DESIROUS OF CONCEALING FROM HERSELF
test-clean,7127,M,75947,7127-75947-0012,1.685,test-clean/7127/75947/7127-75947-0012.flac,INDEED AH
test-clean,7127,M,75947,7127-75947-0016,7.48,test-clean/7127/75947/7127-75947-0016.flac,OH MADEMOISELLE WHY HAVE I NOT A DEVOTED SISTER OR A TRUE FRIEND SUCH AS YOURSELF
test-clean,7127,M,75947,7127-75947-0018,4.04,test-clean/7127/75947/7127-75947-0018.flac,I HAVE BEEN HERE THIS QUARTER OF AN HOUR REPLIED LA VALLIERE
test-clean,7127,M,75947,7127-75947-0021,3.995,test-clean/7127/75947/7127-75947-0021.flac,LA VALLIERE IS QUITE A POETESS SAID TONNAY CHARENTE
test-clean,7127,M,75947,7127-75947-0022,12.35,test-clean/7127/75947/7127-75947-0022.flac,I AM A WOMAN AND THERE ARE FEW LIKE ME WHOEVER LOVES ME FLATTERS ME WHOEVER FLATTERS ME PLEASES ME AND WHOEVER PLEASES WELL SAID MONTALAIS YOU DO NOT FINISH
test-clean,7127,M,75947,7127-75947-0026,6.555,test-clean/7127/75947/7127-75947-0026.flac,WELL SAID MADEMOISELLE DE TONNAY CHARENTE I ALSO THINK A GOOD DEAL BUT I TAKE CARE
test-clean,7127,M,75947,7127-75947-0029,5.285,test-clean/7127/75947/7127-75947-0029.flac,THE YOUNG GIRLS HAD INDEED MADE THEMSELVES SMALL INDEED INVISIBLE
test-clean,7127,M,75947,7127-75947-0031,1.92,test-clean/7127/75947/7127-75947-0031.flac,YOU ARE POSITIVE THEN
test-clean,7127,M,75947,7127-75947-0033,8.865,test-clean/7127/75947/7127-75947-0033.flac,HOW IS IT LA VALLIERE SAID MADEMOISELLE DE TONNAY CHARENTE THAT THE VICOMTE DE BRAGELONNE SPOKE OF YOU AS LOUISE
test-clean,7127,M,75947,7127-75947-0035,4.415,test-clean/7127/75947/7127-75947-0035.flac,GOOD GRACIOUS HAS THE KING ANY RIGHT TO INTERFERE IN MATTERS OF THAT KIND
test-clean,7127,M,75947,7127-75947-0037,8.8249375,test-clean/7127/75947/7127-75947-0037.flac,OH I AM SPEAKING SERIOUSLY REPLIED MONTALAIS AND MY OPINION IN THIS CASE IS QUITE AS GOOD AS THE KING'S I SUPPOSE IS IT NOT LOUISE
test-clean,7127,M,75947,7127-75947-0038,11.26,test-clean/7127/75947/7127-75947-0038.flac,LET US RUN THEN SAID ALL THREE AND GRACEFULLY LIFTING UP THE LONG SKIRTS OF THEIR SILK DRESSES THEY LIGHTLY RAN ACROSS THE OPEN SPACE BETWEEN THE LAKE AND THE THICKEST COVERT OF THE PARK
test-clean,7127,M,75947,7127-75947-0039,10.07,test-clean/7127/75947/7127-75947-0039.flac,IN FACT THE SOUND OF MADAME'S AND THE QUEEN'S CARRIAGES COULD BE HEARD IN THE DISTANCE UPON THE HARD DRY GROUND OF THE ROADS FOLLOWED BY THE MOUNTED CAVALIERS
test-clean,7127,M,75947,7127-75947-0040,13.79,test-clean/7127/75947/7127-75947-0040.flac,IN THIS WAY THE FETE OF THE WHOLE COURT WAS A FETE ALSO FOR THE MYSTERIOUS INHABITANTS OF THE FOREST FOR CERTAINLY THE DEER IN THE BRAKE THE PHEASANT ON THE BRANCH THE FOX IN ITS HOLE WERE ALL LISTENING
test-clean,7176,M,88083,7176-88083-0003,7.6,test-clean/7176/88083/7176-88083-0003.flac,BUT HERE HE WAS AT A TERRIBLE DISADVANTAGE AS COMPARED WITH THE OWLS HAWKS AND EAGLES HE HAD NO RENDING CLAWS
test-clean,7176,M,88083,7176-88083-0005,4.7,test-clean/7176/88083/7176-88083-0005.flac,ONCE FAIRLY A WING HOWEVER HE WHEELED AND MADE BACK HURRIEDLY FOR HIS PERCH
test-clean,7176,M,88083,7176-88083-0011,10.06,test-clean/7176/88083/7176-88083-0011.flac,IN FACT HE HAD JUST FINISHED IT THE LAST OF THE TROUT'S TAIL HAD JUST VANISHED WITH A SPASM DOWN HIS STRAINED GULLET WHEN THE BAFFLED HAWK CAUGHT SIGHT OF HIM AND SWOOPED
test-clean,7176,M,88083,7176-88083-0012,5.045,test-clean/7176/88083/7176-88083-0012.flac,THE HAWK ALIGHTED ON THE DEAD BRANCH AND SAT UPRIGHT MOTIONLESS AS IF SURPRISED
test-clean,7176,M,88083,7176-88083-0016,3.92,test-clean/7176/88083/7176-88083-0016.flac,STRAIGHTWAY THE HAWK GLIDED FROM HIS PERCH AND DARTED AFTER HIM
test-clean,7176,M,88083,7176-88083-0018,10.45,test-clean/7176/88083/7176-88083-0018.flac,BUT THIS FREQUENTER OF THE HEIGHTS OF AIR FOR ALL HIS SAVAGE VALOR WAS TROUBLED AT THE LEAPING WAVES AND THE TOSSING FOAM OF THESE MAD RAPIDS HE DID NOT UNDERSTAND THEM
test-clean,7176,M,88083,7176-88083-0024,8.195,test-clean/7176/88083/7176-88083-0024.flac,THE LAST DROP FLY AS LUCK WOULD HAVE IT CAUGHT JUST IN THE CORNER OF THE HAWK'S ANGRILY OPEN BEAK HOOKING ITSELF FIRMLY
test-clean,7176,M,88083,7176-88083-0025,7.38,test-clean/7176/88083/7176-88083-0025.flac,AT THE SUDDEN SHARP STING OF IT THE GREAT BIRD TURNED HIS HEAD AND NOTICED FOR THE FIRST TIME THE FISHERMAN STANDING ON THE BANK
test-clean,7176,M,92135,7176-92135-0003,3.955,test-clean/7176/92135/7176-92135-0003.flac,YOUR PLAY MUST BE NOT MERELY A GOOD PLAY BUT A SUCCESSFUL ONE
test-clean,7176,M,92135,7176-92135-0006,7.795,test-clean/7176/92135/7176-92135-0006.flac,I'VE GOT A LITTLE IDEA FOR A PLAY ABOUT A MAN AND A WOMAN AND ANOTHER WOMAN AND BUT PERHAPS I'D BETTER KEEP THE PLOT A SECRET FOR THE MOMENT
test-clean,7176,M,92135,7176-92135-0007,3.275,test-clean/7176/92135/7176-92135-0007.flac,ANYHOW IT'S JOLLY EXCITING AND I CAN DO THE DIALOGUE ALL RIGHT
test-clean,7176,M,92135,7176-92135-0009,4.38,test-clean/7176/92135/7176-92135-0009.flac,AND I SHOULD BEGIN WITH A SHORT HOMILY ON SOLILOQUY
test-clean,7176,M,92135,7176-92135-0010,2.16,test-clean/7176/92135/7176-92135-0010.flac,HAM TO BE OR NOT TO BE
test-clean,7176,M,92135,7176-92135-0012,16.4,test-clean/7176/92135/7176-92135-0012.flac,INDEED IRRESOLUTION BEING THE KEYNOTE OF HAMLET'S SOLILOQUY A CLEVER PLAYER COULD TO SOME EXTENT INDICATE THE WHOLE THIRTY LINES BY A SILENT WORKING OF THE JAW BUT AT THE SAME TIME IT WOULD BE IDLE TO DENY THAT HE WOULD MISS THE FINER SHADES OF THE DRAMATIST'S MEANING
test-clean,7176,M,92135,7176-92135-0013,3.15,test-clean/7176/92135/7176-92135-0013.flac,WE MODERNS HOWEVER SEE THE ABSURDITY OF IT
test-clean,7176,M,92135,7176-92135-0016,7.545,test-clean/7176/92135/7176-92135-0016.flac,THIS WOULD BE AN EASY WAY OF DOING IT BUT IT WOULD NOT BE THE BEST WAY FOR THE REASON THAT IT IS TOO EASY TO CALL ATTENTION TO ITSELF
test-clean,7176,M,92135,7176-92135-0017,7.17,test-clean/7176/92135/7176-92135-0017.flac,IN THE OLD BADLY MADE PLAY IT WAS FREQUENTLY NECESSARY FOR ONE OF THE CHARACTERS TO TAKE THE AUDIENCE INTO HIS CONFIDENCE
test-clean,7176,M,92135,7176-92135-0020,7.165,test-clean/7176/92135/7176-92135-0020.flac,DOUBLE NINE TWO THREE ELSINORE DOUBLE NINE YES HALLO IS THAT YOU HORATIO HAMLET SPEAKING
test-clean,7176,M,92135,7176-92135-0022,8.23,test-clean/7176/92135/7176-92135-0022.flac,TO BE OR NOT TO BE THAT IS THE QUESTION WHETHER TIS NOBLER IN THE MIND TO SUFFER THE SLINGS AND ARROWS WHAT NO HAMLET SPEAKING
test-clean,7176,M,92135,7176-92135-0023,6.215,test-clean/7176/92135/7176-92135-0023.flac,YOU GAVE ME DOUBLE FIVE I WANT DOUBLE NINE HALLO IS THAT YOU HORATIO HAMLET SPEAKING
test-clean,7176,M,92135,7176-92135-0025,15.74,test-clean/7176/92135/7176-92135-0025.flac,IT IS TO LET HAMLET IF THAT HAPPEN TO BE THE NAME OF YOUR CHARACTER ENTER WITH A SMALL DOG PET FALCON MONGOOSE TAME BEAR OR WHATEVER ANIMAL IS MOST IN KEEPING WITH THE PART AND CONFIDE IN THIS ANIMAL SUCH SORROWS HOPES OR SECRET HISTORY AS THE AUDIENCE HAS GOT TO KNOW
test-clean,7176,M,92135,7176-92135-0026,2.95,test-clean/7176/92135/7176-92135-0026.flac,ENTER HAMLET WITH HIS FAVOURITE BOAR HOUND
test-clean,7176,M,92135,7176-92135-0027,2.835,test-clean/7176/92135/7176-92135-0027.flac,LADY LARKSPUR STARTS SUDDENLY AND TURNS TOWARDS HIM
test-clean,7176,M,92135,7176-92135-0033,2.23,test-clean/7176/92135/7176-92135-0033.flac,RELAPSES INTO SILENCE FOR THE REST OF THE EVENING
test-clean,7176,M,92135,7176-92135-0037,2.86,test-clean/7176/92135/7176-92135-0037.flac,THEN IS THE TIME TO INTRODUCE A MEAL ON THE STAGE
test-clean,7176,M,92135,7176-92135-0040,10.345,test-clean/7176/92135/7176-92135-0040.flac,HOSTESS REPLACES LUMP AND INCLINES EMPTY TEAPOT OVER TRAY FOR A MOMENT THEN HANDS HIM A CUP PAINTED BROWN INSIDE THUS DECEIVING THE GENTLEMAN WITH THE TELESCOPE IN THE UPPER CIRCLE
test-clean,7176,M,92135,7176-92135-0041,4.94,test-clean/7176/92135/7176-92135-0041.flac,RE ENTER BUTLER AND THREE FOOTMEN WHO REMOVE THE TEA THINGS HOSTESS TO GUEST
test-clean,7176,M,92135,7176-92135-0043,13.28,test-clean/7176/92135/7176-92135-0043.flac,TWO BITES ARE MADE AND THE BREAD IS CRUMBLED WITH AN AIR OF GREAT EAGERNESS INDEED ONE FEELS THAT IN REAL LIFE THE GUEST WOULD CLUTCH HOLD OF THE FOOTMAN AND SAY HALF A MO OLD CHAP I HAVEN'T NEARLY FINISHED BUT THE ACTOR IS BETTER SCHOOLED THAN THIS
test-clean,7176,M,92135,7176-92135-0044,5.175,test-clean/7176/92135/7176-92135-0044.flac,BUT IT IS THE CIGARETTE WHICH CHIEFLY HAS BROUGHT THE MODERN DRAMA TO ITS PRESENT STATE OF PERFECTION
test-clean,7729,M,102255,7729-102255-0003,19.8050625,test-clean/7729/102255/7729-102255-0003.flac,FOR GENERAL SERVICE THEREFORE REQUIRING NO SPECIAL EFFORT THE NUMERICAL STRENGTH OF THE FACTIONS WAS ABOUT EQUAL WHILE ON EXTRAORDINARY OCCASIONS THE TWO THOUSAND BORDER RUFFIAN RESERVE LYING A LITTLE FARTHER BACK FROM THE STATE LINE COULD AT ANY TIME EASILY TURN THE SCALE
test-clean,7729,M,102255,7729-102255-0008,19.065,test-clean/7729/102255/7729-102255-0008.flac,ALL THE TERRITORIAL DIGNITARIES WERE PRESENT GOVERNOR SHANNON PRESIDED JOHN CALHOUN THE SURVEYOR GENERAL MADE THE PRINCIPAL SPEECH A DENUNCIATION OF THE ABOLITIONISTS SUPPORTING THE TOPEKA MOVEMENT CHIEF JUSTICE LECOMPTE DIGNIFIED THE OCCASION WITH APPROVING REMARKS
test-clean,7729,M,102255,7729-102255-0016,11.61,test-clean/7729/102255/7729-102255-0016.flac,THE GOVERNOR ON HIS PART BECOMING DOUBTFUL OF THE LEGALITY OF EMPLOYING MISSOURI MILITIA TO ENFORCE KANSAS LAWS WAS ALSO EAGER TO SECURE THE HELP OF FEDERAL TROOPS
test-clean,7729,M,102255,7729-102255-0019,8.93,test-clean/7729/102255/7729-102255-0019.flac,TO EMBARRASS THIS DAMAGING EXPOSURE JUDGE LECOMPTE ISSUED A WRIT AGAINST THE EX GOVERNOR ON A FRIVOLOUS CHARGE OF CONTEMPT
test-clean,7729,M,102255,7729-102255-0024,10.23,test-clean/7729/102255/7729-102255-0024.flac,THE FREE STATE MEN CLUNG TO THEIR PRAIRIE TOWNS AND PRAIRIE RAVINES WITH ALL THE OBSTINACY AND COURAGE OF TRUE DEFENDERS OF THEIR HOMES AND FIRESIDES
test-clean,7729,M,102255,7729-102255-0028,9.6,test-clean/7729/102255/7729-102255-0028.flac,PRIVATE PERSONS WHO HAD LEASED THE FREE STATE HOTEL VAINLY BESOUGHT THE VARIOUS AUTHORITIES TO PREVENT THE DESTRUCTION OF THEIR PROPERTY
test-clean,7729,M,102255,7729-102255-0030,7.25,test-clean/7729/102255/7729-102255-0030.flac,HE SUMMONED HALF A DOZEN CITIZENS TO JOIN HIS POSSE WHO FOLLOWED OBEYED AND ASSISTED HIM
test-clean,7729,M,102255,7729-102255-0033,6.775,test-clean/7729/102255/7729-102255-0033.flac,AS HE HAD PROMISED TO PROTECT THE HOTEL THE REASSURED CITIZENS BEGAN TO LAUGH AT THEIR OWN FEARS
test-clean,8230,M,279154,8230-279154-0000,8.805,test-clean/8230/279154/8230-279154-0000.flac,THE ANALYSIS OF KNOWLEDGE WILL OCCUPY US UNTIL THE END OF THE THIRTEENTH LECTURE AND IS THE MOST DIFFICULT PART OF OUR WHOLE ENTERPRISE
test-clean,8230,M,279154,8230-279154-0023,6.265,test-clean/8230/279154/8230-279154-0023.flac,IN THIS CASE AS IN MOST OTHERS WHAT MAY BE TAKEN AS CERTAIN IN ADVANCE IS RATHER VAGUE
test-clean,8230,M,279154,8230-279154-0027,11.135,test-clean/8230/279154/8230-279154-0027.flac,A GRAMOPHONE BY THE HELP OF SUITABLE RECORDS MIGHT RELATE TO US THE INCIDENTS OF ITS PAST AND PEOPLE ARE NOT SO DIFFERENT FROM GRAMOPHONES AS THEY LIKE TO BELIEVE
test-clean,8230,M,279154,8230-279154-0030,7.28,test-clean/8230/279154/8230-279154-0030.flac,SEMON'S TWO BOOKS MENTIONED IN AN EARLIER LECTURE DO NOT TOUCH KNOWLEDGE MEMORY AT ALL CLOSELY
test-clean,8230,M,279154,8230-279154-0035,7.555,test-clean/8230/279154/8230-279154-0035.flac,THUS NO KNOWLEDGE AS TO THE PAST IS TO BE DERIVED FROM THE FEELING OF FAMILIARITY ALONE
test-clean,8230,M,279154,8230-279154-0037,20.535,test-clean/8230/279154/8230-279154-0037.flac,RECOGNITION IN THIS SENSE DOES NOT NECESSARILY INVOLVE MORE THAN A HABIT OF ASSOCIATION THE KIND OF OBJECT WE ARE SEEING AT THE MOMENT IS ASSOCIATED WITH THE WORD CAT OR WITH AN AUDITORY IMAGE OF PURRING OR WHATEVER OTHER CHARACTERISTIC WE MAY HAPPEN TO RECOGNIZE IN THE CAT OF THE MOMENT
test-clean,8230,M,279154,8230-279154-0039,4.59,test-clean/8230/279154/8230-279154-0039.flac,THIS KNOWLEDGE IS MEMORY IN ONE SENSE THOUGH IN ANOTHER IT IS NOT
test-clean,8455,M,210777,8455-210777-0000,8.745,test-clean/8455/210777/8455-210777-0000.flac,I REMAINED THERE ALONE FOR MANY HOURS BUT I MUST ACKNOWLEDGE THAT BEFORE I LEFT THE CHAMBERS I HAD GRADUALLY BROUGHT MYSELF TO LOOK AT THE MATTER IN ANOTHER LIGHT
test-clean,8455,M,210777,8455-210777-0002,6.24,test-clean/8455/210777/8455-210777-0002.flac,ON ARRIVING AT HOME AT MY OWN RESIDENCE I FOUND THAT OUR SALON WAS FILLED WITH A BRILLIANT COMPANY
test-clean,8455,M,210777,8455-210777-0003,10.72,test-clean/8455/210777/8455-210777-0003.flac,AS I SPOKE I MADE HIM A GRACIOUS BOW AND I THINK I SHOWED HIM BY MY MODE OF ADDRESS THAT I DID NOT BEAR ANY GRUDGE AS TO MY INDIVIDUAL SELF
test-clean,8455,M,210777,8455-210777-0005,5.685,test-clean/8455/210777/8455-210777-0005.flac,WE HAVE OUR LITTLE STRUGGLES HERE AS ELSEWHERE AND ALL THINGS CANNOT BE DONE BY ROSE WATER
test-clean,8455,M,210777,8455-210777-0015,8.615,test-clean/8455/210777/8455-210777-0015.flac,I AND MY WIFE AND SON AND THE TWO CRASWELLERS AND THREE OR FOUR OTHERS AGREED TO DINE ON BOARD THE SHIP ON THE NEXT
test-clean,8455,M,210777,8455-210777-0016,16.2399375,test-clean/8455/210777/8455-210777-0016.flac,THIS I FELT WAS PAID TO ME AS BEING PRESIDENT OF THE REPUBLIC AND I ENDEAVOURED TO BEHAVE MYSELF WITH SUCH MINGLED HUMILITY AND DIGNITY AS MIGHT BEFIT THE OCCASION BUT I COULD NOT BUT FEEL THAT SOMETHING WAS WANTING TO THE SIMPLICITY OF MY ORDINARY LIFE
test-clean,8455,M,210777,8455-210777-0018,5.925,test-clean/8455/210777/8455-210777-0018.flac,THIS SHE SAID WAS TRUE HOSPITALITY AND I AM NOT SURE THAT I DID NOT AGREE WITH HER
test-clean,8455,M,210777,8455-210777-0019,8.105,test-clean/8455/210777/8455-210777-0019.flac,THEN THERE WERE THREE OR FOUR LEADING MEN OF THE COMMUNITY WITH THEIR WIVES WHO WERE FOR THE MOST PART THE FATHERS AND MOTHERS OF THE YOUNG LADIES
test-clean,8455,M,210777,8455-210777-0021,2.715,test-clean/8455/210777/8455-210777-0021.flac,BUT I MEAN TO HAVE MY INNINGS BEFORE LONG
test-clean,8455,M,210777,8455-210777-0022,16.36,test-clean/8455/210777/8455-210777-0022.flac,OF WHAT MISSUS NEVERBEND HAD GONE THROUGH IN PROVIDING BIRDS BEASTS AND FISHES NOT TO TALK OF TARTS AND JELLIES FOR THE DINNER OF THAT DAY NO ONE BUT MYSELF CAN HAVE ANY IDEA BUT IT MUST BE ADMITTED THAT SHE ACCOMPLISHED HER TASK WITH THOROUGH SUCCESS
test-clean,8455,M,210777,8455-210777-0023,4.73,test-clean/8455/210777/8455-210777-0023.flac,WE SAT WITH THE OFFICERS SOME LITTLE TIME AFTER DINNER AND THEN WENT ASHORE
test-clean,8455,M,210777,8455-210777-0027,12.625,test-clean/8455/210777/8455-210777-0027.flac,WHEN THIS CAPTAIN SHOULD HAVE TAKEN HIMSELF AND HIS VESSEL BACK TO ENGLAND I WOULD RETIRE TO A SMALL FARM WHICH I POSSESSED AT THE FARTHEST SIDE OF THE ISLAND AND THERE IN SECLUSION WOULD I END MY DAYS
test-clean,8455,M,210777,8455-210777-0028,7.735,test-clean/8455/210777/8455-210777-0028.flac,JACK WOULD BECOME EVA'S HAPPY HUSBAND AND WOULD REMAIN AMIDST THE HURRIED DUTIES OF THE EAGER WORLD
test-clean,8455,M,210777,8455-210777-0031,7.67,test-clean/8455/210777/8455-210777-0031.flac,YOU HAVE RECEIVED US WITH ALL THAT COURTESY AND HOSPITALITY FOR WHICH YOUR CHARACTER IN ENGLAND STANDS SO HIGH
test-clean,8455,M,210777,8455-210777-0032,2.14,test-clean/8455/210777/8455-210777-0032.flac,IT IS A DUTY SAID I
test-clean,8455,M,210777,8455-210777-0034,7.7,test-clean/8455/210777/8455-210777-0034.flac,NOT A DOUBT BUT HAD YOUR FORCE BEEN ONLY DOUBLE OR TREBLE OUR OWN I SHOULD HAVE FOUND IT MY DUTY TO STRUGGLE WITH YOU
test-clean,8455,M,210777,8455-210777-0035,4.99,test-clean/8455/210777/8455-210777-0035.flac,THAT IS ALL QUITE TRUE MISTER NEVERBEND SAID SIR FERDINANDO BROWN
test-clean,8455,M,210777,8455-210777-0037,4.735,test-clean/8455/210777/8455-210777-0037.flac,YOU HAVE COME TO US THREATENING US WITH ABSOLUTE DESTRUCTION
test-clean,8455,M,210777,8455-210777-0038,10.03,test-clean/8455/210777/8455-210777-0038.flac,THEREFORE I FEEL MYSELF QUITE ABLE AS PRESIDENT OF THIS REPUBLIC TO RECEIVE YOU WITH A COURTESY DUE TO THE SERVANTS OF A FRIENDLY ALLY
test-clean,8455,M,210777,8455-210777-0049,4.11,test-clean/8455/210777/8455-210777-0049.flac,LIEUTENANT CROSSTREES IS A VERY GALLANT OFFICER
test-clean,8455,M,210777,8455-210777-0057,10.81,test-clean/8455/210777/8455-210777-0057.flac,BUT IN THEIR SELECTION OF A CONSTITUTION THE BRITANNULISTS HAVE UNFORTUNATELY ALLOWED THEMSELVES BUT ONE DELIBERATIVE ASSEMBLY AND HENCE HAVE SPRUNG THEIR PRESENT DIFFICULTIES
test-clean,8455,M,210777,8455-210777-0058,7.16,test-clean/8455/210777/8455-210777-0058.flac,IT IS FOUNDED ON THE ACKNOWLEDGED WEAKNESS OF THOSE WHO SURVIVE THAT PERIOD OF LIFE AT WHICH MEN CEASE TO WORK
test-clean,8455,M,210777,8455-210777-0064,3.835,test-clean/8455/210777/8455-210777-0064.flac,AND I HAVE NO ONE READY TO WHOM I CAN GIVE UP THE ARCHIVES OF THE GOVERNMENT
test-clean,8455,M,210777,8455-210777-0065,3.915,test-clean/8455/210777/8455-210777-0065.flac,I SHALL BE HAPPY TO TAKE CHARGE OF THEM SAID SIR FERDINANDO
test-clean,8455,M,210777,8455-210777-0067,3.755,test-clean/8455/210777/8455-210777-0067.flac,OR OF THE HABITS OF OUR PEOPLE IT IS QUITE IMPOSSIBLE
test-clean,8455,M,210777,8455-210777-0069,8.915,test-clean/8455/210777/8455-210777-0069.flac,IF YOU WILL GIVE US YOUR PROMISE TO MEET CAPTAIN BATTLEAX HERE AT THIS TIME TO MORROW WE WILL STRETCH A POINT AND DELAY THE DEPARTURE OF THE JOHN BRIGHT FOR TWENTY FOUR HOURS
test-clean,8463,F,287645,8463-287645-0001,3.545,test-clean/8463/287645/8463-287645-0001.flac,IT IS HARDLY NECESSARY TO SAY MORE OF THEM HERE
test-clean,8463,F,287645,8463-287645-0002,12.92,test-clean/8463/287645/8463-287645-0002.flac,FROM THE MANNER IN WHICH HE EXPRESSED HIMSELF WITH REGARD TO ROBERT HOLLAN NO MAN IN THE WHOLE RANGE OF HIS RECOLLECTIONS WILL BE LONGER REMEMBERED THAN HE HIS ENTHRALMENT WHILE UNDER HOLLAN WILL HARDLY EVER BE FORGOTTEN
test-clean,8463,F,287645,8463-287645-0009,3.71,test-clean/8463/287645/8463-287645-0009.flac,I NEVER KNEW OF BUT ONE MAN WHO COULD EVER PLEASE HIM
test-clean,8463,F,287645,8463-287645-0011,6.38,test-clean/8463/287645/8463-287645-0011.flac,SHE WAS A LARGE HOMELY WOMAN THEY WERE COMMON WHITE PEOPLE WITH NO REPUTATION IN THE COMMUNITY
test-clean,8463,F,294825,8463-294825-0000,2.695,test-clean/8463/294825/8463-294825-0000.flac,IT'S ALMOST BEYOND CONJECTURE
test-clean,8463,F,294825,8463-294825-0001,7.805,test-clean/8463/294825/8463-294825-0001.flac,THIS REALITY BEGINS TO EXPLAIN THE DARK POWER AND OTHERWORLDLY FASCINATION OF TWENTY THOUSAND LEAGUES UNDER THE SEAS
test-clean,8463,F,294825,8463-294825-0002,10.56,test-clean/8463/294825/8463-294825-0002.flac,FIRST AS A PARIS STOCKBROKER LATER AS A CELEBRATED AUTHOR AND YACHTSMAN HE WENT ON FREQUENT VOYAGES TO BRITAIN AMERICA THE MEDITERRANEAN
test-clean,8463,F,294825,8463-294825-0003,9.935,test-clean/8463/294825/8463-294825-0003.flac,NEMO BUILDS A FABULOUS FUTURISTIC SUBMARINE THE NAUTILUS THEN CONDUCTS AN UNDERWATER CAMPAIGN OF VENGEANCE AGAINST HIS IMPERIALIST OPPRESSOR
test-clean,8463,F,294825,8463-294825-0004,3.68,test-clean/8463/294825/8463-294825-0004.flac,IN ALL THE NOVEL HAD A DIFFICULT GESTATION
test-clean,8463,F,294825,8463-294825-0011,2.1799375,test-clean/8463/294825/8463-294825-0011.flac,HE'S SWIFTLY PUNISHED
test-clean,8463,F,294825,8463-294825-0012,5.9650625,test-clean/8463/294825/8463-294825-0012.flac,THE NAUTILUS NEARLY PERISHES IN THE ANTARCTIC AND NEMO SINKS INTO A GROWING DEPRESSION
test-clean,8463,F,294825,8463-294825-0016,4.475,test-clean/8463/294825/8463-294825-0016.flac,MILLIGRAM ROUGHLY ONE TWENTY EIGHT THOUSAND OF AN OUNCE
test-clean,8463,F,294825,8463-294825-0019,3.39,test-clean/8463/294825/8463-294825-0019.flac,MILLIMETER ROUGHLY ONE TWENTY FIFTH OF AN INCH
test-clean,8463,F,294828,8463-294828-0000,3.615,test-clean/8463/294828/8463-294828-0000.flac,CHAPTER THREE AS MASTER WISHES
test-clean,8463,F,294828,8463-294828-0002,6.19,test-clean/8463/294828/8463-294828-0002.flac,EVEN SO I HAD JUST RETURNED FROM AN ARDUOUS JOURNEY EXHAUSTED AND BADLY NEEDING A REST
test-clean,8463,F,294828,8463-294828-0003,9.34,test-clean/8463/294828/8463-294828-0003.flac,I WANTED NOTHING MORE THAN TO SEE MY COUNTRY AGAIN MY FRIENDS MY MODEST QUARTERS BY THE BOTANICAL GARDENS MY DEARLY BELOVED COLLECTIONS
test-clean,8463,F,294828,8463-294828-0009,4.17,test-clean/8463/294828/8463-294828-0009.flac,NOT ONCE DID HE COMMENT ON THE LENGTH OR THE HARDSHIPS OF A JOURNEY
test-clean,8463,F,294828,8463-294828-0011,3.91,test-clean/8463/294828/8463-294828-0011.flac,HE WENT HERE THERE AND EVERYWHERE IN PERFECT CONTENTMENT
test-clean,8463,F,294828,8463-294828-0015,4.88,test-clean/8463/294828/8463-294828-0015.flac,CONSEIL I CALLED A THIRD TIME CONSEIL APPEARED
test-clean,8463,F,294828,8463-294828-0016,3.295,test-clean/8463/294828/8463-294828-0016.flac,DID MASTER SUMMON ME HE SAID ENTERING
test-clean,8463,F,294828,8463-294828-0020,5.915,test-clean/8463/294828/8463-294828-0020.flac,YES WE ARE CERTAINLY I REPLIED EVASIVELY BUT AFTER WE MAKE A DETOUR
test-clean,8463,F,294828,8463-294828-0021,2.735,test-clean/8463/294828/8463-294828-0021.flac,A ROUTE SLIGHTLY LESS DIRECT THAT'S ALL
test-clean,8463,F,294828,8463-294828-0023,4.745,test-clean/8463/294828/8463-294828-0023.flac,YOU SEE MY FRIEND IT'S AN ISSUE OF THE MONSTER THE NOTORIOUS NARWHALE
test-clean,8463,F,294828,8463-294828-0024,1.975,test-clean/8463/294828/8463-294828-0024.flac,WE DON'T KNOW WHERE IT WILL TAKE US
test-clean,8463,F,294828,8463-294828-0026,2.745,test-clean/8463/294828/8463-294828-0026.flac,WE HAVE A COMMANDER WHO'S GAME FOR ANYTHING
test-clean,8463,F,294828,8463-294828-0027,5.98,test-clean/8463/294828/8463-294828-0027.flac,I LEFT INSTRUCTIONS FOR SHIPPING MY CONTAINERS OF STUFFED ANIMALS AND DRIED PLANTS TO PARIS FRANCE
test-clean,8463,F,294828,8463-294828-0032,4.395,test-clean/8463/294828/8463-294828-0032.flac,IN PERSON WELCOME ABOARD PROFESSOR YOUR CABIN IS WAITING FOR YOU
test-clean,8463,F,294828,8463-294828-0036,6.985,test-clean/8463/294828/8463-294828-0036.flac,THE WHARVES OF BROOKLYN AND EVERY PART OF NEW YORK BORDERING THE EAST RIVER WERE CROWDED WITH CURIOSITY SEEKERS
test-clean,8463,F,294828,8463-294828-0037,5.37,test-clean/8463/294828/8463-294828-0037.flac,DEPARTING FROM FIVE HUNDRED THOUSAND THROATS THREE CHEERS BURST FORTH IN SUCCESSION
test-clean,8463,F,294828,8463-294828-0038,13.14,test-clean/8463/294828/8463-294828-0038.flac,THOUSANDS OF HANDKERCHIEFS WERE WAVING ABOVE THESE TIGHTLY PACKED MASSES HAILING THE ABRAHAM LINCOLN UNTIL IT REACHED THE WATERS OF THE HUDSON RIVER AT THE TIP OF THE LONG PENINSULA THAT FORMS NEW YORK CITY
test-clean,8555,F,284447,8555-284447-0001,8.61,test-clean/8555/284447/8555-284447-0001.flac,HOLD HIM FAST MY MEN AND AS SOON AS I'VE HAD MY COFFEE AND OATMEAL I'LL TAKE HIM TO THE ROOM OF THE GREAT KNIFE AND PATCH HIM
test-clean,8555,F,284447,8555-284447-0002,8.025,test-clean/8555/284447/8555-284447-0002.flac,I WOULDN'T MIND A CUP O COFFEE MYSELF SAID CAP'N BILL I'VE HAD CONSID'BLE EXERCISE THIS MORNIN AND I'M ALL READY FOR BREAKFAS
test-clean,8555,F,284447,8555-284447-0003,4.415,test-clean/8555/284447/8555-284447-0003.flac,BUT CAP'N BILL MADE NO SUCH ATTEMPT KNOWING IT WOULD BE USELESS
test-clean,8555,F,284447,8555-284447-0009,3.275,test-clean/8555/284447/8555-284447-0009.flac,MORNIN GIRLS HOPE YE FEEL AS WELL AS YE LOOK
test-clean,8555,F,284447,8555-284447-0010,12.93,test-clean/8555/284447/8555-284447-0010.flac,CONTROL YOURSELVES MY DEARS REPLIED THE BOOLOOROO THE WORST PUNISHMENT I KNOW HOW TO INFLICT ON ANYONE THIS PRISONER IS ABOUT TO SUFFER YOU'LL SEE A VERY PRETTY PATCHING MY ROYAL DAUGHTERS
test-clean,8555,F,284447,8555-284447-0011,1.955,test-clean/8555/284447/8555-284447-0011.flac,SUPPOSE IT'S A FRIEND
test-clean,8555,F,284447,8555-284447-0012,2.275,test-clean/8555/284447/8555-284447-0012.flac,THE CAPTAIN SHOOK HIS HEAD
test-clean,8555,F,284447,8555-284447-0019,10.28,test-clean/8555/284447/8555-284447-0019.flac,BEFORE ANY COULD STOP HIM HE BUTTED HIS MAJESTY SO FURIOUSLY THAT THE KING SOARED FAR INTO THE AIR AND TUMBLED IN A HEAP AMONG THE BENCHES WHERE HE LAY MOANING AND GROANING
test-clean,8555,F,284447,8555-284447-0023,7.155,test-clean/8555/284447/8555-284447-0023.flac,I COULDN'T SHIVER MUCH BEIN BOUND SO TIGHT BUT WHEN I'M LOOSE I MEAN TO HAVE JUS ONE GOOD SHIVER TO RELIEVE MY FEELIN'S
test-clean,8555,F,284449,8555-284449-0000,12.04,test-clean/8555/284449/8555-284449-0000.flac,SO THEY WERE QUITE WILLING TO OBEY THE ORDERS OF THEIR GIRL QUEEN AND IN A SHORT TIME THE BLASTS OF TRUMPETS AND ROLL OF DRUMS AND CLASHING OF CYMBALS TOLD TROT AND CAP'N BILL THAT THE BLUE BANDS HAD ASSEMBLED BEFORE THE PALACE
test-clean,8555,F,284449,8555-284449-0001,8.63,test-clean/8555/284449/8555-284449-0001.flac,THEN THEY ALL MARCHED OUT A LITTLE WAY INTO THE FIELDS AND FOUND THAT THE ARMY OF PINKIES HAD ALREADY FORMED AND WAS ADVANCING STEADILY TOWARD THEM
test-clean,8555,F,284449,8555-284449-0003,8.875,test-clean/8555/284449/8555-284449-0003.flac,WHEN THE BLUESKINS SAW GHIP GHISIZZLE THEY RAISED ANOTHER GREAT SHOUT FOR HE WAS THE FAVORITE OF THE SOLDIERS AND VERY POPULAR WITH ALL THE PEOPLE
test-clean,8555,F,284449,8555-284449-0004,13.9,test-clean/8555/284449/8555-284449-0004.flac,SINCE LAST THURSDAY I GHIP GHISIZZLE HAVE BEEN THE LAWFUL BOOLOOROO OF THE BLUE COUNTRY BUT NOW THAT YOU ARE CONQUERED BY QUEEN TROT I SUPPOSE I AM CONQUERED TOO AND YOU HAVE NO BOOLOOROO AT ALL
test-clean,8555,F,284449,8555-284449-0012,9.87,test-clean/8555/284449/8555-284449-0012.flac,I'LL GLADLY DO THAT PROMISED THE NEW BOOLOOROO AND I'LL FEED THE HONORABLE GOAT ALL THE SHAVINGS AND LEATHER AND TIN CANS HE CAN EAT BESIDES THE GRASS
test-clean,8555,F,284449,8555-284449-0019,7.61,test-clean/8555/284449/8555-284449-0019.flac,THAT EVENING TROT GAVE A GRAND BALL IN THE PALACE TO WHICH THE MOST IMPORTANT OF THE PINKIES AND THE BLUESKINS WERE INVITED
test-clean,8555,F,292519,8555-292519-0000,14.9,test-clean/8555/292519/8555-292519-0000.flac,BRIGHTER THAN EARLY DAWN'S MOST BRILLIANT DYE ARE BLOWN CLEAR BANDS OF COLOR THROUGH THE SKY THAT SWIRL AND SWEEP AND MEET TO BREAK AND FOAM LIKE RAINBOW VEILS UPON A BUBBLE'S DOME
test-clean,8555,F,292519,8555-292519-0005,9.575,test-clean/8555/292519/8555-292519-0005.flac,WHILE THE OLD GOLD AND THE MARBLE STAYS FOREVER GLEAMING ITS SOFT STRONG BLAZE CALM IN THE EARLY EVENING GLOW
test-clean,8555,F,292519,8555-292519-0008,6.025,test-clean/8555/292519/8555-292519-0008.flac,OVER THE TRACK LINED CITY STREET THE YOUNG MEN THE GRINNING MEN PASS
test-other,367,F,130732,367-130732-0002,11.28,test-other/367/130732/367-130732-0002.flac,THIS QUESTION AND ANSWER MIGHT WELL GO INTO THE PRIMER OF INFORMATION FOR THOSE WHO COME TO SAN FRANCISCO FROM THE EAST FOR WHAT IS CALLED A LOBSTER IN SAN FRANCISCO IS NOT A LOBSTER AT ALL BUT A CRAYFISH
test-other,367,F,130732,367-130732-0004,5.875,test-other/367/130732/367-130732-0004.flac,A BOOK COULD BE WRITTEN ABOUT THIS RESTAURANT AND THEN ALL WOULD NOT BE TOLD FOR ALL ITS SECRETS CAN NEVER BE KNOWN
test-other,367,F,130732,367-130732-0005,15.555,test-other/367/130732/367-130732-0005.flac,IT WAS HERE THAT MOST MAGNIFICENT DINNERS WERE ARRANGED IT WAS HERE THAT EXTRAORDINARY DISHES WERE CONCOCTED BY CHEFS OF WORLD WIDE FAME IT WAS HERE THAT LOBSTER A LA NEWBERG REACHED ITS HIGHEST PERFECTION AND THIS IS THE RECIPE THAT WAS FOLLOWED WHEN IT WAS PREPARED IN THE DELMONICO
test-other,367,F,130732,367-130732-0007,9.785,test-other/367/130732/367-130732-0007.flac,ONE POUND OF LOBSTER MEAT ONE TEASPOONFUL OF BUTTER ONE HALF PINT OF CREAM YOLKS OF FOUR EGGS ONE WINE GLASS OF SHERRY LOBSTER FAT
test-other,367,F,130732,367-130732-0008,4.295,test-other/367/130732/367-130732-0008.flac,PUT THIS IN A DOUBLE BOILER AND LET COOK UNTIL THICK STIRRING CONSTANTLY
test-other,367,F,130732,367-130732-0015,2.28,test-other/367/130732/367-130732-0015.flac,GOBEY'S CRAB STEW
test-other,367,F,130732,367-130732-0018,4.215,test-other/367/130732/367-130732-0018.flac,CHOP FINE THE ONION SWEET PEPPER AND TOMATO WITH THE ROSEMARY
test-other,367,F,130732,367-130732-0019,7.795,test-other/367/130732/367-130732-0019.flac,HEAT THIS IN A STEWPAN AND WHEN SIMMERING ADD THE SHERRY AND CRAB MEAT AND LET ALL COOK TOGETHER WITH A SLOW FIRE FOR EIGHT MINUTES
test-other,367,F,130732,367-130732-0021,2.46,test-other/367/130732/367-130732-0021.flac,LOBSTER IN MINIATURE
test-other,367,F,130732,367-130732-0026,18.52,test-other/367/130732/367-130732-0026.flac,TAKE THIRTY CRAWFISH FROM WHICH REMOVE THE GUT CONTAINING THE GALL IN THE FOLLOWING MANNER TAKE FIRM HOLD OF THE CRAWFISH WITH THE LEFT HAND SO AS TO AVOID BEING PINCHED BY ITS CLAWS WITH THE THUMB AND FOREFINGER OF THE RIGHT HAND PINCH THE EXTREME END OF THE CENTRAL FIN OF THE TAIL AND WITH A SUDDEN JERK THE GUT WILL BE WITHDRAWN
test-other,367,F,293981,367-293981-0001,4.96,test-other/367/293981/367-293981-0001.flac,I SAY SO CONTINUED DON QUIXOTE BECAUSE I HATE TAKING AWAY ANYONE'S GOOD NAME
test-other,367,F,293981,367-293981-0003,9.575,test-other/367/293981/367-293981-0003.flac,THOUGH YOUR WORSHIP WAS NOT SO BADLY OFF HAVING IN YOUR ARMS THAT INCOMPARABLE BEAUTY YOU SPOKE OF BUT I WHAT DID I HAVE EXCEPT THE HEAVIEST WHACKS I THINK I HAD IN ALL MY LIFE
test-other,367,F,293981,367-293981-0005,3.445,test-other/367/293981/367-293981-0005.flac,DIDN'T I SAY SO WORSE LUCK TO MY LINE SAID SANCHO
test-other,367,F,293981,367-293981-0006,6.175,test-other/367/293981/367-293981-0006.flac,IT CANNOT BE THE MOOR ANSWERED DON QUIXOTE FOR THOSE UNDER ENCHANTMENT DO NOT LET THEMSELVES BE SEEN BY ANYONE
test-other,367,F,293981,367-293981-0009,3.295,test-other/367/293981/367-293981-0009.flac,THE OFFICER TURNED TO HIM AND SAID WELL HOW GOES IT GOOD MAN
test-other,367,F,293981,367-293981-0013,7.96,test-other/367/293981/367-293981-0013.flac,DON QUIXOTE CONSENTED AND HE TAKING IT WITH BOTH HANDS IN GOOD FAITH AND WITH A BETTER WILL GULPED DOWN AND DRAINED OFF VERY LITTLE LESS THAN HIS MASTER
test-other,367,F,293981,367-293981-0016,3.11,test-other/367/293981/367-293981-0016.flac,THEN THIS IS AN INN SAID DON QUIXOTE
test-other,367,F,293981,367-293981-0020,17.29,test-other/367/293981/367-293981-0020.flac,SANCHO TOOK IT AND AS HE WAS RAISING IT TO HIS MOUTH HE WAS STOPPED BY THE CRIES OF HIS MASTER EXCLAIMING SANCHO MY SON DRINK NOT WATER DRINK IT NOT MY SON FOR IT WILL KILL THEE SEE HERE I HAVE THE BLESSED BALSAM AND HE HELD UP THE FLASK OF LIQUOR AND WITH DRINKING TWO DROPS OF IT THOU WILT CERTAINLY BE RESTORED
test-other,533,F,1066,533-1066-0001,9.17,test-other/533/1066/533-1066-0001.flac,I KNEW WELL ENOUGH THAT HE MIGHT BE CARRIED THOUSANDS OF MILES IN THE BOX CAR LOCKED IN PERHAPS WITHOUT WATER OR FOOD
test-other,533,F,1066,533-1066-0003,5.83,test-other/533/1066/533-1066-0003.flac,FORTUNATELY WARNER AND THE DETECTIVES WERE KEEPING BACHELOR HALL IN THE LODGE
test-other,533,F,1066,533-1066-0004,9.02,test-other/533/1066/533-1066-0004.flac,OUT OF DEFERENCE TO LIDDY THEY WASHED THEIR DISHES ONCE A DAY AND THEY CONCOCTED QUEER MESSES ACCORDING TO THEIR SEVERAL ABILITIES
test-other,533,F,1066,533-1066-0005,9.02,test-other/533/1066/533-1066-0005.flac,MISS INNES HE SAID STOPPING ME AS I WAS ABOUT TO GO TO MY ROOM UP STAIRS HOW ARE YOUR NERVES TONIGHT
test-other,533,F,1066,533-1066-0007,8.32,test-other/533/1066/533-1066-0007.flac,I MEAN HE PERSISTED DO YOU FEEL AS THOUGH YOU COULD GO THROUGH WITH SOMETHING RATHER UNUSUAL
test-other,533,F,1066,533-1066-0009,3.98,test-other/533/1066/533-1066-0009.flac,SOMETHING IS GOING TO OCCUR HE SAID
test-other,533,F,1066,533-1066-0013,16.335,test-other/533/1066/533-1066-0013.flac,THERE WERE A FEW PREPARATIONS TO BE MADE THE LOCKS TO BE GONE OVER WINTERS TO BE INSTRUCTED AS TO RENEWED VIGILANCE AND THEN AFTER EXTINGUISHING THE HALL LIGHT WE CREPT IN THE DARKNESS THROUGH THE FRONT DOOR AND INTO THE NIGHT
test-other,533,F,1066,533-1066-0022,5.425,test-other/533/1066/533-1066-0022.flac,THERE'S ONE THING SURE I'LL NOT BE SUSPECTED OF COMPLICITY
test-other,533,F,131556,533-131556-0003,12.125,test-other/533/131556/533-131556-0003.flac,I SOMETIMES THINK I OUGHT TO GIVE HIM CREDIT FOR THE GOOD FEELING HE SIMULATES SO WELL AND THEN AGAIN I THINK IT IS MY DUTY TO SUSPECT HIM UNDER THE PECULIAR CIRCUMSTANCES IN WHICH I AM PLACED
test-other,533,F,131556,533-131556-0004,2.815,test-other/533/131556/533-131556-0004.flac,I HAVE DONE WELL TO RECORD THEM SO MINUTELY
test-other,533,F,131556,533-131556-0006,11.12,test-other/533/131556/533-131556-0006.flac,I AM TOO WELL ACQUAINTED WITH YOUR CHARACTER AND CONDUCT TO FEEL ANY REAL FRIENDSHIP FOR YOU AND AS I AM WITHOUT YOUR TALENT FOR DISSIMULATION I CANNOT ASSUME THE APPEARANCE OF IT
test-other,533,F,131556,533-131556-0008,5.29,test-other/533/131556/533-131556-0008.flac,YOU MAY GO MILICENT AND SHE'LL FOLLOW IN A WHILE MILICENT WENT
test-other,533,F,131556,533-131556-0009,3.93,test-other/533/131556/533-131556-0009.flac,WILL YOU OBLIGE ME HELEN CONTINUED SHE
test-other,533,F,131556,533-131556-0013,7.475,test-other/533/131556/533-131556-0013.flac,SHE COLOURED AGAIN EXCESSIVELY AND REMAINED SILENT PRESSING HER FINGER AGAINST HER TEETH AND GAZING INTO THE FIRE
test-other,533,F,131556,533-131556-0017,6.42,test-other/533/131556/533-131556-0017.flac,SHE PAUSED IN EVIDENT DISCONCERTION AND PERPLEXITY MINGLED WITH ANGER SHE DARED NOT SHOW
test-other,533,F,131556,533-131556-0025,2.71,test-other/533/131556/533-131556-0025.flac,HOW DARE YOU MENTION HIS NAME TO ME
test-other,533,F,131562,533-131562-0001,8.45,test-other/533/131562/533-131562-0001.flac,THE KEYS OF YOUR CABINET DESK DRAWERS AND WHATEVER ELSE YOU POSSESS SAID HE RISING AND HOLDING OUT HIS HAND
test-other,533,F,131562,533-131562-0002,6.11,test-other/533/131562/533-131562-0002.flac,THE KEY OF MY DESK IN FACT WAS AT THAT MOMENT IN THE LOCK AND THE OTHERS WERE ATTACHED TO IT
test-other,533,F,131562,533-131562-0003,5.75,test-other/533/131562/533-131562-0003.flac,NOW THEN SNEERED HE WE MUST HAVE A CONFISCATION OF PROPERTY
test-other,533,F,131562,533-131562-0008,4.59,test-other/533/131562/533-131562-0008.flac,I DIDN'T SAY I'D BROKEN IT DID I RETURNED HE
test-other,533,F,131562,533-131562-0010,9.18,test-other/533/131562/533-131562-0010.flac,AND AS FOR THE HOUSEHOLD MATTERS MISSUS GREAVES MUST BE VERY PARTICULAR IN KEEPING HER ACCOUNTS WE MUST GO UPON AN ENTIRELY NEW PLAN
test-other,533,F,131562,533-131562-0015,4.89,test-other/533/131562/533-131562-0015.flac,I KNOW THAT DAY AFTER DAY SUCH FEELINGS WILL RETURN UPON ME
test-other,533,F,131562,533-131562-0016,6.26,test-other/533/131562/533-131562-0016.flac,I TRY TO LOOK TO HIM AND RAISE MY HEART TO HEAVEN BUT IT WILL CLEAVE TO THE DUST
test-other,533,F,131564,533-131564-0008,6.23,test-other/533/131564/533-131564-0008.flac,BUT TELL ME SHOULD YOU WISH YOUR SONS TO BE LIKE MISTER HUNTINGDON OR EVEN LIKE YOURSELF
test-other,533,F,131564,533-131564-0009,3.06,test-other/533/131564/533-131564-0009.flac,OH NO I COULDN'T STAND THAT
test-other,533,F,131564,533-131564-0010,2.16,test-other/533/131564/533-131564-0010.flac,FIRE AND FURY
test-other,533,F,131564,533-131564-0015,2.68,test-other/533/131564/533-131564-0015.flac,I KNOW THEY ARE BLESS THEM
test-other,533,F,131564,533-131564-0018,20.745,test-other/533/131564/533-131564-0018.flac,THE FORMER WAS FULL OF TROUBLE AND ANGUISH NOT ACCUSING HIM BUT DEEPLY REGRETTING HIS CONNECTION WITH HIS PROFLIGATE COMPANIONS ABUSING MISTER GRIMSBY AND OTHERS INSINUATING BITTER THINGS AGAINST MISTER HUNTINGDON AND MOST INGENIOUSLY THROWING THE BLAME OF HER HUSBAND'S MISCONDUCT ON TO OTHER MEN'S SHOULDERS
test-other,533,F,131564,533-131564-0021,4.4,test-other/533/131564/533-131564-0021.flac,GOD HELP ME THEN FOR I'M SURE I NEED IT
test-other,533,F,131564,533-131564-0026,3.915,test-other/533/131564/533-131564-0026.flac,YOU NEVER TRIED ME MILLY SAID HE
test-other,1688,M,142285,1688-142285-0000,15.0,test-other/1688/142285/1688-142285-0000.flac,THERE'S IRON THEY SAY IN ALL OUR BLOOD AND A GRAIN OR TWO PERHAPS IS GOOD BUT HIS HE MAKES ME HARSHLY FEEL HAS GOT A LITTLE TOO MUCH OF STEEL ANON
test-other,1688,M,142285,1688-142285-0002,2.835,test-other/1688/142285/1688-142285-0002.flac,YOU DON'T MEAN THAT YOU THOUGHT ME SO SILLY
test-other,1688,M,142285,1688-142285-0006,8.14,test-other/1688/142285/1688-142285-0006.flac,I DON'T THINK MISTER HALE YOU HAVE DONE QUITE RIGHT IN INTRODUCING SUCH A PERSON TO US WITHOUT TELLING US WHAT HE HAD BEEN
test-other,1688,M,142285,1688-142285-0012,3.32,test-other/1688/142285/1688-142285-0012.flac,NO ONE CAME FORWARDS TO HELP THE MOTHER AND THIS BOY
test-other,1688,M,142285,1688-142285-0013,10.18,test-other/1688/142285/1688-142285-0013.flac,AT LEAST NO FRIEND CAME FORWARDS IMMEDIATELY AND MISSUS THORNTON IS NOT ONE I FANCY TO WAIT TILL TARDY KINDNESS COMES TO FIND HER OUT
test-other,1688,M,142285,1688-142285-0015,2.91,test-other/1688/142285/1688-142285-0015.flac,HOW TAINTED ASKED HER FATHER
test-other,1688,M,142285,1688-142285-0023,2.585,test-other/1688/142285/1688-142285-0023.flac,HOWEVER OUT IT CAME
test-other,1688,M,142285,1688-142285-0025,3.4,test-other/1688/142285/1688-142285-0025.flac,AND I DO SAID HER FATHER LAUGHING
test-other,1688,M,142285,1688-142285-0032,16.85,test-other/1688/142285/1688-142285-0032.flac,BUT THOUGH SHE RECEIVED CARESSES AND FOND WORDS BACK AGAIN IN SUCH PROFUSION AS WOULD HAVE GLADDENED HER FORMERLY YET SHE FELT THAT THERE WAS A SECRET WITHHELD FROM HER AND SHE BELIEVED IT BORE SERIOUS REFERENCE TO HER MOTHER'S HEALTH
test-other,1688,M,142285,1688-142285-0033,8.685,test-other/1688/142285/1688-142285-0033.flac,SHE LAY AWAKE VERY LONG THIS NIGHT PLANNING HOW TO LESSEN THE EVIL INFLUENCE OF THEIR MILTON LIFE ON HER MOTHER
test-other,1688,M,142285,1688-142285-0036,5.165,test-other/1688/142285/1688-142285-0036.flac,ONE AFTERNOON SHE MET BESSY HIGGINS IN THE STREET AND STOPPED TO SPEAK TO HER
test-other,1688,M,142285,1688-142285-0038,4.17,test-other/1688/142285/1688-142285-0038.flac,BETTER AND NOT BETTER IF YO KNOW WHAT THAT MEANS
test-other,1688,M,142285,1688-142285-0041,6.94,test-other/1688/142285/1688-142285-0041.flac,MARGARET TURNED ROUND TO WALK ALONGSIDE OF THE GIRL IN HER FEEBLE PROGRESS HOMEWARD
test-other,1688,M,142285,1688-142285-0045,5.81,test-other/1688/142285/1688-142285-0045.flac,BESSY WAS SILENT IN HER TURN FOR A MINUTE OR TWO THEN SHE REPLIED
test-other,1688,M,142285,1688-142285-0047,1.76,test-other/1688/142285/1688-142285-0047.flac,BUT WHAT WAS IT
test-other,1688,M,142285,1688-142285-0048,8.25,test-other/1688/142285/1688-142285-0048.flac,YOU KNOW I'M A STRANGER HERE SO PERHAPS I'M NOT SO QUICK AT UNDERSTANDING WHAT YOU MEAN AS IF I'D LIVED ALL MY LIFE AT MILTON
test-other,1688,M,142285,1688-142285-0049,5.08,test-other/1688/142285/1688-142285-0049.flac,I HAD FORGOTTEN WHAT I SAID FOR THE TIME CONTINUED MARGARET QUIETLY
test-other,1688,M,142285,1688-142285-0055,2.39,test-other/1688/142285/1688-142285-0055.flac,GASPED BESSY AT LAST
test-other,1688,M,142285,1688-142285-0059,3.56,test-other/1688/142285/1688-142285-0059.flac,NOW I'LL NOT HAVE MY WENCH PREACHED TO
test-other,1688,M,142285,1688-142285-0061,3.13,test-other/1688/142285/1688-142285-0061.flac,I BELIEVE WHAT I SEE AND NO MORE
test-other,1688,M,142285,1688-142285-0062,2.775,test-other/1688/142285/1688-142285-0062.flac,THAT'S WHAT I BELIEVE YOUNG WOMAN
test-other,1688,M,142285,1688-142285-0065,4.17,test-other/1688/142285/1688-142285-0065.flac,IT'S SIMPLE AND NOT FAR TO FETCH NOR HARD TO WORK
test-other,1688,M,142285,1688-142285-0066,3.135,test-other/1688/142285/1688-142285-0066.flac,BUT THE GIRL ONLY PLEADED THE MORE WITH MARGARET
test-other,1688,M,142285,1688-142285-0067,3.845,test-other/1688/142285/1688-142285-0067.flac,DON'T THINK HARDLY ON HIM HE'S A GOOD MAN HE IS
test-other,1688,M,142285,1688-142285-0069,5.255,test-other/1688/142285/1688-142285-0069.flac,THE FEVERISH COLOUR CAME INTO HER CHEEK AND THE FEVERISH FLAME INTO HER EYE
test-other,1688,M,142285,1688-142285-0070,4.13,test-other/1688/142285/1688-142285-0070.flac,BUT YOU WILL BE THERE FATHER YOU SHALL OH MY HEART
test-other,1688,M,142285,1688-142285-0073,7.46,test-other/1688/142285/1688-142285-0073.flac,PRESENTLY THE SPASM THAT FORESHADOWED DEATH HAD PASSED AWAY AND BESSY ROUSED HERSELF AND SAID
test-other,1688,M,142285,1688-142285-0074,11.13,test-other/1688/142285/1688-142285-0074.flac,I'LL GO TO BED IT'S BEST PLACE BUT CATCHING AT MARGARET'S GOWN YO'LL COME AGAIN I KNOW YO WILL BUT JUST SAY IT
test-other,1688,M,142285,1688-142285-0080,3.48,test-other/1688/142285/1688-142285-0080.flac,SUPPOSE I TRY SAID MISTER HALE
test-other,1688,M,142285,1688-142285-0083,4.21,test-other/1688/142285/1688-142285-0083.flac,WHAT WOULD YOU DO PAPA HOW WOULD YOU SET ABOUT IT
test-other,1998,F,15444,1998-15444-0000,13.315,test-other/1998/15444/1998-15444-0000.flac,IF CALLED TO A CASE SUPPOSED OR SUSPECTED TO BE ONE OF POISONING THE MEDICAL MAN HAS TWO DUTIES TO PERFORM TO SAVE THE PATIENT'S LIFE AND TO PLACE HIMSELF IN A POSITION TO GIVE EVIDENCE IF CALLED ON TO DO SO
test-other,1998,F,15444,1998-15444-0009,7.555,test-other/1998/15444/1998-15444-0009.flac,APOMORPHINE IS NOT ALLIED IN PHYSIOLOGICAL ACTION TO MORPHINE AND MAY BE GIVEN IN CASES OF NARCOTIC POISONING
test-other,1998,F,15444,1998-15444-0010,4.375,test-other/1998/15444/1998-15444-0010.flac,TICKLING THE FAUCES WITH A FEATHER MAY EXCITE VOMITING
test-other,1998,F,15444,1998-15444-0011,11.785,test-other/1998/15444/1998-15444-0011.flac,IN USING THE ELASTIC STOMACH TUBE SOME FLUID SHOULD BE INTRODUCED INTO THE STOMACH BEFORE ATTEMPTING TO EMPTY IT OR A PORTION OF THE MUCOUS MEMBRANE MAY BE SUCKED INTO THE APERTURE
test-other,1998,F,15444,1998-15444-0014,5.63,test-other/1998/15444/1998-15444-0014.flac,IN THE ABSENCE OF A HYPODERMIC SYRINGE THE REMEDY MAY BE GIVEN BY THE RECTUM
test-other,1998,F,15444,1998-15444-0020,9.42,test-other/1998/15444/1998-15444-0020.flac,THE RESIDUE MAY BE SET ASIDE FOR THE DETECTION OF THE METALLIC POISONS IF SUSPECTED EXPEL THE ALCOHOL BY CAREFUL EVAPORATION
test-other,1998,F,15444,1998-15444-0025,11.805,test-other/1998/15444/1998-15444-0025.flac,TO PURIFY IT ADD A SMALL QUANTITY OF DILUTE SULPHURIC ACID AND AFTER EVAPORATING TO THREE QUARTERS OF ITS BULK ADD A SATURATED SOLUTION OF CARBONATE OF POTASH OR SODA
test-other,1998,F,15444,1998-15444-0026,11.55,test-other/1998/15444/1998-15444-0026.flac,BOIL THE FINELY DIVIDED SUBSTANCE WITH ABOUT ONE EIGHTH ITS BULK OF PURE HYDROCHLORIC ACID ADD FROM TIME TO TIME POTASSIC CHLORATE UNTIL THE SOLIDS ARE REDUCED TO A STRAW YELLOW FLUID
test-other,1998,F,29454,1998-29454-0005,4.08,test-other/1998/29454/1998-29454-0005.flac,HE HAD NEVER SEEN ONE BEFORE AND IT INTERESTED HIM EXTREMELY
test-other,1998,F,29454,1998-29454-0009,1.89,test-other/1998/29454/1998-29454-0009.flac,HERE WE ARE SAID THE MAN
test-other,1998,F,29454,1998-29454-0012,2.64,test-other/1998/29454/1998-29454-0012.flac,AND THE TEA AND ALL AN THE EGG
test-other,1998,F,29454,1998-29454-0014,2.28,test-other/1998/29454/1998-29454-0014.flac,I SHALL CATCH IT A FAIR TREAT AS IT IS
test-other,1998,F,29454,1998-29454-0015,4.46,test-other/1998/29454/1998-29454-0015.flac,SHE WAS WAITIN FOR THE WOOD TO BOIL THE KETTLE WHEN I COME OUT MOTHER
test-other,1998,F,29454,1998-29454-0021,2.62,test-other/1998/29454/1998-29454-0021.flac,I AIN'T IT YER HAVE I LIKE WHAT YER AUNT DO
test-other,1998,F,29454,1998-29454-0026,6.66,test-other/1998/29454/1998-29454-0026.flac,HE TOOK OUT OF HIS POCKET A NEW ENVELOPE A NEW SHEET OF PAPER AND A NEW PENCIL READY SHARPENED BY MACHINERY
test-other,1998,F,29454,1998-29454-0028,2.325,test-other/1998/29454/1998-29454-0028.flac,GET IT WROTE DOWN THEN DONE
test-other,1998,F,29454,1998-29454-0039,6.59,test-other/1998/29454/1998-29454-0039.flac,SO YOU SHALL SAID MISTER BEALE A REG'LER WASH ALL OVER THIS VERY NIGHT I ALWAYS LIKE A WASH MESELF
test-other,1998,F,29454,1998-29454-0044,3.635,test-other/1998/29454/1998-29454-0044.flac,BLESS ME SAID MISTER BEALE UNCOMFORTABLY WELL THERE
test-other,1998,F,29455,1998-29455-0001,9.015,test-other/1998/29455/1998-29455-0001.flac,WHAT'S ALL THAT THERE DICKIE ASKED POINTING TO THE ODD KNOBBLY BUNDLES OF ALL SORTS AND SHAPES TIED ON TO THE PERAMBULATOR'S FRONT
test-other,1998,F,29455,1998-29455-0002,3.89,test-other/1998/29455/1998-29455-0002.flac,TELL YER WHAT MATE LOOKS TO ME AS IF I'D TOOK A FANCY TO YOU
test-other,1998,F,29455,1998-29455-0003,2.21,test-other/1998/29455/1998-29455-0003.flac,SWELP ME HE SAID HELPLESSLY
test-other,1998,F,29455,1998-29455-0007,1.995,test-other/1998/29455/1998-29455-0007.flac,HI THERE GOES A RABBIT
test-other,1998,F,29455,1998-29455-0009,3.735,test-other/1998/29455/1998-29455-0009.flac,HOW BEAUTIFUL SAID DICKIE WRIGGLING WITH DELIGHT
test-other,1998,F,29455,1998-29455-0015,4.01,test-other/1998/29455/1998-29455-0015.flac,POOR LITTLE MAN SAID THE LADY YOU MISS YOUR MOTHER DON'T YOU
test-other,1998,F,29455,1998-29455-0017,7.98,test-other/1998/29455/1998-29455-0017.flac,THE TWO TRAVELLERS WERE LEFT FACING EACH OTHER THE RICHER BY A PENNY AND OH WONDERFUL GOOD FORTUNE A WHOLE HALF CROWN
test-other,1998,F,29455,1998-29455-0019,7.57,test-other/1998/29455/1998-29455-0019.flac,YOU STICK TO THAT SAID BEALE RADIANT WITH DELIGHT YOU'RE A FAIR MASTERPIECE YOU ARE YOU EARNED IT HONEST IF EVER A KID DONE
test-other,1998,F,29455,1998-29455-0020,4.31,test-other/1998/29455/1998-29455-0020.flac,THEY WENT ON UP THE HILL AS HAPPY AS ANY ONE NEED WISH TO BE
test-other,1998,F,29455,1998-29455-0022,3.245,test-other/1998/29455/1998-29455-0022.flac,REMEMBER THAT NEITHER OF THEM KNEW ANY BETTER
test-other,1998,F,29455,1998-29455-0028,4.77,test-other/1998/29455/1998-29455-0028.flac,BLESSED IF I EVER SEE SUCH A NIPPER HE SAID OVER AND OVER AGAIN
test-other,1998,F,29455,1998-29455-0033,4.475,test-other/1998/29455/1998-29455-0033.flac,SEE THAT BLOKE JUST NOW SAID MISTER BEALE YUSS SAID DICKIE
test-other,2033,M,164914,2033-164914-0000,9.075,test-other/2033/164914/2033-164914-0000.flac,REPLIED HE OF A TRUTH I HEARD HIM NOT AND I WOT HIM NOT AND FOLKS ARE ALL SLEEPING
test-other,2033,M,164914,2033-164914-0011,8.945,test-other/2033/164914/2033-164914-0011.flac,BUT TAKE THESE HUNDRED DINERS AND GIVE THEM TO THE SINGER AND BRING HIM TO ME GENTLY AND DO HIM NO HURT
test-other,2033,M,164914,2033-164914-0013,2.6049375,test-other/2033/164914/2033-164914-0013.flac,WHEN IT WAS THE SEVENTY THIRD NIGHT
test-other,2033,M,164914,2033-164914-0017,18.33,test-other/2033/164914/2033-164914-0017.flac,THEN HE KISSED THE EUNUCH'S HEAD AND SPAKE HIM FAIR TILL HE WENT AWAY BUT THE CASTRATO FETCHED A ROUND AND RETURNING SECRETLY CAME AND STOOD BEHIND THE FIREMAN FEARING TO GO BACK TO HIS MISTRESS WITHOUT TIDINGS
test-other,2033,M,164914,2033-164914-0021,21.25,test-other/2033/164914/2033-164914-0021.flac,WE WILL DO THEE NO UPRIGHT O MY SON NOR WRONG THEE IN AUGHT BUT OUR OBJECT IS THAT THOU BEND THY GRACIOUS STEPS WITH ME TO MY MISTRESS TO RECEIVE HER ANSWER AND RETURN IN WEAL AND SAFETY AND THOU SHALT HAVE A HANDSOME PRESENT AS ONE WHO BRINGETH GOOD NEWS
test-other,2033,M,164914,2033-164914-0022,17.9099375,test-other/2033/164914/2033-164914-0022.flac,THEN THE EUNUCH WENT OUT TO ZAU AL MAKAN AND SAID TO HIM RECITE WHAT VERSES THOU KNOWEST FOR MY LADY IS HERE HARD BY LISTENING TO THEE AND AFTER I WILL ASK THEE OF THY NAME AND THY NATIVE COUNTRY AND THY CONDITION
test-other,2033,M,164915,2033-164915-0000,2.05,test-other/2033/164915/2033-164915-0000.flac,AND ALSO THESE
test-other,2033,M,164915,2033-164915-0002,10.3,test-other/2033/164915/2033-164915-0002.flac,WHEN THE EUNUCH SAW THIS CASE HE WONDERED AT THEM AND THROWING OVER THEM SOMEWHAT TO COVER THEM WAITED TILL THEY SHOULD RECOVER
test-other,2033,M,164915,2033-164915-0005,4.64,test-other/2033/164915/2033-164915-0005.flac,BUT NOW GO TO THY MASTER AND BRING HIM QUICKLY TO ME
test-other,2033,M,164915,2033-164915-0012,6.48,test-other/2033/164915/2033-164915-0012.flac,THEN THE EUNUCH CRIED UPON THE PAGES SAYING TAKE HIM OFF THE ASS
test-other,2033,M,164915,2033-164915-0017,22.92,test-other/2033/164915/2033-164915-0017.flac,AND AMONGST THEM WERE SOME WHO WOULD HAVE CHOSEN THE CADET ZAU AL MAKAN FOR QUOTH THEY HIS NAME BE LIGHT OF THE PLACE AND HE HATH A SISTER NUZHAT AL ZAMAN HIGHS THE DELIGHT OF THE TIME BUT THEY SET OUT FIVE YEARS AGO FOR AL HIJAZ AND NONE WOTTETH WHAT IS BECOME OF THEM
test-other,2033,M,164916,2033-164916-0002,14.07,test-other/2033/164916/2033-164916-0002.flac,WHEN THE MINISTER HEARD THESE WORDS HE REJOICED WITH GREAT JOY AND SAID O CHAMBERLAIN TELL ME THE TALE OF THE TWAIN AND WHAT BEFEL THEM AND THE CAUSE OF THEIR LONG ABSENCE
test-other,2033,M,164916,2033-164916-0004,6.79,test-other/2033/164916/2033-164916-0004.flac,THEN HE ADDED O MY UNCLE HOW SHALL I DO WITH MY BROTHER SHARRKAN
test-other,2033,M,164916,2033-164916-0007,5.665,test-other/2033/164916/2033-164916-0007.flac,AND IN IT ALL REJOICED AT THE ACCESSION OF THE LIGHT OF THE PLACE
test-other,2033,M,164916,2033-164916-0010,8.16,test-other/2033/164916/2033-164916-0010.flac,HE THEN REPAIRED TO THE HEART OF THE ENCAMPMENT AND ORDERED THE HOST TO HALT TEN DAYS
test-other,2414,M,128291,2414-128291-0003,2.685,test-other/2414/128291/2414-128291-0003.flac,WHAT DO I HERE SEEK
test-other,2414,M,128291,2414-128291-0005,10.65,test-other/2414/128291/2414-128291-0005.flac,FOR I TELL THEE THAT I HAVE ALREADY TALKED HALF A MORNING UNTO THEM AND JUST NOW WERE THEY ABOUT TO GIVE ME THEIR ANSWER
test-other,2414,M,128291,2414-128291-0007,6.83,test-other/2414/128291/2414-128291-0007.flac,WHO HATH NOT AT PRESENT HIS HEART HIS MOUTH AND HIS EYES FULL OF DISGUST
test-other,2414,M,128291,2414-128291-0010,5.65,test-other/2414/128291/2414-128291-0010.flac,THE KINE HOWEVER GAZED AT IT ALL AND WONDERED
test-other,2414,M,128291,2414-128291-0011,11.23,test-other/2414/128291/2414-128291-0011.flac,WANTON AVIDITY BILIOUS ENVY CAREWORN REVENGE POPULACE PRIDE ALL THESE STRUCK MINE EYE
test-other,2414,M,128291,2414-128291-0012,3.965,test-other/2414/128291/2414-128291-0012.flac,IT IS NO LONGER TRUE THAT THE POOR ARE BLESSED
test-other,2414,M,128291,2414-128291-0013,9.77,test-other/2414/128291/2414-128291-0013.flac,THE KINGDOM OF HEAVEN HOWEVER IS WITH THE KINE AND WHY IS IT NOT WITH THE RICH
test-other,2414,M,128291,2414-128291-0014,3.3349375,test-other/2414/128291/2414-128291-0014.flac,WHY DOST THOU TEMPT ME
test-other,2414,M,128291,2414-128291-0019,6.205,test-other/2414/128291/2414-128291-0019.flac,THEY ALSO ABSTAIN FROM ALL HEAVY THOUGHTS WHICH INFLATE THE HEART
test-other,2414,M,128291,2414-128291-0020,1.25,test-other/2414/128291/2414-128291-0020.flac,WELL
test-other,2414,M,128291,2414-128291-0023,6.975,test-other/2414/128291/2414-128291-0023.flac,NOW HOWEVER TAKE LEAVE AT ONCE OF THY KINE THOU STRANGE ONE
test-other,2414,M,128291,2414-128291-0025,4.51,test-other/2414/128291/2414-128291-0025.flac,FOR THEY ARE THY WARMEST FRIENDS AND PRECEPTORS
test-other,2414,M,128291,2414-128291-0026,2.28,test-other/2414/128291/2414-128291-0026.flac,THOU EVIL FLATTERER
test-other,2414,M,128292,2414-128292-0005,4.7849375,test-other/2414/128292/2414-128292-0005.flac,VERILY MY FOLLY HATH GROWN BIG IN THE MOUNTAINS
test-other,2414,M,128292,2414-128292-0013,2.465,test-other/2414/128292/2414-128292-0013.flac,MUST I EVER BE ON THE WAY
test-other,2414,M,128292,2414-128292-0017,3.2,test-other/2414/128292/2414-128292-0017.flac,SOMETIMES I MEANT TO LIE AND BEHOLD
test-other,2414,M,128292,2414-128292-0018,3.555,test-other/2414/128292/2414-128292-0018.flac,THEN ONLY DID I HIT THE TRUTH
test-other,2414,M,128292,2414-128292-0020,2.215,test-other/2414/128292/2414-128292-0020.flac,HAVE I STILL A GOAL
test-other,2414,M,128292,2414-128292-0023,6.615,test-other/2414/128292/2414-128292-0023.flac,O ETERNAL EVERYWHERE O ETERNAL NOWHERE O ETERNAL IN VAIN
test-other,2414,M,128292,2414-128292-0026,5.57,test-other/2414/128292/2414-128292-0026.flac,THY DANGER IS NOT SMALL THOU FREE SPIRIT AND WANDERER
test-other,2414,M,128292,2414-128292-0030,2.35,test-other/2414/128292/2414-128292-0030.flac,THOU HAST LOST THY GOAL
test-other,2414,M,159411,2414-159411-0003,7.27,test-other/2414/159411/2414-159411-0003.flac,I WILL NEVER BE SO UNGRATEFUL ONLY LET ME OUT THAT I MAY DRINK SOME WATER AND RETURN
test-other,2414,M,159411,2414-159411-0006,4.675,test-other/2414/159411/2414-159411-0006.flac,ON WHAT MUST I GIVE JUDGMENT ASKED THE BANYAN TREE
test-other,2414,M,159411,2414-159411-0007,15.375,test-other/2414/159411/2414-159411-0007.flac,THIS TIGER SAID THE BRAHMAN BEGGED ME TO LET HIM OUT OF HIS CAGE TO DRINK A LITTLE WATER AND HE PROMISED NOT TO HURT ME IF I DID SO BUT NOW THAT I HAVE LET HIM OUT HE WISHES TO EAT ME
test-other,2414,M,159411,2414-159411-0008,3.26,test-other/2414/159411/2414-159411-0008.flac,IS IT JUST THAT HE SHOULD DO SO OR NO
test-other,2414,M,159411,2414-159411-0016,12.48,test-other/2414/159411/2414-159411-0016.flac,THE BRAHMAN STATED THE CASE AND THE EAGLE ANSWERED WHENEVER MEN SEE ME THEY TRY TO SHOOT ME THEY CLIMB THE ROCKS AND STEAL AWAY MY LITTLE ONES
test-other,2414,M,159411,2414-159411-0024,6.355,test-other/2414/159411/2414-159411-0024.flac,WHEN THEY GOT THERE THE JACKAL SAID NOW BRAHMAN SHOW ME EXACTLY WHERE YOU STOOD
test-other,2414,M,159411,2414-159411-0028,8.38,test-other/2414/159411/2414-159411-0028.flac,WHY I STOOD SO SAID THE TIGER JUMPING INTO THE CAGE AND MY HEAD WAS ON THIS SIDE
test-other,2414,M,159411,2414-159411-0030,3.175,test-other/2414/159411/2414-159411-0030.flac,SHUT AND BOLTED SAID THE BRAHMAN
test-other,2414,M,159411,2414-159411-0033,6.66,test-other/2414/159411/2414-159411-0033.flac,WHEN THE GOOD BRAHMAN OPENED YOUR CAGE DOOR IS TO EAT HIM THE ONLY RETURN YOU WOULD MAKE
test-other,2609,M,156975,2609-156975-0000,4.49,test-other/2609/156975/2609-156975-0000.flac,THEN MOSES WAS AFRAID AND SAID SURELY THE THING IS KNOWN
test-other,2609,M,156975,2609-156975-0005,6.505,test-other/2609/156975/2609-156975-0005.flac,THE ABSENCE OF DETAILED REFERENCE TO THE HEBREWS IS THEREFORE PERFECTLY NATURAL
test-other,2609,M,156975,2609-156975-0007,19.91,test-other/2609/156975/2609-156975-0007.flac,THE STORIES REGARDING JOSEPH THE TRADITIONAL FATHER OF EPHRAIM AND MANASSEH IMPLY THAT THESE STRONG CENTRAL TRIBES POSSIBLY TOGETHER WITH THE SOUTHERN TRIBES OF BENJAMIN AND JUDAH WERE THE CHIEF ACTORS IN THIS OPENING SCENE IN ISRAEL'S HISTORY
test-other,2609,M,156975,2609-156975-0008,7.11,test-other/2609/156975/2609-156975-0008.flac,THE BIBLICAL NARRATIVES APPARENTLY DISAGREE REGARDING THE DURATION OF THE SOJOURN IN EGYPT
test-other,2609,M,156975,2609-156975-0009,4.32,test-other/2609/156975/2609-156975-0009.flac,THE LATER TRADITIONS TEND TO EXTEND THE PERIOD
test-other,2609,M,156975,2609-156975-0012,5.63,test-other/2609/156975/2609-156975-0012.flac,THAT THE HEBREWS WERE RESTIVE UNDER THIS TYRANNY WAS NATURAL INEVITABLE
test-other,2609,M,156975,2609-156975-0017,7.925,test-other/2609/156975/2609-156975-0017.flac,IS PEONAGE ALWAYS DISASTROUS NOT ONLY TO ITS VICTIMS BUT ALSO TO THE GOVERNMENT IMPOSING IT
test-other,2609,M,156975,2609-156975-0018,3.37,test-other/2609/156975/2609-156975-0018.flac,NATURALLY HE WENT TO THE LAND OF MIDIAN
test-other,2609,M,156975,2609-156975-0021,8.32,test-other/2609/156975/2609-156975-0021.flac,ON THE BORDERS OF THE WILDERNESS HE FOUND CERTAIN BEDOUIN HERDSMEN WHO RECEIVED HIM HOSPITABLY
test-other,2609,M,156975,2609-156975-0026,8.46,test-other/2609/156975/2609-156975-0026.flac,THE PRIEST OF THE SUB TRIBE OF THE KENITES RECEIVED HIM INTO HIS HOME AND GAVE HIM HIS DAUGHTER IN MARRIAGE
test-other,2609,M,156975,2609-156975-0027,4.56,test-other/2609/156975/2609-156975-0027.flac,NOTE THE CHARACTERISTIC ORIENTAL IDEA OF MARRIAGE
test-other,2609,M,156975,2609-156975-0034,10.69,test-other/2609/156975/2609-156975-0034.flac,THE CRUEL FATE OF HIS PEOPLE AND THE PAINFUL EXPERIENCE IN EGYPT THAT HAD DRIVEN HIM INTO THE WILDERNESS PREPARED HIS MIND TO RECEIVE THIS TRAINING
test-other,2609,M,156975,2609-156975-0038,13.1,test-other/2609/156975/2609-156975-0038.flac,THE CONSTANT NECESSITY OF MEETING THE DANGERS OF THE WILDERNESS AND OF DEFENDING THE FLOCKS ENTRUSTED TO MOSES CARE DEVELOPED HIS COURAGE AND POWER OF LEADERSHIP AND ACTION
test-other,2609,M,157645,2609-157645-0000,6.685,test-other/2609/157645/2609-157645-0000.flac,EVIDENTLY THE INTENTION WAS TO MAKE THINGS PLEASANT FOR THE ROYAL FOE OF TOBACCO DURING HIS VISIT
test-other,2609,M,157645,2609-157645-0001,9.5,test-other/2609/157645/2609-157645-0001.flac,THE PROHIBITION IN THE REGULATION QUOTED OF SMOKING IN SAINT MARY'S CHURCH REFERRED IT MAY BE NOTED TO THE ACT WHICH WAS HELD THEREIN
test-other,2609,M,157645,2609-157645-0006,11.405,test-other/2609/157645/2609-157645-0006.flac,PARR WAS SUCH A CONTINUAL SMOKER THAT ANYONE WHO CAME INTO HIS COMPANY IF HE HAD NEVER SMOKED BEFORE HAD TO LEARN THE USE OF A PIPE AS A MEANS OF SELF DEFENCE
test-other,2609,M,157645,2609-157645-0007,9.035,test-other/2609/157645/2609-157645-0007.flac,ONE SUNDAY SAYS MISTER DITCHFIELD HE HAD AN EXTRA PIPE AND JOSHUA THE CLERK TOLD HIM THAT THE PEOPLE WERE GETTING IMPATIENT
test-other,2609,M,157645,2609-157645-0008,3.58,test-other/2609/157645/2609-157645-0008.flac,LET THEM SING ANOTHER PSALM SAID THE CURATE
test-other,2609,M,157645,2609-157645-0009,2.585,test-other/2609/157645/2609-157645-0009.flac,THEY HAVE SIR REPLIED THE CLERK
test-other,2609,M,157645,2609-157645-0012,4.34,test-other/2609/157645/2609-157645-0012.flac,DAVID DEANS HOWEVER DID NOT AT ALL APPROVE THIS IRREVERENCE
test-other,2609,M,157645,2609-157645-0013,6.23,test-other/2609/157645/2609-157645-0013.flac,GOING TO CHURCH AT HAYES IN THOSE DAYS MUST HAVE BEEN QUITE AN EXCITING EXPERIENCE
test-other,2609,M,169640,2609-169640-0002,9.915,test-other/2609/169640/2609-169640-0002.flac,FORTUNATELY THE JOHN WAS NOT ONLY FAST BUT SHE MINDED HER HELM AS A LIGHT FOOTED GIRL TURNS IN A LIVELY DANCE
test-other,2609,M,169640,2609-169640-0006,3.835,test-other/2609/169640/2609-169640-0006.flac,I SANG OUT SAIL HO AND CLOSE ABOARD
test-other,2609,M,169640,2609-169640-0007,7.395,test-other/2609/169640/2609-169640-0007.flac,HE WAS TOO MUCH OF A SEAMAN TO REQUIRE A SECOND LOOK IN ORDER TO ASCERTAIN WHAT WAS TO BE DONE
test-other,2609,M,169640,2609-169640-0009,7.255,test-other/2609/169640/2609-169640-0009.flac,AS OUR SHEETS WERE ALL FLYING FORWARD AND REMAINED SO FOR A FEW MINUTES IT GAVE ME LEISURE TO LOOK ABOUT
test-other,2609,M,169640,2609-169640-0012,2.545,test-other/2609/169640/2609-169640-0012.flac,A BREATHLESS STILLNESS SUCCEEDED
test-other,2609,M,169640,2609-169640-0015,5.875,test-other/2609/169640/2609-169640-0015.flac,KITE WENT AFT AND RETURNED WITH THREE OR FOUR MUSKETS AND AS MANY PIKES
test-other,2609,M,169640,2609-169640-0017,4.17,test-other/2609/169640/2609-169640-0017.flac,THE JOHN BEHAVED BEAUTIFULLY AND CAME ROUND LIKE A TOP
test-other,2609,M,169640,2609-169640-0018,6.185,test-other/2609/169640/2609-169640-0018.flac,THE QUESTION WAS NOW WHETHER WE COULD PASS THEM OR NOT BEFORE THEY GOT NEAR ENOUGH TO GRAPPLE
test-other,2609,M,169640,2609-169640-0019,8.355,test-other/2609/169640/2609-169640-0019.flac,THE CAPTAIN BEHAVED PERFECTLY WELL IN THIS CRITICAL INSTANT COMMANDING A DEAD SILENCE AND THE CLOSEST ATTENTION TO HIS ORDERS
test-other,3005,M,163389,3005-163389-0000,8.375,test-other/3005/163389/3005-163389-0000.flac,THEY SWARMED UP IN FRONT OF SHERBURN'S PALINGS AS THICK AS THEY COULD JAM TOGETHER AND YOU COULDN'T HEAR YOURSELF THINK FOR THE NOISE
test-other,3005,M,163389,3005-163389-0006,9.975,test-other/3005/163389/3005-163389-0006.flac,SO THEY ALWAYS ACQUIT AND THEN A MAN GOES IN THE NIGHT WITH A HUNDRED MASKED COWARDS AT HIS BACK AND LYNCHES THE RASCAL
test-other,3005,M,163389,3005-163389-0008,5.11,test-other/3005/163389/3005-163389-0008.flac,BUT A MOB WITHOUT ANY MAN AT THE HEAD OF IT IS BENEATH PITIFULNESS
test-other,3005,M,163389,3005-163389-0010,12.085,test-other/3005/163389/3005-163389-0010.flac,THE CROWD WASHED BACK SUDDEN AND THEN BROKE ALL APART AND WENT TEARING OFF EVERY WHICH WAY AND BUCK HARKNESS HE HEELED IT AFTER THEM LOOKING TOLERABLE CHEAP
test-other,3005,M,163389,3005-163389-0015,5.23,test-other/3005/163389/3005-163389-0015.flac,IT WARN'T FUNNY TO ME THOUGH I WAS ALL OF A TREMBLE TO SEE HIS DANGER
test-other,3005,M,163389,3005-163389-0017,6.945,test-other/3005/163389/3005-163389-0017.flac,HE SHED THEM SO THICK THEY KIND OF CLOGGED UP THE AIR AND ALTOGETHER HE SHED SEVENTEEN SUITS
test-other,3005,M,163390,3005-163390-0005,5.78,test-other/3005/163390/3005-163390-0005.flac,BUT A BIG FINE LOOKING MAN JUMPS UP ON A BENCH AND SHOUTS HOLD ON
test-other,3005,M,163390,3005-163390-0013,4.63,test-other/3005/163390/3005-163390-0013.flac,WELL IT DON'T BECAUSE IT'S IN THE BREED I RECKON THEY'RE ALL ALIKE
test-other,3005,M,163390,3005-163390-0016,6.325,test-other/3005/163390/3005-163390-0016.flac,MY YOU OUGHT TO SEEN OLD HENRY THE EIGHT WHEN HE WAS IN BLOOM HE WAS A BLOSSOM
test-other,3005,M,163390,3005-163390-0019,3.165,test-other/3005/163390/3005-163390-0019.flac,S'POSE HE OPENED HIS MOUTHWHAT THEN
test-other,3005,M,163390,3005-163390-0021,5.19,test-other/3005/163390/3005-163390-0021.flac,TAKE THEM ALL AROUND THEY'RE A MIGHTY ORNERY LOT IT'S THE WAY THEY'RE RAISED
test-other,3005,M,163390,3005-163390-0025,8.35,test-other/3005/163390/3005-163390-0025.flac,WHEN I WAKED UP JUST AT DAYBREAK HE WAS SITTING THERE WITH HIS HEAD DOWN BETWIXT HIS KNEES MOANING AND MOURNING TO HIMSELF
test-other,3005,M,163390,3005-163390-0026,3.075,test-other/3005/163390/3005-163390-0026.flac,IT DON'T SEEM NATURAL BUT I RECKON IT'S SO
test-other,3005,M,163391,3005-163391-0000,6.485,test-other/3005/163391/3005-163391-0000.flac,WHICH WAS SOUND ENOUGH JUDGMENT BUT YOU TAKE THE AVERAGE MAN AND HE WOULDN'T WAIT FOR HIM TO HOWL
test-other,3005,M,163391,3005-163391-0005,2.32,test-other/3005/163391/3005-163391-0005.flac,GIT ABOARD SAYS THE KING
test-other,3005,M,163391,3005-163391-0009,8.69,test-other/3005/163391/3005-163391-0009.flac,BUT THEN I SAYS AGAIN NO I RECKON IT AIN'T HIM OR ELSE HE WOULDN'T BE PADDLING UP THE RIVER YOU AIN'T HIM ARE YOU
test-other,3005,M,163391,3005-163391-0013,6.025,test-other/3005/163391/3005-163391-0013.flac,I'M GOING IN A SHIP NEXT WEDNESDAY FOR RYO JANEERO WHERE MY UNCLE LIVES
test-other,3005,M,163391,3005-163391-0015,10.77,test-other/3005/163391/3005-163391-0015.flac,MARY JANE'S NINETEEN SUSAN'S FIFTEEN AND JOANNA'S ABOUT FOURTEENTHAT'S THE ONE THAT GIVES HERSELF TO GOOD WORKS AND HAS A HARE LIP POOR THINGS
test-other,3005,M,163391,3005-163391-0018,18.105,test-other/3005/163391/3005-163391-0018.flac,BLAMED IF HE DIDN'T INQUIRE ABOUT EVERYBODY AND EVERYTHING IN THAT BLESSED TOWN AND ALL ABOUT THE WILKSES AND ABOUT PETER'S BUSINESSWHICH WAS A TANNER AND ABOUT GEORGE'SWHICH WAS A CARPENTER AND ABOUT HARVEY'SWHICH WAS A DISSENTERING MINISTER AND SO ON AND SO ON THEN HE SAYS
test-other,3005,M,163391,3005-163391-0019,2.57,test-other/3005/163391/3005-163391-0019.flac,WHEN THEY'RE DEEP THEY WON'T STOP FOR A HAIL
test-other,3005,M,163391,3005-163391-0020,2.425,test-other/3005/163391/3005-163391-0020.flac,WAS PETER WILKS WELL OFF
test-other,3005,M,163391,3005-163391-0022,5.775,test-other/3005/163391/3005-163391-0022.flac,NOW HUSTLE BACK RIGHT OFF AND FETCH THE DUKE UP HERE AND THE NEW CARPET BAGS
test-other,3005,M,163399,3005-163399-0001,5.775,test-other/3005/163399/3005-163399-0001.flac,I WENT AROUND AND CLUMB OVER THE BACK STILE BY THE ASH HOPPER AND STARTED FOR THE KITCHEN
test-other,3005,M,163399,3005-163399-0002,3.475,test-other/3005/163399/3005-163399-0002.flac,I OUT WITH A YES'M BEFORE I THOUGHT
test-other,3005,M,163399,3005-163399-0003,5.405,test-other/3005/163399/3005-163399-0003.flac,SO THEN SHE STARTED FOR THE HOUSE LEADING ME BY THE HAND AND THE CHILDREN TAGGING AFTER
test-other,3005,M,163399,3005-163399-0004,9.4,test-other/3005/163399/3005-163399-0004.flac,WHEN WE GOT THERE SHE SET ME DOWN IN A SPLIT BOTTOMED CHAIR AND SET HERSELF DOWN ON A LITTLE LOW STOOL IN FRONT OF ME HOLDING BOTH OF MY HANDS AND SAYS
test-other,3005,M,163399,3005-163399-0012,7.935,test-other/3005/163399/3005-163399-0012.flac,I HAD MY MIND ON THE CHILDREN ALL THE TIME I WANTED TO GET THEM OUT TO ONE SIDE AND PUMP THEM A LITTLE AND FIND OUT WHO I WAS
test-other,3005,M,163399,3005-163399-0018,2.49,test-other/3005/163399/3005-163399-0018.flac,I SEE I WAS IN A FIX NOW
test-other,3005,M,163399,3005-163399-0023,3.365,test-other/3005/163399/3005-163399-0023.flac,HE MUST A COME AND YOU'VE MISSED HIM ALONG THE ROAD
test-other,3005,M,163399,3005-163399-0028,2.15,test-other/3005/163399/3005-163399-0028.flac,IT'S TOM SAWYER
test-other,3080,F,5032,3080-5032-0002,9.995,test-other/3080/5032/3080-5032-0002.flac,HER CONVERSATION HAS MORE CHARMS THAN CAN BE IN MERE BEAUTY AND HER HUMOUR AND DISPOSITION WOULD MAKE A DEFORMED PERSON APPEAR LOVELY
test-other,3080,F,5032,3080-5032-0006,16.515,test-other/3080/5032/3080-5032-0006.flac,ALL THE PEOPLE THAT I HAD EVER IN MY LIFE REFUSED WERE BROUGHT AGAIN UPON THE STAGE LIKE RICHARD THE THREE S GHOSTS TO REPROACH ME WITHAL AND ALL THE KINDNESS HIS DISCOVERIES COULD MAKE I HAD FOR YOU WAS LAID TO MY CHARGE
test-other,3080,F,5032,3080-5032-0007,14.73,test-other/3080/5032/3080-5032-0007.flac,MY BEST QUALITIES IF I HAVE ANY THAT ARE GOOD SERVED BUT FOR AGGRAVATIONS OF MY FAULT AND I WAS ALLOWED TO HAVE WIT AND UNDERSTANDING AND DISCRETION IN OTHER THINGS THAT IT MIGHT APPEAR I HAD NONE IN THIS
test-other,3080,F,5032,3080-5032-0013,10.695,test-other/3080/5032/3080-5032-0013.flac,I HAVE MISSED FOUR FITS AND HAD BUT FIVE AND HAVE RECOVERED SO MUCH STRENGTH AS MADE ME VENTURE TO MEET YOUR LETTER ON WEDNESDAY A MILE FROM HOME
test-other,3080,F,5032,3080-5032-0015,20.67,test-other/3080/5032/3080-5032-0015.flac,I AM HERE MUCH MORE OUT OF PEOPLE'S WAY THAN IN TOWN WHERE MY AUNT AND SUCH AS PRETEND AN INTEREST IN ME AND A POWER OVER ME DO SO PERSECUTE ME WITH THEIR GOOD NATURE AND TAKE IT SO ILL THAT THEY ARE NOT ACCEPTED AS I WOULD LIVE IN A HOLLOW TREE TO AVOID THEM
test-other,3080,F,5032,3080-5032-0016,6.25,test-other/3080/5032/3080-5032-0016.flac,YOU WILL THINK HIM ALTERED AND IF IT BE POSSIBLE MORE MELANCHOLY THAN HE WAS
test-other,3080,F,5032,3080-5032-0022,9.43,test-other/3080/5032/3080-5032-0022.flac,I KNOW NOT HOW MY BROTHER COMES TO BE SO WELL INFORMED AS YOU SAY BUT I AM CERTAIN HE KNOWS THE UTMOST OF THE INJURIES YOU HAVE RECEIVED FROM HER
test-other,3080,F,5040,3080-5040-0003,3.67,test-other/3080/5040/3080-5040-0003.flac,I WONDER HOW SHE BEHAVED HERSELF WHEN SHE WAS MARRIED
test-other,3080,F,5040,3080-5040-0008,12.32,test-other/3080/5040/3080-5040-0008.flac,MY AUNT TOLD ME NO LONGER AGONE THAN YESTERDAY THAT I WAS THE MOST WILFUL WOMAN THAT EVER SHE KNEW AND HAD AN OBSTINACY OF SPIRIT NOTHING COULD OVERCOME TAKE HEED
test-other,3080,F,5040,3080-5040-0009,2.61,test-other/3080/5040/3080-5040-0009.flac,YOU SEE I GIVE YOU FAIR WARNING
test-other,3080,F,5040,3080-5040-0012,7.02,test-other/3080/5040/3080-5040-0012.flac,I TOLD YOU IN MY LAST THAT MY SUFFOLK JOURNEY WAS LAID ASIDE AND THAT INTO KENT HASTENED
test-other,3080,F,5040,3080-5040-0015,8.6599375,test-other/3080/5040/3080-5040-0015.flac,BECAUSE YOU FIND FAULT WITH MY OTHER LETTERS THIS IS LIKE TO BE SHORTER THAN THEY I DID NOT INTEND IT SO THOUGH I CAN ASSURE YOU
test-other,3080,F,5040,3080-5040-0016,5.75,test-other/3080/5040/3080-5040-0016.flac,I DO NOT FIND IT THOUGH I AM TOLD I WAS SO EXTREMELY WHEN I BELIEVED YOU LOVED ME
test-other,3080,F,5040,3080-5040-0017,1.895,test-other/3080/5040/3080-5040-0017.flac,BUT I AM CALLED UPON
test-other,3080,F,5040,3080-5040-0024,12.92,test-other/3080/5040/3080-5040-0024.flac,FOR MY LIFE I CANNOT BEAT INTO THEIR HEADS A PASSION THAT MUST BE SUBJECT TO NO DECAY AN EVEN PERFECT KINDNESS THAT MUST LAST PERPETUALLY WITHOUT THE LEAST INTERMISSION
test-other,3080,F,5040,3080-5040-0025,13.25,test-other/3080/5040/3080-5040-0025.flac,THEY LAUGH TO HEAR ME SAY THAT ONE UNKIND WORD WOULD DESTROY ALL THE SATISFACTION OF MY LIFE AND THAT I SHOULD EXPECT OUR KINDNESS SHOULD INCREASE EVERY DAY IF IT WERE POSSIBLE BUT NEVER LESSEN
test-other,3080,F,5040,3080-5040-0028,2.59,test-other/3080/5040/3080-5040-0028.flac,WILL YOU BE SO GOOD NATURED
test-other,3080,F,5040,3080-5040-0031,12.77,test-other/3080/5040/3080-5040-0031.flac,NOT TO KNOW WHEN YOU WOULD COME HOME I CAN ASSURE YOU NOR FOR ANY OTHER OCCASION OF MY OWN BUT WITH A COUSIN OF MINE THAT HAD LONG DESIGNED TO MAKE HERSELF SPORT WITH HIM AND DID NOT MISS OF HER AIM
test-other,3080,F,5040,3080-5040-0032,13.065,test-other/3080/5040/3080-5040-0032.flac,IN MY LIFE I NEVER HEARD SO RIDICULOUS A DISCOURSE AS HE MADE US AND NO OLD WOMAN WHO PASSES FOR A WITCH COULD HAVE BEEN MORE PUZZLED TO SEEK WHAT TO SAY TO REASONABLE PEOPLE THAN HE WAS
test-other,3080,F,5040,3080-5040-0033,17.36,test-other/3080/5040/3080-5040-0033.flac,EVER SINCE THIS ADVENTURE I HAVE HAD SO GREAT A BELIEF IN ALL THINGS OF THIS NATURE THAT I COULD NOT FORBEAR LAYING A PEAS COD WITH NINE PEAS IN'T UNDER MY DOOR YESTERDAY AND WAS INFORMED BY IT THAT MY HUSBAND'S NAME SHOULD BE THOMAS HOW DO YOU LIKE THAT
test-other,3331,F,159605,3331-159605-0003,5.575,test-other/3331/159605/3331-159605-0003.flac,JUST SUPPOSE IT IS TRUE THAT HE DOES ASK ME AND I SAY YES
test-other,3331,F,159605,3331-159605-0004,2.115,test-other/3331/159605/3331-159605-0004.flac,WHAT A SPITEFUL THING I AM
test-other,3331,F,159605,3331-159605-0007,4.515,test-other/3331/159605/3331-159605-0007.flac,HE HAS KNOWN HER ALL HER LIFE AND HAS A GOOD INFLUENCE OVER HER
test-other,3331,F,159605,3331-159605-0008,21.53,test-other/3331/159605/3331-159605-0008.flac,NOW AS POLLY WAS BY NO MEANS A PERFECT CREATURE I AM FREE TO CONFESS THAT THE OLD TEMPTATION ASSAILED HER MORE THAN ONCE THAT WEEK FOR WHEN THE FIRST EXCITEMENT OF THE DODGING REFORM HAD SUBSIDED SHE MISSED THE PLEASANT LITTLE INTERVIEWS THAT USED TO PUT A CERTAIN FLAVOR OF ROMANCE INTO HER DULL HARD WORKING DAYS
test-other,3331,F,159605,3331-159605-0011,7.765,test-other/3331/159605/3331-159605-0011.flac,THIS HAD AN ESPECIAL CHARM TO POLLY FOR SHE SOON FOUND THAT THIS SIDE OF HIS CHARACTER WAS NOT SHOWN TO EVERY ONE
test-other,3331,F,159605,3331-159605-0013,10.35,test-other/3331/159605/3331-159605-0013.flac,AT FIRST SHE TRIED TO THINK SHE COULD BUT UNFORTUNATELY HEARTS ARE SO CONTRARY THAT THEY WON'T BE OBEDIENT TO REASON WILL OR EVEN GRATITUDE
test-other,3331,F,159605,3331-159605-0018,6.965,test-other/3331/159605/3331-159605-0018.flac,TAKE HOLD OF MASTER CHARLEY'S HAND MISS MAMIE AND WALK PRETTY LIKE WILLY AND FLOSSY SAID THE MAID
test-other,3331,F,159605,3331-159605-0023,5.085,test-other/3331/159605/3331-159605-0023.flac,SHE DID NOT MEAN TO TELL BUT HIS FRANKNESS WAS SO AGREEABLE SHE FORGOT HERSELF
test-other,3331,F,159605,3331-159605-0030,15.84,test-other/3331/159605/3331-159605-0030.flac,SHE THOUGHT SHE HAD A GOOD DEAL OF THE COQUETTE IN HER AND I VE NO DOUBT THAT WITH TIME AND TRAINING SHE WOULD HAVE BECOME A VERY DANGEROUS LITTLE PERSON BUT NOW SHE WAS FAR TOO TRANSPARENT AND STRAIGHTFORWARD BY NATURE EVEN TO TELL A WHITE LIE CLEVERLY
test-other,3331,F,159605,3331-159605-0031,14.7,test-other/3331/159605/3331-159605-0031.flac,HE WAS GONE BEFORE SHE COULD DO ANYTHING BUT LOOK UP AT HIM WITH A REMORSEFUL FACE AND SHE WALKED ON FEELING THAT THE FIRST AND PERHAPS THE ONLY LOVER SHE WOULD EVER HAVE HAD READ HIS ANSWER AND ACCEPTED IT IN SILENCE
test-other,3331,F,159605,3331-159605-0032,15.33,test-other/3331/159605/3331-159605-0032.flac,POLLY DID NOT RETURN TO HER FAVORITE WALK TILL SHE LEARNED FROM MINNIE THAT UNCLE HAD REALLY LEFT TOWN AND THEN SHE FOUND THAT HIS FRIENDLY COMPANY AND CONVERSATION WAS WHAT HAD MADE THE WAY SO PLEASANT AFTER ALL
test-other,3331,F,159605,3331-159605-0033,4.205,test-other/3331/159605/3331-159605-0033.flac,WAGGING TO AND FRO AS USUAL WHAT'S THE NEWS WITH YOU
test-other,3331,F,159605,3331-159605-0036,6.56,test-other/3331/159605/3331-159605-0036.flac,MINNIE SAID THE OTHER DAY SHE WISHED SHE WAS A PIGEON SO SHE COULD PADDLE IN THE PUDDLES AND NOT FUSS ABOUT RUBBERS
test-other,3331,F,159605,3331-159605-0038,2.065,test-other/3331/159605/3331-159605-0038.flac,DON'T YOU THINK HE MEANS TO
test-other,3331,F,159605,3331-159605-0042,2.99,test-other/3331/159605/3331-159605-0042.flac,I JUST GAVE HIM A HINT AND HE TOOK IT
test-other,3331,F,159609,3331-159609-0000,18.73,test-other/3331/159609/3331-159609-0000.flac,NEVER MIND WHAT THE BUSINESS WAS IT SUFFICES TO SAY THAT IT WAS A GOOD BEGINNING FOR A YOUNG MAN LIKE TOM WHO HAVING BEEN BORN AND BRED IN THE MOST CONSERVATIVE CLASS OF THE MOST CONCEITED CITY IN NEW ENGLAND NEEDED JUST THE HEALTHY HEARTY SOCIAL INFLUENCES OF THE WEST TO WIDEN HIS VIEWS AND MAKE A MAN OF HIM
test-other,3331,F,159609,3331-159609-0001,16.125,test-other/3331/159609/3331-159609-0001.flac,FORTUNATELY EVERY ONE WAS SO BUSY WITH THE NECESSARY PREPARATIONS THAT THERE WAS NO TIME FOR ROMANCE OF ANY SORT AND THE FOUR YOUNG PEOPLE WORKED TOGETHER AS SOBERLY AND SENSIBLY AS IF ALL SORTS OF EMOTIONS WERE NOT BOTTLED UP IN THEIR RESPECTIVE HEARTS
test-other,3331,F,159609,3331-159609-0002,14.1,test-other/3331/159609/3331-159609-0002.flac,PITY THAT THE END SHOULD COME SO SOON BUT THE HOUR DID ITS WORK AND WENT ITS WAY LEAVING A CLEARER ATMOSPHERE BEHIND THOUGH THE YOUNG FOLKS DID NOT SEE IT THEN FOR THEIR EYES WERE DIM BECAUSE OF THE PARTINGS THAT MUST BE
test-other,3331,F,159609,3331-159609-0003,12.13,test-other/3331/159609/3331-159609-0003.flac,IF IT HAD NOT BEEN FOR TWO THINGS I FEAR SHE NEVER WOULD HAVE STOOD A SUMMER IN TOWN BUT SYDNEY OFTEN CALLED TILL HIS VACATION CAME AND A VOLUMINOUS CORRESPONDENCE WITH POLLY BEGUILED THE LONG DAYS
test-other,3331,F,159609,3331-159609-0004,10.4,test-other/3331/159609/3331-159609-0004.flac,TOM WROTE ONCE A WEEK TO HIS MOTHER BUT THE LETTERS WERE SHORT AND NOT VERY SATISFACTORY FOR MEN NEVER DO TELL THE INTERESTING LITTLE THINGS THAT WOMEN BEST LIKE TO HEAR
test-other,3331,F,159609,3331-159609-0006,7.73,test-other/3331/159609/3331-159609-0006.flac,FORGIVE ME POLLY BUT I CAN'T HELP SAYING IT FOR IT IS THERE AND I WANT TO BE AS TRUE TO YOU AS YOU WERE TO ME IF I CAN
test-other,3331,F,159609,3331-159609-0007,5.835,test-other/3331/159609/3331-159609-0007.flac,I TRY NOT TO DECEIVE MYSELF BUT IT DOES SEEM AS IF THERE WAS A CHANCE OF HAPPINESS FOR ME
test-other,3331,F,159609,3331-159609-0009,3.555,test-other/3331/159609/3331-159609-0009.flac,CRIED POLLY WITH THE HEARTIEST SATISFACTION IN HER VOICE
test-other,3331,F,159609,3331-159609-0011,11.55,test-other/3331/159609/3331-159609-0011.flac,NONE WERE NEEDED HER TELLTALE FACE ANSWERED FOR HER AS WELL AS THE IMPULSE WHICH MADE HER HIDE HER HEAD IN THE SOFA CUSHION LIKE A FOOLISH OSTRICH WHEN THE HUNTERS ARE AFTER IT
test-other,3331,F,159609,3331-159609-0013,2.935,test-other/3331/159609/3331-159609-0013.flac,IT WAS SO STUPID OF ME NOT TO GUESS BEFORE
test-other,3331,F,159609,3331-159609-0014,28.37,test-other/3331/159609/3331-159609-0014.flac,IT WAS SO TENDER EARNEST AND DEFIANT THAT FANNY FORGOT THE DEFENCE OF HER OWN LOVER IN ADMIRATION OF POLLY'S LOYALTY TO HERS FOR THIS FAITHFUL ALL ABSORBING LOVE WAS A NEW REVELATION TO FANNY WHO WAS USED TO HEARING HER FRIENDS BOAST OF TWO OR THREE LOVERS A YEAR AND CALCULATE THEIR RESPECTIVE VALUES WITH ALMOST AS MUCH COOLNESS AS THE YOUNG MEN DISCUSSED THE FORTUNES OF THE GIRLS THEY WISHED FOR BUT COULD NOT AFFORD TO MARRY
test-other,3331,F,159609,3331-159609-0018,7.315,test-other/3331/159609/3331-159609-0018.flac,BEAR IT PEOPLE ALWAYS DO BEAR THINGS SOMEHOW ANSWERED POLLY LOOKING AS IF SENTENCE HAD BEEN PASSED UPON HER
test-other,3331,F,159609,3331-159609-0021,10.37,test-other/3331/159609/3331-159609-0021.flac,SHE KEPT MUCH AT HOME WHEN THE DAY'S WORK WAS DONE FINDING IT PLEASANTER TO SIT DREAMING OVER BOOK OR SEWING ALONE THAN TO EXERT HERSELF EVEN TO GO TO THE SHAWS
test-other,3331,F,159609,3331-159609-0022,6.52,test-other/3331/159609/3331-159609-0022.flac,POLLY WAS NOT AT ALL LIKE HERSELF THAT WINTER AND THOSE NEAREST TO HER SAW AND WONDERED AT IT MOST
test-other,3331,F,159609,3331-159609-0025,7.77,test-other/3331/159609/3331-159609-0025.flac,BUT IF WORK BASKETS WERE GIFTED WITH POWERS OF SPEECH THEY COULD TELL STORIES MORE TRUE AND TENDER THAN ANY WE READ
test-other,3528,F,168656,3528-168656-0007,5.625,test-other/3528/168656/3528-168656-0007.flac,THUS IT FURNISHED A SUBJECT OF COMMENT FOR ALL THOSE WHO WERE UNOCCUPIED OR BORED IN THE CONVENT
test-other,3528,F,168669,3528-168669-0000,4.05,test-other/3528/168669/3528-168669-0000.flac,THE PRIORESS RETURNED AND SEATED HERSELF ONCE MORE ON HER CHAIR
test-other,3528,F,168669,3528-168669-0018,2.91,test-other/3528/168669/3528-168669-0018.flac,GIVE ME YOUR ORDERS VERY REVEREND MOTHER
test-other,3528,F,168669,3528-168669-0020,2.425,test-other/3528/168669/3528-168669-0020.flac,I AM HERE TO DO ANYTHING YOU WISH
test-other,3528,F,168669,3528-168669-0029,1.82,test-other/3528/168669/3528-168669-0029.flac,IT WAS MOTHER CRUCIFIXION
test-other,3528,F,168669,3528-168669-0030,8.745,test-other/3528/168669/3528-168669-0030.flac,THREE YEARS AGO MADAME DE BETHUNE A JANSENIST TURNED ORTHODOX MERELY FROM HAVING SEEN MOTHER CRUCIFIXION AT PRAYER AH
test-other,3528,F,168669,3528-168669-0031,5.39,test-other/3528/168669/3528-168669-0031.flac,THE MOTHERS HAVE TAKEN HER TO THE DEAD ROOM WHICH OPENS ON THE CHURCH I KNOW
test-other,3528,F,168669,3528-168669-0035,3.83,test-other/3528/168669/3528-168669-0035.flac,I SAY MORE OFTEN MORE OFTEN THAN WHAT
test-other,3528,F,168669,3528-168669-0038,2.47,test-other/3528/168669/3528-168669-0038.flac,AT THAT MOMENT NINE O'CLOCK STRUCK
test-other,3528,F,168669,3528-168669-0042,7.72,test-other/3528/168669/3528-168669-0042.flac,IN HER LIFETIME MOTHER CRUCIFIXION MADE CONVERTS AFTER HER DEATH SHE WILL PERFORM MIRACLES SHE WILL
test-other,3528,F,168669,3528-168669-0049,3.41,test-other/3528/168669/3528-168669-0049.flac,FAUCHELEVENT HELD HIS PEACE SHE WENT ON
test-other,3528,F,168669,3528-168669-0050,9.67,test-other/3528/168669/3528-168669-0050.flac,I HAVE CONSULTED UPON THIS POINT MANY ECCLESIASTICS LABORING IN OUR LORD WHO OCCUPY THEMSELVES IN THE EXERCISES OF THE CLERICAL LIFE AND WHO BEAR WONDERFUL FRUIT
test-other,3528,F,168669,3528-168669-0054,15.51,test-other/3528/168669/3528-168669-0054.flac,SAINT TERENTIUS BISHOP OF PORT WHERE THE MOUTH OF THE TIBER EMPTIES INTO THE SEA REQUESTED THAT ON HIS TOMB MIGHT BE ENGRAVED THE SIGN WHICH WAS PLACED ON THE GRAVES OF PARRICIDES IN THE HOPE THAT PASSERS BY WOULD SPIT ON HIS TOMB THIS WAS DONE
test-other,3528,F,168669,3528-168669-0056,2.69,test-other/3528/168669/3528-168669-0056.flac,FOR THAT MATTER NO REVEREND MOTHER
test-other,3528,F,168669,3528-168669-0059,3.63,test-other/3528/168669/3528-168669-0059.flac,SO I SHALL HAVE TO NAIL UP THAT COFFIN YES
test-other,3528,F,168669,3528-168669-0068,10.435,test-other/3528/168669/3528-168669-0068.flac,THE DEAD MUST BE OBEYED TO BE BURIED IN THE VAULT UNDER THE ALTAR OF THE CHAPEL NOT TO GO TO PROFANE EARTH TO REMAIN THERE IN DEATH WHERE SHE PRAYED WHILE LIVING SUCH WAS THE LAST WISH OF MOTHER CRUCIFIXION
test-other,3528,F,168669,3528-168669-0069,3.745,test-other/3528/168669/3528-168669-0069.flac,SHE ASKED IT OF US THAT IS TO SAY COMMANDED US
test-other,3528,F,168669,3528-168669-0071,2.73,test-other/3528/168669/3528-168669-0071.flac,OH I AM A STONE IN YOUR WALLS
test-other,3528,F,168669,3528-168669-0074,4.02,test-other/3528/168669/3528-168669-0074.flac,BUT REVEREND MOTHER IF THE AGENT OF THE SANITARY COMMISSION
test-other,3528,F,168669,3528-168669-0078,8.355,test-other/3528/168669/3528-168669-0078.flac,MARTIN THE ELEVENTH GENERAL OF THE CARTHUSIANS GAVE TO HIS ORDER THIS DEVICE STAT CRUX DUM VOLVITUR ORBIS
test-other,3528,F,168669,3528-168669-0079,9.805,test-other/3528/168669/3528-168669-0079.flac,THE PRIORESS WHO WAS USUALLY SUBJECTED TO THE BARRIER OF SILENCE AND WHOSE RESERVOIR WAS OVERFULL ROSE AND EXCLAIMED WITH THE LOQUACITY OF A DAM WHICH HAS BROKEN AWAY
test-other,3528,F,168669,3528-168669-0081,2.49,test-other/3528/168669/3528-168669-0081.flac,THE FIRST ABBOT OF CLAIRVAUX
test-other,3528,F,168669,3528-168669-0086,2.835,test-other/3528/168669/3528-168669-0086.flac,ONLY FANATICS AND THOSE IN ERROR DENY IT
test-other,3528,F,168669,3528-168669-0093,3.33,test-other/3528/168669/3528-168669-0093.flac,THE MOST FEROCIOUS BEASTS ARE BEASTS WHICH ARE BLIND
test-other,3528,F,168669,3528-168669-0104,1.705,test-other/3528/168669/3528-168669-0104.flac,YOU WILL REMOVE YOUR BELL
test-other,3528,F,168669,3528-168669-0110,1.95,test-other/3528/168669/3528-168669-0110.flac,WHERE WILL YOU OBTAIN IT
test-other,3528,F,168669,3528-168669-0113,6.56,test-other/3528/168669/3528-168669-0113.flac,IF YOU WERE EVER TO HAVE ANY OTHER JOBS OF THIS SORT MY BROTHER IS THE STRONG MAN FOR YOU A PERFECT TURK
test-other,3528,F,168669,3528-168669-0116,3.675,test-other/3528/168669/3528-168669-0116.flac,EVERYTHING MUST HAVE BEEN COMPLETED A GOOD QUARTER OF AN HOUR BEFORE THAT
test-other,3528,F,168669,3528-168669-0121,2.845,test-other/3528/168669/3528-168669-0121.flac,AFTER WHICH THERE WILL BE NO TRACE OF ANYTHING
test-other,3528,F,168669,3528-168669-0128,4.1,test-other/3528/168669/3528-168669-0128.flac,HE MADE HASTE TO IMPROVISE AN EXPEDIENT TO MAKE HER FORGET THE OATH
test-other,3538,F,142836,3538-142836-0002,5.645,test-other/3538/142836/3538-142836-0002.flac,FRUIT GATHERED IN WET OR FOGGY WEATHER WILL SOON BE MILDEWED AND BE OF NO SERVICE FOR PRESERVES
test-other,3538,F,142836,3538-142836-0003,6.24,test-other/3538/142836/3538-142836-0003.flac,BUT TO DISTINGUISH THESE PROPERLY REQUIRES VERY GREAT ATTENTION AND CONSIDERABLE EXPERIENCE
test-other,3538,F,142836,3538-142836-0004,11.1,test-other/3538/142836/3538-142836-0004.flac,IF YOU DIP THE FINGER INTO THE SYRUP AND APPLY IT TO THE THUMB THE TENACITY OF THE SYRUP WILL ON SEPARATING THE FINGER AND THUMB AFFORD A THREAD WHICH SHORTLY BREAKS THIS IS THE LITTLE THREAD
test-other,3538,F,142836,3538-142836-0014,6.475,test-other/3538/142836/3538-142836-0014.flac,MARMALADES JAMS AND FRUIT PASTES ARE OF THE SAME NATURE AND ARE NOW IN VERY GENERAL REQUEST
test-other,3538,F,142836,3538-142836-0017,10.28,test-other/3538/142836/3538-142836-0017.flac,IN ALL THE OPERATIONS FOR PRESERVE MAKING WHEN THE PRESERVING PAN IS USED IT SHOULD NOT BE PLACED ON THE FIRE BUT ON A TRIVET UNLESS THE JAM IS MADE ON A HOT PLATE WHEN THIS IS NOT NECESSARY
test-other,3538,F,163619,3538-163619-0009,8.865,test-other/3538/163619/3538-163619-0009.flac,ON THE FIRST THURSDAY NIGHT AFTER THIS A BEAUTIFUL MAIDEN CAME INTO THE KITCHEN OF THE PALACE AND BEGGED THE KITCHEN MAID WHO SLEPT THERE TO LEND HER A BRUSH
test-other,3538,F,163619,3538-163619-0010,6.145,test-other/3538/163619/3538-163619-0010.flac,SHE BEGGED VERY PRETTILY AND GOT IT AND THEN SHE BRUSHED HER HAIR AND THE GOLD DROPPED FROM IT
test-other,3538,F,163619,3538-163619-0011,13.03,test-other/3538/163619/3538-163619-0011.flac,OUT ON THEE UGLY BUSHY BRIDE SLEEPING SO SOFT BY THE YOUNG KING'S SIDE ON SAND AND STONES MY BED I MAKE AND MY BROTHER SLEEPS WITH THE COLD SNAKE UNPITIED AND UNWEPT
test-other,3538,F,163622,3538-163622-0001,4.67,test-other/3538/163622/3538-163622-0001.flac,THE YOUTH THOUGHT THAT IT WAS VERY EASY WORK TO WATCH THE FOALS AND THAT HE COULD DO IT WELL ENOUGH
test-other,3538,F,163622,3538-163622-0002,6.19,test-other/3538/163622/3538-163622-0002.flac,HAST THOU WATCHED FAITHFULLY AND WELL THE WHOLE DAY LONG SAID THE KING WHEN THE LAD CAME INTO HIS PRESENCE IN THE EVENING
test-other,3538,F,163622,3538-163622-0005,5.91,test-other/3538/163622/3538-163622-0005.flac,THEN THE KING PROMISED HIM THE SAME PUNISHMENT AND THE SAME REWARD THAT HE HAD PROMISED HIS BROTHER
test-other,3538,F,163622,3538-163622-0006,11.32,test-other/3538/163622/3538-163622-0006.flac,WHEN HE HAD RUN AFTER THE FOALS FOR A LONG LONG TIME AND WAS HOT AND TIRED HE PASSED BY A CLEFT IN THE ROCK WHERE AN OLD WOMAN WAS SITTING SPINNING WITH A DISTAFF AND SHE CALLED TO HIM
test-other,3538,F,163622,3538-163622-0010,3.17,test-other/3538/163622/3538-163622-0010.flac,ON THE THIRD DAY CINDERLAD WANTED TO SET OUT
test-other,3538,F,163622,3538-163622-0011,8.415,test-other/3538/163622/3538-163622-0011.flac,THE TWO BROTHERS LAUGHED AT HIM AND HIS FATHER AND MOTHER BEGGED HIM NOT TO GO BUT ALL TO NO PURPOSE AND CINDERLAD SET OUT ON HIS WAY
test-other,3538,F,163622,3538-163622-0013,3.755,test-other/3538/163622/3538-163622-0013.flac,I WOULD MUCH RATHER HAVE THE PRINCESS SAID CINDERLAD
test-other,3538,F,163622,3538-163622-0015,5.795,test-other/3538/163622/3538-163622-0015.flac,WHEN THEY HAD GONE THUS FOR A LONG LONG WAY THE FOAL AGAIN ASKED DOST THOU SEE ANYTHING NOW
test-other,3538,F,163622,3538-163622-0019,8.825,test-other/3538/163622/3538-163622-0019.flac,FOR WE ARE BROTHERS OF THE PRINCESS WHOM THOU ART TO HAVE WHEN THOU CANST TELL THE KING WHAT WE EAT AND DRINK BUT THERE IS A MIGHTY TROLL WHO HAS CAST A SPELL OVER US
test-other,3538,F,163624,3538-163624-0000,5.07,test-other/3538/163624/3538-163624-0000.flac,ONCE UPON A TIME THERE WAS A KING IN THE NORTH WHO HAD WON MANY WARS BUT NOW HE WAS OLD
test-other,3538,F,163624,3538-163624-0002,8.14,test-other/3538/163624/3538-163624-0002.flac,BUT IN THE NIGHT WHEN THE BATTLE WAS OVER HIS YOUNG WIFE CAME OUT AND SEARCHED FOR HIM AMONG THE SLAIN AND AT LAST SHE FOUND HIM AND ASKED WHETHER HE MIGHT BE HEALED
test-other,3538,F,163624,3538-163624-0003,6.465,test-other/3538/163624/3538-163624-0003.flac,SO HE ASKED THE QUEEN HOW DO YOU KNOW IN THE DARK OF NIGHT WHETHER THE HOURS ARE WEARING TO THE MORNING AND SHE SAID
test-other,3538,F,163624,3538-163624-0005,5.945,test-other/3538/163624/3538-163624-0005.flac,HE IS NO BIGGER THAN OTHER DRAGONS SAID THE TUTOR AND IF YOU WERE AS BRAVE AS YOUR FATHER YOU WOULD NOT FEAR HIM
test-other,3538,F,163624,3538-163624-0010,2.69,test-other/3538/163624/3538-163624-0010.flac,SO SIGURD SAID THAT SWORD WOULD DO
test-other,3538,F,163624,3538-163624-0012,6.655,test-other/3538/163624/3538-163624-0012.flac,BUT SIGURD WAITED TILL HALF OF HIM HAD CRAWLED OVER THE PIT AND THEN HE THRUST THE SWORD GRAM RIGHT INTO HIS VERY HEART
test-other,3538,F,163624,3538-163624-0014,4.35,test-other/3538/163624/3538-163624-0014.flac,BUT ALL MEN DIE AND NO BRAVE MAN LETS DEATH FRIGHTEN HIM FROM HIS DESIRE
test-other,3538,F,163624,3538-163624-0015,4.0,test-other/3538/163624/3538-163624-0015.flac,DIE THOU FAFNIR AND THEN FAFNIR DIED
test-other,3538,F,163624,3538-163624-0016,5.815,test-other/3538/163624/3538-163624-0016.flac,THEN SIGURD RODE BACK AND MET REGIN AND REGIN ASKED HIM TO ROAST FAFNIR'S HEART AND LET HIM TASTE OF IT
test-other,3538,F,163624,3538-163624-0017,3.28,test-other/3538/163624/3538-163624-0017.flac,SO SIGURD PUT THE HEART OF FAFNIR ON A STAKE AND ROASTED IT
test-other,3538,F,163624,3538-163624-0022,4.745,test-other/3538/163624/3538-163624-0022.flac,THEN SIGURD RODE AWAY AND HE CAME TO THE HOUSE OF A KING WHO HAD A FAIR DAUGHTER
test-other,3538,F,163624,3538-163624-0024,8.72,test-other/3538/163624/3538-163624-0024.flac,FOR ONE DAY WHEN BRYNHILD AND GUDRUN WERE BATHING BRYNHILD WADED FARTHEST OUT INTO THE RIVER AND SAID SHE DID THAT TO SHOW SHE WAS GUIRUN'S SUPERIOR
test-other,3538,F,163624,3538-163624-0026,6.375,test-other/3538/163624/3538-163624-0026.flac,NOT LONG TO WAIT HE SAID TILL THE BITTER SWORD STANDS FAST IN MY HEART AND THOU WILL NOT LIVE LONG WHEN I AM DEAD
test-other,3764,F,168670,3764-168670-0009,4.14,test-other/3764/168670/3764-168670-0009.flac,FAUCHELEVENT GRUMBLED MORE TO HIMSELF THAN TO JEAN VALJEAN
test-other,3764,F,168670,3764-168670-0012,1.88,test-other/3764/168670/3764-168670-0012.flac,FAUCHELEVENT WENT ON
test-other,3764,F,168670,3764-168670-0015,9.73,test-other/3764/168670/3764-168670-0015.flac,THAT THE NUN WHO HAD DIED THAT MORNING HAD REQUESTED TO BE BURIED IN THE COFFIN WHICH HAD SERVED HER FOR A BED AND INTERRED IN THE VAULT UNDER THE ALTAR OF THE CHAPEL
test-other,3764,F,168670,3764-168670-0030,2.7,test-other/3764/168670/3764-168670-0030.flac,HAVE YOU THE KEYS TO THOSE TWO DOORS
test-other,3764,F,168670,3764-168670-0031,8.24,test-other/3764/168670/3764-168670-0031.flac,NO I HAVE THE KEY TO THE DOOR WHICH COMMUNICATES WITH THE CONVENT THE PORTER HAS THE KEY TO THE DOOR WHICH COMMUNICATES WITH THE CHURCH
test-other,3764,F,168670,3764-168670-0032,4.04,test-other/3764/168670/3764-168670-0032.flac,ONLY TO ALLOW THE UNDERTAKER'S MEN TO ENTER WHEN THEY COME TO GET THE COFFIN
test-other,3764,F,168670,3764-168670-0033,2.9,test-other/3764/168670/3764-168670-0033.flac,WHO NAILS UP THE COFFIN I DO
test-other,3764,F,168670,3764-168670-0036,4.34,test-other/3764/168670/3764-168670-0036.flac,COULD YOU HIDE ME IN THAT ROOM TO NIGHT WHEN EVERY ONE IS ASLEEP
test-other,3764,F,168670,3764-168670-0038,3.4149375,test-other/3764/168670/3764-168670-0038.flac,I SHALL BE HUNGRY I WILL BRING YOU SOMETHING
test-other,3764,F,168670,3764-168670-0042,3.555,test-other/3764/168670/3764-168670-0042.flac,JEAN VALJEAN HAD BEEN IN WORSE STRAITS THAN THIS
test-other,3764,F,168670,3764-168670-0044,3.26,test-other/3764/168670/3764-168670-0044.flac,WHAT DOES NOT A MAN UNDERGO FOR THE SAKE OF A CURE
test-other,3764,F,168670,3764-168670-0046,12.885,test-other/3764/168670/3764-168670-0046.flac,YOU SURELY MUST HAVE A GIMLET YOU WILL MAKE A FEW HOLES HERE AND THERE AROUND MY MOUTH AND YOU WILL NAIL THE TOP PLANK ON LOOSELY GOOD AND WHAT IF YOU SHOULD HAPPEN TO COUGH OR TO SNEEZE
test-other,3764,F,168670,3764-168670-0055,5.925,test-other/3764/168670/3764-168670-0055.flac,THE PRIEST SAYS THE PRAYERS MAKES THE SIGN OF THE CROSS SPRINKLES THE HOLY WATER AND TAKES HIS DEPARTURE
test-other,3764,F,168671,3764-168671-0000,14.24,test-other/3764/168671/3764-168671-0000.flac,ON THE FOLLOWING DAY AS THE SUN WAS DECLINING THE VERY RARE PASSERS BY ON THE BOULEVARD DU MAINE PULLED OFF THEIR HATS TO AN OLD FASHIONED HEARSE ORNAMENTED WITH SKULLS CROSS BONES AND TEARS
test-other,3764,F,168671,3764-168671-0002,7.67,test-other/3764/168671/3764-168671-0002.flac,A MOURNING COACH IN WHICH COULD BE SEEN A PRIEST IN HIS SURPLICE AND A CHOIR BOY IN HIS RED CAP FOLLOWED
test-other,3764,F,168671,3764-168671-0003,5.82,test-other/3764/168671/3764-168671-0003.flac,BEHIND IT CAME AN OLD MAN IN THE GARMENTS OF A LABORER WHO LIMPED ALONG
test-other,3764,F,168671,3764-168671-0010,3.06,test-other/3764/168671/3764-168671-0010.flac,IT IS ONE OF THE FAULTS WHICH RESEMBLE A DUTY
test-other,3764,F,168671,3764-168671-0016,5.815,test-other/3764/168671/3764-168671-0016.flac,JEAN VALJEAN'S COMPOSURE WAS ONE OF THOSE POWERFUL TRANQUILLITIES WHICH ARE CONTAGIOUS
test-other,3764,F,168671,3764-168671-0022,3.36,test-other/3764/168671/3764-168671-0022.flac,THE MAN REPLIED THE GRAVE DIGGER
test-other,3764,F,168671,3764-168671-0025,5.115,test-other/3764/168671/3764-168671-0025.flac,FATHER MESTIENNE IS THE GRAVE DIGGER HE WAS
test-other,3764,F,168671,3764-168671-0029,5.65,test-other/3764/168671/3764-168671-0029.flac,BUT HE PERSISTED FEEBLY FATHER MESTIENNE IS THE GRAVE DIGGER
test-other,3764,F,168671,3764-168671-0030,4.615,test-other/3764/168671/3764-168671-0030.flac,DO YOU KNOW WHO LITTLE FATHER LENOIR IS HE IS A JUG OF RED WINE
test-other,3764,F,168671,3764-168671-0031,2.155,test-other/3764/168671/3764-168671-0031.flac,BUT YOU ARE A JOLLY FELLOW TOO
test-other,3764,F,168671,3764-168671-0033,1.69,test-other/3764/168671/3764-168671-0033.flac,THE MAN REPLIED
test-other,3764,F,168671,3764-168671-0035,3.0,test-other/3764/168671/3764-168671-0035.flac,THE GRAVE DIGGER WALKED ON IN FRONT OF HIM
test-other,3764,F,168671,3764-168671-0043,3.8,test-other/3764/168671/3764-168671-0043.flac,FAUCHELEVENT THOUGHT I AM LOST
test-other,3764,F,168671,3764-168671-0046,7.84,test-other/3764/168671/3764-168671-0046.flac,FORTUNATELY THE SOIL WHICH WAS LIGHT AND WET WITH THE WINTER RAINS CLOGGED THE WHEELS AND RETARDED ITS SPEED
test-other,3764,F,168671,3764-168671-0048,8.91,test-other/3764/168671/3764-168671-0048.flac,BUT HE HAD REVERSES HE HAD LOSSES ON CHANGE I WAS OBLIGED TO RENOUNCE THE PROFESSION OF AUTHOR BUT I AM STILL A PUBLIC WRITER
test-other,3764,F,168671,3764-168671-0051,2.62,test-other/3764/168671/3764-168671-0051.flac,HERE A REMARK BECOMES NECESSARY
test-other,3764,F,168671,3764-168671-0052,8.52,test-other/3764/168671/3764-168671-0052.flac,FAUCHELEVENT WHATEVER HIS ANGUISH OFFERED A DRINK BUT HE DID NOT EXPLAIN HIMSELF ON ONE POINT WHO WAS TO PAY
test-other,3997,F,180294,3997-180294-0002,6.425,test-other/3997/180294/3997-180294-0002.flac,WELL DO IT FOR ME FOR I SWEAR TO YOU THAT I DON'T LOVE YOU AS THE OTHERS HAVE LOVED YOU
test-other,3997,F,180294,3997-180294-0003,3.25,test-other/3997/180294/3997-180294-0003.flac,THERE ARE BOLTS ON THE DOOR WRETCH
test-other,3997,F,180294,3997-180294-0005,3.2,test-other/3997/180294/3997-180294-0005.flac,NOW GO I CAN'T KEEP MY EYES OPEN
test-other,3997,F,180294,3997-180294-0013,2.875,test-other/3997/180294/3997-180294-0013.flac,THEY KNOW NOT WHAT PROOF TO GIVE
test-other,3997,F,180294,3997-180294-0016,23.03,test-other/3997/180294/3997-180294-0016.flac,BUT WHEN THE MAN WHO INSPIRES THIS REDEEMING LOVE IS GREAT ENOUGH IN SOUL TO RECEIVE IT WITHOUT REMEMBERING THE PAST WHEN HE GIVES HIMSELF UP TO IT WHEN IN SHORT HE LOVES AS HE IS LOVED THIS MAN DRAINS AT ONE DRAUGHT ALL EARTHLY EMOTIONS AND AFTER SUCH A LOVE HIS HEART WILL BE CLOSED TO EVERY OTHER
test-other,3997,F,180294,3997-180294-0018,4.225,test-other/3997/180294/3997-180294-0018.flac,WHEN I REACHED HOME I WAS IN A STATE OF MAD GAIETY
test-other,3997,F,180294,3997-180294-0024,2.755,test-other/3997/180294/3997-180294-0024.flac,THE BOXES FILLED ONE AFTER ANOTHER
test-other,3997,F,180294,3997-180294-0027,5.355,test-other/3997/180294/3997-180294-0027.flac,DID SHE LOVE ME ENOUGH TO BELIEVE THAT THE MORE BEAUTIFUL SHE LOOKED THE HAPPIER I SHOULD BE
test-other,3997,F,180294,3997-180294-0028,7.585,test-other/3997/180294/3997-180294-0028.flac,WHAT IS THE MATTER WITH YOU TO NIGHT SAID MARGUERITE RISING AND COMING TO THE BACK OF THE BOX AND KISSING ME ON THE FOREHEAD
test-other,3997,F,180294,3997-180294-0030,2.715,test-other/3997/180294/3997-180294-0030.flac,WHERE AT HOME
test-other,3997,F,180294,3997-180294-0031,3.19,test-other/3997/180294/3997-180294-0031.flac,YOU STILL LOVE ME CAN YOU ASK
test-other,3997,F,180297,3997-180297-0002,9.015,test-other/3997/180297/3997-180297-0002.flac,WELL YOU MIGHT HAVE HAD A WOMAN HERE SAID PRUDENCE AND IT WOULD HARDLY HAVE BEEN AMUSING FOR HER TO SEE TWO MORE ARRIVE
test-other,3997,F,180297,3997-180297-0003,4.3,test-other/3997/180297/3997-180297-0003.flac,DURING THIS REMARK MARGUERITE LOOKED AT ME ATTENTIVELY
test-other,3997,F,180297,3997-180297-0005,13.83,test-other/3997/180297/3997-180297-0005.flac,YES BUT BESIDES NOT WISHING TO PUT YOU OUT I WAS SURE THAT IF YOU CAME AS FAR AS MY DOOR YOU WOULD WANT TO COME UP AND AS I COULD NOT LET YOU I DID NOT WISH TO LET YOU GO AWAY BLAMING ME FOR SAYING NO
test-other,3997,F,180297,3997-180297-0006,5.635,test-other/3997/180297/3997-180297-0006.flac,BECAUSE I AM WATCHED AND THE LEAST SUSPICION MIGHT DO ME THE GREATEST HARM
test-other,3997,F,180297,3997-180297-0009,4.73,test-other/3997/180297/3997-180297-0009.flac,HONESTLY DO YOU CARE FOR ME A LITTLE A GREAT DEAL
test-other,3997,F,180297,3997-180297-0011,4.195,test-other/3997/180297/3997-180297-0011.flac,WELL GOOD HEAVENS THE MEANS WERE EASY ENOUGH TO GUESS
test-other,3997,F,180297,3997-180297-0016,2.525,test-other/3997/180297/3997-180297-0016.flac,WE NO LONGER BELONG TO OURSELVES
test-other,3997,F,180297,3997-180297-0017,3.855,test-other/3997/180297/3997-180297-0017.flac,WE STAND FIRST IN THEIR SELF ESTEEM LAST IN THEIR ESTEEM
test-other,3997,F,180297,3997-180297-0020,7.735,test-other/3997/180297/3997-180297-0020.flac,SUCH A MAN I FOUND IN THE DUKE BUT THE DUKE IS OLD AND OLD AGE NEITHER PROTECTS NOR CONSOLES
test-other,3997,F,180297,3997-180297-0022,5.515,test-other/3997/180297/3997-180297-0022.flac,WHAT I LOVED IN YOU WAS NOT THE MAN WHO WAS BUT THE MAN WHO WAS GOING TO BE
test-other,3997,F,180297,3997-180297-0026,3.15,test-other/3997/180297/3997-180297-0026.flac,HERE IT IS I HAVE BROUGHT IT BACK
test-other,3997,F,180297,3997-180297-0031,4.095,test-other/3997/180297/3997-180297-0031.flac,I EMBRACED MARGUERITE UNTIL SHE WAS ALMOST STIFLED
test-other,3997,F,182399,3997-182399-0001,2.35,test-other/3997/182399/3997-182399-0001.flac,THIS SOUNDED LIKE ANOTHER STORY
test-other,3997,F,182399,3997-182399-0002,6.32,test-other/3997/182399/3997-182399-0002.flac,HE WAS CURIOUS ABOUT THAT BLACK HEADED COUSIN OF OL MISTAH BUZZARD VERY CURIOUS INDEED
test-other,3997,F,182399,3997-182399-0005,11.785,test-other/3997/182399/3997-182399-0005.flac,NOW OL MISTAH BUZZARD IS NATURALLY GOOD NATURED AND ACCOMMODATING AND WHEN PETER BEGGED SO HARD HE JUST COULDN'T FIND IT IN HIS HEART TO REFUSE
test-other,3997,F,182399,3997-182399-0006,19.655,test-other/3997/182399/3997-182399-0006.flac,WAY BACK IN THE DAYS WHEN GRANDPAP BUZZARD HAD HIS LIL FALLING OUT WITH OL KING EAGLE AND DONE FLY SO HIGH HE SCO'TCH THE FEATHERS OFFEN HIS HAID HE HAD A COUSIN DID GRANDPAP BUZZARD AND THIS COUSIN WAS JES NATURALLY LAZY AND NO COUNT
test-other,3997,F,182399,3997-182399-0012,5.255,test-other/3997/182399/3997-182399-0012.flac,IT WAS ON A LIL OL HOUSE A LIL OL TUMBLE DOWN HOUSE
test-other,3997,F,182399,3997-182399-0015,6.3700625,test-other/3997/182399/3997-182399-0015.flac,WILL YO' ALLS PLEASE SPEAK A LIL LOUDER HE HOLLER DOWN THE CHIMNEY JES LIKE THAT
test-other,3997,F,182399,3997-182399-0020,4.445,test-other/3997/182399/3997-182399-0020.flac,IT WAS JUST AS GOOD AS ONE OF GRANDFATHER FROG'S
test-other,4198,M,12259,4198-12259-0003,3.96,test-other/4198/12259/4198-12259-0003.flac,YOU HAVE CATCHED A COLD GAMMER YEA FORSOOTH SIR
test-other,4198,M,12259,4198-12259-0015,3.975,test-other/4198/12259/4198-12259-0015.flac,COME LET US DRINK WILL YOU SEND NOTHING TO THE RIVER
test-other,4198,M,12259,4198-12259-0018,3.03,test-other/4198/12259/4198-12259-0018.flac,AND I TANQUAM SPONSUS
test-other,4198,M,12259,4198-12259-0021,4.38,test-other/4198/12259/4198-12259-0021.flac,IT IS THE COMPULSORY OF DRINKERS IT IS A PULLEY
test-other,4198,M,12259,4198-12259-0026,5.49,test-other/4198/12259/4198-12259-0026.flac,I WAS WONT HERETOFORE TO DRINK OUT ALL BUT NOW I LEAVE NOTHING
test-other,4198,M,12259,4198-12259-0034,6.325,test-other/4198/12259/4198-12259-0034.flac,APPETITE COMES WITH EATING SAYS ANGESTON BUT THE THIRST GOES AWAY WITH DRINKING
test-other,4198,M,12259,4198-12259-0038,4.935,test-other/4198/12259/4198-12259-0038.flac,I'FAITH PURE GREEK GREEK O THE FINE WHITE WINE
test-other,4198,M,12259,4198-12259-0042,5.495,test-other/4198/12259/4198-12259-0042.flac,O THE DRINKERS THOSE THAT ARE A DRY O POOR THIRSTY SOULS
test-other,4198,M,12281,4198-12281-0001,2.56,test-other/4198/12281/4198-12281-0001.flac,I BESEECH YOU THINK UPON IT
test-other,4198,M,12281,4198-12281-0002,8.145,test-other/4198/12281/4198-12281-0002.flac,NEVERTHELESS AT ALL ADVENTURES THEY RANG THE BELLS AD CAPITULUM CAPITULANTES
test-other,4198,M,12281,4198-12281-0004,5.31,test-other/4198/12281/4198-12281-0004.flac,BY THE BELLY OF SANCT JAMES WHAT SHALL WE POOR DEVILS DRINK THE WHILE
test-other,4198,M,12281,4198-12281-0005,3.3,test-other/4198/12281/4198-12281-0005.flac,LORD GOD DA MIHI POTUM
test-other,4198,M,12281,4198-12281-0006,4.45,test-other/4198/12281/4198-12281-0006.flac,LET HIM BE CARRIED TO PRISON FOR TROUBLING THE DIVINE SERVICE
test-other,4198,M,12281,4198-12281-0007,11.79,test-other/4198/12281/4198-12281-0007.flac,WHEREFORE IS IT THAT OUR DEVOTIONS WERE INSTITUTED TO BE SHORT IN THE TIME OF HARVEST AND VINTAGE AND LONG IN THE ADVENT AND ALL THE WINTER
test-other,4198,M,12281,4198-12281-0008,18.81,test-other/4198/12281/4198-12281-0008.flac,HARK YOU MY MASTERS YOU THAT LOVE THE WINE COP'S BODY FOLLOW ME FOR SANCT ANTHONY BURN ME AS FREELY AS A FAGGOT IF THEY GET LEAVE TO TASTE ONE DROP OF THE LIQUOR THAT WILL NOT NOW COME AND FIGHT FOR RELIEF OF THE VINE
test-other,4198,M,12281,4198-12281-0010,15.79,test-other/4198/12281/4198-12281-0010.flac,TO SOME WITH A SMART SOUSE ON THE EPIGASTER HE WOULD MAKE THEIR MIDRIFF SWAG THEN REDOUBLING THE BLOW GAVE THEM SUCH A HOMEPUSH ON THE NAVEL THAT HE MADE THEIR PUDDINGS TO GUSH OUT
test-other,4198,M,12281,4198-12281-0011,7.49,test-other/4198/12281/4198-12281-0011.flac,BELIEVE THAT IT WAS THE MOST HORRIBLE SPECTACLE THAT EVER ONE SAW
test-other,4198,M,12281,4198-12281-0015,15.08,test-other/4198/12281/4198-12281-0015.flac,IN THE MEANTIME FRIAR JOHN WITH HIS FORMIDABLE BATON OF THE CROSS GOT TO THE BREACH WHICH THE ENEMIES HAD MADE AND THERE STOOD TO SNATCH UP THOSE THAT ENDEAVOURED TO ESCAPE
test-other,4198,M,61336,4198-61336-0002,7.725,test-other/4198/61336/4198-61336-0002.flac,WELL MIGHT SHARDURIS EXCLAIM IN THE WORDS OF THE PROPHET WHERE IS THE KING OF ARPAD
test-other,4198,M,61336,4198-61336-0004,7.095,test-other/4198/61336/4198-61336-0004.flac,A FIERCE BATTLE ENSUED AND ONE OF ITS DRAMATIC INCIDENTS WAS A SINGLE COMBAT BETWEEN THE RIVAL KINGS
test-other,4198,M,61336,4198-61336-0006,6.725,test-other/4198/61336/4198-61336-0006.flac,DESPITE THE BLOW DEALT AGAINST URARTU ASSYRIA DID NOT IMMEDIATELY REGAIN POSSESSION OF NORTH SYRIA
test-other,4198,M,61336,4198-61336-0007,11.475,test-other/4198/61336/4198-61336-0007.flac,THE SHIFTY MATI ILU EITHER CHERISHED THE HOPE THAT SHARDURIS WOULD RECOVER STRENGTH AND AGAIN INVADE NORTH SYRIA OR THAT HE MIGHT HIMSELF ESTABLISH AN EMPIRE IN THAT REGION
test-other,4198,M,61336,4198-61336-0008,3.645,test-other/4198/61336/4198-61336-0008.flac,TIGLATH PILESER HAD THEREFORE TO MARCH WESTWARD AGAIN
test-other,4198,M,61336,4198-61336-0011,3.94,test-other/4198/61336/4198-61336-0011.flac,ONCE AGAIN THE HEBREWS CAME INTO CONTACT WITH ASSYRIA
test-other,4198,M,61336,4198-61336-0015,4.31,test-other/4198/61336/4198-61336-0015.flac,THIS USURPER HELD SWAY AT SAMARIA FOR ONLY A MONTH
test-other,4198,M,61336,4198-61336-0016,12.92,test-other/4198/61336/4198-61336-0016.flac,NO RESISTANCE WAS POSSIBLE ON THE PART OF MENAHEM THE USURPER WHO WAS PROBABLY READY TO WELCOME THE ASSYRIAN CONQUEROR SO THAT BY ARRANGING AN ALLIANCE HE MIGHT SECURE HIS OWN POSITION
test-other,4198,M,61336,4198-61336-0018,12.35,test-other/4198/61336/4198-61336-0018.flac,HE OVERTHREW BUILDINGS DESTROYED ORCHARDS AND TRANSPORTED TO NINEVEH THOSE OF THE INHABITANTS HE HAD NOT PUT TO THE SWORD WITH ALL THE LIVE STOCK HE COULD LAY HANDS ON
test-other,4198,M,61336,4198-61336-0022,6.42,test-other/4198/61336/4198-61336-0022.flac,JUDAH HAD TAKEN ADVANTAGE OF THE DISTURBED CONDITIONS IN ISRAEL TO ASSERT ITS INDEPENDENCE
test-other,4198,M,61336,4198-61336-0024,13.76,test-other/4198/61336/4198-61336-0024.flac,FOR THUS SAITH THE LORD UNTO THE HOUSE OF ISRAEL SEEK YE ME AND YE SHALL LIVE HAVE YE OFFERED UNTO ME SACRIFICES AND OFFERINGS IN THE WILDERNESS FORTY YEARS O HOUSE OF ISRAEL
test-other,4198,M,61336,4198-61336-0029,2.6,test-other/4198/61336/4198-61336-0029.flac,HE INVADED BABYLONIA
test-other,4294,F,14317,4294-14317-0000,7.515,test-other/4294/14317/4294-14317-0000.flac,AS I THOUGHT THAT THIS WAS DUE TO SOME FAULT IN THE EARTH I WANTED TO MAKE THESE FIRST EXPERIMENTS BEFORE I UNDERTOOK MY PERSEUS
test-other,4294,F,14317,4294-14317-0002,8.155,test-other/4294/14317/4294-14317-0002.flac,IT WAS AN EXTREMELY DIFFICULT TASK AND I WAS ANXIOUS TO OBSERVE ALL THE NICETIES OF ART WHICH I HAD LEARNED SO AS NOT TO LAPSE INTO SOME ERROR
test-other,4294,F,14317,4294-14317-0005,6.6,test-other/4294/14317/4294-14317-0005.flac,I ASK NO FURTHER REWARD FOR MY LABOURS UP TO THIS TIME THAN THE GRACIOUS FAVOUR OF YOUR MOST ILLUSTRIOUS EXCELLENCY
test-other,4294,F,14317,4294-14317-0007,8.43,test-other/4294/14317/4294-14317-0007.flac,I HAD BETTER LOOK TO MY CONDUCT FOR IT HAD COME TO HIS EARS THAT I RELIED UPON HIS FAVOUR TO TAKE IN FIRST ONE MAN AND THEN ANOTHER
test-other,4294,F,14317,4294-14317-0008,5.945,test-other/4294/14317/4294-14317-0008.flac,I BEGGED HIS MOST ILLUSTRIOUS EXCELLENCY TO NAME A SINGLE PERSON WHOM I HAD EVER TAKEN IN
test-other,4294,F,14317,4294-14317-0009,18.065,test-other/4294/14317/4294-14317-0009.flac,I SAID MY LORD I THANK YOU AND BEG YOU TO CONDESCEND SO FAR AS TO LISTEN TO FOUR WORDS IT IS TRUE THAT HE LENT ME A PAIR OF OLD SCALES TWO ANVILS AND THREE LITTLE HAMMERS WHICH ARTICLES I BEGGED HIS WORKMAN GIORGIO DA CORTONA FIFTEEN DAYS AGO TO FETCH BACK
test-other,4294,F,14317,4294-14317-0011,4.76,test-other/4294/14317/4294-14317-0011.flac,I HOPE TO PROVE ON WHAT ACCOUNT THAT SCOUNDREL TRIES TO BRING ME INTO DISGRACE
test-other,4294,F,14317,4294-14317-0015,6.685,test-other/4294/14317/4294-14317-0015.flac,AFTER SEVERAL MONTHS WERE WASTED AND PIERO WOULD NEITHER WORK NOR PUT MEN TO WORK UPON THE PIECE I MADE HIM GIVE IT BACK
test-other,4294,F,14317,4294-14317-0018,3.75,test-other/4294/14317/4294-14317-0018.flac,HAVING THIS EXCELLENT RESOLVE IN HEART I REACHED MY HOME
test-other,4294,F,32859,4294-32859-0002,3.62,test-other/4294/32859/4294-32859-0002.flac,THE STORY OF FRIDOLIN AND RETZCH'S PRETTY OUTLINES
test-other,4294,F,32859,4294-32859-0003,2.835,test-other/4294/32859/4294-32859-0003.flac,SIT DOWN BESIDE ME AND I'LL TELL YOU THE STORY
test-other,4294,F,32859,4294-32859-0005,7.71,test-other/4294/32859/4294-32859-0005.flac,BUT HONEST MARK FORGOT THAT YOUNG LADIES DO NOT ALWAYS COME OUT QUITE ALONE AND JUMP UNASSISTED INTO THEIR VEHICLES
test-other,4294,F,35475,4294-35475-0002,4.745,test-other/4294/35475/4294-35475-0002.flac,BUT THE KING LAUGHED HIM TO SCORN THOU A SWORD HE QUOTH
test-other,4294,F,35475,4294-35475-0004,7.525,test-other/4294/35475/4294-35475-0004.flac,FORTHWITH THE GRINNING JESTER BEGAN SHRIEKING WITH LAUGHTER SO THAT THE BELLS UPON HIS MOTLEY CAP WERE ALL SET A JANGLING
test-other,4294,F,35475,4294-35475-0007,6.425,test-other/4294/35475/4294-35475-0007.flac,THOU SHALT HAVE THY LIBERTY HE CRIED EVEN THOUGH THOU SHOULDST REND ME IN PIECES THE MOMENT THOU ART FREE
test-other,4294,F,35475,4294-35475-0011,9.66,test-other/4294/35475/4294-35475-0011.flac,HE COULD SEE THE OGRE STANDING POWERLESS TO HURT HIM ON THE OTHER SIDE OF THE CHASM AND GNASHING HIS TEETH EACH ONE OF WHICH WAS AS BIG AS A MILLSTON
test-other,4294,F,35475,4294-35475-0020,3.23,test-other/4294/35475/4294-35475-0020.flac,WHAT IS TO BECOME OF ME CRIED THE POOR PEASANT
test-other,4294,F,35475,4294-35475-0023,15.69,test-other/4294/35475/4294-35475-0023.flac,TO HIM WHO COULD BRING HER BACK TO HER FATHER'S CASTLE SHOULD BE GIVEN THE THRONE AND KINGDOM AS WELL AS THE PRINCESS HERSELF SO FROM FAR AND NEAR INDEED FROM ALMOST EVERY COUNTRY UNDER THE SUN CAME KNIGHTS AND PRINCES TO FIGHT THE OGRE
test-other,4294,F,35475,4294-35475-0024,6.22,test-other/4294/35475/4294-35475-0024.flac,AMONG THOSE WHO DREW BACK WERE ETHELRIED'S BROTHERS THE THREE THAT WERE DARK AND THE THREE THAT WERE FAIR
test-other,4294,F,9934,4294-9934-0001,5.34,test-other/4294/9934/4294-9934-0001.flac,HE HAD BUT JUST ACQUIRED A FAITH MUST HE THEN REJECT IT ALREADY
test-other,4294,F,9934,4294-9934-0006,13.6,test-other/4294/9934/4294-9934-0006.flac,WHATEVER MAY HAVE BEEN HIS DESIRE TO REMAIN WHERE HE WAS HE COULD NOT HALT THERE HE WAS IRRESISTIBLY CONSTRAINED TO CONTINUE TO ADVANCE TO EXAMINE TO THINK TO MARCH FURTHER
test-other,4294,F,9934,4294-9934-0013,3.08,test-other/4294/9934/4294-9934-0013.flac,WHAT ARE YOU GOING TO DO I DO NOT KNOW
test-other,4294,F,9934,4294-9934-0014,3.1,test-other/4294/9934/4294-9934-0014.flac,SILVER GOLD HERE IT IS
test-other,4294,F,9934,4294-9934-0015,6.565,test-other/4294/9934/4294-9934-0015.flac,YOU WILL THEN HAVE ONLY A PAIR OF TROUSERS A WAISTCOAT A HAT AND A COAT AND MY BOOTS
test-other,4294,F,9934,4294-9934-0016,1.88,test-other/4294/9934/4294-9934-0016.flac,THAT WILL BE ENOUGH
test-other,4294,F,9934,4294-9934-0022,2.755,test-other/4294/9934/4294-9934-0022.flac,HE BOUGHT THE WATCH FOR FORTY FIVE FRANCS
test-other,4294,F,9934,4294-9934-0025,2.645,test-other/4294/9934/4294-9934-0025.flac,I HAVE TEN FRANCS LEFT SAID MARIUS
test-other,4294,F,9934,4294-9934-0026,5.43,test-other/4294/9934/4294-9934-0026.flac,THAT WILL BE SWALLOWING A TONGUE VERY FAST OR A HUNDRED SOUS VERY SLOWLY
test-other,4294,F,9934,4294-9934-0027,10.66,test-other/4294/9934/4294-9934-0027.flac,ONE MORNING ON HIS RETURN FROM THE LAW SCHOOL MARIUS FOUND A LETTER FROM HIS AUNT AND THE SIXTY PISTOLES THAT IS TO SAY SIX HUNDRED FRANCS IN GOLD IN A SEALED BOX
test-other,4294,F,9934,4294-9934-0028,11.35,test-other/4294/9934/4294-9934-0028.flac,MARIUS SENT BACK THE THIRTY LOUIS TO HIS AUNT WITH A RESPECTFUL LETTER IN WHICH HE STATED THAT HE HAD SUFFICIENT MEANS OF SUBSISTENCE AND THAT HE SHOULD BE ABLE THENCEFORTH TO SUPPLY ALL HIS NEEDS
test-other,4350,M,10919,4350-10919-0008,6.245,test-other/4350/10919/4350-10919-0008.flac,THE QUESTION STANDS THUS IN PRESENCE OF INDICATIONS OF TUBERCULOUS PROCESS WHAT IS TO BE DONE TO MAINTAIN NUTRITION
test-other,4350,M,10919,4350-10919-0009,4.63,test-other/4350/10919/4350-10919-0009.flac,YES THAT'S AN UNDERSTOOD THING RESPONDED THE CELEBRATED PHYSICIAN AGAIN GLANCING AT HIS WATCH
test-other,4350,M,10919,4350-10919-0014,3.375,test-other/4350/10919/4350-10919-0014.flac,WHAT IS WANTED IS MEANS OF IMPROVING NUTRITION AND NOT FOR LOWERING IT
test-other,4350,M,10919,4350-10919-0016,6.275,test-other/4350/10919/4350-10919-0016.flac,BUT IN FAVOR OF FOREIGN TRAVEL I WOULD URGE THE CHANGE OF HABITS THE REMOVAL FROM CONDITIONS CALLING UP REMINISCENCES
test-other,4350,M,10919,4350-10919-0017,2.31,test-other/4350/10919/4350-10919-0017.flac,AND THEN THE MOTHER WISHES IT HE ADDED
test-other,4350,M,10919,4350-10919-0022,4.15,test-other/4350/10919/4350-10919-0022.flac,AND THE MOTHER ACCOMPANIED BY THE DOCTOR WENT INTO THE DRAWING ROOM TO KITTY
test-other,4350,M,10919,4350-10919-0025,3.09,test-other/4350/10919/4350-10919-0025.flac,EXCUSE ME DOCTOR BUT THERE IS REALLY NO OBJECT IN THIS
test-other,4350,M,10919,4350-10919-0026,2.745,test-other/4350/10919/4350-10919-0026.flac,THIS IS THE THIRD TIME YOU'VE ASKED ME THE SAME THING
test-other,4350,M,10919,4350-10919-0027,2.695,test-other/4350/10919/4350-10919-0027.flac,THE CELEBRATED DOCTOR DID NOT TAKE OFFENSE
test-other,4350,M,10919,4350-10919-0028,5.935,test-other/4350/10919/4350-10919-0028.flac,NERVOUS IRRITABILITY HE SAID TO THE PRINCESS WHEN KITTY HAD LEFT THE ROOM HOWEVER I HAD FINISHED
test-other,4350,M,10919,4350-10919-0033,4.875,test-other/4350/10919/4350-10919-0033.flac,THE MOTHER WAS MUCH MORE CHEERFUL WHEN SHE WENT BACK TO HER DAUGHTER AND KITTY PRETENDED TO BE MORE CHEERFUL
test-other,4350,M,9170,4350-9170-0000,6.835,test-other/4350/9170/4350-9170-0000.flac,EDUCATED PEOPLE OF THE UPPER CLASSES ARE TRYING TO STIFLE THE EVER GROWING SENSE OF THE NECESSITY OF TRANSFORMING THE EXISTING SOCIAL ORDER
test-other,4350,M,9170,4350-9170-0002,9.31,test-other/4350/9170/4350-9170-0002.flac,IN THE SOCIAL CONCEPTION OF LIFE IT IS SUPPOSED THAT SINCE THE AIM OF LIFE IS FOUND IN GROUPS OF INDIVIDUALS INDIVIDUALS WILL VOLUNTARILY SACRIFICE THEIR OWN INTERESTS FOR THE INTERESTS OF THE GROUP
test-other,4350,M,9170,4350-9170-0006,8.14,test-other/4350/9170/4350-9170-0006.flac,THE POSSIBILITY OF APPLYING BODILY VIOLENCE TO PEOPLE IS PROVIDED ABOVE ALL BY AN ORGANIZATION OF ARMED MEN TRAINED TO ACT IN UNISON IN SUBMISSION TO ONE WILL
test-other,4350,M,9170,4350-9170-0009,13.95,test-other/4350/9170/4350-9170-0009.flac,POWER IS ALWAYS IN THE HANDS OF THOSE WHO CONTROL THE ARMY AND ALL MEN IN POWER FROM THE ROMAN CAESARS TO THE RUSSIAN AND GERMAN EMPERORS TAKE MORE INTEREST IN THEIR ARMY THAN IN ANYTHING AND COURT POPULARITY IN THE ARMY KNOWING THAT IF THAT IS ON THEIR SIDE THEIR POWER IS SECURE
test-other,4350,M,9170,4350-9170-0014,8.745,test-other/4350/9170/4350-9170-0014.flac,BETWEEN THE MEMBERS OF ONE STATE SUBJECT TO A SINGLE AUTHORITY THE STRIFE BETWEEN INDIVIDUALS SEEMS STILL LESS AND THE LIFE OF THE STATE SEEMS EVEN MORE SECURE
test-other,4350,M,9170,4350-9170-0017,2.825,test-other/4350/9170/4350-9170-0017.flac,BUT THIS JUSTIFICATION IS NEVER MORE THAN TEMPORARY
test-other,4350,M,9170,4350-9170-0019,11.72,test-other/4350/9170/4350-9170-0019.flac,GOVERNMENT AUTHORITY EVEN IF IT DOES SUPPRESS PRIVATE VIOLENCE ALWAYS INTRODUCES INTO THE LIFE OF MEN FRESH FORMS OF VIOLENCE WHICH TEND TO BECOME GREATER AND GREATER IN PROPORTION TO THE DURATION AND STRENGTH OF THE GOVERNMENT
test-other,4350,M,9170,4350-9170-0027,3.045,test-other/4350/9170/4350-9170-0027.flac,AND THIS ABNORMAL ORDER OF THINGS IS MAINTAINED BY THE ARMY
test-other,4350,M,9170,4350-9170-0030,4.245,test-other/4350/9170/4350-9170-0030.flac,THIS INCREASE IS CONTAGIOUS AS MONTESQUIEU POINTED OUT ONE HUNDRED FIFTY YEARS AGO
test-other,4350,M,9170,4350-9170-0031,9.67,test-other/4350/9170/4350-9170-0031.flac,EVERY INCREASE IN THE ARMY OF ONE STATE WITH THE AIM OF SELF DEFENSE AGAINST ITS SUBJECTS BECOMES A SOURCE OF DANGER FOR NEIGHBORING STATES AND CALLS FOR A SIMILAR INCREASE IN THEIR ARMIES
test-other,4350,M,9170,4350-9170-0039,6.875,test-other/4350/9170/4350-9170-0039.flac,THE TAXES RAISED FROM THE PEOPLE FOR WAR PREPARATIONS ABSORB THE GREATER PART OF THE PRODUCE OF LABOR WHICH THE ARMY OUGHT TO DEFEND
test-other,4350,M,9170,4350-9170-0040,6.28,test-other/4350/9170/4350-9170-0040.flac,THE DANGER OF WAR EVER READY TO BREAK OUT RENDERS ALL REFORMS OF LIFE SOCIAL LIFE VAIN AND FRUITLESS
test-other,4350,M,9170,4350-9170-0046,6.165,test-other/4350/9170/4350-9170-0046.flac,EXCEPT FOR THE STATE THEY SAY WE SHOULD BE EXPOSED TO THE ATTACKS OF EVIL DISPOSED PERSONS IN OUR OWN COUNTRY
test-other,4350,M,9170,4350-9170-0047,7.095,test-other/4350/9170/4350-9170-0047.flac,WE KNOW NOW THAT THREATS AND PUNISHMENTS CANNOT DIMINISH THEIR NUMBER THAT THAT CAN ONLY BE DONE BY CHANGE OF ENVIRONMENT AND MORAL INFLUENCE
test-other,4350,M,9170,4350-9170-0048,9.79,test-other/4350/9170/4350-9170-0048.flac,SO THAT THE JUSTIFICATION OF STATE VIOLENCE ON THE GROUND OF THE PROTECTION IT GIVES US FROM EVIL DISPOSED PERSONS EVEN IF IT HAD SOME FOUNDATION THREE OR FOUR CENTURIES AGO HAS NONE WHATEVER NOW
test-other,4350,M,9170,4350-9170-0052,12.295,test-other/4350/9170/4350-9170-0052.flac,THE GREAT EXTENSION OF MEANS OF COMMUNICATION AND INTERCHANGE OF IDEAS HAS MADE MEN COMPLETELY ABLE TO DISPENSE WITH STATE AID IN FORMING SOCIETIES ASSOCIATIONS CORPORATIONS AND CONGRESSES FOR SCIENTIFIC ECONOMIC AND POLITICAL OBJECTS
test-other,4350,M,9170,4350-9170-0053,3.255,test-other/4350/9170/4350-9170-0053.flac,WITHOUT GOVERNMENTS NATIONS WOULD BE ENSLAVED BY THEIR NEIGHBORS
test-other,4350,M,9170,4350-9170-0056,7.975,test-other/4350/9170/4350-9170-0056.flac,THE POWER OF THE STATE FAR FROM BEING A SECURITY AGAINST THE ATTACKS OF OUR NEIGHBORS EXPOSES US ON THE CONTRARY TO MUCH GREATER DANGER OF SUCH ATTACKS
test-other,4350,M,9170,4350-9170-0060,6.66,test-other/4350/9170/4350-9170-0060.flac,FOR A MAN OF THE POOR WORKING CLASS THE ADVANTAGES AND DISADVANTAGES WILL BE THE SAME BUT WITH A GREAT INCREASE OF DISADVANTAGES
test-other,4852,M,28311,4852-28311-0000,2.025,test-other/4852/28311/4852-28311-0000.flac,SAY YOU KNOW SUMTHIN
test-other,4852,M,28311,4852-28311-0016,14.375,test-other/4852/28311/4852-28311-0016.flac,THE LONGER WING TOWARD THE BACK HAD A BACK DOOR THAT OPENED ONTO WATER STREET THE SPACE BETWEEN THE HOUSE AND WISCONSIN AVENUE HAD BEEN MADE INTO A NEAT OBLONG FLOWER GARDEN FENCED OFF FROM THE SIDEWALK BY BOX SHRUBS AND A WHITE PICKET FENCE
test-other,4852,M,28311,4852-28311-0019,4.87,test-other/4852/28311/4852-28311-0019.flac,ALL AT ONCE HE WONDERED HOW HIS MOTHER WAS AND EVERYTHING IN HIM PINCHED AND TIGHTENED ITSELF
test-other,4852,M,28311,4852-28311-0021,4.62,test-other/4852/28311/4852-28311-0021.flac,THERE WERE THREE THINGS THAT ALWAYS CAUGHT HIS EYE AMID THE LITTER OF DUSTY PIECES
test-other,4852,M,28311,4852-28311-0022,12.525,test-other/4852/28311/4852-28311-0022.flac,ON THE LEFT THE COIL OF ROPE IN THE CENTER THE MODEL OF A SAILING SHIP IN A GREEN GLASS BOTTLE AND ON THE RIGHT THE WOODEN STATUE OF A NEGRO BOY IN BAGGY TROUSERS TURKISH JACKET AND WHITE TURBAN
test-other,4852,M,28311,4852-28311-0023,7.31,test-other/4852/28311/4852-28311-0023.flac,BUT THE NAME STILL SHOWED AT THE PROW AND MANY A TIME CHRIS SAFE AT HOME IN BED HAD SAILED IMAGINARY VOYAGES IN THE MIRABELLE
test-other,4852,M,28312,4852-28312-0001,6.33,test-other/4852/28312/4852-28312-0001.flac,SO NOW ALONE UNTIL SOMEONE SHOULD ANSWER THE BELL HE LOOKED EAGERLY IF UNEASILY AROUND HIM
test-other,4852,M,28312,4852-28312-0008,3.73,test-other/4852/28312/4852-28312-0008.flac,CHRIS SWALLOWED AND HIS VOICE CAME BACK TO HIM
test-other,4852,M,28312,4852-28312-0011,1.925,test-other/4852/28312/4852-28312-0011.flac,HE'S A SCHOOLMATE OF MINE
test-other,4852,M,28312,4852-28312-0016,4.185,test-other/4852/28312/4852-28312-0016.flac,WOULD THAT INTERFERE WITH JAKEY'S GETTING THE JOB SIR
test-other,4852,M,28312,4852-28312-0019,3.385,test-other/4852/28312/4852-28312-0019.flac,THEN IN THAT SECOND HE TURNED AND FACED ABOUT
test-other,4852,M,28312,4852-28312-0025,4.065,test-other/4852/28312/4852-28312-0025.flac,NO ELECTRIC SIGNS NO LAMPLIT STREETS
test-other,4852,M,28312,4852-28312-0027,7.07,test-other/4852/28312/4852-28312-0027.flac,A COURTYARD WAS SPARSELY LIT BY A FLARING TORCH OR TWO SHOWING A SWINGING SIGN HUNG ON A POST
test-other,4852,M,28319,4852-28319-0000,3.33,test-other/4852/28319/4852-28319-0000.flac,THE LEARNING OF MAGIC WAS BY NO MEANS EASY
test-other,4852,M,28319,4852-28319-0001,5.995,test-other/4852/28319/4852-28319-0001.flac,HE HAD TOLD HIS MASTER AT ONCE ABOUT SIMON GOSLER HIS HORDE OF MONEY AND HIS HIDING PLACES FOR IT
test-other,4852,M,28319,4852-28319-0003,12.12,test-other/4852/28319/4852-28319-0003.flac,ONE AFTERNOON WHEN HE RETURNED AFTER A REST TO MISTER WICKER'S STUDY HE SAW THAT THERE WAS SOMETHING NEW IN THE ROOM A BOWL WITH A GOLDFISH IN IT STOOD ON THE TABLE BUT MISTER WICKER WAS NOT TO BE SEEN
test-other,4852,M,28319,4852-28319-0005,7.64,test-other/4852/28319/4852-28319-0005.flac,HOW YOU HAVE IMPROVED MY BOY HE EXCLAIMED IT IS NOW TIME FOR YOU TO TRY AND THIS IS AS GOOD A CHANGE AS ANY
test-other,4852,M,28319,4852-28319-0009,3.2099375,test-other/4852/28319/4852-28319-0009.flac,THE SENSATION SPREAD FASTER AND FASTER
test-other,4852,M,28319,4852-28319-0011,11.695,test-other/4852/28319/4852-28319-0011.flac,HE THOUGHT NOT WITHOUT A FEELING OF PRIDE AND COMMENCED EXPERIMENTING WITH HIS TAIL AND FINS WITH SUCH ENTHUSIASM AND DELIGHT THAT SOME LITTLE TIME ELAPSED BEFORE MISTER WICKER'S VOICE BOOMED CLOSE BY
test-other,4852,M,28319,4852-28319-0019,13.475,test-other/4852/28319/4852-28319-0019.flac,HE HEARD THE MAGICIAN GOING UP THE SPIRAL STAIRCASE TO HIS ROOM ABOVE AND AFTER CHANGING HIMSELF TO A MOUSE TO SLIP UNDER THE DOOR AND SEE THAT THE ROOM WAS REALLY EMPTY CHRIS RESUMED HIS PROPER SHAPE AND OPENED THE DOORS OF THE CUPBOARD AT THE FAR END OF THE ROOM
test-other,4852,M,28319,4852-28319-0022,3.695,test-other/4852/28319/4852-28319-0022.flac,CERTAIN ELEMENTS WERE TO BE MIXED AND POURED AT THE PROPER TIME
test-other,4852,M,28319,4852-28319-0024,7.0,test-other/4852/28319/4852-28319-0024.flac,WITH INFINITE CAUTION CHRIS CLOSED THE DOOR SILENTLY BEHIND HIM AND RUNNING LIGHTLY FORWARD REACHED THE FIGURE OF THE NEGRO BOY
test-other,4852,M,28330,4852-28330-0001,6.14,test-other/4852/28330/4852-28330-0001.flac,GUESS MISTER FINNEY WENT TO HIS QUARTERS I DON'T REMEMBER SEEING HIM CROSS THE DECK OR COME OVER THAT WAY AT ALL
test-other,4852,M,28330,4852-28330-0002,6.225,test-other/4852/28330/4852-28330-0002.flac,NEXT NED CILLEY WAS RELIEVED AT THE HELM BY ELBERT JONES WHO TOOK OVER NED WENT ON DOWN
test-other,4852,M,28330,4852-28330-0010,4.595,test-other/4852/28330/4852-28330-0010.flac,THE CAPTAIN SAT FORWARD IN HIS CHAIR LOOKING AT HIM FOR A LONG MOMENT CONSIDERING
test-other,4852,M,28330,4852-28330-0013,5.905,test-other/4852/28330/4852-28330-0013.flac,HE PAUSED FINGERING HIS LOWER LIP AND LOOKING SIDEWAYS IN A REFLECTIVE FASHION AT CHRIS STANDING BEFORE HIM
test-other,4852,M,28330,4852-28330-0015,4.555,test-other/4852/28330/4852-28330-0015.flac,THIS SHIP ITS CARGO AND ITS MEN WILL BE IN YOUR HANDS
test-other,4852,M,28330,4852-28330-0016,5.37,test-other/4852/28330/4852-28330-0016.flac,YES SIR I THINK I CAN DO IT SAFELY OR I SHOULD NOT TRY SIR
test-other,4852,M,28330,4852-28330-0023,6.525,test-other/4852/28330/4852-28330-0023.flac,NOT SINCE HE HAD LEFT MISTER WICKER HAD CHRIS FELT SUCH CONFIDENCE AS HE DID IN THE WORDS AND ACTIONS OF CAPTAIN BLIZZARD
test-other,4852,M,28330,4852-28330-0025,2.625,test-other/4852/28330/4852-28330-0025.flac,THEIR CONVERSATION HAD TAKEN SOME LITTLE WHILE
test-other,5442,F,32873,5442-32873-0000,3.91,test-other/5442/32873/5442-32873-0000.flac,CAPTAIN LAKE DID NOT LOOK AT ALL LIKE A LONDON DANDY NOW
test-other,5442,F,32873,5442-32873-0001,8.185,test-other/5442/32873/5442-32873-0001.flac,THERE WAS A VERY NATURAL SAVAGERY AND DEJECTION THERE AND A WILD LEER IN HIS YELLOW EYES RACHEL SAT DOWN
test-other,5442,F,32873,5442-32873-0006,16.73,test-other/5442/32873/5442-32873-0006.flac,BRIGHT AND NATTY WERE THE CHINTZ CURTAINS AND THE LITTLE TOILET SET OUT NOT INELEGANTLY AND HER PET PIPING GOLDFINCH ASLEEP ON HIS PERCH WITH HIS BIT OF SUGAR BETWEEN THE WIRES OF HIS CAGE HER PILLOW SO WHITE AND UNPRESSED WITH ITS LITTLE EDGING OF LACE
test-other,5442,F,32873,5442-32873-0010,6.535,test-other/5442/32873/5442-32873-0010.flac,AND SHE THREW BACK HER VEIL AND GOING HURRIEDLY TO THE TOILET MECHANICALLY SURVEYED HERSELF IN THE GLASS
test-other,5442,F,32873,5442-32873-0014,19.815,test-other/5442/32873/5442-32873-0014.flac,LUKE TOOK CARE OF MISTER LARKIN'S DOGS AND GROOMED MISTER WYLDER'S HORSE AND CLEANED UP HIS DOG CART FOR MARK BEING CLOSE ABOUT MONEY AND FINDING THAT THE THING WAS TO BE DONE MORE CHEAPLY THAT WAY PUT UP HIS HORSE AND DOG CART IN THE POST OFFICE PREMISES AND SO EVADED THE LIVERY CHARGES OF THE BRANDON ARMS
test-other,5442,F,32873,5442-32873-0015,14.26,test-other/5442/32873/5442-32873-0015.flac,BUT LUKE WAS NOT THERE AND CAPTAIN LAKE RECOLLECTING HIS HABITS AND HIS HAUNT HURRIED ON TO THE SILVER LION WHICH HAS ITS GABLE TOWARDS THE COMMON ONLY ABOUT A HUNDRED STEPS AWAY FOR DISTANCES ARE NOT GREAT IN GYLINGDEN
test-other,5442,F,32873,5442-32873-0016,15.76,test-other/5442/32873/5442-32873-0016.flac,HERE WERE THE FLOW OF SOUL AND OF STOUT LONG PIPES LONG YARNS AND TOLERABLY LONG CREDITS AND THE HUMBLE SCAPEGRACES OF THE TOWN RESORTED THITHER FOR THE PLEASURES OF A CLUB LIFE AND OFTEN REVELLED DEEP INTO THE SMALL HOURS OF THE MORNING
test-other,5442,F,32873,5442-32873-0017,2.63,test-other/5442/32873/5442-32873-0017.flac,LOSE NO TIME AND I'LL GIVE YOU HALF A CROWN
test-other,5442,F,32873,5442-32873-0019,5.565,test-other/5442/32873/5442-32873-0019.flac,IF I THOUGHT YOU'D FAIL ME NOW TAMAR I SHOULD NEVER COME BACK GOOD NIGHT TAMAR
test-other,5442,F,41168,5442-41168-0000,5.425,test-other/5442/41168/5442-41168-0000.flac,THE ACT SAID THAT IN CASE OF DIFFERENCE OF OPINION THERE MUST BE A BALLOT
test-other,5442,F,41168,5442-41168-0001,6.67,test-other/5442/41168/5442-41168-0001.flac,HE WENT UP TO THE TABLE AND STRIKING IT WITH HIS FINGER RING HE SHOUTED LOUDLY A BALLOT
test-other,5442,F,41168,5442-41168-0004,2.265,test-other/5442/41168/5442-41168-0004.flac,WE SHED OUR BLOOD FOR OUR COUNTRY
test-other,5442,F,41168,5442-41168-0009,29.6,test-other/5442/41168/5442-41168-0009.flac,HE FORGOT AS SERGEY IVANOVITCH EXPLAINED TO HIM AFTERWARDS THIS SYLLOGISM THAT IT WAS NECESSARY FOR THE PUBLIC GOOD TO GET RID OF THE MARSHAL OF THE PROVINCE THAT TO GET RID OF THE MARSHAL IT WAS NECESSARY TO HAVE A MAJORITY OF VOTES THAT TO GET A MAJORITY OF VOTES IT WAS NECESSARY TO SECURE FLEROV'S RIGHT TO VOTE THAT TO SECURE THE RECOGNITION OF FLEROV'S RIGHT TO VOTE THEY MUST DECIDE ON THE INTERPRETATION TO BE PUT ON THE ACT
test-other,5442,F,41168,5442-41168-0011,8.69,test-other/5442/41168/5442-41168-0011.flac,TO ESCAPE FROM THIS PAINFUL FEELING HE WENT AWAY INTO THE OTHER ROOM WHERE THERE WAS NOBODY EXCEPT THE WAITERS AT THE REFRESHMENT BAR
test-other,5442,F,41168,5442-41168-0017,4.855,test-other/5442/41168/5442-41168-0017.flac,A HUNDRED AND TWENTY SIX FOR ADMISSION NINETY EIGHT AGAINST
test-other,5442,F,41168,5442-41168-0018,4.42,test-other/5442/41168/5442-41168-0018.flac,SANG OUT THE VOICE OF THE SECRETARY WHO COULD NOT PRONOUNCE THE LETTER R
test-other,5442,F,41168,5442-41168-0020,3.855,test-other/5442/41168/5442-41168-0020.flac,BUT THE OLD PARTY DID NOT CONSIDER THEMSELVES CONQUERED
test-other,5442,F,41168,5442-41168-0021,16.465,test-other/5442/41168/5442-41168-0021.flac,IN REPLY SNETKOV SPOKE OF THE TRUST THE NOBLEMEN OF THE PROVINCE HAD PLACED IN HIM THE AFFECTION THEY HAD SHOWN HIM WHICH HE DID NOT DESERVE AS HIS ONLY MERIT HAD BEEN HIS ATTACHMENT TO THE NOBILITY TO WHOM HE HAD DEVOTED TWELVE YEARS OF SERVICE
test-other,5442,F,41168,5442-41168-0023,4.78,test-other/5442/41168/5442-41168-0023.flac,IF THERE ARE MEN YOUNGER AND MORE DESERVING THAN I LET THEM SERVE
test-other,5442,F,41168,5442-41168-0024,3.25,test-other/5442/41168/5442-41168-0024.flac,AND THE MARSHAL DISAPPEARED THROUGH A SIDE DOOR
test-other,5442,F,41169,5442-41169-0001,6.755,test-other/5442/41169/5442-41169-0001.flac,HE WENT TO THE WINDOW AND SAT DOWN SCANNING THE GROUPS AND LISTENING TO WHAT WAS BEING SAID AROUND HIM
test-other,5442,F,41169,5442-41169-0003,4.935,test-other/5442/41169/5442-41169-0003.flac,I HAVE TOLD HIM SO BUT IT MAKES NO DIFFERENCE ONLY THINK OF IT
test-other,5442,F,41169,5442-41169-0004,6.45,test-other/5442/41169/5442-41169-0004.flac,THESE PERSONS WERE UNMISTAKABLY SEEKING A PLACE WHERE THEY COULD TALK WITHOUT BEING OVERHEARD
test-other,5442,F,41169,5442-41169-0005,4.01,test-other/5442/41169/5442-41169-0005.flac,SHALL WE GO ON YOUR EXCELLENCY FINE CHAMPAGNE
test-other,5442,F,41169,5442-41169-0006,3.895,test-other/5442/41169/5442-41169-0006.flac,LAST YEAR AT OUR DISTRICT MARSHAL NIKOLAY IVANOVITCH'S
test-other,5442,F,41169,5442-41169-0008,2.79,test-other/5442/41169/5442-41169-0008.flac,WHY WHAT IS THERE TO UNDERSTAND
test-other,5442,F,41169,5442-41169-0011,2.42,test-other/5442/41169/5442-41169-0011.flac,IT'S A MORAL OBLIGATION OF A SORT
test-other,5442,F,41169,5442-41169-0019,9.24,test-other/5442/41169/5442-41169-0019.flac,AND WHAT'S MORE THE LANDOWNER WENT ON LEANING HIS ELBOWS ON THE WINDOW AND CHATTING ON MY SON I MUST TELL YOU HAS NO TASTE FOR IT
test-other,5442,F,41169,5442-41169-0026,3.48,test-other/5442/41169/5442-41169-0026.flac,THE LANDOWNER CHUCKLED UNDER HIS WHITE MUSTACHES
test-other,5442,F,41169,5442-41169-0031,3.21,test-other/5442/41169/5442-41169-0031.flac,WITHOUT A RETURN TOO AT A SIMPLE LOSS
test-other,5484,F,24317,5484-24317-0008,7.205,test-other/5484/24317/5484-24317-0008.flac,THEN HE WENT DIRECTLY TO THE NEIGHBOURING PALACE THE QUEEN MIGHT HAVE APPEARED ALREADY AND IT WOULD NOT DO TO KEEP HER WAITING
test-other,5484,F,24317,5484-24317-0013,10.44,test-other/5484/24317/5484-24317-0013.flac,A STRANGER OUT OF HIS OWN SPHERE HE FELT CHILLED AMONG THESE CLOSELY UNITED MEN AND WOMEN TO WHOM NO TIE BOUND HIM SAVE THE PRESENCE OF THE SAME HOST
test-other,5484,F,24317,5484-24317-0015,8.155,test-other/5484/24317/5484-24317-0015.flac,HIS SON HAD BEEN THIS ROYAL DAME'S FIRST HUSBAND AND SHE HAD DESERTED HIM TO MARRY LYSIMACHUS THE AGED KING OF THRACE
test-other,5484,F,24317,5484-24317-0017,16.735,test-other/5484/24317/5484-24317-0017.flac,WE WOMEN ARE ONLY AS OLD AS WE LOOK AND THE LEECHES AND TIRING WOMEN OF THIS BEAUTY OF FORTY PRACTISE ARTS WHICH GIVE HER THE APPEARANCE OF TWENTY FIVE YET PERHAPS THE KING VALUES HER INTELLECT MORE THAN HER PERSON AND THE WISDOM OF A HUNDRED SERPENTS IS CERTAINLY UNITED IN THIS WOMAN'S HEAD
test-other,5484,F,24317,5484-24317-0018,8.93,test-other/5484/24317/5484-24317-0018.flac,THE THREE MOST TRUSTWORTHY ONES ARE HERE AMYNTAS THE LEECH CHRYSIPPUS AND THE ADMIRABLE PROCLUS
test-other,5484,F,24317,5484-24317-0019,6.06,test-other/5484/24317/5484-24317-0019.flac,LET US HOPE THAT YOU WILL MAKE THIS THREE LEAVED CLOVER THE LUCK PROMISING FOUR LEAVED ONE
test-other,5484,F,24317,5484-24317-0021,7.26,test-other/5484/24317/5484-24317-0021.flac,HOW LONG HE KEPT YOU WAITING FOR THE FIRST WORD CONCERNING A WORK WHICH JUSTLY TRANSPORTED THE WHOLE CITY WITH DELIGHT
test-other,5484,F,24317,5484-24317-0023,3.51,test-other/5484/24317/5484-24317-0023.flac,THAT IS GOING TOO FAR REPLIED HERMON
test-other,5484,F,24317,5484-24317-0025,8.47,test-other/5484/24317/5484-24317-0025.flac,THE ROYAL LADY HAD INQUIRED ABOUT HIM AND HIS SUFFERINGS WITH ALMOST SISTERLY INTEREST AND ALTHEA EAGERLY CONFIRMED THE STATEMENT
test-other,5484,F,24317,5484-24317-0029,8.265,test-other/5484/24317/5484-24317-0029.flac,A WOMAN WHO YEARNS FOR THE REGARD OF ALL MEN AND MAKES LOVE A TOY EASILY LESSENS THE DEMANDS SHE IMPOSES UPON INDIVIDUALS
test-other,5484,F,24317,5484-24317-0030,8.655,test-other/5484/24317/5484-24317-0030.flac,ONLY EVEN THOUGH LOVE HAS WHOLLY DISAPPEARED SHE STILL CLAIMS CONSIDERATION AND ALTHEA DID NOT WISH TO LOSE HERMON'S REGARD
test-other,5484,F,24317,5484-24317-0032,9.16,test-other/5484/24317/5484-24317-0032.flac,THOUGH SO LOUD A DENIAL IS WRITTEN ON YOUR FACE I PERSIST IN MY CONVICTION AND THAT NO IDLE DELUSION ENSNARES ME I CAN PROVE
test-other,5484,F,24317,5484-24317-0033,4.755,test-other/5484/24317/5484-24317-0033.flac,IT WAS NAY IT COULD HAVE BEEN NOTHING ELSE THAT VERY SPIDER
test-other,5484,F,24318,5484-24318-0000,2.6399375,test-other/5484/24318/5484-24318-0000.flac,NOT A SOUND IF YOU VALUE YOUR LIVES
test-other,5484,F,24318,5484-24318-0001,14.055,test-other/5484/24318/5484-24318-0001.flac,TO OFFER RESISTANCE WOULD HAVE BEEN MADNESS FOR EVEN HERMON PERCEIVED BY THE LOUD CLANKING OF WEAPONS AROUND THEM THE GREATLY SUPERIOR POWER OF THE ENEMY AND THEY WERE ACTING BY THE ORDERS OF THE KING TO THE PRISON NEAR THE PLACE OF EXECUTION
test-other,5484,F,24318,5484-24318-0007,8.395,test-other/5484/24318/5484-24318-0007.flac,IF HE HAD PASSED INTO ANNIHILATION HE HERMON WISHED TO FOLLOW HIM THITHER AND ANNIHILATION CERTAINLY MEANT REDEMPTION FROM PAIN AND MISERY
test-other,5484,F,24318,5484-24318-0009,7.245,test-other/5484/24318/5484-24318-0009.flac,THE POWER WHICH DELIVERED HIM OVER TO DEATH JUST AT THAT MOMENT WAS NOT NEMESIS NO IT WAS A KINDLY DEITY
test-other,5484,F,24318,5484-24318-0010,2.245,test-other/5484/24318/5484-24318-0010.flac,YET IT WAS NO ILLUSION THAT DECEIVED HIM
test-other,5484,F,24318,5484-24318-0012,10.475,test-other/5484/24318/5484-24318-0012.flac,SOMETIMES WITH TOUCHING ENTREATY SOMETIMES WITH IMPERIOUS COMMAND SHE PROTESTED AFTER GIVING HIM HER NAME THAT THIS MATTER COULD BE NOTHING BUT AN UNFORTUNATE MISTAKE
test-other,5484,F,24318,5484-24318-0014,8.055,test-other/5484/24318/5484-24318-0014.flac,CRIED HERMON IN GRATEFUL AGITATION BUT SHE WOULD NOT LISTEN TO HIM AND FOLLOWED THE SOLDIER WHOM THE CAPTAIN DETAILED TO GUIDE HER INTO THE PALACE
test-other,5484,F,24318,5484-24318-0015,5.025,test-other/5484/24318/5484-24318-0015.flac,TO MORROW YOU SHALL CONFESS TO ME WHO TREACHEROUSLY DIRECTED YOU TO THIS DANGEROUS PATH
test-other,5484,F,24318,5484-24318-0016,8.155,test-other/5484/24318/5484-24318-0016.flac,DAPHNE AGAIN PLEADED FOR THE LIBERATION OF THE PRISONERS BUT PHILIPPUS SILENCED HER WITH THE GRAVE EXCLAMATION THE ORDER OF THE KING
test-other,5484,F,24318,5484-24318-0018,5.025,test-other/5484/24318/5484-24318-0018.flac,IN SPITE OF HIS DEEP MENTAL DISTRESS HE COULD HAVE SHOUTED ALOUD IN HIS DELIGHT AND GRATITUDE
test-other,5484,F,24318,5484-24318-0019,21.44,test-other/5484/24318/5484-24318-0019.flac,HE MIGHT NOW HAVE BEEN PERMITTED TO BIND FOREVER TO HIS LIFE THE WOMAN WHO HAD JUST RESCUED HIM FROM THE GREATEST DANGER BUT THE CONFESSION HE MUST MAKE TO HIS FELLOW ARTISTS IN THE PALAESTRA THE FOLLOWING MORNING STILL SEALED HIS LIPS YET IN THIS HOUR HE FELT THAT HE WAS UNITED TO HER AND OUGHT NOT TO CONCEAL WHAT AWAITED HIM SO OBEYING A STRONG IMPULSE HE EXCLAIMED YOU KNOW THAT I LOVE YOU
test-other,5484,F,24318,5484-24318-0021,3.24,test-other/5484/24318/5484-24318-0021.flac,DAPHNE EXCLAIMED TENDERLY WHAT MORE IS NEEDED
test-other,5484,F,24318,5484-24318-0026,9.565,test-other/5484/24318/5484-24318-0026.flac,BRING THIS BEFORE YOUR MIND AND EVERYTHING ELSE THAT YOU MUST ACCEPT WITH IT IF YOU CONSENT WHEN THE TIME ARRIVES TO BECOME MINE CONCEAL AND PALLIATE NOTHING
test-other,5484,F,24318,5484-24318-0030,6.265,test-other/5484/24318/5484-24318-0030.flac,BESIDES HE KNEW THAT THE OBJECT OF HIS LOVE WOULD NOT PART FROM HIM WITHOUT GRANTING HIM ONE LAST WORD
test-other,5484,F,24318,5484-24318-0032,6.7599375,test-other/5484/24318/5484-24318-0032.flac,EVEN DAPHNE'S IMAGE AND WHAT THREATENED HER FATHER AND HER WITH HIM RECEDED FAR INTO THE BACKGROUND
test-other,5484,F,24318,5484-24318-0033,4.915,test-other/5484/24318/5484-24318-0033.flac,HE WAS APPEARING BEFORE HIS COMPANIONS ONLY TO GIVE TRUTH ITS JUST DUE
test-other,5484,F,24318,5484-24318-0035,5.23,test-other/5484/24318/5484-24318-0035.flac,SHOUTED HIS FRIEND SOTELES IN JOYFUL SURPRISE IN THE MIDST OF THIS PAINFUL WALK HERMON
test-other,5764,M,299665,5764-299665-0001,3.915,test-other/5764/299665/5764-299665-0001.flac,WHETHER HE WAS THE CREATOR OF YOURSELF AND MYSELF
test-other,5764,M,299665,5764-299665-0003,3.725,test-other/5764/299665/5764-299665-0003.flac,WHY DID HE CREATE THE INTELLECTUALLY INFERIOR
test-other,5764,M,299665,5764-299665-0014,15.41,test-other/5764/299665/5764-299665-0014.flac,DID INFINITE WISDOM INTENTIONALLY PRODUCE THE MICROSCOPIC BEASTS THAT FEED UPON THE OPTIC NERVE THINK OF BLINDING A MAN TO SATISFY THE APPETITE OF A MICROBE
test-other,5764,M,299665,5764-299665-0016,6.44,test-other/5764/299665/5764-299665-0016.flac,FEAR ERECTS THE CATHEDRAL AND BOWS THE HEAD OF MAN IN WORSHIP
test-other,5764,M,299665,5764-299665-0017,9.615,test-other/5764/299665/5764-299665-0017.flac,LIPS RELIGIOUS AND FEARFUL TREMBLINGLY REPEAT THIS PASSAGE THOUGH HE SLAY ME YET WILL I TRUST HIM
test-other,5764,M,299665,5764-299665-0020,15.745,test-other/5764/299665/5764-299665-0020.flac,DO WE PROVE HIS GOODNESS BY SHOWING THAT HE HAS OPENED THE EARTH AND SWALLOWED THOUSANDS OF HIS HELPLESS CHILDREN OR THAT WITH THE VOLCANOES HE HAS OVERWHELMED THEM WITH RIVERS OF FIRE
test-other,5764,M,299665,5764-299665-0026,5.705,test-other/5764/299665/5764-299665-0026.flac,MAN ADVANCES AND NECESSARILY ADVANCES THROUGH EXPERIENCE
test-other,5764,M,299665,5764-299665-0028,4.48,test-other/5764/299665/5764-299665-0028.flac,HE HAS TRIED THAT ROAD AND KNOWS THAT IT IS THE WRONG ROAD
test-other,5764,M,299665,5764-299665-0029,6.97,test-other/5764/299665/5764-299665-0029.flac,A CHILD CHARMED BY THE BEAUTY OF THE FLAME GRASPS IT WITH ITS DIMPLED HAND
test-other,5764,M,299665,5764-299665-0030,6.005,test-other/5764/299665/5764-299665-0030.flac,THE POWER THAT WORKS FOR RIGHTEOUSNESS HAS TAUGHT THE CHILD A LESSON
test-other,5764,M,299665,5764-299665-0031,2.23,test-other/5764/299665/5764-299665-0031.flac,IT IS A RESULT
test-other,5764,M,299665,5764-299665-0034,4.32,test-other/5764/299665/5764-299665-0034.flac,THEY ARE PRAISED ADMIRED AND RESPECTED
test-other,5764,M,299665,5764-299665-0037,6.6,test-other/5764/299665/5764-299665-0037.flac,THE GREATEST OF HUMAN BEINGS HAS SAID CONSCIENCE IS BORN OF LOVE
test-other,5764,M,299665,5764-299665-0038,5.03,test-other/5764/299665/5764-299665-0038.flac,AS PEOPLE ADVANCE THE REMOTE CONSEQUENCES ARE PERCEIVED
test-other,5764,M,299665,5764-299665-0039,3.1,test-other/5764/299665/5764-299665-0039.flac,THE IMAGINATION IS CULTIVATED
test-other,5764,M,299665,5764-299665-0052,3.39,test-other/5764/299665/5764-299665-0052.flac,THEY MUFFLED ALL THE BELLS OF GLADNESS
test-other,5764,M,299665,5764-299665-0055,7.98,test-other/5764/299665/5764-299665-0055.flac,LET ME REFER TO JUST ONE FACT SHOWING THE INFLUENCE OF A BELIEF IN THE BIBLE ON HUMAN BEINGS
test-other,5764,M,299665,5764-299665-0056,8.565,test-other/5764/299665/5764-299665-0056.flac,THE QUEEN RECEIVED THE BIBLE KISSED IT AND PLEDGED HERSELF TO DILIGENTLY READ THEREIN
test-other,5764,M,299665,5764-299665-0059,7.725,test-other/5764/299665/5764-299665-0059.flac,RELIGION HAS BEEN TRIED AND IN ALL COUNTRIES IN ALL TIMES HAS FAILED
test-other,5764,M,299665,5764-299665-0062,6.17,test-other/5764/299665/5764-299665-0062.flac,IT HAS NEVER MADE MAN MORAL TEMPERATE INDUSTRIOUS AND HONEST
test-other,5764,M,299665,5764-299665-0063,7.405,test-other/5764/299665/5764-299665-0063.flac,ARE CHRISTIANS MORE TEMPERATE NEARER VIRTUOUS NEARER HONEST THAN SAVAGES
test-other,5764,M,299665,5764-299665-0066,17.28,test-other/5764/299665/5764-299665-0066.flac,RELIGION RESTS ON THE IDEA THAT NATURE HAS A MASTER AND THAT THIS MASTER WILL LISTEN TO PRAYER THAT THIS MASTER PUNISHES AND REWARDS THAT HE LOVES PRAISE AND FLATTERY AND HATES THE BRAVE AND FREE
test-other,5764,M,299665,5764-299665-0070,4.855,test-other/5764/299665/5764-299665-0070.flac,I HAVE A THEORY AND I HAVE FOUR CORNER STONES
test-other,5764,M,299665,5764-299665-0076,2.37,test-other/5764/299665/5764-299665-0076.flac,EVERY EVENT HAS PARENTS
test-other,5764,M,299665,5764-299665-0081,3.055,test-other/5764/299665/5764-299665-0081.flac,WE KNOW THE PATHS THAT LIFE HAS TRAVELED
test-other,5764,M,299665,5764-299665-0082,4.485,test-other/5764/299665/5764-299665-0082.flac,WE KNOW THE FOOTSTEPS OF ADVANCE THEY HAVE BEEN TRACED
test-other,5764,M,299665,5764-299665-0085,4.835,test-other/5764/299665/5764-299665-0085.flac,THEY DEPEND ON THE LORD ON LUCK AND CHARITY
test-other,5764,M,299665,5764-299665-0086,6.135,test-other/5764/299665/5764-299665-0086.flac,THEY LIVE BY FRAUD AND VIOLENCE AND BEQUEATH THEIR VICES TO THEIR CHILDREN
test-other,5764,M,299665,5764-299665-0095,2.04,test-other/5764/299665/5764-299665-0095.flac,THIS FREES WOMAN
test-other,5764,M,299665,5764-299665-0097,10.95,test-other/5764/299665/5764-299665-0097.flac,IT IS FAR BETTER TO BE FREE TO LEAVE THE FORTS AND BARRICADES OF FEAR TO STAND ERECT AND FACE THE FUTURE WITH A SMILE
test-other,6070,F,63485,6070-63485-0001,8.08,test-other/6070/63485/6070-63485-0001.flac,THE TWO MONSTERS TOOK OFF THEIR SHOES AND MOVED STEALTHILY ALONG KEEPING IN THE SHADOWS OF THE HOUSES
test-other,6070,F,63485,6070-63485-0003,16.94,test-other/6070/63485/6070-63485-0003.flac,SARAH AND HER BROTHER HAVING AGAIN PASSED BY THE TAPIS FRANC ARRIVED CLOSE TO THE DILAPIDATED HOUSE WHICH WAS PARTLY IN RUINS AND ITS OPENED CELLARS FORMED A KIND OF GULF ALONG WHICH THE STREET RAN IN THAT DIRECTION
test-other,6070,F,63485,6070-63485-0010,4.59,test-other/6070/63485/6070-63485-0010.flac,CRIED THE SCHOOLMASTER A THOUSAND FRANCS AND I'LL KILL HIM
test-other,6070,F,63485,6070-63485-0011,4.99,test-other/6070/63485/6070-63485-0011.flac,WRETCH I DO NOT SEEK HIS LIFE REPLIED SARAH TO THE SCHOOLMASTER
test-other,6070,F,63485,6070-63485-0013,2.94,test-other/6070/63485/6070-63485-0013.flac,OLD BOY IT WILL PAY FOR LOOKING AFTER
test-other,6070,F,63485,6070-63485-0016,5.72,test-other/6070/63485/6070-63485-0016.flac,BETWEEN SAINT OUEN AND THE ROAD OF LA REVOLTE AT THE END OF THE ROAD AGREED
test-other,6070,F,63485,6070-63485-0017,4.42,test-other/6070/63485/6070-63485-0017.flac,HE HAD FORGOTTEN THE ADDRESS OF THE SELF STYLED FAN PAINTER
test-other,6070,F,86744,6070-86744-0001,9.12,test-other/6070/86744/6070-86744-0001.flac,MY VERY GOOD FRIEND AND EXCELLENT NEIGHBOR REPLIED THE COUNT WITH A SMILE YOU REALLY EXAGGERATE MY TRIFLING EXERTIONS
test-other,6070,F,86744,6070-86744-0004,10.655,test-other/6070/86744/6070-86744-0004.flac,THEN IT IS SETTLED SAID THE COUNT AND I GIVE YOU MY SOLEMN ASSURANCE THAT I ONLY WAITED AN OPPORTUNITY LIKE THE PRESENT TO REALIZE PLANS THAT I HAVE LONG MEDITATED
test-other,6070,F,86744,6070-86744-0005,17.365,test-other/6070/86744/6070-86744-0005.flac,SHALL WE MAKE A POSITIVE APPOINTMENT FOR A PARTICULAR DAY AND HOUR INQUIRED THE COUNT ONLY LET ME WARN YOU THAT I AM PROVERBIAL FOR MY PUNCTILIOUS EXACTITUDE IN KEEPING MY ENGAGEMENTS DAY FOR DAY HOUR FOR HOUR SAID ALBERT THAT WILL SUIT ME TO A DOT
test-other,6070,F,86744,6070-86744-0006,23.3499375,test-other/6070/86744/6070-86744-0006.flac,SO BE IT THEN REPLIED THE COUNT AND EXTENDING HIS HAND TOWARDS A CALENDAR SUSPENDED NEAR THE CHIMNEY PIECE HE SAID TO DAY IS THE TWENTY FIRST OF FEBRUARY AND DRAWING OUT HIS WATCH ADDED IT IS EXACTLY HALF PAST TEN O'CLOCK NOW PROMISE ME TO REMEMBER THIS AND EXPECT ME THE TWENTY FIRST OF MAY AT THE SAME HOUR IN THE FORENOON
test-other,6070,F,86744,6070-86744-0009,2.615,test-other/6070/86744/6070-86744-0009.flac,THAT DEPENDS WHEN DO YOU LEAVE
test-other,6070,F,86744,6070-86744-0011,2.57,test-other/6070/86744/6070-86744-0011.flac,THEN WE SHALL NOT MEET IN PARIS
test-other,6070,F,86744,6070-86744-0013,8.68,test-other/6070/86744/6070-86744-0013.flac,WELL SINCE WE MUST PART SAID THE COUNT HOLDING OUT A HAND TO EACH OF THE YOUNG MEN ALLOW ME TO WISH YOU BOTH A SAFE AND PLEASANT JOURNEY
test-other,6070,F,86744,6070-86744-0014,8.7,test-other/6070/86744/6070-86744-0014.flac,WHAT IS THE MATTER ASKED ALBERT OF FRANZ WHEN THEY HAD RETURNED TO THEIR OWN APARTMENTS YOU SEEM MORE THAN COMMONLY THOUGHTFUL
test-other,6070,F,86744,6070-86744-0015,12.07,test-other/6070/86744/6070-86744-0015.flac,I WILL CONFESS TO YOU ALBERT REPLIED FRANZ THE COUNT IS A VERY SINGULAR PERSON AND THE APPOINTMENT YOU HAVE MADE TO MEET HIM IN PARIS FILLS ME WITH A THOUSAND APPREHENSIONS
test-other,6070,F,86744,6070-86744-0017,3.145,test-other/6070/86744/6070-86744-0017.flac,UPON MY HONOR THEN LISTEN TO ME
test-other,6070,F,86744,6070-86744-0019,18.235,test-other/6070/86744/6070-86744-0019.flac,THEN HE DETAILED THE CONVERSATION OVERHEARD BY HIM AT THE COLOSSEUM BETWEEN THE COUNT AND VAMPA IN WHICH THE COUNT HAD PROMISED TO OBTAIN THE RELEASE OF THE BANDIT PEPPINO AN ENGAGEMENT WHICH AS OUR READERS ARE AWARE HE MOST FAITHFULLY FULFILLED
test-other,6070,F,86744,6070-86744-0025,5.515,test-other/6070/86744/6070-86744-0025.flac,WHAT ARE HIS MEANS OF EXISTENCE WHAT IS HIS BIRTHPLACE OF WHAT COUNTRY IS HE A NATIVE
test-other,6070,F,86745,6070-86745-0002,18.545,test-other/6070/86745/6070-86745-0002.flac,AT A QUARTER TO TEN A VALET ENTERED HE COMPOSED WITH A LITTLE GROOM NAMED JOHN AND WHO ONLY SPOKE ENGLISH ALL ALBERT'S ESTABLISHMENT ALTHOUGH THE COOK OF THE HOTEL WAS ALWAYS AT HIS SERVICE AND ON GREAT OCCASIONS THE COUNT'S CHASSEUR ALSO
test-other,6070,F,86745,6070-86745-0005,2.33,test-other/6070/86745/6070-86745-0005.flac,IS THE COUNTESS UP YET
test-other,6070,F,86745,6070-86745-0006,1.935,test-other/6070/86745/6070-86745-0006.flac,THE VALET LEFT THE ROOM
test-other,6070,F,86745,6070-86745-0008,7.6,test-other/6070/86745/6070-86745-0008.flac,YOU WHOM I EXPECTED LAST YOU ARRIVE AT FIVE MINUTES TO TEN WHEN THE TIME FIXED WAS HALF PAST
test-other,6070,F,86745,6070-86745-0009,3.88,test-other/6070/86745/6070-86745-0009.flac,NO NO MY DEAR FELLOW DO NOT CONFOUND OUR PLANS
test-other,6070,F,86745,6070-86745-0011,3.38,test-other/6070/86745/6070-86745-0011.flac,IT IS FOR THAT REASON YOU SEE ME SO EARLY
test-other,6070,F,86745,6070-86745-0012,8.615,test-other/6070/86745/6070-86745-0012.flac,I RETURNED HOME AT DAYBREAK AND STROVE TO SLEEP BUT MY HEAD ACHED AND I GOT UP TO HAVE A RIDE FOR AN HOUR
test-other,6070,F,86745,6070-86745-0014,4.85,test-other/6070/86745/6070-86745-0014.flac,BESIDES THAT DOES NOT CONCERN THE HOME BUT THE FINANCIAL DEPARTMENT
test-other,6070,F,86745,6070-86745-0017,7.065,test-other/6070/86745/6070-86745-0017.flac,THEY SAY THAT IT IS QUITE FAIR AND THAT SOWING SO MUCH RED YOU OUGHT TO REAP A LITTLE BLUE
test-other,6070,F,86745,6070-86745-0019,4.385,test-other/6070/86745/6070-86745-0019.flac,WITH YOUR TALENTS YOU WOULD MAKE YOUR FORTUNE IN THREE OR FOUR YEARS
test-other,6128,F,63240,6128-63240-0000,14.59,test-other/6128/63240/6128-63240-0000.flac,THE GENTLEMAN HAD NOT EVEN NEEDED TO SIT DOWN TO BECOME INTERESTED APPARENTLY HE HAD TAKEN UP THE VOLUME FROM A TABLE AS SOON AS HE CAME IN AND STANDING THERE AFTER A SINGLE GLANCE ROUND THE APARTMENT HAD LOST HIMSELF IN ITS PAGES
test-other,6128,F,63240,6128-63240-0003,7.005,test-other/6128/63240/6128-63240-0003.flac,JUST AS I AM THE VISITOR INQUIRED PRESENTING HIMSELF WITH RATHER A WORK A DAY ASPECT
test-other,6128,F,63240,6128-63240-0004,15.87,test-other/6128/63240/6128-63240-0004.flac,HE WAS TALL AND LEAN AND DRESSED THROUGHOUT IN BLACK HIS SHIRT COLLAR WAS LOW AND WIDE AND THE TRIANGLE OF LINEN A LITTLE CRUMPLED EXHIBITED BY THE OPENING OF HIS WAISTCOAT WAS ADORNED BY A PIN CONTAINING A SMALL RED STONE
test-other,6128,F,63240,6128-63240-0005,9.495,test-other/6128/63240/6128-63240-0005.flac,IN SPITE OF THIS DECORATION THE YOUNG MAN LOOKED POOR AS POOR AS A YOUNG MAN COULD LOOK WHO HAD SUCH A FINE HEAD AND SUCH MAGNIFICENT EYES
test-other,6128,F,63240,6128-63240-0009,7.315,test-other/6128/63240/6128-63240-0009.flac,AND HE TOOK UP HIS HAT VAGUELY A SOFT BLACK HAT WITH A LOW CROWN AND AN IMMENSE STRAIGHT BRIM
test-other,6128,F,63240,6128-63240-0014,1.655,test-other/6128/63240/6128-63240-0014.flac,HAVE YOU BEEN IN EUROPE
test-other,6128,F,63240,6128-63240-0016,3.355,test-other/6128/63240/6128-63240-0016.flac,SHE HATES IT SHE WOULD LIKE TO ABOLISH IT
test-other,6128,F,63240,6128-63240-0021,5.415,test-other/6128/63240/6128-63240-0021.flac,BESIDES OLIVE DIDN'T WANT HER IN BOSTON AND DIDN'T GO THROUGH THE FORM OF SAYING SO
test-other,6128,F,63240,6128-63240-0025,8.905,test-other/6128/63240/6128-63240-0025.flac,HE OBSERVED THAT MISS CHANCELLOR'S HAND WAS AT ONCE COLD AND LIMP SHE MERELY PLACED IT IN HIS WITHOUT EXERTING THE SMALLEST PRESSURE
test-other,6128,F,63240,6128-63240-0027,8.555,test-other/6128/63240/6128-63240-0027.flac,MISSUS LUNA'S FAMILIARITY EXTENDED EVEN TO HER SISTER SHE REMARKED TO MISS CHANCELLOR THAT SHE LOOKED AS IF SHE WERE GOT UP FOR A SEA VOYAGE
test-other,6128,F,63241,6128-63241-0000,10.81,test-other/6128/63241/6128-63241-0000.flac,POOR RANSOM ANNOUNCED THIS FACT TO HIMSELF AS IF HE HAD MADE A GREAT DISCOVERY BUT IN REALITY HE HAD NEVER BEEN SO BOEOTIAN AS AT THAT MOMENT
test-other,6128,F,63241,6128-63241-0004,11.02,test-other/6128/63241/6128-63241-0004.flac,SHE COULD NOT DEFEND HERSELF AGAINST A RICH ADMIRATION A KIND OF TENDERNESS OF ENVY OF ANY ONE WHO HAD BEEN SO HAPPY AS TO HAVE THAT OPPORTUNITY
test-other,6128,F,63241,6128-63241-0005,10.48,test-other/6128/63241/6128-63241-0005.flac,HIS FAMILY WAS RUINED THEY HAD LOST THEIR SLAVES THEIR PROPERTY THEIR FRIENDS AND RELATIONS THEIR HOME HAD TASTED OF ALL THE CRUELTY OF DEFEAT
test-other,6128,F,63241,6128-63241-0012,6.46,test-other/6128/63241/6128-63241-0012.flac,HE WAS TOO SIMPLE TOO MISSISSIPPIAN FOR THAT SHE WAS ALMOST DISAPPOINTED
test-other,6128,F,63244,6128-63244-0002,3.61,test-other/6128/63244/6128-63244-0002.flac,PERHAPS SHE COULD SPEAK FOR THEM MORE THAN FOR SOME OTHERS
test-other,6128,F,63244,6128-63244-0003,7.055,test-other/6128/63244/6128-63244-0003.flac,WITH HER IMMENSE SYMPATHY FOR REFORM SHE FOUND HERSELF SO OFTEN WISHING THAT REFORMERS WERE A LITTLE DIFFERENT
test-other,6128,F,63244,6128-63244-0004,8.565,test-other/6128/63244/6128-63244-0004.flac,OLIVE HATED TO HEAR THAT FINE AVENUE TALKED ABOUT AS IF IT WERE SUCH A REMARKABLE PLACE AND TO LIVE THERE WERE A PROOF OF WORLDLY GLORY
test-other,6128,F,63244,6128-63244-0007,6.645,test-other/6128/63244/6128-63244-0007.flac,SHE WISHED TO WORK IN ANOTHER FIELD SHE HAD LONG BEEN PREOCCUPIED WITH THE ROMANCE OF THE PEOPLE
test-other,6128,F,63244,6128-63244-0016,3.4,test-other/6128/63244/6128-63244-0016.flac,I WANT TO BE NEAR TO THEM TO HELP THEM
test-other,6128,F,63244,6128-63244-0018,2.42,test-other/6128/63244/6128-63244-0018.flac,THE UNHAPPINESS OF WOMEN
test-other,6128,F,63244,6128-63244-0019,5.865,test-other/6128/63244/6128-63244-0019.flac,THEY WERE HER SISTERS THEY WERE HER OWN AND THE DAY OF THEIR DELIVERY HAD DAWNED
test-other,6128,F,63244,6128-63244-0020,17.15,test-other/6128/63244/6128-63244-0020.flac,THIS WAS THE ONLY SACRED CAUSE THIS WAS THE GREAT THE JUST REVOLUTION IT MUST TRIUMPH IT MUST SWEEP EVERYTHING BEFORE IT IT MUST EXACT FROM THE OTHER THE BRUTAL BLOOD STAINED RAVENING RACE THE LAST PARTICLE OF EXPIATION
test-other,6432,M,63722,6432-63722-0000,4.29,test-other/6432/63722/6432-63722-0000.flac,BUT SCUSE ME DIDN'T YO FIGGER ON DOIN SOME DETECTIN AN GIVE UP FISHIN
test-other,6432,M,63722,6432-63722-0005,3.54,test-other/6432/63722/6432-63722-0005.flac,PINKUS AND DONOVAN HAVEN'T THEY CARROLL YEP
test-other,6432,M,63722,6432-63722-0007,2.59,test-other/6432/63722/6432-63722-0007.flac,ARE YOU GOING TO WORK ON THAT CASE COLONEL
test-other,6432,M,63722,6432-63722-0009,2.665,test-other/6432/63722/6432-63722-0009.flac,PERHAPS NOT ADMITTED COLONEL ASHLEY
test-other,6432,M,63722,6432-63722-0010,2.84,test-other/6432/63722/6432-63722-0010.flac,WE'VE GOT OUR MAN AND THAT'S ALL WE WANT
test-other,6432,M,63722,6432-63722-0013,2.875,test-other/6432/63722/6432-63722-0013.flac,IT'S JUST ONE OF THEM COINCIDENCES LIKE
test-other,6432,M,63722,6432-63722-0014,3.84,test-other/6432/63722/6432-63722-0014.flac,BUSTED HIS HEAD IN WITH A HEAVY CANDLESTICK ONE OF A PAIR
test-other,6432,M,63722,6432-63722-0018,9.59,test-other/6432/63722/6432-63722-0018.flac,AND THE DETECTIVE'S PROFESSIONAL INSTINCTS GOT THE UPPER HAND OF HIS FRIENDLINESS NOT THE LEAST IN THE WORLD NOT AS MUCH AS YOU DO WAS THE COOL ANSWER
test-other,6432,M,63722,6432-63722-0027,8.125,test-other/6432/63722/6432-63722-0027.flac,MAYBE THE FIGHT WAS ABOUT WHO OWNED THE WATCH FOR THE DAGOS TALKED IN THEIR FOREIGN LINGO AND NONE OF THE NEIGHBORS COULD TELL WHAT THEY WERE SAYIN I SEE
test-other,6432,M,63722,6432-63722-0030,5.16,test-other/6432/63722/6432-63722-0030.flac,YOU'RE NOT AS SQUEAMISH AS ALL THAT ARE YOU JUST BECAUSE IT WAS IN A DEAD MAN'S HAND AND IN A WOMAN'S
test-other,6432,M,63722,6432-63722-0032,2.64,test-other/6432/63722/6432-63722-0032.flac,YES IT MAY HAVE SOME ROUGH EDGES ON IT
test-other,6432,M,63722,6432-63722-0036,7.415,test-other/6432/63722/6432-63722-0036.flac,THAT'S RIGHT AGREED THE COLONEL AS HE CONTINUED TO MOVE HIS MAGNIFYING GLASS OVER THE SURFACE OF THE STILL TICKING WATCH
test-other,6432,M,63722,6432-63722-0037,10.91,test-other/6432/63722/6432-63722-0037.flac,AND A CLOSE OBSERVER MIGHT HAVE OBSERVED THAT HE DID NOT TOUCH HIS BARE FINGERS TO THE TIMEPIECE BUT POKED IT ABOUT AND TOUCHED IT HERE AND THERE WITH THE END OF A LEADPENCIL
test-other,6432,M,63722,6432-63722-0054,4.095,test-other/6432/63722/6432-63722-0054.flac,I'D RECOMMEND HIM TO YOU INSTEAD OF BLACKSTONE THANKS LAUGHED KENNETH
test-other,6432,M,63722,6432-63722-0058,4.765,test-other/6432/63722/6432-63722-0058.flac,NO ALIMONY REPEATED THE COLONEL PUZZLED YES JUST THAT
test-other,6432,M,63723,6432-63723-0001,11.59,test-other/6432/63723/6432-63723-0001.flac,AND WHEN THE FISH WAS LANDED PANTING ON THE GRASS AND SHAG HAD BEEN ROUSED FROM HIS SLUMBER TO SLIP THE NOW LIMP FISH INTO THE CREEL COLONEL ASHLEY GAVE A SIGH OF RELIEF AND REMARKED I THINK I SEE IT NOW
test-other,6432,M,63723,6432-63723-0003,2.24,test-other/6432/63723/6432-63723-0003.flac,NO I WASN'T THINKING OF THAT
test-other,6432,M,63723,6432-63723-0005,2.25,test-other/6432/63723/6432-63723-0005.flac,WELL I DON'T KNOW THAT YOU CAN
test-other,6432,M,63723,6432-63723-0009,3.58,test-other/6432/63723/6432-63723-0009.flac,THE COLONEL DID NOT DISCLOSE THE FACT THAT IT WAS NO NEWS TO HIM
test-other,6432,M,63723,6432-63723-0025,3.205,test-other/6432/63723/6432-63723-0025.flac,TO THIS WAS THE ANSWER WHISPERED MONEY
test-other,6432,M,63723,6432-63723-0031,10.88,test-other/6432/63723/6432-63723-0031.flac,IT WOULDN'T DO YOU KNOW AFTER THAT STORY CAME OUT FOR ME AND THE VICE CHANCELLOR WHO SAT IN THE CASE AS WELL AS OTHER JUDGES AND MEMBERS OF THE BAR TO BE SEEN THERE KENNETH EXPLAINED TO THE COLONEL
test-other,6432,M,63723,6432-63723-0040,4.18,test-other/6432/63723/6432-63723-0040.flac,ONLY THAT I DARCY HESITATED AND GREW RED
test-other,6432,M,63723,6432-63723-0041,5.01,test-other/6432/63723/6432-63723-0041.flac,GOOD EVENING COLONEL HE CALLED GENIALLY WILL YOU JOIN ME IN A WELSH RABBIT
test-other,6432,M,63723,6432-63723-0042,1.8,test-other/6432/63723/6432-63723-0042.flac,THANK YOU NO
test-other,6432,M,63723,6432-63723-0043,5.22,test-other/6432/63723/6432-63723-0043.flac,I'M AFRAID MY DIGESTION ISN'T QUITE UP TO THAT AS I'VE HAD TO CUT OUT MY FISHING OF LATE
test-other,6432,M,63723,6432-63723-0045,3.945,test-other/6432/63723/6432-63723-0045.flac,THE STOPPED CLOCKS FOR INSTANCE HAVE YOU ANY THEORY
test-other,6432,M,63723,6432-63723-0050,6.765,test-other/6432/63723/6432-63723-0050.flac,I SAID I WAS GOLFING HE WENT ON EXCEEDINGLY DISTINCTLY THOUGH WITH AN EFFORT
test-other,6432,M,63723,6432-63723-0053,7.81,test-other/6432/63723/6432-63723-0053.flac,THERE WAS A RATTLE OF COINS ON THE MAHOGANY BAR AS KING SOUGHT TO DISENTANGLE A SINGLE BILL FROM THE WADDED UP CURRENCY IN HIS POCKET
test-other,6432,M,63723,6432-63723-0056,2.14,test-other/6432/63723/6432-63723-0056.flac,THAT WAS HERS WENT ON THE JEWELER
test-other,6432,M,63723,6432-63723-0057,3.035,test-other/6432/63723/6432-63723-0057.flac,NOW HARRY KING HAS IT EXCLAIMED COLONEL ASHLEY
test-other,7018,M,75788,7018-75788-0009,3.405,test-other/7018/75788/7018-75788-0009.flac,WHEN IT WAS THE FIVE HUNDRED AND FIFTY NINTH NIGHT
test-other,7018,M,75788,7018-75788-0014,10.945,test-other/7018/75788/7018-75788-0014.flac,HERE I FOUND A GREAT SHIP READY FOR SEA AND FULL OF MERCHANTS AND NOTABLES WHO HAD WITH THEM GOODS OF PRICE SO I EMBARKED MY BALES THEREIN
test-other,7018,M,75788,7018-75788-0015,5.095,test-other/7018/75788/7018-75788-0015.flac,HAPLY AMONGST YOU IS ONE RIGHTEOUS WHOSE PRAYERS THE LORD WILL ACCEPT
test-other,7018,M,75788,7018-75788-0017,17.47,test-other/7018/75788/7018-75788-0017.flac,BUT IT BURNETH IN THEIR BELLIES SO THEY CAST IT UP AGAIN AND IT CONGEALETH ON THE SURFACE OF THE WATER WHEREBY ITS COLOR AND QUANTITIES ARE CHANGED AND AT LAST THE WAVES CAST IT ASHORE AND THE TRAVELLERS AND MERCHANTS WHO KNOW IT COLLECT IT AND SELL IT
test-other,7018,M,75789,7018-75789-0000,3.115,test-other/7018/75789/7018-75789-0000.flac,WHEN IT WAS THE FIVE HUNDRED AND SIXTY FIRST NIGHT
test-other,7018,M,75789,7018-75789-0001,25.39,test-other/7018/75789/7018-75789-0001.flac,THEN SIGHING FOR MYSELF I SET TO WORK COLLECTING A NUMBER OF PIECES OF CHINESE AND COMORIN ALOES WOOD AND I BOUND THEM TOGETHER WITH ROPES FROM THE WRECKAGE THEN I CHOSE OUT FROM THE BROKEN UP SHIPS STRAIGHT PLANKS OF EVEN SIZE AND FIXED THEM FIRMLY UPON THE ALOES WOOD MAKING ME A BOAT RAFT A LITTLE NARROWER THAN THE CHANNEL OF THE STREAM AND I TIED IT TIGHTLY AND FIRMLY AS THOUGH IT WERE NAILED
test-other,7018,M,75789,7018-75789-0006,2.875,test-other/7018/75789/7018-75789-0006.flac,BUT I WAS DELIGHTED AT MY ESCAPE FROM THE RIVER
test-other,7018,M,75789,7018-75789-0009,10.75,test-other/7018/75789/7018-75789-0009.flac,I ANSWERED FOR ALLAH'S SAKE O MY LORD ERE I SPEAK GIVE ME SOMEWHAT TO EAT FOR I AM STARVING AND AFTER ASK ME WHAT THOU WILT
test-other,7018,M,75789,7018-75789-0010,3.68,test-other/7018/75789/7018-75789-0010.flac,WHEN IT WAS THE FIVE HUNDRED AND SIXTY SECOND NIGHT
test-other,7018,M,75789,7018-75789-0017,10.38,test-other/7018/75789/7018-75789-0017.flac,HE ASKED ME WHENCE THEY CAME AND I SAID TO HIM BY ALLAH O COMMANDER OF THE FAITHFUL I KNOW NOT THE NAME OF THE CITY NOR THE WAY THITHER
test-other,7018,M,75789,7018-75789-0020,14.375,test-other/7018/75789/7018-75789-0020.flac,PRESENTLY MY FRIENDS CAME TO ME AND I DISTRIBUTED PRESENTS AMONG MY FAMILY AND GAVE ALMS AND LARGESSE AFTER WHICH I YIELDED MYSELF TO JOYANCE AND ENJOYMENT MIRTH AND MERRY MAKING AND FORGOT ALL THAT I HAD SUFFERED
test-other,7105,M,2330,7105-2330-0001,15.57,test-other/7105/2330/7105-2330-0001.flac,HE HAD NOT ONLY PLEADED GUILTY BUT HAD EXPRESSED HIS INTENTION OF REPEATING HIS ESCAPADE IN OTHER DIRECTIONS AS SOON AS CIRCUMSTANCES PERMITTED THROUGHOUT THE TRIAL HE WAS BUSY EXAMINING A SMALL MODEL OF THE FREE TRADE HALL IN MANCHESTER
test-other,7105,M,2330,7105-2330-0003,17.05,test-other/7105/2330/7105-2330-0003.flac,OF COURSE ANY SENTENCE WHICH THE LAW MIGHT FEEL COMPELLED TO INFLICT WOULD BE FOLLOWED BY AN IMMEDIATE PARDON BUT IT WAS HIGHLY DESIRABLE FROM THE GOVERNMENT'S POINT OF VIEW THAT THE NECESSITY FOR SUCH AN EXERCISE OF CLEMENCY SHOULD NOT ARISE
test-other,7105,M,2330,7105-2330-0006,9.475,test-other/7105/2330/7105-2330-0006.flac,THE JURY RETURNED FROM CONSIDERING THEIR VERDICT THERE WAS A FLUTTER AN EXCITED MURMUR A DEATHLIKE HUSH
test-other,7105,M,2330,7105-2330-0007,3.36,test-other/7105/2330/7105-2330-0007.flac,THE FOREMAN DELIVERED HIS MESSAGE
test-other,7105,M,2330,7105-2330-0008,5.255,test-other/7105/2330/7105-2330-0008.flac,THE JURY FIND THE PRISONER GUILTY OF BLOWING UP THE ALBERT HALL
test-other,7105,M,2330,7105-2330-0009,9.8,test-other/7105/2330/7105-2330-0009.flac,THE JURY WISH TO ADD A RIDER DRAWING ATTENTION TO THE FACT THAT A BY ELECTION IS PENDING IN THE PARLIAMENTARY DIVISION OF NEMESIS ON HAND
test-other,7105,M,2330,7105-2330-0010,7.09,test-other/7105/2330/7105-2330-0010.flac,AND MAY THE LORD HAVE MERCY ON THE POLL A JUNIOR COUNSEL EXCLAIMED IRREVERENTLY
test-other,7105,M,2330,7105-2330-0011,6.4449375,test-other/7105/2330/7105-2330-0011.flac,FIFTEEN HUNDRED SAID THE PRIME MINISTER WITH A SHUDDER IT'S TOO HORRIBLE TO THINK OF
test-other,7105,M,2330,7105-2330-0018,7.175,test-other/7105/2330/7105-2330-0018.flac,HE SAYS HE NEVER HAS LEFT PRISON WITHOUT A BRASS BAND TO PLAY HIM OUT AND HE'S NOT GOING TO GO WITHOUT ONE NOW
test-other,7105,M,2330,7105-2330-0019,9.425,test-other/7105/2330/7105-2330-0019.flac,SAID THE PRIME MINISTER WE CAN HARDLY BE SUPPOSED TO SUPPLY A RELEASED PRISONER WITH A BRASS BAND HOW ON EARTH COULD WE DEFEND IT ON THE ESTIMATES
test-other,7105,M,2330,7105-2330-0026,3.51,test-other/7105/2330/7105-2330-0026.flac,CAN'T YOU GET A STRIKE PERMIT ASKED THE ORGANISER
test-other,7105,M,2330,7105-2330-0028,7.25,test-other/7105/2330/7105-2330-0028.flac,EIGHT O'CLOCK STRUCK THE CROWD OUTSIDE CHANTED WITH AN INCREASING VOLUME OF SOUND WILL VOTE THE OTHER WAY
test-other,7105,M,2330,7105-2330-0030,3.52,test-other/7105/2330/7105-2330-0030.flac,IT WAS FROM THE CENTRAL COMMITTEE ROOMS AT NEMESIS
test-other,7105,M,2330,7105-2330-0036,3.52,test-other/7105/2330/7105-2330-0036.flac,LEND US THE INSTRUMENTS SAID THE CHIEF ORGANISER
test-other,7105,M,2330,7105-2330-0038,14.25,test-other/7105/2330/7105-2330-0038.flac,IT WAS A TUNE THEY HAD ALL HEARD HUNDREDS OF TIMES SO THERE WAS NO DIFFICULTY IN TURNING OUT A PASSABLE IMITATION OF IT TO THE IMPROVISED STRAINS OF I DIDN'T WANT TO DO IT THE PRISONER STRODE FORTH TO FREEDOM
test-other,7105,M,2330,7105-2330-0039,8.22,test-other/7105/2330/7105-2330-0039.flac,THE WORD OF THE SONG HAD REFERENCE IT WAS UNDERSTOOD TO THE INCARCERATING GOVERNMENT AND NOT TO THE DESTROYER OF THE ALBERT HALL
test-other,7105,M,2340,7105-2340-0002,7.635,test-other/7105/2340/7105-2340-0002.flac,BESIDES CYNICISM APART HIS BEING RICH WILL MAKE A DIFFERENCE IN THE WAY PEOPLE WILL LOOK AT HIS FAILING
test-other,7105,M,2340,7105-2340-0006,3.0,test-other/7105/2340/7105-2340-0006.flac,AND THE REPUTATION WAS AN UNPLEASANT ONE
test-other,7105,M,2340,7105-2340-0007,12.84,test-other/7105/2340/7105-2340-0007.flac,FROM HIS LATE SCHOOLDAYS ONWARD HE HAD BEEN POSSESSED BY AN ACUTE AND OBSTINATE FORM OF KLEPTOMANIA HE HAD THE ACQUISITIVE INSTINCT OF THE COLLECTOR WITHOUT ANY OF THE COLLECTOR'S DISCRIMINATION
test-other,7105,M,2340,7105-2340-0012,5.37,test-other/7105/2340/7105-2340-0012.flac,IN THE DRAWING ROOM AFTER DINNER THEIR NERVOUSNESS AND AWKWARDNESS INCREASED
test-other,7105,M,2340,7105-2340-0013,12.315,test-other/7105/2340/7105-2340-0013.flac,OH WE HAVEN'T SHOWN YOU THE SILVER WEDDING PRESENTS SAID MISSUS PETER SUDDENLY AS THOUGH STRUCK BY A BRILLIANT IDEA FOR ENTERTAINING THE GUEST HERE THEY ALL ARE
test-other,7105,M,2340,7105-2340-0014,4.895,test-other/7105/2340/7105-2340-0014.flac,SUCH NICE USEFUL GIFTS A FEW DUPLICATES OF COURSE
test-other,7105,M,2340,7105-2340-0015,4.28,test-other/7105/2340/7105-2340-0015.flac,SEVEN CREAM JUGS PUT IN PETER
test-other,7105,M,2340,7105-2340-0022,2.095,test-other/7105/2340/7105-2340-0022.flac,IT'S THE ONLY THING TO DO
test-other,7105,M,2340,7105-2340-0025,4.72,test-other/7105/2340/7105-2340-0025.flac,IT WAS A LITTLE PRESENT FROM MY MOTHER AND MYSELF FOR YOUR SILVER WEDDING
test-other,7105,M,2340,7105-2340-0027,3.53,test-other/7105/2340/7105-2340-0027.flac,THE SNATCHER HAD BEEN AN ORPHAN THESE MANY YEARS
test-other,7105,M,2340,7105-2340-0030,15.72,test-other/7105/2340/7105-2340-0030.flac,IT WAS MISSUS PETER WHO ARRIVED FIRST AT AN INSPIRATION HOW DREADFUL TO THINK THERE ARE THIEVES IN THE HOUSE WE KEEP THE DRAWING ROOM LOCKED UP AT NIGHT OF COURSE BUT ANYTHING MIGHT BE CARRIED OFF WHILE WE ARE AT BREAKFAST
test-other,7105,M,2340,7105-2340-0031,12.695,test-other/7105/2340/7105-2340-0031.flac,SHE ROSE AND WENT OUT HURRIEDLY AS THOUGH TO ASSURE HERSELF THAT THE DRAWING ROOM WAS NOT BEING STRIPPED OF ITS SILVERWARE AND RETURNED A MOMENT LATER BEARING A CREAM JUG IN HER HANDS
test-other,7105,M,2340,7105-2340-0032,6.83,test-other/7105/2340/7105-2340-0032.flac,THE PIGEONCOTES HAD TURNED PALER THAN EVER MISSUS PETER HAD A FINAL INSPIRATION
test-other,7105,M,2340,7105-2340-0035,5.725,test-other/7105/2340/7105-2340-0035.flac,PETER'S LITTLE WEAKNESS IT RUNS IN THE FAMILY GOOD LORD
test-other,7902,M,96591,7902-96591-0001,2.51,test-other/7902/96591/7902-96591-0001.flac,DON'T CRY HE SAID I WAS OBLIGED TO COME
test-other,7902,M,96591,7902-96591-0005,3.425,test-other/7902/96591/7902-96591-0005.flac,HE COULD NOT HELP IT HE HATES THE SMUGGLERS YOU SHALL NOT TELL
test-other,7902,M,96591,7902-96591-0006,3.72,test-other/7902/96591/7902-96591-0006.flac,PRAY PRAY SAY YOU WILL NOT ARCHY WAS SILENT
test-other,7902,M,96591,7902-96591-0007,7.69,test-other/7902/96591/7902-96591-0007.flac,THEN AS ARCHY STOOD IN THE DARK LITERALLY AGHAST WITH ASTONISHMENT HE HEARD THE FAINT RUSTLING ONCE MORE AND AGAIN ALL WAS SILENT
test-other,7902,M,96591,7902-96591-0009,3.99,test-other/7902/96591/7902-96591-0009.flac,IT ALL COMES OF DRESSING UP IN THIS STUPID WAY LIKE A ROUGH FISHER LAD
test-other,7902,M,96591,7902-96591-0011,2.93,test-other/7902/96591/7902-96591-0011.flac,I'LL SOON SHOW THEM THAT I AM NOT GOING TO BE PLAYED WITH
test-other,7902,M,96591,7902-96591-0016,6.045,test-other/7902/96591/7902-96591-0016.flac,THE WINDOW WAS BARRED BUT HE WENT TO IT AND TRIED THE BARS ONE BY ONE TO FIND THEM ALL SOLIDLY FITTED INTO THE STONE SILL
test-other,7902,M,96591,7902-96591-0018,3.11,test-other/7902/96591/7902-96591-0018.flac,YES IF OTHER WAYS FAILED HE COULD ESCAPE UP THE CHIMNEY
test-other,7902,M,96592,7902-96592-0000,4.21,test-other/7902/96592/7902-96592-0000.flac,SURE YOU'VE LOOKED ROUND EVERYWHERE BOY YES FATHER QUITE
test-other,7902,M,96592,7902-96592-0006,2.415,test-other/7902/96592/7902-96592-0006.flac,WHAT A QUEER DREAM HE THOUGHT TO HIMSELF
test-other,7902,M,96592,7902-96592-0010,3.165,test-other/7902/96592/7902-96592-0010.flac,AND I'M HUNGRY TOO TIME I WAS UP I SUPPOSE
test-other,7902,M,96592,7902-96592-0012,9.975,test-other/7902/96592/7902-96592-0012.flac,WHAT DID THEY SAY FALSE ALARM TELL SIR RISDON THEY WOULD CLEAR ALL AWAY TO NIGHT SEE IF ANYTHING HAD BEEN LEFT ABOUT LOBSTER BOAT
test-other,7902,M,96592,7902-96592-0014,18.91,test-other/7902/96592/7902-96592-0014.flac,OH THOSE BARS HE MENTALLY EXCLAIMED AND HE WAS ADVANCING TOWARD THEM WHEN JUST AS HE DREW NEAR THERE WAS A RUSTLING NOISE UNDER THE WINDOW A COUPLE OF HANDS SEIZED THE BARS THERE WAS A SCRATCHING OF BOOT TOES AGAINST STONE WORK AND RAM'S FACE APPEARED TO GAZE INTO THE ROOM BY INTENTION BUT INTO THE ASTONISHED COUNTENANCE OF THE YOUNG MIDSHIPMAN INSTEAD
test-other,7902,M,96592,7902-96592-0022,2.215,test-other/7902/96592/7902-96592-0022.flac,THINK I DON'T KNOW YOU MISTER ORFICER
test-other,7902,M,96592,7902-96592-0026,4.82,test-other/7902/96592/7902-96592-0026.flac,HE HAS GONE TO GIVE THE ALARM THOUGHT THE PRISONER AND HE LOOKED EXCITEDLY ROUND FOR A WAY OF ESCAPE
test-other,7902,M,96592,7902-96592-0028,12.41,test-other/7902/96592/7902-96592-0028.flac,A HAPPY INSPIRATION HAD COME AND PLACING ONE HAND UPON HIS BREAST HE THRUST IN THE OTHER GAVE A TUG AND DREW OUT HIS LITTLE CURVED DIRK GLANCED AT THE EDGE RAN TO THE WINDOW AND BEGAN TO CUT AT ONE OF THE BARS LABOUR IN VAIN
test-other,7902,M,96592,7902-96592-0040,4.805,test-other/7902/96592/7902-96592-0040.flac,NOT YOU LOOK LIKE A WILD BEAST IN A CAGE LIKE A MONKEY YOU INSOLENT
test-other,7902,M,96592,7902-96592-0044,3.97,test-other/7902/96592/7902-96592-0044.flac,I SAY YOU DO LOOK A RUM UN JUST LIKE A BIG MONKEY IN A SHOW
test-other,7902,M,96592,7902-96592-0045,4.565,test-other/7902/96592/7902-96592-0045.flac,RAM SHOWED HIS WHITE TEETH AS HE BURST OUT WITH A LONG LOW FIT OF LAUGHTER
test-other,7902,M,96592,7902-96592-0046,1.89,test-other/7902/96592/7902-96592-0046.flac,YOU ROPE'S END ME HE SAID
test-other,7902,M,96592,7902-96592-0049,4.135,test-other/7902/96592/7902-96592-0049.flac,ONCE MORE WILL YOU COME AND LET ME OUT NO
test-other,7902,M,96594,7902-96594-0000,3.0,test-other/7902/96594/7902-96594-0000.flac,SEEMED IN GOOD SPIRITS LAST NIGHT MISTER GURR EH
test-other,7902,M,96594,7902-96594-0006,2.28,test-other/7902/96594/7902-96594-0006.flac,SO SHALL WE YET SIR
test-other,7902,M,96594,7902-96594-0014,3.32,test-other/7902/96594/7902-96594-0014.flac,THEN I MUST REQUEST THAT YOU WILL NOT MAKE IT AGAIN VERY TRUE
test-other,7902,M,96594,7902-96594-0026,3.93,test-other/7902/96594/7902-96594-0026.flac,KEEP A SHARP LOOK OUT ON THE CLIFF TO SEE IF MISTER RAYSTOKE IS MAKING SIGNALS FOR A BOAT
test-other,7902,M,96594,7902-96594-0030,6.11,test-other/7902/96594/7902-96594-0030.flac,NOW MISTER GURR HE SAID I'M ONLY GOING TO SAY ONE THING TO YOU IN THE WAY OF INSTRUCTIONS YES SIR
test-other,7902,M,96595,7902-96595-0007,2.64,test-other/7902/96595/7902-96595-0007.flac,I DO ASSURE YOU THERE'S NOTHING HERE BUT WHAT YOU MAY SEE
test-other,7902,M,96595,7902-96595-0016,12.63,test-other/7902/96595/7902-96595-0016.flac,GURR TURNED AWAY IMPATIENTLY AGAIN AND SIGNING TO HIS MEN TO FOLLOW THEY ALL BEGAN TO TRAMP UP THE STEEP TRACK LEADING TOWARD THE HOZE WITH THE RABBITS SCUTTLING AWAY AMONG THE FURZE AND SHOWING THEIR WHITE COTTONY TAILS FOR A MOMENT AS THEY DARTED DOWN INTO THEIR HOLES
test-other,7902,M,96595,7902-96595-0020,2.5,test-other/7902/96595/7902-96595-0020.flac,I HAVE SEEN NO ONE ANSWERING TO THE DESCRIPTION HERE
test-other,7902,M,96595,7902-96595-0025,2.8,test-other/7902/96595/7902-96595-0025.flac,YOU DO NOT KNOW NO
test-other,7975,M,280057,7975-280057-0000,4.83,test-other/7975/280057/7975-280057-0000.flac,THESE HATREDS WERE SOON TO MAKE TROUBLE FOR ME OF WHICH I HAD NEVER DREAMED
test-other,7975,M,280057,7975-280057-0002,11.92,test-other/7975/280057/7975-280057-0002.flac,MY MOTHER WHO WAS BURSHEBA FRISTOE OF INDEPENDENCE WAS THE DAUGHTER OF RICHARD FRISTOE WHO FOUGHT UNDER GENERAL ANDREW JACKSON AT NEW ORLEANS JACKSON COUNTY HAVING BEEN SO NAMED AT MY GRANDFATHER FRISTOE'S INSISTENCE
test-other,7975,M,280057,7975-280057-0006,5.74,test-other/7975/280057/7975-280057-0006.flac,MY FATHER WAS IN THE EMPLOY OF THE UNITED STATES GOVERNMENT AND HAD THE MAIL CONTRACT FOR FIVE HUNDRED MILES
test-other,7975,M,280057,7975-280057-0014,5.54,test-other/7975/280057/7975-280057-0014.flac,BUT SHE FAILED TO FIND THE COMFORT SHE SOUGHT FOR ANNOYANCES CONTINUED IN A MORE AGGRAVATED FORM
test-other,7975,M,280057,7975-280057-0019,9.545,test-other/7975/280057/7975-280057-0019.flac,ONE OF MY OLD SCHOOL TEACHERS WHOM I HAVE NEVER SEEN SINCE THE SPRING OR SUMMER OF EIGHTEEN SIXTY TWO IS STEPHEN B ELKINS SENATOR FROM WEST VIRGINIA
test-other,7975,M,280063,7975-280063-0006,9.9150625,test-other/7975/280063/7975-280063-0006.flac,JACKMAN WITH A PARTY OF THIRTY SEASONED MEN CHARGED THE INDIANA GUNS AND CAPTURED THEM BUT MAJOR FOSTER LED A GALLANT CHARGE AGAINST THE INVADERS AND RECAPTURED THE PIECES
test-other,7975,M,280063,7975-280063-0010,6.415,test-other/7975/280063/7975-280063-0010.flac,I WAS TOLD BY SOME OF OUR MEN FROM THE WESTERN BORDER OF THE STATE THAT THEY RECOGNIZED THE DARING YOUNG RIDER AS COLE YOUNGER
test-other,7975,M,280063,7975-280063-0012,3.36,test-other/7975/280063/7975-280063-0012.flac,THE WOUNDED OF BOTH FORCES WERE GATHERED UP AND WERE PLACED IN HOUSES
test-other,7975,M,280076,7975-280076-0005,7.98,test-other/7975/280076/7975-280076-0005.flac,IT WAS CHARGED THAT ARTHUR MC COY OR A C MC COY AND MYSELF HAD BEEN PARTICIPANTS IN THE GAD'S HILL AFFAIR AND THE TWO STAGE ROBBERIES
test-other,7975,M,280076,7975-280076-0010,6.06,test-other/7975/280076/7975-280076-0010.flac,THIS CAN BE PROVED BY BOTH OF THEM ALSO BY SHERIFF BARKLEY AND FIFTY OTHER RESPECTABLE MEN OF THAT COUNTY
test-other,7975,M,280076,7975-280076-0011,5.04,test-other/7975/280076/7975-280076-0011.flac,I BROUGHT THE CATTLE TO KANSAS THAT FALL AND REMAINED IN SAINT CLAIR COUNTY UNTIL FEBRUARY
test-other,7975,M,280076,7975-280076-0013,3.925,test-other/7975/280076/7975-280076-0013.flac,I WENT TO KANSAS WHERE OUR CATTLE WERE IN WOODSON COUNTY AT COLONEL RIDGE'S
test-other,7975,M,280076,7975-280076-0014,8.135,test-other/7975/280076/7975-280076-0014.flac,DURING THE SUMMER I WAS EITHER IN SAINT CLAIR JACKSON OR KANSAS BUT AS THERE WAS NO ROBBERY COMMITTED THAT SUMMER IT MAKES NO DIFFERENCE WHERE I WAS
test-other,7975,M,280076,7975-280076-0016,3.935,test-other/7975/280076/7975-280076-0016.flac,THERE I TOOK DINNER AND THEN WENT TO DOCTOR L W TWYMAN'S
test-other,7975,M,280076,7975-280076-0020,3.925,test-other/7975/280076/7975-280076-0020.flac,WE WERE NOT ON GOOD TERMS AT THE TIME NOR HAVE WE BEEN FOR SEVERAL YEARS
test-other,7975,M,280076,7975-280076-0022,2.415,test-other/7975/280076/7975-280076-0022.flac,DOCTOR L LEWIS WAS HIS PHYSICIAN
test-other,7975,M,280076,7975-280076-0028,9.525,test-other/7975/280076/7975-280076-0028.flac,IT WAS IMMEDIATELY FOLLOWING THE ROCK ISLAND ROBBERY AT ADAIR IOWA THAT THERE FIRST APPEARED A DELIBERATE ENLISTMENT OF SOME LOCAL PAPERS IN MISSOURI TO CONNECT US WITH THIS ROBBERY
test-other,7975,M,280084,7975-280084-0003,6.865,test-other/7975/280084/7975-280084-0003.flac,J S ALLEN WHOSE HARDWARE STORE WAS NEAR TRIED TO GO INTO THE BANK BUT MILLER ORDERED HIM AWAY AND HE RAN AROUND THE CORNER SHOUTING
test-other,7975,M,280084,7975-280084-0006,3.26,test-other/7975/280084/7975-280084-0006.flac,ALMOST AT THIS INSTANT I HEARD A PISTOL SHOT IN THE BANK
test-other,7975,M,280084,7975-280084-0007,8.04,test-other/7975/280084/7975-280084-0007.flac,CHADWELL WOODS AND JIM RODE UP AND JOINED US SHOUTING TO PEOPLE IN THE STREET TO GET INSIDE AND FIRING THEIR PISTOLS TO EMPHASIZE THEIR COMMANDS
test-other,7975,M,280084,7975-280084-0009,2.59,test-other/7975/280084/7975-280084-0009.flac,MEANTIME THE STREET WAS GETTING UNCOMFORTABLY HOT
test-other,7975,M,280084,7975-280084-0012,4.68,test-other/7975/280084/7975-280084-0012.flac,CHANGING HIS PISTOL TO HIS LEFT HAND BOB RAN OUT AND MOUNTED MILLER'S MARE
test-other,7975,M,280085,7975-280085-0001,4.965,test-other/7975/280085/7975-280085-0001.flac,FRIDAY WE MOVED TOWARD WATERVILLE AND FRIDAY NIGHT WE CAMPED BETWEEN ELYSIAN AND GERMAN LAKE
test-other,7975,M,280085,7975-280085-0002,10.64,test-other/7975/280085/7975-280085-0002.flac,BOB'S SHATTERED ELBOW WAS REQUIRING FREQUENT ATTENTION AND THAT NIGHT WE MADE ONLY NINE MILES AND MONDAY MONDAY NIGHT AND TUESDAY WE SPENT IN A DESERTED FARM HOUSE CLOSE TO MANKATO
test-other,7975,M,280085,7975-280085-0005,8.845,test-other/7975/280085/7975-280085-0005.flac,NO SOONER HOWEVER WAS HE RELEASED THAN HE MADE POSTHASTE INTO MANKATO TO ANNOUNCE OUR PRESENCE AND IN A FEW MINUTES ANOTHER POSSE WAS LOOKING FOR US
test-other,7975,M,280085,7975-280085-0008,4.665,test-other/7975/280085/7975-280085-0008.flac,BUT THEY SOON AFTER GOT CLOSE ENOUGH SO THAT ONE OF THEM BROKE MY WALKING STICK WITH A SHOT
test-other,7975,M,280085,7975-280085-0010,9.365,test-other/7975/280085/7975-280085-0010.flac,SIX STEPPED TO THE FRONT SHERIFF GLISPIN COLONEL T L VOUGHT B M RICE G A BRADFORD C A POMEROY AND S J SEVERSON
test-other,7975,M,280085,7975-280085-0014,3.51,test-other/7975/280085/7975-280085-0014.flac,I GOT UP AS THE SIGNAL FOR THE CHARGE AND WE FIRED ONE VOLLEY
test-other,7975,M,280085,7975-280085-0016,6.17,test-other/7975/280085/7975-280085-0016.flac,SHERIFF GLISPIN OF WATONWAN COUNTY WHO WAS TAKING BOB'S PISTOL FROM HIM WAS ALSO SHOUTING TO THE FELLOW
test-other,7975,M,280085,7975-280085-0017,4.375,test-other/7975/280085/7975-280085-0017.flac,INCLUDING THOSE RECEIVED IN AND ON THE WAY FROM NORTHFIELD I HAD ELEVEN WOUNDS
test-other,8131,M,117016,8131-117016-0001,3.46,test-other/8131/117016/8131-117016-0001.flac,BUT MARSPORT HAD FLOURISHED ENOUGH TO KILL IT OFF
test-other,8131,M,117016,8131-117016-0006,7.66,test-other/8131/117016/8131-117016-0006.flac,THE SHOPKEEPERS AND SOME OF THE LESS UNFORTUNATE PEOPLE THERE HAD PROTESTED LOUD ENOUGH TO REACH CLEAR BACK TO EARTH
test-other,8131,M,117016,8131-117016-0007,5.75,test-other/8131/117016/8131-117016-0007.flac,CAPTAIN MURDOCH WAS AN UNKNOWN FACTOR AND NOW WAS ASKING FOR MORE MEN
test-other,8131,M,117016,8131-117016-0011,10.245,test-other/8131/117016/8131-117016-0011.flac,YOUR JOB IS TO PROTECT THE CITIZENS HERE AND THAT MEANS EVERYONE NOT BREAKING THE LAWS WHETHER YOU FEEL LIKE IT OR NOT NO GRAFT
test-other,8131,M,117016,8131-117016-0012,9.49,test-other/8131/117016/8131-117016-0012.flac,THE FIRST MAN MAKING A SHAKEDOWN WILL GET THE SAME TREATMENT WE'RE GOING TO USE ON THE STONEWALL BOYS YOU'LL GET DOUBLE PAY HERE AND YOU CAN LIVE ON IT
test-other,8131,M,117016,8131-117016-0013,6.42,test-other/8131/117016/8131-117016-0013.flac,HE PICKED OUT FIVE OF THE MEN INCLUDING GORDON YOU FIVE WILL COME WITH ME
test-other,8131,M,117016,8131-117016-0017,2.92,test-other/8131/117016/8131-117016-0017.flac,FOR A SECOND GORDON CURSED HIMSELF
test-other,8131,M,117016,8131-117016-0022,4.495,test-other/8131/117016/8131-117016-0022.flac,THERE WAS NO CHANCE TO SAVE THE CITIZEN WHO WAS DYING FROM LACK OF AIR
test-other,8131,M,117016,8131-117016-0023,5.81,test-other/8131/117016/8131-117016-0023.flac,GORDON FELT THE SOLID PLEASURE OF THE FINELY TURNED CLUB IN HIS HANDS
test-other,8131,M,117016,8131-117016-0046,5.33,test-other/8131/117016/8131-117016-0046.flac,BRUCE GORDON GRIMACED I'VE GOT A YELLOW TICKET FROM SECURITY
test-other,8131,M,117016,8131-117016-0047,4.01,test-other/8131/117016/8131-117016-0047.flac,MURDOCH BLINKED HE DROPPED HIS EYES SLOWLY
test-other,8131,M,117016,8131-117016-0049,4.275,test-other/8131/117016/8131-117016-0049.flac,NOBODY WANTS HIM EXCEPT A GANG OF CROOKS AND THOSE IN POWER
test-other,8131,M,117016,8131-117016-0051,4.895,test-other/8131/117016/8131-117016-0051.flac,NO YOU'RE A FIRSTER HE CAN'T LOSE
test-other,8131,M,117016,8131-117016-0052,5.995,test-other/8131/117016/8131-117016-0052.flac,AND THEN HELL IS GOING TO POP AND THIS WHOLE PLANET MAY BE BLOWN WIDE OPEN
test-other,8131,M,117016,8131-117016-0056,4.43,test-other/8131/117016/8131-117016-0056.flac,BECAUSE IZZY IS ALWAYS HONEST ACCORDING TO HOW HE SEES IT
test-other,8131,M,117016,8131-117016-0061,4.185,test-other/8131/117016/8131-117016-0061.flac,BUT THERE PROBABLY WOULDN'T BE TIME FOR IT IF MAYOR WAYNE WAS RE ELECTED
test-other,8131,M,117017,8131-117017-0002,10.14,test-other/8131/117017/8131-117017-0002.flac,AND THE SLOW DOUBTFUL RESPECT ON THE FACES OF THE CITIZENS AS THEY NODDED TO HIM WAS EVEN MORE PROOF THAT HALEY'S SYSTEM WAS WORKING
test-other,8131,M,117017,8131-117017-0003,4.895,test-other/8131/117017/8131-117017-0003.flac,GORDON HIT THE SIGNAL SWITCH AND THE MARSPEAKER LET OUT A SHRILL WHISTLE
test-other,8131,M,117017,8131-117017-0004,3.375,test-other/8131/117017/8131-117017-0004.flac,GUNS SUDDENLY SEEMED TO BE FLOURISHING EVERYWHERE
test-other,8131,M,117017,8131-117017-0005,1.86,test-other/8131/117017/8131-117017-0005.flac,YOU CAN'T DO IT TO ME
test-other,8131,M,117017,8131-117017-0008,11.425,test-other/8131/117017/8131-117017-0008.flac,ONE LOOK WAS ENOUGH THE WORK PAPERS HAD THE TELLTALE OVER THICKENING OF THE SIGNATURE THAT HAD SHOWED UP ON OTHER PAPERS OBVIOUSLY FORGERIES
test-other,8131,M,117017,8131-117017-0009,6.285,test-other/8131/117017/8131-117017-0009.flac,SOME TURNED AWAY AS GORDON AND THE OTHER COP WENT TO WORK BUT MOST OF THEM WEREN'T SQUEAMISH
test-other,8131,M,117017,8131-117017-0016,3.39,test-other/8131/117017/8131-117017-0016.flac,LIKE THIS SOCIAL CALL GORDON ASKED HIM
test-other,8131,M,117017,8131-117017-0019,2.45,test-other/8131/117017/8131-117017-0019.flac,ELEVEN HUNDRED FIFTY CREDITS
test-other,8131,M,117017,8131-117017-0024,3.935,test-other/8131/117017/8131-117017-0024.flac,NOW SHOW ME WHERE I SIGNED ANY AGREEMENT SAYING I'D PAY YOU BACK
test-other,8131,M,117029,8131-117029-0002,2.955,test-other/8131/117029/8131-117029-0002.flac,ONLY GORDON AND SHEILA WERE LEFT
test-other,8131,M,117029,8131-117029-0003,4.56,test-other/8131/117029/8131-117029-0003.flac,CREDIT HAD BEEN ESTABLISHED AGAIN AND THE BUSINESSES WERE OPEN
test-other,8131,M,117029,8131-117029-0004,8.2,test-other/8131/117029/8131-117029-0004.flac,GORDON CAME TO A ROW OF TEMPORARY BUBBLES INDIVIDUAL DWELLINGS BUILT LIKE THE DOME BUT OPAQUE FOR PRIVACY
test-other,8131,M,117029,8131-117029-0006,2.835,test-other/8131/117029/8131-117029-0006.flac,SCHULBERG'S VOLUNTEERS WERE OFFICIAL NOW
test-other,8131,M,117029,8131-117029-0020,4.67,test-other/8131/117029/8131-117029-0020.flac,DID YOU THINK WE'D LET YOU GO WITHOUT SEEING YOU OFF COBBER HE ASKED
test-other,8188,M,269288,8188-269288-0002,10.175,test-other/8188/269288/8188-269288-0002.flac,HER TASTES ALL LAY IN THIS DIRECTION HER IDEA BEING BY AND BY TO FOLLOW HER MOTHER'S PROFESSION OF JOURNALISM FOR WHICH SHE ALREADY SHOWED CONSIDERABLE APTITUDE
test-other,8188,M,269288,8188-269288-0011,3.65,test-other/8188/269288/8188-269288-0011.flac,A FEW MOMENTS LATER THERE CAME A TAP AT THE DOOR
test-other,8188,M,269288,8188-269288-0012,2.165,test-other/8188/269288/8188-269288-0012.flac,LESLIE OPENED THE DOOR
test-other,8188,M,269288,8188-269288-0014,7.96,test-other/8188/269288/8188-269288-0014.flac,THESE LETTERS HAVE JUST COME FOR YOU AND ANNIE COLCHESTER SHE SAID AND AS I WAS COMING UPSTAIRS I THOUGHT I WOULD LEAVE THEM WITH YOU
test-other,8188,M,269288,8188-269288-0018,4.615,test-other/8188/269288/8188-269288-0018.flac,HER FACE GREW SUDDENLY WHITE AS DEATH WHAT IS IT DEAR
test-other,8188,M,269288,8188-269288-0027,4.4,test-other/8188/269288/8188-269288-0027.flac,JUST AFTER MIDNIGHT SHE ROSE WITH A SIGH TO PREPARE FOR BED
test-other,8188,M,269288,8188-269288-0032,2.73,test-other/8188/269288/8188-269288-0032.flac,WHAT CAN SHE BE DOING OUT BY HERSELF
test-other,8188,M,269288,8188-269288-0033,7.4,test-other/8188/269288/8188-269288-0033.flac,LESLIE LEFT THE ROOM BUT SHE HAD SCARCELY GONE A DOZEN PACES DOWN THE CORRIDOR BEFORE SHE MET ANNIE RETURNING
test-other,8188,M,269288,8188-269288-0037,3.05,test-other/8188/269288/8188-269288-0037.flac,DON'T BEGIN WHAT DO YOU MEAN
test-other,8188,M,269288,8188-269288-0039,5.075,test-other/8188/269288/8188-269288-0039.flac,I WALKED UP AND DOWN AS FAST AS EVER I COULD OUTSIDE IN ORDER TO MAKE MYSELF SLEEPY
test-other,8188,M,269288,8188-269288-0040,3.305,test-other/8188/269288/8188-269288-0040.flac,DON'T TALK TO ME LESLIE DON'T SAY A SINGLE WORD
test-other,8188,M,269288,8188-269288-0043,5.8,test-other/8188/269288/8188-269288-0043.flac,NOW DRINK THIS AT ONCE SHE SAID IN A VOICE OF AUTHORITY IF YOU REALLY WISH TO SLEEP
test-other,8188,M,269288,8188-269288-0049,3.355,test-other/8188/269288/8188-269288-0049.flac,CAN'T YOU MANAGE WITH A CANDLE JUST FOR ONCE
test-other,8188,M,269288,8188-269288-0051,7.53,test-other/8188/269288/8188-269288-0051.flac,SHE TURNED OFF THE LIGHT AND LIT A CANDLE WHICH SHE PUT BEHIND HER SCREEN THEN PREPARED TO GET INTO BED
test-other,8188,M,269288,8188-269288-0055,3.55,test-other/8188/269288/8188-269288-0055.flac,ANNIE IS THAT YOU SHE CALLED OUT
test-other,8188,M,269290,8188-269290-0001,6.5,test-other/8188/269290/8188-269290-0001.flac,IMMEDIATELY AFTER DINNER THAT EVENING LESLIE RAN UP TO HER ROOM TO MAKE PREPARATIONS FOR HER VISIT TO EAST HALL
test-other,8188,M,269290,8188-269290-0011,4.63,test-other/8188/269290/8188-269290-0011.flac,LESLIE WAS JUST CLOSING THE DOOR BEHIND HER WHEN ANNIE CALLED AFTER HER
test-other,8188,M,269290,8188-269290-0013,2.49,test-other/8188/269290/8188-269290-0013.flac,HAVE THE GOODNESS TO FIND IT AND PUT IT BACK
test-other,8188,M,269290,8188-269290-0017,4.02,test-other/8188/269290/8188-269290-0017.flac,AS SHE WALKED DOWN THE CORRIDOR SHE HEARD IT BEING TURNED IN THE LOCK
test-other,8188,M,269290,8188-269290-0021,7.03,test-other/8188/269290/8188-269290-0021.flac,YOU SEE ALL THE GIRLS EXCEPT EILEEN AND MARJORIE LAUGH AT HER AND THAT SEEMS TO ME TO MAKE HER WORSE
test-other,8188,M,269290,8188-269290-0030,2.33,test-other/8188/269290/8188-269290-0030.flac,I'LL WAIT FOR YOU HERE SAID LESLIE
test-other,8188,M,269290,8188-269290-0044,2.89,test-other/8188/269290/8188-269290-0044.flac,GOD ANSWERS TO EACH OF YOU YOU ARE
test-other,8188,M,269290,8188-269290-0046,2.065,test-other/8188/269290/8188-269290-0046.flac,ALL MEN ARE YOUR BROTHERS
test-other,8188,M,269290,8188-269290-0049,3.03,test-other/8188/269290/8188-269290-0049.flac,IT WAS PAST TEN O'CLOCK WHEN SHE LEFT THE HALL
test-other,8188,M,269290,8188-269290-0051,3.785,test-other/8188/269290/8188-269290-0051.flac,ANNIE COLCHESTER IS YOUR ROOMFELLOW IS SHE NOT SHE SAID
test-other,8188,M,269290,8188-269290-0052,5.56,test-other/8188/269290/8188-269290-0052.flac,I SEE BY YOUR FACE MISS GILROY THAT YOU ARE DISTRESSED ABOUT SOMETHING ARE YOU KEEPING ANYTHING BACK
test-other,8188,M,274364,8188-274364-0002,8.555,test-other/8188/274364/8188-274364-0002.flac,THE CASE OF LORD MOUNTNORRIS OF ALL THOSE WHICH WERE COLLECTED WITH SO MUCH INDUSTRY IS THE MOST FLAGRANT AND THE LEAST EXCUSABLE
test-other,8188,M,274364,8188-274364-0003,8.32,test-other/8188/274364/8188-274364-0003.flac,THE COURT WHICH CONSISTED OF THE CHIEF OFFICERS OF THE ARMY FOUND THE CRIME TO BE CAPITAL AND CONDEMNED THAT NOBLEMAN TO LOSE HIS HEAD
test-other,8188,M,274364,8188-274364-0005,10.13,test-other/8188/274364/8188-274364-0005.flac,IT IS NOW FULL TWO HUNDRED AND FORTY YEARS SINCE TREASONS WERE DEFINED AND SO LONG HAS IT BEEN SINCE ANY MAN WAS TOUCHED TO THIS EXTENT UPON THIS CRIME BEFORE MYSELF
test-other,8188,M,274364,8188-274364-0006,11.465,test-other/8188/274364/8188-274364-0006.flac,LET US NOT TO OUR OWN DESTRUCTION AWAKE THOSE SLEEPING LIONS BY RATTLING UP A COMPANY OF OLD RECORDS WHICH HAVE LAIN FOR SO MANY AGES BY THE WALL FORGOTTEN AND NEGLECTED
test-other,8280,F,266249,8280-266249-0002,13.25,test-other/8280/266249/8280-266249-0002.flac,THERE WERE NO SAD LEAVE TAKINGS TO MAR THEIR PLEASURE THE CHILDREN WERE IN WILD SPIRITS AND ALL SEEMED CHEERFUL AND HAPPY AS THEY SAT OR STOOD UPON THE DECK WATCHING THE RECEDING SHORE AS THE VESSEL STEAMED OUT OF THE HARBOR
test-other,8280,F,266249,8280-266249-0003,12.58,test-other/8280/266249/8280-266249-0003.flac,AT LENGTH THE LAND HAD QUITE DISAPPEARED NOTHING COULD BE SEEN BUT THE SKY OVERHEAD AND A VAST EXPANSE OF WATER ALL AROUND AND THE PASSENGERS FOUND LEISURE TO TURN THEIR ATTENTION UPON EACH OTHER
test-other,8280,F,266249,8280-266249-0004,5.87,test-other/8280/266249/8280-266249-0004.flac,THERE ARE SOME NICE LOOKING PEOPLE ON BOARD REMARKED MISTER TRAVILLA IN AN UNDERTONE TO HIS WIFE
test-other,8280,F,266249,8280-266249-0005,3.4,test-other/8280/266249/8280-266249-0005.flac,BESIDE OURSELVES ADDED COUSIN RONALD LAUGHING
test-other,8280,F,266249,8280-266249-0007,5.08,test-other/8280/266249/8280-266249-0007.flac,AND WHAT A DEAR LITTLE FELLOW HE IS JUST ABOUT THE AGE OF OUR HAROLD I SHOULD JUDGE
test-other,8280,F,266249,8280-266249-0008,3.185,test-other/8280/266249/8280-266249-0008.flac,DO YOU SON WAS THE SMILING REJOINDER
test-other,8280,F,266249,8280-266249-0014,11.63,test-other/8280/266249/8280-266249-0014.flac,HE LED THE WAY THE OTHERS ALL FOLLOWING AND TAKING OUT A SLIP OF PAPER READ FROM IT IN A DISTINCT TONE LOUD ENOUGH TO BE HEARD BY THOSE ABOUT HIM WITHOUT DISTURBING THE OTHER PASSENGERS
test-other,8280,F,266249,8280-266249-0015,13.525,test-other/8280/266249/8280-266249-0015.flac,ONE DROP OF NICOTINE EXTRACT OF TOBACCO PLACED ON THE TONGUE OF A DOG WILL KILL HIM IN A MINUTE THE HUNDREDTH PART OF A GRAIN PICKED UNDER THE SKIN OF A MAN'S ARM WILL PRODUCE NAUSEA AND FAINTING
test-other,8280,F,266249,8280-266249-0017,4.31,test-other/8280/266249/8280-266249-0017.flac,IS IT STRANGE THEN THAT SMOKERS AND CHEWERS HAVE A THOUSAND AILMENTS
test-other,8280,F,266249,8280-266249-0018,7.52,test-other/8280/266249/8280-266249-0018.flac,THAT THE FRENCH POLYTECHNIC INSTITUTE HAD TO PROHIBIT ITS USE ON ACCOUNT OF ITS EFFECTS ON THE MIND
test-other,8280,F,266249,8280-266249-0021,7.225,test-other/8280/266249/8280-266249-0021.flac,AND THEN SUCH POWERFUL ACIDS PRODUCE INTENSE IRRITATION AND THIRST THIRST WHICH WATER DOES NOT QUENCH
test-other,8280,F,266249,8280-266249-0030,6.71,test-other/8280/266249/8280-266249-0030.flac,THEY ARE GAMBLING YONDER AND I'M AFRAID THAT YOUNG FELLOW IS BEING BADLY FLEECED BY THAT MIDDLE AGED MAN OPPOSITE
test-other,8280,F,266249,8280-266249-0037,4.845,test-other/8280/266249/8280-266249-0037.flac,A VENTRILOQUIST ABOARD OF COURSE RETURNED ANOTHER LET'S FOLLOW AND SEE THE FUN
test-other,8280,F,266249,8280-266249-0039,8.375,test-other/8280/266249/8280-266249-0039.flac,THAT FELLOW NICK WARD IS A NOTED BLACKLEG AND RUFFIAN HAD HIS NOSE BROKEN IN A FIGHT AND IS SENSITIVE ON THE SUBJECT WAS CHEATING OF COURSE
test-other,8280,F,266249,8280-266249-0040,5.33,test-other/8280/266249/8280-266249-0040.flac,WHO ASKED THE MATE I'VE SEEN NONE UP HERE THOUGH THERE ARE SOME IN THE STEERAGE
test-other,8280,F,266249,8280-266249-0045,7.925,test-other/8280/266249/8280-266249-0045.flac,THE GERMAN RELEASED HIS PRISONER AND THE LATTER SLUNK AWAY WITH MUTTERED THREATS AND IMPRECATIONS UPON THE HEAD OF HIS TORMENTOR
test-other,8280,F,266249,8280-266249-0046,8.835,test-other/8280/266249/8280-266249-0046.flac,MISTER LILBURN AND MISTER DALY EACH AT A DIFFERENT TIME SOUGHT OUT THE YOUNG MAN WARD'S INTENDED VICTIM AND TRIED TO INFLUENCE HIM FOR GOOD
test-other,8280,F,266249,8280-266249-0047,5.88,test-other/8280/266249/8280-266249-0047.flac,YET THERE WAS GAMBLING AGAIN THE SECOND NIGHT BETWEEN WARD AND SEVERAL OTHERS OF HIS PROFESSION
test-other,8280,F,266249,8280-266249-0049,6.685,test-other/8280/266249/8280-266249-0049.flac,THEN MISTER LILBURN WAKING FROM HIS FIRST SLEEP IN A STATEROOM NEAR BY THOUGHT HE WOULD BREAK IT UP ONCE MORE
test-other,8280,F,266249,8280-266249-0053,10.68,test-other/8280/266249/8280-266249-0053.flac,BUT ALL WAS SILENT AND AFTER A MOMENT OF ANXIOUS WAITING THEY SAT DOWN TO THEIR GAME AGAIN TRYING TO CONCEAL AND SHAKE OFF THEIR FEARS WITH A FORCED UNNATURAL LAUGH
test-other,8280,F,266249,8280-266249-0056,2.6,test-other/8280/266249/8280-266249-0056.flac,OH NONSENSE WHAT FOOLS WE ARE
test-other,8280,F,266249,8280-266249-0059,6.83,test-other/8280/266249/8280-266249-0059.flac,TO ELSIE'S OBSERVANT EYES IT PRESENTLY BECAME EVIDENT THAT THE DALYS WERE IN VERY STRAITENED CIRCUMSTANCES
test-other,8280,F,266249,8280-266249-0061,3.115,test-other/8280/266249/8280-266249-0061.flac,AND HOW WONDERFULLY HE HAS ANSWERED OUR PETITIONS
test-other,8461,F,258277,8461-258277-0001,10.85,test-other/8461/258277/8461-258277-0001.flac,BUT HE ANSWERED NEEDS MUST I HAVE ZAYNAB ALSO NOW SUDDENLY THERE CAME A RAP AT THE DOOR AND THE MAID SAID WHO IS AT THE DOOR
test-other,8461,F,258277,8461-258277-0007,4.46,test-other/8461/258277/8461-258277-0007.flac,THEN HE SET OUT REJOICING TO RETURN TO THE BARRACK OF THE FORTY
test-other,8461,F,258277,8461-258277-0010,8.93,test-other/8461/258277/8461-258277-0010.flac,SO HE TOLD HIM WHAT HAD BEFALLEN HIM AND ADDED IF I KNOW WHITHER THE RASCAL IS GONE AND WHERE TO FIND THE KNAVE I WOULD PAY HIM OUT
test-other,8461,F,258277,8461-258277-0012,8.805,test-other/8461/258277/8461-258277-0012.flac,ANSWERED HASAN I KNOW WHERE HE IS AND OPENING THE DOOR OF THE CLOSET SHOWED HIM THE SWEETMEAT SELLER WITHIN DRUGGED AND SENSELESS
test-other,8461,F,258277,8461-258277-0013,10.27,test-other/8461/258277/8461-258277-0013.flac,SO I WENT ROUND ABOUT THE HIGHWAYS OF THE CITY TILL I MET A SWEETMEAT SELLER AND BUYING HIS CLOTHES AND STOCK IN TRADE AND GEAR FOR TEN DINARS DID WHAT WAS DONE
test-other,8461,F,258277,8461-258277-0014,3.685,test-other/8461/258277/8461-258277-0014.flac,QUOTH AL RASHID WHOSE HEAD IS THIS
test-other,8461,F,278226,8461-278226-0003,4.3,test-other/8461/278226/8461-278226-0003.flac,I WANT TO SEE ALL THE PICTURES THE MODERN PICTURES ESPECIALLY
test-other,8461,F,278226,8461-278226-0005,15.09,test-other/8461/278226/8461-278226-0005.flac,SHE RETURNED IN A LITTLE MORE THAN TEN MINUTES IN THE FRESHEST TOILETTE ALL PALE SHIMMERING BLUE LIKE THE SPRING SKY WITH PEARL GREY GLOVES AND BOOTS AND PARASOL AND A BONNET THAT SEEMED MADE OF AZURE BUTTERFLIES
test-other,8461,F,278226,8461-278226-0011,8.42,test-other/8461/278226/8461-278226-0011.flac,SHE TURNED TO THE FRENCH ARTIST PRESENTLY AND ASKED HIM WHERE THE ELDER MISTER KERSTALL LIVED AND IF THERE WAS ANY POSSIBILITY OF SEEING HIM
test-other,8461,F,278226,8461-278226-0014,3.905,test-other/8461/278226/8461-278226-0014.flac,I DON'T THINK YOU WILL HAVE ANY DIFFICULTY IN FINDING THE HOUSE
test-other,8461,F,278226,8461-278226-0015,4.2,test-other/8461/278226/8461-278226-0015.flac,YOU WILL BE DOING ME SUCH A FAVOUR PHILIP IF YOU'LL SAY YES
test-other,8461,F,281231,8461-281231-0000,10.72,test-other/8461/281231/8461-281231-0000.flac,HIS FOLLOWERS RUSHED FORWARD TO WHERE HE LAY AND THEIR UNITED FORCE COMPELLING THE BLACK KNIGHT TO PAUSE THEY DRAGGED THEIR WOUNDED LEADER WITHIN THE WALLS
test-other,8461,F,281231,8461-281231-0003,3.205,test-other/8461/281231/8461-281231-0003.flac,WHAT ART THOU HE EXCLAIMED IN TERROR
test-other,8461,F,281231,8461-281231-0004,9.86,test-other/8461/281231/8461-281231-0004.flac,LEAVE ME AND SEEK THE SAXON WITCH ULRICA WHO WAS MY TEMPTRESS LET HER AS WELL AS I TASTE THE TORTURES WHICH ANTICIPATE HELL
test-other,8461,F,281231,8461-281231-0005,2.44,test-other/8461/281231/8461-281231-0005.flac,EXCLAIMED THE NORMAN HO
test-other,8461,F,281231,8461-281231-0007,10.185,test-other/8461/281231/8461-281231-0007.flac,THEY ARE FAST RISING AT LEAST SAID ULRICA AND A SIGNAL SHALL SOON WAVE TO WARN THE BESIEGERS TO PRESS HARD UPON THOSE WHO WOULD EXTINGUISH THEM
test-other,8461,F,281231,8461-281231-0008,11.38,test-other/8461/281231/8461-281231-0008.flac,MEANWHILE THE BLACK KNIGHT HAD LED HIS FORCES AGAIN TO THE ATTACK AND SO VIGOROUS WAS THEIR ASSAULT THAT BEFORE LONG THE GATE OF THE CASTLE ALONE SEPARATED THEM FROM THOSE WITHIN
test-other,8461,F,281231,8461-281231-0010,7.3,test-other/8461/281231/8461-281231-0010.flac,THE BLACK KNIGHT WITH PORTENTOUS STRENGTH FORCED HIS WAY INWARD IN DESPITE OF DE BRACY AND HIS FOLLOWERS
test-other,8461,F,281231,8461-281231-0012,8.605,test-other/8461/281231/8461-281231-0012.flac,THE BLACK KNIGHT WAS SOON ENGAGED IN DESPERATE COMBAT WITH THE NORMAN CHIEF AND THE VAULTED ROOF OF THE HALL RUNG WITH THEIR FURIOUS BLOWS
test-other,8461,F,281231,8461-281231-0015,5.765,test-other/8461/281231/8461-281231-0015.flac,YET FIRST LET ME SAY SAID DE BRACY WHAT IT IMPORTS THEE TO KNOW
test-other,8461,F,281231,8461-281231-0016,3.845,test-other/8461/281231/8461-281231-0016.flac,EXCLAIMED THE BLACK KNIGHT PRISONER AND PERISH
test-other,8461,F,281231,8461-281231-0020,7.59,test-other/8461/281231/8461-281231-0020.flac,AS THE FIRE COMMENCED TO SPREAD RAPIDLY THROUGH ALL PARTS OF THE CASTLE ULRICA APPEARED ON ONE OF THE TURRETS
test-other,8461,F,281231,8461-281231-0022,8.53,test-other/8461/281231/8461-281231-0022.flac,AT LENGTH WITH A TERRIFIC CRASH THE WHOLE TURRET GAVE WAY AND SHE PERISHED IN THE FLAMES WHICH HAD CONSUMED HER TYRANT
test-other,8461,F,281231,8461-281231-0023,8.41,test-other/8461/281231/8461-281231-0023.flac,WHEN THE OUTLAWS HAD DIVIDED THE SPOILS WHICH THEY HAD TAKEN FROM THE CASTLE OF TORQUILSTONE CEDRIC PREPARED TO TAKE HIS DEPARTURE
test-other,8461,F,281231,8461-281231-0027,5.93,test-other/8461/281231/8461-281231-0027.flac,SO SAYING HE MOUNTED HIS STRONG WAR HORSE AND RODE OFF THROUGH THE FOREST
test-other,8461,F,281231,8461-281231-0028,8.24,test-other/8461/281231/8461-281231-0028.flac,DURING ALL THIS TIME ISAAC OF YORK SAT MOURNFULLY APART GRIEVING FOR THE LOSS OF HIS DEARLY LOVED DAUGHTER REBECCA
test-other,8461,F,281231,8461-281231-0029,5.84,test-other/8461/281231/8461-281231-0029.flac,AND WITH THIS EPISTLE THE UNHAPPY OLD MAN SET OUT TO PROCURE HIS DAUGHTER'S LIBERATION
test-other,8461,F,281231,8461-281231-0031,11.96,test-other/8461/281231/8461-281231-0031.flac,HE APPEALED TO DE BRACY TO ASSIST HIM IN THIS PROJECT AND BECAME AT ONCE DEEPLY SUSPICIOUS OF THE KNIGHT'S LOYALTY TOWARDS HIM WHEN HE DECLINED TO LIFT HAND AGAINST THE MAN WHO HAD SPARED HIS OWN LIFE
test-other,8461,F,281231,8461-281231-0034,9.12,test-other/8461/281231/8461-281231-0034.flac,POOR ISAAC WAS HURRIED OFF ACCORDINGLY AND EXPELLED FROM THE PRECEPTORY ALL HIS ENTREATIES AND EVEN HIS OFFERS UNHEARD AND DISREGARDED
test-other,8461,F,281231,8461-281231-0037,7.33,test-other/8461/281231/8461-281231-0037.flac,AT HIS FEET WAS PLACED A TABLE OCCUPIED BY TWO SCRIBES WHOSE DUTY IT WAS TO RECORD THE PROCEEDINGS OF THE DAY
