utterance,subset,speaker_id,lp_waveform_identical,opus_waveform_identical,opus_ogg_identical,gain,gain_db,frozen_gain_db,gain_reproduction_error_db,level_error_db,length_equals_ref,nonfinite,samples_at_or_above_full_scale
61-70968-0000,test-clean,61,True,True,True,1.1015078492408794,0.8397519247853035,0.8397519247853076,-4.107825191113079e-15,-1.3859668968052574e-09,True,0,0
61-70968-0002,test-clean,61,True,True,True,1.0632443973585888,0.5326620585670271,0.532662058567027,1.1102230246251565e-16,-3.746585264252644e-09,True,0,0
61-70968-0003,test-clean,61,True,True,True,1.0861444153964073,0.7177514708021072,0.71775147080211,-2.7755575615628914e-15,2.1420483165002224e-09,True,0,0
61-70968-0012,test-clean,61,True,True,True,1.0982690096636192,0.8141745819397581,0.8141745819397563,1.7763568394002505e-15,-8.257369898956313e-09,True,0,0
61-70968-0014,test-clean,61,True,True,True,1.0504578180980222,0.4275723535909932,0.42757235359099255,6.661338147750939e-16,1.649890890575989e-09,True,0,3
61-70968-0015,test-clean,61,True,True,True,1.0489808251029333,0.41535099117146984,0.4153509911714721,-2.275957200481571e-15,-2.9167779302952113e-12,True,0,0
61-70968-0016,test-clean,61,True,True,True,1.0876481688827853,0.7297686604856706,0.7297686604856679,2.6645352591003757e-15,1.64283875392357e-09,True,0,0
61-70968-0026,test-clean,61,True,True,True,1.1015433506741712,0.8400318651984942,0.8400318651984939,2.220446049250313e-16,-2.9528131051392847e-09,True,0,0
61-70968-0027,test-clean,61,True,True,True,1.1096671320783413,0.9038544517382318,0.903854451738237,-5.218048215738236e-15,-4.888732973995502e-09,True,0,0
61-70968-0033,test-clean,61,True,True,True,1.1001862540496747,0.8293242896850777,0.8293242896850792,-1.5543122344752192e-15,-1.8761703302061505e-09,True,0,0
61-70968-0039,test-clean,61,True,True,True,1.0956372466455662,0.7933357571017928,0.7933357571017936,-7.771561172376096e-16,2.1832171626101626e-09,True,0,0
61-70968-0040,test-clean,61,True,True,True,1.0814208531510092,0.6798947973220819,0.6798947973220812,6.661338147750939e-16,-1.7322108192274754e-09,True,0,0
61-70968-0044,test-clean,61,True,True,True,1.1216188600554282,0.996906067179487,0.9969060671794878,-7.771561172376096e-16,-9.637339815071755e-10,True,0,0
61-70968-0045,test-clean,61,True,True,True,1.0769969918607656,0.6442898056050399,0.6442898056050375,2.4424906541753444e-15,3.4625919909103686e-09,True,0,0
61-70968-0050,test-clean,61,True,True,True,1.1072391544007851,0.8848286997598075,0.884828699759808,-5.551115123125783e-16,1.76779835214802e-09,True,0,0
61-70968-0052,test-clean,61,True,True,True,1.0515847479543203,0.4368855706090562,0.43688557060905,6.217248937900877e-15,-4.999105129854797e-09,True,0,0
61-70968-0053,test-clean,61,True,True,True,1.0717572045294546,0.6019282318385298,0.6019282318385244,5.440092820663267e-15,1.0177814147027675e-10,True,0,0
61-70968-0056,test-clean,61,True,True,True,1.0944309439238507,0.7837672757041374,0.7837672757041325,4.884981308350689e-15,-2.3130404258608905e-09,True,0,0
61-70970-0001,test-clean,61,True,True,True,1.1015336044416435,0.8399550138657013,0.8399550138657013,0.0,9.5095487040453e-10,True,0,0
61-70970-0005,test-clean,61,True,True,True,1.0950765268720828,0.788889397896325,0.7888893978963232,1.7763568394002505e-15,2.632937423641124e-09,True,0,0
61-70970-0006,test-clean,61,True,True,True,1.098386164162138,0.8151010733234099,0.8151010733234116,-1.7763568394002505e-15,1.6442065486899082e-09,True,0,0
61-70970-0009,test-clean,61,True,True,True,1.0804190094444686,0.6718443356360858,0.6718443356360844,1.4432899320127035e-15,-4.262009412059342e-09,True,0,0
61-70970-0011,test-clean,61,True,True,True,1.0646109782926483,0.5438188062882603,0.5438188062882574,2.886579864025407e-15,-4.5712766905126045e-09,True,0,0
61-70970-0014,test-clean,61,True,True,True,1.1243446534854293,1.017989181300186,1.0179891813001838,2.220446049250313e-15,-4.3638657132305525e-09,True,0,0
61-70970-0016,test-clean,61,True,True,True,1.09530692377242,0.790716659744996,0.7907166597449979,-1.887379141862766e-15,4.8795740781315544e-09,True,0,0
61-70970-0020,test-clean,61,True,True,True,1.0881991894236216,0.7341679614660956,0.7341679614660954,2.220446049250313e-16,1.1703384927841398e-09,True,0,0
61-70970-0025,test-clean,61,True,True,True,1.0958853656280354,0.7953025486794616,0.7953025486794658,-4.218847493575595e-15,5.2817696882812015e-09,True,0,0
61-70970-0031,test-clean,61,True,True,True,1.1022543551948543,0.8456364694656139,0.8456364694656102,3.6637359812630166e-15,-1.5852172907671047e-09,True,0,0
61-70970-0035,test-clean,61,True,True,True,1.1115143997964336,0.9183018681247935,0.9183018681247965,-2.9976021664879227e-15,1.0641052483606472e-09,True,0,0
61-70970-0037,test-clean,61,True,True,True,1.0761697036324995,0.637615232179558,0.6376152321795594,-1.4432899320127035e-15,-2.0108714693378715e-10,True,0,0
121-121726-0001,test-clean,121,True,True,True,1.0938293253580937,0.7789912509584596,0.7789912509584553,4.218847493575595e-15,-2.826883616080522e-09,True,0,0
121-121726-0005,test-clean,121,True,True,True,1.0904819628377045,0.7523697301634609,0.752369730163462,-1.1102230246251565e-15,-6.675868746697233e-09,True,0,0
121-121726-0006,test-clean,121,True,True,True,1.0501452088874144,0.42498710631833353,0.4249871063183335,5.551115123125783e-17,1.1447554015830974e-09,True,0,0
121-121726-0007,test-clean,121,True,True,True,1.0351499201433654,0.3000650591607174,0.30006505916071546,1.942890293094024e-15,1.794937531940377e-10,True,0,0
121-121726-0008,test-clean,121,True,True,True,1.07353359446471,0.6163127903006895,0.6163127903006895,0.0,-1.6006254099920625e-09,True,0,0
121-121726-0009,test-clean,121,True,True,True,1.0657608579393099,0.5531953184144749,0.5531953184144776,-2.6645352591003757e-15,5.507487799150113e-10,True,0,0
121-121726-0012,test-clean,121,True,True,True,1.0643140566308786,0.541395960241831,0.5413959602418323,-1.3322676295501878e-15,1.4482708365903818e-09,True,0,0
121-123852-0003,test-clean,121,True,True,True,1.1065941335823202,0.8797672709409464,0.8797672709409525,-6.106226635438361e-15,3.2278641981520195e-09,True,0,0
121-123852-0004,test-clean,121,True,True,True,1.100434158064105,0.8312812531917602,0.8312812531917615,-1.3322676295501878e-15,2.1786767945286556e-09,True,0,0
121-123859-0000,test-clean,121,True,True,True,1.103796723008891,0.8577820076439908,0.8577820076439906,2.220446049250313e-16,-1.979735486656864e-09,True,0,0
121-123859-0001,test-clean,121,True,True,True,1.0830933988776914,0.6933181790109298,0.6933181790109302,-3.3306690738754696e-16,-1.2244818492490595e-09,True,0,0
121-127105-0000,test-clean,121,True,True,True,1.123520576968534,1.0116206162254044,1.0116206162254144,-9.992007221626409e-15,1.1720899806277885e-09,True,0,0
121-127105-0002,test-clean,121,True,True,True,1.099751875846041,0.8258942285068076,0.825894228506808,-4.440892098500626e-16,-6.581046818610048e-10,True,0,0
121-127105-0003,test-clean,121,True,True,True,1.1036374421767023,0.8565285199938761,0.8565285199938799,-3.774758283725532e-15,3.780119328666842e-09,True,0,0
121-127105-0004,test-clean,121,True,True,True,1.111407215158274,0.9174642372048281,0.9174642372048325,-4.440892098500626e-15,-3.7067238167765026e-09,True,0,0
121-127105-0006,test-clean,121,True,True,True,1.1133324404864369,0.9324972761140443,0.9324972761140415,2.7755575615628914e-15,-1.3636736184707843e-09,True,0,0
121-127105-0008,test-clean,121,True,True,True,1.1199784927991248,0.9841936578974858,0.9841936578974853,5.551115123125783e-16,-3.2007960726332385e-09,True,0,0
121-127105-0009,test-clean,121,True,True,True,1.072270549188606,0.6060875577923577,0.6060875577923603,-2.6645352591003757e-15,-6.860325640900555e-10,True,0,0
121-127105-0011,test-clean,121,True,True,True,1.1112461565473182,0.9162054378434176,0.9162054378434128,4.773959005888173e-15,2.955957256745023e-09,True,0,0
121-127105-0013,test-clean,121,True,True,True,1.094724458208043,0.7860964230022095,0.7860964230022063,3.219646771412954e-15,-2.974875457084636e-09,True,0,0
121-127105-0014,test-clean,121,True,True,True,1.1260991042054598,1.0315322599617525,1.0315322599617467,5.773159728050814e-15,-1.420058737267027e-09,True,0,0
121-127105-0015,test-clean,121,True,True,True,1.1437484400082905,1.1666102945610743,1.1666102945610781,-3.774758283725532e-15,-3.2765186119831924e-09,True,0,0
121-127105-0016,test-clean,121,True,True,True,1.1055785145408914,0.8717918034425609,0.8717918034425587,2.220446049250313e-15,-7.08641678670574e-09,True,0,0
121-127105-0023,test-clean,121,True,True,True,1.0983069517053974,0.814474649311301,0.8144746493113004,5.551115123125783e-16,-6.632774329773383e-10,True,0,0
121-127105-0024,test-clean,121,True,True,True,1.098322209383771,0.8145953128377952,0.814595312837799,-3.774758283725532e-15,1.879065791854373e-09,True,0,0
121-127105-0026,test-clean,121,True,True,True,1.0877784609254506,0.7308091021987172,0.7308091021987195,-2.3314683517128287e-15,2.056417258700094e-09,True,0,0
121-127105-0029,test-clean,121,True,True,True,1.104045337752639,0.8597381622748822,0.859738162274887,-4.773959005888173e-15,-5.015792226004123e-10,True,0,0
121-127105-0031,test-clean,121,True,True,True,1.085009955287362,0.7086744596639101,0.7086744596639107,-6.661338147750939e-16,6.436629007566808e-10,True,0,0
121-127105-0034,test-clean,121,True,True,True,1.1307695377137228,1.0674820065895805,1.0674820065895751,5.329070518200751e-15,2.3141666360970703e-10,True,0,0
121-127105-0035,test-clean,121,True,True,True,1.1051728091407333,0.8686038262755674,0.868603826275578,-1.0547118733938987e-14,-2.3203945431760076e-09,True,0,0
237-126133-0003,test-clean,237,True,True,True,1.0499507298378337,0.42337839546350675,0.4233783954635122,-5.440092820663267e-15,-8.052190025864547e-10,True,0,0
237-126133-0004,test-clean,237,True,True,True,1.0559625344702492,0.4729701942309146,0.47297019423091413,4.440892098500626e-16,-7.372698007657164e-10,True,0,0
237-126133-0008,test-clean,237,True,True,True,1.0744860687608966,0.6240157804582082,0.6240157804582047,3.4416913763379853e-15,7.404850066450308e-09,True,0,0
237-126133-0012,test-clean,237,True,True,True,1.0472157138737173,0.4007230069396015,0.4007230069396073,-5.773159728050814e-15,3.0711575504938082e-09,True,0,0
237-126133-0013,test-clean,237,True,True,True,1.030883957120287,0.26419562150527043,0.264195621505273,-2.55351295663786e-15,-1.627576295959443e-09,True,0,0
237-126133-0015,test-clean,237,True,True,True,1.0706300759344993,0.5927887867193091,0.5927887867193071,1.9984014443252818e-15,-2.959644973543618e-09,True,0,0
237-126133-0025,test-clean,237,True,True,True,1.0270379107934444,0.23172949793426334,0.23172949793426767,-4.3298697960381105e-15,2.2572343993942923e-09,True,0,0
237-134493-0000,test-clean,237,True,True,True,1.0783907747164554,0.6555232791721755,0.6555232791721792,-3.774758283725532e-15,1.7820305231452949e-09,True,0,0
237-134493-0001,test-clean,237,True,True,True,1.0778117135307257,0.6508579829383871,0.6508579829383834,3.774758283725532e-15,-5.953850745754607e-10,True,0,0
237-134493-0006,test-clean,237,True,True,True,1.0463709191145827,0.39371322351120497,0.39371322351120597,-9.992007221626409e-16,7.311058425329975e-10,True,0,45
237-134493-0010,test-clean,237,True,True,True,1.050933138397316,0.4315017316251443,0.4315017316251506,-6.2727600891321345e-15,-6.551882592020775e-09,True,0,0
237-134493-0012,test-clean,237,True,True,True,1.0466479888619982,0.39601286567208893,0.39601286567209115,-2.220446049250313e-15,4.3167602825633367e-10,True,0,0
237-134493-0016,test-clean,237,True,True,True,1.0611727657379926,0.5157219117414145,0.5157219117414158,-1.3322676295501878e-15,-8.205596202515153e-10,True,0,15
237-134493-0017,test-clean,237,True,True,True,1.043984625636569,0.37388206048261735,0.3738820604826252,-7.827072323607354e-15,-2.344748395444185e-09,True,0,10
237-134493-0018,test-clean,237,True,True,True,1.0697192201172525,0.5853959806974146,0.5853959806974167,-2.1094237467877974e-15,7.221849784855294e-10,True,0,1
237-134500-0007,test-clean,237,True,True,True,1.0345911904307628,0.29537552121390137,0.2953755212139093,-7.93809462606987e-15,2.9397995149338385e-10,True,0,0
237-134500-0015,test-clean,237,True,True,True,1.0572938893730406,0.4839144442085269,0.4839144442085299,-2.9976021664879227e-15,3.5586715796398494e-09,True,0,0
237-134500-0016,test-clean,237,True,True,True,1.0432179038268294,0.3675006372828638,0.3675006372828591,4.718447854656915e-15,-4.207027615166226e-09,True,0,0
237-134500-0019,test-clean,237,True,True,True,1.0983929101209424,0.8151544192919368,0.815154419291936,7.771561172376096e-16,-3.8641161381747224e-09,True,0,0
237-134500-0024,test-clean,237,True,True,True,1.0535784896958684,0.4533379060876289,0.45333790608762925,-3.3306690738754696e-16,5.2991495635978936e-09,True,0,0
237-134500-0025,test-clean,237,True,True,True,1.021216571412796,0.18235707083740085,0.18235707083740138,-5.273559366969494e-16,-4.385725560496212e-09,True,0,0
237-134500-0031,test-clean,237,True,True,True,1.0646236083450131,0.5439218510552895,0.5439218510552912,-1.7763568394002505e-15,1.7305019639479724e-09,True,0,0
237-134500-0032,test-clean,237,True,True,True,1.0451633900162975,0.3836837770880533,0.38368377708804857,4.718447854656915e-15,-4.764913796861947e-09,True,0,0
237-134500-0033,test-clean,237,True,True,True,1.0463274731593557,0.3933525726178232,0.3933525726178253,-2.1094237467877974e-15,-2.048672342880309e-09,True,0,0
237-134500-0035,test-clean,237,True,True,True,1.0387433073267416,0.33016477241752,0.33016477241752185,-1.8318679906315083e-15,1.3368683937642345e-09,True,0,0
237-134500-0036,test-clean,237,True,True,True,1.0587879829712332,0.4961800700607293,0.4961800700607384,-9.103828801926284e-15,1.2116991854327352e-09,True,0,0
237-134500-0037,test-clean,237,True,True,True,1.0412886923421425,0.3514230457226724,0.3514230457226759,-3.497202527569243e-15,-4.785665197459821e-09,True,0,0
237-134500-0038,test-clean,237,True,True,True,1.0293898478351895,0.25159761574370815,0.2515976157437052,2.942091015256665e-15,3.1455371640731755e-10,True,0,0
237-134500-0039,test-clean,237,True,True,True,1.0380177959734032,0.32409598405991047,0.3240959840599089,1.5543122344752192e-15,-1.1575096436899912e-09,True,0,0
237-134500-0041,test-clean,237,True,True,True,1.0651956543405714,0.5485877197436329,0.5485877197436295,3.3306690738754696e-15,2.864659620627208e-10,True,0,0
260-123286-0000,test-clean,260,True,True,True,1.0651746278317107,0.5484162622867088,0.548416262286711,-2.220446049250313e-15,6.568864563405441e-09,True,0,0
260-123286-0001,test-clean,260,True,True,True,1.0629831358733552,0.530527490743623,0.5305274907436193,3.774758283725532e-15,-2.605869298122343e-09,True,0,0
260-123286-0002,test-clean,260,True,True,True,1.060820733578276,0.5128399872516511,0.512839987251656,-4.884981308350689e-15,-1.927787707245443e-09,True,0,0
260-123286-0004,test-clean,260,True,True,True,1.0415497508916702,0.3536003876759203,0.3536003876759217,-1.4432899320127035e-15,3.1728184524126846e-09,True,0,0
260-123286-0005,test-clean,260,True,True,True,1.05874745947578,0.49584762451838515,0.4958476245183796,5.551115123125783e-15,-1.1287930590242468e-09,True,0,0
260-123286-0007,test-clean,260,True,True,True,1.0528477754028158,0.44731167667132843,0.44731167667132965,-1.2212453270876722e-15,-2.157353407028495e-09,True,0,0
260-123286-0011,test-clean,260,True,True,True,1.0536051755773017,0.45355790648423067,0.45355790648423167,-9.992007221626409e-16,-2.9838211901278555e-09,True,0,0
260-123286-0015,test-clean,260,True,True,True,1.0506060206135397,0.42879770493185776,0.4287977049318563,1.4432899320127035e-15,-6.353317871798936e-11,True,0,0
260-123286-0019,test-clean,260,True,True,True,1.0618746980825853,0.5214654546480864,0.5214654546480837,2.6645352591003757e-15,1.4738112952272786e-09,True,0,0
260-123286-0022,test-clean,260,True,True,True,1.0654647472075223,0.5507816976816042,0.5507816976816002,3.9968028886505635e-15,4.4366998963596416e-10,True,0,0
260-123286-0024,test-clean,260,True,True,True,1.044650371989671,0.3794192649749257,0.37941926497492773,-2.0539125955565396e-15,2.8245850103303383e-09,True,0,0
260-123286-0028,test-clean,260,True,True,True,1.0669497016484248,0.5628789262321555,0.5628789262321554,1.1102230246251565e-16,-1.991953268998259e-09,True,0,0
260-123286-0029,test-clean,260,True,True,True,1.0530114691702137,0.44866202903185304,0.44866202903185126,1.7763568394002505e-15,-3.025164119208057e-09,True,0,0
260-123286-0030,test-clean,260,True,True,True,1.0611125718407344,0.5152291999091719,0.5152291999091716,3.3306690738754696e-16,3.605563847486337e-09,True,0,0
260-123288-0008,test-clean,260,True,True,True,1.0764195287334382,0.6396313653392773,0.6396313653392767,6.661338147750939e-16,7.39181160724911e-10,True,0,0
260-123288-0012,test-clean,260,True,True,True,1.0441353089919367,0.3751356465200707,0.37513564652007503,-4.3298697960381105e-15,4.0542893486872345e-09,True,0,0
260-123288-0015,test-clean,260,True,True,True,1.0605154322304977,0.5103398518424643,0.5103398518424669,-2.55351295663786e-15,-4.0519765320823353e-10,True,0,0
260-123288-0016,test-clean,260,True,True,True,1.069595582437131,0.5843920113474574,0.5843920113474539,3.552713678800501e-15,1.5350565263361204e-10,True,0,0
260-123288-0017,test-clean,260,True,True,True,1.0671014900875149,0.5641145269877502,0.5641145269877477,2.55351295663786e-15,-1.870674282145046e-09,True,0,0
260-123288-0018,test-clean,260,True,True,True,1.0619456850598967,0.5220460923100946,0.5220460923100951,-5.551115123125783e-16,-2.2008492805980495e-09,True,0,0
260-123288-0020,test-clean,260,True,True,True,1.0458245603336922,0.3891767332758572,0.38917673327585334,3.885780586188048e-15,-2.1913955094987614e-09,True,0,0
260-123288-0022,test-clean,260,True,True,True,1.0659836377758118,0.5550107715181433,0.5550107715181412,2.1094237467877974e-15,-2.703242074630907e-09,True,0,0
260-123288-0024,test-clean,260,True,True,True,1.0726153561260212,0.6088802051991092,0.6088802051991102,-9.992007221626409e-16,-8.018545827326307e-10,True,0,0
260-123288-0025,test-clean,260,True,True,True,1.0753972673440115,0.631378571426721,0.6313785714267226,-1.5543122344752192e-15,-1.7529622198253492e-09,True,0,0
260-123440-0003,test-clean,260,True,True,True,1.0699072801641758,0.5869228535576045,0.5869228535576063,-1.7763568394002505e-15,1.5890542215402093e-09,True,0,0
260-123440-0008,test-clean,260,True,True,True,1.0708391433109508,0.5944847589501743,0.5944847589501769,-2.6645352591003757e-15,-1.9446630972197454e-09,True,0,0
260-123440-0014,test-clean,260,True,True,True,1.0360956299850417,0.3079968390356327,0.30799683903563135,1.3322676295501878e-15,-5.38893374368854e-10,True,0,0
260-123440-0016,test-clean,260,True,True,True,1.0499537341038658,0.4234032487114967,0.42340324871149804,-1.3322676295501878e-15,2.233768725545815e-09,True,0,0
260-123440-0019,test-clean,260,True,True,True,1.0689667218365104,0.5792837066501929,0.5792837066501875,5.440092820663267e-15,-1.0395595495538146e-10,True,0,0
260-123440-0020,test-clean,260,True,True,True,1.0366081851551803,0.31229267493796686,0.3122926749379644,2.4424906541753444e-15,3.3332128168694908e-09,True,0,0
672-122797-0005,test-clean,672,True,True,True,1.1244789467453018,1.0190265738601494,1.019026573860156,-6.661338147750939e-15,-5.048473639135409e-09,True,0,0
672-122797-0011,test-clean,672,True,True,True,1.0877034846402178,0.7302103974008314,0.7302103974008283,3.1086244689504383e-15,3.6882639165014552e-09,True,0,0
672-122797-0012,test-clean,672,True,True,True,1.0900084752902182,0.7485974956466825,0.7485974956466812,1.3322676295501878e-15,1.5056045299388643e-09,True,0,0
672-122797-0014,test-clean,672,True,True,True,1.086731393312609,0.7224442613460437,0.7224442613460482,-4.551914400963142e-15,-1.7232011373380374e-09,True,0,0
672-122797-0016,test-clean,672,True,True,True,1.0609018726431765,0.5135043200549482,0.513504320054949,-7.771561172376096e-16,-7.364349130511982e-10,True,0,0
672-122797-0017,test-clean,672,True,True,True,1.052331322061363,0.4430499425295966,0.44304994252959773,-1.1102230246251565e-15,-2.050665415254116e-09,True,0,0
672-122797-0019,test-clean,672,True,True,True,1.07145403925232,0.5994709284210645,0.5994709284210664,-1.887379141862766e-15,-1.730136034439056e-09,True,0,0
672-122797-0023,test-clean,672,True,True,True,1.0885762760839388,0.7371773055166558,0.7371773055166564,-5.551115123125783e-16,4.293717381642637e-09,True,0,0
672-122797-0030,test-clean,672,True,True,True,1.1073987551177689,0.8860806192815662,0.8860806192815573,8.881784197001252e-15,4.5529873204941396e-09,True,0,0
672-122797-0032,test-clean,672,True,True,True,1.1354976797610083,1.103725022669104,1.1037250226691029,1.1102230246251565e-15,-2.551111322190991e-09,True,0,0
672-122797-0038,test-clean,672,True,True,True,1.0809850027672114,0.6763933747068213,0.6763933747068265,-5.218048215738236e-15,-1.8347670049934095e-09,True,0,0
672-122797-0039,test-clean,672,True,True,True,1.0409585451853678,0.34866869288655006,0.3486686928865481,1.942890293094024e-15,5.026883798109338e-09,True,0,0
672-122797-0041,test-clean,672,True,True,True,1.0883776317439375,0.7355921522315432,0.7355921522315363,6.8833827526759706e-15,-2.745309757301584e-09,True,0,0
672-122797-0042,test-clean,672,True,True,True,1.085594700889514,0.7133542947274242,0.7133542947274236,5.551115123125783e-16,-8.605596235611301e-10,True,0,0
672-122797-0043,test-clean,672,True,True,True,1.051033932527104,0.43233474818404843,0.43233474818404716,1.27675647831893e-15,1.9894095260042377e-09,True,0,0
672-122797-0047,test-clean,672,True,True,True,1.0731652922114177,0.6133323697332861,0.613332369733282,4.107825191113079e-15,-2.2900472629316937e-09,True,0,0
672-122797-0048,test-clean,672,True,True,True,1.0550024012805777,0.4650689625646095,0.4650689625646116,-2.1094237467877974e-15,9.89189175015781e-10,True,0,0
672-122797-0049,test-clean,672,True,True,True,1.0333108531098893,0.28461981823040644,0.28461981823040716,-7.216449660063518e-16,-9.745413365180866e-09,True,0,0
672-122797-0052,test-clean,672,True,True,True,1.068144995712779,0.5726042029849671,0.5726042029849658,1.2212453270876722e-15,-6.869065316550405e-10,True,0,0
672-122797-0053,test-clean,672,True,True,True,1.0854987769345723,0.7125867691507302,0.7125867691507324,-2.220446049250313e-15,-2.47401743536102e-09,True,0,0
672-122797-0057,test-clean,672,True,True,True,1.0844393953582177,0.7041057236487215,0.7041057236487198,1.6653345369377348e-15,-3.7756784365683416e-09,True,0,0
672-122797-0059,test-clean,672,True,True,True,1.0820369096543834,0.6848415072008189,0.6848415072008187,2.220446049250313e-16,2.913274954607914e-09,True,0,0
672-122797-0060,test-clean,672,True,True,True,1.1026095130037183,0.8484347025928964,0.8484347025928969,-4.440892098500626e-16,-8.882125257514417e-09,True,0,0
672-122797-0062,test-clean,672,True,True,True,1.1165674873918645,0.9576995551551342,0.9576995551551342,0.0,3.350390187506491e-09,True,0,0
672-122797-0063,test-clean,672,True,True,True,1.1096188708225332,0.903476679841088,0.9034766798410878,2.220446049250313e-16,2.531855614051892e-09,True,0,0
672-122797-0065,test-clean,672,True,True,True,1.0889053995244993,0.739803026720927,0.7398030267209315,-4.440892098500626e-15,-2.4093687045478873e-09,True,0,0
672-122797-0066,test-clean,672,True,True,True,1.1018306695133673,0.8422971362958876,0.8422971362958904,-2.7755575615628914e-15,1.4502177236863645e-11,True,0,0
672-122797-0069,test-clean,672,True,True,True,1.096883039196935,0.8032064231544588,0.8032064231544602,-1.4432899320127035e-15,6.187548251546104e-10,True,0,0
672-122797-0070,test-clean,672,True,True,True,1.085849742490555,0.7153946538226791,0.7153946538226776,1.4432899320127035e-15,-7.442295668624865e-10,True,0,0
672-122797-0072,test-clean,672,True,True,True,1.1075796909771243,0.8874996749949038,0.8874996749949062,-2.4424906541753444e-15,-3.3077327543651336e-09,True,0,0
908-157963-0001,test-clean,908,True,True,True,1.0512363083344107,0.43400704882260893,0.43400704882260754,1.3877787807814457e-15,-1.8147865432638355e-09,True,0,0
908-157963-0002,test-clean,908,True,True,True,1.0743377038858317,0.6228163513105687,0.622816351310572,-3.3306690738754696e-15,9.893241781355755e-11,True,0,0
908-157963-0006,test-clean,908,True,True,True,1.0719701303022358,0.6036536842685184,0.6036536842685187,-3.3306690738754696e-16,-3.8386325229566864e-09,True,0,0
908-157963-0008,test-clean,908,True,True,True,1.057133925186934,0.4826002056616752,0.4826002056616723,2.942091015256665e-15,-7.700009518885054e-10,True,0,0
908-157963-0009,test-clean,908,True,True,True,1.0765829783904035,0.6409501800455406,0.6409501800455395,1.1102230246251565e-15,1.104854874256489e-09,True,0,0
908-157963-0014,test-clean,908,True,True,True,1.0496916299490884,0.42123468461693336,0.4212346846169268,6.5503158452884236e-15,1.2107221891710651e-09,True,0,0
908-157963-0018,test-clean,908,True,True,True,1.0644940050451561,0.5428643989412328,0.5428643989412301,2.7755575615628914e-15,2.2596502446958766e-09,True,0,0
908-157963-0019,test-clean,908,True,True,True,1.0530919048150758,0.4493254866220243,0.4493254866220262,-1.887379141862766e-15,-4.31002789014201e-09,True,0,0
908-157963-0020,test-clean,908,True,True,True,1.0462385189652523,0.39261410480729947,0.39261410480730063,-1.1657341758564144e-15,-9.914380427744618e-10,True,0,0
908-157963-0021,test-clean,908,True,True,True,1.0633613018726753,0.5336170261089057,0.533617026108903,2.6645352591003757e-15,-1.205684441174526e-09,True,0,0
908-157963-0022,test-clean,908,True,True,True,1.067448389533929,0.5669377267286915,0.566937726728689,2.4424906541753444e-15,3.1273046374735713e-09,True,0,0
908-157963-0023,test-clean,908,True,True,True,1.0625034127751083,0.5266066736849531,0.5266066736849488,4.218847493575595e-15,-1.4901253564403305e-09,True,0,0
908-157963-0025,test-clean,908,True,True,True,1.066338574164224,0.5579023967232752,0.5579023967232821,-6.8833827526759706e-15,2.714195090902649e-09,True,0,0
908-157963-0026,test-clean,908,True,True,True,1.082880227483206,0.6916084784033718,0.6916084784033707,1.1102230246251565e-15,2.19551665736617e-09,True,0,0
908-157963-0028,test-clean,908,True,True,True,1.0545509119992365,0.46135103222770973,0.4613510322277108,-1.0547118733938987e-15,-2.348308214550343e-10,True,0,0
908-157963-0030,test-clean,908,True,True,True,1.062910118873521,0.5299308308679724,0.5299308308679755,-3.1086244689504383e-15,9.603695616533514e-11,True,0,0
908-31957-0001,test-clean,908,True,True,True,1.0683439759922555,0.5742221104729718,0.5742221104729737,-1.887379141862766e-15,-3.6495926281077118e-09,True,0,0
908-31957-0002,test-clean,908,True,True,True,1.0983843215148068,0.8150865019046252,0.8150865019046236,1.5543122344752192e-15,-7.32706695316665e-09,True,0,0
908-31957-0003,test-clean,908,True,True,True,1.0753397465811592,0.6309139688324316,0.6309139688324308,7.771561172376096e-16,-2.9085427399877517e-09,True,0,0
908-31957-0004,test-clean,908,True,True,True,1.0687102262761443,0.5771993017613696,0.5771993017613681,1.4432899320127035e-15,-2.4706636736482324e-09,True,0,0
908-31957-0005,test-clean,908,True,True,True,1.137024538896006,1.115396751839612,1.1153967518396115,4.440892098500626e-16,-6.377476324814779e-11,True,0,0
908-31957-0007,test-clean,908,True,True,True,1.0463609388231994,0.39363037705461457,0.39363037705461323,1.3322676295501878e-15,1.0521361559767684e-09,True,0,0
908-31957-0009,test-clean,908,True,True,True,1.0863494270303373,0.719390792762286,0.7193907927622867,-6.661338147750939e-16,-8.007106089280569e-10,True,0,0
908-31957-0012,test-clean,908,True,True,True,1.0603585604479402,0.50905493722914,0.5090549372291413,-1.3322676295501878e-15,-3.0605384893078735e-09,True,0,0
908-31957-0015,test-clean,908,True,True,True,1.0774999946227257,0.648345533308367,0.6483455333083725,-5.551115123125783e-15,-1.2083987144251296e-09,True,0,0
908-31957-0017,test-clean,908,True,True,True,1.0764962239843323,0.640250215830265,0.6402502158302639,1.1102230246251565e-15,-1.5737349201572215e-09,True,0,0
908-31957-0019,test-clean,908,True,True,True,1.0881507025570156,0.7337809358560533,0.7337809358560534,-1.1102230246251565e-16,2.0821069313115004e-09,True,0,0
908-31957-0020,test-clean,908,True,True,True,1.0767113451237034,0.6419857832770975,0.6419857832770965,9.992007221626409e-16,7.417746417104354e-10,True,0,0
908-31957-0021,test-clean,908,True,True,True,1.0528077723002036,0.4469816487758441,0.4469816487758429,1.2212453270876722e-15,-3.221600763936294e-11,True,0,0
908-31957-0023,test-clean,908,True,True,True,1.0750967387952546,0.6289508893991201,0.628950889399114,6.106226635438361e-15,-2.510383012577222e-10,True,0,0
1089-134686-0000,test-clean,1089,True,True,True,1.0652842789659167,0.5493103585287948,0.5493103585287962,-1.3322676295501878e-15,5.532889701953536e-10,True,0,0
1089-134686-0001,test-clean,1089,True,True,True,1.0315595291389985,0.26988590513830474,0.269885905138306,-1.27675647831893e-15,-2.7903013233299134e-11,True,0,0
1089-134686-0003,test-clean,1089,True,True,True,1.073353943515262,0.6148591246602528,0.6148591246602528,0.0,-5.125780688786108e-09,True,0,0
1089-134686-0006,test-clean,1089,True,True,True,1.0617533172861906,0.5204725310332322,0.5204725310332314,7.771561172376096e-16,-5.109292544602795e-09,True,0,0
1089-134686-0007,test-clean,1089,True,True,True,1.075139486361143,0.6292962473977508,0.6292962473977504,4.440892098500626e-16,-2.836927137650491e-09,True,0,0
1089-134686-0008,test-clean,1089,True,True,True,1.0693788826135064,0.582632073779445,0.5826320737794468,-1.7763568394002505e-15,-3.0691076347011403e-09,True,0,0
1089-134686-0012,test-clean,1089,True,True,True,1.0627178956776107,0.5283598791692975,0.5283598791692974,1.1102230246251565e-16,1.21150733889408e-09,True,0,0
1089-134686-0014,test-clean,1089,True,True,True,1.050143442369159,0.4249724952003795,0.42497249520037883,6.661338147750939e-16,6.350088455064906e-09,True,0,0
1089-134686-0015,test-clean,1089,True,True,True,1.0634188209139805,0.5340868481084944,0.5340868481084975,-3.1086244689504383e-15,-1.1164189572809846e-09,True,0,0
1089-134686-0018,test-clean,1089,True,True,True,1.0684291127335297,0.5749142647715683,0.5749142647715644,3.885780586188048e-15,8.640022031158878e-10,True,0,0
1089-134686-0019,test-clean,1089,True,True,True,1.0585390430223334,0.4941376222894897,0.494137622289486,3.7192471324942744e-15,-6.531735152748297e-10,True,0,0
1089-134686-0023,test-clean,1089,True,True,True,1.0636492405045277,0.5359686864737742,0.5359686864737725,1.6653345369377348e-15,-7.225153808576579e-10,True,0,0
1089-134686-0025,test-clean,1089,True,True,True,1.0861735741603373,0.7179846501126057,0.717984650112605,6.661338147750939e-16,4.630962280316453e-11,True,0,0
1089-134686-0026,test-clean,1089,True,True,True,1.0552311679890114,0.4669522065988619,0.46695220659885806,3.83026943495679e-15,5.3966857649356825e-09,True,0,0
1089-134686-0029,test-clean,1089,True,True,True,1.0919739651511295,0.7642456808177964,0.7642456808177975,-1.1102230246251565e-15,2.2953798861635732e-09,True,0,0
1089-134686-0030,test-clean,1089,True,True,True,1.0531204419414442,0.4495608573154119,0.4495608573154115,3.885780586188048e-16,-7.1246830657401006e-09,True,0,0
1089-134686-0034,test-clean,1089,True,True,True,1.0691858651768806,0.581064173477115,0.5810641734771167,-1.6653345369377348e-15,-4.269494979780575e-09,True,0,0
1089-134686-0035,test-clean,1089,True,True,True,1.0603085935393577,0.508645625421045,0.5086456254210461,-1.1102230246251565e-15,-1.454480980100925e-09,True,0,0
1089-134686-0036,test-clean,1089,True,True,True,1.0743060553176866,0.6225604727183607,0.6225604727183622,-1.5543122344752192e-15,-1.6926051671362075e-09,True,0,0
1089-134691-0000,test-clean,1089,True,True,True,1.0439279422410364,0.3734104452190252,0.3734104452190259,-6.661338147750939e-16,1.008867656082657e-09,True,0,0
1089-134691-0003,test-clean,1089,True,True,True,1.0963203382808164,0.7987494191081597,0.7987494191081623,-2.6645352591003757e-15,1.0207763523339963e-09,True,0,0
1089-134691-0004,test-clean,1089,True,True,True,1.063556280857394,0.5352095334646243,0.535209533464613,1.1324274851176597e-14,-3.857660857420342e-09,True,0,0
1089-134691-0006,test-clean,1089,True,True,True,1.0825226253953895,0.6887396428947987,0.6887396428947987,0.0,-1.435587648757064e-09,True,0,0
1089-134691-0007,test-clean,1089,True,True,True,1.0687376272302775,0.5774219988093481,0.5774219988093456,2.4424906541753444e-15,-1.049400566444092e-09,True,0,0
1089-134691-0010,test-clean,1089,True,True,True,1.062977737969499,0.5304833830671836,0.5304833830671818,1.7763568394002505e-15,4.882981130549524e-09,True,0,0
1089-134691-0011,test-clean,1089,True,True,True,1.0652318285584415,0.5488826889615152,0.5488826889615162,-9.992007221626409e-16,4.759996841130487e-10,True,0,0
1089-134691-0012,test-clean,1089,True,True,True,1.0542529388516746,0.4588964066910487,0.4588964066910499,-1.2212453270876722e-15,8.388347794152651e-10,True,0,0
1089-134691-0021,test-clean,1089,True,True,True,1.0686429393450334,0.5766524133319727,0.5766524133319777,-4.9960036108132044e-15,2.8135964669218083e-09,True,0,0
1089-134691-0022,test-clean,1089,True,True,True,1.0448123388523751,0.38076585641203553,0.3807658564120331,2.4424906541753444e-15,3.742783860616328e-09,True,0,0
1089-134691-0023,test-clean,1089,True,True,True,1.0709862134862167,0.5956776062655397,0.5956776062655393,3.3306690738754696e-16,-5.1685802304746176e-09,True,0,0
1188-133604-0000,test-clean,1188,True,True,True,1.0781990284083325,0.6539787227870553,0.6539787227870555,-2.220446049250313e-16,1.9870256551257626e-09,True,0,0
1188-133604-0001,test-clean,1188,True,True,True,1.0835871999236462,0.697277324133619,0.6972773241336157,3.3306690738754696e-15,-2.418722999664169e-09,True,0,0
1188-133604-0005,test-clean,1188,True,True,True,1.0748300735883765,0.6267961885453127,0.6267961885453062,6.5503158452884236e-15,2.9835511838882667e-09,True,0,0
1188-133604-0006,test-clean,1188,True,True,True,1.0765594269765042,0.6407601647623451,0.6407601647623409,4.218847493575595e-15,-5.3620325957126624e-09,True,0,0
1188-133604-0007,test-clean,1188,True,True,True,1.1017552297833004,0.8417024136938314,0.8417024136938274,3.9968028886505635e-15,9.947598300641403e-10,True,0,0
1188-133604-0009,test-clean,1188,True,True,True,1.0821138016766823,0.6854587244921285,0.6854587244921291,-5.551115123125783e-16,-1.4792043145916978e-09,True,0,0
1188-133604-0010,test-clean,1188,True,True,True,1.0629621094060058,0.5303556767467317,0.5303556767467335,-1.7763568394002505e-15,-3.03478131513657e-09,True,0,0
1188-133604-0012,test-clean,1188,True,True,True,1.0866829849456583,0.722057340437478,0.7220573404374768,1.2212453270876722e-15,1.4595471498068946e-09,True,0,0
1188-133604-0013,test-clean,1188,True,True,True,1.0911086444002325,0.7573599304530949,0.7573599304530987,-3.774758283725532e-15,-1.6902426125398051e-09,True,0,0
1188-133604-0016,test-clean,1188,True,True,True,1.073538490184978,0.6163524011607546,0.6163524011607571,-2.4424906541753444e-15,1.4067076392620947e-09,True,0,0
1188-133604-0017,test-clean,1188,True,True,True,1.0840044617741142,0.7006213953368359,0.7006213953368352,6.661338147750939e-16,9.036718040533742e-10,True,0,0
1188-133604-0018,test-clean,1188,True,True,True,1.0942711274103025,0.7824988083145668,0.7824988083145641,2.6645352591003757e-15,2.008903265959816e-09,True,0,0
1188-133604-0019,test-clean,1188,True,True,True,1.1051871955796086,0.8687168929435224,0.868716892943528,-5.662137425588298e-15,4.5499959355765895e-10,True,0,0
1188-133604-0020,test-clean,1188,True,True,True,1.0755450867284249,0.6325724136131201,0.6325724136131221,-1.9984014443252818e-15,1.6813466174880887e-09,True,0,0
1188-133604-0021,test-clean,1188,True,True,True,1.085363606622998,0.7115051027870878,0.7115051027870898,-1.9984014443252818e-15,-1.3315748503828218e-09,True,0,0
1188-133604-0022,test-clean,1188,True,True,True,1.0803320185947456,0.6711449557345438,0.6711449557345475,-3.6637359812630166e-15,3.2101965530273446e-10,True,0,0
1188-133604-0024,test-clean,1188,True,True,True,1.0789922159323908,0.6603662321233944,0.6603662321233976,-3.219646771412954e-15,3.703704010149522e-11,True,0,0
1188-133604-0025,test-clean,1188,True,True,True,1.0873589176720622,0.7274584113610955,0.7274584113610949,5.551115123125783e-16,-1.518735359695711e-09,True,0,0
1188-133604-0026,test-clean,1188,True,True,True,1.0826257719939898,0.6895672258667024,0.6895672258667034,-9.992007221626409e-16,-1.6407071257162897e-09,True,0,0
1188-133604-0027,test-clean,1188,True,True,True,1.0840679320970343,0.701129954204051,0.7011299542040526,-1.5543122344752192e-15,-2.446572722192286e-09,True,0,0
1188-133604-0028,test-clean,1188,True,True,True,1.0947517058242566,0.786312611505406,0.786312611505398,7.993605777301127e-15,9.174527804134414e-10,True,0,0
1188-133604-0029,test-clean,1188,True,True,True,1.094187123331391,0.7818319917018351,0.7818319917018322,2.9976021664879227e-15,-2.813973054571761e-09,True,0,0
1188-133604-0032,test-clean,1188,True,True,True,1.0981520761657833,0.8132497397364956,0.8132497397364951,5.551115123125783e-16,-1.09472253484455e-09,True,0,0
1188-133604-0033,test-clean,1188,True,True,True,1.0962431980049163,0.7981382332407438,0.7981382332407456,-1.7763568394002505e-15,-1.5642314110664302e-09,True,0,0
1188-133604-0034,test-clean,1188,True,True,True,1.0853374643550042,0.7112958903278241,0.711295890327829,-4.884981308350689e-15,2.0225137120633008e-09,True,0,0
1188-133604-0035,test-clean,1188,True,True,True,1.11024302810949,0.9083610931073122,0.9083610931073203,-8.104628079763643e-15,-4.292431299290911e-09,True,0,0
1188-133604-0036,test-clean,1188,True,True,True,1.0713895167656617,0.5989478522525946,0.5989478522525999,-5.329070518200751e-15,-2.7427304871707747e-09,True,0,0
1188-133604-0038,test-clean,1188,True,True,True,1.0882338111197765,0.7344443037489355,0.7344443037489334,2.1094237467877974e-15,-5.493525634392427e-10,True,0,0
1188-133604-0042,test-clean,1188,True,True,True,1.098476235020123,0.815813312317343,0.8158133123173492,-6.217248937900877e-15,-7.783995670251898e-12,True,0,0
1188-133604-0043,test-clean,1188,True,True,True,1.0885070167704756,0.7366246589961233,0.7366246589961278,-4.551914400963142e-15,2.5854482998965977e-09,True,0,0
1221-135766-0001,test-clean,1221,True,True,True,1.0795672302213746,0.6649938654104591,0.6649938654104588,3.3306690738754696e-16,-5.248459444828768e-10,True,0,0
1221-135766-0002,test-clean,1221,True,True,True,1.0636336638919879,0.5358414850214628,0.5358414850214679,-5.10702591327572e-15,-6.257351969907177e-09,True,0,0
1221-135766-0003,test-clean,1221,True,True,True,1.0964849719215064,0.8000536750124843,0.800053675012478,6.217248937900877e-15,-5.117385626363102e-09,True,0,0
1221-135766-0004,test-clean,1221,True,True,True,1.0698771968267569,0.5866786228403593,0.5866786228403598,-4.440892098500626e-16,1.0355769575198792e-08,True,0,0
1221-135766-0005,test-clean,1221,True,True,True,1.0963318779533064,0.7988408447532908,0.7988408447532827,8.104628079763643e-15,-2.705753843201819e-09,True,0,0
1221-135766-0008,test-clean,1221,True,True,True,1.0927084743101714,0.7700862236982929,0.7700862236982928,1.1102230246251565e-16,-2.2800108467890823e-09,True,0,0
1221-135766-0009,test-clean,1221,True,True,True,1.072903136675434,0.6112102994076265,0.6112102994076309,-4.440892098500626e-15,2.396674858573533e-09,True,0,0
1221-135766-0011,test-clean,1221,True,True,True,1.0945223128269466,0.7844923895974153,0.7844923895974176,-2.3314683517128287e-15,9.99019533765022e-10,True,0,0
1221-135766-0013,test-clean,1221,True,True,True,1.1108930460373323,0.9134449636642784,0.9134449636642792,-7.771561172376096e-16,-1.1824035084373463e-09,True,0,0
1221-135766-0014,test-clean,1221,True,True,True,1.0837045615804721,0.6982180284891968,0.6982180284891939,2.886579864025407e-15,-5.157534843647227e-09,True,0,0
1221-135766-0015,test-clean,1221,True,True,True,1.0698224539113774,0.5862341764234135,0.5862341764234102,3.219646771412954e-15,-2.7319941864334396e-09,True,0,0
1221-135767-0001,test-clean,1221,True,True,True,1.103473763611101,0.8552402351482293,0.8552402351482371,-7.771561172376096e-15,1.3647216690060304e-09,True,0,0
1221-135767-0002,test-clean,1221,True,True,True,1.0753158047687095,0.6307205804113509,0.6307205804113529,-1.9984014443252818e-15,-4.608509129866434e-10,True,0,0
1221-135767-0003,test-clean,1221,True,True,True,1.091283793685853,0.7587541135906489,0.7587541135906584,-9.43689570931383e-15,3.6495606536846026e-10,True,0,0
1221-135767-0004,test-clean,1221,True,True,True,1.0738503139290225,0.6188749687005934,0.6188749687005917,1.7763568394002505e-15,-1.0057057409085246e-09,True,0,0
1221-135767-0005,test-clean,1221,True,True,True,1.0696852933937664,0.5851204986423425,0.5851204986423362,6.328271240363392e-15,-1.3746159766014898e-09,True,0,0
1221-135767-0006,test-clean,1221,True,True,True,1.0970016099511397,0.804145298848517,0.8041452988485176,-5.551115123125783e-16,2.258165210378138e-09,True,0,0
1221-135767-0007,test-clean,1221,True,True,True,1.0767109637856211,0.6419827070012707,0.6419827070012687,1.9984014443252818e-15,-2.4185737856896594e-09,True,0,0
1221-135767-0009,test-clean,1221,True,True,True,1.067335667161567,0.5660204497948333,0.5660204497948378,-4.440892098500626e-15,1.0188649923748017e-09,True,0,0
1221-135767-0010,test-clean,1221,True,True,True,1.101854830480857,0.8424875985893268,0.8424875985893294,-2.6645352591003757e-15,1.7715429123654758e-09,True,0,0
1221-135767-0013,test-clean,1221,True,True,True,1.0825011846096115,0.6885676057114976,0.6885676057114942,3.3306690738754696e-15,3.312159435608919e-10,True,0,0
1221-135767-0014,test-clean,1221,True,True,True,1.0629315272815762,0.530105774349804,0.5301057743497992,4.773959005888173e-15,-6.037375044343207e-10,True,0,0
1221-135767-0016,test-clean,1221,True,True,True,1.0800451986795625,0.6688386120793742,0.6688386120793695,4.773959005888173e-15,-3.121222391655465e-09,True,0,0
1221-135767-0017,test-clean,1221,True,True,True,1.069989355995389,0.5875891489292348,0.5875891489292329,1.887379141862766e-15,-7.459100004325592e-10,True,0,0
1221-135767-0018,test-clean,1221,True,True,True,1.0693470421870153,0.5823734502434933,0.582373450243491,2.3314683517128287e-15,5.947740078227071e-10,True,0,0
1221-135767-0020,test-clean,1221,True,True,True,1.1034748630219886,0.8552488890530117,0.8552488890530121,-4.440892098500626e-16,2.646149965812583e-09,True,0,0
1221-135767-0021,test-clean,1221,True,True,True,1.0784519465592135,0.6560159733033287,0.6560159733033295,-7.771561172376096e-16,-2.0209114381941617e-09,True,0,0
1221-135767-0022,test-clean,1221,True,True,True,1.075946756597897,0.6358156145655457,0.6358156145655478,-2.1094237467877974e-15,1.373294367112976e-09,True,0,0
1221-135767-0023,test-clean,1221,True,True,True,1.088338089189217,0.7352765738001981,0.7352765738001992,-1.1102230246251565e-15,2.1992470067289105e-09,True,0,0
1221-135767-0024,test-clean,1221,True,True,True,1.074411371558783,0.6234119250652816,0.6234119250652803,1.3322676295501878e-15,-1.983472941446962e-09,True,0,0
1284-1180-0001,test-clean,1284,True,True,True,1.0638144695836873,0.5373178625303712,0.5373178625303723,-1.1102230246251565e-15,-6.335199032037053e-11,True,0,0
1284-1180-0004,test-clean,1284,True,True,True,1.0730320030405531,0.6122534987160426,0.6122534987160435,-8.881784197001252e-16,-2.45097453444032e-09,True,0,0
1284-1180-0006,test-clean,1284,True,True,True,1.067529084459814,0.5675943212168861,0.5675943212168839,2.220446049250313e-15,1.3980070434627123e-09,True,0,0
1284-1180-0009,test-clean,1284,True,True,True,1.0738827734926604,0.6191375154659534,0.6191375154659546,-1.2212453270876722e-15,-7.020197756446578e-10,True,0,0
1284-1180-0010,test-clean,1284,True,True,True,1.0751884675127716,0.6296919497153428,0.6296919497153404,2.4424906541753444e-15,9.49654577198089e-10,True,0,0
1284-1180-0012,test-clean,1284,True,True,True,1.0478304577772848,0.40582036271873334,0.4058203627187389,-5.551115123125783e-15,1.6182752915483434e-09,True,0,0
1284-1180-0017,test-clean,1284,True,True,True,1.0539656464079106,0.4565291090177634,0.4565291090177652,-1.8318679906315083e-15,-4.958842225732951e-10,True,0,0
1284-1180-0018,test-clean,1284,True,True,True,1.047694148854856,0.40469036953724213,0.4046903695372457,-3.552713678800501e-15,-2.6832935873244423e-10,True,0,0
1284-1180-0019,test-clean,1284,True,True,True,1.0501885209596098,0.4253453387970988,0.4253453387971007,-1.887379141862766e-15,-4.2713921288850543e-10,True,0,0
1284-1180-0021,test-clean,1284,True,True,True,1.0590092436928462,0.497995018339974,0.4979950183399744,-3.885780586188048e-16,-1.7321966083727602e-09,True,0,0
1284-1180-0026,test-clean,1284,True,True,True,1.0634343743698316,0.5342138861206284,0.5342138861206323,-3.885780586188048e-15,6.863842827442568e-11,True,0,0
1284-1180-0027,test-clean,1284,True,True,True,1.0437125391450568,0.3716180221052779,0.37161802210527384,4.052314039881821e-15,-4.3293368889862904e-10,True,0,0
1284-1180-0028,test-clean,1284,True,True,True,1.0640475047609792,0.5392203523198792,0.5392203523198802,-9.992007221626409e-16,1.3808048038299603e-09,True,0,0
1284-1180-0032,test-clean,1284,True,True,True,1.0833906770815827,0.6957018805258963,0.6957018805258919,4.440892098500626e-15,3.0113724847069534e-09,True,0,0
1284-1181-0000,test-clean,1284,True,True,True,1.052682478860933,0.4459478895489255,0.4459478895489255,0.0,-3.2467220023590926e-09,True,0,0
1284-1181-0001,test-clean,1284,True,True,True,1.059193222953641,0.49950386707765315,0.49950386707765304,1.1102230246251565e-16,-3.8486547282445827e-10,True,0,0
1284-1181-0002,test-clean,1284,True,True,True,1.05876461160253,0.4959883382191918,0.49598833821919186,-5.551115123125783e-17,-3.5701717138181266e-09,True,0,0
1284-1181-0005,test-clean,1284,True,True,True,1.0493701280993784,0.41857394383963636,0.4185739438396361,2.7755575615628914e-16,-1.4489920374671783e-09,True,0,0
1284-1181-0006,test-clean,1284,True,True,True,1.054715163162124,0.4627037942082395,0.46270379420823815,1.3322676295501878e-15,8.130704998166038e-10,True,0,0
1284-1181-0007,test-clean,1284,True,True,True,1.027090586942892,0.23217498050389185,0.23217498050389196,-1.1102230246251565e-16,3.6016558624396566e-09,True,0,0
1284-1181-0009,test-clean,1284,True,True,True,1.0534147515862458,0.45198791490139667,0.4519879149013981,-1.4432899320127035e-15,3.030038442375371e-10,True,0,0
1284-1181-0013,test-clean,1284,True,True,True,1.0671065409373122,0.5641556393097733,0.5641556393097744,-1.1102230246251565e-15,-1.300016094774037e-09,True,0,0
1284-1181-0017,test-clean,1284,True,True,True,1.0496248038388005,0.42068170059817805,0.4206817005981769,1.1657341758564144e-15,1.6654659873438504e-09,True,0,0
1284-1181-0018,test-clean,1284,True,True,True,1.049699410730795,0.4212990680594585,0.4212990680594615,-2.9976021664879227e-15,4.517445972851419e-09,True,0,0
1284-1181-0020,test-clean,1284,True,True,True,1.047605137636308,0.4039523922694539,0.40395239226945634,-2.4424906541753444e-15,-7.58877405360181e-10,True,0,0
1284-134647-0001,test-clean,1284,True,True,True,1.0782318036888432,0.654242753949249,0.6542427539492479,1.1102230246251565e-15,-5.2157389518470154e-11,True,0,0
1284-134647-0004,test-clean,1284,True,True,True,1.064616791666738,0.5438662359963264,0.543866235996326,4.440892098500626e-16,2.137102939059332e-09,True,0,0
1284-134647-0005,test-clean,1284,True,True,True,1.0524867116229637,0.4443324254462411,0.4443324254462375,3.552713678800501e-15,3.441513740654045e-10,True,0,0
1284-134647-0006,test-clean,1284,True,True,True,1.0589000440824607,0.49709932769765697,0.4970993276976614,-4.440892098500626e-15,-4.936211439598992e-10,True,0,0
1284-134647-0007,test-clean,1284,True,True,True,1.0638691867514043,0.5377646087172745,0.5377646087172714,3.1086244689504383e-15,2.3133956972287706e-09,True,0,0
1320-122612-0001,test-clean,1320,True,True,True,1.0649978081812754,0.5469742795184744,0.54697427951848,-5.551115123125783e-15,-2.1311095110831957e-09,True,0,0
1320-122612-0002,test-clean,1320,True,True,True,1.0668338557126538,0.5619357893234065,0.5619357893234032,3.3306690738754696e-15,-3.1067557415553892e-09,True,0,0
1320-122612-0004,test-clean,1320,True,True,True,1.07720262753109,0.6459480815859973,0.6459480815859955,1.7763568394002505e-15,-1.7906742755258165e-10,True,0,0
1320-122612-0005,test-clean,1320,True,True,True,1.067310049963146,0.5658119766448894,0.5658119766448877,1.6653345369377348e-15,-9.701288661290164e-10,True,0,0
1320-122612-0006,test-clean,1320,True,True,True,1.0940775984501516,0.780962516430044,0.7809625164300442,-2.220446049250313e-16,1.150727513277161e-09,True,0,0
1320-122612-0007,test-clean,1320,True,True,True,1.0709367578194648,0.5952765027065279,0.595276502706529,-1.1102230246251565e-15,3.4858160802286875e-10,True,0,0
1320-122612-0008,test-clean,1320,True,True,True,1.0868891730585872,0.7237052518650868,0.7237052518650913,-4.440892098500626e-15,-1.252839609833245e-09,True,0,0
1320-122612-0011,test-clean,1320,True,True,True,1.0745402001429039,0.6244533546442235,0.6244533546442241,-6.661338147750939e-16,-1.5509193929119647e-09,True,0,0
1320-122612-0013,test-clean,1320,True,True,True,1.081021538156871,0.676686937521263,0.6766869375212607,2.220446049250313e-15,5.513491885267285e-10,True,0,0
1320-122612-0014,test-clean,1320,True,True,True,1.0929654143497378,0.7721283882216776,0.7721283882216845,-6.8833827526759706e-15,-2.4406361376350105e-09,True,0,0
1320-122612-0015,test-clean,1320,True,True,True,1.0763396888779297,0.6389870943327386,0.6389870943327374,1.2212453270876722e-15,-4.9400483703720965e-11,True,0,0
1320-122617-0000,test-clean,1320,True,True,True,1.0843711931280393,0.7035594361603266,0.7035594361603259,6.661338147750939e-16,-1.4300027828539896e-09,True,0,0
1320-122617-0002,test-clean,1320,True,True,True,1.0727927638934622,0.6103167097765474,0.6103167097765443,3.1086244689504383e-15,1.0242473535981844e-09,True,0,0
1320-122617-0005,test-clean,1320,True,True,True,1.0945651246555421,0.7848321282593482,0.7848321282593496,-1.3322676295501878e-15,5.62810242854539e-10,True,0,0
1320-122617-0008,test-clean,1320,True,True,True,1.0769713574173323,0.644083063526699,0.6440830635267005,-1.5543122344752192e-15,-3.704403894744246e-09,True,0,0
1320-122617-0010,test-clean,1320,True,True,True,1.0807362458137806,0.674394342264357,0.6743943422643568,2.220446049250313e-16,1.8253594191719458e-09,True,0,0
1320-122617-0015,test-clean,1320,True,True,True,1.0781801481222226,0.6538266233017009,0.653826623301704,-3.1086244689504383e-15,-4.969749056726869e-10,True,0,0
1320-122617-0019,test-clean,1320,True,True,True,1.0799215559045954,0.6678442009415154,0.6678442009415129,2.55351295663786e-15,-6.268052743507724e-10,True,0,0
1320-122617-0021,test-clean,1320,True,True,True,1.083023111505731,0.6927544897051275,0.6927544897051305,-2.9976021664879227e-15,-2.169656454498181e-09,True,0,0
1320-122617-0024,test-clean,1320,True,True,True,1.0784639362310244,0.6561125380020063,0.6561125380020094,-3.1086244689504383e-15,1.4707275397540798e-09,True,0,0
1320-122617-0026,test-clean,1320,True,True,True,1.0849808550675393,0.7084414989558439,0.708441498955839,4.884981308350689e-15,5.7706728284756537e-11,True,0,0
1320-122617-0028,test-clean,1320,True,True,True,1.0765480263885296,0.64066818212692,0.6406681821269231,-3.1086244689504383e-15,2.3994672915250703e-10,True,0,0
1320-122617-0029,test-clean,1320,True,True,True,1.0955282425045618,0.7924715613627443,0.792471561362742,2.3314683517128287e-15,-3.2188403054078663e-09,True,0,0
1320-122617-0031,test-clean,1320,True,True,True,1.0823206740557356,0.6871190849042728,0.6871190849042712,1.5543122344752192e-15,-2.599229276256665e-09,True,0,0
1320-122617-0033,test-clean,1320,True,True,True,1.0812698411669692,0.6786817959132585,0.6786817959132563,2.220446049250313e-15,-8.814993179839803e-11,True,0,0
1320-122617-0034,test-clean,1320,True,True,True,1.0687150219282526,0.5772382780998314,0.5772382780998306,7.771561172376096e-16,-9.55676426883656e-10,True,0,0
1320-122617-0035,test-clean,1320,True,True,True,1.0813746700177354,0.6795238500045747,0.6795238500045748,-1.1102230246251565e-16,6.887717063364107e-10,True,0,0
1320-122617-0036,test-clean,1320,True,True,True,1.0868865719359433,0.7236844649331575,0.7236844649331573,2.220446049250313e-16,-5.715250495086366e-11,True,0,0
1320-122617-0038,test-clean,1320,True,True,True,1.0993252215912048,0.8225238402453549,0.8225238402453527,2.1094237467877974e-15,-9.798739597499662e-10,True,0,0
1320-122617-0039,test-clean,1320,True,True,True,1.0811054858015492,0.6773614214616941,0.6773614214616934,6.661338147750939e-16,1.677655347975815e-09,True,0,0
1580-141083-0004,test-clean,1580,True,True,True,1.0823084616303593,0.6870210766336788,0.6870210766336804,-1.5543122344752192e-15,-1.0784138027020163e-08,True,0,0
1580-141083-0010,test-clean,1580,True,True,True,1.0569870865732431,0.48139362951198283,0.48139362951198805,-5.218048215738236e-15,1.9743957579976268e-09,True,0,0
1580-141083-0014,test-clean,1580,True,True,True,1.0494305986686725,0.41907445890491757,0.41907445890491957,-1.9984014443252818e-15,1.4003113335547823e-08,True,0,0
1580-141083-0016,test-clean,1580,True,True,True,1.0604753745239641,0.5100117628973939,0.510011762897399,-5.10702591327572e-15,1.602984411874786e-09,True,0,0
1580-141083-0017,test-clean,1580,True,True,True,1.1354877548787046,1.1036491028229904,1.1036491028229847,5.773159728050814e-15,-6.5566041484999005e-09,True,0,0
1580-141083-0020,test-clean,1580,True,True,True,1.0736973023626553,0.6176372391424871,0.6176372391424856,1.5543122344752192e-15,2.752980066134114e-09,True,0,0
1580-141083-0022,test-clean,1580,True,True,True,1.0952017441145305,0.7898825348545607,0.7898825348545628,-2.1094237467877974e-15,-2.5729676167429716e-09,True,0,0
1580-141083-0024,test-clean,1580,True,True,True,1.0555685940717965,0.46972920685603425,0.4697292068560337,5.551115123125783e-16,6.930811480287957e-10,True,0,0
1580-141083-0027,test-clean,1580,True,True,True,1.0527902047833302,0.44683671178935225,0.44683671178935214,1.1102230246251565e-16,2.7998474649848504e-09,True,0,0
1580-141083-0039,test-clean,1580,True,True,True,1.1143484581477139,0.9404203299890429,0.9404203299890455,-2.55351295663786e-15,-2.8721309774937254e-09,True,0,0
1580-141083-0040,test-clean,1580,True,True,True,1.0287172679269712,0.2459205982369052,0.24592059823689993,5.2735593669694936e-15,3.571805962110375e-09,True,0,0
1580-141083-0043,test-clean,1580,True,True,True,1.105972846410077,0.8748892880348647,0.8748892880348649,-2.220446049250313e-16,-7.286264036565626e-09,True,0,0
1580-141083-0046,test-clean,1580,True,True,True,1.1034546083698602,0.8550894551650418,0.8550894551650394,2.3314683517128287e-15,-5.8665179381023336e-09,True,0,0
1580-141083-0048,test-clean,1580,True,True,True,1.1383084776379992,1.125199406060014,1.1251994060600126,1.3322676295501878e-15,5.53095347299859e-09,True,0,0
1580-141083-0053,test-clean,1580,True,True,True,1.102148396340186,0.8448014615090206,0.8448014615090251,-4.551914400963142e-15,-4.566278022366532e-09,True,0,0
1580-141084-0003,test-clean,1580,True,True,True,1.1310862587165842,1.0699145256734526,1.0699145256734504,2.220446049250313e-15,3.450526975257162e-09,True,0,0
1580-141084-0011,test-clean,1580,True,True,True,1.103864619432452,0.8583162751339526,0.8583162751339479,4.6629367034256575e-15,3.85277942882567e-09,True,0,0
1580-141084-0017,test-clean,1580,True,True,True,1.0490524690609955,0.41594420531629284,0.41594420531628984,2.9976021664879227e-15,-5.210640807717937e-09,True,0,0
1580-141084-0018,test-clean,1580,True,True,True,1.0344143956464737,0.293891117306062,0.2938911173060603,1.6653345369377348e-15,3.0982754140040925e-09,True,0,0
1580-141084-0020,test-clean,1580,True,True,True,1.1170008400727796,0.96106999478909,0.9610699947890957,-5.662137425588298e-15,7.783761191149097e-09,True,0,0
1580-141084-0021,test-clean,1580,True,True,True,1.0806559584673665,0.6737490479681851,0.6737490479681831,1.9984014443252818e-15,1.9574315501813544e-09,True,0,0
1580-141084-0023,test-clean,1580,True,True,True,1.0885520735823873,0.7369841885077456,0.7369841885077477,-2.1094237467877974e-15,8.349481106506573e-10,True,0,0
1580-141084-0025,test-clean,1580,True,True,True,1.0550028310088846,0.46507250053938914,0.46507250053938876,3.885780586188048e-16,3.1721754112368217e-09,True,0,0
1580-141084-0026,test-clean,1580,True,True,True,1.0720002965866613,0.6038981102307815,0.6038981102307801,1.4432899320127035e-15,-1.375113356516522e-10,True,0,0
1580-141084-0032,test-clean,1580,True,True,True,1.0486254757090745,0.4124080884481677,0.4124080884481671,5.551115123125783e-16,3.42390649166191e-09,True,0,0
1580-141084-0034,test-clean,1580,True,True,True,1.0465632642690625,0.3953097274072149,0.3953097274072235,-8.604228440844963e-15,-1.523790871260644e-09,True,0,0
1580-141084-0035,test-clean,1580,True,True,True,1.0416198499199818,0.3541849511446292,0.35418495114463155,-2.3314683517128287e-15,-1.925631210042411e-09,True,0,0
1580-141084-0042,test-clean,1580,True,True,True,1.0821501400489941,0.6857503997221892,0.6857503997221919,-2.6645352591003757e-15,-4.503480255380055e-09,True,0,0
1580-141084-0044,test-clean,1580,True,True,True,1.072618022887385,0.6089018002340579,0.608901800234058,-1.1102230246251565e-16,1.1988348092017986e-09,True,0,0
1580-141084-0045,test-clean,1580,True,True,True,1.0285302752348535,0.24434159730750307,0.24434159730749982,3.247402347028583e-15,-5.944006176150651e-09,True,0,0
1995-1826-0001,test-clean,1995,True,True,True,1.050658952044246,0.4292353047315778,0.42923530473157,7.771561172376096e-15,-6.851372802429978e-10,True,0,0
1995-1826-0002,test-clean,1995,True,True,True,1.0465713637326752,0.39537694816418534,0.3953769481641842,1.1102230246251565e-15,7.315712480249204e-10,True,0,0
1995-1826-0005,test-clean,1995,True,True,True,1.0386801813907836,0.32963690227820797,0.32963690227820663,1.3322676295501878e-15,1.5663204067095648e-09,True,0,0
1995-1826-0008,test-clean,1995,True,True,True,1.0492146007830048,0.417286511324183,0.4172865113241784,4.6074255521944e-15,5.766501942616742e-09,True,0,0
1995-1826-0009,test-clean,1995,True,True,True,1.0410216406784958,0.34919515369905724,0.3491951536990534,3.83026943495679e-15,-1.7471180058237223e-10,True,0,0
1995-1826-0010,test-clean,1995,True,True,True,1.0442526938446153,0.37611208564463494,0.37611208564463183,3.1086244689504383e-15,4.457682223346637e-09,True,0,0
1995-1826-0019,test-clean,1995,True,True,True,1.0407152713734713,0.34663854822625284,0.3466385482262595,-6.661338147750939e-15,1.8126371514881612e-09,True,0,0
1995-1826-0024,test-clean,1995,True,True,True,1.0453257940263039,0.38503333997629957,0.3850333399762995,5.551115123125783e-17,-1.2870415844190575e-09,True,0,0
1995-1826-0025,test-clean,1995,True,True,True,1.024055367662264,0.20646876600211084,0.20646876600211428,-3.4416913763379853e-15,4.41742287193847e-09,True,0,0
1995-1836-0001,test-clean,1995,True,True,True,1.0565711408296714,0.47797488398239496,0.47797488398239807,-3.1086244689504383e-15,-2.526054032614411e-09,True,0,0
1995-1836-0008,test-clean,1995,True,True,True,1.0404661909821282,0.34455945532669074,0.34455945532668864,2.1094237467877974e-15,-1.1425811408116715e-09,True,0,0
1995-1836-0012,test-clean,1995,True,True,True,1.0378052536655367,0.3223172977346763,0.3223172977346742,2.1094237467877974e-15,2.00003569261753e-10,True,0,0
1995-1836-0013,test-clean,1995,True,True,True,1.0520379953236536,0.440628500944139,0.44062850094413974,-7.216449660063518e-16,-2.2180906000812683e-09,True,0,0
1995-1836-0014,test-clean,1995,True,True,True,1.0411745283888028,0.3504706970900761,0.3504706970900777,-1.609823385706477e-15,4.675726472669339e-11,True,0,0
1995-1837-0000,test-clean,1995,True,True,True,1.0535741807774202,0.453302382520091,0.45330238252008925,1.7208456881689926e-15,1.6782379930191382e-09,True,0,0
1995-1837-0003,test-clean,1995,True,True,True,1.0818524689650935,0.6833608109215641,0.6833608109215632,8.881784197001252e-16,-1.7819239417349308e-09,True,0,0
1995-1837-0004,test-clean,1995,True,True,True,1.043871953212565,0.37294458206478387,0.37294458206478254,1.3322676295501878e-15,3.466894327175396e-09,True,0,0
1995-1837-0006,test-clean,1995,True,True,True,1.1144805698984956,0.9414500259182383,0.9414500259182397,-1.3322676295501878e-15,8.215543800815794e-10,True,0,0
1995-1837-0009,test-clean,1995,True,True,True,1.0480232126073254,0.4074180383669101,0.40741803836691304,-2.942091015256665e-15,-3.5004532605853456e-10,True,0,0
1995-1837-0010,test-clean,1995,True,True,True,1.036036853171442,0.3075040820131048,0.30750408201311075,-5.9396931817445875e-15,-1.5724594959465321e-09,True,0,0
1995-1837-0012,test-clean,1995,True,True,True,1.0715161206532409,0.5999741852626344,0.599974185262635,-6.661338147750939e-16,6.513225514481746e-10,True,0,0
1995-1837-0013,test-clean,1995,True,True,True,1.0532388580982672,0.45053747101146374,0.45053747101146513,-1.3877787807814457e-15,1.4425651784222282e-09,True,0,0
1995-1837-0018,test-clean,1995,True,True,True,1.0472011956464427,0.40060258801128174,0.4006025880112851,-3.3861802251067274e-15,2.0203856365696993e-09,True,0,0
1995-1837-0019,test-clean,1995,True,True,True,1.0469103005588114,0.39818945705025055,0.39818945705024333,7.216449660063518e-15,1.89995574828572e-09,True,0,0
1995-1837-0020,test-clean,1995,True,True,True,1.0459424468963223,0.39015576169571564,0.39015576169571275,2.886579864025407e-15,6.233946692191239e-11,True,0,0
1995-1837-0021,test-clean,1995,True,True,True,1.0503054650932793,0.4263125054223463,0.42631250542235577,-9.492406860545088e-15,-1.6730297147660167e-09,True,0,0
1995-1837-0022,test-clean,1995,True,True,True,1.049973026911606,0.4235628497051657,0.42356284970516356,2.1649348980190553e-15,-1.3015686306516727e-09,True,0,0
1995-1837-0023,test-clean,1995,True,True,True,1.0547158305184123,0.462709290081853,0.4627092900818539,-8.881784197001252e-16,5.765663502188545e-10,True,0,0
1995-1837-0028,test-clean,1995,True,True,True,1.033405814188132,0.2854180132216778,0.2854180132216726,5.218048215738236e-15,-4.433218236954417e-10,True,0,0
1995-1837-0029,test-clean,1995,True,True,True,1.0713229848165473,0.5984084526204252,0.5984084526204221,3.1086244689504383e-15,4.037303824588889e-10,True,0,0
2094-142345-0001,test-clean,2094,True,True,True,1.0460351874365155,0.39092587900901743,0.39092587900901776,-3.3306690738754696e-16,3.820044724989202e-09,True,0,93
2094-142345-0009,test-clean,2094,True,True,True,1.044071013873293,0.374600775708822,0.3746007757088208,1.2212453270876722e-15,-6.315552525393286e-10,True,0,0
2094-142345-0012,test-clean,2094,True,True,True,1.0368888572583475,0.31464414868267565,0.314644148682671,4.6629367034256575e-15,2.6951383347295632e-09,True,0,12
2094-142345-0013,test-clean,2094,True,True,True,1.0463571182678366,0.3935986623932683,0.39359866239326635,1.942890293094024e-15,7.697948944951349e-10,True,0,0
2094-142345-0014,test-clean,2094,True,True,True,1.0460323195474486,0.3909020650853786,0.3909020650853776,9.992007221626409e-16,5.742535336139554e-10,True,0,0
2094-142345-0016,test-clean,2094,True,True,True,1.0200676932791004,0.172579863514391,0.1725798635143896,1.4155343563970746e-15,7.613074615164805e-10,True,0,0
2094-142345-0020,test-clean,2094,True,True,True,1.040122254843135,0.3416877760389941,0.3416877760389916,2.4980018054066022e-15,-2.8764333137587528e-09,True,0,0
2094-142345-0021,test-clean,2094,True,True,True,1.047278008177262,0.40123967733124033,0.40123967733124033,0.0,2.8405153784660797e-09,True,0,0
2094-142345-0022,test-clean,2094,True,True,True,1.0387349060768425,0.3300945215441536,0.3300945215441473,6.2727600891321345e-15,-7.432955584363299e-09,True,0,0
2094-142345-0024,test-clean,2094,True,True,True,1.0395078257115782,0.3365552634519682,0.33655526345197373,-5.551115123125783e-15,-2.963140843803558e-10,True,0,7
2094-142345-0027,test-clean,2094,True,True,True,1.055095221534093,0.46583312292384044,0.46583312292383994,4.996003610813204e-16,-2.2331896332161705e-09,True,0,0
2094-142345-0028,test-clean,2094,True,True,True,1.0387209174761105,0.3299775482340372,0.32997754823403724,-5.551115123125783e-17,-1.0241052450510324e-10,True,0,0
2094-142345-0029,test-clean,2094,True,True,True,1.0286244622298946,0.24513696561883136,0.24513696561882625,5.10702591327572e-15,1.559428142172692e-10,True,0,0
2094-142345-0030,test-clean,2094,True,True,True,1.03583413816769,0.3058044007457412,0.30580440074574256,-1.3322676295501878e-15,1.0273204509303469e-09,True,0,0
2094-142345-0031,test-clean,2094,True,True,True,1.0266893600857527,0.2287812262213881,0.22878122622138974,-1.6375789613221059e-15,-3.402622184012216e-09,True,0,0
2094-142345-0032,test-clean,2094,True,True,True,1.0527036178850742,0.4461223100326897,0.4461223100326954,-5.717648576819556e-15,-4.3069903199466353e-10,True,0,0
2094-142345-0033,test-clean,2094,True,True,True,1.0391207128990114,0.3333200348925098,0.33332003489250894,8.326672684688674e-16,7.984262140325882e-10,True,0,0
2094-142345-0036,test-clean,2094,True,True,True,1.0375974982523624,0.320578319028107,0.32057831902810463,2.3869795029440866e-15,1.9444001964075142e-10,True,0,0
2094-142345-0037,test-clean,2094,True,True,True,1.0391060157703778,0.3331971824283878,0.3331971824283855,2.3314683517128287e-15,1.0668621541753964e-09,True,0,0
2094-142345-0039,test-clean,2094,True,True,True,1.0500677541053693,0.42434644396556925,0.42434644396556465,4.6074255521944e-15,-1.9147954333220696e-09,True,0,0
2094-142345-0040,test-clean,2094,True,True,True,1.029890397513783,0.2558201778375049,0.25582017783749933,5.551115123125783e-15,-5.612381670516697e-09,True,0,0
2094-142345-0041,test-clean,2094,True,True,True,1.08655808879125,0.7210589843621094,0.7210589843621094,0.0,7.877591912119897e-09,True,0,0
2094-142345-0042,test-clean,2094,True,True,True,1.0446471545617713,0.3793925131855805,0.37939251318557865,1.8318679906315083e-15,-4.3992898213218723e-10,True,0,0
2094-142345-0044,test-clean,2094,True,True,True,1.0376943601743573,0.32138912736022096,0.3213891273602236,-2.6645352591003757e-15,2.106759211528697e-09,True,0,0
2094-142345-0050,test-clean,2094,True,True,True,1.0571887946872074,0.48305102655055576,0.48305102655055876,-2.9976021664879227e-15,-2.4298429934788146e-10,True,0,0
2094-142345-0052,test-clean,2094,True,True,True,1.0348081892201908,0.2971971391790058,0.29719713917900137,4.440892098500626e-15,-1.716102815407794e-10,True,0,0
2094-142345-0053,test-clean,2094,True,True,True,1.0408202911227016,0.3475150069030496,0.3475150069030519,-2.3314683517128287e-15,-6.562412835364739e-09,True,0,0
2094-142345-0055,test-clean,2094,True,True,True,1.033427573253923,0.2856008986397717,0.2856008986397711,6.106226635438361e-16,-3.3069511573557975e-09,True,0,0
2094-142345-0056,test-clean,2094,True,True,True,1.035059294294059,0.29930458903968454,0.2993045890396857,-1.1657341758564144e-15,6.337685931612214e-10,True,0,0
2094-142345-0058,test-clean,2094,True,True,True,1.0306321208256397,0.26207347237779294,0.2620734723777929,5.551115123125783e-17,1.7170229682506033e-09,True,0,0
2300-131720-0000,test-clean,2300,True,True,True,1.0609848178303984,0.5141833881181206,0.5141833881181199,6.661338147750939e-16,-9.921166110871127e-10,True,0,0
2300-131720-0001,test-clean,2300,True,True,True,1.0677188669054878,0.5691383380432706,0.5691383380432704,2.220446049250313e-16,-8.345288904365589e-10,True,0,0
2300-131720-0002,test-clean,2300,True,True,True,1.06636817179428,0.5581434816719846,0.5581434816719799,4.6629367034256575e-15,-2.588400604963681e-10,True,0,0
2300-131720-0003,test-clean,2300,True,True,True,1.0637228857764096,0.5365700619419255,0.53657006194193,-4.551914400963142e-15,1.57530877231693e-10,True,0,0
2300-131720-0004,test-clean,2300,True,True,True,1.0732368141201838,0.613911228097843,0.6139112280978445,-1.4432899320127035e-15,1.5640786443782417e-09,True,0,0
2300-131720-0005,test-clean,2300,True,True,True,1.0568426178049175,0.48020636283938534,0.480206362839386,-6.661338147750939e-16,-1.3567813539339113e-09,True,0,0
2300-131720-0006,test-clean,2300,True,True,True,1.0360376728771399,0.3075109542304299,0.3075109542304304,-4.996003610813204e-16,8.190070843738795e-10,True,0,0
2300-131720-0011,test-clean,2300,True,True,True,1.0774938781961723,0.6482962277333555,0.6482962277333542,1.3322676295501878e-15,-2.3660007286707696e-09,True,0,0
2300-131720-0012,test-clean,2300,True,True,True,1.0780243405261625,0.6525713364366277,0.6525713364366297,-1.9984014443252818e-15,-1.8492265496661275e-09,True,0,0
2300-131720-0014,test-clean,2300,True,True,True,1.0597522175203355,0.5040866799566267,0.5040866799566253,1.4432899320127035e-15,6.5286442918477405e-09,True,0,0
2300-131720-0015,test-clean,2300,True,True,True,1.0575104228957712,0.4856931300916994,0.4856931300916969,2.4980018054066022e-15,4.091305072506657e-10,True,0,0
2300-131720-0016,test-clean,2300,True,True,True,1.0694981892069073,0.5836010718748487,0.5836010718748454,3.219646771412954e-15,-5.238440792254551e-10,True,0,0
2300-131720-0017,test-clean,2300,True,True,True,1.0543382710481968,0.45959942208681637,0.45959942208682136,-4.9960036108132044e-15,2.3296919948734285e-10,True,0,0
2300-131720-0018,test-clean,2300,True,True,True,1.068581393925528,0.5761521600704143,0.5761521600704107,3.552713678800501e-15,-8.682690122441272e-10,True,0,0
2300-131720-0019,test-clean,2300,True,True,True,1.0627578680336929,0.5286865782354288,0.5286865782354262,2.55351295663786e-15,-1.2798757609289169e-09,True,0,0
2300-131720-0020,test-clean,2300,True,True,True,1.077149127703852,0.64551668165884,0.6455166816588402,-2.220446049250313e-16,3.098108436461189e-10,True,0,0
2300-131720-0022,test-clean,2300,True,True,True,1.0709439366041558,0.5953347264271333,0.59533472642714,-6.772360450213455e-15,6.207550029557751e-10,True,0,0
2300-131720-0024,test-clean,2300,True,True,True,1.067890919549536,0.5705378730059331,0.5705378730059323,7.771561172376096e-16,2.6003732500612387e-09,True,0,0
2300-131720-0025,test-clean,2300,True,True,True,1.074887133865474,0.6272572903758087,0.6272572903758089,-2.220446049250313e-16,1.2540617433387524e-09,True,0,0
2300-131720-0026,test-clean,2300,True,True,True,1.0763813633737886,0.6393233943576946,0.6393233943576959,-1.3322676295501878e-15,-2.0580159798555542e-10,True,0,0
2300-131720-0027,test-clean,2300,True,True,True,1.077901930255314,0.6515849927766346,0.6515849927766375,-2.886579864025407e-15,-7.78662467837421e-10,True,0,0
2300-131720-0028,test-clean,2300,True,True,True,1.0687855239398092,0.5778112582499865,0.5778112582499837,2.7755575615628914e-15,-5.182521078950231e-10,True,0,0
2300-131720-0031,test-clean,2300,True,True,True,1.0673899401654885,0.5664621077960975,0.5664621077960952,2.3314683517128287e-15,3.2665781191099086e-10,True,0,0
2300-131720-0032,test-clean,2300,True,True,True,1.0756131584000626,0.6331221295894878,0.6331221295894913,-3.552713678800501e-15,8.206910706576309e-10,True,0,0
2300-131720-0033,test-clean,2300,True,True,True,1.0584833258233395,0.493680420279122,0.4936804202791194,2.609024107869118e-15,2.4559732025863923e-09,True,0,0
2300-131720-0035,test-clean,2300,True,True,True,1.0719390682854348,0.6034019933386365,0.6034019933386396,-3.1086244689504383e-15,5.607745379165863e-10,True,0,0
2300-131720-0036,test-clean,2300,True,True,True,1.072008916249805,0.6039679508287935,0.6039679508287925,9.992007221626409e-16,-2.080422945027749e-09,True,0,0
2300-131720-0038,test-clean,2300,True,True,True,1.0771977810803468,0.645909002744271,0.6459090027442649,6.106226635438361e-15,-3.0098767922481784e-09,True,0,0
2300-131720-0040,test-clean,2300,True,True,True,1.076913499535558,0.6436164209628848,0.6436164209628856,-7.771561172376096e-16,-1.0020073659688933e-10,True,0,0
2300-131720-0041,test-clean,2300,True,True,True,1.072519219097661,0.6081016660541316,0.6081016660541323,-6.661338147750939e-16,-5.017462001433159e-10,True,0,0
2830-3979-0004,test-clean,2830,True,True,True,1.0652507734430194,0.5490371639865634,0.5490371639865685,-5.10702591327572e-15,3.9739909141189855e-09,True,0,0
2830-3979-0005,test-clean,2830,True,True,True,1.0731175934174058,0.6129463009037777,0.6129463009037792,-1.5543122344752192e-15,-3.718092500548664e-10,True,0,0
2830-3979-0006,test-clean,2830,True,True,True,1.1048020276282495,0.8656892525221428,0.8656892525221487,-5.88418203051333e-15,1.9558115127438214e-09,True,0,0
2830-3979-0008,test-clean,2830,True,True,True,1.088506697766213,0.7366221134578933,0.7366221134578979,-4.551914400963142e-15,1.4701058148602897e-09,True,0,0
2830-3980-0000,test-clean,2830,True,True,True,1.0657650650521333,0.5532296060741138,0.5532296060741118,1.9984014443252818e-15,4.4731862658409227e-10,True,0,2
2830-3980-0001,test-clean,2830,True,True,True,1.083877412818875,0.6996033203042102,0.6996033203042096,6.661338147750939e-16,3.4402987125758955e-09,True,0,0
2830-3980-0002,test-clean,2830,True,True,True,1.0556956516213962,0.47077465425286286,0.4707746542528639,-1.0547118733938987e-15,-5.4072302191343624e-12,True,0,0
2830-3980-0003,test-clean,2830,True,True,True,1.0343221777472695,0.2931167369369282,0.29311673693692697,1.2212453270876722e-15,3.300051787391567e-09,True,0,0
2830-3980-0004,test-clean,2830,True,True,True,1.0619782875683008,0.5223127513747257,0.5223127513747237,1.9984014443252818e-15,-2.502993368125317e-09,True,0,0
2830-3980-0008,test-clean,2830,True,True,True,1.1006836101837627,0.8332499925494263,0.8332499925494261,2.220446049250313e-16,-6.280274078562798e-10,True,0,0
2830-3980-0009,test-clean,2830,True,True,True,1.08233991387974,0.6872734878521474,0.6872734878521491,-1.7763568394002505e-15,1.5711840717358427e-09,True,0,0
2830-3980-0014,test-clean,2830,True,True,True,1.1056959045142003,0.8727140194687112,0.8727140194687131,-1.887379141862766e-15,2.4804158726965397e-09,True,0,0
2830-3980-0016,test-clean,2830,True,True,True,1.0724676667244626,0.6076841546677201,0.6076841546677194,6.661338147750939e-16,3.462606201765084e-09,True,0,0
2830-3980-0018,test-clean,2830,True,True,True,1.0627924636047434,0.5289693222454527,0.5289693222454552,-2.55351295663786e-15,-4.394788533090832e-09,True,0,0
2830-3980-0025,test-clean,2830,True,True,True,1.0784674889739014,0.6561411515519612,0.6561411515519637,-2.55351295663786e-15,-8.36593017083942e-10,True,0,0
2830-3980-0026,test-clean,2830,True,True,True,1.0558646347494094,0.47216487627325654,0.47216487627325776,-1.2212453270876722e-15,-1.7024035514623392e-09,True,0,0
2830-3980-0029,test-clean,2830,True,True,True,1.0773656259096613,0.647262299344376,0.64726229934438,-3.9968028886505635e-15,-1.4197247821812198e-09,True,0,0
2830-3980-0030,test-clean,2830,True,True,True,1.0900288500977617,0.7487598537197894,0.7487598537197826,6.772360450213455e-15,6.244746941774793e-10,True,0,0
2830-3980-0035,test-clean,2830,True,True,True,1.076132584789141,0.6373156365524275,0.6373156365524224,5.10702591327572e-15,-1.5618155657648458e-09,True,0,0
2830-3980-0040,test-clean,2830,True,True,True,1.0493699410431783,0.41857239553021597,0.4185723955302194,-3.4416913763379853e-15,1.1559322388166038e-09,True,0,0
2830-3980-0041,test-clean,2830,True,True,True,1.0740737434764063,0.6206820013009937,0.6206820013009988,-5.10702591327572e-15,5.4647841807309305e-11,True,0,0
2830-3980-0044,test-clean,2830,True,True,True,1.090312699461117,0.7510214115554102,0.751021411555417,-6.772360450213455e-15,-2.1649171344506613e-10,True,0,0
2830-3980-0045,test-clean,2830,True,True,True,1.0843857492927875,0.7036760312827078,0.7036760312827148,-6.994405055138486e-15,1.7038459532159322e-09,True,0,0
2830-3980-0048,test-clean,2830,True,True,True,1.076341544343333,0.6390020676297338,0.6390020676297326,1.2212453270876722e-15,-1.3421441735772532e-10,True,0,0
2830-3980-0050,test-clean,2830,True,True,True,1.0516772403915295,0.4376495069202949,0.4376495069202946,3.3306690738754696e-16,-7.342428887113783e-10,True,0,0
2830-3980-0053,test-clean,2830,True,True,True,1.0870522025686562,0.7250080067146308,0.7250080067146385,-7.66053886991358e-15,-4.699195699231495e-09,True,0,0
2830-3980-0059,test-clean,2830,True,True,True,1.0305528222360403,0.2614051395332578,0.26140513953325595,1.8318679906315083e-15,3.4740459398108214e-09,True,0,0
2830-3980-0060,test-clean,2830,True,True,True,1.055704177372821,0.4708448008304473,0.47084480083044866,-1.3877787807814457e-15,-1.820261275042867e-09,True,0,0
2830-3980-0064,test-clean,2830,True,True,True,1.0500324465663435,0.42405438419880137,0.42405438419879715,4.218847493575595e-15,4.312052936938926e-09,True,0,0
2830-3980-0072,test-clean,2830,True,True,True,1.0557117762302206,0.4709073208058557,0.47090732080584985,5.828670879282072e-15,2.168963675330815e-09,True,0,0
2961-960-0000,test-clean,2961,True,True,True,1.0845650839593524,0.705112376543956,0.7051123765439513,4.6629367034256575e-15,6.266382968078688e-10,True,0,0
2961-960-0002,test-clean,2961,True,True,True,1.0918334678155421,0.7631280508156123,0.7631280508156095,2.7755575615628914e-15,-2.2882034045323962e-09,True,0,0
2961-960-0003,test-clean,2961,True,True,True,1.1022585126466737,0.8456692305968427,0.8456692305968367,5.995204332975845e-15,-6.032614408013615e-10,True,0,0
2961-960-0005,test-clean,2961,True,True,True,1.06855463505912,0.5759346497600553,0.575934649760061,-5.773159728050814e-15,1.3451320057811245e-09,True,0,0
2961-960-0006,test-clean,2961,True,True,True,1.08644649524675,0.7201668654776676,0.7201668654776654,2.220446049250313e-15,-2.435996293570497e-09,True,0,0
2961-960-0007,test-clean,2961,True,True,True,1.0675404333888276,0.5676866606410593,0.567686660641062,-2.6645352591003757e-15,1.6595222973592172e-09,True,0,0
2961-960-0009,test-clean,2961,True,True,True,1.101024688685551,0.835941148548312,0.8359411485483186,-6.5503158452884236e-15,1.5939320974212023e-09,True,0,0
2961-960-0011,test-clean,2961,True,True,True,1.056810871388099,0.4799454441274774,0.47994544412747686,5.551115123125783e-16,-7.155378511924937e-10,True,0,0
2961-960-0013,test-clean,2961,True,True,True,1.0792494238527617,0.6624365096861761,0.6624365096861737,2.3314683517128287e-15,4.383196028356906e-10,True,0,0
2961-960-0014,test-clean,2961,True,True,True,1.0594481247043266,0.501593931531588,0.5015939315315876,4.440892098500626e-16,1.8068746499011468e-09,True,0,0
2961-960-0017,test-clean,2961,True,True,True,1.1070102421502295,0.8830327805148407,0.8830327805148421,-1.4432899320127035e-15,-2.7650663980693935e-09,True,0,0
2961-960-0022,test-clean,2961,True,True,True,1.1174831414824997,0.9648196004401037,0.9648196004401086,-4.884981308350689e-15,-1.9314505550482863e-09,True,0,0
2961-961-0000,test-clean,2961,True,True,True,1.0708274513412388,0.5943899214448181,0.5943899214448116,6.439293542825908e-15,-2.8857023437467433e-09,True,0,0
2961-961-0001,test-clean,2961,True,True,True,1.0891122674523452,0.7414529968047991,0.7414529968047994,-2.220446049250313e-16,3.8841108107590117e-10,True,0,0
2961-961-0002,test-clean,2961,True,True,True,1.0484870379192484,0.4112613160569871,0.41126131605699,-2.886579864025407e-15,-1.642909808197146e-09,True,0,0
2961-961-0003,test-clean,2961,True,True,True,1.0464126798771973,0.3940598712730615,0.39405987127306474,-3.219646771412954e-15,1.4025474115442194e-09,True,0,0
2961-961-0004,test-clean,2961,True,True,True,1.0751604155175318,0.6294653292476436,0.6294653292476511,-7.438494264988549e-15,-1.2145200400937028e-09,True,0,0
2961-961-0005,test-clean,2961,True,True,True,1.0754762094340404,0.6320161563795322,0.6320161563795281,4.107825191113079e-15,-1.0038974096460151e-09,True,0,0
2961-961-0006,test-clean,2961,True,True,True,1.047357123146219,0.4018958144112802,0.40189581441127586,4.3298697960381105e-15,8.843038301620254e-09,True,0,0
2961-961-0007,test-clean,2961,True,True,True,1.064699570406688,0.544541576695109,0.5445415766951136,-4.551914400963142e-15,1.0414495932309364e-09,True,0,0
2961-961-0008,test-clean,2961,True,True,True,1.0777276291508822,0.6501803356976109,0.6501803356976126,-1.6653345369377348e-15,-1.2925411851938406e-09,True,0,0
2961-961-0011,test-clean,2961,True,True,True,1.0851101636543177,0.7094766261515705,0.709476626151563,7.438494264988549e-15,-4.879012749370304e-09,True,0,0
2961-961-0012,test-clean,2961,True,True,True,1.0791609438450047,0.6617243859913642,0.6617243859913629,1.3322676295501878e-15,3.7882870174144045e-09,True,0,0
2961-961-0013,test-clean,2961,True,True,True,1.1089819497642388,0.8984895491043176,0.8984895491043225,-4.9960036108132044e-15,3.94589960706071e-09,True,0,0
2961-961-0016,test-clean,2961,True,True,True,1.0795053714676168,0.6644961532834887,0.664496153283487,1.6653345369377348e-15,2.0949997292518674e-10,True,0,0
2961-961-0017,test-clean,2961,True,True,True,1.0601451944842817,0.5073069816173652,0.507306981617365,2.220446049250313e-16,2.6577886558243335e-09,True,0,0
2961-961-0018,test-clean,2961,True,True,True,1.0740305038420057,0.6203323211652059,0.6203323211652148,-8.881784197001252e-15,4.2298253788430884e-10,True,0,0
2961-961-0019,test-clean,2961,True,True,True,1.0692815763602983,0.581841680546619,0.5818416805466171,1.887379141862766e-15,-2.9563764769591216e-09,True,0,0
2961-961-0020,test-clean,2961,True,True,True,1.0881813828712652,0.7340258303052367,0.7340258303052387,-1.9984014443252818e-15,-1.3519141361939546e-09,True,0,0
2961-961-0022,test-clean,2961,True,True,True,1.068954177979005,0.5791817809316708,0.5791817809316733,-2.4424906541753444e-15,2.777181151714103e-09,True,0,0
3570-5694-0000,test-clean,3570,True,True,True,1.054532676976622,0.461200836763851,0.46120083676385093,5.551115123125783e-17,5.827160975968582e-10,True,0,0
3570-5694-0002,test-clean,3570,True,True,True,1.0523698368619978,0.4433678359334793,0.44336783593347917,1.1102230246251565e-16,1.1590763904223422e-09,True,0,0
3570-5694-0004,test-clean,3570,True,True,True,1.0556453868062723,0.470361083324263,0.47036108332426707,-4.052314039881821e-15,5.678870707015449e-10,True,0,0
3570-5694-0005,test-clean,3570,True,True,True,1.050443604882466,0.4274548283988301,0.427454828398826,4.107825191113079e-15,-3.2899052371249127e-09,True,0,0
3570-5694-0006,test-clean,3570,True,True,True,1.061228072514045,0.5161745958381032,0.5161745958381019,1.3322676295501878e-15,-8.704894582933775e-10,True,0,0
3570-5694-0007,test-clean,3570,True,True,True,1.063385584286129,0.5338153706931034,0.5338153706931017,1.6653345369377348e-15,-9.427090219560341e-10,True,0,0
3570-5694-0011,test-clean,3570,True,True,True,1.0382216750698912,0.3258018290378072,0.3258018290378111,-3.885780586188048e-15,2.8322943990133354e-10,True,0,0
3570-5694-0012,test-clean,3570,True,True,True,1.0466671926243771,0.3961722317934826,0.3961722317934786,3.9968028886505635e-15,-6.182361289575056e-10,True,0,0
3570-5694-0013,test-clean,3570,True,True,True,1.0322483525617576,0.27568396851951016,0.27568396851950894,1.2212453270876722e-15,-2.828421941103443e-09,True,0,0
3570-5694-0014,test-clean,3570,True,True,True,1.0351870250652038,0.3003763990678738,0.30037639906787206,1.7208456881689926e-15,-1.5948060649861873e-09,True,0,0
3570-5694-0016,test-clean,3570,True,True,True,1.0414746671850401,0.3529742127890309,0.3529742127890323,-1.3877787807814457e-15,-1.1181313652741665e-09,True,0,0
3570-5694-0017,test-clean,3570,True,True,True,1.0410078580440092,0.34908015586435076,0.3490801558643497,1.0547118733938987e-15,4.933440322929528e-10,True,0,0
3570-5694-0020,test-clean,3570,True,True,True,1.0400485261427799,0.3410720579829915,0.34107205798299134,1.6653345369377348e-16,3.361932954248914e-10,True,0,0
3570-5694-0021,test-clean,3570,True,True,True,1.0411935619589794,0.35062948120777704,0.35062948120778614,-9.103828801926284e-15,1.1591545501232758e-09,True,0,0
3570-5695-0001,test-clean,3570,True,True,True,1.0561622370503743,0.474612705696109,0.4746127056961136,-4.551914400963142e-15,-8.453824307252944e-10,True,0,0
3570-5695-0005,test-clean,3570,True,True,True,1.0494825301065906,0.41950427253789846,0.4195042725378926,5.88418203051333e-15,1.4213306087640376e-09,True,0,0
3570-5695-0006,test-clean,3570,True,True,True,1.055614017661611,0.4701029729963584,0.4701029729963615,-3.1086244689504383e-15,-1.0161720354062709e-09,True,0,0
3570-5695-0008,test-clean,3570,True,True,True,1.0505941886432884,0.42869988351783694,0.4286998835178366,3.3306690738754696e-16,-2.0502994857451995e-09,True,0,0
3570-5695-0010,test-clean,3570,True,True,True,1.061088602318253,0.5150329917178906,0.5150329917178915,-8.881784197001252e-16,-4.120259688988881e-10,True,0,0
3570-5695-0011,test-clean,3570,True,True,True,1.0462195690244525,0.39245678065788414,0.39245678065788425,-1.1102230246251565e-16,2.8794815420951636e-09,True,0,0
3570-5695-0012,test-clean,3570,True,True,True,1.0460732380190778,0.3912418312386587,0.3912418312386592,-4.996003610813204e-16,1.1523049181505485e-09,True,0,0
3570-5695-0013,test-clean,3570,True,True,True,1.053622699974786,0.45370237589287066,0.45370237589287044,2.220446049250313e-16,3.033733264601324e-10,True,0,0
3570-5695-0014,test-clean,3570,True,True,True,1.051282314418357,0.43438716794600307,0.4343871679459994,3.6637359812630166e-15,-1.5631940186722204e-10,True,0,0
3570-5696-0001,test-clean,3570,True,True,True,1.0420853698217487,0.35806597473667406,0.35806597473667523,-1.1657341758564144e-15,1.9967671960330335e-10,True,0,0
3570-5696-0002,test-clean,3570,True,True,True,1.0393858366246513,0.33553589072838186,0.3355358907283872,-5.329070518200751e-15,-6.82266687590527e-10,True,0,0
3570-5696-0003,test-clean,3570,True,True,True,1.0493756576909417,0.41861971348204635,0.41861971348205174,-5.384581669432009e-15,-6.676614816569781e-10,True,0,0
3570-5696-0005,test-clean,3570,True,True,True,1.0437319100002012,0.37177922697954663,0.3717792269795481,-1.4988010832439613e-15,-4.76671146998342e-10,True,0,0
3570-5696-0006,test-clean,3570,True,True,True,1.06404021461941,0.5391608422117756,0.5391608422117784,-2.7755575615628914e-15,1.2575185337482253e-10,True,0,0
3570-5696-0007,test-clean,3570,True,True,True,1.0515727590786395,0.43678654421592916,0.4367865442159271,2.0539125955565396e-15,2.1003216943427105e-09,True,0,0
3570-5696-0009,test-clean,3570,True,True,True,1.0480065861245864,0.4072802389957076,0.4072802389957033,4.274358644806853e-15,7.582379168979969e-10,True,0,0
3575-170457-0004,test-clean,3575,True,True,True,1.0373398596396464,0.31842131842320276,0.3184213184232014,1.3322676295501878e-15,-4.979646917036007e-09,True,0,0
3575-170457-0006,test-clean,3575,True,True,True,1.0589441045756216,0.49746073727663054,0.49746073727663287,-2.3314683517128287e-15,-7.461409268216812e-11,True,0,0
3575-170457-0007,test-clean,3575,True,True,True,1.039485405382662,0.33636792229115137,0.33636792229115287,-1.4988010832439613e-15,-8.576961363360169e-10,True,0,0
3575-170457-0008,test-clean,3575,True,True,True,1.0429657080774064,0.36540058775237305,0.3654005877523758,-2.7755575615628914e-15,-8.115428329347196e-10,True,0,0
3575-170457-0012,test-clean,3575,True,True,True,1.0460594513980337,0.3911273556420787,0.39112735564208023,-1.5543122344752192e-15,-3.8533443103005993e-10,True,0,0
3575-170457-0014,test-clean,3575,True,True,True,1.0533295277308186,0.45128517654777484,0.451285176547767,7.827072323607354e-15,2.5463826602845074e-09,True,0,0
3575-170457-0015,test-clean,3575,True,True,True,1.0481402090034329,0.4083876362286213,0.4083876362286212,1.1102230246251565e-16,7.088374331942759e-10,True,0,0
3575-170457-0017,test-clean,3575,True,True,True,1.0448451101217502,0.38103829113979837,0.38103829113980225,-3.885780586188048e-15,-5.195133212509973e-10,True,0,0
3575-170457-0018,test-clean,3575,True,True,True,1.0278375967845894,0.23848998983679648,0.23848998983679337,3.1086244689504383e-15,5.212445586266767e-09,True,0,0
3575-170457-0020,test-clean,3575,True,True,True,1.0638205841636228,0.5373677870382508,0.5373677870382529,-2.1094237467877974e-15,2.587974279322225e-10,True,0,0
3575-170457-0021,test-clean,3575,True,True,True,1.0723203982654776,0.6064913490895826,0.606491349089584,-1.4432899320127035e-15,1.2383658543058118e-09,True,0,0
3575-170457-0024,test-clean,3575,True,True,True,1.065420501559898,0.5504209904942925,0.5504209904942883,4.218847493575595e-15,-7.579146199532261e-10,True,0,0
3575-170457-0028,test-clean,3575,True,True,True,1.0551535201270805,0.46631304278814484,0.4663130427881512,-6.38378239159465e-15,-4.608594394994725e-09,True,0,0
3575-170457-0030,test-clean,3575,True,True,True,1.0482380807206013,0.4091986567765804,0.4091986567765815,-1.1102230246251565e-15,2.5875515063944476e-09,True,0,0
3575-170457-0033,test-clean,3575,True,True,True,1.0494008325776145,0.4188280884932166,0.4188280884932105,6.106226635438361e-15,-5.775291356258094e-10,True,0,0
3575-170457-0034,test-clean,3575,True,True,True,1.0401587825856855,0.3419928078446446,0.3419928078446475,-2.886579864025407e-15,1.954610695520387e-09,True,0,0
3575-170457-0035,test-clean,3575,True,True,True,1.054632478583714,0.4620228356891274,0.46202283568912605,1.3322676295501878e-15,-9.254534916181001e-10,True,0,0
3575-170457-0037,test-clean,3575,True,True,True,1.0490562711360818,0.4159756854812269,0.4159756854812251,1.7763568394002505e-15,-1.1736069893686363e-09,True,0,0
3575-170457-0038,test-clean,3575,True,True,True,1.057250702938534,0.48355965140311513,0.4835596514031195,-4.385380947269368e-15,-1.1590017834350874e-10,True,0,0
3575-170457-0039,test-clean,3575,True,True,True,1.0495033430343832,0.4196765260019835,0.4196765260019788,4.718447854656915e-15,-2.362678941381091e-09,True,0,0
3575-170457-0040,test-clean,3575,True,True,True,1.042203304423056,0.3590489162506939,0.35904891625070334,-9.43689570931383e-15,-3.475154386478607e-09,True,0,0
3575-170457-0041,test-clean,3575,True,True,True,1.0604424042800993,0.5097417138625514,0.5097417138625566,-5.218048215738236e-15,5.464642072183779e-10,True,0,0
3575-170457-0042,test-clean,3575,True,True,True,1.0510689702808313,0.4326243001956673,0.43262430019567333,-6.050715484207103e-15,2.977188273689535e-09,True,0,0
3575-170457-0045,test-clean,3575,True,True,True,1.0443091178680224,0.37658139695505016,0.37658139695505355,-3.3861802251067274e-15,1.1738521266124735e-09,True,0,0
3575-170457-0049,test-clean,3575,True,True,True,1.0485347869546369,0.4116568702156142,0.4116568702156158,-1.609823385706477e-15,-2.867739823386728e-09,True,0,0
3575-170457-0050,test-clean,3575,True,True,True,1.0513659717075567,0.435078332499378,0.43507833249937633,1.6653345369377348e-15,-1.2266170301700186e-09,True,0,0
3575-170457-0051,test-clean,3575,True,True,True,1.0338355539182635,0.2890292721490304,0.28902927214902974,6.661338147750939e-16,-1.3180105895571614e-09,True,0,0
3575-170457-0054,test-clean,3575,True,True,True,1.043414058494458,0.36913367830859073,0.36913367830858945,1.27675647831893e-15,-2.708340218759986e-09,True,0,0
3575-170457-0055,test-clean,3575,True,True,True,1.0534527339243693,0.4523010911210134,0.45230109112101147,1.942890293094024e-15,-2.0904735720250756e-09,True,0,0
3575-170457-0056,test-clean,3575,True,True,True,1.0521461010436548,0.44152100303615766,0.4415210030361578,-1.6653345369377348e-16,2.8128859241860482e-09,True,0,0
3729-6852-0000,test-clean,3729,True,True,True,1.0559816526769774,0.47312745088071984,0.4731274508807246,-4.773959005888173e-15,3.753733324174391e-09,True,0,0
3729-6852-0002,test-clean,3729,True,True,True,1.0631929892244083,0.5322420834641673,0.5322420834641584,8.992806499463768e-15,-2.7452777828784747e-09,True,0,0
3729-6852-0003,test-clean,3729,True,True,True,1.0585013148299371,0.4938280363959412,0.49382803639593575,5.440092820663267e-15,1.5656631546789868e-09,True,0,0
3729-6852-0005,test-clean,3729,True,True,True,1.0589343705854493,0.49738089476879344,0.4973808947687921,1.3322676295501878e-15,-9.366729614157521e-11,True,0,0
3729-6852-0006,test-clean,3729,True,True,True,1.0612627852592293,0.5164587064363917,0.516458706436385,6.661338147750939e-15,-5.712905704058358e-10,True,0,0
3729-6852-0007,test-clean,3729,True,True,True,1.0615341125435678,0.5186790967740944,0.5186790967740933,1.1102230246251565e-15,1.040497465965018e-09,True,0,0
3729-6852-0010,test-clean,3729,True,True,True,1.1951533860780967,1.5484729249712583,1.5484729249712572,1.1102230246251565e-15,4.796028463260882e-09,True,0,0
3729-6852-0011,test-clean,3729,True,True,True,1.1479797392706044,1.1986844650609865,1.1986844650609854,1.1102230246251565e-15,-3.170782747474732e-09,True,0,0
3729-6852-0012,test-clean,3729,True,True,True,1.042199178113271,0.35901452685449337,0.3590145268544944,-1.0547118733938987e-15,2.826972433922492e-09,True,0,0
3729-6852-0013,test-clean,3729,True,True,True,1.105049147416396,0.8676318767498813,0.8676318767498756,5.662137425588298e-15,-5.17417220180505e-10,True,0,0
3729-6852-0014,test-clean,3729,True,True,True,1.038218123891358,0.3257721193926345,0.3257721193926315,2.9976021664879227e-15,3.0179805321495223e-09,True,0,0
3729-6852-0016,test-clean,3729,True,True,True,1.096927160035171,0.8035557958867423,0.8035557958867443,-1.9984014443252818e-15,3.6019649485297123e-09,True,0,0
3729-6852-0017,test-clean,3729,True,True,True,1.0554221870041758,0.4685243928463994,0.4685243928464011,-1.7208456881689926e-15,-2.77043810115174e-09,True,0,0
3729-6852-0020,test-clean,3729,True,True,True,1.0360926381298605,0.3079717574112297,0.30797175741123084,-1.1657341758564144e-15,5.052811502537224e-10,True,0,0
3729-6852-0021,test-clean,3729,True,True,True,1.1301321376507059,1.0625845032530439,1.0625845032530492,-5.329070518200751e-15,-4.3468943999869225e-09,True,0,0
3729-6852-0022,test-clean,3729,True,True,True,1.051503992333671,0.4362185189573399,0.43621851895733954,3.3306690738754696e-16,1.8287700243035943e-09,True,0,0
3729-6852-0025,test-clean,3729,True,True,True,1.1046059781180189,0.864147785840117,0.864147785840121,-3.9968028886505635e-15,-5.044988427016506e-09,True,0,0
3729-6852-0028,test-clean,3729,True,True,True,1.0538941069568422,0.4559395216166143,0.4559395216166102,4.052314039881821e-15,-3.2860256737876625e-09,True,0,0
3729-6852-0029,test-clean,3729,True,True,True,1.0683179114590384,0.5740101970576279,0.5740101970576319,-3.9968028886505635e-15,1.1517542475303344e-10,True,0,0
3729-6852-0030,test-clean,3729,True,True,True,1.1027783545968528,0.8497646631578304,0.8497646631578277,2.6645352591003757e-15,-1.4460468378274527e-09,True,0,0
3729-6852-0031,test-clean,3729,True,True,True,1.0940393007597182,0.780658465478606,0.7806584654786057,2.220446049250313e-16,-2.5789681501464656e-09,True,0,0
3729-6852-0036,test-clean,3729,True,True,True,1.0639088509100305,0.5380884380813866,0.5380884380813846,1.9984014443252818e-15,-1.0068781364225288e-09,True,0,0
3729-6852-0037,test-clean,3729,True,True,True,1.07486821783098,0.6271044333654718,0.6271044333654707,1.1102230246251565e-15,2.543810495581056e-09,True,0,0
3729-6852-0038,test-clean,3729,True,True,True,1.0658239751991547,0.5537097052171083,0.5537097052171056,2.6645352591003757e-15,3.211418686532852e-09,True,0,0
3729-6852-0039,test-clean,3729,True,True,True,1.0618248149617886,0.52105741266337,0.5210574126633674,2.6645352591003757e-15,-2.796859632780979e-09,True,0,0
3729-6852-0040,test-clean,3729,True,True,True,1.0750381673607996,0.6284776679149349,0.628477667914936,-1.1102230246251565e-15,-3.845812557301542e-10,True,0,0
3729-6852-0043,test-clean,3729,True,True,True,1.0749075085425763,0.6274219314008039,0.6274219314008072,-3.219646771412954e-15,2.949352762016133e-09,True,0,0
3729-6852-0044,test-clean,3729,True,True,True,1.076040914487702,0.6365756979534836,0.6365756979534822,1.3322676295501878e-15,4.807709785836778e-10,True,0,0
3729-6852-0045,test-clean,3729,True,True,True,1.0527021146830955,0.4461099070584901,0.44610990705848863,1.4432899320127035e-15,1.532999505116095e-09,True,0,0
3729-6852-0046,test-clean,3729,True,True,True,1.0697825907174465,0.5859105210796257,0.5859105210796258,-1.1102230246251565e-16,-3.027267325705907e-09,True,0,0
4077-13751-0000,test-clean,4077,True,True,True,1.0954275333906756,0.791673053004882,0.7916730530048781,3.885780586188048e-15,-9.287717261940998e-10,True,0,0
4077-13751-0001,test-clean,4077,True,True,True,1.108567648863056,0.8952440100203474,0.8952440100203418,5.551115123125783e-15,2.4320030433955253e-09,True,0,0
4077-13751-0002,test-clean,4077,True,True,True,1.0978259089803206,0.8106695206118203,0.8106695206118211,-7.771561172376096e-16,2.808331345249826e-09,True,0,0
4077-13751-0003,test-clean,4077,True,True,True,1.0811518362223882,0.6777338051146908,0.6777338051146913,-4.440892098500626e-16,2.8037234756084217e-09,True,0,0
4077-13751-0004,test-clean,4077,True,True,True,1.102879622432677,0.8505622494161101,0.8505622494161074,2.7755575615628914e-15,-3.32506999711768e-09,True,0,0
4077-13751-0005,test-clean,4077,True,True,True,1.0948570042703325,0.787148021666284,0.7871480216662867,-2.7755575615628914e-15,8.052154498727759e-10,True,0,0
4077-13751-0006,test-clean,4077,True,True,True,1.089436886272364,0.7440415115153066,0.7440415115153094,-2.7755575615628914e-15,1.7569519172866421e-09,True,0,7
4077-13751-0007,test-clean,4077,True,True,True,1.0814897212767072,0.6804479232318327,0.680447923231835,-2.3314683517128287e-15,-1.1376712905075692e-09,True,0,0
4077-13751-0008,test-clean,4077,True,True,True,1.0796962722861294,0.6660320389665454,0.6660320389665451,3.3306690738754696e-16,2.3022295181363006e-09,True,0,0
4077-13751-0010,test-clean,4077,True,True,True,1.1024781550451765,0.8473998587190157,0.8473998587190117,3.9968028886505635e-15,3.1059705918323743e-09,True,0,0
4077-13751-0011,test-clean,4077,True,True,True,1.099514744098755,0.8240211493849671,0.824021149384965,2.1094237467877974e-15,3.4153835315464676e-09,True,0,9
4077-13751-0013,test-clean,4077,True,True,True,1.1191933338598896,0.9781022949276166,0.9781022949276199,-3.3306690738754696e-15,3.335188125674904e-09,True,0,0
4077-13751-0014,test-clean,4077,True,True,True,1.0966440839287455,0.8013140015160319,0.8013140015160296,2.3314683517128287e-15,-1.7921664152709127e-09,True,0,0
4077-13751-0015,test-clean,4077,True,True,True,1.0968805613475279,0.8031868017818683,0.8031868017818731,-4.773959005888173e-15,3.426400496664428e-09,True,0,0
4077-13751-0016,test-clean,4077,True,True,True,1.0699813815001558,0.5875244138519721,0.5875244138519697,2.3314683517128287e-15,-9.073950479887571e-10,True,0,0
4077-13751-0017,test-clean,4077,True,True,True,1.1105736656713932,0.9109474221835944,0.9109474221835967,-2.3314683517128287e-15,-2.18215845393388e-09,True,0,0
4077-13751-0019,test-clean,4077,True,True,True,1.0584390265875614,0.4933168941699692,0.49331689416997193,-2.7200464103316335e-15,4.821270493948759e-09,True,0,0
4077-13751-0020,test-clean,4077,True,True,True,1.1012593635102808,0.8377922809071169,0.8377922809071165,3.3306690738754696e-16,9.040732606990787e-10,True,0,0
4077-13751-0021,test-clean,4077,True,True,True,1.075903046266097,0.6354627431731228,0.6354627431731181,4.6629367034256575e-15,5.096687516470411e-10,True,0,0
4077-13754-0001,test-clean,4077,True,True,True,1.119170093782906,0.977921930343945,0.9779219303439426,2.4424906541753444e-15,-6.584524925301594e-09,True,0,0
4077-13754-0002,test-clean,4077,True,True,True,1.0978121116882649,0.8105603571204124,0.8105603571204156,-3.219646771412954e-15,-2.252861008855689e-09,True,0,0
4077-13754-0003,test-clean,4077,True,True,True,1.0594605407583608,0.5016957240031944,0.501695724003195,-5.551115123125783e-16,1.5029648636755155e-09,True,0,0
4077-13754-0004,test-clean,4077,True,True,True,1.1099960187627755,0.9064284219951578,0.9064284219951553,2.55351295663786e-15,9.485923158081278e-10,True,0,0
4077-13754-0005,test-clean,4077,True,True,True,1.0958626458950147,0.7951224722358251,0.7951224722358248,3.3306690738754696e-16,1.3447767344132444e-09,True,0,0
4077-13754-0008,test-clean,4077,True,True,True,1.0901703881512916,0.7498876257992455,0.7498876257992428,2.6645352591003757e-15,1.8939942947326927e-09,True,0,0
4077-13754-0009,test-clean,4077,True,True,True,1.113122075806995,0.9308559181779679,0.9308559181779685,-6.661338147750939e-16,-1.8595969208945462e-10,True,0,0
4077-13754-0010,test-clean,4077,True,True,True,1.0893294113865992,0.7431845907906041,0.7431845907906052,-1.1102230246251565e-15,3.5896192684958805e-09,True,0,0
4077-13754-0012,test-clean,4077,True,True,True,1.092748388624889,0.770403494964118,0.7704034949641141,3.885780586188048e-15,1.0295728714027064e-09,True,0,0
4077-13754-0013,test-clean,4077,True,True,True,1.0816690999058767,0.6818884674625268,0.6818884674625316,-4.773959005888173e-15,1.0684786388992507e-10,True,0,0
4077-13754-0016,test-clean,4077,True,True,True,1.0970171082787592,0.804268011350613,0.8042680113506151,-2.1094237467877974e-15,3.3900242613071896e-09,True,0,0
4446-2271-0001,test-clean,4446,True,True,True,1.06105839627907,0.5147857267330069,0.514785726733006,8.881784197001252e-16,-2.9400695211734273e-09,True,0,0
4446-2271-0005,test-clean,4446,True,True,True,1.0769366618391527,0.6438032354557427,0.6438032354557421,5.551115123125783e-16,7.491394171665888e-10,True,0,0
4446-2271-0007,test-clean,4446,True,True,True,1.0745222857878927,0.6243085453503229,0.6243085453503205,2.3314683517128287e-15,-2.491805872750774e-09,True,0,0
4446-2271-0010,test-clean,4446,True,True,True,1.0644060921470861,0.5421470315721961,0.5421470315721919,4.218847493575595e-15,5.429292571079714e-10,True,0,0
4446-2271-0011,test-clean,4446,True,True,True,1.085051392330503,0.7090061715614461,0.7090061715614482,-2.1094237467877974e-15,1.879456590359041e-09,True,0,0
4446-2271-0018,test-clean,4446,True,True,True,1.0638821189586796,0.5378701922268412,0.5378701922268405,6.661338147750939e-16,-7.460343454113172e-10,True,0,0
4446-2273-0001,test-clean,4446,True,True,True,1.0700525409629051,0.5881020525836624,0.5881020525836682,-5.773159728050814e-15,-9.736211836752773e-09,True,0,0
4446-2273-0004,test-clean,4446,True,True,True,1.0865298225103837,0.7208330222233289,0.7208330222233208,8.104628079763643e-15,-2.2204709182460647e-09,True,0,0
4446-2273-0013,test-clean,4446,True,True,True,1.1032729425508574,0.8536593472590853,0.8536593472590859,-5.551115123125783e-16,-4.074475867810179e-09,True,0,0
4446-2273-0014,test-clean,4446,True,True,True,1.099217995782864,0.8216765960056431,0.8216765960056485,-5.329070518200751e-15,-1.2682939143360272e-09,True,0,0
4446-2273-0016,test-clean,4446,True,True,True,1.052471269573211,0.4442049854297297,0.4442049854297281,1.609823385706477e-15,-4.913829343422549e-10,True,0,0
4446-2273-0017,test-clean,4446,True,True,True,1.1169833819083517,0.960934237617652,0.9609342376176535,-1.5543122344752192e-15,-7.626290710049943e-10,True,0,0
4446-2273-0018,test-clean,4446,True,True,True,1.0794177608533162,0.6637911943009629,0.6637911943009662,-3.3306690738754696e-15,-2.366686402410778e-09,True,0,0
4446-2273-0020,test-clean,4446,True,True,True,1.091743241312576,0.7624102400381279,0.7624102400381219,5.995204332975845e-15,-6.12003248079418e-09,True,0,0
4446-2273-0023,test-clean,4446,True,True,True,1.1024010312913177,0.8467922168863788,0.846792216886378,8.881784197001252e-16,8.791982253342212e-09,True,0,0
4446-2273-0029,test-clean,4446,True,True,True,1.057973663941005,0.4894971394757172,0.4894971394757235,-6.2727600891321345e-15,-4.795239760824188e-10,True,0,0
4446-2273-0034,test-clean,4446,True,True,True,1.0497575529398222,0.4217801608561109,0.4217801608561089,1.9984014443252818e-15,-4.2031302882605814e-09,True,0,0
4446-2275-0003,test-clean,4446,True,True,True,1.0686578818918655,0.5767738649417862,0.5767738649417886,-2.4424906541753444e-15,5.108677925136362e-09,True,0,0
4446-2275-0005,test-clean,4446,True,True,True,1.0917366711718317,0.7623579679589704,0.7623579679589696,7.771561172376096e-16,1.6974297523120185e-09,True,0,0
4446-2275-0006,test-clean,4446,True,True,True,1.1300620057296367,1.0620454715698657,1.062045471569867,-1.3322676295501878e-15,-4.253035257306692e-09,True,0,0
4446-2275-0008,test-clean,4446,True,True,True,1.076725574552891,0.6421005721064417,0.6421005721064397,1.9984014443252818e-15,7.505224886017459e-09,True,0,0
4446-2275-0018,test-clean,4446,True,True,True,1.0990338888230538,0.8202216828999618,0.820221682899966,-4.218847493575595e-15,3.5772629303210124e-09,True,0,0
4446-2275-0020,test-clean,4446,True,True,True,1.091169512187934,0.7578444616161172,0.75784446161612,-2.7755575615628914e-15,5.0891912906081416e-09,True,0,0
4446-2275-0022,test-clean,4446,True,True,True,1.124170934326162,1.0166470465544062,1.0166470465544002,5.995204332975845e-15,3.1861766558449744e-09,True,0,0
4446-2275-0024,test-clean,4446,True,True,True,1.137235630382973,1.1170091595925697,1.1170091595925697,0.0,-2.8018760644954455e-09,True,0,0
4446-2275-0028,test-clean,4446,True,True,True,1.1412873669214405,1.1479002004570904,1.1479002004570944,-3.9968028886505635e-15,-1.0686918017199787e-10,True,0,0
4446-2275-0031,test-clean,4446,True,True,True,1.0898867105949803,0.7476271419227085,0.7476271419227132,-4.6629367034256575e-15,-5.727308405312215e-09,True,0,0
4446-2275-0038,test-clean,4446,True,True,True,1.0776763156623517,0.6497667674664895,0.6497667674664918,-2.220446049250313e-15,-7.741682850337384e-10,True,0,0
4446-2275-0041,test-clean,4446,True,True,True,1.0815138100025623,0.6806413875616704,0.6806413875616713,-8.881784197001252e-16,-6.333777946565533e-10,True,0,0
4446-2275-0043,test-clean,4446,True,True,True,1.1394764933450745,1.1341074079527762,1.1341074079527758,4.440892098500626e-16,-1.3307399626683036e-09,True,0,0
4507-16021-0005,test-clean,4507,True,True,True,1.0399014184586866,0.33984341196254964,0.3398434119625513,-1.6653345369377348e-15,1.737898713827235e-09,True,0,0
4507-16021-0006,test-clean,4507,True,True,True,1.0293845751723405,0.2515531254225798,0.251553125422582,-2.220446049250313e-15,7.972680293732992e-10,True,0,0
4507-16021-0009,test-clean,4507,True,True,True,1.0235220823076074,0.20194433852226584,0.20194433852226368,2.1649348980190553e-15,-2.029029388950221e-09,True,0,0
4507-16021-0010,test-clean,4507,True,True,True,1.0433391804482866,0.36851033441387326,0.3685103344138696,3.6637359812630166e-15,7.2872907708188e-10,True,0,0
4507-16021-0013,test-clean,4507,True,True,True,1.043556263151758,0.37031737886094424,0.3703173788609391,5.162537064506978e-15,-2.8118307682234445e-10,True,0,0
4507-16021-0015,test-clean,4507,True,True,True,1.0421659672494543,0.35873773667829817,0.3587377366783002,-2.0539125955565396e-15,9.235989750777662e-10,True,0,0
4507-16021-0016,test-clean,4507,True,True,True,1.042319165983267,0.36001447142278603,0.3600144714227831,2.942091015256665e-15,-3.510471913159563e-10,True,0,0
4507-16021-0018,test-clean,4507,True,True,True,1.046612922618545,0.39572185415124717,0.3957218541512546,-7.438494264988549e-15,-1.5672014797019074e-09,True,0,0
4507-16021-0019,test-clean,4507,True,True,True,1.0330915718548725,0.28277637015377716,0.2827763701537762,9.43689570931383e-16,-2.2776447394790011e-10,True,0,0
4507-16021-0021,test-clean,4507,True,True,True,1.0525612083586473,0.4449472052036726,0.44494720520366826,4.3298697960381105e-15,-1.1402079280742328e-09,True,0,0
4507-16021-0023,test-clean,4507,True,True,True,1.0401674141258168,0.3420648855842856,0.34206488558429626,-1.0658141036401503e-14,-2.7070967689724057e-09,True,0,0
4507-16021-0024,test-clean,4507,True,True,True,1.0753058235135737,0.6306399562053828,0.6306399562053819,8.881784197001252e-16,1.9417356611484138e-09,True,0,0
4507-16021-0028,test-clean,4507,True,True,True,1.047306324100214,0.4014745200902425,0.40147452009024676,-4.274358644806853e-15,5.500886857134901e-09,True,0,0
4507-16021-0030,test-clean,4507,True,True,True,1.038042510684049,0.3243027885042976,0.3243027885042977,-1.1102230246251565e-16,4.094506067531256e-09,True,0,0
4507-16021-0032,test-clean,4507,True,True,True,1.0450594044484038,0.3828195561353269,0.38281955613532404,2.886579864025407e-15,-5.78587844302092e-10,True,0,0
4507-16021-0033,test-clean,4507,True,True,True,1.0730388054787303,0.6123085623486519,0.6123085623486553,-3.3306690738754696e-15,-2.289617384576559e-09,True,0,0
4507-16021-0034,test-clean,4507,True,True,True,1.0395967586277444,0.33729833477344034,0.33729833477343973,6.106226635438361e-16,3.5618725746644486e-09,True,0,0
4507-16021-0035,test-clean,4507,True,True,True,1.0455072742581903,0.3865411765353495,0.38654117653534925,2.220446049250313e-16,1.4505445733448141e-09,True,0,0
4507-16021-0038,test-clean,4507,True,True,True,1.0417584787941578,0.3553408766785792,0.35534087667858216,-2.942091015256665e-15,2.5851143448107905e-09,True,0,0
4507-16021-0039,test-clean,4507,True,True,True,1.0536051986184376,0.45355809643466555,0.45355809643465506,1.049160758270773e-14,4.3731773757826886e-10,True,0,0
4507-16021-0041,test-clean,4507,True,True,True,1.038256959116596,0.32609701467626867,0.32609701467626806,6.106226635438361e-16,-1.6241656908277946e-09,True,0,0
4507-16021-0045,test-clean,4507,True,True,True,1.0645792780667207,0.543560168373582,0.5435601683735811,8.881784197001252e-16,-5.258158353171893e-10,True,0,0
4507-16021-0046,test-clean,4507,True,True,True,1.0596719154954215,0.503428487464067,0.5034284874640704,-3.4416913763379853e-15,-1.4710863638356386e-09,True,0,0
4507-16021-0048,test-clean,4507,True,True,True,1.0449367748845115,0.38180027498056907,0.38180027498057356,-4.496403249731884e-15,2.2846400327125593e-09,True,0,0
4507-16021-0050,test-clean,4507,True,True,True,1.041998732530139,0.3573438139054031,0.3573438139054055,-2.3869795029440866e-15,-8.139551255226252e-10,True,0,0
4507-16021-0051,test-clean,4507,True,True,True,1.0507010800686625,0.4295835738194147,0.42958357381941426,4.440892098500626e-16,-3.270557158430165e-10,True,0,0
4507-16021-0053,test-clean,4507,True,True,True,1.0641206708406552,0.5398175912983132,0.5398175912983092,3.9968028886505635e-15,-6.225846505003574e-10,True,0,0
4507-16021-0054,test-clean,4507,True,True,True,1.0393268943763672,0.3350433110119855,0.3350433110119866,-1.1102230246251565e-15,2.8447928457353555e-09,True,0,0
4507-16021-0058,test-clean,4507,True,True,True,1.029953564639965,0.2563529004097217,0.25635290040972336,-1.6653345369377348e-15,3.1264306699085864e-09,True,0,0
4507-16021-0059,test-clean,4507,True,True,True,1.0507049400904227,0.42961548361950874,0.42961548361951074,-1.9984014443252818e-15,-3.3965221746257157e-09,True,0,0
4970-29093-0000,test-clean,4970,True,True,True,1.0984390488435085,0.815519268183245,0.8155192681832482,-3.1086244689504383e-15,-1.3433876233648334e-09,True,0,0
4970-29093-0002,test-clean,4970,True,True,True,1.092615972954168,0.769350903530066,0.7693509035300643,1.6653345369377348e-15,2.8567050947003736e-09,True,0,0
4970-29093-0003,test-clean,4970,True,True,True,1.095394189932243,0.7914086612499204,0.7914086612499176,2.7755575615628914e-15,-7.722178452240769e-11,True,0,0
4970-29093-0005,test-clean,4970,True,True,True,1.0958799119659866,0.7952593233330579,0.795259323333056,1.887379141862766e-15,-1.8031514059657638e-09,True,0,0
4970-29093-0006,test-clean,4970,True,True,True,1.094457602402836,0.783978846646647,0.7839788466466544,-7.438494264988549e-15,1.2243006608514406e-09,True,0,0
4970-29093-0007,test-clean,4970,True,True,True,1.0667686453914695,0.5614048472637189,0.5614048472637201,-1.2212453270876722e-15,7.902691834260622e-10,True,0,0
4970-29093-0008,test-clean,4970,True,True,True,1.0852602444160875,0.7106778818734139,0.7106778818734156,-1.7763568394002505e-15,-6.9995991225368925e-09,True,0,0
4970-29093-0011,test-clean,4970,True,True,True,1.0714972727555316,0.5998213996944997,0.5998213996945019,-2.220446049250313e-15,2.308723878741148e-09,True,0,0
4970-29093-0019,test-clean,4970,True,True,True,1.0750063250416995,0.628220390569725,0.6282203905697266,-1.5543122344752192e-15,-2.967539103337913e-09,True,0,0
4970-29093-0020,test-clean,4970,True,True,True,1.055948382829807,0.47285378819685975,0.47285378819685775,1.9984014443252818e-15,-3.510329804612411e-09,True,0,0
4970-29095-0001,test-clean,4970,True,True,True,1.0664612479385422,0.5589015817901026,0.5589015817901064,-3.774758283725532e-15,1.4869243614157313e-09,True,0,0
4970-29095-0002,test-clean,4970,True,True,True,1.0945098341522532,0.7843933610003557,0.7843933610003582,-2.4424906541753444e-15,-2.547757560478203e-10,True,0,0
4970-29095-0007,test-clean,4970,True,True,True,1.078594003675214,0.6571600309285559,0.657160030928555,8.881784197001252e-16,1.1284093659469363e-09,True,0,0
4970-29095-0008,test-clean,4970,True,True,True,1.0627639303143914,0.5287361249407542,0.5287361249407532,9.992007221626409e-16,-4.740886794252219e-09,True,0,0
4970-29095-0012,test-clean,4970,True,True,True,1.0228719325347806,0.19642523582353896,0.19642523582354698,-8.021361352916756e-15,-3.052143426884868e-09,True,0,0
4970-29095-0013,test-clean,4970,True,True,True,1.0568217844634626,0.4800351378289431,0.480035137828942,1.0547118733938987e-15,-3.804586867772741e-09,True,0,0
4970-29095-0014,test-clean,4970,True,True,True,1.0291716713145613,0.2497564687395889,0.24975646873958723,1.6653345369377348e-15,3.969908846102044e-10,True,0,0
4970-29095-0015,test-clean,4970,True,True,True,1.089048299759725,0.7409428265932694,0.7409428265932725,-3.1086244689504383e-15,-1.2322981746137884e-08,True,0,0
4970-29095-0016,test-clean,4970,True,True,True,1.093483864701732,0.7762475806198561,0.7762475806198523,3.774758283725532e-15,2.8248337002878543e-10,True,0,0
4970-29095-0019,test-clean,4970,True,True,True,1.047943912277872,0.40676078196050397,0.40676078196050014,3.83026943495679e-15,3.7191156820881588e-09,True,0,0
4970-29095-0020,test-clean,4970,True,True,True,1.075642194479868,0.6333566012289327,0.6333566012289289,3.774758283725532e-15,2.5912427759067214e-09,True,0,0
4970-29095-0023,test-clean,4970,True,True,True,1.0792515794513968,0.6624538581069739,0.6624538581069714,2.4424906541753444e-15,-4.6858197322308115e-09,True,0,0
4970-29095-0024,test-clean,4970,True,True,True,1.0824094574543555,0.6878315642949473,0.6878315642949495,-2.220446049250313e-15,2.059604042869978e-09,True,0,0
4970-29095-0025,test-clean,4970,True,True,True,1.0453675584837563,0.38538036501259965,0.38538036501259754,2.1094237467877974e-15,-7.105249721917062e-10,True,0,0
4970-29095-0026,test-clean,4970,True,True,True,1.0749959764685182,0.6281367752503354,0.6281367752503364,-9.992007221626409e-16,-3.482938382148859e-10,True,0,0
4970-29095-0028,test-clean,4970,True,True,True,1.0681176660131235,0.5723819618164855,0.5723819618164825,2.9976021664879227e-15,-3.414058369344275e-09,True,0,0
4970-29095-0029,test-clean,4970,True,True,True,1.0514940278776874,0.43613620773864514,0.4361362077386417,3.4416913763379853e-15,5.840057326622627e-10,True,0,0
4970-29095-0030,test-clean,4970,True,True,True,1.1149754159687877,0.9453058350952009,0.9453058350952048,-3.885780586188048e-15,-2.3697452888882253e-09,True,0,0
4970-29095-0031,test-clean,4970,True,True,True,1.0826932352480236,0.6901084656354316,0.6901084656354257,5.88418203051333e-15,-9.886136353998154e-10,True,0,0
4970-29095-0033,test-clean,4970,True,True,True,1.0368638618707184,0.31443476289003597,0.3144347628900377,-1.7208456881689926e-15,-1.4796555092289054e-09,True,0,0
4992-23283-0000,test-clean,4992,True,True,True,1.0482786087593012,0.4095344729169479,0.40953447291695255,-4.6629367034256575e-15,-1.5250485319029394e-09,True,0,0
4992-23283-0004,test-clean,4992,True,True,True,1.037761280880536,0.3219492606216343,0.32194926062163276,1.5543122344752192e-15,1.6326779928022006e-09,True,0,0
4992-23283-0005,test-clean,4992,True,True,True,1.0581444204036512,0.4908989249466927,0.49089892494668774,4.9404924595819466e-15,9.445209059322224e-10,True,0,0
4992-23283-0006,test-clean,4992,True,True,True,1.047130697960713,0.4000178333980439,0.4000178333980422,1.7208456881689926e-15,-3.135696147182898e-10,True,0,0
4992-23283-0008,test-clean,4992,True,True,True,1.0511091014175031,0.43295593206731164,0.4329559320673084,3.219646771412954e-15,9.686367263839202e-10,True,0,0
4992-23283-0009,test-clean,4992,True,True,True,1.039357660751759,0.335300428755586,0.3353004287555841,1.942890293094024e-15,-1.8304895377241337e-09,True,0,0
4992-23283-0013,test-clean,4992,True,True,True,1.0485338744309587,0.4116493110163312,0.4116493110163262,4.9960036108132044e-15,1.4661623026768211e-09,True,0,0
4992-23283-0016,test-clean,4992,True,True,True,1.0447991940091843,0.38065657805529685,0.3806565780552944,2.4424906541753444e-15,-2.154841638457583e-09,True,0,0
4992-23283-0017,test-clean,4992,True,True,True,1.0380398376532578,0.3242804217128553,0.3242804217128601,-4.773959005888173e-15,-1.2589751463565335e-09,True,0,0
4992-23283-0019,test-clean,4992,True,True,True,1.0553835895135806,0.4682067382830254,0.4682067382830226,2.7755575615628914e-15,-2.020712486228149e-09,True,0,0
4992-23283-0020,test-clean,4992,True,True,True,1.0659971037335325,0.555120494669349,0.5551204946693566,-7.66053886991358e-15,-2.879012583889562e-10,True,0,0
4992-41797-0000,test-clean,4992,True,True,True,1.0265763646615598,0.2278252215763897,0.22782522157639207,-2.3592239273284576e-15,-7.575806648674188e-11,True,0,0
4992-41797-0002,test-clean,4992,True,True,True,1.0471843970382237,0.4004632527737063,0.400463252773708,-1.6653345369377348e-15,-5.642668554628472e-10,True,0,0
4992-41797-0004,test-clean,4992,True,True,True,1.0353873008280594,0.3020566799030163,0.30205667990301777,-1.4432899320127035e-15,1.7501093907412724e-09,True,0,0
4992-41797-0006,test-clean,4992,True,True,True,1.0423148388058219,0.35997841196520686,0.35997841196521563,-8.770761894538737e-15,1.6240733202721458e-09,True,0,0
4992-41797-0010,test-clean,4992,True,True,True,1.044348836106099,0.37691174135819927,0.37691174135819594,3.3306690738754696e-15,1.1294858381916129e-09,True,0,0
4992-41797-0011,test-clean,4992,True,True,True,1.0412488946540723,0.35109106772753024,0.3510910677275305,-2.7755575615628914e-16,3.50674866922418e-09,True,0,0
4992-41797-0015,test-clean,4992,True,True,True,1.0429290694359374,0.36509545328466014,0.36509545328465975,3.885780586188048e-16,-1.1773444441587344e-09,True,0,0
4992-41797-0016,test-clean,4992,True,True,True,1.0225384462855385,0.19359291932374065,0.1935929193237449,-4.246603069191224e-15,-3.4602827270191483e-09,True,0,0
4992-41797-0017,test-clean,4992,True,True,True,1.0359813721817976,0.3070389299721824,0.30703892997217963,2.7755575615628914e-15,-1.2527436865639174e-09,True,0,0
4992-41797-0018,test-clean,4992,True,True,True,1.0362870177101642,0.3096011495765159,0.3096011495765154,4.996003610813204e-16,8.998632949897001e-10,True,0,0
4992-41806-0001,test-clean,4992,True,True,True,1.0234086523490733,0.20098168738238587,0.20098168738238442,1.4432899320127035e-15,-1.5273968756446266e-09,True,0,0
4992-41806-0003,test-clean,4992,True,True,True,1.0315998824388317,0.2702256794736864,0.2702256794736826,3.83026943495679e-15,8.970815201791993e-10,True,0,0
4992-41806-0004,test-clean,4992,True,True,True,1.0293053713590374,0.2508847823505569,0.25088478235055334,3.552713678800501e-15,-2.883425054278632e-09,True,0,0
4992-41806-0007,test-clean,4992,True,True,True,1.0498709896519618,0.4227187066450645,0.4227187066450675,-2.9976021664879227e-15,-2.2376767105924955e-10,True,0,0
4992-41806-0009,test-clean,4992,True,True,True,1.0611802949636846,0.5157835395870658,0.515783539587062,3.774758283725532e-15,1.7102763649745611e-09,True,0,0
4992-41806-0010,test-clean,4992,True,True,True,1.0518927944746832,0.43942960356821004,0.43942960356821104,-9.992007221626409e-16,-3.141806814710435e-09,True,0,0
4992-41806-0011,test-clean,4992,True,True,True,1.0377225394435894,0.32162499517327664,0.3216249951732699,6.716849298982197e-15,-5.116156387430237e-10,True,0,0
4992-41806-0012,test-clean,4992,True,True,True,1.0355963220758135,0.30380998734213743,0.3038099873421345,2.942091015256665e-15,1.9001049622602295e-09,True,0,0
4992-41806-0014,test-clean,4992,True,True,True,1.0384449544561052,0.32766961088300955,0.32766961088301017,-6.106226635438361e-16,-7.6012440786144e-10,True,0,0
5105-28233-0004,test-clean,5105,True,True,True,1.065804936934049,0.5535545522552847,0.5535545522552816,3.1086244689504383e-15,1.1093838736542239e-08,True,0,1
5105-28233-0005,test-clean,5105,True,True,True,1.0677672733901158,0.5695321157179498,0.5695321157179478,1.9984014443252818e-15,-1.9937438366923743e-09,True,0,0
5105-28233-0006,test-clean,5105,True,True,True,1.0709822100853705,0.5956451379083556,0.5956451379083525,3.1086244689504383e-15,4.559563393513599e-09,True,0,0
5105-28233-0008,test-clean,5105,True,True,True,1.0662727026286212,0.5573658217787988,0.5573658217788058,-6.994405055138486e-15,3.787697266943724e-09,True,0,0
5105-28240-0003,test-clean,5105,True,True,True,1.0796133204294243,0.6653646861465529,0.6653646861465496,3.219646771412954e-15,-3.0517384175254847e-09,True,0,0
5105-28240-0004,test-clean,5105,True,True,True,1.090304657975413,0.7509573494611477,0.7509573494611459,1.7763568394002505e-15,2.209546323683753e-09,True,0,0
5105-28240-0005,test-clean,5105,True,True,True,1.1009109317352548,0.8350436833294822,0.8350436833294808,1.4432899320127035e-15,-5.936975355780305e-10,True,0,0
5105-28240-0006,test-clean,5105,True,True,True,1.0909816773994614,0.7563491369523854,0.7563491369523874,-1.9984014443252818e-15,1.1381615649952437e-09,True,0,0
5105-28240-0007,test-clean,5105,True,True,True,1.1129804580404306,0.92975077924198,0.9297507792419779,2.1094237467877974e-15,-6.402995467169603e-09,True,0,1
5105-28240-0008,test-clean,5105,True,True,True,1.107812516898965,0.8893253564812291,0.8893253564812262,2.886579864025407e-15,-2.408913957197001e-09,True,0,0
5105-28240-0010,test-clean,5105,True,True,True,1.0649616650340314,0.5466794988974237,0.5466794988974222,1.5543122344752192e-15,-1.853582176636337e-09,True,0,0
5105-28240-0011,test-clean,5105,True,True,True,1.0909478189503903,0.7560795675162846,0.7560795675162879,-3.3306690738754696e-15,2.5829400840393646e-09,True,0,0
5105-28240-0012,test-clean,5105,True,True,True,1.1020071003264573,0.8436878544290463,0.8436878544290458,4.440892098500626e-16,-2.580371472049592e-09,True,0,0
5105-28240-0013,test-clean,5105,True,True,True,1.1120253271609308,0.9222935744346854,0.9222935744346898,-4.440892098500626e-15,-5.214818799004206e-09,True,0,0
5105-28240-0015,test-clean,5105,True,True,True,1.0863214514041912,0.7191671112063853,0.7191671112063815,3.774758283725532e-15,-2.750866201495228e-09,True,0,0
5105-28240-0016,test-clean,5105,True,True,True,1.088215625810344,0.7342991539576392,0.7342991539576325,6.772360450213455e-15,-2.3462156661935296e-09,True,0,0
5105-28240-0019,test-clean,5105,True,True,True,1.0898261731030343,0.7471446728983924,0.7471446728983864,5.995204332975845e-15,1.9126034089822497e-09,True,0,0
5105-28240-0021,test-clean,5105,True,True,True,1.0779265285714277,0.6517832073035661,0.6517832073035628,3.3306690738754696e-15,-8.876170909388748e-10,True,0,0
5105-28240-0022,test-clean,5105,True,True,True,1.1286815718072805,1.0514286859247082,1.051428685924705,3.1086244689504383e-15,-2.1492922996912966e-09,True,0,0
5105-28240-0023,test-clean,5105,True,True,True,1.092486747662407,0.7683235498835744,0.7683235498835721,2.3314683517128287e-15,-4.696332212006382e-11,True,0,0
5105-28240-0024,test-clean,5105,True,True,True,1.0787976796267966,0.6588000732596018,0.6588000732596022,-4.440892098500626e-16,-2.8909141747135436e-09,True,0,0
5105-28241-0001,test-clean,5105,True,True,True,1.0757382863361542,0.6341325153611066,0.6341325153611095,-2.886579864025407e-15,6.409948127839016e-10,True,0,0
5105-28241-0003,test-clean,5105,True,True,True,1.118821310000886,0.9752145942410634,0.9752145942410593,4.107825191113079e-15,4.350859228452464e-09,True,0,0
5105-28241-0007,test-clean,5105,True,True,True,1.0389157147866117,0.3316063103760683,0.331606310376074,-5.717648576819556e-15,1.3874590365503536e-09,True,0,0
5105-28241-0008,test-clean,5105,True,True,True,1.099002923846083,0.8199769569053099,0.8199769569053146,-4.6629367034256575e-15,-8.793726635758503e-09,True,0,0
5105-28241-0010,test-clean,5105,True,True,True,1.1148130067500188,0.9440405414569775,0.9440405414569852,-7.771561172376096e-15,-2.224794570793165e-09,True,0,0
5105-28241-0012,test-clean,5105,True,True,True,1.0919198117159792,0.7638149174113368,0.7638149174113344,2.3314683517128287e-15,4.2454928461665986e-11,True,0,0
5105-28241-0017,test-clean,5105,True,True,True,1.0714350546270233,0.5993170255796879,0.5993170255796834,4.551914400963142e-15,-3.0453506383310014e-10,True,0,0
5105-28241-0018,test-clean,5105,True,True,True,1.081273802500369,0.6787136174256989,0.6787136174257,-1.1102230246251565e-15,1.0030944963546062e-09,True,0,0
5105-28241-0019,test-clean,5105,True,True,True,1.1018431965431017,0.8423958881116106,0.8423958881116107,-1.1102230246251565e-16,1.1645084896372282e-09,True,0,0
5142-33396-0000,test-clean,5142,True,True,True,1.0790453615660047,0.6607940440514369,0.660794044051439,-2.1094237467877974e-15,-6.134541763458401e-10,True,0,0
5142-33396-0001,test-clean,5142,True,True,True,1.0618812483936542,0.5215190345136391,0.5215190345136413,-2.220446049250313e-15,-4.5210057919575775e-09,True,0,0
5142-33396-0002,test-clean,5142,True,True,True,1.1291475892660965,1.0550142329128989,1.0550142329128995,-6.661338147750939e-16,-2.0972557024379057e-09,True,0,0
5142-33396-0003,test-clean,5142,True,True,True,1.1040803220073212,0.8600133906106633,0.8600133906106642,-8.881784197001252e-16,-7.939526369682426e-09,True,0,0
5142-33396-0004,test-clean,5142,True,True,True,1.1101401631977323,0.907556301145913,0.9075563011459131,-1.1102230246251565e-16,4.801066211257421e-09,True,0,0
5142-33396-0005,test-clean,5142,True,True,True,1.0604566835254183,0.5098586717599554,0.5098586717599574,-1.9984014443252818e-15,-1.3634959827868443e-10,True,0,0
5142-33396-0008,test-clean,5142,True,True,True,1.0872606177151296,0.7266731497886408,0.7266731497886383,2.55351295663786e-15,-6.747995939804241e-09,True,0,0
5142-33396-0012,test-clean,5142,True,True,True,1.0619580663311996,0.5221473608878693,0.5221473608878746,-5.329070518200751e-15,-8.633485037989885e-10,True,0,0
5142-33396-0016,test-clean,5142,True,True,True,1.072755298629627,0.6100133661669106,0.6100133661669105,1.1102230246251565e-16,-7.467356510915124e-09,True,0,0
5142-33396-0018,test-clean,5142,True,True,True,1.091768218377649,0.7626089548465641,0.7626089548465664,-2.3314683517128287e-15,-1.1771312813380064e-09,True,0,0
5142-33396-0022,test-clean,5142,True,True,True,1.0563330692396093,0.4760175178546414,0.47601751785463975,1.6653345369377348e-15,1.961478091061508e-09,True,0,0
5142-33396-0024,test-clean,5142,True,True,True,1.0694786319759595,0.5834422371011743,0.5834422371011811,-6.8833827526759706e-15,3.574566420638803e-09,True,0,0
5142-33396-0027,test-clean,5142,True,True,True,1.0555392500291663,0.46948774205682997,0.4694877420568311,-1.1102230246251565e-15,1.147096639897427e-09,True,0,0
5142-33396-0028,test-clean,5142,True,True,True,1.0480007668343416,0.4072320085228832,0.40723200852288244,7.771561172376096e-16,3.605620690905198e-09,True,0,0
5142-33396-0029,test-clean,5142,True,True,True,1.044403748207007,0.3773684354175841,0.3773684354175799,4.163336342344337e-15,-1.3292655864916014e-09,True,0,0
5142-33396-0032,test-clean,5142,True,True,True,1.0656196092773835,0.5520440736604919,0.5520440736604968,-4.884981308350689e-15,-5.476472608734184e-10,True,0,0
5142-33396-0043,test-clean,5142,True,True,True,1.08809482176152,0.7333348699896383,0.7333348699896369,1.3322676295501878e-15,1.8914114718882047e-09,True,0,0
5142-33396-0045,test-clean,5142,True,True,True,1.105465804253129,0.8709062588941264,0.8709062588941272,-7.771561172376096e-16,4.4865799964100006e-10,True,0,0
5142-33396-0046,test-clean,5142,True,True,True,1.0611602047436626,0.5156190971387923,0.5156190971387922,1.1102230246251565e-16,-2.3500419388255978e-09,True,0,0
5142-33396-0057,test-clean,5142,True,True,True,1.0721663735446412,0.6052436456795116,0.6052436456795185,-6.8833827526759706e-15,3.378296753453469e-09,True,0,0
5142-33396-0067,test-clean,5142,True,True,True,1.051928210651713,0.43972204385125885,0.43972204385125835,4.996003610813204e-16,1.4831442740614875e-09,True,0,0
5142-36377-0001,test-clean,5142,True,True,True,1.0666785036940278,0.5606708606387697,0.5606708606387691,5.551115123125783e-16,8.473541868170287e-10,True,0,0
5142-36377-0009,test-clean,5142,True,True,True,1.0568957857239827,0.4806433238905846,0.48064332389058606,-1.4432899320127035e-15,5.74509328998829e-11,True,0,0
5142-36377-0011,test-clean,5142,True,True,True,1.058427017429272,0.49321834261178876,0.49321834261178665,2.1094237467877974e-15,5.509903644451697e-10,True,0,0
5142-36377-0012,test-clean,5142,True,True,True,1.0936764425836065,0.7777771532144626,0.777777153214462,6.661338147750939e-16,1.6959376125669223e-09,True,0,0
5142-36377-0013,test-clean,5142,True,True,True,1.0472823415316166,0.40127561712900517,0.40127561712900217,2.9976021664879227e-15,-4.269203657258913e-09,True,0,0
5142-36377-0020,test-clean,5142,True,True,True,1.0878181854437974,0.7311262959054637,0.7311262959054687,-4.9960036108132044e-15,1.4303438433671545e-09,True,0,0
5142-36586-0001,test-clean,5142,True,True,True,1.0670262296357123,0.5635019076279079,0.5635019076279022,5.662137425588298e-15,-1.3599859016721894e-09,True,0,0
5142-36586-0002,test-clean,5142,True,True,True,1.0498624295959165,0.42264788651006624,0.42264788651006313,3.1086244689504383e-15,-3.1862263938364777e-09,True,0,0
5142-36600-0000,test-clean,5142,True,True,True,1.1015776775186306,0.8403025350153637,0.8403025350153683,-4.6629367034256575e-15,1.5951826526361401e-09,True,0,0
5639-40744-0000,test-clean,5639,True,True,True,1.0799388907181184,0.667983625020878,0.6679836250208773,7.771561172376096e-16,-2.597410286853119e-09,True,0,0
5639-40744-0001,test-clean,5639,True,True,True,1.0722998190586903,0.6063246541031647,0.6063246541031688,-4.107825191113079e-15,-9.806555567593023e-11,True,0,0
5639-40744-0002,test-clean,5639,True,True,True,1.0820347025346144,0.6848237898585432,0.6848237898585481,-4.884981308350689e-15,1.1118395093490108e-09,True,0,0
5639-40744-0003,test-clean,5639,True,True,True,1.070945217252635,0.5953451131190272,0.5953451131190306,-3.4416913763379853e-15,3.3677700628231833e-09,True,0,0
5639-40744-0005,test-clean,5639,True,True,True,1.1235004220101394,1.0114647977044753,1.0114647977044768,-1.5543122344752192e-15,-7.140762647850352e-09,True,0,0
5639-40744-0006,test-clean,5639,True,True,True,1.0773798564327428,0.6473770272823085,0.6473770272823067,1.7763568394002505e-15,8.111520344300516e-10,True,0,0
5639-40744-0007,test-clean,5639,True,True,True,1.098565479549537,0.8165189594869687,0.8165189594869702,-1.4432899320127035e-15,1.727855192257266e-09,True,0,0
5639-40744-0008,test-clean,5639,True,True,True,1.0998561319328795,0.8267176087289667,0.8267176087289734,-6.661338147750939e-15,3.8772896004957147e-10,True,0,0
5639-40744-0011,test-clean,5639,True,True,True,1.1103699161204108,0.9093537336873068,0.9093537336873041,2.6645352591003757e-15,-2.4302551082655555e-09,True,0,0
5639-40744-0012,test-clean,5639,True,True,True,1.0942704639823009,0.7824935422849626,0.7824935422849641,-1.5543122344752192e-15,-3.21320214879961e-09,True,0,0
5639-40744-0013,test-clean,5639,True,True,True,1.0822055334608867,0.6861950041542318,0.6861950041542286,3.219646771412954e-15,-2.794919851112354e-10,True,0,0
5639-40744-0014,test-clean,5639,True,True,True,1.0966092896884252,0.8010384118964076,0.8010384118964105,-2.886579864025407e-15,-1.227782320256665e-10,True,0,0
5639-40744-0015,test-clean,5639,True,True,True,1.0840504145202896,0.7009895967936064,0.7009895967936046,1.7763568394002505e-15,-1.1648211284409626e-09,True,0,0
5639-40744-0017,test-clean,5639,True,True,True,1.1025408201501292,0.8478935525983394,0.8478935525983395,-1.1102230246251565e-16,-2.074759919423741e-09,True,0,0
5639-40744-0019,test-clean,5639,True,True,True,1.0894254560000618,0.7439503794765129,0.7439503794765159,-2.9976021664879227e-15,-2.781405328278197e-09,True,0,0
5639-40744-0020,test-clean,5639,True,True,True,1.0940266019159104,0.780557645155313,0.7805576451553051,7.882583474838611e-15,1.5512995332755963e-09,True,0,0
5639-40744-0023,test-clean,5639,True,True,True,1.079908988508626,0.667743119850027,0.667743119850023,3.9968028886505635e-15,1.7029471166551957e-09,True,0,0
5639-40744-0025,test-clean,5639,True,True,True,1.0889237574581276,0.7399494615181391,0.7399494615181439,-4.773959005888173e-15,-1.0203464739788615e-09,True,0,0
5639-40744-0026,test-clean,5639,True,True,True,1.0857524926495365,0.7146167016053693,0.7146167016053688,4.440892098500626e-16,2.2738504412700422e-09,True,0,0
5639-40744-0027,test-clean,5639,True,True,True,1.0735227220146253,0.6162248215773665,0.6162248215773687,-2.220446049250313e-15,4.602682679433201e-10,True,0,0
5639-40744-0028,test-clean,5639,True,True,True,1.1005495592592942,0.832192084142978,0.8321920841429744,3.552713678800501e-15,-3.7904328564764e-09,True,0,0
5639-40744-0029,test-clean,5639,True,True,True,1.1162776501587244,0.9554445897821583,0.9554445897821608,-2.55351295663786e-15,3.0132625283840753e-09,True,0,0
5639-40744-0030,test-clean,5639,True,True,True,1.0818542389687769,0.6833750217724124,0.683375021772413,-6.661338147750939e-16,-1.1890080031662364e-09,True,0,0
5639-40744-0031,test-clean,5639,True,True,True,1.1009690246355117,0.8355020085156886,0.8355020085156895,-8.881784197001252e-16,-1.0600444966257783e-09,True,0,0
5639-40744-0032,test-clean,5639,True,True,True,1.0831257467166195,0.6935775892922507,0.6935775892922535,-2.886579864025407e-15,8.482459179504076e-10,True,0,0
5639-40744-0033,test-clean,5639,True,True,True,1.064130279158255,0.5398960188787447,0.5398960188787498,-5.10702591327572e-15,1.204313093694509e-09,True,0,0
5639-40744-0034,test-clean,5639,True,True,True,1.0815253668003275,0.6807342024038938,0.6807342024038974,-3.552713678800501e-15,7.794689338425087e-10,True,0,0
5639-40744-0036,test-clean,5639,True,True,True,1.0757136959838645,0.6339339619302939,0.6339339619302891,4.884981308350689e-15,1.2050058728618751e-09,True,0,0
5639-40744-0039,test-clean,5639,True,True,True,1.09238994638063,0.7675538906591606,0.7675538906591584,2.220446049250313e-15,-9.714646864722454e-10,True,0,0
5639-40744-0041,test-clean,5639,True,True,True,1.0710537752799483,0.5962255272076084,0.5962255272076078,5.551115123125783e-16,1.499518731407079e-09,True,0,0
5683-32865-0000,test-clean,5683,True,True,True,1.0402451994083546,0.3427144051800699,0.34271440518007523,-5.329070518200751e-15,-5.714184680982726e-10,True,0,0
5683-32865-0002,test-clean,5683,True,True,True,1.1271928495072854,1.0399645021434836,1.0399645021434907,-7.105427357601002e-15,-3.041407126147533e-10,True,0,0
5683-32865-0003,test-clean,5683,True,True,True,1.0820384270666916,0.684853687992884,0.6848536879928844,-3.3306690738754696e-16,-2.0522961108326854e-10,True,0,0
5683-32865-0005,test-clean,5683,True,True,True,1.0810463985631675,0.676886685865698,0.6768866858656999,-1.887379141862766e-15,7.884359831678012e-10,True,0,0
5683-32865-0009,test-clean,5683,True,True,True,1.0680807368127432,0.5720816498618156,0.572081649861822,-6.328271240363392e-15,-1.1688250367569708e-09,True,0,0
5683-32865-0011,test-clean,5683,True,True,True,1.0336649450160955,0.28759576333040593,0.2875957633304118,-5.88418203051333e-15,-6.688001263910337e-09,True,0,0
5683-32865-0013,test-clean,5683,True,True,True,1.0448761523347374,0.3812963439633899,0.3812963439633883,1.609823385706477e-15,-6.326317247840052e-09,True,0,0
5683-32865-0017,test-clean,5683,True,True,True,1.1345681714268911,1.0966119186551513,1.0966119186551495,1.7763568394002505e-15,1.5558327959297458e-09,True,0,0
5683-32866-0002,test-clean,5683,True,True,True,1.0368149386304426,0.31402491941210814,0.3140249194121125,-4.385380947269368e-15,2.746411098542012e-09,True,0,0
5683-32866-0004,test-clean,5683,True,True,True,1.0787233652601103,0.658201713962625,0.6582017139626295,-4.551914400963142e-15,5.445805584258778e-09,True,0,0
5683-32866-0008,test-clean,5683,True,True,True,1.050048498740598,0.42418716709399384,0.4241871670939936,2.220446049250313e-16,-2.9849793747871445e-09,True,0,0
5683-32866-0009,test-clean,5683,True,True,True,1.0417060151694522,0.35490343869427665,0.35490343869428287,-6.217248937900877e-15,1.8464341167145903e-09,True,0,0
5683-32866-0014,test-clean,5683,True,True,True,1.0378899336377414,0.3230259961004401,0.3230259961004407,-6.106226635438361e-16,-2.8814284291911463e-10,True,0,0
5683-32866-0015,test-clean,5683,True,True,True,1.0508653112752995,0.43094112706613064,0.43094112706613075,-1.1102230246251565e-16,9.58066692646753e-09,True,0,0
5683-32866-0016,test-clean,5683,True,True,True,1.0560262794295268,0.473494516782049,0.47349451678205057,-1.5543122344752192e-15,3.118692859516159e-09,True,0,18
5683-32866-0018,test-clean,5683,True,True,True,1.056362775483075,0.47626177937762854,0.4762617793776336,-5.051514762044462e-15,2.2705286539803637e-09,True,0,0
5683-32866-0021,test-clean,5683,True,True,True,1.0443928056698581,0.37727743022144883,0.3772774302214543,-5.495603971894525e-15,-1.9447163879249274e-09,True,0,0
5683-32866-0025,test-clean,5683,True,True,True,1.0945532772925028,0.7847381133465224,0.7847381133465241,-1.6653345369377348e-15,2.899184892157791e-09,True,0,0
5683-32866-0026,test-clean,5683,True,True,True,1.0186329577083169,0.16035447193577307,0.16035447193577568,-2.609024107869118e-15,-8.107043925065227e-10,True,0,5
5683-32866-0027,test-clean,5683,True,True,True,1.0849803552567057,0.7084374976845584,0.7084374976845567,1.7763568394002505e-15,-9.285372470912989e-10,True,0,0
5683-32866-0028,test-clean,5683,True,True,True,1.096508949262199,0.8002436112754786,0.8002436112754729,5.662137425588298e-15,-3.9260328321688576e-10,True,0,0
5683-32866-0030,test-clean,5683,True,True,True,1.0997152626302116,0.8256050508724118,0.825605050872408,3.774758283725532e-15,-3.3141240862732957e-09,True,0,0
5683-32879-0001,test-clean,5683,True,True,True,1.0886648198492315,0.7378837788377146,0.7378837788377162,-1.5543122344752192e-15,2.100492224599293e-09,True,0,0
5683-32879-0004,test-clean,5683,True,True,True,1.056006084053286,0.47332840681871347,0.473328406818716,-2.55351295663786e-15,2.110180474801382e-09,True,0,0
5683-32879-0009,test-clean,5683,True,True,True,1.056753397759501,0.47947305764506726,0.4794730576450661,1.1657341758564144e-15,-1.1076579653490626e-09,True,0,0
5683-32879-0012,test-clean,5683,True,True,True,1.0792814624829594,0.6626943554347214,0.66269435543472,1.4432899320127035e-15,6.364683002857419e-09,True,0,0
5683-32879-0015,test-clean,5683,True,True,True,1.1688877613453645,1.3554562289072571,1.3554562289072578,-6.661338147750939e-16,-4.798856423349207e-09,True,0,0
5683-32879-0016,test-clean,5683,True,True,True,1.1024714986580257,0.847347416120988,0.8473474161209857,2.220446049250313e-15,1.3246506114228396e-09,True,0,0
5683-32879-0021,test-clean,5683,True,True,True,1.0526534729300596,0.4457085526257923,0.44570855262579556,-3.2751579226442118e-15,-1.686967010527951e-09,True,0,0
5683-32879-0023,test-clean,5683,True,True,True,1.1233787136918036,1.0105238080398906,1.010523808039892,-1.3322676295501878e-15,9.115979082707781e-10,True,0,0
6829-68769-0003,test-clean,6829,True,True,True,1.040191647173777,0.3422672406335674,0.3422672406335643,3.1086244689504383e-15,-4.822471311172194e-09,True,0,0
6829-68769-0004,test-clean,6829,True,True,True,1.0460758294330665,0.39126334857340583,0.3912633485734105,-4.6629367034256575e-15,5.980886896850279e-10,True,0,0
6829-68769-0005,test-clean,6829,True,True,True,1.0544029025234853,0.4601318552452459,0.4601318552452476,-1.6653345369377348e-15,-3.1566855795972515e-09,True,0,0
6829-68769-0007,test-clean,6829,True,True,True,1.047629896520822,0.4041576703742523,0.40415767037425,2.3314683517128287e-15,-3.453415331478027e-09,True,0,0
6829-68769-0011,test-clean,6829,True,True,True,1.0632600551517968,0.5327899697629075,0.5327899697629128,-5.329070518200751e-15,-1.7152075315607362e-09,True,0,0
6829-68769-0012,test-clean,6829,True,True,True,1.066351514710525,0.5580078036528748,0.5580078036528775,-2.6645352591003757e-15,-2.7142768033172615e-09,True,0,0
6829-68769-0019,test-clean,6829,True,True,True,1.0573801092242325,0.484622729374917,0.48462272937491946,-2.4424906541753444e-15,4.2306069758524245e-10,True,0,0
6829-68769-0025,test-clean,6829,True,True,True,1.0616649451391942,0.5197495545665457,0.5197495545665411,4.551914400963142e-15,-2.9327651418498135e-11,True,0,0
6829-68769-0032,test-clean,6829,True,True,True,1.034289633348937,0.2928434357300417,0.2928434357300418,-1.1102230246251565e-16,3.6017269167132326e-09,True,0,0
6829-68769-0035,test-clean,6829,True,True,True,1.0376239932431779,0.32080010987514757,0.32080010987514385,3.7192471324942744e-15,7.780947441915487e-09,True,0,0
6829-68769-0037,test-clean,6829,True,True,True,1.0542337068805756,0.45873795486605756,0.4587379548660522,5.384581669432009e-15,-1.0422915863728122e-09,True,0,0
6829-68769-0038,test-clean,6829,True,True,True,1.0420262149107482,0.3575728984231005,0.35757289842310414,-3.608224830031759e-15,-3.6549892001858098e-09,True,0,0
6829-68769-0039,test-clean,6829,True,True,True,1.0442720187522327,0.37627282495868136,0.37627282495867576,5.6066262743570405e-15,1.7288570575146878e-09,True,0,0
6829-68769-0047,test-clean,6829,True,True,True,1.0515231214362943,0.4363765323972784,0.43637653239727925,-8.326672684688674e-16,-7.564793236269907e-10,True,0,0
6829-68769-0051,test-clean,6829,True,True,True,1.0344045403930446,0.29380836318761316,0.29380836318761894,-5.773159728050814e-15,2.9999185358065006e-09,True,0,0
6829-68769-0052,test-clean,6829,True,True,True,1.0390452031049513,0.3326888343391401,0.33268883433913743,2.6645352591003757e-15,1.1153531431773445e-09,True,0,0
6829-68771-0003,test-clean,6829,True,True,True,1.0535265613837053,0.4529097892375455,0.4529097892375482,-2.7200464103316335e-15,1.149697226310309e-09,True,0,0
6829-68771-0005,test-clean,6829,True,True,True,1.039718634362725,0.33831655373952907,0.33831655373953495,-5.88418203051333e-15,-6.002736085974902e-10,True,0,0
6829-68771-0006,test-clean,6829,True,True,True,1.053769264912099,0.4549105487373872,0.45491054873738435,2.831068712794149e-15,-1.6120651480378e-09,True,0,0
6829-68771-0007,test-clean,6829,True,True,True,1.0417412819359302,0.3551974929206297,0.3551974929206345,-4.829470157119431e-15,1.5825811772174347e-09,True,0,0
6829-68771-0009,test-clean,6829,True,True,True,1.0365741192619773,0.31200722721040386,0.3120072272104082,-4.3298697960381105e-15,6.501004179426673e-10,True,0,0
6829-68771-0012,test-clean,6829,True,True,True,1.0437067750271964,0.3715700523550164,0.37157005235502183,-5.440092820663267e-15,2.044060920525226e-09,True,0,0
6829-68771-0013,test-clean,6829,True,True,True,1.0376057265672636,0.3206471992556287,0.3206471992556281,5.551115123125783e-16,-6.379217154517391e-10,True,0,0
6829-68771-0016,test-clean,6829,True,True,True,1.048712093860132,0.41312552727354557,0.4131255272735501,-4.551914400963142e-15,-9.469580675158795e-10,True,0,0
6829-68771-0020,test-clean,6829,True,True,True,1.0356011520593105,0.30385049792032426,0.30385049792031893,5.329070518200751e-15,-5.17594855864445e-10,True,0,0
6829-68771-0022,test-clean,6829,True,True,True,1.0613396336039942,0.5170876478112391,0.5170876478112412,-2.1094237467877974e-15,-1.796490067818013e-09,True,0,0
6829-68771-0025,test-clean,6829,True,True,True,1.0475093310917147,0.40315800600947366,0.40315800600946616,7.494005416219807e-15,-1.2515108949173737e-09,True,0,0
6829-68771-0028,test-clean,6829,True,True,True,1.0413714580276137,0.3521134066632917,0.35211340666328894,2.7755575615628914e-15,-3.0903990477781917e-09,True,0,0
6829-68771-0031,test-clean,6829,True,True,True,1.0473010473670996,0.4014307571186172,0.4014307571186251,-7.882583474838611e-15,-7.627107834196067e-09,True,0,0
6829-68771-0036,test-clean,6829,True,True,True,1.0571896021779768,0.4830576609124248,0.4830576609124151,9.71445146547012e-15,2.464528137124944e-09,True,0,0
6930-75918-0001,test-clean,6930,True,True,True,1.1317246135684815,1.074815226839869,1.074815226839874,-5.10702591327572e-15,1.1103082897534478e-09,True,0,0
6930-75918-0007,test-clean,6930,True,True,True,1.1586738080832586,1.279223796264661,1.2792237962646595,1.5543122344752192e-15,2.6299531441509316e-09,True,0,0
6930-75918-0010,test-clean,6930,True,True,True,1.1620507461115888,1.3045018773517103,1.3045018773517079,2.4424906541753444e-15,3.1153923885085533e-09,True,0,0
6930-75918-0012,test-clean,6930,True,True,True,1.1253884825251343,1.0260493234969361,1.0260493234969417,-5.551115123125783e-15,1.8275869706485537e-10,True,0,0
6930-75918-0013,test-clean,6930,True,True,True,1.1314064155904122,1.0723727411833446,1.0723727411833437,8.881784197001252e-16,2.2760318074688257e-09,True,0,0
6930-75918-0017,test-clean,6930,True,True,True,1.1288684191340927,1.0528664704876876,1.052866470487686,1.5543122344752192e-15,3.6974512340748333e-10,True,0,0
6930-76324-0002,test-clean,6930,True,True,True,1.102115645076535,0.8445433491810467,0.8445433491810448,1.887379141862766e-15,1.178083408603925e-09,True,0,0
6930-76324-0004,test-clean,6930,True,True,True,1.1458222450957873,1.1823449885488908,1.1823449885488913,-4.440892098500626e-16,-2.455124104017159e-09,True,0,0
6930-76324-0005,test-clean,6930,True,True,True,1.1874728555122176,1.4924738171213066,1.4924738171213079,-1.3322676295501878e-15,1.266837301727719e-09,True,0,0
6930-76324-0011,test-clean,6930,True,True,True,1.1061787631909175,0.8765063294983957,0.8765063294983939,1.7763568394002505e-15,-2.171471891188048e-09,True,0,0
6930-76324-0013,test-clean,6930,True,True,True,1.2176407664990987,1.7103835961716487,1.7103835961716456,3.1086244689504383e-15,2.9882585295126773e-10,True,0,0
6930-76324-0014,test-clean,6930,True,True,True,1.0661906076131198,0.5566970475575422,0.5566970475575417,5.551115123125783e-16,2.397463561010227e-09,True,0,0
6930-76324-0015,test-clean,6930,True,True,True,1.110694040594942,0.9118888335220019,0.9118888335220063,-4.440892098500626e-15,-5.018989668315044e-10,True,0,0
6930-76324-0016,test-clean,6930,True,True,True,1.1714334379778386,1.3743523317250932,1.3743523317250919,1.3322676295501878e-15,1.217884459947527e-09,True,0,0
6930-76324-0020,test-clean,6930,True,True,True,1.097787366479303,0.8103645708157969,0.8103645708157963,6.661338147750939e-16,-1.550805706074243e-09,True,0,0
6930-76324-0023,test-clean,6930,True,True,True,1.1334376108037956,1.087952394335016,1.0879523943350158,2.220446049250313e-16,-4.389086427636357e-09,True,0,0
6930-76324-0024,test-clean,6930,True,True,True,1.1564544100399632,1.262570332131239,1.26257033213124,-1.1102230246251565e-15,2.847578173259535e-09,True,0,0
6930-76324-0026,test-clean,6930,True,True,True,1.1463565098786708,1.1863940314218304,1.1863940314218304,0.0,-6.4101328689503134e-09,True,0,0
6930-76324-0027,test-clean,6930,True,True,True,1.1399525258904122,1.137735304393638,1.1377353043936367,1.3322676295501878e-15,2.32699193247754e-10,True,0,0
6930-81414-0001,test-clean,6930,True,True,True,1.148440428973602,1.2021694544602661,1.2021694544602575,8.659739592076221e-15,-1.4163283879042865e-09,True,0,0
6930-81414-0003,test-clean,6930,True,True,True,1.0842545522454494,0.7026250842219152,0.7026250842219106,4.551914400963142e-15,1.7822472386797017e-09,True,0,0
6930-81414-0009,test-clean,6930,True,True,True,1.109761650217504,0.9045942584241752,0.9045942584241793,-4.107825191113079e-15,1.3333121273717552e-09,True,0,0
6930-81414-0010,test-clean,6930,True,True,True,1.1450438631140858,1.1764424696498008,1.1764424696498033,-2.4424906541753444e-15,-4.4363801521285495e-10,True,0,0
6930-81414-0011,test-clean,6930,True,True,True,1.100715160363367,0.8334989627785265,0.8334989627785205,5.995204332975845e-15,1.3081127292480232e-09,True,0,0
6930-81414-0017,test-clean,6930,True,True,True,1.1575949580591456,1.2711325306394592,1.2711325306394592,0.0,-5.8645248657285265e-09,True,0,0
6930-81414-0018,test-clean,6930,True,True,True,1.1091783990476378,0.9000280643883509,0.9000280643883514,-4.440892098500626e-16,-5.899956079247204e-09,True,0,0
6930-81414-0022,test-clean,6930,True,True,True,1.1420811393351256,1.1539391905209817,1.1539391905209726,9.103828801926284e-15,-7.0751049463524396e-09,True,0,0
6930-81414-0025,test-clean,6930,True,True,True,1.1614998297191088,1.3003830093362458,1.3003830093362474,-1.5543122344752192e-15,-3.0831870390102267e-10,True,0,0
6930-81414-0026,test-clean,6930,True,True,True,1.0949444144228426,0.7878414497843511,0.7878414497843522,-1.1102230246251565e-15,-2.9987425875788176e-09,True,0,0
6930-81414-0027,test-clean,6930,True,True,True,1.1277762197998014,1.0444586569954788,1.0444586569954843,-5.551115123125783e-15,-1.2572520802223153e-09,True,0,0
7021-79730-0000,test-clean,7021,True,True,True,1.0792825100651129,0.6627027862091507,0.6627027862091559,-5.218048215738236e-15,-9.224134345231505e-09,True,0,0
7021-79730-0001,test-clean,7021,True,True,True,1.0500858636876844,0.42449624046812173,0.4244962404681196,2.1094237467877974e-15,1.0564491503828322e-09,True,0,0
7021-79730-0002,test-clean,7021,True,True,True,1.0627983800981167,0.5290176758678222,0.5290176758678271,-4.884981308350689e-15,4.49594139695364e-09,True,0,0
7021-79730-0004,test-clean,7021,True,True,True,1.060111517526568,0.5070310581063924,0.5070310581063922,2.220446049250313e-16,-8.786713578956551e-10,True,0,0
7021-79730-0008,test-clean,7021,True,True,True,1.050911862674931,0.43132588747248984,0.43132588747248946,3.885780586188048e-16,3.372655044131534e-09,True,0,0
7021-79730-0009,test-clean,7021,True,True,True,1.0576588043104824,0.4869117792456848,0.4869117792456912,-6.38378239159465e-15,-5.966676042135077e-10,True,0,0
7021-79740-0000,test-clean,7021,True,True,True,1.0539243869039987,0.4561890765759547,0.45618907657594576,8.93729534823251e-15,-1.9555912444957357e-10,True,0,0
7021-79740-0001,test-clean,7021,True,True,True,1.0580424653592457,0.49006197593203527,0.4900619759320328,2.4424906541753444e-15,1.5008438936092716e-09,True,0,0
7021-79740-0004,test-clean,7021,True,True,True,1.0516752144145225,0.43763277419188107,0.43763277419188285,-1.7763568394002505e-15,-3.0562148367607733e-09,True,0,0
7021-79740-0008,test-clean,7021,True,True,True,1.050384519373484,0.42696624943852796,0.42696624943853223,-4.274358644806853e-15,7.164793203173758e-10,True,0,0
7021-79740-0009,test-clean,7021,True,True,True,1.057949816355223,0.48930135026105664,0.48930135026106214,-5.495603971894525e-15,2.9490827557765442e-09,True,0,0
7021-79740-0010,test-clean,7021,True,True,True,1.0407762387502484,0.34714737173457255,0.3471473717345681,4.440892098500626e-15,-3.3328397819332167e-09,True,0,0
7021-79740-0011,test-clean,7021,True,True,True,1.051313104952241,0.4346415613274113,0.4346415613274104,8.881784197001252e-16,-3.215909316622856e-09,True,0,0
7021-79740-0013,test-clean,7021,True,True,True,1.0515339411527573,0.43646590597138185,0.4364659059713887,-6.827871601444713e-15,2.1891821688768687e-11,True,0,0
7021-79740-0014,test-clean,7021,True,True,True,1.0415335016922085,0.3534648782064265,0.3534648782064309,-4.385380947269368e-15,4.72059724643259e-10,True,0,0
7021-79759-0000,test-clean,7021,True,True,True,1.0492699617389625,0.41774480314334234,0.4177448031433393,3.0531133177191805e-15,-5.950795411990839e-11,True,0,0
7021-79759-0001,test-clean,7021,True,True,True,1.067852635741709,0.5702264789446733,0.5702264789446758,-2.55351295663786e-15,2.971987100863771e-10,True,0,0
7021-79759-0002,test-clean,7021,True,True,True,1.0549825126747687,0.4649052170951762,0.46490521709517907,-2.886579864025407e-15,-2.0664181477059174e-09,True,0,0
7021-79759-0004,test-clean,7021,True,True,True,1.0593756454868466,0.5009996900536634,0.5009996900536677,-4.3298697960381105e-15,1.8296582027232944e-09,True,0,0
7021-85628-0001,test-clean,7021,True,True,True,1.0490647736464755,0.41604608358062223,0.41604608358062123,9.992007221626409e-16,1.104268676499487e-09,True,0,0
7021-85628-0004,test-clean,7021,True,True,True,1.057542567720257,0.485957148439399,0.4859571484394003,-1.27675647831893e-15,-5.747875064798791e-09,True,0,0
7021-85628-0007,test-clean,7021,True,True,True,1.0656850171358159,0.5525771982386898,0.5525771982386907,-8.881784197001252e-16,2.504698670691141e-09,True,0,0
7021-85628-0008,test-clean,7021,True,True,True,1.0552807687548666,0.46736047415779947,0.4673604741577968,2.6645352591003757e-15,1.7639116833834123e-09,True,0,0
7021-85628-0011,test-clean,7021,True,True,True,1.053415517117396,0.45199422705590137,0.451994227055895,6.38378239159465e-15,1.7258692253108165e-09,True,0,0
7021-85628-0012,test-clean,7021,True,True,True,1.0555640746123884,0.46969201779044456,0.4696920177904431,1.4432899320127035e-15,1.1987424386461498e-09,True,0,0
7021-85628-0017,test-clean,7021,True,True,True,1.0422658800824574,0.35957041618534585,0.359570416185349,-3.164135620181696e-15,5.5048587910278e-10,True,0,0
7021-85628-0021,test-clean,7021,True,True,True,1.055641711207352,0.4703308403065266,0.4703308403065236,2.9976021664879227e-15,1.8778223420667928e-10,True,0,0
7021-85628-0024,test-clean,7021,True,True,True,1.0773887315348751,0.6474485784995286,0.6474485784995316,-2.9976021664879227e-15,-6.105729255523329e-10,True,0,0
7021-85628-0026,test-clean,7021,True,True,True,1.0497308165582493,0.4215589362348651,0.42155893623486307,2.0539125955565396e-15,2.778183016971525e-09,True,0,0
7021-85628-0027,test-clean,7021,True,True,True,1.0528932030654907,0.4476864422940763,0.4476864422940814,-5.10702591327572e-15,3.8744474295526743e-10,True,0,0
7127-75946-0003,test-clean,7127,True,True,True,1.0683670673911718,0.5744098469881216,0.5744098469881251,-3.552713678800501e-15,2.5395294755981013e-09,True,0,0
7127-75946-0006,test-clean,7127,True,True,True,1.082981750367588,0.6924227653516124,0.6924227653516155,-3.1086244689504383e-15,-5.479634523908317e-10,True,0,0
7127-75946-0007,test-clean,7127,True,True,True,1.0475428720743958,0.4034361215366232,0.40343612153662534,-2.1094237467877974e-15,2.800067733232936e-09,True,0,0
7127-75946-0009,test-clean,7127,True,True,True,1.0981835008779064,0.8134982915373051,0.8134982915373072,-2.1094237467877974e-15,-1.2959944228896347e-10,True,0,0
7127-75946-0010,test-clean,7127,True,True,True,1.0988969546416274,0.8191393966281952,0.819139396628195,2.220446049250313e-16,-6.853049683286372e-09,True,0,0
7127-75946-0011,test-clean,7127,True,True,True,1.0854775670311598,0.7124170511519203,0.7124170511519203,0.0,4.795950303559948e-10,True,0,0
7127-75946-0017,test-clean,7127,True,True,True,1.0932794646491608,0.7746238143164901,0.7746238143164881,1.9984014443252818e-15,1.2760956735746731e-09,True,0,0
7127-75946-0020,test-clean,7127,True,True,True,1.0731637496657187,0.6133198848053544,0.6133198848053567,-2.3314683517128287e-15,2.4659954078742885e-09,True,0,0
7127-75946-0022,test-clean,7127,True,True,True,1.0749677361843648,0.6279085928023486,0.6279085928023562,-7.66053886991358e-15,-3.5951792654032033e-09,True,0,0
7127-75946-0024,test-clean,7127,True,True,True,1.0927845008781236,0.7706905343838522,0.7706905343838564,-4.218847493575595e-15,1.8622507980126102e-09,True,0,0
7127-75946-0025,test-clean,7127,True,True,True,1.1177349579489138,0.9667766801954347,0.9667766801954407,-5.995204332975845e-15,-6.2815566082008445e-09,True,0,0
7127-75946-0028,test-clean,7127,True,True,True,1.0812801739047475,0.6787647988675267,0.678764798867526,6.661338147750939e-16,4.127471697756846e-10,True,0,0
7127-75946-0029,test-clean,7127,True,True,True,1.0924109000122915,0.7677204970868676,0.7677204970868665,1.1102230246251565e-15,3.0135751671878097e-09,True,0,0
7127-75947-0000,test-clean,7127,True,True,True,1.0807278478826756,0.6743268477332389,0.6743268477332443,-5.329070518200751e-15,-3.603268794449832e-10,True,0,0
7127-75947-0005,test-clean,7127,True,True,True,1.0963320162702317,0.7988419405943369,0.7988419405943397,-2.7755575615628914e-15,7.097302301417585e-09,True,0,0
7127-75947-0006,test-clean,7127,True,True,True,1.094828780956371,0.7869241132023781,0.7869241132023745,3.552713678800501e-15,4.737756853501196e-10,True,0,0
7127-75947-0007,test-clean,7127,True,True,True,1.09830970152173,0.8144963960290591,0.8144963960290639,-4.773959005888173e-15,-1.2353993383840134e-09,True,0,0
7127-75947-0008,test-clean,7127,True,True,True,1.0740899659431993,0.6208131892133544,0.6208131892133508,3.552713678800501e-15,-3.3953710953937843e-09,True,0,0
7127-75947-0011,test-clean,7127,True,True,True,1.0679822636625533,0.571280805584023,0.5712808055840171,5.995204332975845e-15,2.600316406642378e-09,True,0,0
7127-75947-0013,test-clean,7127,True,True,True,1.075662528608955,0.6335207992611737,0.63352079926117,3.6637359812630166e-15,6.652413730989792e-09,True,0,0
7127-75947-0014,test-clean,7127,True,True,True,1.0818892931541828,0.6836564569622071,0.6836564569622112,-4.107825191113079e-15,-3.581686058851119e-09,True,0,0
7127-75947-0017,test-clean,7127,True,True,True,1.0901621821485823,0.7498222445497295,0.7498222445497262,3.219646771412954e-15,1.4666028391729924e-09,True,0,0
7127-75947-0019,test-clean,7127,True,True,True,1.0768606265446077,0.643189961234578,0.6431899612345795,-1.5543122344752192e-15,-3.656769109738889e-09,True,0,0
7127-75947-0023,test-clean,7127,True,True,True,1.08514255011684,0.7097358634629412,0.7097358634629423,-1.1102230246251565e-15,-4.89815832338536e-09,True,0,0
7127-75947-0024,test-clean,7127,True,True,True,1.0732961154932246,0.6143911510234529,0.6143911510234616,-8.770761894538737e-15,-7.698588433413533e-10,True,0,0
7127-75947-0025,test-clean,7127,True,True,True,1.064125295647262,0.5398553412204712,0.5398553412204627,8.43769498715119e-15,-4.830610578210326e-09,True,0,0
7127-75947-0028,test-clean,7127,True,True,True,1.0866278519583985,0.7216166496400768,0.7216166496400653,1.1435297153639112e-14,-1.4357439681589312e-09,True,0,0
7127-75947-0032,test-clean,7127,True,True,True,1.0954086790713409,0.7915235516080963,0.7915235516080941,2.220446049250313e-15,2.3455619668766303e-09,True,0,0
7127-75947-0034,test-clean,7127,True,True,True,1.0522304435615495,0.4422172565697756,0.4422172565697764,-7.771561172376096e-16,-6.711253774938086e-10,True,0,0
7127-75947-0036,test-clean,7127,True,True,True,1.1050819238104577,0.8678895014177402,0.8678895014177392,9.992007221626409e-16,-1.192667298255401e-09,True,0,0
7176-88083-0000,test-clean,7176,True,True,True,1.0682308603938966,0.5733024051690667,0.5733024051690698,-3.1086244689504383e-15,2.658580910974706e-09,True,0,0
7176-88083-0001,test-clean,7176,True,True,True,1.0685290007190786,0.5757262750901766,0.5757262750901759,6.661338147750939e-16,-1.6137278180394787e-09,True,0,0
7176-88083-0004,test-clean,7176,True,True,True,1.057334916944775,0.4842514877210175,0.48425148772101423,3.2751579226442118e-15,-2.2974226965288835e-09,True,0,0
7176-88083-0006,test-clean,7176,True,True,True,1.06041961842838,0.5095550771165198,0.5095550771165271,-7.327471962526033e-15,-4.9012101044354495e-09,True,0,0
7176-88083-0007,test-clean,7176,True,True,True,1.0582806359942818,0.49201699296923684,0.49201699296923707,-2.220446049250313e-16,8.220908398470783e-10,True,0,0
7176-88083-0009,test-clean,7176,True,True,True,1.0614585089252673,0.5180604562018819,0.51806045620188,1.887379141862766e-15,3.9714258548428916e-09,True,0,0
7176-88083-0013,test-clean,7176,True,True,True,1.0617418369363123,0.5203786131810044,0.5203786131810055,-1.1102230246251565e-15,-2.1207711142778862e-09,True,0,0
7176-88083-0014,test-clean,7176,True,True,True,1.044743735950317,0.3801955178185644,0.3801955178185601,4.3298697960381105e-15,-8.91031248784202e-10,True,0,0
7176-88083-0017,test-clean,7176,True,True,True,1.0607976811585478,0.5126512343899049,0.5126512343899066,-1.6653345369377348e-15,9.432419290078542e-10,True,0,0
7176-88083-0019,test-clean,7176,True,True,True,1.0819818605436347,0.6843995974472392,0.6843995974472392,0.0,9.872778150565864e-10,True,0,0
7176-88083-0020,test-clean,7176,True,True,True,1.0698310071709374,0.5863036200692515,0.586303620069252,-4.440892098500626e-16,7.962484005474835e-10,True,0,0
7176-88083-0021,test-clean,7176,True,True,True,1.0713491597440739,0.5986206666377385,0.5986206666377392,-6.661338147750939e-16,-2.69473332537018e-10,True,0,0
7176-88083-0022,test-clean,7176,True,True,True,1.0524439241310966,0.4439793046108215,0.44397930461082424,-2.7200464103316335e-15,-3.89155019320242e-09,True,0,0
7176-88083-0026,test-clean,7176,True,True,True,1.0777799978366014,0.6506023881357857,0.6506023881357841,1.6653345369377348e-15,-1.682089134646958e-09,True,0,0
7176-92135-0001,test-clean,7176,True,True,True,1.0591319857584782,0.4990016783514948,0.4990016783514939,8.881784197001252e-16,8.160334630247235e-10,True,0,0
7176-92135-0004,test-clean,7176,True,True,True,1.07190318294366,0.603111210639368,0.6031112106393621,5.88418203051333e-15,3.236294787711813e-09,True,0,0
7176-92135-0005,test-clean,7176,True,True,True,1.0706435413923627,0.5928980296296805,0.59289802962968,5.551115123125783e-16,-1.2956959949406155e-09,True,0,0
7176-92135-0014,test-clean,7176,True,True,True,1.0668502575337362,0.5620693277482404,0.5620693277482403,1.1102230246251565e-16,5.122942070556746e-10,True,0,0
7176-92135-0015,test-clean,7176,True,True,True,1.0768149853258915,0.6428218142521911,0.6428218142521871,3.9968028886505635e-15,2.438333979171148e-09,True,0,0
7176-92135-0018,test-clean,7176,True,True,True,1.078975192441402,0.6602291919035902,0.6602291919035892,9.992007221626409e-16,1.1731060567399254e-09,True,0,0
7176-92135-0019,test-clean,7176,True,True,True,1.0647355692228755,0.5448352524579596,0.5448352524579576,1.9984014443252818e-15,-4.238199124984021e-09,True,0,0
7176-92135-0021,test-clean,7176,True,True,True,1.0976520346937366,0.8092937355608477,0.8092937355608463,1.4432899320127035e-15,-1.0841816333595489e-09,True,0,0
7176-92135-0024,test-clean,7176,True,True,True,1.0600341056440454,0.5063967704789608,0.5063967704789647,-3.885780586188048e-15,-2.622520867134881e-09,True,0,0
7176-92135-0028,test-clean,7176,True,True,True,1.0738421248931251,0.6188087310394075,0.6188087310394117,-4.218847493575595e-15,3.6833114336332073e-10,True,0,0
7176-92135-0030,test-clean,7176,True,True,True,1.0568346029000024,0.4801404903600205,0.4801404903600215,-9.992007221626409e-16,-5.689692272881075e-09,True,0,0
7176-92135-0031,test-clean,7176,True,True,True,1.064673392775704,0.5443280152217027,0.5443280152217049,-2.220446049250313e-15,1.1008083333763352e-10,True,0,0
7176-92135-0032,test-clean,7176,True,True,True,1.093174098493959,0.7737866606610864,0.7737866606610879,-1.5543122344752192e-15,1.3284662259138713e-10,True,0,0
7176-92135-0036,test-clean,7176,True,True,True,1.0711033005323927,0.596627151235989,0.5966271512359889,1.1102230246251565e-16,-2.748546279462971e-09,True,0,0
7176-92135-0038,test-clean,7176,True,True,True,1.08231773658508,0.6870955109477133,0.6870955109477137,-4.440892098500626e-16,9.412559620614047e-11,True,0,0
7176-92135-0045,test-clean,7176,True,True,True,1.0674399657982643,0.5668691820311271,0.5668691820311302,-3.1086244689504383e-15,2.3245405600391678e-10,True,0,0
7729-102255-0000,test-clean,7729,True,True,True,1.084849820296707,0.7073924276411975,0.7073924276412029,-5.440092820663267e-15,-5.686164428198026e-09,True,0,0
7729-102255-0001,test-clean,7729,True,True,True,1.060233468294,0.5080301888284613,0.5080301888284602,1.1102230246251565e-15,3.141412463492088e-09,True,0,0
7729-102255-0002,test-clean,7729,True,True,True,1.0629458483450946,0.5302228000810607,0.5302228000810665,-5.773159728050814e-15,4.005809017826323e-09,True,0,0
7729-102255-0005,test-clean,7729,True,True,True,1.0762296084593677,0.6380987174809843,0.6380987174809825,1.887379141862766e-15,3.4793714576153434e-09,True,0,0
7729-102255-0007,test-clean,7729,True,True,True,1.081626450804021,0.6815459850016282,0.6815459850016339,-5.662137425588298e-15,1.3633112416755466e-09,True,0,0
7729-102255-0010,test-clean,7729,True,True,True,1.0703377330483668,0.5904167211043584,0.5904167211043543,4.107825191113079e-15,-2.9816682456385024e-09,True,0,0
7729-102255-0011,test-clean,7729,True,True,True,1.0761153391108738,0.6371764387801798,0.6371764387801804,-5.551115123125783e-16,-1.240501035226771e-10,True,0,0
7729-102255-0012,test-clean,7729,True,True,True,1.0763212141479854,0.6388380049288591,0.6388380049288571,1.9984014443252818e-15,5.147242632119742e-10,True,0,0
7729-102255-0013,test-clean,7729,True,True,True,1.0690618776592755,0.580056860924834,0.5800568609248344,-4.440892098500626e-16,1.1025989010704507e-09,True,0,0
7729-102255-0014,test-clean,7729,True,True,True,1.0482095929551405,0.40896259881057434,0.4089625988105752,-8.326672684688674e-16,3.91293397683512e-09,True,0,0
7729-102255-0015,test-clean,7729,True,True,True,1.0757156213849637,0.6339495086380773,0.6339495086380786,-1.3322676295501878e-15,-1.4387318003628025e-09,True,0,0
7729-102255-0017,test-clean,7729,True,True,True,1.0897764217128978,0.7467481464075826,0.7467481464075831,-5.551115123125783e-16,1.6341061837010784e-10,True,0,0
7729-102255-0018,test-clean,7729,True,True,True,1.0871037968392605,0.7254202514115446,0.7254202514115455,-8.881784197001252e-16,1.1095053764620388e-09,True,0,0
7729-102255-0020,test-clean,7729,True,True,True,1.073129017650845,0.6130387689643836,0.6130387689643797,3.885780586188048e-15,-8.163780762515671e-10,True,0,0
7729-102255-0021,test-clean,7729,True,True,True,1.041717300966321,0.35499754072848344,0.35499754072848333,1.1102230246251565e-16,-1.896303558623913e-09,True,0,0
7729-102255-0022,test-clean,7729,True,True,True,1.0852342353970326,0.7104697159727703,0.7104697159727706,-3.3306690738754696e-16,-1.5116903284706495e-09,True,0,0
7729-102255-0023,test-clean,7729,True,True,True,1.0752873243036407,0.6304905257135796,0.6304905257135793,2.220446049250313e-16,1.6351258125268942e-09,True,0,0
7729-102255-0026,test-clean,7729,True,True,True,1.07470572802017,0.6257912721509724,0.6257912721509769,-4.440892098500626e-15,-1.0096634639467084e-09,True,0,0
7729-102255-0031,test-clean,7729,True,True,True,1.0553926012146304,0.46828090497214614,0.4682809049721435,2.6645352591003757e-15,4.071232240221434e-10,True,0,0
7729-102255-0032,test-clean,7729,True,True,True,1.0674357515142725,0.5668348898188366,0.5668348898188356,9.992007221626409e-16,5.268070424335747e-10,True,0,0
7729-102255-0035,test-clean,7729,True,True,True,1.0906915691176766,0.7540391223454351,0.7540391223454357,-5.551115123125783e-16,2.997932568860051e-09,True,0,0
7729-102255-0036,test-clean,7729,True,True,True,1.0932366118804686,0.7742833508517216,0.7742833508517286,-6.994405055138486e-15,-1.9786945415489754e-09,True,0,0
7729-102255-0037,test-clean,7729,True,True,True,1.0730465411822856,0.6123711800515861,0.6123711800515821,3.9968028886505635e-15,-1.41551836918552e-09,True,0,0
7729-102255-0038,test-clean,7729,True,True,True,1.090633264065453,0.7535747887061968,0.753574788706203,-6.217248937900877e-15,-7.535412294146226e-10,True,0,0
7729-102255-0039,test-clean,7729,True,True,True,1.0847498001870979,0.7065915760683406,0.7065915760683374,3.1086244689504383e-15,-7.518465849898348e-10,True,0,0
7729-102255-0040,test-clean,7729,True,True,True,1.0896862803004816,0.7460296589016582,0.7460296589016551,3.1086244689504383e-15,3.519645019878226e-09,True,0,0
7729-102255-0041,test-clean,7729,True,True,True,1.067967919128404,0.5711641408401196,0.5711641408401213,-1.7763568394002505e-15,-1.8188472949987045e-10,True,0,0
7729-102255-0042,test-clean,7729,True,True,True,1.073085280099789,0.6126847506895425,0.6126847506895459,-3.3306690738754696e-15,-5.698943539300672e-10,True,0,0
7729-102255-0045,test-clean,7729,True,True,True,1.0734963557004058,0.6160114886844624,0.6160114886844639,-1.4432899320127035e-15,-3.956763805490482e-10,True,0,0
7729-102255-0046,test-clean,7729,True,True,True,1.0877519534402462,0.7305974378711959,0.7305974378711966,-6.661338147750939e-16,6.016449560775072e-10,True,0,0
8224-274381-0000,test-clean,8224,True,True,True,1.034063123537861,0.2909410143734717,0.2909410143734732,-1.4988010832439613e-15,-9.045599824730743e-10,True,0,0
8224-274381-0002,test-clean,8224,True,True,True,1.0553720825519977,0.46811203457126715,0.46811203457126993,-2.7755575615628914e-15,6.864908641546208e-10,True,0,0
8224-274381-0003,test-clean,8224,True,True,True,1.053836839397852,0.45546752617695757,0.4554675261769532,4.385380947269368e-15,5.522338142327499e-10,True,0,0
8224-274381-0004,test-clean,8224,True,True,True,1.048228253666599,0.4091172276545077,0.40911722765450875,-1.0547118733938987e-15,-1.0657856819307199e-09,True,0,0
8224-274381-0006,test-clean,8224,True,True,True,1.0499791228220334,0.42361327790680087,0.42361327790679937,1.4988010832439613e-15,9.862297645213403e-10,True,0,0
8224-274381-0008,test-clean,8224,True,True,True,1.0576992694045841,0.4872440873744802,0.48724408737448144,-1.2212453270876722e-15,-6.731148971539369e-10,True,0,0
8224-274381-0009,test-clean,8224,True,True,True,1.0687150747683833,0.5772387075534492,0.5772387075534517,-2.55351295663786e-15,-3.87309739835473e-10,True,0,0
8224-274381-0011,test-clean,8224,True,True,True,1.0453925288783312,0.3855878398853201,0.38558783988531786,2.220446049250313e-15,2.7866988716596097e-09,True,0,0
8224-274381-0012,test-clean,8224,True,True,True,1.0456817408990173,0.387990493627472,0.38799049362746985,2.1649348980190553e-15,1.3626433315039321e-09,True,0,0
8224-274381-0014,test-clean,8224,True,True,True,1.0513138812962965,0.43464797543588723,0.4346479754358903,-3.0531133177191805e-15,6.83815670754484e-10,True,0,0
8224-274381-0016,test-clean,8224,True,True,True,1.0549123028911296,0.4643271461620396,0.4643271461620415,-1.942890293094024e-15,-1.4089955868712423e-09,True,0,0
8224-274384-0000,test-clean,8224,True,True,True,1.0546677017083568,0.4623129263800987,0.46231292638009336,5.329070518200751e-15,-1.0711573850130662e-09,True,0,0
8224-274384-0004,test-clean,8224,True,True,True,1.0479100055386823,0.4064797411951049,0.40647974119510977,-4.884981308350689e-15,-1.109075498106904e-09,True,0,0
8224-274384-0006,test-clean,8224,True,True,True,1.0470827559326368,0.399620147895458,0.39962014789545464,3.3861802251067274e-15,-5.4427573559223674e-11,True,0,0
8224-274384-0007,test-clean,8224,True,True,True,1.0543809688884447,0.4599511699356565,0.4599511699356569,-3.885780586188048e-16,2.064499682319365e-09,True,0,0
8224-274384-0008,test-clean,8224,True,True,True,1.047896565353248,0.4063683378155936,0.40636833781558934,4.274358644806853e-15,6.908251748427574e-10,True,0,0
8224-274384-0009,test-clean,8224,True,True,True,1.0516658516171884,0.43755544557821824,0.43755544557821935,-1.1102230246251565e-15,2.1777850633952767e-09,True,0,0
8224-274384-0010,test-clean,8224,True,True,True,1.0493314226104544,0.418253563264223,0.4182535632642228,2.220446049250313e-16,4.0466829887009226e-10,True,0,0
8224-274384-0011,test-clean,8224,True,True,True,1.0491812061114447,0.4170100502001744,0.41701005020017945,-5.051514762044462e-15,7.536407053976291e-10,True,0,0
8224-274384-0013,test-clean,8224,True,True,True,1.0529412153793718,0.4480825129975074,0.4480825129975088,-1.3877787807814457e-15,-3.5927527619605826e-09,True,0,0
8230-279154-0001,test-clean,8230,True,True,True,1.0766616472467403,0.6415848585175195,0.6415848585175219,-2.4424906541753444e-15,2.287443123805133e-09,True,0,0
8230-279154-0002,test-clean,8230,True,True,True,1.0821235578067672,0.6855370344509151,0.6855370344509168,-1.7763568394002505e-15,-2.110983388092791e-09,True,0,0
8230-279154-0003,test-clean,8230,True,True,True,1.081496008084588,0.680498415029986,0.6804984150299873,-1.3322676295501878e-15,1.2379643976601074e-09,True,0,0
8230-279154-0005,test-clean,8230,True,True,True,1.067511434267035,0.5674507102406758,0.5674507102406743,1.5543122344752192e-15,1.7199361934672197e-09,True,0,0
8230-279154-0007,test-clean,8230,True,True,True,1.0693750746854693,0.5826011443286148,0.5826011443286134,1.3322676295501878e-15,1.033747309975297e-09,True,0,0
8230-279154-0008,test-clean,8230,True,True,True,1.0536382255748657,0.4538303654049668,0.45383036540496136,5.440092820663267e-15,-1.1871783556216542e-09,True,0,0
8230-279154-0009,test-clean,8230,True,True,True,1.0749428812933264,0.6277077594851116,0.6277077594851121,-5.551115123125783e-16,9.682814550160401e-10,True,0,0
8230-279154-0010,test-clean,8230,True,True,True,1.0696438500450984,0.5847839703863602,0.5847839703863649,-4.6629367034256575e-15,1.961424800356326e-09,True,0,0
8230-279154-0011,test-clean,8230,True,True,True,1.0583424195113469,0.49252406937987636,0.4925240693798756,7.771561172376096e-16,-1.6770194122273097e-09,True,0,0
8230-279154-0012,test-clean,8230,True,True,True,1.0634916751331018,0.5346818930888811,0.5346818930888801,9.992007221626409e-16,-3.770256995494492e-09,True,0,0
8230-279154-0013,test-clean,8230,True,True,True,1.0604870969318858,0.5101077754792962,0.5101077754792946,1.5543122344752192e-15,1.0314771259345434e-09,True,0,0
8230-279154-0014,test-clean,8230,True,True,True,1.053928183486063,0.4562203659491068,0.45622036594910753,-7.216449660063518e-16,1.510969127593853e-09,True,0,0
8230-279154-0015,test-clean,8230,True,True,True,1.0635793145392836,0.5353976437282972,0.5353976437282988,-1.5543122344752192e-15,-3.1451321547137923e-09,True,0,0
8230-279154-0016,test-clean,8230,True,True,True,1.055522018003317,0.46934594089071735,0.46934594089071524,2.1094237467877974e-15,8.888534352990973e-11,True,0,0
8230-279154-0017,test-clean,8230,True,True,True,1.065359303604574,0.5499220570194423,0.5499220570194439,-1.5543122344752192e-15,-3.57919560656228e-09,True,0,0
8230-279154-0018,test-clean,8230,True,True,True,1.0879492294253723,0.7321725782932688,0.7321725782932624,6.328271240363392e-15,6.103881844410353e-10,True,0,0
8230-279154-0019,test-clean,8230,True,True,True,1.0669257114599167,0.5626836232369504,0.5626836232369463,4.107825191113079e-15,-6.112550465786626e-10,True,0,0
8230-279154-0020,test-clean,8230,True,True,True,1.0540148186374068,0.4569343353145164,0.45693433531451433,2.0539125955565396e-15,6.811369246406684e-10,True,0,0
8230-279154-0022,test-clean,8230,True,True,True,1.063614970502219,0.5356888289399198,0.535688828939918,1.7763568394002505e-15,9.171685633191373e-11,True,0,0
8230-279154-0026,test-clean,8230,True,True,True,1.0511755143235015,0.4335047209115223,0.43350472091152525,-2.942091015256665e-15,-2.0939445732892636e-09,True,0,0
8230-279154-0028,test-clean,8230,True,True,True,1.0607135252118485,0.5119621319580105,0.5119621319580112,-6.661338147750939e-16,-1.0744685141617083e-09,True,0,0
8230-279154-0029,test-clean,8230,True,True,True,1.0538246692725455,0.45536721750323444,0.4553672175032375,-3.0531133177191805e-15,-9.52166345769001e-10,True,0,0
8230-279154-0031,test-clean,8230,True,True,True,1.0656858327450824,0.5525838458777692,0.5525838458777699,-6.661338147750939e-16,5.052207541211828e-10,True,0,0
8230-279154-0033,test-clean,8230,True,True,True,1.069254312247432,0.5816202083920385,0.5816202083920423,-3.774758283725532e-15,1.2847571895235887e-09,True,0,0
8230-279154-0034,test-clean,8230,True,True,True,1.0629015792889054,0.5298610468042277,0.5298610468042249,2.886579864025407e-15,-8.407106122376717e-10,True,0,0
8230-279154-0036,test-clean,8230,True,True,True,1.0727452776297908,0.6099322277140911,0.60993222771409,1.1102230246251565e-15,-4.189121938225071e-09,True,0,0
8230-279154-0038,test-clean,8230,True,True,True,1.067564875747139,0.5678855301074853,0.5678855301074854,-1.1102230246251565e-16,-1.1422578438669007e-09,True,0,0
8230-279154-0041,test-clean,8230,True,True,True,1.0548743460266423,0.46401461300979113,0.4640146130097875,3.608224830031759e-15,1.1288037171652832e-09,True,0,0
8230-279154-0042,test-clean,8230,True,True,True,1.0576934365640918,0.4871961876075477,0.4871961876075517,-3.9968028886505635e-15,-9.480061180511257e-10,True,0,0
8230-279154-0043,test-clean,8230,True,True,True,1.0598281581379176,0.5047090784570298,0.5047090784570258,3.9968028886505635e-15,5.186606699680851e-10,True,0,0
8455-210777-0004,test-clean,8455,True,True,True,1.0734012397359596,0.6152418508849746,0.6152418508849777,-3.1086244689504383e-15,1.126242210602868e-09,True,0,3
8455-210777-0006,test-clean,8455,True,True,True,0.9913333053121767,-0.07560605619102787,-0.075606056191031,3.1363800445660672e-15,7.778169219818665e-10,True,0,0
8455-210777-0007,test-clean,8455,True,True,True,1.0388055778083565,0.3306854576683443,0.3306854576683449,-6.106226635438361e-16,5.070415198815681e-09,True,0,0
8455-210777-0008,test-clean,8455,True,True,True,1.0619033509868432,0.5216998256213793,0.5216998256213827,-3.4416913763379853e-15,1.0312497522591002e-09,True,0,0
8455-210777-0009,test-clean,8455,True,True,True,1.044892323541998,0.381430771602819,0.38143077160282246,-3.4416913763379853e-15,3.909431001147823e-09,True,0,0
8455-210777-0010,test-clean,8455,True,True,True,1.0841910437223157,0.7021163068523564,0.702116306852357,-6.661338147750939e-16,-5.8381495193771116e-09,True,0,0
8455-210777-0011,test-clean,8455,True,True,True,1.070700013729589,0.593356164885643,0.5933561648856411,1.887379141862766e-15,4.172040490857398e-09,True,0,0
8455-210777-0012,test-clean,8455,True,True,True,1.0821217396751817,0.6855224408276159,0.685522440827615,8.881784197001252e-16,-6.401776886377775e-10,True,0,0
8455-210777-0025,test-clean,8455,True,True,True,1.06748206804443,0.5672117664046638,0.5672117664046681,-4.3298697960381105e-15,-2.7445707928563934e-09,True,0,0
8455-210777-0029,test-clean,8455,True,True,True,1.067848806045319,0.5701953282233785,0.5701953282233809,-2.4424906541753444e-15,3.7818601583694544e-09,True,0,0
8455-210777-0033,test-clean,8455,True,True,True,1.0903016332216697,0.7509332527892245,0.7509332527892241,4.440892098500626e-16,1.0044232112704776e-10,True,0,0
8455-210777-0039,test-clean,8455,True,True,True,1.0511724215970815,0.43347916559795463,0.4334791655979515,3.1086244689504383e-15,5.037890105086262e-10,True,0,0
8455-210777-0040,test-clean,8455,True,True,True,1.0643418976246248,0.5416231682118403,0.5416231682118422,-1.887379141862766e-15,-2.0971668845959357e-10,True,0,0
8455-210777-0041,test-clean,8455,True,True,True,1.0675592963684017,0.5678401352132738,0.5678401352132774,-3.552713678800501e-15,2.2779786945648084e-09,True,0,0
8455-210777-0042,test-clean,8455,True,True,True,1.0646675822901406,0.5442806116006406,0.5442806116006373,3.219646771412954e-15,2.914912755613841e-09,True,0,0
8455-210777-0043,test-clean,8455,True,True,True,1.111562428992694,0.9186771824574201,0.9186771824574187,1.4432899320127035e-15,9.287880686770222e-09,True,0,0
8455-210777-0044,test-clean,8455,True,True,True,1.096621817422166,0.801137639481076,0.8011376394810732,2.7755575615628914e-15,-6.586020617760369e-10,True,0,0
8455-210777-0047,test-clean,8455,True,True,True,1.0863155971952414,0.7191203026399113,0.7191203026399116,-2.220446049250313e-16,-1.0102851888404984e-09,True,0,0
8455-210777-0048,test-clean,8455,True,True,True,1.0967504370376449,0.8021563227295291,0.8021563227295339,-4.773959005888173e-15,-3.298573858501186e-09,True,0,0
8455-210777-0050,test-clean,8455,True,True,True,1.0664889235206583,0.5591269851353464,0.5591269851353466,-2.220446049250313e-16,3.036859652638668e-09,True,0,0
8455-210777-0052,test-clean,8455,True,True,True,1.0328893673058568,0.2810761352974118,0.28107613529741116,6.661338147750939e-16,2.2446755565397325e-10,True,0,0
8455-210777-0053,test-clean,8455,True,True,True,1.0837573432194572,0.6986410629058253,0.6986410629058248,4.440892098500626e-16,-3.121201075373392e-10,True,0,0
8455-210777-0055,test-clean,8455,True,True,True,1.095770944372359,0.7943956086675418,0.7943956086675428,-9.992007221626409e-16,-1.5065211300679948e-09,True,0,0
8455-210777-0056,test-clean,8455,True,True,True,1.07656879217334,0.6408357246527702,0.6408357246527707,-5.551115123125783e-16,-1.8224497466690082e-09,True,0,0
8455-210777-0060,test-clean,8455,True,True,True,1.091477753511506,0.7602977669928617,0.7602977669928634,-1.7763568394002505e-15,1.7712054045659897e-10,True,0,0
8455-210777-0061,test-clean,8455,True,True,True,1.0767951312759878,0.6426616644785552,0.6426616644785526,2.6645352591003757e-15,-4.863984770508978e-10,True,0,0
8455-210777-0062,test-clean,8455,True,True,True,1.0847914059182566,0.7069247181982832,0.7069247181982838,-6.661338147750939e-16,1.7521770701023343e-09,True,0,0
8455-210777-0063,test-clean,8455,True,True,True,1.0569054040700374,0.4807223700116068,0.480722370011609,-2.220446049250313e-15,-4.8281059150667716e-09,True,0,0
8455-210777-0066,test-clean,8455,True,True,True,1.0688401443263202,0.5782551401291851,0.5782551401291869,-1.7763568394002505e-15,1.539461891297833e-10,True,0,0
8455-210777-0070,test-clean,8455,True,True,True,1.0812831805835654,0.6787889513903516,0.6787889513903522,-6.661338147750939e-16,2.356287609472929e-09,True,0,1
8463-287645-0000,test-clean,8463,True,True,True,1.0459371426928878,0.3901117135335947,0.39011171353358876,5.9396931817445875e-15,5.1564015279836894e-09,True,0,0
8463-287645-0003,test-clean,8463,True,True,True,1.0382012197325359,0.32563069549537915,0.3256306954953807,-1.5543122344752192e-15,-2.0898198727081763e-09,True,0,0
8463-287645-0004,test-clean,8463,True,True,True,1.077264200656217,0.6464445546462201,0.6464445546462159,4.218847493575595e-15,-2.3331594434239378e-09,True,0,0
8463-287645-0005,test-clean,8463,True,True,True,1.0581883045296745,0.49125914493579476,0.4912591449357926,2.1649348980190553e-15,6.744471647834871e-11,True,0,0
8463-287645-0008,test-clean,8463,True,True,True,1.0564342175945423,0.4768491886724974,0.4768491886724959,1.4988010832439613e-15,2.7717845796360052e-09,True,0,0
8463-287645-0010,test-clean,8463,True,True,True,1.0383261358269336,0.32667571655745214,0.3266757165574461,6.050715484207103e-15,4.958700117185799e-10,True,0,0
8463-287645-0013,test-clean,8463,True,True,True,1.0865539670411073,0.7210260352403559,0.721026035240353,2.886579864025407e-15,-2.1319124243746046e-10,True,0,0
8463-287645-0014,test-clean,8463,True,True,True,1.0550187489574128,0.4652035527954376,0.46520355279544034,-2.7200464103316335e-15,4.56427073913801e-09,True,0,0
8463-294825-0005,test-clean,8463,True,True,True,1.0946265977583294,0.7853199325765243,0.7853199325765274,-3.1086244689504383e-15,-3.220094413336483e-09,True,0,0
8463-294825-0007,test-clean,8463,True,True,True,1.0958294003350162,0.7948589614331814,0.7948589614331816,-2.220446049250313e-16,-1.4820074056842714e-09,True,0,0
8463-294825-0010,test-clean,8463,True,True,True,1.1040037227290016,0.859410756956666,0.8594107569566631,2.886579864025407e-15,-3.4332323650687613e-09,True,0,0
8463-294825-0013,test-clean,8463,True,True,True,1.0863608730623688,0.7194823088479935,0.71948230884799,3.4416913763379853e-15,-3.546638538409752e-10,True,0,0
8463-294825-0014,test-clean,8463,True,True,True,1.101578303609962,0.8403074717154929,0.8403074717154944,-1.4432899320127035e-15,3.1630236208002316e-09,True,0,0
8463-294825-0015,test-clean,8463,True,True,True,1.1150165978542261,0.9456266445957097,0.9456266445957127,-2.9976021664879227e-15,-5.946155567926326e-09,True,0,0
8463-294825-0017,test-clean,8463,True,True,True,1.0934699876033651,0.7761373497205752,0.7761373497205746,6.661338147750939e-16,8.191076261709895e-09,True,0,0
8463-294825-0018,test-clean,8463,True,True,True,1.113578602835708,0.9344175495025444,0.9344175495025446,-2.220446049250313e-16,9.851390814219485e-10,True,0,0
8463-294828-0004,test-clean,8463,True,True,True,1.1225460735992872,1.0040835030714503,1.004083503071449,1.3322676295501878e-15,-3.6042209217157506e-09,True,0,0
8463-294828-0005,test-clean,8463,True,True,True,1.0909627009485914,0.7561980539462199,0.7561980539462176,2.220446049250313e-15,7.538254465089267e-10,True,0,0
8463-294828-0006,test-clean,8463,True,True,True,1.0803464959849152,0.671261353442406,0.6712613534424037,2.3314683517128287e-15,-1.0023768481914885e-09,True,0,0
8463-294828-0007,test-clean,8463,True,True,True,1.0949765687910247,0.7880965177028485,0.7880965177028507,-2.220446049250313e-15,4.487930027607945e-10,True,0,0
8463-294828-0012,test-clean,8463,True,True,True,1.0503314298923256,0.4265272282804863,0.42652722828048084,5.440092820663267e-15,-4.636049766304495e-09,True,0,0
8463-294828-0017,test-clean,8463,True,True,True,1.10562480503035,0.8721554733766916,0.8721554733766901,1.5543122344752192e-15,5.178470985356398e-09,True,0,0
8463-294828-0022,test-clean,8463,True,True,True,1.063075248347203,0.5312801312059637,0.5312801312059676,-3.885780586188048e-15,3.260211656197498e-09,True,0,0
8463-294828-0028,test-clean,8463,True,True,True,1.089166453745575,0.7418851326544553,0.7418851326544562,-8.881784197001252e-16,-2.0797550348561344e-09,True,0,0
8463-294828-0029,test-clean,8463,True,True,True,1.1281973850900642,1.0477017758557141,1.047701775855714,2.220446049250313e-16,-1.5590018165312358e-09,True,0,0
8463-294828-0030,test-clean,8463,True,True,True,1.1308514848028293,1.068111451899263,1.0681114518992594,3.552713678800501e-15,-1.0869335653751477e-08,True,0,0
8463-294828-0031,test-clean,8463,True,True,True,1.1088306872551954,0.897304733543224,0.8973047335432227,1.3322676295501878e-15,1.5463221814115968e-09,True,0,0
8463-294828-0033,test-clean,8463,True,True,True,1.0884690797770362,0.7363219303269659,0.7363219303269695,-3.552713678800501e-15,-1.0337579681163334e-09,True,0,0
8463-294828-0034,test-clean,8463,True,True,True,1.0688836628441194,0.5786087845444272,0.578608784544425,2.220446049250313e-15,6.002959906936667e-09,True,0,0
8463-294828-0035,test-clean,8463,True,True,True,1.0990838800911702,0.8206167651325353,0.820616765132538,-2.6645352591003757e-15,1.7560211063027964e-09,True,0,0
8555-284447-0000,test-clean,8555,True,True,True,1.0678246503916669,0.5699988437457211,0.5699988437457222,-1.1102230246251565e-15,-2.3336106380611454e-09,True,0,0
8555-284447-0004,test-clean,8555,True,True,True,1.0520718816023076,0.44090827005685146,0.4409082700568483,3.164135620181696e-15,-9.38491950819298e-10,True,0,0
8555-284447-0005,test-clean,8555,True,True,True,1.0589831962915455,0.49778137748951873,0.4977813774895168,1.942890293094024e-15,-2.026407486255266e-09,True,0,0
8555-284447-0006,test-clean,8555,True,True,True,1.0639446107635413,0.5383803812501169,0.5383803812501213,-4.440892098500626e-15,-2.9107383170412504e-11,True,0,0
8555-284447-0008,test-clean,8555,True,True,True,1.0428436111573793,0.3643836967413547,0.3643836967413563,-1.609823385706477e-15,-1.136569949267141e-09,True,0,0
8555-284447-0018,test-clean,8555,True,True,True,1.0720227934940312,0.6040803896619349,0.604080389661938,-3.1086244689504383e-15,-5.537266645205818e-09,True,0,0
8555-284447-0022,test-clean,8555,True,True,True,1.0890277979742968,0.7407793095831856,0.7407793095831856,0.0,-4.724309832226936e-09,True,0,0
8555-284449-0005,test-clean,8555,True,True,True,1.0306756191092667,0.2624400564484448,0.2624400564484475,-2.6645352591003757e-15,-5.6177924534495105e-09,True,0,0
8555-284449-0006,test-clean,8555,True,True,True,1.0495190256490898,0.41980631733971574,0.4198063173397131,2.6645352591003757e-15,-3.7837111221961095e-10,True,0,0
8555-284449-0007,test-clean,8555,True,True,True,1.0434158295204703,0.36914842118397045,0.3691484211839722,-1.7208456881689926e-15,8.18481282749417e-10,True,0,0
8555-284449-0008,test-clean,8555,True,True,True,1.0675650342427747,0.5678868196548741,0.5678868196548734,6.661338147750939e-16,-1.7261356788367266e-09,True,0,0
8555-284449-0009,test-clean,8555,True,True,True,1.081622962684407,0.6815179739717182,0.6815179739717188,-5.551115123125783e-16,2.5218582777597476e-09,True,0,0
8555-284449-0010,test-clean,8555,True,True,True,1.0399653655049916,0.3403775201961574,0.3403775201961565,8.881784197001252e-16,-2.547388078255608e-09,True,0,0
8555-284449-0011,test-clean,8555,True,True,True,1.0583916730291845,0.4929282870109983,0.4929282870109972,1.0547118733938987e-15,-1.0662049021448183e-10,True,0,0
8555-284449-0013,test-clean,8555,True,True,True,1.043219636359539,0.3675150624335039,0.3675150624335082,-4.274358644806853e-15,-3.5432279332781036e-10,True,0,0
8555-284449-0015,test-clean,8555,True,True,True,1.0626038891043863,0.5274280216773346,0.5274280216773377,-3.1086244689504383e-15,8.177991617230873e-10,True,0,0
8555-284449-0016,test-clean,8555,True,True,True,1.0593272747082643,0.5006030858478149,0.5006030858478141,7.771561172376096e-16,4.969820111000445e-10,True,0,0
8555-284449-0017,test-clean,8555,True,True,True,1.0575391809629429,0.48592933202021815,0.4859293320202198,-1.6653345369377348e-15,-5.488338672421378e-10,True,0,0
8555-284449-0020,test-clean,8555,True,True,True,1.0700174461258771,0.5878171741608467,0.5878171741608433,3.3306690738754696e-15,-1.0623750767990714e-09,True,0,0
8555-292519-0001,test-clean,8555,True,True,True,1.039343404175964,0.3351812860408749,0.3351812860408785,-3.608224830031759e-15,-2.4893012096072198e-09,True,0,0
8555-292519-0002,test-clean,8555,True,True,True,1.0289390328304073,0.24779285016118607,0.24779285016118635,-2.7755575615628914e-16,-3.1089797403183184e-09,True,0,0
8555-292519-0004,test-clean,8555,True,True,True,1.0623864702178085,0.5256506240036456,0.5256506240036494,-3.774758283725532e-15,-4.8243151695714914e-09,True,0,0
8555-292519-0006,test-clean,8555,True,True,True,1.057773909721087,0.4878570164896873,0.4878570164896914,-4.052314039881821e-15,1.7679475661225297e-09,True,0,0
8555-292519-0007,test-clean,8555,True,True,True,1.0467931762576654,0.3972176587359091,0.397217658735908,1.1102230246251565e-15,-8.59689208709824e-10,True,0,0
8555-292519-0009,test-clean,8555,True,True,True,1.0451686252948453,0.38372728505842135,0.3837272850584199,1.4432899320127035e-15,1.7560708442942996e-09,True,0,0
8555-292519-0011,test-clean,8555,True,True,True,1.029744160381552,0.25458675554051496,0.25458675554051524,-2.7755575615628914e-16,-3.193488140595946e-09,True,0,0
8555-292519-0012,test-clean,8555,True,True,True,1.0468791420480659,0.397930940716053,0.3979309407160514,1.609823385706477e-15,1.7204726532327186e-10,True,0,0
8555-292519-0013,test-clean,8555,True,True,True,1.0699909785403077,0.5876023203083065,0.5876023203083136,-7.105427357601002e-15,-2.7164475113750086e-09,True,0,0
8555-292519-0014,test-clean,8555,True,True,True,1.0549191855801976,0.4643838163539338,0.46438381635393,3.774758283725532e-15,-5.475957465250758e-09,True,0,0
8555-292519-0015,test-clean,8555,True,True,True,1.0442740951685134,0.37629009584634493,0.3762900958463469,-1.942890293094024e-15,-3.1465319239032397e-09,True,0,0
367-130732-0000,test-other,367,True,True,True,1.0935507846170545,0.7767791304967109,0.7767791304967133,-2.4424906541753444e-15,-2.8319391276454553e-09,True,0,0
367-130732-0003,test-other,367,True,True,True,1.1272271832712006,1.0402290662264089,1.0402290662264093,-4.440892098500626e-16,4.820392973670096e-10,True,0,0
367-130732-0006,test-other,367,True,True,True,1.061863764487566,0.5213760199070765,0.5213760199070805,-3.9968028886505635e-15,1.915871905566746e-09,True,0,0
367-130732-0009,test-other,367,True,True,True,1.0953202220703018,0.7908221158907357,0.7908221158907409,-5.218048215738236e-15,4.647660034606815e-11,True,0,0
367-130732-0011,test-other,367,True,True,True,1.0880044780876088,0.7326136573302751,0.7326136573302762,-1.1102230246251565e-15,4.5718664409832854e-09,True,0,0
367-130732-0012,test-other,367,True,True,True,1.0591397872632176,0.4990656578748403,0.49906565787484425,-3.941291737419306e-15,-2.568185664131306e-09,True,0,0
367-130732-0013,test-other,367,True,True,True,1.0530780037873164,0.4492108303519088,0.449210830351916,-7.216449660063518e-15,2.6414461729018512e-09,True,0,0
367-130732-0014,test-other,367,True,True,True,1.0701993056607584,0.5892932974105984,0.5892932974105989,-4.440892098500626e-16,6.084803771955194e-10,True,0,0
367-130732-0016,test-other,367,True,True,True,1.1094511007313514,0.9021633075562756,0.9021633075562754,2.220446049250313e-16,5.947182302179499e-09,True,0,0
367-130732-0017,test-other,367,True,True,True,1.1206035800834164,0.9890401121935268,0.9890401121935284,-1.5543122344752192e-15,-8.747988999857625e-10,True,0,0
367-130732-0020,test-other,367,True,True,True,1.0694564300698963,0.5832619199805209,0.5832619199805151,5.773159728050814e-15,3.154788430492772e-09,True,0,0
367-130732-0022,test-other,367,True,True,True,1.0704401733264426,0.5912479936505565,0.5912479936505548,1.6653345369377348e-15,4.774541650931496e-09,True,0,0
367-130732-0024,test-other,367,True,True,True,1.0363160955896311,0.30984486941882877,0.30984486941882494,3.83026943495679e-15,-8.196678891181364e-10,True,0,0
367-130732-0028,test-other,367,True,True,True,1.064607255069799,0.5437884294088396,0.5437884294088349,4.773959005888173e-15,1.3917116348238778e-09,True,0,0
367-130732-0029,test-other,367,True,True,True,1.0798437803736225,0.667218624016544,0.6672186240165416,2.3314683517128287e-15,6.781995409710362e-09,True,0,0
367-130732-0030,test-other,367,True,True,True,1.0952391577054084,0.7901792516672262,0.7901792516672259,3.3306690738754696e-16,3.560316486073134e-10,True,0,0
367-130732-0031,test-other,367,True,True,True,1.1221956473984347,1.0013715979082463,1.0013715979082498,-3.552713678800501e-15,-1.445489061779881e-09,True,0,0
367-130732-0033,test-other,367,True,True,True,1.0830145259224095,0.692685632702904,0.6926856327029043,-3.3306690738754696e-16,-3.9867771306489885e-09,True,0,0
367-293981-0000,test-other,367,True,True,True,1.1221032266822233,1.0006562242554695,1.0006562242554722,-2.6645352591003757e-15,3.4633274026418803e-09,True,0,0
367-293981-0002,test-other,367,True,True,True,1.0730677555420622,0.6125429002512505,0.6125429002512526,-2.1094237467877974e-15,8.573763921049249e-11,True,0,0
367-293981-0004,test-other,367,True,True,True,1.0466809559603178,0.39628644768930976,0.39628644768930954,2.220446049250313e-16,3.0013396212780208e-09,True,0,0
367-293981-0007,test-other,367,True,True,True,1.0962262309894184,0.7980037970455055,0.798003797045503,2.55351295663786e-15,-2.2162893742461165e-09,True,0,0
367-293981-0008,test-other,367,True,True,True,1.0562695770292292,0.4754954259852794,0.47549542598528305,-3.6637359812630166e-15,-3.877119070239132e-09,True,0,0
367-293981-0010,test-other,367,True,True,True,1.052758528917978,0.4465753708227369,0.44657537082274246,-5.551115123125783e-15,1.5082157744927827e-09,True,0,0
367-293981-0011,test-other,367,True,True,True,1.0436157780206965,0.37081272814060645,0.37081272814060284,3.608224830031759e-15,-1.7355006320940447e-09,True,0,0
367-293981-0012,test-other,367,True,True,True,1.0396832570915115,0.3380210042598947,0.33802100425989323,1.4432899320127035e-15,2.674802601632109e-10,True,0,0
367-293981-0014,test-other,367,True,True,True,1.0254404535999673,0.21820892697332187,0.2182089269733254,-3.524958103184872e-15,-2.0574582038079825e-09,True,0,0
367-293981-0015,test-other,367,True,True,True,1.065230532493106,0.5488721208513493,0.5488721208513496,-3.3306690738754696e-16,-7.976233007411793e-10,True,0,0
367-293981-0017,test-other,367,True,True,True,1.0391688105285235,0.3337220681002604,0.3337220681002542,6.217248937900877e-15,-3.816769122977348e-09,True,0,0
367-293981-0019,test-other,367,True,True,True,1.0756706172603008,0.6335861142339345,0.6335861142339319,2.6645352591003757e-15,1.3118182096150122e-09,True,0,0
533-1066-0000,test-other,533,True,True,True,1.0793623948774875,0.6633456623605472,0.6633456623605483,-1.1102230246251565e-15,-2.9416327151920996e-09,True,0,0
533-1066-0002,test-other,533,True,True,True,1.0671135126176252,0.5642123862658245,0.5642123862658224,2.1094237467877974e-15,1.2566800933200284e-09,True,0,0
533-1066-0008,test-other,533,True,True,True,1.0662130489168602,0.5568798672474576,0.5568798672474529,4.773959005888173e-15,-1.8846435523300897e-10,True,0,0
533-1066-0011,test-other,533,True,True,True,1.0862101910039592,0.7182774619699988,0.718277461969997,1.7763568394002505e-15,1.6291892279696185e-09,True,0,0
533-1066-0014,test-other,533,True,True,True,1.0915928759987632,0.7612138539087722,0.7612138539087674,4.773959005888173e-15,6.345636904825369e-09,True,0,0
533-1066-0016,test-other,533,True,True,True,1.0895373303881604,0.744842297957429,0.7448422979574225,6.439293542825908e-15,-1.283577688582227e-09,True,0,0
533-1066-0017,test-other,533,True,True,True,1.0523249925151932,0.4429976986177428,0.4429976986177415,1.27675647831893e-15,-2.6562219090919825e-09,True,0,0
533-1066-0019,test-other,533,True,True,True,1.0477887513042583,0.40547463404781936,0.40547463404782036,-9.992007221626409e-16,3.2758720180936507e-09,True,0,0
533-1066-0023,test-other,533,True,True,True,1.0849887889663152,0.70850501410165,0.7085050141016502,-2.220446049250313e-16,-5.836078287302371e-10,True,0,0
533-131556-0000,test-other,533,True,True,True,1.0726246384327727,0.608955371700046,0.608955371700052,-5.995204332975845e-15,2.577699831363134e-09,True,0,0
533-131556-0002,test-other,533,True,True,True,1.0711664095925695,0.5971389059692288,0.5971389059692278,9.992007221626409e-16,-2.9357885011904727e-09,True,0,0
533-131556-0010,test-other,533,True,True,True,1.040252157428806,0.3427725034011914,0.34277250340119636,-4.9404924595819466e-15,-4.14727452380248e-09,True,0,0
533-131556-0011,test-other,533,True,True,True,1.0796578995347446,0.6657233341806217,0.6657233341806226,-8.881784197001252e-16,7.736957741144579e-10,True,0,0
533-131556-0014,test-other,533,True,True,True,1.07013748301934,0.5887915215746802,0.5887915215746808,-6.661338147750939e-16,-9.469260930927703e-10,True,0,0
533-131556-0018,test-other,533,True,True,True,1.0703907874571619,0.5908472518655337,0.590847251865533,6.661338147750939e-16,4.678355480791652e-10,True,0,0
533-131556-0019,test-other,533,True,True,True,1.0528435807990546,0.4472770715377336,0.4472770715377301,3.497202527569243e-15,3.5510439033714647e-10,True,0,0
533-131556-0020,test-other,533,True,True,True,1.1036336624536593,0.8564987726219787,0.8564987726219755,3.219646771412954e-15,1.1827907542283356e-09,True,0,0
533-131556-0022,test-other,533,True,True,True,1.047786400642058,0.4054551476624912,0.40545514766249724,-6.050715484207103e-15,2.194344261852166e-09,True,0,0
533-131562-0004,test-other,533,True,True,True,1.072336185000133,0.6066192220889558,0.6066192220889661,-1.0325074129013956e-14,3.897543621178556e-09,True,0,0
533-131562-0006,test-other,533,True,True,True,1.0351227669661032,0.29983721526121143,0.29983721526121343,-1.9984014443252818e-15,7.622418252140051e-10,True,0,0
533-131562-0009,test-other,533,True,True,True,1.0737282687748206,0.6178877445310688,0.6178877445310711,-2.3314683517128287e-15,8.636824588847958e-10,True,0,0
533-131562-0012,test-other,533,True,True,True,1.0703707158573146,0.590684375523757,0.590684375523761,-3.9968028886505635e-15,9.82833370244407e-10,True,0,0
533-131564-0001,test-other,533,True,True,True,1.070017445192023,0.587817166580266,0.5878171665802725,-6.5503158452884236e-15,4.889031401944521e-10,True,0,0
533-131564-0002,test-other,533,True,True,True,1.0792957631947555,0.662809444580415,0.6628094445804145,5.551115123125783e-16,-8.941199780565512e-09,True,0,0
533-131564-0003,test-other,533,True,True,True,1.0969216288117052,0.803511997429134,0.8035119974291334,6.661338147750939e-16,-9.377700393997657e-09,True,0,0
533-131564-0014,test-other,533,True,True,True,1.050205963081919,0.42548959774520156,0.42548959774520156,0.0,4.260517272314246e-09,True,0,0
533-131564-0016,test-other,533,True,True,True,1.0476784972072049,0.40456060886253925,0.40456060886254264,-3.3861802251067274e-15,1.2451870645691088e-09,True,0,0
533-131564-0024,test-other,533,True,True,True,1.0810998020998595,0.6773157569673104,0.6773157569673103,1.1102230246251565e-16,1.0473932832155697e-09,True,0,0
533-131564-0025,test-other,533,True,True,True,1.048558068987429,0.4118497326030068,0.41184973260300595,8.326672684688674e-16,-3.062311293433595e-09,True,0,0
533-131564-0027,test-other,533,True,True,True,1.050190669059375,0.42536310526286897,0.42536310526286414,4.829470157119431e-15,5.502453603867252e-09,True,0,0
1688-142285-0003,test-other,1688,True,True,True,1.0479027194983108,0.4064193486401696,0.40641934864016704,2.55351295663786e-15,-2.6924666940431052e-09,True,0,0
1688-142285-0007,test-other,1688,True,True,True,1.039169486611635,0.33372771913724575,0.3337277191372401,5.662137425588298e-15,-1.3741043858317425e-09,True,0,0
1688-142285-0008,test-other,1688,True,True,True,1.0363670247685433,0.3102717221520152,0.3102717221520166,-1.3877787807814457e-15,3.080828037127503e-09,True,0,0
1688-142285-0009,test-other,1688,True,True,True,1.0664160329788077,0.5585333166734772,0.5585333166734756,1.5543122344752192e-15,-4.542911824501061e-09,True,0,0
1688-142285-0016,test-other,1688,True,True,True,1.0682097282137766,0.5731305756454012,0.5731305756454006,5.551115123125783e-16,-3.3569236279618053e-10,True,0,0
1688-142285-0017,test-other,1688,True,True,True,1.0470147207761278,0.39905575596267906,0.3990557559626815,-2.4424906541753444e-15,-1.0904166458658437e-09,True,0,0
1688-142285-0018,test-other,1688,True,True,True,1.040125840469244,0.341717718960452,0.34171771896044945,2.55351295663786e-15,-7.216023334422061e-10,True,0,0
1688-142285-0020,test-other,1688,True,True,True,1.0506900377152961,0.42949228889689467,0.42949228889689195,2.7200464103316335e-15,-9.567671099830477e-10,True,0,0
1688-142285-0021,test-other,1688,True,True,True,1.0487504178336393,0.4134429372892746,0.41344293728927184,2.7755575615628914e-15,4.2525982735241996e-10,True,0,0
1688-142285-0026,test-other,1688,True,True,True,1.0768469024078142,0.6430792625106658,0.6430792625106676,-1.7763568394002505e-15,-1.1493526130834653e-09,True,0,0
1688-142285-0029,test-other,1688,True,True,True,1.05470181179203,0.46259384105195656,0.46259384105195167,4.884981308350689e-15,-2.9828584047209006e-10,True,0,0
1688-142285-0034,test-other,1688,True,True,True,1.0941342042697075,0.7814118987988197,0.7814118987988188,8.881784197001252e-16,-1.8054251427201962e-09,True,0,0
1688-142285-0037,test-other,1688,True,True,True,1.0435670574135896,0.37040722287358074,0.3704072228735811,-3.3306690738754696e-16,1.5094983041308296e-09,True,0,0
1688-142285-0044,test-other,1688,True,True,True,1.0974609548739152,0.8077815598877862,0.8077815598877862,0.0,1.3687113664673234e-09,True,0,0
1688-142285-0050,test-other,1688,True,True,True,1.0725491066618857,0.6083437097049625,0.6083437097049647,-2.1094237467877974e-15,1.9912782533992868e-09,True,0,0
1688-142285-0051,test-other,1688,True,True,True,1.1024641767011187,0.8472897294407461,0.8472897294407495,-3.4416913763379853e-15,1.6230963240104757e-09,True,0,0
1688-142285-0052,test-other,1688,True,True,True,1.0769733102968289,0.6440988136952503,0.6440988136952441,6.217248937900877e-15,-2.3021584638627246e-09,True,0,0
1688-142285-0054,test-other,1688,True,True,True,1.0808642475853054,0.6754230330567917,0.6754230330567914,3.3306690738754696e-16,2.6872086777984805e-09,True,0,0
1688-142285-0056,test-other,1688,True,True,True,1.1093950940740513,0.9017248205213944,0.9017248205214017,-7.327471962526033e-15,-7.398419654691679e-10,True,0,0
1688-142285-0057,test-other,1688,True,True,True,1.0904131881322365,0.7518219096948635,0.7518219096948684,-4.884981308350689e-15,1.0691962870623684e-09,True,0,0
1688-142285-0064,test-other,1688,True,True,True,1.0565852484521001,0.47809085954586444,0.4780908595458655,-1.0547118733938987e-15,-3.2929392546066083e-10,True,0,0
1688-142285-0076,test-other,1688,True,True,True,1.087819244466519,0.7311347518681687,0.731134751868165,3.6637359812630166e-15,1.131049032210285e-09,True,0,0
1688-142285-0077,test-other,1688,True,True,True,1.1010734246338765,0.8363256137690667,0.8363256137690733,-6.661338147750939e-15,3.0023237229670485e-09,True,0,0
1688-142285-0081,test-other,1688,True,True,True,1.0663901927447028,0.558322847087482,0.5583228470874815,5.551115123125783e-16,1.1998722015960084e-09,True,0,0
1688-142285-0084,test-other,1688,True,True,True,1.074073692546106,0.6206815894345087,0.6206815894345077,9.992007221626409e-16,-1.2168435148396384e-09,True,0,0
1688-142285-0085,test-other,1688,True,True,True,1.0943276683163525,0.7829475959782123,0.782947595978218,-5.662137425588298e-15,-1.354667489295025e-09,True,0,0
1688-142285-0086,test-other,1688,True,True,True,1.0677759757038638,0.5696029055152005,0.5696029055152039,-3.3306690738754696e-15,7.13786363348845e-10,True,0,0
1688-142285-0091,test-other,1688,True,True,True,1.075786355347456,0.6345206328096907,0.6345206328096928,-2.1094237467877974e-15,-1.4807426396146184e-09,True,0,0
1688-142285-0092,test-other,1688,True,True,True,1.0947594832593028,0.7863743183766161,0.7863743183766196,-3.552713678800501e-15,-2.2069350791298348e-09,True,0,0
1688-142285-0093,test-other,1688,True,True,True,1.0869417751323627,0.724125611882517,0.724125611882517,0.0,2.396568277163169e-09,True,0,0
1998-15444-0001,test-other,1998,True,True,True,1.0424176167873376,0.36083484627935264,0.3608348462793529,-2.7755575615628914e-16,4.68034500045178e-11,True,0,0
1998-15444-0003,test-other,1998,True,True,True,1.035676777817899,0.30448477010921,0.30448477010921593,-5.9396931817445875e-15,-2.8029063514622976e-09,True,0,0
1998-15444-0007,test-other,1998,True,True,True,1.062697157836232,0.5281903813563843,0.5281903813563851,-7.771561172376096e-16,2.3927810843815678e-09,True,0,0
1998-15444-0008,test-other,1998,True,True,True,1.0280480969804515,0.24026866992779922,0.24026866992779716,2.0539125955565396e-15,2.056204095879366e-09,True,0,0
1998-15444-0015,test-other,1998,True,True,True,1.0431481020479472,0.3669194443891615,0.36691944438916124,2.7755575615628914e-16,1.0359428870287957e-09,True,0,0
1998-15444-0018,test-other,1998,True,True,True,1.0522127061652977,0.4420708377260704,0.44207083772606737,3.0531133177191805e-15,-5.849756234965753e-10,True,0,0
1998-15444-0021,test-other,1998,True,True,True,1.0518182677602461,0.4388141855779931,0.4388141855779928,3.3306690738754696e-16,3.2305855768299807e-09,True,0,0
1998-29454-0001,test-other,1998,True,True,True,1.0215554936695548,0.18523927330670378,0.18523927330670276,1.0269562977782698e-15,3.122785585674137e-09,True,0,0
1998-29454-0003,test-other,1998,True,True,True,1.0459659233013345,0.39035071618411304,0.3903507161841162,-3.164135620181696e-15,-1.1583622949729033e-10,True,0,0
1998-29454-0004,test-other,1998,True,True,True,1.0542416733432525,0.45880359074330457,0.458803590743301,3.552713678800501e-15,-2.8342519442503544e-09,True,0,0
1998-29454-0007,test-other,1998,True,True,True,1.038675169504924,0.32959499063566017,0.3295949906356661,-5.9396931817445875e-15,1.2721201869680954e-10,True,0,0
1998-29454-0011,test-other,1998,True,True,True,1.0384043171208783,0.32732970041012044,0.32732970041012166,-1.2212453270876722e-15,-1.905046786987441e-09,True,0,0
1998-29454-0016,test-other,1998,True,True,True,1.0736025940519471,0.6168710434783181,0.6168710434783193,-1.2212453270876722e-15,-7.830109893802728e-10,True,0,0
1998-29454-0020,test-other,1998,True,True,True,1.0371721266745046,0.3170167374550786,0.3170167374550772,1.3877787807814457e-15,1.3899352779844776e-09,True,0,0
1998-29454-0023,test-other,1998,True,True,True,1.043298717037354,0.3681734664578112,0.36817346645781157,-3.885780586188048e-16,-2.720266678579719e-09,True,0,0
1998-29454-0033,test-other,1998,True,True,True,1.028150189175123,0.2411311952421366,0.24113119524214,-3.3861802251067274e-15,-2.1325412546957523e-09,True,0,0
1998-29454-0034,test-other,1998,True,True,True,1.0759444822788538,0.6357972544515631,0.635797254451564,-8.881784197001252e-16,-6.013664233250893e-09,True,0,0
1998-29454-0036,test-other,1998,True,True,True,1.0596564617265114,0.5033018155120559,0.5033018155120672,-1.1324274851176597e-14,1.3531280984580007e-08,True,0,0
1998-29454-0040,test-other,1998,True,True,True,1.0459949251869245,0.3905915497329133,0.390591549732914,-6.661338147750939e-16,2.4256294750557572e-09,True,0,0
1998-29454-0042,test-other,1998,True,True,True,1.0405809949227707,0.3455177943458161,0.3455177943458132,2.886579864025407e-15,1.941803162708311e-09,True,0,0
1998-29454-0045,test-other,1998,True,True,True,1.0392431649782852,0.33434353733024497,0.33434353733024835,-3.3861802251067274e-15,2.4543140852983925e-09,True,0,0
1998-29455-0000,test-other,1998,True,True,True,1.058372954136635,0.4927746655523345,0.4927746655523322,2.3314683517128287e-15,4.526583552433294e-10,True,0,0
1998-29455-0004,test-other,1998,True,True,True,1.0324424997390018,0.2773174730784867,0.2773174730784831,3.608224830031759e-15,3.914163215767985e-09,True,0,0
1998-29455-0008,test-other,1998,True,True,True,1.0238965522848475,0.20512161245773763,0.20512161245773441,3.219646771412954e-15,9.938467826486885e-10,True,0,0
1998-29455-0013,test-other,1998,True,True,True,1.0707938444274847,0.5941173186792921,0.594117318679281,1.1102230246251565e-14,1.3648033814206428e-09,True,0,0
1998-29455-0014,test-other,1998,True,True,True,1.0383787993758515,0.3271162507577561,0.32711625075775785,-1.7763568394002505e-15,2.6102640049430192e-09,True,0,0
1998-29455-0023,test-other,1998,True,True,True,1.0324114978618453,0.2770566518447455,0.2770566518447488,-3.3306690738754696e-15,2.2093828988545283e-09,True,0,0
1998-29455-0024,test-other,1998,True,True,True,1.060857984600805,0.513144989387793,0.5131449893877935,-5.551115123125783e-16,7.0722023792768596e-09,True,0,0
1998-29455-0025,test-other,1998,True,True,True,1.0363314534671177,0.30997359060829194,0.309973590608287,4.9404924595819466e-15,1.3762111450432712e-09,True,0,0
1998-29455-0030,test-other,1998,True,True,True,1.037537954210717,0.32007985231465597,0.32007985231465597,0.0,2.56598298165045e-09,True,0,0
2033-164914-0002,test-other,2033,True,True,True,1.1067172635003484,0.8807336897482142,0.8807336897482152,-9.992007221626409e-16,-1.0666134642178804e-09,True,0,0
2033-164914-0004,test-other,2033,True,True,True,1.0265761033131802,0.22782301030059043,0.2278230103005896,8.326672684688674e-16,-4.5311736585063045e-09,True,0,0
2033-164914-0005,test-other,2033,True,True,True,1.1012328543473193,0.8375831944349608,0.8375831944349592,1.5543122344752192e-15,-2.382947172918648e-10,True,0,0
2033-164914-0007,test-other,2033,True,True,True,1.0332307774815852,0.28394668582387705,0.28394668582387084,6.217248937900877e-15,4.569059797177033e-09,True,0,0
2033-164914-0008,test-other,2033,True,True,True,1.0411338370024597,0.3501312268205278,0.3501312268205261,1.6653345369377348e-15,-5.166889138763509e-10,True,0,0
2033-164914-0009,test-other,2033,True,True,True,1.0759625134455222,0.6359428153183128,0.6359428153183124,3.3306690738754696e-16,-1.2275478411538643e-09,True,0,0
2033-164914-0010,test-other,2033,True,True,True,1.074104085262268,0.6209273677691782,0.6209273677691733,4.884981308350689e-15,3.0765612279992638e-09,True,0,0
2033-164914-0012,test-other,2033,True,True,True,1.0571522877015442,0.4827510790622708,0.48275107906227177,-9.43689570931383e-16,1.8423307324155758e-10,True,0,0
2033-164914-0014,test-other,2033,True,True,True,1.0580113580726829,0.4898066001423912,0.48980660014239064,5.551115123125783e-16,-3.5423433075720823e-09,True,0,0
2033-164914-0015,test-other,2033,True,True,True,1.0639663364255525,0.5385577445958893,0.5385577445958916,-2.220446049250313e-15,-7.340936747368687e-10,True,0,0
2033-164914-0016,test-other,2033,True,True,True,1.0520575106710632,0.4407896230542052,0.4407896230542043,8.881784197001252e-16,3.298573858501186e-09,True,0,0
2033-164914-0018,test-other,2033,True,True,True,1.0840017410242075,0.7005995945381187,0.7005995945381187,0.0,2.4205100146446057e-09,True,0,0
2033-164914-0019,test-other,2033,True,True,True,1.050528210382958,0.42815438470425593,0.4281543847042535,2.4424906541753444e-15,5.957897286634761e-09,True,0,0
2033-164914-0020,test-other,2033,True,True,True,1.0527996647971951,0.4469147598818065,0.44691475988180684,-3.3306690738754696e-16,-2.7983126926756086e-09,True,0,0
2033-164915-0001,test-other,2033,True,True,True,1.0943091272352181,0.7828004305966971,0.7828004305966942,2.886579864025407e-15,-5.4646243086153845e-09,True,0,0
2033-164915-0006,test-other,2033,True,True,True,1.070039135666675,0.5879932376904559,0.5879932376904549,9.992007221626409e-16,-8.599592149494129e-10,True,0,0
2033-164915-0007,test-other,2033,True,True,True,1.0729552937104374,0.611632536255652,0.6116325362556481,3.885780586188048e-15,3.2564457796979696e-09,True,0,0
2033-164915-0008,test-other,2033,True,True,True,1.0810394820473799,0.6768311135192427,0.676831113519242,7.771561172376096e-16,2.042526148215984e-09,True,0,0
2033-164915-0010,test-other,2033,True,True,True,1.0882234569064382,0.7343616597607744,0.7343616597607721,2.3314683517128287e-15,-2.3984512154129334e-09,True,0,0
2033-164915-0011,test-other,2033,True,True,True,1.0919589265476344,0.7641260584147745,0.764126058414778,-3.4416913763379853e-15,3.8824765624667634e-10,True,0,0
2033-164915-0013,test-other,2033,True,True,True,1.0624283826423042,0.5259932860414138,0.5259932860414125,1.3322676295501878e-15,-1.4926229141565273e-09,True,0,0
2033-164915-0014,test-other,2033,True,True,True,1.049545968089435,0.420029291915662,0.4200292919156645,-2.4980018054066022e-15,-1.3607426296857739e-09,True,0,0
2033-164915-0015,test-other,2033,True,True,True,1.0429835686204685,0.3655493303010533,0.3655493303010573,-3.9968028886505635e-15,8.936034134876536e-10,True,0,0
2033-164915-0016,test-other,2033,True,True,True,1.053140612093212,0.4497272143886805,0.44972721438868035,1.6653345369377348e-16,-1.0941967332200875e-09,True,0,0
2033-164916-0000,test-other,2033,True,True,True,1.0752547896007716,0.6302277149211538,0.6302277149211584,-4.551914400963142e-15,-2.129254994542862e-09,True,0,0
2033-164916-0001,test-other,2033,True,True,True,1.0621404369681748,0.5236388653801727,0.5236388653801747,-1.9984014443252818e-15,2.381952413088584e-09,True,0,0
2033-164916-0005,test-other,2033,True,True,True,1.0711337254832483,0.5968738725485083,0.5968738725485103,-1.9984014443252818e-15,7.093063913998776e-10,True,0,0
2033-164916-0006,test-other,2033,True,True,True,1.0308130256441557,0.2635979556223249,0.26359795562232335,1.5543122344752192e-15,3.2962823581783596e-09,True,0,0
2033-164916-0008,test-other,2033,True,True,True,1.0474195234270094,0.4024132938794381,0.4024132938794409,-2.831068712794149e-15,3.3642919561316376e-09,True,0,0
2033-164916-0009,test-other,2033,True,True,True,1.0555267133153794,0.4693845785230808,0.4693845785230799,8.881784197001252e-16,2.2716761804986163e-10,True,0,0
2414-128291-0001,test-other,2414,True,True,True,1.18291978865112,1.4591059402807653,1.4591059402807716,-6.217248937900877e-15,-6.505963767722278e-09,True,0,0
2414-128291-0016,test-other,2414,True,True,True,1.1095251808606883,0.9027432613244799,0.9027432613244812,-1.3322676295501878e-15,-1.2531273796412279e-09,True,0,0
2414-128291-0017,test-other,2414,True,True,True,1.0946225049134277,0.7852874556883729,0.7852874556883691,3.774758283725532e-15,7.426116610531608e-09,True,0,0
2414-128291-0018,test-other,2414,True,True,True,1.1094621790411356,0.9022500391803007,0.902250039180295,5.662137425588298e-15,5.287887461236096e-09,True,0,0
2414-128291-0024,test-other,2414,True,True,True,1.0950697751438199,0.7888358446094927,0.7888358446094905,2.220446049250313e-15,3.502385936826613e-09,True,0,0
2414-128292-0000,test-other,2414,True,True,True,1.1292349299157012,1.055686068828487,1.0556860688284928,-5.773159728050814e-15,-4.789228569279658e-09,True,0,0
2414-128292-0002,test-other,2414,True,True,True,1.1647435718436234,1.324606445585308,1.3246064455853102,-2.220446049250313e-15,1.8362129594606813e-09,True,0,0
2414-128292-0004,test-other,2414,True,True,True,1.1355445735649041,1.104083725291047,1.1040837252910478,-8.881784197001252e-16,7.792323231115006e-09,True,0,0
2414-128292-0006,test-other,2414,True,True,True,1.14353290984335,1.1649733545038234,1.1649733545038288,-5.329070518200751e-15,-6.343221059523785e-09,True,0,0
2414-128292-0007,test-other,2414,True,True,True,1.1117762152712567,0.9203475748938059,0.9203475748938104,-4.440892098500626e-15,-3.1658515808885568e-09,True,0,0
2414-128292-0009,test-other,2414,True,True,True,1.105202340711363,0.8688359207807554,0.8688359207807537,1.7763568394002505e-15,1.3031211665293085e-09,True,0,0
2414-128292-0010,test-other,2414,True,True,True,1.099005286302179,0.8199956283850893,0.8199956283850867,2.6645352591003757e-15,-4.799147745870869e-09,True,0,0
2414-128292-0012,test-other,2414,True,True,True,1.0978030156572403,0.8104883890230528,0.8104883890230568,-3.9968028886505635e-15,7.184393524539701e-09,True,0,0
2414-128292-0014,test-other,2414,True,True,True,1.0906606842813025,0.7537931627303978,0.7537931627303962,1.5543122344752192e-15,-1.4664749414805556e-09,True,0,0
2414-128292-0021,test-other,2414,True,True,True,1.1164591993173902,0.9568571305926892,0.9568571305926881,1.1102230246251565e-15,-9.64988089435792e-10,True,0,0
2414-128292-0024,test-other,2414,True,True,True,1.125061342438335,1.0235240481687593,1.0235240481687597,-4.440892098500626e-16,1.631817525549195e-08,True,0,0
2414-128292-0028,test-other,2414,True,True,True,1.1136480353288394,0.9349591046029517,0.9349591046029531,-1.3322676295501878e-15,-3.607382836889883e-09,True,0,0
2414-128292-0029,test-other,2414,True,True,True,1.1018212522789284,0.8422228985651247,0.8422228985651188,5.88418203051333e-15,-3.129230208287481e-10,True,0,0
2414-128292-0032,test-other,2414,True,True,True,1.0764246536545243,0.6396727194691514,0.6396727194691465,4.884981308350689e-15,2.5292692384937254e-09,True,0,0
2414-159411-0002,test-other,2414,True,True,True,1.1182313853805064,0.9706335485850986,0.9706335485851127,-1.4099832412739488e-14,-2.516543418096262e-09,True,0,0
2414-159411-0005,test-other,2414,True,True,True,1.1259446347041684,1.0303407155706852,1.0303407155706878,-2.6645352591003757e-15,1.931923065967567e-09,True,0,0
2414-159411-0009,test-other,2414,True,True,True,1.1284512537077056,1.049656067513523,1.0496560675135242,-1.3322676295501878e-15,-1.597427967681142e-09,True,0,0
2414-159411-0010,test-other,2414,True,True,True,1.1579264444024573,1.2736194468140536,1.2736194468140525,1.1102230246251565e-15,-9.683986945674405e-10,True,0,0
2414-159411-0015,test-other,2414,True,True,True,1.1169796665377225,0.960905346092994,0.9609053460929999,-5.88418203051333e-15,4.468816428015998e-09,True,0,0
2414-159411-0019,test-other,2414,True,True,True,1.1270803743563098,1.0390977511757062,1.0390977511756958,1.0436096431476471e-14,-6.970658716909384e-09,True,0,0
2414-159411-0020,test-other,2414,True,True,True,1.1184372050387918,0.9722321107054911,0.972232110705491,1.1102230246251565e-16,5.465125241244095e-09,True,0,0
2414-159411-0021,test-other,2414,True,True,True,1.126361637280292,1.0335570085246566,1.033557008524653,3.552713678800501e-15,1.2914242120132258e-08,True,0,0
2414-159411-0022,test-other,2414,True,True,True,1.0783498591382514,0.6551937187315539,0.6551937187315531,7.771561172376096e-16,1.731471854782285e-09,True,0,0
2414-159411-0023,test-other,2414,True,True,True,1.2401712004431102,1.8696328367214063,1.869632836721408,-1.5543122344752192e-15,-5.42411981996338e-09,True,0,0
2414-159411-0035,test-other,2414,True,True,True,1.0981729813025936,0.8134150884043451,0.8134150884043407,4.3298697960381105e-15,5.391321167280694e-09,True,0,0
2609-156975-0001,test-other,2609,True,True,True,1.0708638518106564,0.5946851745092535,0.5946851745092552,-1.6653345369377348e-15,-2.463810488961826e-09,True,0,0
2609-156975-0002,test-other,2609,True,True,True,1.0690994988585918,0.5803625194115463,0.580362519411544,2.220446049250313e-15,1.7915944283686258e-09,True,0,0
2609-156975-0006,test-other,2609,True,True,True,1.0864430143624426,0.720139036564321,0.7201390365643192,1.7763568394002505e-15,-1.9444961196768418e-09,True,0,0
2609-156975-0013,test-other,2609,True,True,True,1.0854701029944982,0.7123573244255761,0.7123573244255716,4.440892098500626e-15,2.361989714927404e-09,True,0,0
2609-156975-0014,test-other,2609,True,True,True,1.0941715798024754,0.7817086029936172,0.7817086029936178,-5.551115123125783e-16,2.9908875376349897e-10,True,0,0
2609-156975-0016,test-other,2609,True,True,True,1.086098310789399,0.7173827647422237,0.7173827647422186,5.10702591327572e-15,-1.6515393497229525e-09,True,0,0
2609-156975-0019,test-other,2609,True,True,True,1.0734993754084599,0.6160359217567006,0.6160359217567013,-6.661338147750939e-16,2.034639123849047e-10,True,0,0
2609-156975-0020,test-other,2609,True,True,True,1.0675693171413345,0.5679216659718727,0.5679216659718698,2.886579864025407e-15,3.105462553776306e-09,True,0,0
2609-156975-0022,test-other,2609,True,True,True,1.0700996017781532,0.5884840488346996,0.588484048834701,-1.3322676295501878e-15,-6.977849409395276e-10,True,0,0
2609-156975-0024,test-other,2609,True,True,True,1.0971047813397654,0.8049621555876673,0.8049621555876669,3.3306690738754696e-16,3.817802962657879e-09,True,0,0
2609-156975-0028,test-other,2609,True,True,True,1.0724429173682006,0.6074837079183699,0.607483707918373,-3.1086244689504383e-15,-1.6837518046486366e-09,True,0,0
2609-156975-0029,test-other,2609,True,True,True,1.0881548182611198,0.7338137883680651,0.7338137883680673,-2.220446049250313e-15,3.5068126180703985e-09,True,0,0
2609-156975-0030,test-other,2609,True,True,True,1.0885371402056223,0.7368650297138069,0.7368650297138046,2.220446049250313e-15,5.789146939605416e-10,True,0,0
2609-156975-0031,test-other,2609,True,True,True,1.0900568756645095,0.748983172442491,0.7489831724424931,-2.1094237467877974e-15,-1.7407266739155602e-09,True,0,0
2609-156975-0032,test-other,2609,True,True,True,1.0817746724376593,0.6827361819927824,0.6827361819927837,-1.3322676295501878e-15,-1.1725553861197113e-09,True,0,0
2609-156975-0036,test-other,2609,True,True,True,1.0732138387504802,0.6137252824993451,0.6137252824993453,-2.220446049250313e-16,-1.2851160136051476e-09,True,0,0
2609-157645-0003,test-other,2609,True,True,True,1.0838272459312195,0.6992012876306352,0.6992012876306326,2.55351295663786e-15,-2.5815722892730264e-09,True,0,0
2609-157645-0004,test-other,2609,True,True,True,1.0794394011865955,0.6639653286067492,0.66396532860675,-7.771561172376096e-16,-2.7336852781445486e-09,True,0,0
2609-157645-0005,test-other,2609,True,True,True,1.0665650995022873,0.5597473690193367,0.5597473690193411,-4.3298697960381105e-15,8.810694396288454e-10,True,0,0
2609-157645-0010,test-other,2609,True,True,True,1.0738393306612328,0.6187861295593071,0.6187861295593038,3.3306690738754696e-15,-4.953975007992995e-10,True,0,0
2609-157645-0011,test-other,2609,True,True,True,1.0688621838099566,0.57843424132586,0.578434241325855,4.9960036108132044e-15,5.2380499937498826e-09,True,0,0
2609-157645-0014,test-other,2609,True,True,True,1.0704346990451068,0.5912035734892999,0.5912035734893024,-2.55351295663786e-15,1.0202541034232127e-09,True,0,0
2609-169640-0001,test-other,2609,True,True,True,1.0731652963125347,0.6133324029265415,0.6133324029265417,-2.220446049250313e-16,-3.867096864951236e-09,True,0,0
2609-169640-0004,test-other,2609,True,True,True,1.052064091560717,0.4408439553524826,0.44084395535248433,-1.7208456881689926e-15,1.2430838580712589e-09,True,0,0
2609-169640-0005,test-other,2609,True,True,True,1.056621683839906,0.47839037943915835,0.4783903794391513,7.049916206369744e-15,-1.145028960536365e-09,True,0,0
2609-169640-0008,test-other,2609,True,True,True,1.1060809869732755,0.8757385413250987,0.8757385413251022,-3.552713678800501e-15,1.6701129368357215e-09,True,0,0
2609-169640-0010,test-other,2609,True,True,True,1.0909163166310665,0.7558287492691294,0.7558287492691314,-1.9984014443252818e-15,-1.1764171858885675e-09,True,0,0
2609-169640-0020,test-other,2609,True,True,True,1.1125310354136608,0.9262426999518781,0.9262426999518816,-3.4416913763379853e-15,-1.742225919088014e-09,True,0,0
2609-169640-0022,test-other,2609,True,True,True,1.0750662412390486,0.6287044909540596,0.6287044909540604,-8.881784197001252e-16,-1.6271073377538414e-09,True,0,0
2609-169640-0024,test-other,2609,True,True,True,1.0909543631445686,0.756131670813004,0.7561316708129979,6.106226635438361e-15,4.746638637698197e-10,True,0,0
3005-163389-0001,test-other,3005,True,True,True,1.0832404461089082,0.6944973472419482,0.6944973472419456,2.6645352591003757e-15,-1.4552199445461156e-09,True,0,0
3005-163389-0005,test-other,3005,True,True,True,1.0883443563973996,0.7353265914577795,0.7353265914577811,-1.6653345369377348e-15,-9.89082593605417e-10,True,0,0
3005-163389-0007,test-other,3005,True,True,True,1.090987769015141,0.7563976354330566,0.756397635433057,-4.440892098500626e-16,-9.150262769708206e-10,True,0,0
3005-163389-0014,test-other,3005,True,True,True,1.0893762303768104,0.7435578992120881,0.7435578992120853,2.886579864025407e-15,-5.711378037176473e-10,True,0,0
3005-163390-0001,test-other,3005,True,True,True,1.066889424165015,0.5623882017324844,0.5623882017324817,2.6645352591003757e-15,2.6200908109785814e-10,True,0,0
3005-163390-0003,test-other,3005,True,True,True,1.0183839643046702,0.1582310440819529,0.1582310440819512,1.6930901125533637e-15,-6.520711082202979e-09,True,0,0
3005-163390-0004,test-other,3005,True,True,True,1.0684955855077756,0.5754546443008022,0.5754546443008053,-3.1086244689504383e-15,1.4496350786430412e-09,True,0,0
3005-163390-0006,test-other,3005,True,True,True,1.0855613594457318,0.713087524312917,0.7130875243129147,2.3314683517128287e-15,1.0358149893363588e-09,True,0,0
3005-163390-0008,test-other,3005,True,True,True,1.0429344412893293,0.3651401919029581,0.365140191902956,2.1094237467877974e-15,7.666862700261845e-10,True,0,4
3005-163390-0010,test-other,3005,True,True,True,1.0704481946981415,0.5913130813500024,0.5913130813499983,4.107825191113079e-15,-2.6816522336048365e-09,True,0,0
3005-163390-0011,test-other,3005,True,True,True,1.0924104811434896,0.7677171666103195,0.7677171666103177,1.7763568394002505e-15,-3.224915445798615e-09,True,0,0
3005-163390-0018,test-other,3005,True,True,True,1.0473100653517646,0.40150554829974194,0.4015055482997454,-3.4416913763379853e-15,-2.2322410586639307e-10,True,0,0
3005-163390-0020,test-other,3005,True,True,True,1.0755020458497622,0.6322248170250423,0.632224817025044,-1.6653345369377348e-15,-7.251372835526126e-10,True,0,0
3005-163390-0029,test-other,3005,True,True,True,1.046409705843017,0.39403518486599154,0.39403518486599154,0.0,2.0381918375278474e-10,True,0,0
3005-163391-0003,test-other,3005,True,True,True,1.057597014888016,0.48640432657766786,0.48640432657766297,4.884981308350689e-15,-3.830106010127565e-09,True,0,0
3005-163391-0004,test-other,3005,True,True,True,1.1178044982653776,0.9673170593980628,0.9673170593980629,-1.1102230246251565e-16,3.0758577906908613e-09,True,0,0
3005-163391-0006,test-other,3005,True,True,True,1.0993997886229612,0.82311298259441,0.8231129825944095,5.551115123125783e-16,4.140691345355663e-09,True,0,0
3005-163391-0010,test-other,3005,True,True,True,1.0981476399518033,0.8132146512057656,0.8132146512057581,7.549516567451064e-15,-1.8319923356102663e-10,True,0,0
3005-163391-0011,test-other,3005,True,True,True,1.0595055700633182,0.5020648847664557,0.5020648847664546,1.1102230246251565e-15,7.652900535504159e-11,True,0,0
3005-163391-0012,test-other,3005,True,True,True,1.0806391087067537,0.6736136151313308,0.6736136151313268,3.9968028886505635e-15,-4.360600769359735e-11,True,0,0
3005-163391-0017,test-other,3005,True,True,True,1.0876366364413117,0.7296765626475827,0.7296765626475796,3.1086244689504383e-15,7.639542332071869e-10,True,0,0
3005-163391-0021,test-other,3005,True,True,True,1.0802222359596536,0.6702622564444005,0.6702622564443992,1.3322676295501878e-15,-1.2374314906082873e-09,True,0,0
3005-163399-0014,test-other,3005,True,True,True,1.0706254984296408,0.5927516499080899,0.592751649908088,1.887379141862766e-15,7.358238462984446e-10,True,0,0
3005-163399-0015,test-other,3005,True,True,True,1.0364999734410372,0.31138590603297844,0.31138590603297445,3.9968028886505635e-15,1.7423786857762025e-09,True,0,0
3005-163399-0017,test-other,3005,True,True,True,1.0817654881205974,0.6826624380744988,0.6826624380745017,-2.886579864025407e-15,5.230660349297978e-10,True,0,0
3005-163399-0020,test-other,3005,True,True,True,1.0648497561468513,0.5457667155075017,0.5457667155075008,8.881784197001252e-16,2.574470414629104e-09,True,0,0
3005-163399-0022,test-other,3005,True,True,True,1.0482699575606211,0.4094627900013409,0.40946279000134567,-4.773959005888173e-15,3.3288927170360694e-10,True,0,0
3005-163399-0025,test-other,3005,True,True,True,1.0494053905245875,0.4188658145338082,0.41886581453380956,-1.3322676295501878e-15,-2.0361277108804643e-09,True,0,0
3005-163399-0026,test-other,3005,True,True,True,1.0444661279033463,0.3778872069929862,0.3778872069929804,5.828670879282072e-15,2.5903581502007e-09,True,0,0
3005-163399-0027,test-other,3005,True,True,True,1.0603002125338146,0.5085769692040233,0.5085769692040181,5.218048215738236e-15,-9.492922004028514e-10,True,0,0
3080-5032-0000,test-other,3080,True,True,True,1.0590787182146395,0.4985648228429247,0.49856482284292625,-1.5543122344752192e-15,-3.561240191629622e-11,True,0,0
3080-5032-0003,test-other,3080,True,True,True,1.0434704096210345,0.3696027600177333,0.36960276001773096,2.3314683517128287e-15,2.629199968851026e-09,True,0,0
3080-5032-0004,test-other,3080,True,True,True,1.0630762451601345,0.5312882756934468,0.531288275693452,-5.218048215738236e-15,1.7760015680323704e-11,True,0,0
3080-5032-0005,test-other,3080,True,True,True,1.0467598553026094,0.39694116978730054,0.39694116978730065,-1.1102230246251565e-16,-1.5825563082216831e-09,True,0,0
3080-5032-0008,test-other,3080,True,True,True,1.0586981635653114,0.49544319492325817,0.4954431949232614,-3.219646771412954e-15,6.195222113092314e-11,True,0,0
3080-5032-0010,test-other,3080,True,True,True,1.0808585212276565,0.6753770155828727,0.6753770155828711,1.5543122344752192e-15,4.107164386368822e-09,True,0,0
3080-5032-0011,test-other,3080,True,True,True,1.0338268487500273,0.28895613435778966,0.28895613435778955,1.1102230246251565e-16,-7.227995979519619e-10,True,0,0
3080-5032-0017,test-other,3080,True,True,True,1.087019295145593,0.7247450620549707,0.7247450620549678,2.886579864025407e-15,-1.2461711662581365e-09,True,0,0
3080-5032-0019,test-other,3080,True,True,True,1.0539420545988993,0.4563346831903473,0.4563346831903452,2.1094237467877974e-15,-3.131034986836312e-09,True,0,0
3080-5032-0020,test-other,3080,True,True,True,1.062000253810008,0.5224924107710153,0.5224924107710152,1.1102230246251565e-16,-4.880405413132394e-09,True,0,0
3080-5032-0021,test-other,3080,True,True,True,1.0557822188672745,0.4714868696683314,0.47148686966833253,-1.1102230246251565e-15,-1.7490044967871654e-09,True,0,0
3080-5032-0024,test-other,3080,True,True,True,1.062346401022724,0.5253230189563072,0.525323018956307,2.220446049250313e-16,-1.4439471840432816e-09,True,0,0
3080-5032-0025,test-other,3080,True,True,True,1.0840502729583452,0.7009884625368507,0.7009884625368521,-1.4432899320127035e-15,7.034657301119296e-10,True,0,0
3080-5032-0026,test-other,3080,True,True,True,1.0705094130398967,0.591809808383302,0.5918098083832994,2.55351295663786e-15,2.9590871974960464e-09,True,0,0
3080-5040-0000,test-other,3080,True,True,True,1.0284957144570617,0.24404972826623844,0.24404972826624416,-5.717648576819556e-15,2.2807498112342728e-09,True,0,0
3080-5040-0001,test-other,3080,True,True,True,1.0660833386478292,0.5558231200807064,0.5558231200807136,-7.105427357601002e-15,-6.155431719889748e-11,True,0,0
3080-5040-0002,test-other,3080,True,True,True,1.0644856551574362,0.5427962665822614,0.5427962665822612,2.220446049250313e-16,-1.6929746493588027e-10,True,0,0
3080-5040-0004,test-other,3080,True,True,True,1.041467136285005,0.3529114049213586,0.35291140492135753,1.0547118733938987e-15,2.512088315143046e-10,True,0,0
3080-5040-0010,test-other,3080,True,True,True,1.057575638085977,0.4862287602539728,0.4862287602539688,4.052314039881821e-15,1.8091768083650095e-09,True,0,0
3080-5040-0011,test-other,3080,True,True,True,1.0418552272517088,0.35614750069252754,0.35614750069252565,1.887379141862766e-15,8.927187877816323e-10,True,0,0
3080-5040-0013,test-other,3080,True,True,True,1.0598582920388198,0.5049560392635171,0.5049560392635186,-1.5543122344752192e-15,4.510027906690084e-10,True,0,0
3080-5040-0014,test-other,3080,True,True,True,1.061484155736677,0.5182703209120241,0.518270320912027,-2.886579864025407e-15,-2.426876477557016e-09,True,0,0
3080-5040-0019,test-other,3080,True,True,True,1.063786965951409,0.5370932964902861,0.5370932964902906,-4.440892098500626e-15,-3.4280134286746033e-09,True,0,0
3080-5040-0020,test-other,3080,True,True,True,1.0888614975169624,0.7394528257945333,0.7394528257945367,-3.4416913763379853e-15,-5.362295496524894e-09,True,0,0
3080-5040-0021,test-other,3080,True,True,True,1.095583010883869,0.7929057813026769,0.7929057813026716,5.218048215738236e-15,7.362679355082946e-10,True,0,0
3080-5040-0022,test-other,3080,True,True,True,1.0832926642339618,0.6949160446246415,0.6949160446246481,-6.5503158452884236e-15,-1.4477663512479921e-09,True,0,0
3080-5040-0023,test-other,3080,True,True,True,1.062652959348674,0.5278291202332872,0.5278291202332852,1.9984014443252818e-15,-5.925642199144932e-10,True,0,0
3080-5040-0027,test-other,3080,True,True,True,1.0412535541105237,0.35112993589263974,0.3511299358926401,-3.3306690738754696e-16,-6.595008983367734e-10,True,0,0
3080-5040-0029,test-other,3080,True,True,True,1.0571510883677935,0.4827412249602378,0.4827412249602361,1.7208456881689926e-15,2.056790293636368e-09,True,0,0
3080-5040-0030,test-other,3080,True,True,True,1.055318628407555,0.4676720868356621,0.46767208683566963,-7.549516567451064e-15,2.7022188930914126e-09,True,0,0
3331-159605-0001,test-other,3331,True,True,True,1.029834836344868,0.2553515734105243,0.25535157341052184,2.4424906541753444e-15,-1.3349321648092882e-09,True,0,0
3331-159605-0005,test-other,3331,True,True,True,1.059257011058884,0.5000269442154908,0.5000269442154952,-4.440892098500626e-15,2.4066011405921017e-09,True,0,0
3331-159605-0006,test-other,3331,True,True,True,1.0646697626880701,0.5442983999476375,0.544298399947639,-1.4432899320127035e-15,-5.465487618039333e-09,True,0,0
3331-159605-0009,test-other,3331,True,True,True,1.0605509456042208,0.5106307104861036,0.5106307104861081,-4.440892098500626e-15,5.569411598571605e-10,True,0,0
3331-159605-0014,test-other,3331,True,True,True,1.0577887022236787,0.48797848398420557,0.4879784839842074,-1.8318679906315083e-15,-2.682355670913239e-09,True,0,0
3331-159605-0015,test-other,3331,True,True,True,1.0610464269861308,0.5146877448082903,0.5146877448082918,-1.5543122344752192e-15,2.7497648602547997e-10,True,0,0
3331-159605-0016,test-other,3331,True,True,True,1.0644662879901539,0.5426382347599251,0.5426382347599237,1.4432899320127035e-15,1.8783126165544672e-09,True,0,0
3331-159605-0017,test-other,3331,True,True,True,1.0591698118156931,0.49931188245822133,0.49931188245822256,-1.2212453270876722e-15,-2.890210737405141e-09,True,0,0
3331-159605-0020,test-other,3331,True,True,True,1.0560738462200736,0.4738857481334223,0.47388574813342643,-4.107825191113079e-15,1.0901146652031457e-09,True,0,0
3331-159605-0021,test-other,3331,True,True,True,1.040482168303907,0.3446928341806784,0.34469283418067675,1.6653345369377348e-15,-2.5492497002232994e-10,True,0,0
3331-159605-0024,test-other,3331,True,True,True,1.0421803375901433,0.35885750486940715,0.3588575048694018,5.329070518200751e-15,-2.2497914642372052e-10,True,0,0
3331-159605-0025,test-other,3331,True,True,True,1.0435172265407204,0.3699924571971587,0.36999245719716,-1.3322676295501878e-15,1.5871606251494086e-09,True,0,0
3331-159605-0026,test-other,3331,True,True,True,1.0576631724098737,0.48694765163736664,0.4869476516373652,1.4432899320127035e-15,5.1381832122388e-10,True,0,0
3331-159605-0029,test-other,3331,True,True,True,1.0526534539659487,0.44570839614487956,0.4457083961448802,-6.661338147750939e-16,-3.447553353908006e-10,True,0,0
3331-159605-0034,test-other,3331,True,True,True,1.0610994831455363,0.5151220598505417,0.5151220598505404,1.3322676295501878e-15,5.535309099968799e-09,True,0,0
3331-159605-0035,test-other,3331,True,True,True,1.0514593107177723,0.4358494211380462,0.43584942113804814,-1.942890293094024e-15,-3.0951241569709964e-11,True,0,0
3331-159605-0037,test-other,3331,True,True,True,1.0482140682724639,0.40899968302507284,0.40899968302506906,3.774758283725532e-15,-2.021675271635104e-09,True,0,0
3331-159605-0039,test-other,3331,True,True,True,1.0441646191901008,0.37537946700112734,0.3753794670011281,-7.771561172376096e-16,-3.329020614728506e-09,True,0,0
3331-159605-0040,test-other,3331,True,True,True,1.0325168858822038,0.27794325761956024,0.27794325761956173,-1.4988010832439613e-15,-1.9415580254644738e-10,True,0,0
3331-159605-0041,test-other,3331,True,True,True,1.0750060181984828,0.6282179113222696,0.6282179113222668,2.7755575615628914e-15,-9.297878023062367e-10,True,0,0
3331-159605-0043,test-other,3331,True,True,True,1.0448296924229195,0.3809101215027275,0.38091012150272974,-2.220446049250313e-15,3.9025849218887743e-10,True,0,0
3331-159605-0044,test-other,3331,True,True,True,1.0477448310799853,0.4051105394571363,0.4051105394571337,2.609024107869118e-15,-1.463245524746526e-09,True,0,0
3331-159605-0046,test-other,3331,True,True,True,1.0366112076909817,0.3123180011648861,0.3123180011648863,-1.6653345369377348e-16,9.33148669446382e-10,True,0,0
3331-159609-0005,test-other,3331,True,True,True,1.0717354307465343,0.6017517678074972,0.6017517678075031,-5.88418203051333e-15,1.1294396529137884e-09,True,0,0
3331-159609-0010,test-other,3331,True,True,True,1.0620008300023618,0.5224971233328249,0.5224971233328226,2.3314683517128287e-15,4.229683270295936e-09,True,0,0
3331-159609-0012,test-other,3331,True,True,True,1.065191655463534,0.5485551117718672,0.548555111771865,2.220446049250313e-15,2.1442367881263635e-09,True,0,0
3331-159609-0016,test-other,3331,True,True,True,1.0935225632436565,0.7765549699901391,0.7765549699901406,-1.5543122344752192e-15,-2.5684272486614645e-09,True,0,0
3331-159609-0017,test-other,3331,True,True,True,1.0565350622252876,0.47767828291657954,0.47767828291658176,-2.220446049250313e-15,1.3677166066372592e-09,True,0,0
3331-159609-0019,test-other,3331,True,True,True,1.034772304884594,0.2968959309103274,0.29689593091032407,3.3306690738754696e-15,7.080650732405047e-09,True,0,0
3331-159609-0023,test-other,3331,True,True,True,1.067212585860183,0.5650187665581095,0.5650187665581079,1.5543122344752192e-15,2.035172030900867e-10,True,0,0
3528-168656-0004,test-other,3528,True,True,True,1.0641656846191525,0.5401850086914428,0.5401850086914486,-5.773159728050814e-15,4.6491166472151235e-10,True,0,0
3528-168656-0010,test-other,3528,True,True,True,1.0616697302269174,0.5197887031231573,0.5197887031231616,-4.3298697960381105e-15,2.7075053310454678e-09,True,0,0
3528-168669-0003,test-other,3528,True,True,True,1.045524288347048,0.3866825254281689,0.38668252542816717,1.7208456881689926e-15,9.417000512712548e-10,True,0,0
3528-168669-0006,test-other,3528,True,True,True,1.0427629154972893,0.36371155308510417,0.3637115530851105,-6.328271240363392e-15,-1.8549215496932447e-09,True,0,0
3528-168669-0007,test-other,3528,True,True,True,1.0782733399514597,0.6545773503161283,0.6545773503161278,4.440892098500626e-16,2.4852440105860296e-09,True,0,0
3528-168669-0009,test-other,3528,True,True,True,1.0631263323946938,0.5316975049892162,0.5316975049892179,-1.6653345369377348e-15,1.2557492823361827e-09,True,0,0
3528-168669-0015,test-other,3528,True,True,True,1.023200707728891,0.19921663728227304,0.19921663728226946,3.58046925441613e-15,8.786091854062761e-09,True,0,0
3528-168669-0019,test-other,3528,True,True,True,1.0539359927214536,0.456284725083368,0.45628472508337126,-3.2751579226442118e-15,-2.45281128741226e-09,True,0,0
3528-168669-0024,test-other,3528,True,True,True,1.0787688727846405,0.6585681332051694,0.6585681332051685,8.881784197001252e-16,7.28634219626656e-09,True,0,0
3528-168669-0026,test-other,3528,True,True,True,1.0883352460780342,0.7352538832571922,0.7352538832571902,1.9984014443252818e-15,-6.677851160930004e-09,True,0,0
3528-168669-0034,test-other,3528,True,True,True,1.053477448545351,0.45250486481232033,0.45250486481232244,-2.1094237467877974e-15,3.3482479011581745e-09,True,0,0
3528-168669-0037,test-other,3528,True,True,True,1.064496490875808,0.5428846824049152,0.5428846824049138,1.3322676295501878e-15,6.313563005733158e-09,True,0,0
3528-168669-0040,test-other,3528,True,True,True,1.0745823026266101,0.624793677288965,0.6247936772889595,5.440092820663267e-15,1.912489722144528e-09,True,0,0
3528-168669-0047,test-other,3528,True,True,True,1.0692787622648852,0.5818188213158102,0.5818188213158138,-3.552713678800501e-15,-7.627150466760213e-09,True,0,0
3528-168669-0048,test-other,3528,True,True,True,1.093603907929157,0.7772010697658399,0.7772010697658445,-4.551914400963142e-15,-1.3995062886351661e-09,True,0,0
3528-168669-0051,test-other,3528,True,True,True,1.051367175129812,0.43508827460060207,0.4350882746006022,-1.1102230246251565e-16,-1.0249543436202657e-09,True,0,0
3528-168669-0053,test-other,3528,True,True,True,1.052456914498525,0.444086514314739,0.44408651431474055,-1.5543122344752192e-15,-1.7409362840226095e-09,True,0,0
3528-168669-0057,test-other,3528,True,True,True,1.0554054460633797,0.4683866175378739,0.46838661753787747,-3.552713678800501e-15,-3.3818210454228392e-09,True,0,0
3528-168669-0088,test-other,3528,True,True,True,1.075387394971917,0.6312988327750729,0.6312988327750659,6.994405055138486e-15,3.4548506278042623e-09,True,0,0
3528-168669-0096,test-other,3528,True,True,True,1.0491501363512383,0.4167528281849545,0.4167528281849542,3.3306690738754696e-16,-3.2149394257885433e-09,True,0,0
3528-168669-0097,test-other,3528,True,True,True,1.05006945748568,0.42436053387675005,0.4243605338767438,6.2727600891321345e-15,-4.883347060058441e-10,True,0,0
3528-168669-0098,test-other,3528,True,True,True,1.1219783448174316,0.9996894946051111,0.9996894946051107,4.440892098500626e-16,9.912518805776926e-09,True,0,0
3528-168669-0105,test-other,3528,True,True,True,1.0494047203761534,0.4188602677382126,0.41886026773821783,-5.218048215738236e-15,-2.3456152575818123e-09,True,0,0
3528-168669-0108,test-other,3528,True,True,True,1.0356658940738825,0.3043934911521743,0.30439349115217595,-1.6653345369377348e-15,6.995357182404405e-09,True,0,0
3528-168669-0117,test-other,3528,True,True,True,1.0827077582939635,0.6902249757641515,0.6902249757641457,5.88418203051333e-15,1.0585132770302152e-09,True,0,0
3528-168669-0118,test-other,3528,True,True,True,1.0871129244810545,0.7254931803781017,0.725493180378102,-2.220446049250313e-16,-6.135518759720071e-09,True,0,0
3528-168669-0119,test-other,3528,True,True,True,1.0428556953628734,0.36448434602954105,0.36448434602954194,-8.881784197001252e-16,1.6536105817976932e-09,True,0,0
3528-168669-0120,test-other,3528,True,True,True,1.0470269378810773,0.39915710678810346,0.3991571067881061,-2.6645352591003757e-15,-4.770683403876319e-09,True,0,0
3528-168669-0125,test-other,3528,True,True,True,1.082685853328824,0.690049244101591,0.6900492441015942,-3.219646771412954e-15,-4.3115448988828575e-09,True,0,0
3528-168669-0126,test-other,3528,True,True,True,1.0479093176473946,0.4064740394175309,0.40647403941752813,2.7755575615628914e-15,5.456506357859325e-09,True,0,0
3538-142836-0000,test-other,3538,True,True,True,1.056928552962387,0.4809126108046755,0.4809126108046762,-6.661338147750939e-16,-2.74600253646895e-09,True,0,0
3538-142836-0006,test-other,3538,True,True,True,1.0474608301818364,0.40275582982729097,0.4027558298272993,-8.326672684688674e-15,1.7346124536743446e-10,True,0,0
3538-142836-0009,test-other,3538,True,True,True,1.0506584424940697,0.4292310922345912,0.4292310922345912,0.0,1.626688117539743e-09,True,0,0
3538-142836-0015,test-other,3538,True,True,True,1.0552969626033213,0.4674937627625312,0.46749376276252974,1.4432899320127035e-15,2.1301360675352043e-10,True,0,0
3538-142836-0016,test-other,3538,True,True,True,1.0267095651835754,0.22895216158875356,0.22895216158876153,-7.965850201685498e-15,-2.2101644958638644e-09,True,0,0
3538-142836-0019,test-other,3538,True,True,True,1.0485206373177565,0.4115396561611441,0.4115396561611462,-2.1094237467877974e-15,8.676650509187311e-10,True,0,0
3538-142836-0020,test-other,3538,True,True,True,1.0623079016862078,0.5250082374055128,0.5250082374055118,9.992007221626409e-16,8.16772427469914e-10,True,0,0
3538-142836-0021,test-other,3538,True,True,True,1.064852647950309,0.5457903036723468,0.5457903036723479,-1.1102230246251565e-15,-9.862723970854859e-10,True,0,0
3538-142836-0024,test-other,3538,True,True,True,1.037229496661631,0.31749717419523255,0.3174971741952355,-2.942091015256665e-15,5.655422796735365e-09,True,0,0
3538-142836-0025,test-other,3538,True,True,True,1.0477701908722195,0.405320771647594,0.4053207716475917,2.275957200481571e-15,-2.4432225131931773e-09,True,0,0
3538-142836-0026,test-other,3538,True,True,True,1.05963548038917,0.5031298320519296,0.503129832051922,7.66053886991358e-15,1.025181717295709e-09,True,0,0
3538-163619-0000,test-other,3538,True,True,True,1.0640078443661436,0.5388965958793098,0.5388965958793115,-1.6653345369377348e-15,-8.586376054608991e-10,True,0,0
3538-163619-0001,test-other,3538,True,True,True,1.0478748714934607,0.40618851813809503,0.40618851813809087,4.163336342344337e-15,-5.17701437274809e-11,True,0,0
3538-163619-0002,test-other,3538,True,True,True,1.0498865200171577,0.42284719294646966,0.4228471929464739,-4.218847493575595e-15,2.4943069831806497e-09,True,0,0
3538-163619-0004,test-other,3538,True,True,True,1.0549326860008132,0.4644949740755882,0.4644949740755848,3.3861802251067274e-15,-5.925571144871356e-11,True,0,0
3538-163619-0005,test-other,3538,True,True,True,1.0539999931548456,0.4568121611204462,0.456812161120439,7.216449660063518e-15,3.1442581871488073e-10,True,0,0
3538-163619-0006,test-other,3538,True,True,True,1.06956721682839,0.5841616590366004,0.584161659036603,-2.55351295663786e-15,5.436575634121255e-10,True,0,0
3538-163619-0007,test-other,3538,True,True,True,1.0577710276046348,0.487833350014931,0.487833350014931,0.0,2.3112214364573447e-09,True,0,0
3538-163619-0008,test-other,3538,True,True,True,1.0474434407155098,0.40261162945739326,0.4026116294573896,3.6637359812630166e-15,-1.221604151169231e-09,True,0,0
3538-163622-0000,test-other,3538,True,True,True,1.0456850082979459,0.38801763402884604,0.38801763402884504,9.992007221626409e-16,5.581640039054037e-09,True,0,0
3538-163622-0003,test-other,3538,True,True,True,1.0141426279634338,0.12198076033121899,0.12198076033121552,3.469446951953614e-15,-4.109782736350098e-09,True,0,0
3538-163622-0009,test-other,3538,True,True,True,1.0530224666941714,0.448752742935141,0.4487527429351452,-4.218847493575595e-15,9.789360433387628e-10,True,0,0
3538-163622-0018,test-other,3538,True,True,True,1.0413096006123594,0.3515974499063767,0.35159744990637876,-2.0539125955565396e-15,-2.537987597861502e-09,True,0,0
3538-163622-0020,test-other,3538,True,True,True,1.081405767443119,0.6797736292241853,0.67977362922419,-4.773959005888173e-15,4.698108568845782e-10,True,0,0
3538-163622-0023,test-other,3538,True,True,True,1.031639596366517,0.27056005732614113,0.2705600573261471,-5.9396931817445875e-15,-3.903373624325468e-09,True,0,0
3538-163624-0006,test-other,3538,True,True,True,1.0905463121441872,0.752882269116732,0.7528822691167356,-3.6637359812630166e-15,-3.421753547172557e-09,True,0,0
3538-163624-0008,test-other,3538,True,True,True,1.069935429625905,0.5871513779410515,0.5871513779410549,-3.3306690738754696e-15,2.156216538651279e-09,True,0,0
3538-163624-0013,test-other,3538,True,True,True,1.0905274007560983,0.7527316440105057,0.7527316440105061,-3.3306690738754696e-16,3.785061153394054e-11,True,0,0
3538-163624-0020,test-other,3538,True,True,True,1.0685127551247786,0.5755942164265481,0.575594216426552,-3.885780586188048e-15,-4.412257226249494e-10,True,0,0
3538-163624-0021,test-other,3538,True,True,True,1.0875959361577092,0.729351523223198,0.7293515232231975,4.440892098500626e-16,2.5746125231762562e-09,True,0,0
3764-168670-0000,test-other,3764,True,True,True,1.0384581544873395,0.3277800195140408,0.32778001951403724,3.552713678800501e-15,-1.3543903776280786e-09,True,0,0
3764-168670-0002,test-other,3764,True,True,True,1.1140296347821925,0.9379348769192636,0.9379348769192646,-9.992007221626409e-16,-5.003563785521692e-09,True,0,0
3764-168670-0017,test-other,3764,True,True,True,1.0569248349760372,0.48088205616044577,0.4808820561604499,-4.107825191113079e-15,-2.3810997618056717e-09,True,0,0
3764-168670-0022,test-other,3764,True,True,True,1.0251332584430597,0.2156064716365176,0.2156064716365158,1.8041124150158794e-15,7.259117751345912e-10,True,0,0
3764-168670-0023,test-other,3764,True,True,True,1.0355761277526208,0.30364060920794295,0.30364060920794245,4.996003610813204e-16,1.9181101151843905e-09,True,0,0
3764-168670-0025,test-other,3764,True,True,True,1.0524635911208686,0.44414161606768154,0.4441416160676823,-7.771561172376096e-16,9.979572723750607e-11,True,0,0
3764-168670-0026,test-other,3764,True,True,True,1.0329457248544505,0.2815500506155664,0.2815500506155679,-1.4988010832439613e-15,1.118138470701524e-09,True,0,0
3764-168670-0027,test-other,3764,True,True,True,1.0700353057875045,0.587962149138434,0.5879621491384306,3.4416913763379853e-15,8.8320035729339e-09,True,0,0
3764-168670-0028,test-other,3764,True,True,True,1.0354421060380183,0.30251642999525186,0.3025164299952472,4.6629367034256575e-15,7.550369218733977e-10,True,0,0
3764-168670-0029,test-other,3764,True,True,True,1.0610291916199441,0.5145466522974863,0.5145466522974864,-1.1102230246251565e-16,3.192219821812614e-09,True,0,0
3764-168670-0035,test-other,3764,True,True,True,1.0460299706049094,0.3908825602592009,0.3908825602592003,5.551115123125783e-16,-2.8621052194921504e-09,True,0,0
3764-168670-0039,test-other,3764,True,True,True,1.0477191661843313,0.40489777278443223,0.4048977727844303,1.942890293094024e-15,1.2974012975064397e-09,True,0,0
3764-168670-0041,test-other,3764,True,True,True,1.0755277489720736,0.6324323961894953,0.6324323961894933,1.9984014443252818e-15,9.870575468085008e-10,True,0,0
3764-168670-0043,test-other,3764,True,True,True,1.0622168915551857,0.5242640672673229,0.5242640672673247,-1.7763568394002505e-15,1.0467964273175312e-09,True,0,0
3764-168670-0045,test-other,3764,True,True,True,1.072101520193286,0.6047182364670276,0.6047182364670327,-5.10702591327572e-15,-8.574829735152889e-11,True,0,0
3764-168670-0054,test-other,3764,True,True,True,1.0847974979445945,0.7069734967188117,0.7069734967188062,5.551115123125783e-15,-4.6429704525507987e-10,True,0,0
3764-168671-0004,test-other,3764,True,True,True,1.0487256310442838,0.4132376473962637,0.4132376473962651,-1.4432899320127035e-15,-4.233534411923756e-09,True,0,0
3764-168671-0005,test-other,3764,True,True,True,1.0549317975670593,0.4644876590678262,0.4644876590678315,-5.329070518200751e-15,4.555040789000486e-10,True,0,0
3764-168671-0006,test-other,3764,True,True,True,1.0743109826991049,0.622600311079917,0.6226003110799176,-6.661338147750939e-16,-4.756870453093143e-10,True,0,0
3764-168671-0007,test-other,3764,True,True,True,1.0448883819953971,0.38139800659672257,0.3813980065967222,3.885780586188048e-16,2.0152768342995842e-10,True,0,0
3764-168671-0014,test-other,3764,True,True,True,1.0319241987572543,0.2729559367054831,0.27295593670548257,5.551115123125783e-16,2.0599699723788945e-10,True,0,0
3764-168671-0015,test-other,3764,True,True,True,1.0396564412004867,0.3377969717266898,0.3377969717266964,-6.6058269965196814e-15,-5.965848259847917e-09,True,0,0
3764-168671-0017,test-other,3764,True,True,True,1.0473589287729839,0.40191078873182545,0.4019107887318256,-1.6653345369377348e-16,-3.2229863222710264e-10,True,0,0
3764-168671-0026,test-other,3764,True,True,True,1.094208615553693,0.7820025998488733,0.7820025998488731,2.220446049250313e-16,-2.9530689005241584e-09,True,0,0
3764-168671-0027,test-other,3764,True,True,True,1.0453097322365725,0.3848998772744116,0.3848998772744139,-2.275957200481571e-15,3.1276421452730574e-09,True,0,0
3764-168671-0032,test-other,3764,True,True,True,1.1666331928543119,1.3386865748885217,1.3386865748885164,5.329070518200751e-15,-3.1336604422449454e-09,True,0,0
3764-168671-0038,test-other,3764,True,True,True,1.0910529355153022,0.7569164424630924,0.7569164424630905,1.887379141862766e-15,2.6816344700364425e-09,True,0,0
3764-168671-0039,test-other,3764,True,True,True,1.058816630118631,0.4964150770674385,0.4964150770674429,-4.440892098500626e-15,9.7011820798798e-10,True,0,0
3764-168671-0044,test-other,3764,True,True,True,1.0368930038342103,0.31467888396606947,0.3146788839660637,5.773159728050814e-15,1.0868355104776128e-09,True,0,0
3764-168671-0054,test-other,3764,True,True,True,1.0788063608278209,0.6588699692670335,0.6588699692670268,6.661338147750939e-15,1.9174279941580608e-09,True,0,0
3997-180294-0000,test-other,3997,True,True,True,1.1063944092418092,0.878199451179702,0.8781994511797038,-1.7763568394002505e-15,-1.5282033416497143e-09,True,0,0
3997-180294-0001,test-other,3997,True,True,True,1.0613774959238729,0.5173975034461397,0.5173975034461336,6.106226635438361e-15,2.634170215287668e-09,True,0,0
3997-180294-0006,test-other,3997,True,True,True,1.0865416643016614,0.7209276868423081,0.7209276868423053,2.7755575615628914e-15,-1.949178596305501e-09,True,0,0
3997-180294-0007,test-other,3997,True,True,True,1.0805050691937224,0.6725361743657133,0.6725361743657139,-5.551115123125783e-16,-2.1287611673415086e-09,True,0,0
3997-180294-0009,test-other,3997,True,True,True,1.0723954838581304,0.6070995277083855,0.6070995277083817,3.774758283725532e-15,1.6182752915483434e-09,True,0,0
3997-180294-0010,test-other,3997,True,True,True,1.1064933238720585,0.8789759583198073,0.8789759583198062,1.1102230246251565e-15,-3.5105820472836058e-09,True,0,0
3997-180294-0011,test-other,3997,True,True,True,1.0900098676754923,0.7486085910623375,0.7486085910623359,1.5543122344752192e-15,1.909032931735055e-09,True,0,0
3997-180294-0012,test-other,3997,True,True,True,1.0723153582626952,0.6064505245273596,0.6064505245273644,-4.773959005888173e-15,-2.8054003564648156e-09,True,0,0
3997-180294-0017,test-other,3997,True,True,True,1.1167837909506126,0.9593820391098086,0.9593820391098014,7.216449660063518e-15,-1.3233858453531866e-10,True,0,0
3997-180294-0020,test-other,3997,True,True,True,1.0445334593165765,0.3784471240253046,0.37844712402530334,1.27675647831893e-15,1.0252488635842383e-08,True,0,0
3997-180294-0021,test-other,3997,True,True,True,1.0858371102446007,0.715293605834012,0.7152936058340131,-1.1102230246251565e-15,1.7376109440192522e-09,True,0,0
3997-180294-0026,test-other,3997,True,True,True,1.0907550863201136,0.7545449366033885,0.7545449366033914,-2.886579864025407e-15,-2.2008705968801223e-09,True,0,0
3997-180294-0032,test-other,3997,True,True,True,1.0857576490330054,0.7146579519563416,0.7146579519563439,-2.220446049250313e-15,3.615149068991741e-09,True,0,0
3997-180294-0033,test-other,3997,True,True,True,1.0628870204830119,0.5297420733735971,0.529742073373594,3.1086244689504383e-15,2.572178914306278e-09,True,0,0
3997-180297-0000,test-other,3997,True,True,True,1.1236013086000753,1.0122447266011478,1.0122447266011463,1.5543122344752192e-15,-7.875961216541327e-09,True,0,0
3997-180297-0007,test-other,3997,True,True,True,1.089173097790769,0.7419381174549793,0.7419381174549784,8.881784197001252e-16,5.741753739130218e-10,True,0,0
3997-180297-0013,test-other,3997,True,True,True,1.1048549879273106,0.8661056133507179,0.8661056133507188,-8.881784197001252e-16,1.4273808801590349e-09,True,0,0
3997-180297-0015,test-other,3997,True,True,True,1.1019930876954664,0.8435774078265562,0.8435774078265545,1.6653345369377348e-15,1.8096244502885384e-09,True,0,0
3997-180297-0018,test-other,3997,True,True,True,1.0457379108374933,0.3884570531592157,0.38845705315921464,1.0547118733938987e-15,4.5938719495097757e-10,True,0,0
3997-180297-0019,test-other,3997,True,True,True,1.0994237062243202,0.8233019433239152,0.8233019433239193,-4.107825191113079e-15,-2.552265954136601e-09,True,0,0
3997-180297-0021,test-other,3997,True,True,True,1.0947709902823357,0.7864656153312234,0.7864656153312275,-4.107825191113079e-15,2.2392612208932405e-09,True,0,0
3997-180297-0027,test-other,3997,True,True,True,1.1003098744336883,0.8303002087060549,0.8303002087060598,-4.884981308350689e-15,-5.744489328662894e-09,True,0,0
3997-180297-0029,test-other,3997,True,True,True,1.0731746503196615,0.6134081112258775,0.6134081112258727,4.773959005888173e-15,6.792536311195363e-09,True,0,0
3997-180297-0030,test-other,3997,True,True,True,1.094578018189691,0.7849344439210977,0.7849344439210952,2.4424906541753444e-15,3.275921756085154e-09,True,0,0
3997-182399-0000,test-other,3997,True,True,True,1.0644626270673534,0.5426083621125168,0.5426083621125137,3.1086244689504383e-15,-4.576214962526137e-10,True,0,0
3997-182399-0004,test-other,3997,True,True,True,1.073896806337889,0.619251016633495,0.6192510166334984,-3.3306690738754696e-15,-6.69927757712685e-09,True,0,0
3997-182399-0009,test-other,3997,True,True,True,1.106193921173237,0.8766253515442706,0.8766253515442699,6.661338147750939e-16,3.3493208206891723e-09,True,0,0
3997-182399-0011,test-other,3997,True,True,True,1.0550217146805563,0.4652279693356562,0.465227969335654,2.1649348980190553e-15,2.2999202542450803e-09,True,0,0
3997-182399-0016,test-other,3997,True,True,True,1.1166150649083078,0.9580696575067902,0.9580696575067904,-2.220446049250313e-16,-1.885673839296942e-10,True,0,0
3997-182399-0018,test-other,3997,True,True,True,1.0852750070207389,0.7107960337022676,0.7107960337022696,-1.9984014443252818e-15,9.133778178238572e-10,True,0,0
4198-12259-0001,test-other,4198,True,True,True,1.183091515675947,1.4603667981519104,1.460366798151906,4.440892098500626e-15,-9.411138535142527e-12,True,0,0
4198-12259-0004,test-other,4198,True,True,True,1.2110530317571184,1.663263224466408,1.6632632244664087,-6.661338147750939e-16,-2.835669477008196e-09,True,0,0
4198-12259-0007,test-other,4198,True,True,True,1.1643054007593476,1.3213382397465452,1.3213382397465487,-3.552713678800501e-15,-2.0740031914101564e-10,True,0,0
4198-12259-0008,test-other,4198,True,True,True,1.165984187129241,1.3338532127638332,1.3338532127638345,-1.3322676295501878e-15,-2.5678730253275717e-09,True,0,0
4198-12259-0010,test-other,4198,True,True,True,1.18964558700113,1.5083519583563194,1.5083519583563216,-2.220446049250313e-15,-7.675389213090966e-10,True,0,0
4198-12259-0011,test-other,4198,True,True,True,1.178998770602539,1.4302670447209227,1.4302670447209245,-1.7763568394002505e-15,-1.5117862517399772e-09,True,0,0
4198-12259-0013,test-other,4198,True,True,True,1.2445745831222248,1.9004185503163238,1.9004185503163242,-4.440892098500626e-16,2.0974866288270277e-09,True,0,0
4198-12259-0014,test-other,4198,True,True,True,1.273520350424488,2.1001177846804593,2.10011778468046,-8.881784197001252e-16,3.8135752333801065e-09,True,0,0
4198-12259-0017,test-other,4198,True,True,True,1.218621510133242,1.7173767935061672,1.717376793506169,-1.7763568394002505e-15,-2.3875124099959066e-09,True,0,0
4198-12259-0020,test-other,4198,True,True,True,1.1633474452013552,1.3141888087314257,1.3141888087314229,2.886579864025407e-15,-3.9369325577354175e-09,True,0,0
4198-12259-0023,test-other,4198,True,True,True,1.269615667324256,2.0734454613014246,2.073445461301425,-4.440892098500626e-16,-2.48491716092758e-09,True,0,0
4198-12259-0025,test-other,4198,True,True,True,1.3153551711611997,2.3808607302567655,2.3808607302567673,-1.7763568394002505e-15,1.3854197788987221e-09,True,0,0
4198-12259-0030,test-other,4198,True,True,True,1.1987725284391786,1.574735638358731,1.5747356383587316,-6.661338147750939e-16,2.909303020715015e-09,True,0,0
4198-12259-0031,test-other,4198,True,True,True,1.1788624211631042,1.4292624765227613,1.4292624765227586,2.6645352591003757e-15,3.9824499253882095e-10,True,0,0
4198-12259-0032,test-other,4198,True,True,True,1.2159244662511097,1.69813194430644,1.6981319443064393,6.661338147750939e-16,1.8025758663497982e-10,True,0,0
4198-12259-0035,test-other,4198,True,True,True,1.2597870822218769,2.0059430161634055,2.005943016163414,-8.43769498715119e-15,1.6692567328391306e-09,True,0,0
4198-12259-0036,test-other,4198,True,True,True,1.1712082791783351,1.3726826743675677,1.3726826743675709,-3.1086244689504383e-15,-2.0573835968207277e-09,True,0,0
4198-12259-0039,test-other,4198,True,True,True,1.291215938042547,2.2199775619528856,2.219977561952888,-2.220446049250313e-15,-3.6997960251028417e-09,True,0,0
4198-12259-0041,test-other,4198,True,True,True,1.282838227861988,2.163437863639852,2.163437863639853,-8.881784197001252e-16,5.763805432934532e-09,True,0,0
4198-12259-0043,test-other,4198,True,True,True,1.2474106965720904,1.920189276301881,1.9201892763018797,1.3322676295501878e-15,1.6511236822225328e-09,True,0,0
4198-12281-0000,test-other,4198,True,True,True,1.2194623283187362,1.7233677722733731,1.7233677722733738,-6.661338147750939e-16,-4.2088998952749535e-11,True,0,0
4198-12281-0003,test-other,4198,True,True,True,1.1868535975786432,1.4879430111881253,1.4879430111881256,-2.220446049250313e-16,-2.4485622418524144e-09,True,0,0
4198-12281-0009,test-other,4198,True,True,True,1.2315360391320163,1.808942507297069,1.808942507297072,-2.886579864025407e-15,-9.99179405880568e-10,True,0,0
4198-12281-0013,test-other,4198,True,True,True,1.181650120601943,1.4497780726048213,1.4497780726048148,6.439293542825908e-15,-1.758841960963764e-10,True,0,0
4198-61336-0005,test-other,4198,True,True,True,1.1783188502100674,1.4252565076568406,1.4252565076568438,-3.1086244689504383e-15,-3.1264875133274472e-09,True,0,0
4198-61336-0009,test-other,4198,True,True,True,1.1961555712198786,1.55575334770501,1.5557533477050143,-4.218847493575595e-15,7.118003964023956e-10,True,0,0
4198-61336-0010,test-other,4198,True,True,True,1.1974104324900863,1.5648607527114375,1.5648607527114358,1.7763568394002505e-15,-2.3145219074649503e-10,True,0,0
4198-61336-0012,test-other,4198,True,True,True,1.1447308908991696,1.1740680508291659,1.1740680508291703,-4.440892098500626e-15,3.680270310724154e-09,True,0,0
4198-61336-0023,test-other,4198,True,True,True,1.202642739284972,1.6027326731399396,1.6027326731399434,-3.774758283725532e-15,-1.917083380931217e-09,True,0,0
4198-61336-0027,test-other,4198,True,True,True,1.21399360778465,1.684327999839762,1.6843279998397662,-4.218847493575595e-15,-2.829807499438175e-09,True,0,0
4294-14317-0001,test-other,4294,True,True,True,1.055154317525599,0.46631960686889745,0.46631960686890395,-6.494804694057166e-15,-6.573230848516687e-11,True,0,0
4294-14317-0004,test-other,4294,True,True,True,1.0427152293965387,0.3633143336661662,0.36331433366617105,-4.829470157119431e-15,-3.2932945259744884e-10,True,0,0
4294-14317-0006,test-other,4294,True,True,True,1.07255663094015,0.6084046438113461,0.608404643811344,2.1094237467877974e-15,-1.1095657725945784e-09,True,0,0
4294-14317-0010,test-other,4294,True,True,True,1.0359648586765458,0.3069004761049706,0.30690047610497473,-4.107825191113079e-15,-1.907842772652657e-10,True,0,0
4294-14317-0013,test-other,4294,True,True,True,1.059538013913088,0.502330857303017,0.5023308573030185,-1.5543122344752192e-15,1.6820109749460244e-09,True,0,0
4294-14317-0016,test-other,4294,True,True,True,1.0312230589692946,0.26705231249183087,0.26705231249183115,-2.7755575615628914e-16,-1.7819594688717189e-09,True,0,0
4294-32859-0001,test-other,4294,True,True,True,1.0385720427502572,0.32873255345897917,0.328732553458984,-4.829470157119431e-15,1.0916068049482419e-10,True,0,0
4294-32859-0004,test-other,4294,True,True,True,1.045184482389532,0.3838590646835238,0.3838590646835236,2.220446049250313e-16,1.5407017883717344e-09,True,0,0
4294-35475-0001,test-other,4294,True,True,True,1.0540657105926612,0.457353713892101,0.457353713892104,-2.9976021664879227e-15,3.3796965226429165e-11,True,0,0
4294-35475-0003,test-other,4294,True,True,True,1.0663363228739489,0.5578840587582157,0.5578840587582121,3.552713678800501e-15,9.983125437429408e-11,True,0,0
4294-35475-0005,test-other,4294,True,True,True,1.0571902444919856,0.48306293817478874,0.48306293817478974,-9.992007221626409e-16,2.6193411883923545e-09,True,0,0
4294-35475-0009,test-other,4294,True,True,True,1.0275310962995186,0.23589947708253453,0.2358994770825369,-2.3592239273284576e-15,-2.1961454876873177e-10,True,0,0
4294-35475-0010,test-other,4294,True,True,True,1.059164140380083,0.49926537282856903,0.499265372828571,-1.942890293094024e-15,9.013199075980083e-09,True,0,0
4294-35475-0015,test-other,4294,True,True,True,1.0768743234222997,0.6433004386803031,0.6433004386803027,3.3306690738754696e-16,5.641496159114467e-10,True,0,0
4294-35475-0016,test-other,4294,True,True,True,1.0872782758312498,0.7268142155090975,0.7268142155091013,-3.774758283725532e-15,-2.121950615219248e-09,True,0,0
4294-35475-0019,test-other,4294,True,True,True,1.0682731139885535,0.5736459664864806,0.5736459664864846,-3.9968028886505635e-15,-1.8136958601644437e-10,True,0,0
4294-35475-0021,test-other,4294,True,True,True,1.0463504487425128,0.3935432979822878,0.3935432979822906,-2.7755575615628914e-15,-4.111875284706912e-10,True,0,0
4294-35475-0022,test-other,4294,True,True,True,1.0670155849006489,0.5634152560980661,0.5634152560980681,-1.9984014443252818e-15,2.552376088260644e-09,True,0,0
4294-35475-0026,test-other,4294,True,True,True,1.0389117030065476,0.33157276968968497,0.33157276968968574,-7.771561172376096e-16,8.170069065727148e-10,True,0,0
4294-9934-0000,test-other,4294,True,True,True,1.0434567961423096,0.3694894401343465,0.3694894401343447,1.7763568394002505e-15,-2.0933974553827284e-09,True,0,0
4294-9934-0002,test-other,4294,True,True,True,1.0385217188523028,0.32831166940265527,0.3283116694026553,-5.551115123125783e-17,5.924150059399835e-10,True,0,0
4294-9934-0003,test-other,4294,True,True,True,1.0440762541103064,0.3746443704505089,0.374644370450504,4.884981308350689e-15,3.8606984276157164e-10,True,0,0
4294-9934-0004,test-other,4294,True,True,True,1.0567600537203792,0.4795277655453962,0.4795277655453951,1.1102230246251565e-15,-8.43662917304755e-10,True,0,0
4294-9934-0007,test-other,4294,True,True,True,1.0405718839237748,0.34544174310270376,0.3454417431027039,-1.6653345369377348e-16,4.767318984022495e-09,True,0,0
4294-9934-0008,test-other,4294,True,True,True,1.0667097367387224,0.5609251854486242,0.5609251854486246,-3.3306690738754696e-16,4.967915856468608e-09,True,0,0
4294-9934-0009,test-other,4294,True,True,True,1.0313604899547955,0.26820980293657,0.26820980293657115,-1.1657341758564144e-15,7.089830944551068e-10,True,0,0
4294-9934-0017,test-other,4294,True,True,True,1.0302549678900972,0.25889434739874606,0.2588943473987442,1.887379141862766e-15,-1.033551910722963e-09,True,0,0
4294-9934-0018,test-other,4294,True,True,True,1.037723073178006,0.321629462607365,0.32162946260736547,-4.440892098500626e-16,6.375451278017863e-10,True,0,0
4294-9934-0020,test-other,4294,True,True,True,1.0543976744910786,0.4600887880031326,0.46008878800313013,2.4424906541753444e-15,8.225988779031468e-10,True,0,0
4294-9934-0021,test-other,4294,True,True,True,1.0393459248093992,0.33520235118373376,0.3352023511837352,-1.4432899320127035e-15,3.306748652676106e-09,True,0,0
4350-10919-0000,test-other,4350,True,True,True,1.0517832807819436,0.43852525915792695,0.43852525915792384,3.1086244689504383e-15,1.069984989499062e-09,True,0,0
4350-10919-0001,test-other,4350,True,True,True,1.0674673526393974,0.5670920292503729,0.5670920292503681,4.884981308350689e-15,2.6139979070194386e-09,True,0,0
4350-10919-0004,test-other,4350,True,True,True,1.0466077378129774,0.3956788251005542,0.39567882510055696,-2.7755575615628914e-15,5.595310881290061e-09,True,0,0
4350-10919-0007,test-other,4350,True,True,True,1.0751473771415043,0.6293599955873905,0.6293599955873965,-5.995204332975845e-15,2.2152519818519067e-09,True,0,0
4350-10919-0012,test-other,4350,True,True,True,1.0266537374133924,0.22847984979662714,0.22847984979662783,-6.938893903907228e-16,4.460719793542012e-09,True,0,0
4350-10919-0013,test-other,4350,True,True,True,1.0768117142338192,0.642795428672237,0.6427954286722368,2.220446049250313e-16,-3.806352566471105e-09,True,0,0
4350-10919-0015,test-other,4350,True,True,True,1.0845854652412237,0.7052756013280421,0.7052756013280366,5.551115123125783e-15,-4.2077239470472705e-09,True,0,0
4350-10919-0018,test-other,4350,True,True,True,1.0164990175363897,0.142139264424959,0.14213926442495506,3.941291737419306e-15,8.996252631732204e-10,True,0,1
4350-10919-0019,test-other,4350,True,True,True,1.060275681351879,0.5083760095122645,0.5083760095122649,-4.440892098500626e-16,-8.137845952660427e-11,True,0,0
4350-10919-0020,test-other,4350,True,True,True,1.0514907258742763,0.43610893142371937,0.43610893142371765,1.7208456881689926e-15,2.4624178251997364e-09,True,0,0
4350-10919-0021,test-other,4350,True,True,True,1.0272336792660381,0.23338499797713746,0.23338499797713652,9.43689570931383e-16,2.2070061334034108e-09,True,0,0
4350-10919-0023,test-other,4350,True,True,True,1.0373770447596729,0.318732672563209,0.31873267256320403,4.9404924595819466e-15,-6.849429468047674e-09,True,0,0
4350-10919-0030,test-other,4350,True,True,True,1.0360844935764986,0.30790347879684754,0.3079034787968453,2.220446049250313e-15,6.350546755129471e-10,True,0,0
4350-10919-0032,test-other,4350,True,True,True,1.0908861151564389,0.7555882814140045,0.7555882814140062,-1.7763568394002505e-15,5.694928972843627e-10,True,0,0
4350-9170-0001,test-other,4350,True,True,True,1.058837606153823,0.49658715003724274,0.4965871500372465,-3.774758283725532e-15,9.04866226392187e-09,True,0,0
4350-9170-0013,test-other,4350,True,True,True,1.0603287045009961,0.5088103698528,0.508810369852803,-2.9976021664879227e-15,-1.3953354027762543e-09,True,0,0
4350-9170-0015,test-other,4350,True,True,True,1.0890537557830613,0.7409863419248313,0.7409863419248275,3.774758283725532e-15,-3.3712765912241593e-10,True,0,0
4350-9170-0016,test-other,4350,True,True,True,1.0476292076626368,0.40415195905562773,0.40415195905562484,2.886579864025407e-15,-2.5959572269584896e-09,True,0,0
4350-9170-0021,test-other,4350,True,True,True,1.0630191947018008,0.5308221310644563,0.5308221310644541,2.220446049250313e-15,-4.836664402319002e-11,True,0,0
4350-9170-0022,test-other,4350,True,True,True,1.0457767690642108,0.3887798032427613,0.38877980324275896,2.3314683517128287e-15,-1.3418372191154049e-08,True,0,0
4350-9170-0025,test-other,4350,True,True,True,1.0541648906054777,0.45817095527525137,0.4581709552752464,4.9404924595819466e-15,-8.064660050877137e-11,True,0,0
4350-9170-0032,test-other,4350,True,True,True,1.0333703703442645,0.2851200987029064,0.2851200987029081,-1.7208456881689926e-15,1.7379448991050594e-09,True,0,0
4350-9170-0033,test-other,4350,True,True,True,1.054069608467729,0.4573858337587491,0.4573858337587531,-3.9968028886505635e-15,1.162536733545494e-09,True,0,0
4350-9170-0034,test-other,4350,True,True,True,1.05378660640683,0.4550534880648277,0.45505348806482715,5.551115123125783e-16,-3.679581084270467e-10,True,0,0
4350-9170-0035,test-other,4350,True,True,True,1.050892109903623,0.4311626273455987,0.4311626273455964,2.275957200481571e-15,6.4479728223432176e-09,True,0,0
4350-9170-0041,test-other,4350,True,True,True,1.044325446261856,0.3767172049410377,0.3767172049410412,-3.497202527569243e-15,-3.0695517239109904e-09,True,0,0
4350-9170-0050,test-other,4350,True,True,True,1.0254313531931303,0.21813184255567442,0.21813184255567464,-2.220446049250313e-16,1.571020646906618e-09,True,0,0
4350-9170-0054,test-other,4350,True,True,True,1.0415214672820867,0.3533645164207464,0.3533645164207506,-4.218847493575595e-15,1.4568080075605394e-09,True,0,0
4350-9170-0057,test-other,4350,True,True,True,1.0473117897890252,0.40151984994726464,0.4015198499472632,1.4432899320127035e-15,1.7729000489907776e-09,True,0,0
4350-9170-0058,test-other,4350,True,True,True,1.0484223153057317,0.4107251236103211,0.410725123610316,5.10702591327572e-15,-2.5920634527665243e-09,True,0,0
4852-28311-0002,test-other,4852,True,True,True,1.0554786647842966,0.4689891799678164,0.4689891799678172,-7.771561172376096e-16,1.1299938762476813e-09,True,0,0
4852-28311-0007,test-other,4852,True,True,True,1.059509495781062,0.5020970679742319,0.5020970679742298,2.1094237467877974e-15,2.3882442690137395e-09,True,0,0
4852-28311-0011,test-other,4852,True,True,True,1.0478895503453494,0.406310191057238,0.4063101910572371,8.881784197001252e-16,-3.1611158135547157e-09,True,0,0
4852-28311-0013,test-other,4852,True,True,True,1.1530807392211442,1.2371943570053094,1.2371943570053112,-1.7763568394002505e-15,2.9611868512802175e-09,True,0,0
4852-28311-0015,test-other,4852,True,True,True,1.098203981215126,0.813660275659229,0.813660275659231,-1.9984014443252818e-15,3.05871239447697e-09,True,0,0
4852-28311-0017,test-other,4852,True,True,True,1.091491196678634,0.760404745945586,0.760404745945582,3.9968028886505635e-15,1.2054570674990828e-09,True,0,0
4852-28311-0018,test-other,4852,True,True,True,1.0773637078969307,0.6472468360129575,0.6472468360129575,0.0,-1.0984884113440785e-09,True,0,0
4852-28312-0006,test-other,4852,True,True,True,1.0926697442596756,0.7697783548438676,0.7697783548438721,-4.551914400963142e-15,-3.5430147704573756e-10,True,0,0
4852-28312-0010,test-other,4852,True,True,True,1.08671586468164,0.7223201451759053,0.7223201451759067,-1.4432899320127035e-15,4.893603744449138e-09,True,0,0
4852-28312-0013,test-other,4852,True,True,True,1.069536479801052,0.5839120419397769,0.5839120419397794,-2.55351295663786e-15,-2.8320101819190313e-09,True,0,0
4852-28312-0014,test-other,4852,True,True,True,1.0867149687740771,0.7223129843736413,0.7223129843736409,4.440892098500626e-16,2.38836150856514e-09,True,0,0
4852-28312-0017,test-other,4852,True,True,True,1.0978477161053952,0.8108420547075652,0.8108420547075568,8.43769498715119e-15,-2.55404586368968e-09,True,0,0
4852-28312-0018,test-other,4852,True,True,True,1.0608504311048896,0.5130831441017796,0.5130831441017811,-1.5543122344752192e-15,-9.652723065300961e-11,True,0,0
4852-28312-0021,test-other,4852,True,True,True,1.0690151765893356,0.5796774168456454,0.5796774168456409,4.551914400963142e-15,-2.0162467251338967e-09,True,0,0
4852-28312-0022,test-other,4852,True,True,True,1.101940884200747,0.8431659310765978,0.843165931076598,-2.220446049250313e-16,2.1111858927724825e-09,True,0,0
4852-28312-0024,test-other,4852,True,True,True,1.0811411340805006,0.6776478245148332,0.6776478245148354,-2.220446049250313e-15,3.822290040034204e-09,True,0,0
4852-28319-0006,test-other,4852,True,True,True,1.0573207874404855,0.48413541462727816,0.48413541462727494,3.219646771412954e-15,-9.446736726204108e-10,True,0,0
4852-28319-0016,test-other,4852,True,True,True,1.0722413007787237,0.6058506288517729,0.6058506288517833,-1.0436096431476471e-14,-4.791758101418964e-09,True,0,0
4852-28319-0027,test-other,4852,True,True,True,1.0904589213282827,0.7521861983590067,0.7521861983590057,9.992007221626409e-16,2.333138127141865e-10,True,0,0
4852-28330-0003,test-other,4852,True,True,True,1.0850255908233857,0.7087996267751856,0.7087996267751819,3.6637359812630166e-15,6.170921551529318e-10,True,0,0
4852-28330-0004,test-other,4852,True,True,True,1.108798479796919,0.8970524366918955,0.8970524366918937,1.7763568394002505e-15,1.3598821624327684e-08,True,0,0
4852-28330-0005,test-other,4852,True,True,True,1.0665166853599177,0.5593530851239887,0.5593530851239876,1.1102230246251565e-15,-3.8145202552186674e-09,True,0,0
4852-28330-0007,test-other,4852,True,True,True,1.0754996623305786,0.6322055674033428,0.63220556740335,-7.216449660063518e-15,-3.7994141166564077e-10,True,0,0
4852-28330-0008,test-other,4852,True,True,True,1.0884509823837953,0.7361775134848753,0.7361775134848791,-3.885780586188048e-15,-2.0580301907102694e-09,True,0,0
4852-28330-0011,test-other,4852,True,True,True,1.0879316436756412,0.7320321773335852,0.7320321773335792,5.995204332975845e-15,-4.028759548191374e-09,True,0,0
4852-28330-0012,test-other,4852,True,True,True,1.0964072407367593,0.7994378996555975,0.7994378996555973,2.220446049250313e-16,1.754550282839773e-09,True,0,0
4852-28330-0020,test-other,4852,True,True,True,1.0962564161151662,0.7982429639746663,0.7982429639746549,1.1435297153639112e-14,8.986340560568351e-10,True,0,0
4852-28330-0021,test-other,4852,True,True,True,1.1062905325632801,0.8773839158549133,0.8773839158549102,3.1086244689504383e-15,-6.5213612288062e-10,True,0,0
4852-28330-0022,test-other,4852,True,True,True,1.136701595386617,1.112929390745898,1.1129293907458937,4.218847493575595e-15,-4.0384762201028934e-09,True,0,0
4852-28330-0024,test-other,4852,True,True,True,1.092619467337796,0.7693786825327185,0.7693786825327216,-3.1086244689504383e-15,1.3089618278172566e-09,True,0,0
5442-32873-0002,test-other,5442,True,True,True,1.0490437142325526,0.4158717172442388,0.41587171724423655,2.275957200481571e-15,2.866453741035002e-09,True,0,0
5442-32873-0004,test-other,5442,True,True,True,1.0674270953971405,0.5667644533706951,0.5667644533707019,-6.772360450213455e-15,6.38929265051047e-09,True,0,0
5442-32873-0007,test-other,5442,True,True,True,1.0369690536199518,0.3153159177011445,0.31531591770114886,-4.385380947269368e-15,-1.0236718139822187e-09,True,0,0
5442-32873-0012,test-other,5442,True,True,True,1.0252854414047352,0.21689581260129984,0.21689581260129742,2.4147350785597155e-15,9.40698186013833e-10,True,0,0
5442-32873-0013,test-other,5442,True,True,True,1.0401008400637357,0.34150894290234834,0.34150894290234746,8.881784197001252e-16,1.3464109827054926e-09,True,0,0
5442-32873-0018,test-other,5442,True,True,True,1.0369543079552443,0.3151924037674434,0.3151924037674405,2.886579864025407e-15,-4.044373724809702e-10,True,0,0
5442-41168-0003,test-other,5442,True,True,True,1.0519001044483538,0.439489964666104,0.43948996466610524,-1.2212453270876722e-15,-1.5807515296728525e-09,True,0,0
5442-41168-0006,test-other,5442,True,True,True,1.0392123906439352,0.33408632473684113,0.3340863247368411,5.551115123125783e-17,-1.5664838315387897e-09,True,0,0
5442-41168-0007,test-other,5442,True,True,True,1.017852873701764,0.15370014238804688,0.15370014238804686,2.7755575615628914e-17,2.1452173371017125e-09,True,0,0
5442-41168-0010,test-other,5442,True,True,True,1.0396248644712942,0.3375331575095657,0.3375331575095615,4.218847493575595e-15,-1.237346225479996e-09,True,0,0
5442-41168-0012,test-other,5442,True,True,True,1.0392009920827527,0.333991053367548,0.3339910533675443,3.6637359812630166e-15,1.9388224359317974e-09,True,0,0
5442-41168-0015,test-other,5442,True,True,True,1.03943040664955,0.33590834338623304,0.33590834338622955,3.497202527569243e-15,-9.22319998153398e-10,True,0,0
5442-41168-0016,test-other,5442,True,True,True,1.035884791496984,0.30622913908435945,0.3062291390843619,-2.4424906541753444e-15,-3.155129491005937e-09,True,0,0
5442-41168-0019,test-other,5442,True,True,True,1.0509912227511449,0.4319817815227621,0.43198178152276867,-6.5503158452884236e-15,5.396074698182929e-10,True,0,0
5442-41168-0025,test-other,5442,True,True,True,1.0107854059148493,0.09317925584782283,0.09317925584782216,6.661338147750939e-16,-5.214424447785859e-10,True,0,0
5442-41168-0026,test-other,5442,True,True,True,1.0358700863392383,0.30610583552305676,0.3061058355230557,1.0547118733938987e-15,-4.247482365826727e-10,True,0,0
5442-41169-0007,test-other,5442,True,True,True,1.037882895479724,0.3229670949885863,0.3229670949885879,-1.609823385706477e-15,-1.1947385303301417e-09,True,0,0
5442-41169-0009,test-other,5442,True,True,True,1.0475846091557943,0.4037821851400444,0.40378218514004516,-7.771561172376096e-16,3.314294616529878e-09,True,0,0
5442-41169-0010,test-other,5442,True,True,True,1.0204134770361701,0.1755237177630723,0.17552371776307396,-1.6653345369377348e-15,-4.681950827034598e-09,True,0,0
5442-41169-0012,test-other,5442,True,True,True,1.0211122710083105,0.18146990537752203,0.18146990537752217,-1.3877787807814457e-16,-1.0479475065494626e-09,True,0,0
5442-41169-0013,test-other,5442,True,True,True,1.037738155685838,0.32175570442453255,0.3217557044245325,5.551115123125783e-17,-2.8046933664427343e-09,True,0,0
5442-41169-0014,test-other,5442,True,True,True,1.0410882871373799,0.34975120866916165,0.34975120866916143,2.220446049250313e-16,5.778915124210471e-10,True,0,0
5442-41169-0016,test-other,5442,True,True,True,1.0488666633111978,0.41440564435254845,0.41440564435254856,-1.1102230246251565e-16,-8.880824964307976e-10,True,0,0
5442-41169-0020,test-other,5442,True,True,True,1.0377369515686226,0.32174562593290573,0.32174562593291256,-6.827871601444713e-15,8.0822459835872e-10,True,0,0
5442-41169-0021,test-other,5442,True,True,True,1.0200794911464353,0.1726803219268217,0.1726803219268227,-9.992007221626409e-16,-1.1184653203599737e-09,True,0,0
5442-41169-0023,test-other,5442,True,True,True,1.0387912036635003,0.33056526857585267,0.33056526857584956,3.1086244689504383e-15,-9.988312399400456e-10,True,0,0
5442-41169-0024,test-other,5442,True,True,True,1.0216385732929056,0.18594563835705663,0.18594563835705813,-1.4988010832439613e-15,-1.2421139672369463e-09,True,0,0
5442-41169-0025,test-other,5442,True,True,True,1.020592602011187,0.17704831858066422,0.17704831858066328,9.43689570931383e-16,-7.1803896162236924e-09,True,0,0
5442-41169-0027,test-other,5442,True,True,True,1.046388055137727,0.393855467895485,0.393855467895488,-2.9976021664879227e-15,-3.0398332739878242e-09,True,0,0
5442-41169-0029,test-other,5442,True,True,True,1.0300762974604984,0.257387879324345,0.2573878793243445,4.996003610813204e-16,-3.954109928372418e-09,True,0,0
5484-24317-0000,test-other,5484,True,True,True,1.075929709647616,0.6356779970664621,0.635677997066459,3.1086244689504383e-15,-9.541309964333777e-10,True,0,0
5484-24317-0001,test-other,5484,True,True,True,1.0551037571603339,0.4659033907121101,0.46590339071210707,3.0531133177191805e-15,1.8414105795727664e-09,True,0,0
5484-24317-0002,test-other,5484,True,True,True,1.0579626020346033,0.4894063215245943,0.48940632152459784,-3.552713678800501e-15,2.280959421341322e-09,True,0,0
5484-24317-0005,test-other,5484,True,True,True,1.051711104321282,0.4379291874246629,0.4379291874246576,5.329070518200751e-15,-1.1568523916594131e-09,True,0,0
5484-24317-0009,test-other,5484,True,True,True,1.0500420468678247,0.42413379772381526,0.42413379772381177,3.497202527569243e-15,1.6785328682544787e-09,True,0,0
5484-24317-0010,test-other,5484,True,True,True,1.058949634377401,0.49750609483833697,0.49750609483833586,1.1102230246251565e-15,4.3442582864372525e-11,True,0,0
5484-24317-0011,test-other,5484,True,True,True,1.061292872492239,0.5167049514613454,0.5167049514613424,2.9976021664879227e-15,1.9122694538964424e-09,True,0,0
5484-24317-0012,test-other,5484,True,True,True,1.0630846963291918,0.5313573258959143,0.531357325895911,3.3306690738754696e-15,8.222862390994123e-10,True,0,0
5484-24317-0016,test-other,5484,True,True,True,1.075040292038403,0.6284948344653917,0.6284948344653927,-9.992007221626409e-16,-9.323244398729003e-10,True,0,0
5484-24317-0020,test-other,5484,True,True,True,1.0427284351003052,0.3634243373909976,0.3634243373909989,-1.27675647831893e-15,-2.2945911837268795e-10,True,0,0
5484-24317-0022,test-other,5484,True,True,True,1.060220041429151,0.5079201894667862,0.5079201894667804,5.773159728050814e-15,3.504130319242904e-09,True,0,0
5484-24317-0026,test-other,5484,True,True,True,1.0674762838738108,0.5671647016292778,0.5671647016292773,4.440892098500626e-16,2.9249704880385252e-09,True,0,0
5484-24317-0027,test-other,5484,True,True,True,1.049171717255956,0.4169314941568616,0.4169314941568594,2.220446049250313e-15,1.910368752078284e-09,True,0,0
5484-24317-0028,test-other,5484,True,True,True,1.0305658187578484,0.26151467845242526,0.26151467845242493,3.3306690738754696e-16,-8.546528817987564e-09,True,0,0
5484-24318-0003,test-other,5484,True,True,True,1.046615714661276,0.39574502541366396,0.3957450254136674,-3.4416913763379853e-15,4.172985512695959e-09,True,0,0
5484-24318-0004,test-other,5484,True,True,True,1.0659551049989535,0.5547782765163861,0.5547782765163838,2.3314683517128287e-15,1.9086705549398175e-09,True,0,0
5484-24318-0005,test-other,5484,True,True,True,1.068089544009445,0.5721532718099899,0.572153271809988,1.887379141862766e-15,2.9337634543935565e-09,True,0,0
5484-24318-0006,test-other,5484,True,True,True,1.0740838367859535,0.620763624151772,0.620763624151774,-1.9984014443252818e-15,-2.6213555770482344e-09,True,0,0
5484-24318-0011,test-other,5484,True,True,True,1.0644870134408786,0.5428073497682994,0.5428073497682995,-1.1102230246251565e-16,-6.77850664487778e-10,True,0,0
5484-24318-0013,test-other,5484,True,True,True,1.0481339525368787,0.4083357890236985,0.40833578902369183,6.661338147750939e-15,1.5699974653671234e-09,True,0,0
5484-24318-0022,test-other,5484,True,True,True,1.077722254693778,0.6501370204327819,0.650137020432787,-5.10702591327572e-15,-4.062929548354077e-09,True,0,0
5484-24318-0023,test-other,5484,True,True,True,1.0549343439373013,0.4645086248442464,0.46450862484424604,3.3306690738754696e-16,4.328615688109494e-09,True,0,0
5484-24318-0024,test-other,5484,True,True,True,1.0488985955888606,0.41467007836251724,0.4146700783625157,1.5543122344752192e-15,-6.858513756924367e-11,True,0,0
5484-24318-0025,test-other,5484,True,True,True,1.104395539840312,0.8624928809915183,0.8624928809915211,-2.7755575615628914e-15,-4.268159159437346e-10,True,0,0
5484-24318-0027,test-other,5484,True,True,True,1.069534868782126,0.5838989585682421,0.5838989585682448,-2.6645352591003757e-15,3.2671323424438015e-09,True,0,0
5484-24318-0028,test-other,5484,True,True,True,1.0585949226750444,0.494596133186238,0.49459613318623497,3.0531133177191805e-15,-1.4721592833666364e-09,True,0,0
5484-24318-0029,test-other,5484,True,True,True,1.049328949891763,0.41823309519617297,0.4182330951961717,1.27675647831893e-15,7.741789431747748e-10,True,0,0
5484-24318-0031,test-other,5484,True,True,True,1.0688909570812095,0.5786680582749396,0.5786680582749391,5.551115123125783e-16,2.2196715576683346e-09,True,0,0
5484-24318-0034,test-other,5484,True,True,True,1.0448932183209885,0.38143820964026914,0.3814382096402653,3.83026943495679e-15,1.0248157877867925e-10,True,0,0
5484-24318-0036,test-other,5484,True,True,True,1.0314341010856414,0.26882971745613415,0.26882971745613204,2.1094237467877974e-15,-1.8235972731872607e-09,True,0,0
5764-299665-0006,test-other,5764,True,True,True,1.0434622665292026,0.36953497632947774,0.36953497632947574,1.9984014443252818e-15,-1.9286687802377855e-09,True,0,0
5764-299665-0008,test-other,5764,True,True,True,1.043416553527813,0.3691544481633554,0.3691544481633606,-5.218048215738236e-15,-2.5553958948876243e-09,True,0,0
5764-299665-0013,test-other,5764,True,True,True,1.0713998481711524,0.5990316098531943,0.599031609853192,2.220446049250313e-15,2.303146118265431e-09,True,0,0
5764-299665-0015,test-other,5764,True,True,True,1.0399628644962957,0.3403566315085544,0.34035663150854845,5.9396931817445875e-15,-7.413945013468037e-10,True,0,0
5764-299665-0018,test-other,5764,True,True,True,1.0577241934748278,0.4874487629179607,0.48744876291796047,2.220446049250313e-16,1.4574084161722567e-09,True,0,0
5764-299665-0021,test-other,5764,True,True,True,1.0614983593483946,0.5183865451418204,0.5183865451418157,4.6629367034256575e-15,-9.89530235528946e-10,True,0,0
5764-299665-0022,test-other,5764,True,True,True,1.0637175450997658,0.5365264522339894,0.5365264522339928,-3.3306690738754696e-15,1.288224638074098e-09,True,0,0
5764-299665-0023,test-other,5764,True,True,True,1.0490676553047897,0.41606994267144626,0.4160699426714416,4.6629367034256575e-15,1.513907221806221e-09,True,0,0
5764-299665-0032,test-other,5764,True,True,True,1.054905578081013,0.46427177554542265,0.46427177554542,2.6645352591003757e-15,7.75617792214689e-10,True,0,0
5764-299665-0036,test-other,5764,True,True,True,1.0550743862663017,0.46566159847769967,0.4656615984777055,-5.828670879282072e-15,-9.648957188801432e-10,True,0,0
5764-299665-0041,test-other,5764,True,True,True,1.0917765976462153,0.76267561837596,0.7626756183759618,-1.7763568394002505e-15,-2.2106760866336117e-10,True,0,0
5764-299665-0043,test-other,5764,True,True,True,1.0934105051053833,0.7756648424987891,0.7756648424987986,-9.547918011776346e-15,2.0421921931301767e-09,True,0,0
5764-299665-0045,test-other,5764,True,True,True,1.04905293424937,0.415948056957755,0.4159480569577454,9.603429163007604e-15,-3.2426861196199752e-09,True,0,0
5764-299665-0046,test-other,5764,True,True,True,1.0501470926589664,0.42500268722751705,0.4250026872275221,-5.051514762044462e-15,3.958209759957754e-09,True,0,0
5764-299665-0047,test-other,5764,True,True,True,1.0431890373930655,0.36726029044257974,0.36726029044258013,-3.885780586188048e-16,-1.0366818514739862e-11,True,0,0
5764-299665-0049,test-other,5764,True,True,True,1.0342591337679252,0.29258729867501376,0.2925872986750093,4.440892098500626e-15,4.9833914772534627e-11,True,0,0
5764-299665-0057,test-other,5764,True,True,True,1.0497384122294702,0.42162178560750396,0.4216217856074991,4.884981308350689e-15,-1.1641425601283117e-09,True,0,0
5764-299665-0065,test-other,5764,True,True,True,1.0544271599872312,0.4603316794574963,0.4603316794575001,-3.774758283725532e-15,2.0401103029143997e-09,True,0,0
5764-299665-0067,test-other,5764,True,True,True,1.0180691440930767,0.15554549868516424,0.15554549868516432,-8.326672684688674e-17,2.6871873615164077e-09,True,0,0
5764-299665-0068,test-other,5764,True,True,True,1.0584599041081622,0.493488220100774,0.49348822010077953,-5.551115123125783e-15,-4.831672839600287e-09,True,0,0
5764-299665-0072,test-other,5764,True,True,True,1.0272244375245405,0.23330685304338927,0.23330685304338772,1.5543122344752192e-15,-9.991900640216045e-10,True,0,0
5764-299665-0078,test-other,5764,True,True,True,1.0228992070780396,0.19665683912275778,0.1966568391227561,1.6653345369377348e-15,1.7031887011853541e-09,True,0,0
5764-299665-0084,test-other,5764,True,True,True,1.054402602083899,0.4601293803037836,0.4601293803037869,-3.3306690738754696e-15,-2.0663755151417718e-09,True,0,0
5764-299665-0087,test-other,5764,True,True,True,1.0390177451378573,0.33245929666119833,0.3324592966611952,3.1086244689504383e-15,-5.31983346263587e-10,True,0,0
5764-299665-0088,test-other,5764,True,True,True,1.0482652641394032,0.4094239005628981,0.4094239005629028,-4.6629367034256575e-15,5.477573949974612e-10,True,0,0
5764-299665-0090,test-other,5764,True,True,True,1.0390969878447784,0.3331217176491719,0.3331217176491741,-2.1649348980190553e-15,-8.890310709830374e-10,True,0,0
5764-299665-0091,test-other,5764,True,True,True,1.0507606251315746,0.43007580438807586,0.4300758043880748,1.0547118733938987e-15,-2.0633663666558277e-09,True,0,0
5764-299665-0092,test-other,5764,True,True,True,1.0361175989593732,0.30818100935541115,0.3081810093554118,-6.661338147750939e-16,-1.4210854715202004e-12,True,0,0
5764-299665-0093,test-other,5764,True,True,True,1.033785749294257,0.2886108227289192,0.28861082272892347,-4.274358644806853e-15,-3.6198208874793636e-09,True,0,0
5764-299665-0096,test-other,5764,True,True,True,1.0506930245780937,0.4295169807877631,0.429516980787767,-3.885780586188048e-15,-1.7214247804986371e-09,True,0,0
6070-63485-0000,test-other,6070,True,True,True,1.0643252931499747,0.5414876612289385,0.5414876612289419,-3.3306690738754696e-15,-1.6836061433878058e-09,True,0,0
6070-63485-0004,test-other,6070,True,True,True,1.0350170683441866,0.29895023501958634,0.2989502350195856,7.216449660063518e-16,6.63622046204182e-10,True,0,0
6070-63485-0005,test-other,6070,True,True,True,1.044702649271722,0.37985392077310576,0.37985392077310465,1.1102230246251565e-15,2.4072122073448554e-09,True,0,0
6070-63485-0006,test-other,6070,True,True,True,1.0504859635738328,0.4278050761405916,0.4278050761405936,-1.9984014443252818e-15,2.124494358213269e-09,True,0,0
6070-63485-0007,test-other,6070,True,True,True,1.0469747836891665,0.39872443708155414,0.39872443708155103,3.1086244689504383e-15,2.3188100328752626e-09,True,0,0
6070-63485-0008,test-other,6070,True,True,True,1.021591167842854,0.18554259165195475,0.1855425916519593,-4.551914400963142e-15,2.91204216296137e-09,True,0,0
6070-63485-0009,test-other,6070,True,True,True,1.0343516629635716,0.29336434033358905,0.2933643403335928,-3.774758283725532e-15,9.876544027065393e-13,True,0,0
6070-63485-0012,test-other,6070,True,True,True,1.0536768345371827,0.45414864072327193,0.45414864072327177,1.6653345369377348e-16,-9.141984946836601e-10,True,0,0
6070-63485-0014,test-other,6070,True,True,True,1.0419555455054887,0.35698380818558895,0.35698380818558917,-2.220446049250313e-16,-2.6877557957050158e-09,True,0,0
6070-63485-0015,test-other,6070,True,True,True,1.0457297050448109,0.3883888956519305,0.3883888956519286,1.942890293094024e-15,9.558149827171292e-10,True,0,0
6070-63485-0018,test-other,6070,True,True,True,1.0319452803161508,0.27313338212617183,0.2731333821261721,-2.7755575615628914e-16,1.952578543296113e-09,True,0,0
6070-86744-0002,test-other,6070,True,True,True,1.037445579482987,0.3193064903309006,0.3193064903309022,-1.609823385706477e-15,-1.1819736300822115e-09,True,0,0
6070-86744-0007,test-other,6070,True,True,True,1.0428934975382982,0.3647991926323562,0.3647991926323577,-1.4988010832439613e-15,3.0967264308401354e-09,True,0,0
6070-86744-0010,test-other,6070,True,True,True,1.0370095482667199,0.3156551034887744,0.3156551034887727,1.7208456881689926e-15,4.1464787159384286e-10,True,0,0
6070-86744-0016,test-other,6070,True,True,True,1.0169457613219304,0.14595580994463395,0.14595580994463475,-8.049116928532385e-16,2.628219419875677e-09,True,0,0
6070-86744-0021,test-other,6070,True,True,True,1.0431171847758414,0.3666620044411964,0.36666200444119923,-2.831068712794149e-15,1.1162910595885478e-09,True,0,0
6070-86744-0022,test-other,6070,True,True,True,1.031465309898266,0.2690925284306005,0.2690925284305976,2.886579864025407e-15,4.601119485414529e-10,True,0,0
6070-86744-0023,test-other,6070,True,True,True,1.0567337925106788,0.47931191256845174,0.47931191256845196,-2.220446049250313e-16,1.7694290477265895e-10,True,0,0
6070-86744-0024,test-other,6070,True,True,True,1.0321562365286348,0.27490882037039166,0.274908820370392,-3.3306690738754696e-16,-5.39035482916006e-10,True,0,0
6070-86744-0027,test-other,6070,True,True,True,1.0447586517121545,0.38031952500989835,0.38031952500989874,-3.885780586188048e-16,1.7063683799278806e-11,True,0,0
6070-86744-0028,test-other,6070,True,True,True,1.0439778042828713,0.3738253070424679,0.37382530704246975,-1.8318679906315083e-15,8.764509118464048e-10,True,0,0
6070-86744-0029,test-other,6070,True,True,True,1.0450379889257357,0.3826415616868072,0.3826415616868033,3.885780586188048e-15,-5.006214109926077e-09,True,0,0
6070-86745-0001,test-other,6070,True,True,True,1.0374664783889738,0.3194814621715373,0.31948146217153806,-7.771561172376096e-16,-7.019309578026878e-10,True,0,0
6070-86745-0003,test-other,6070,True,True,True,1.0429079655619553,0.3649196908283656,0.3649196908283656,0.0,-1.8421708603000297e-09,True,0,0
6070-86745-0004,test-other,6070,True,True,True,1.025079545117395,0.21515135008219616,0.21515135008219133,4.829470157119431e-15,2.7404567504163424e-10,True,0,0
6070-86745-0007,test-other,6070,True,True,True,1.0333766490828877,0.28517287384203593,0.28517287384203627,-3.3306690738754696e-16,2.2756339035368e-09,True,0,0
6070-86745-0010,test-other,6070,True,True,True,1.0322922990238748,0.27605374968094903,0.2760537496809441,4.9404924595819466e-15,1.907984881199809e-09,True,0,0
6070-86745-0013,test-other,6070,True,True,True,1.0520339373997742,0.4405949976418728,0.4405949976418704,2.4424906541753444e-15,2.5333655173653824e-09,True,0,0
6070-86745-0015,test-other,6070,True,True,True,1.0629442147124593,0.5302094507992453,0.5302094507992479,-2.55351295663786e-15,-1.978484931441926e-09,True,0,0
6070-86745-0016,test-other,6070,True,True,True,1.0210152848028742,0.18064487221534703,0.1806448722153462,8.326672684688674e-16,-7.698730541960686e-12,True,0,0
6128-63240-0001,test-other,6128,True,True,True,1.0491133007764941,0.41644786196254946,0.4164478619625491,3.3306690738754696e-16,-8.379714699913166e-10,True,0,0
6128-63240-0002,test-other,6128,True,True,True,1.0283560507658003,0.24287015525945518,0.2428701552594532,1.970645868709653e-15,5.957332405159832e-10,True,0,0
6128-63240-0006,test-other,6128,True,True,True,1.0443244932962954,0.37670927890850137,0.3767092789085069,-5.551115123125783e-15,-1.205151534122706e-10,True,0,0
6128-63240-0012,test-other,6128,True,True,True,1.0340224315731208,0.2905992046122057,0.290599204612203,2.6645352591003757e-15,-1.551072159600153e-09,True,0,0
6128-63240-0015,test-other,6128,True,True,True,1.0614596191578332,0.5180695412037125,0.5180695412037117,7.771561172376096e-16,-3.656282387964893e-09,True,0,0
6128-63240-0017,test-other,6128,True,True,True,1.0226733076086967,0.1947384149614055,0.19473841496140665,-1.1379786002407855e-15,4.097771011402074e-09,True,0,0
6128-63240-0024,test-other,6128,True,True,True,1.0341915714070147,0.2920198795827466,0.292019879582746,6.106226635438361e-16,-1.3043468527484947e-09,True,0,0
6128-63240-0026,test-other,6128,True,True,True,1.0352964391543757,0.3012944056307903,0.3012944056307951,-4.829470157119431e-15,3.7180392098434822e-09,True,0,0
6128-63241-0001,test-other,6128,True,True,True,1.0281716754890502,0.24131271133133847,0.2413127113313429,-4.440892098500626e-15,8.542855312043685e-10,True,0,0
6128-63241-0003,test-other,6128,True,True,True,1.0292816786626984,0.2506848470156521,0.25068484701565197,1.1102230246251565e-16,9.517364674138662e-10,True,0,0
6128-63241-0006,test-other,6128,True,True,True,1.0292584231669641,0.2504885966057086,0.250488596605706,2.609024107869118e-15,7.066205398587044e-10,True,0,0
6128-63241-0009,test-other,6128,True,True,True,1.0253084172149642,0.21709045412054945,0.2170904541205516,-2.1649348980190553e-15,1.9569874609715043e-09,True,0,0
6128-63241-0010,test-other,6128,True,True,True,1.0304810318939435,0.26080004225401177,0.26080004225401154,2.220446049250313e-16,2.39751329900173e-10,True,0,0
6128-63241-0011,test-other,6128,True,True,True,1.0229672742298153,0.1972348081876216,0.19723480818761985,1.7486012637846216e-15,-1.4930989777894865e-10,True,0,0
6128-63241-0013,test-other,6128,True,True,True,1.0248633839718866,0.21331954117255253,0.21331954117255592,-3.3861802251067274e-15,3.610622911764949e-10,True,0,0
6128-63244-0001,test-other,6128,True,True,True,1.0539376959959315,0.4562987624084863,0.4562987624084869,-5.551115123125783e-16,1.1482974571208615e-09,True,0,0
6128-63244-0005,test-other,6128,True,True,True,1.098138689533019,0.8131438568391731,0.8131438568391722,8.881784197001252e-16,5.4289017725750455e-11,True,0,0
6128-63244-0006,test-other,6128,True,True,True,1.0839252876255012,0.699986967106367,0.6999869671063657,1.3322676295501878e-15,1.0490772694993211e-09,True,0,0
6128-63244-0009,test-other,6128,True,True,True,1.1288389213680503,1.0526395018847758,1.052639501884773,2.886579864025407e-15,-7.508624833008071e-10,True,0,0
6128-63244-0010,test-other,6128,True,True,True,1.1075927759250102,0.8876022895000548,0.8876022895000624,-7.549516567451064e-15,-2.433768742093889e-09,True,0,0
6128-63244-0012,test-other,6128,True,True,True,1.0911681206185486,0.7578333844867835,0.757833384486787,-3.552713678800501e-15,3.3081661854339472e-09,True,0,0
6128-63244-0013,test-other,6128,True,True,True,1.0768390009021698,0.643015528420289,0.643015528420289,0.0,3.781686075399193e-10,True,0,0
6128-63244-0014,test-other,6128,True,True,True,1.11607471510284,0.953865384338259,0.9538653843382541,4.884981308350689e-15,2.3533210935511306e-09,True,0,0
6128-63244-0015,test-other,6128,True,True,True,1.0872455196435136,0.7265525337263969,0.726552533726391,5.995204332975845e-15,-1.5497185756885301e-09,True,0,0
6128-63244-0017,test-other,6128,True,True,True,1.1293778901877034,1.0567856261637194,1.0567856261637232,-3.774758283725532e-15,4.141860188155988e-10,True,0,0
6128-63244-0021,test-other,6128,True,True,True,1.0876720624231264,0.7299594706951169,0.729959470695114,2.886579864025407e-15,-9.226042152477021e-11,True,0,0
6128-63244-0022,test-other,6128,True,True,True,1.100282635139601,0.8300851779802434,0.8300851779802478,-4.440892098500626e-15,-9.030429737322265e-10,True,0,0
6128-63244-0023,test-other,6128,True,True,True,1.095374179238312,0.791249985708027,0.7912499857080277,-7.771561172376096e-16,-1.0871232802855957e-09,True,0,0
6128-63244-0024,test-other,6128,True,True,True,1.0974602358427124,0.8077758690905947,0.8077758690905945,2.220446049250313e-16,1.90531679322703e-09,True,0,0
6128-63244-0025,test-other,6128,True,True,True,1.0897372172936508,0.7464356681988243,0.7464356681988242,1.1102230246251565e-16,4.533191599875863e-10,True,0,0
6432-63722-0001,test-other,6432,True,True,True,1.1325677721514098,1.0812839874852584,1.0812839874852642,-5.773159728050814e-15,-1.403176241865367e-09,True,0,0
6432-63722-0002,test-other,6432,True,True,True,1.1348577490217568,1.0988285488801317,1.0988285488801317,0.0,-1.9290595787424536e-09,True,0,0
6432-63722-0012,test-other,6432,True,True,True,1.1261448343796063,1.0318849812980304,1.031884981298024,6.439293542825908e-15,1.6715766548713873e-09,True,0,0
6432-63722-0019,test-other,6432,True,True,True,1.1345553363924157,1.0965136571964234,1.0965136571964216,1.7763568394002505e-15,2.3241746305302513e-09,True,0,0
6432-63722-0028,test-other,6432,True,True,True,1.1562797681850994,1.2612585342647142,1.2612585342647158,-1.5543122344752192e-15,3.4297187312404276e-09,True,0,0
6432-63722-0029,test-other,6432,True,True,True,1.126927046115455,1.0379160406201668,1.0379160406201677,-8.881784197001252e-16,-5.052420704032556e-10,True,0,0
6432-63722-0031,test-other,6432,True,True,True,1.1416236007410063,1.1504587670519513,1.1504587670519477,3.552713678800501e-15,1.6767955912655452e-09,True,0,0
6432-63722-0033,test-other,6432,True,True,True,1.1180379630504267,0.9691310059526758,0.9691310059526757,1.1102230246251565e-16,-3.859941699602132e-09,True,0,0
6432-63722-0041,test-other,6432,True,True,True,1.0896294588512272,0.7455767233049071,0.7455767233049038,3.3306690738754696e-15,-2.1601209709842806e-09,True,0,0
6432-63722-0042,test-other,6432,True,True,True,1.1088314645589732,0.8973108224552107,0.8973108224552142,-3.552713678800501e-15,-4.244377294071455e-09,True,0,0
6432-63722-0044,test-other,6432,True,True,True,1.1351536320785836,1.1010928613970838,1.1010928613970847,-8.881784197001252e-16,-3.6134792935627047e-09,True,0,0
6432-63722-0047,test-other,6432,True,True,True,1.1135142003038658,0.9339151965845518,0.9339151965845573,-5.551115123125783e-15,-1.1644019082268642e-09,True,0,0
6432-63722-0048,test-other,6432,True,True,True,1.0877680937969003,0.7307263204864557,0.7307263204864611,-5.440092820663267e-15,1.499927293480141e-09,True,0,0
6432-63722-0049,test-other,6432,True,True,True,1.0929943821426664,0.7723585946992666,0.7723585946992628,3.774758283725532e-15,-6.657536744114623e-10,True,0,0
6432-63722-0052,test-other,6432,True,True,True,1.1197613353529317,0.982509350109662,0.9825093501096624,-4.440892098500626e-16,8.978844334706082e-10,True,0,0
6432-63722-0053,test-other,6432,True,True,True,1.1664664842238124,1.3374452967871855,1.3374452967871768,8.659739592076221e-15,-5.013731652070419e-10,True,0,0
6432-63723-0006,test-other,6432,True,True,True,1.1103744380184177,0.9093891062478354,0.9093891062478292,6.217248937900877e-15,7.454730166500667e-10,True,0,0
6432-63723-0007,test-other,6432,True,True,True,1.1278385010079461,1.044938320207124,1.0449383202071196,4.440892098500626e-15,8.279066321392747e-10,True,0,0
6432-63723-0011,test-other,6432,True,True,True,1.1371684672421547,1.1164961710434622,1.1164961710434547,7.549516567451064e-15,2.8964564080524724e-10,True,0,0
6432-63723-0013,test-other,6432,True,True,True,1.161234218291653,1.298396495591789,1.298396495591792,-2.886579864025407e-15,1.9270487428002525e-09,True,0,0
6432-63723-0015,test-other,6432,True,True,True,1.120496283425548,0.9882084072394864,0.9882084072394832,3.219646771412954e-15,5.413021142430807e-10,True,0,0
6432-63723-0018,test-other,6432,True,True,True,1.1374474740314318,1.1186270118136439,1.1186270118136434,4.440892098500626e-16,3.467324205530531e-09,True,0,0
6432-63723-0026,test-other,6432,True,True,True,1.129572999978251,1.0582860590590013,1.0582860590590109,-9.547918011776346e-15,-6.593801060716942e-10,True,0,0
6432-63723-0027,test-other,6432,True,True,True,1.1309680844215624,1.06900698878013,1.069006988780128,1.9984014443252818e-15,1.1633396468369028e-09,True,0,0
6432-63723-0032,test-other,6432,True,True,True,1.1357075064342788,1.1053299250737056,1.1053299250736934,1.2212453270876722e-14,2.2736301730219566e-10,True,0,0
6432-63723-0037,test-other,6432,True,True,True,1.0911503642297498,0.7576920393673138,0.7576920393673134,3.3306690738754696e-16,-2.8251676553736615e-09,True,0,0
6432-63723-0048,test-other,6432,True,True,True,1.117846349984493,0.9676422617110507,0.9676422617110525,-1.7763568394002505e-15,-1.7075052483050968e-10,True,0,0
6432-63723-0052,test-other,6432,True,True,True,1.1225173076079047,1.0038609185078404,1.0038609185078435,-3.1086244689504383e-15,1.1240786079724785e-09,True,0,0
6432-63723-0054,test-other,6432,True,True,True,1.1486705570689777,1.203909785909537,1.2039097859095378,-8.881784197001252e-16,-2.0674839618095575e-09,True,0,0
6432-63723-0055,test-other,6432,True,True,True,1.1308312418324227,1.0679559674850856,1.0679559674850836,1.9984014443252818e-15,-1.2943282001742773e-09,True,0,0
6938-70848-0000,test-other,6938,True,True,True,1.061343212758621,0.5171169391791324,0.5171169391791288,3.552713678800501e-15,9.34040400579761e-10,True,0,0
6938-70848-0001,test-other,6938,True,True,True,1.028366283413437,0.24295658369619838,0.24295658369619133,7.049916206369744e-15,1.3704521961699356e-09,True,0,0
6938-70848-0002,test-other,6938,True,True,True,1.0617576766692023,0.5205081937821772,0.5205081937821774,-2.220446049250313e-16,-9.77205871777187e-10,True,0,0
6938-70848-0003,test-other,6938,True,True,True,1.0876142916603602,0.7294981149118929,0.7294981149118911,1.7763568394002505e-15,-1.8995898187768034e-09,True,0,0
6938-70848-0005,test-other,6938,True,True,True,1.0605835685388112,0.5108978875158063,0.5108978875158137,-7.327471962526033e-15,1.0071481426621176e-09,True,0,0
6938-70848-0006,test-other,6938,True,True,True,1.0422018823680406,0.3590370646078345,0.35903706460782914,5.384581669432009e-15,-3.0595970201829914e-11,True,0,0
6938-70848-0007,test-other,6938,True,True,True,1.0571215762217978,0.48249874039577195,0.48249874039576923,2.7200464103316335e-15,-1.6519798862191237e-09,True,0,0
6938-70848-0008,test-other,6938,True,True,True,1.0328804554231994,0.2810011921664025,0.2810011921664035,-9.992007221626409e-16,-2.4779467366897734e-09,True,0,0
6938-70848-0009,test-other,6938,True,True,True,1.053497322663372,0.45266872476750053,0.45266872476749853,1.9984014443252818e-15,-1.9698376263477257e-10,True,0,0
6938-70848-0011,test-other,6938,True,True,True,1.0468464292658197,0.3976595206022996,0.3976595206022999,-3.3306690738754696e-16,1.5125323216125253e-10,True,0,0
6938-70848-0013,test-other,6938,True,True,True,1.094319077035855,0.7828794050612364,0.7828794050612373,-8.881784197001252e-16,-7.470966068012785e-10,True,0,0
6938-70848-0014,test-other,6938,True,True,True,1.0622430885221872,0.5244782807299176,0.5244782807299195,-1.887379141862766e-15,5.496900712387287e-10,True,0,0
6938-70848-0015,test-other,6938,True,True,True,1.0606834872557973,0.5117161559622894,0.51171615596229,-6.661338147750939e-16,2.021476319669091e-09,True,0,0
6938-70848-0016,test-other,6938,True,True,True,1.0590751363397506,0.49853544653495196,0.49853544653495163,3.3306690738754696e-16,-1.1215028905553481e-09,True,0,0
6938-70848-0018,test-other,6938,True,True,True,1.0503791774374052,0.42692207553424283,0.42692207553423955,3.2751579226442118e-15,7.908944610335311e-10,True,0,0
6938-70848-0019,test-other,6938,True,True,True,1.052678828075591,0.4459177661506577,0.4459177661506537,3.9968028886505635e-15,-1.068737986997803e-09,True,0,0
6938-70848-0020,test-other,6938,True,True,True,1.039721735494687,0.33834246079641467,0.33834246079641517,-4.996003610813204e-16,-2.617234429180826e-09,True,0,0
6938-70848-0021,test-other,6938,True,True,True,1.0372759994155514,0.3178865853481563,0.3178865853481554,8.881784197001252e-16,-4.321702107290548e-09,True,0,0
6938-70848-0022,test-other,6938,True,True,True,1.045221976125647,0.3841706466275247,0.3841706466275241,6.106226635438361e-16,8.805542961454194e-10,True,0,0
6938-70848-0023,test-other,6938,True,True,True,1.036429413214142,0.3107945898522827,0.3107945898522857,-2.9976021664879227e-15,-1.2984386899006495e-09,True,0,0
6938-70848-0024,test-other,6938,True,True,True,1.0502660021641428,0.42598614599810625,0.425986145998106,2.220446049250313e-16,9.885177121304878e-10,True,0,0
6938-70848-0026,test-other,6938,True,True,True,1.0405677617934692,0.345407334677511,0.34540733467751394,-2.942091015256665e-15,5.0429989073563775e-09,True,0,0
6938-70848-0027,test-other,6938,True,True,True,1.0362663335645725,0.30942777869005633,0.30942777869005056,5.773159728050814e-15,2.9541382673414773e-09,True,0,0
6938-70848-0028,test-other,6938,True,True,True,1.052252664612056,0.442400683646571,0.4424006836465715,-4.996003610813204e-16,3.1657272359097988e-09,True,0,0
7018-75788-0000,test-other,7018,True,True,True,1.0965554700407234,0.8006121133081987,0.8006121133082047,-5.995204332975845e-15,-3.7042724443381303e-10,True,0,0
7018-75788-0003,test-other,7018,True,True,True,1.085203277308227,0.7102219331720999,0.7102219331721003,-3.3306690738754696e-16,-7.401368407045084e-10,True,0,0
7018-75788-0004,test-other,7018,True,True,True,1.1002742503201777,0.8300189859934544,0.8300189859934548,-4.440892098500626e-16,1.5100134476142557e-09,True,0,0
7018-75788-0005,test-other,7018,True,True,True,1.09486309566176,0.7871963467044321,0.7871963467044303,1.7763568394002505e-15,-1.2074963251507143e-10,True,0,0
7018-75788-0006,test-other,7018,True,True,True,1.0958790300102699,0.7952523329931314,0.7952523329931331,-1.7763568394002505e-15,1.0844161124623497e-09,True,0,0
7018-75788-0008,test-other,7018,True,True,True,1.0982860767640554,0.814309559616166,0.81430955961617,-3.9968028886505635e-15,6.481037928551814e-10,True,0,0
7018-75788-0011,test-other,7018,True,True,True,1.0913018465078093,0.7588978007993277,0.7588978007993212,6.439293542825908e-15,-6.831442078691907e-10,True,0,0
7018-75788-0012,test-other,7018,True,True,True,1.113570129941467,0.9343514608545718,0.9343514608545718,0.0,1.225522794356948e-09,True,0,0
7018-75788-0013,test-other,7018,True,True,True,1.085149931830261,0.7097949492761666,0.7097949492761728,-6.217248937900877e-15,4.439826284396986e-11,True,0,0
7018-75788-0016,test-other,7018,True,True,True,1.0921514211187393,0.7656571043224685,0.765657104322468,4.440892098500626e-16,1.870517962743179e-09,True,0,0
7018-75788-0018,test-other,7018,True,True,True,1.0850264895554902,0.7088068213378826,0.7088068213378804,2.220446049250313e-15,1.1933387611406943e-09,True,0,0
7018-75788-0019,test-other,7018,True,True,True,1.1133676938848762,0.9327723083229258,0.9327723083229351,-9.325873406851315e-15,2.6028885713458294e-09,True,0,0
7018-75789-0002,test-other,7018,True,True,True,1.0886155577668337,0.7374907334444615,0.7374907334444565,4.9960036108132044e-15,1.1050538262225018e-09,True,0,0
7018-75789-0003,test-other,7018,True,True,True,1.082570802760517,0.6891261973697027,0.6891261973697027,0.0,3.5055442992870667e-09,True,0,0
7018-75789-0004,test-other,7018,True,True,True,1.0843650441141792,0.703510181986532,0.7035101819865339,-1.887379141862766e-15,8.874074808318255e-10,True,0,0
7018-75789-0005,test-other,7018,True,True,True,1.1029689045146274,0.8512653750400396,0.8512653750400396,0.0,1.288491091600008e-09,True,0,0
7018-75789-0007,test-other,7018,True,True,True,1.086773166187356,0.7227781318947633,0.7227781318947599,3.3306690738754696e-15,2.2477344430171797e-09,True,0,0
7018-75789-0011,test-other,7018,True,True,True,1.0773357345600685,0.6470213072807179,0.6470213072807205,-2.55351295663786e-15,-8.711467103239556e-10,True,0,0
7018-75789-0012,test-other,7018,True,True,True,1.0632899604844455,0.533034266315618,0.5330342663156173,6.661338147750939e-16,-1.8673347312869737e-09,True,0,0
7018-75789-0014,test-other,7018,True,True,True,1.082784169939206,0.6908379571465911,0.6908379571465915,-3.3306690738754696e-16,8.166018972133315e-10,True,0,0
7018-75789-0015,test-other,7018,True,True,True,1.0778767924726464,0.6513824265264876,0.6513824265264887,-1.1102230246251565e-15,-4.185594093542022e-10,True,0,0
7018-75789-0016,test-other,7018,True,True,True,1.0751168096741117,0.6291130439337906,0.629113043933792,-1.3322676295501878e-15,4.788098806329799e-10,True,0,0
7018-75789-0019,test-other,7018,True,True,True,1.0718594949044784,0.6027571887219153,0.6027571887219132,2.1094237467877974e-15,3.3099212259912747e-10,True,0,0
7018-75789-0022,test-other,7018,True,True,True,1.076793759335247,0.6426505978112664,0.642650597811258,8.43769498715119e-15,-1.5652155127554579e-09,True,0,0
7018-75789-0023,test-other,7018,True,True,True,1.0483361126977842,0.4100109294241261,0.41001092942412143,4.6629367034256575e-15,2.0522215038454306e-09,True,0,0
7018-75789-0024,test-other,7018,True,True,True,1.0875999360807673,0.7293834678316692,0.7293834678316706,-1.4432899320127035e-15,-2.7682389713845623e-10,True,0,0
7018-75789-0025,test-other,7018,True,True,True,1.0655476130454644,0.5514572109136426,0.5514572109136431,-4.440892098500626e-16,3.298321615829991e-09,True,0,0
7018-75789-0026,test-other,7018,True,True,True,1.0877829542533821,0.7308449812598629,0.7308449812598639,-9.992007221626409e-16,1.57371005116147e-10,True,0,0
7018-75789-0027,test-other,7018,True,True,True,1.0907144800401158,0.7542215750748548,0.7542215750748618,-6.994405055138486e-15,-1.047421704925e-09,True,0,0
7018-75789-0030,test-other,7018,True,True,True,1.0802653008858647,0.6706085275429476,0.6706085275429459,1.7763568394002505e-15,3.5460807623621804e-09,True,0,0
7105-2330-0000,test-other,7105,True,True,True,1.0493032706954868,0.4180205313532347,0.4180205313532319,2.7755575615628914e-15,8.515357308169769e-10,True,0,0
7105-2330-0004,test-other,7105,True,True,True,1.0394721101314492,0.3362568271062955,0.33625682710629334,2.1649348980190553e-15,-7.061693452214968e-10,True,0,0
7105-2330-0005,test-other,7105,True,True,True,1.0498905478176102,0.42288051556033235,0.4228805155603368,-4.440892098500626e-15,-1.6430838911674073e-09,True,0,0
7105-2330-0012,test-other,7105,True,True,True,1.0705072189028229,0.5917920055954211,0.5917920055954262,-5.10702591327572e-15,-3.8830449966553715e-10,True,0,0
7105-2330-0013,test-other,7105,True,True,True,1.0341466520131362,0.291642605795045,0.29164260579504386,1.1102230246251565e-15,-2.248835784257608e-09,True,0,0
7105-2330-0014,test-other,7105,True,True,True,1.0506998754490247,0.4295736155168809,0.4295736155168832,-2.3314683517128287e-15,-2.5633184463913494e-10,True,0,0
7105-2330-0016,test-other,7105,True,True,True,1.0559092332574798,0.4725317505158522,0.47253175051585217,5.551115123125783e-17,-8.402594176004641e-10,True,0,0
7105-2330-0017,test-other,7105,True,True,True,1.0638096018516858,0.5372781181192036,0.5372781181192039,-3.3306690738754696e-16,-5.469331654239795e-10,True,0,0
7105-2330-0021,test-other,7105,True,True,True,1.0619355894191032,0.5219635174290851,0.5219635174290858,-6.661338147750939e-16,2.587562164535484e-09,True,0,0
7105-2330-0023,test-other,7105,True,True,True,1.0454095184738637,0.3857290007876447,0.3857290007876415,3.219646771412954e-15,2.516831187904245e-09,True,0,0
7105-2330-0025,test-other,7105,True,True,True,1.0438930802967112,0.37312037533493486,0.3731203753349419,-7.049916206369744e-15,-1.16094867053107e-09,True,0,0
7105-2330-0029,test-other,7105,True,True,True,1.0628361339861863,0.5293262200724275,0.5293262200724236,3.885780586188048e-15,-1.6176358030861593e-09,True,0,0
7105-2330-0031,test-other,7105,True,True,True,1.0495166421109243,0.41978659099606974,0.41978659099606475,4.9960036108132044e-15,7.575380323032732e-10,True,0,0
7105-2330-0032,test-other,7105,True,True,True,1.0593777027700613,0.5010165578358162,0.5010165578358183,-2.1094237467877974e-15,-8.065654810707201e-10,True,0,0
7105-2330-0033,test-other,7105,True,True,True,1.048690509148987,0.41294675146902277,0.41294675146902193,8.326672684688674e-16,-2.0062103089912853e-09,True,0,0
7105-2330-0034,test-other,7105,True,True,True,1.0459795640061091,0.39046399031766793,0.39046399031766654,1.3877787807814457e-15,-4.105480400085071e-10,True,0,0
7105-2330-0035,test-other,7105,True,True,True,1.049483634925558,0.4195134164067049,0.4195134164067085,-3.552713678800501e-15,1.3145680100024038e-09,True,0,0
7105-2340-0000,test-other,7105,True,True,True,1.0467138178254034,0.3965591478383996,0.3965591478383992,3.885780586188048e-16,3.1104008257898386e-10,True,0,0
7105-2340-0001,test-other,7105,True,True,True,1.0579428059828468,0.4892437941070832,0.4892437941070895,-6.328271240363392e-15,-7.528200285378261e-11,True,0,0
7105-2340-0004,test-other,7105,True,True,True,1.0497604208177007,0.4218038901797553,0.4218038901797527,2.55351295663786e-15,1.2097878254735406e-09,True,0,0
7105-2340-0005,test-other,7105,True,True,True,1.055679163281978,0.470638992980886,0.4706389929808843,1.7208456881689926e-15,2.7478108677314594e-10,True,0,0
7105-2340-0009,test-other,7105,True,True,True,1.0413888331475032,0.3522583281642936,0.3522583281642895,4.107825191113079e-15,9.341007967123005e-10,True,0,0
7105-2340-0010,test-other,7105,True,True,True,1.0409306874413187,0.3484362412396531,0.34843624123965355,-4.440892098500626e-16,-2.6200197567050054e-10,True,0,0
7105-2340-0016,test-other,7105,True,True,True,1.03873134822884,0.3300647708080979,0.33006477080809304,4.829470157119431e-15,-2.813333566109577e-09,True,0,0
7105-2340-0020,test-other,7105,True,True,True,1.0493491398949866,0.41840021767260266,0.4184002176726054,-2.7200464103316335e-15,-1.8207835239536507e-09,True,0,0
7105-2340-0023,test-other,7105,True,True,True,1.0425345216030069,0.3618088948528703,0.3618088948528708,-4.996003610813204e-16,1.6881571696103492e-09,True,0,0
7105-2340-0026,test-other,7105,True,True,True,1.0485991994315342,0.4121904361865563,0.41219043618655604,2.7755575615628914e-16,-6.840998878487881e-10,True,0,0
7105-2340-0028,test-other,7105,True,True,True,1.040876684874215,0.3479856132474793,0.3479856132474808,-1.4988010832439613e-15,1.4755023869383876e-09,True,0,0
7105-2340-0033,test-other,7105,True,True,True,1.0559933508199648,0.4732236724541681,0.47322367245416785,2.220446049250313e-16,-1.5768186756304203e-09,True,0,0
7105-2340-0037,test-other,7105,True,True,True,1.065074860463819,0.54760267838268,0.5476026783826846,-4.6629367034256575e-15,-2.15692352867336e-10,True,0,0
7902-96591-0002,test-other,7902,True,True,True,1.11349985752972,0.933803316057441,0.9338033160574426,-1.5543122344752192e-15,-5.774616340659122e-10,True,0,0
7902-96591-0004,test-other,7902,True,True,True,1.1137226049624243,0.9355406904389097,0.9355406904389163,-6.5503158452884236e-15,-7.751808084321965e-10,True,0,0
7902-96591-0014,test-other,7902,True,True,True,1.0969230882914864,0.8035235541999576,0.803523554199959,-1.4432899320127035e-15,-2.344872740422943e-09,True,0,0
7902-96591-0023,test-other,7902,True,True,True,1.1209269835074134,0.9915464768307335,0.9915464768307345,-9.992007221626409e-16,-1.965936746728403e-09,True,0,0
7902-96592-0001,test-other,7902,True,True,True,1.065556512651972,0.5515297564068589,0.5515297564068646,-5.773159728050814e-15,2.6385791329630592e-09,True,0,0
7902-96592-0009,test-other,7902,True,True,True,1.0839950563792622,0.7005460316469423,0.7005460316469403,1.9984014443252818e-15,7.587672712361382e-10,True,0,0
7902-96592-0013,test-other,7902,True,True,True,1.0888311026459672,0.7392103613667945,0.7392103613667942,3.3306690738754696e-16,-1.3242384966360987e-09,True,0,0
7902-96592-0018,test-other,7902,True,True,True,1.0640088108286399,0.5389044854666035,0.5389044854666025,9.992007221626409e-16,-2.925155229149823e-09,True,0,0
7902-96592-0023,test-other,7902,True,True,True,1.0764220428518174,0.6396516523451283,0.6396516523451332,-4.884981308350689e-15,6.669683472182442e-09,True,0,0
7902-96592-0025,test-other,7902,True,True,True,1.0999151703143037,0.8271838398004063,0.827183839800405,1.3322676295501878e-15,-3.0083562307936518e-09,True,0,0
7902-96592-0034,test-other,7902,True,True,True,1.0837562851720244,0.6986325830668866,0.6986325830668854,1.2212453270876722e-15,-9.268923406580143e-10,True,0,0
7902-96592-0035,test-other,7902,True,True,True,1.1152189273374378,0.9472026320164761,0.9472026320164737,2.4424906541753444e-15,2.1403003813702526e-09,True,0,0
7902-96592-0036,test-other,7902,True,True,True,1.096303382312755,0.7986150798999249,0.7986150798999248,1.1102230246251565e-16,6.941640151580941e-09,True,0,0
7902-96592-0041,test-other,7902,True,True,True,1.0897708404624558,0.7467036618247305,0.7467036618247249,5.551115123125783e-15,5.607400765939019e-09,True,0,0
7902-96592-0042,test-other,7902,True,True,True,1.0856861851589297,0.7140862334400433,0.7140862334400424,8.881784197001252e-16,2.601865389806335e-10,True,0,0
7902-96594-0002,test-other,7902,True,True,True,1.0765861243215828,0.6409755614343021,0.6409755614343027,-5.551115123125783e-16,-7.436490534473705e-09,True,0,0
7902-96594-0003,test-other,7902,True,True,True,1.0565402992566535,0.4777213370142275,0.4777213370142306,-3.1086244689504383e-15,-1.43785072737046e-09,True,0,0
7902-96594-0004,test-other,7902,True,True,True,1.1143139224644434,0.9401511343171491,0.9401511343171443,4.884981308350689e-15,-2.361790762961391e-09,True,0,0
7902-96594-0008,test-other,7902,True,True,True,1.0573480218882079,0.4843591427176907,0.4843591427176932,-2.4980018054066022e-15,5.419483528612545e-09,True,0,0
7902-96594-0009,test-other,7902,True,True,True,1.0586676725534114,0.4951930335578324,0.49519303355783606,-3.6637359812630166e-15,6.48981668405213e-09,True,0,0
7902-96594-0011,test-other,7902,True,True,True,1.1038375101612548,0.8581029599999563,0.8581029599999574,-1.1102230246251565e-15,-2.8472868507378735e-09,True,0,0
7902-96594-0015,test-other,7902,True,True,True,1.0957400663913937,0.794150843541005,0.7941508435409972,7.771561172376096e-15,-3.256310776578175e-10,True,0,0
7902-96594-0024,test-other,7902,True,True,True,1.0639714728186505,0.5385996764074235,0.5385996764074221,1.3322676295501878e-15,4.705626110990124e-09,True,0,0
7902-96595-0000,test-other,7902,True,True,True,1.120882148739137,0.9911990522051063,0.9911990522051113,-4.9960036108132044e-15,-7.4078343459405e-10,True,0,0
7902-96595-0003,test-other,7902,True,True,True,1.0915951723340322,0.76123212600836,0.761232126008359,9.992007221626409e-16,-3.227764722169013e-09,True,0,0
7902-96595-0005,test-other,7902,True,True,True,1.097023227102496,0.804316458434138,0.8043164584341369,1.1102230246251565e-15,2.841844093381951e-09,True,0,0
7902-96595-0015,test-other,7902,True,True,True,1.1032926900890967,0.8538148150459822,0.853814815045979,3.219646771412954e-15,-9.444107718081796e-09,True,0,0
7902-96595-0018,test-other,7902,True,True,True,1.1304996602224167,1.0654087230384208,1.0654087230384164,4.440892098500626e-15,4.5075054799781356e-10,True,0,0
7902-96595-0022,test-other,7902,True,True,True,1.1111796306681065,0.9156854326775271,0.9156854326775274,-3.3306690738754696e-16,-9.79137126932983e-09,True,0,0
7902-96595-0023,test-other,7902,True,True,True,1.0748187629238026,0.6267047846075592,0.6267047846075613,-2.1094237467877974e-15,2.8098909865548194e-09,True,0,0
7975-280057-0003,test-other,7975,True,True,True,1.0419218364904108,0.35670280049547254,0.35670280049546577,6.772360450213455e-15,1.905988256112323e-09,True,0,0
7975-280057-0008,test-other,7975,True,True,True,1.0492210567176639,0.4173399564091054,0.41733995640910493,4.440892098500626e-16,6.718359202295687e-10,True,0,0
7975-280057-0009,test-other,7975,True,True,True,1.0487085713561186,0.4130963523143996,0.41309635231439756,2.0539125955565396e-15,-4.0461856087858905e-10,True,0,0
7975-280057-0010,test-other,7975,True,True,True,1.034347031536662,0.29332544819032036,0.2933254481903198,5.551115123125783e-16,1.5482370940844703e-09,True,0,0
7975-280057-0011,test-other,7975,True,True,True,1.0655727621410247,0.5516622131942152,0.5516622131942093,5.88418203051333e-15,1.9201245038402703e-09,True,0,0
7975-280057-0012,test-other,7975,True,True,True,1.0533371510948075,0.45134803955210745,0.45134803955210145,5.995204332975845e-15,-2.901074935834913e-10,True,0,0
7975-280057-0013,test-other,7975,True,True,True,1.0447697654659192,0.3804119217802618,0.38041192178025796,3.83026943495679e-15,4.118447805012693e-09,True,0,0
7975-280057-0016,test-other,7975,True,True,True,1.04385632946946,0.37281457845322946,0.37281457845322663,2.831068712794149e-15,4.868319081197114e-10,True,0,0
7975-280057-0018,test-other,7975,True,True,True,1.0416222748697186,0.35420517236187604,0.35420517236187266,3.3861802251067274e-15,-1.390247916788212e-10,True,0,0
7975-280063-0001,test-other,7975,True,True,True,1.042842466053943,0.3643741591199643,0.3643741591199614,2.886579864025407e-15,-7.500204901589314e-10,True,0,0
7975-280063-0002,test-other,7975,True,True,True,1.0299740739459766,0.25652585946443807,0.25652585946443907,-9.992007221626409e-16,-8.535856466096448e-10,True,0,0
7975-280063-0004,test-other,7975,True,True,True,1.0456765077205663,0.38794702445090984,0.3879470244509129,-3.0531133177191805e-15,-3.4301805840186717e-09,True,0,0
7975-280076-0000,test-other,7975,True,True,True,1.0598333638588933,0.5047517421723557,0.5047517421723562,-4.440892098500626e-16,9.622169727663277e-11,True,0,0
7975-280076-0001,test-other,7975,True,True,True,1.0410929626898442,0.3497902171202322,0.34979021712023695,-4.718447854656915e-15,8.39566638433098e-10,True,0,0
7975-280076-0003,test-other,7975,True,True,True,1.0399986622915363,0.3406556136721873,0.3406556136721832,4.052314039881821e-15,1.7097896432005655e-09,True,0,0
7975-280076-0004,test-other,7975,True,True,True,1.0435065356482152,0.3699034693148774,0.3699034693148704,6.994405055138486e-15,-1.2435883434136485e-09,True,0,0
7975-280076-0006,test-other,7975,True,True,True,1.034177407609596,0.2919009209419193,0.29190092094191655,2.7200464103316335e-15,2.2923352105408412e-09,True,0,0
7975-280076-0018,test-other,7975,True,True,True,1.041219930685019,0.35084945274090173,0.3508494527408992,2.55351295663786e-15,7.501945731291926e-10,True,0,0
7975-280076-0021,test-other,7975,True,True,True,1.0402548255705337,0.3427947818023461,0.3427947818023398,6.328271240363392e-15,2.6172273237534682e-09,True,0,0
7975-280076-0023,test-other,7975,True,True,True,1.046036128108821,0.39093369000070904,0.39093369000070766,1.3877787807814457e-15,1.7966392817925225e-09,True,0,0
7975-280076-0024,test-other,7975,True,True,True,1.0450396488123581,0.38265535791308447,0.3826553579130909,-6.439293542825908e-15,-6.931095697382261e-10,True,0,0
7975-280084-0002,test-other,7975,True,True,True,1.0315067576761172,0.2694415499514108,0.2694415499514129,-2.1094237467877974e-15,1.7676242691777588e-09,True,0,0
7975-280084-0004,test-other,7975,True,True,True,1.0809687501805096,0.6762627815576985,0.6762627815576963,2.220446049250313e-15,5.23559862131151e-10,True,0,0
7975-280084-0008,test-other,7975,True,True,True,1.0431172090501275,0.3666622065697501,0.36666220656974247,7.66053886991358e-15,2.6388278229205753e-09,True,0,0
7975-280084-0010,test-other,7975,True,True,True,1.0481867488459944,0.4087733011983105,0.4087733011983019,8.604228440844963e-15,6.906972771503206e-10,True,0,0
7975-280084-0011,test-other,7975,True,True,True,1.0399503653647715,0.3402522366949306,0.340252236694937,-6.38378239159465e-15,1.986002473586268e-10,True,0,0
7975-280084-0015,test-other,7975,True,True,True,1.0427799549813466,0.3638534855096153,0.3638534855096154,-5.551115123125783e-17,-7.912099420082086e-09,True,0,0
7975-280085-0003,test-other,7975,True,True,True,1.0431875859715982,0.3672482054848194,0.3672482054848203,-8.881784197001252e-16,-3.328203490582382e-09,True,0,0
7975-280085-0006,test-other,7975,True,True,True,1.0460541354003927,0.39108321447391536,0.3910832144739125,2.886579864025407e-15,-4.925944097067259e-10,True,0,0
7975-280085-0007,test-other,7975,True,True,True,1.0425436303181557,0.3618847838975613,0.3618847838975654,-4.107825191113079e-15,-1.7698909005048336e-10,True,0,0
8131-117016-0003,test-other,8131,True,True,True,1.0542845074660845,0.45915649360702004,0.45915649360701494,5.10702591327572e-15,5.120025292626451e-09,True,0,0
8131-117016-0005,test-other,8131,True,True,True,1.0682690508419694,0.5736129298880053,0.5736129298880108,-5.551115123125783e-15,-1.7189734080602648e-09,True,0,0
8131-117016-0009,test-other,8131,True,True,True,1.0599415164385964,0.5056380639991871,0.5056380639991893,-2.220446049250313e-15,9.58898738190328e-10,True,0,0
8131-117016-0010,test-other,8131,True,True,True,1.0707513891163876,0.5937729298323868,0.5937729298323866,2.220446049250313e-16,-1.0403127248537203e-09,True,0,0
8131-117016-0015,test-other,8131,True,True,True,1.0732186016177396,0.6137638299407634,0.613763829940762,1.4432899320127035e-15,-2.0918982102102746e-09,True,0,0
8131-117016-0031,test-other,8131,True,True,True,1.0635216987311704,0.5349271023222437,0.5349271023222393,4.440892098500626e-15,1.1397105481592007e-10,True,0,4
8131-117016-0032,test-other,8131,True,True,True,1.0811591203458413,0.6777923249979957,0.6777923249979985,-2.7755575615628914e-15,-1.7886137015921122e-10,True,0,0
8131-117016-0034,test-other,8131,True,True,True,1.0722745294392975,0.6061197996123899,0.6061197996123902,-2.220446049250313e-16,1.0545555539920315e-09,True,0,0
8131-117016-0036,test-other,8131,True,True,True,1.099121873002231,0.8209170120335101,0.8209170120335081,1.9984014443252818e-15,-2.5111432933044853e-09,True,0,0
8131-117016-0038,test-other,8131,True,True,True,1.085535110527624,0.7128774966066709,0.7128774966066693,1.5543122344752192e-15,-4.45450609731779e-09,True,0,9
8131-117016-0041,test-other,8131,True,True,True,1.0694604500780718,0.5832945695403802,0.5832945695403815,-1.3322676295501878e-15,2.491507444801755e-09,True,0,0
8131-117016-0042,test-other,8131,True,True,True,1.0831806231819996,0.6940176479365341,0.6940176479365334,6.661338147750939e-16,3.0954439012020885e-09,True,0,6
8131-117016-0043,test-other,8131,True,True,True,1.0611790736732547,0.5157735431707691,0.51577354317077,-8.881784197001252e-16,-2.2357227180691552e-11,True,0,4
8131-117016-0054,test-other,8131,True,True,True,1.0679798860613394,0.5712614685543383,0.5712614685543365,1.887379141862766e-15,-1.27385391124335e-09,True,0,7
8131-117016-0059,test-other,8131,True,True,True,1.049299824825283,0.41799200719031737,0.41799200719031404,3.3306690738754696e-15,-2.796948450622949e-09,True,0,5
8131-117017-0001,test-other,8131,True,True,True,1.0808007042344479,0.6749123798841288,0.6749123798841303,-1.5543122344752192e-15,6.872440394545265e-10,True,0,0
8131-117017-0013,test-other,8131,True,True,True,1.06368641224645,0.5362722301553808,0.5362722301553795,1.3322676295501878e-15,5.0767461345913034e-09,True,0,0
8131-117017-0018,test-other,8131,True,True,True,1.072118464974058,0.6048555176198466,0.6048555176198462,3.3306690738754696e-16,3.2050735399025143e-09,True,0,6
8131-117017-0022,test-other,8131,True,True,True,1.0712729874947633,0.5980030834095187,0.5980030834095196,-8.881784197001252e-16,-2.709352742158444e-09,True,0,1
8131-117017-0023,test-other,8131,True,True,True,1.0712336629648327,0.5976842339655638,0.5976842339655626,1.2212453270876722e-15,1.0084981738600618e-09,True,0,0
8131-117017-0025,test-other,8131,True,True,True,1.0445070174685434,0.37822724224090953,0.37822724224091075,-1.2212453270876722e-15,-3.2335982780296035e-09,True,0,0
8131-117017-0027,test-other,8131,True,True,True,1.0564990536264796,0.477382247265331,0.47738224726533574,-4.718447854656915e-15,-2.9938505008431093e-09,True,0,0
8131-117017-0028,test-other,8131,True,True,True,1.0774422417914353,0.6478799665655397,0.6478799665655472,-7.549516567451064e-15,-2.774530827309718e-09,True,0,0
8131-117017-0031,test-other,8131,True,True,True,1.061231763691774,0.5162048071635115,0.5162048071635112,2.220446049250313e-16,5.24771337495622e-10,True,0,0
8131-117029-0010,test-other,8131,True,True,True,1.0741629861223354,0.6214036645733091,0.6214036645733003,8.770761894538737e-15,5.72960345834872e-10,True,0,0
8131-117029-0014,test-other,8131,True,True,True,1.078799453945677,0.6588143590942805,0.6588143590942828,-2.220446049250313e-15,1.5497505501116393e-09,True,0,0
8131-117029-0015,test-other,8131,True,True,True,1.047457722273621,0.40273005799216827,0.4027300579921693,-1.0547118733938987e-15,-1.380115577376273e-09,True,0,0
8131-117029-0017,test-other,8131,True,True,True,1.0512337019663907,0.4339855135570711,0.43398551355707227,-1.1657341758564144e-15,-2.578250501983348e-09,True,0,0
8131-117029-0018,test-other,8131,True,True,True,1.0734688749878574,0.6157891334893505,0.615789133489347,3.4416913763379853e-15,-1.3330350157048088e-09,True,0,0
8131-117029-0019,test-other,8131,True,True,True,1.094082135853311,0.7809985388304825,0.7809985388304881,-5.551115123125783e-15,-6.356984272315458e-09,True,0,0
8188-269288-0000,test-other,8188,True,True,True,1.097891502439261,0.8111884740459386,0.8111884740459416,-2.9976021664879227e-15,3.954212957069103e-09,True,0,33
8188-269288-0009,test-other,8188,True,True,True,1.0677171718007794,0.569124548360831,0.5691245483608292,1.887379141862766e-15,-4.675371201301459e-12,True,0,0
8188-269288-0013,test-other,8188,True,True,True,1.0396512028416098,0.337753207344618,0.337753207344619,-9.992007221626409e-16,4.807873210666003e-09,True,0,0
8188-269288-0022,test-other,8188,True,True,True,1.03759541089963,0.3205608454569613,0.32056084545695995,1.3322676295501878e-15,-1.432027829650906e-10,True,0,0
8188-269288-0023,test-other,8188,True,True,True,1.096050369692227,0.7966102577249535,0.7966102577249572,-3.6637359812630166e-15,1.1456673831844455e-08,True,0,8
8188-269288-0025,test-other,8188,True,True,True,1.0141466421042429,0.12201514042144965,0.12201514042144979,-1.3877787807814457e-16,4.743128556583542e-09,True,0,2
8188-269288-0030,test-other,8188,True,True,True,1.0589292056314819,0.49733852922584676,0.4973385292258392,7.549516567451064e-15,-4.711495193987503e-09,True,0,0
8188-269288-0044,test-other,8188,True,True,True,1.0686153791291086,0.576428402044364,0.576428402044364,0.0,-1.769919322214264e-09,True,0,0
8188-269288-0045,test-other,8188,True,True,True,1.0064668313631064,0.05598934120814255,0.05598934120814292,-3.677613769070831e-16,3.5404319476128876e-09,True,0,0
8188-269288-0046,test-other,8188,True,True,True,1.0653689782466087,0.5500009341561628,0.5500009341561629,-1.1102230246251565e-16,3.005268922606774e-09,True,0,20
8188-269288-0052,test-other,8188,True,True,True,1.0680576950108913,0.5718942663617825,0.571894266361781,1.5543122344752192e-15,7.58646478971059e-10,True,0,0
8188-269288-0053,test-other,8188,True,True,True,1.0497358636156593,0.4216006974917351,0.421600697491737,-1.887379141862766e-15,-1.0557467788885333e-08,True,0,0
8188-269288-0054,test-other,8188,True,True,True,1.0698639669757448,0.586571214497926,0.5865712144979263,-2.220446049250313e-16,1.604693267154289e-09,True,0,0
8188-269290-0004,test-other,8188,True,True,True,1.094333357338365,0.7829927507251273,0.7829927507251178,9.547918011776346e-15,2.856808123397059e-09,True,0,0
8188-269290-0007,test-other,8188,True,True,True,1.0378010356704177,0.32228199523989637,0.3222819952398943,2.0539125955565396e-15,7.476337771095132e-09,True,0,4
8188-269290-0012,test-other,8188,True,True,True,1.0547708650130891,0.4631625032243397,0.4631625032243427,-2.9976021664879227e-15,7.593566664354512e-09,True,0,0
8188-269290-0019,test-other,8188,True,True,True,1.100865551204006,0.8346856358262466,0.8346856358262436,2.9976021664879227e-15,2.29032437459864e-09,True,0,0
8188-269290-0020,test-other,8188,True,True,True,1.1008960131655392,0.8349259790499044,0.8349259790499097,-5.329070518200751e-15,2.2086190654135862e-09,True,0,0
8188-269290-0024,test-other,8188,True,True,True,1.075285053936471,0.6304721862623018,0.6304721862623026,-7.771561172376096e-16,-5.623626009310101e-09,True,0,0
8188-269290-0033,test-other,8188,True,True,True,1.0916888721469002,0.7619776691604164,0.7619776691604123,4.107825191113079e-15,6.430624921449635e-10,True,0,0
8188-269290-0034,test-other,8188,True,True,True,1.067444717363545,0.5669078460132735,0.5669078460132653,8.215650382226158e-15,-3.043520990786419e-09,True,0,0
8188-269290-0039,test-other,8188,True,True,True,1.092671552347078,0.7697927277453985,0.7697927277454006,-2.1094237467877974e-15,-2.390162734400292e-09,True,0,0
8188-269290-0041,test-other,8188,True,True,True,1.041449394027418,0.35276343231747276,0.35276343231747376,-9.992007221626409e-16,4.246846430078222e-09,True,0,0
8188-269290-0042,test-other,8188,True,True,True,1.1309868621665882,1.0691512015737537,1.069151201573753,6.661338147750939e-16,5.0927546624279785e-09,True,0,0
8188-269290-0043,test-other,8188,True,True,True,1.0939757865086026,0.7801541931095537,0.7801541931095528,8.881784197001252e-16,6.322714796169748e-09,True,0,0
8188-269290-0045,test-other,8188,True,True,True,1.063734682777031,0.5366663904863571,0.53666639048636,-2.886579864025407e-15,-3.3855513947855798e-09,True,0,0
8188-269290-0048,test-other,8188,True,True,True,1.0629455876726228,0.530220669988918,0.5302206699889176,4.440892098500626e-16,6.7725274277563585e-09,True,0,0
8188-274364-0004,test-other,8188,True,True,True,1.0665838863065111,0.5599003635914273,0.5599003635914279,-6.661338147750939e-16,-4.666063091463002e-09,True,0,0
8188-274364-0009,test-other,8188,True,True,True,1.0539160680830912,0.4561205169654297,0.45612051696543077,-1.0547118733938987e-15,-1.0740563993749674e-09,True,0,0
8188-274364-0011,test-other,8188,True,True,True,1.0734261846975113,0.615443701467474,0.6154437014674663,7.66053886991358e-15,-1.222478118734216e-09,True,0,0
8280-266249-0000,test-other,8280,True,True,True,1.1081813240334242,0.8922165360847544,0.8922165360847529,1.4432899320127035e-15,2.992059933148994e-09,True,0,0
8280-266249-0001,test-other,8280,True,True,True,1.0764200588939494,0.639635643331672,0.6396356433316726,-5.551115123125783e-16,-2.904119611457645e-09,True,0,0
8280-266249-0006,test-other,8280,True,True,True,1.0759608355053447,0.635929269851456,0.6359292698514558,2.220446049250313e-16,3.412949922676489e-10,True,0,0
8280-266249-0009,test-other,8280,True,True,True,1.0773741115362485,0.64733071151942,0.6473307115194231,-3.1086244689504383e-15,1.6588010964824207e-09,True,0,0
8280-266249-0010,test-other,8280,True,True,True,1.0623103121325843,0.5250279462370276,0.525027946237028,-3.3306690738754696e-16,5.61992763437047e-09,True,0,0
8280-266249-0011,test-other,8280,True,True,True,1.0846100835738925,0.7054727547112499,0.7054727547112485,1.4432899320127035e-15,-4.849809442930564e-11,True,0,0
8280-266249-0012,test-other,8280,True,True,True,1.1086323876582103,0.895751238976606,0.8957512389766045,1.5543122344752192e-15,-6.8205032732748805e-09,True,0,0
8280-266249-0013,test-other,8280,True,True,True,1.0787821349542877,0.6586749151459017,0.6586749151459017,0.0,-2.144908251011657e-09,True,0,0
8280-266249-0016,test-other,8280,True,True,True,1.0782511359651212,0.6543984871712658,0.6543984871712603,5.551115123125783e-15,4.928430996642419e-10,True,0,0
8280-266249-0019,test-other,8280,True,True,True,1.0981530698164519,0.8132575990633859,0.8132575990633839,1.9984014443252818e-15,7.726939088570361e-10,True,0,0
8280-266249-0020,test-other,8280,True,True,True,1.0700974405700405,0.58846650651053,0.5884665065105281,1.887379141862766e-15,2.276237864862196e-09,True,0,0
8280-266249-0022,test-other,8280,True,True,True,1.2034097259321486,1.6082703425741764,1.6082703425741869,-1.0436096431476471e-14,-2.9026310244262277e-09,True,0,0
8280-266249-0029,test-other,8280,True,True,True,1.104636837925189,0.8643904435302563,0.8643904435302581,-1.7763568394002505e-15,8.83819240016237e-10,True,0,0
8280-266249-0033,test-other,8280,True,True,True,1.1130457834142606,0.930260574658808,0.93026057465881,-1.9984014443252818e-15,2.96277846700832e-09,True,0,0
8280-266249-0034,test-other,8280,True,True,True,1.112358424918793,0.9248949694344459,0.9248949694344439,1.9984014443252818e-15,1.0127045868557616e-09,True,0,0
8280-266249-0036,test-other,8280,True,True,True,1.1477638091411464,1.197050532315464,1.1970505323154654,-1.3322676295501878e-15,-3.315808072557047e-09,True,0,0
8280-266249-0038,test-other,8280,True,True,True,1.0710135157742304,0.59589902987949,0.5958990298794902,-2.220446049250313e-16,1.5124896890483797e-09,True,0,0
8280-266249-0041,test-other,8280,True,True,True,1.11548652022853,0.9492865309316314,0.9492865309316301,1.3322676295501878e-15,1.5630483574113896e-09,True,0,0
8280-266249-0042,test-other,8280,True,True,True,1.1154637750059306,0.9491094203131473,0.9491094203131496,-2.3314683517128287e-15,-1.182446141001492e-09,True,0,0
8280-266249-0043,test-other,8280,True,True,True,1.0839017362961385,0.6997982396429441,0.6997982396429414,2.6645352591003757e-15,9.350742402602918e-10,True,0,0
8280-266249-0044,test-other,8280,True,True,True,1.0788079128064665,0.6588824648417996,0.6588824648418026,-2.9976021664879227e-15,-3.0204567735836463e-09,True,0,0
8280-266249-0048,test-other,8280,True,True,True,1.121938862097695,0.9993838304342401,0.9993838304342404,-3.3306690738754696e-16,3.070201870514211e-09,True,0,0
8280-266249-0050,test-other,8280,True,True,True,1.0982958171203483,0.814386591717752,0.8143865917177493,2.6645352591003757e-15,-1.4122747415967751e-10,True,0,0
8280-266249-0052,test-other,8280,True,True,True,1.1051416000524348,0.8683585410839616,0.868358541083964,-2.4424906541753444e-15,-3.347775390238894e-09,True,0,0
8280-266249-0054,test-other,8280,True,True,True,1.0750935333627656,0.6289249921255604,0.6289249921255617,-1.3322676295501878e-15,-3.043254537260509e-10,True,0,0
8280-266249-0058,test-other,8280,True,True,True,1.134921464411093,1.0993161952881085,1.0993161952881074,1.1102230246251565e-15,-2.562916989745645e-09,True,0,0
8280-266249-0060,test-other,8280,True,True,True,1.056796218092244,0.4798250083934516,0.47982500839344766,3.941291737419306e-15,-8.229967818351724e-10,True,0,0
8280-266249-0063,test-other,8280,True,True,True,1.077109600580314,0.6451979379273722,0.645197937927378,-5.773159728050814e-15,-3.1881484119367087e-09,True,0,0
8280-266249-0064,test-other,8280,True,True,True,1.1127514106295755,0.9279630701584206,0.9279630701584232,-2.55351295663786e-15,-3.344357679679888e-09,True,0,0
8280-266249-0065,test-other,8280,True,True,True,1.083212766909491,0.6942754006335694,0.6942754006335718,-2.4424906541753444e-15,-1.2602328069988289e-09,True,0,0
8461-258277-0000,test-other,8461,True,True,True,1.0415009783196603,0.35319364465043385,0.3531936446504318,2.0539125955565396e-15,-1.8990888861480926e-09,True,0,0
8461-258277-0004,test-other,8461,True,True,True,1.0596447186898381,0.5032055585746243,0.5032055585746242,1.1102230246251565e-16,1.1571010816169292e-09,True,0,0
8461-258277-0005,test-other,8461,True,True,True,1.1263549620273208,1.0335055324440592,1.0335055324440638,-4.6629367034256575e-15,-3.738854559287574e-09,True,0,0
8461-258277-0006,test-other,8461,True,True,True,1.0940398069115351,0.7806624839611247,0.7806624839611196,5.10702591327572e-15,4.882309667664231e-09,True,0,0
8461-258277-0008,test-other,8461,True,True,True,1.076323136104886,0.6388535150669135,0.6388535150669128,6.661338147750939e-16,-1.3778205243397679e-09,True,0,0
8461-258277-0009,test-other,8461,True,True,True,1.0807602789148039,0.674587494426083,0.6745874944260848,-1.7763568394002505e-15,-2.4878623605673056e-09,True,0,0
8461-258277-0016,test-other,8461,True,True,True,1.0792417445219407,0.6623747055695013,0.6623747055695048,-3.552713678800501e-15,-2.725343506426725e-09,True,0,0
8461-278226-0000,test-other,8461,True,True,True,1.0553591657576649,0.46800572653215183,0.46800572653215156,2.7755575615628914e-16,-3.7285232679096225e-09,True,0,0
8461-278226-0002,test-other,8461,True,True,True,1.0576245782603748,0.48663069757458866,0.48663069757458643,2.220446049250313e-15,2.927659892293377e-09,True,0,0
8461-278226-0004,test-other,8461,True,True,True,1.0605504629693048,0.5106267577155297,0.5106267577155279,1.7763568394002505e-15,7.062759266318608e-10,True,0,0
8461-278226-0006,test-other,8461,True,True,True,1.0534217290616337,0.4520454472079887,0.4520454472079898,-1.0547118733938987e-15,3.6639136169469566e-11,True,0,0
8461-278226-0008,test-other,8461,True,True,True,1.0421823544516295,0.3588743140709457,0.3588743140709454,3.3306690738754696e-16,2.0870238870429603e-09,True,0,0
8461-278226-0009,test-other,8461,True,True,True,1.0835424452238729,0.6969185690550375,0.6969185690550397,-2.220446049250313e-15,-4.5241037582854915e-09,True,0,0
8461-278226-0010,test-other,8461,True,True,True,1.0558719462544086,0.4722250229090471,0.47222502290904345,3.6637359812630166e-15,1.5829897392904968e-09,True,0,0
8461-278226-0012,test-other,8461,True,True,True,1.0394155689169673,0.3357843525670859,0.33578435256708516,7.216449660063518e-16,2.637033702512781e-09,True,0,0
8461-278226-0013,test-other,8461,True,True,True,1.0596160371282304,0.502970453122779,0.5029704531227814,-2.4424906541753444e-15,1.1783285458477621e-10,True,0,0
8461-281231-0001,test-other,8461,True,True,True,1.0557464179212384,0.47119233133167765,0.4711923313316788,-1.1657341758564144e-15,-1.142357319849907e-09,True,0,0
8461-281231-0002,test-other,8461,True,True,True,1.0571519993049137,0.4827487095061756,0.482748709506172,3.608224830031759e-15,-5.375717648803402e-10,True,0,0
8461-281231-0009,test-other,8461,True,True,True,1.0543342141436518,0.4595660002772207,0.4595660002772206,1.1102230246251565e-16,3.1796041355391935e-09,True,0,0
8461-281231-0011,test-other,8461,True,True,True,1.094539751857215,0.7846307808241915,0.7846307808241946,-3.1086244689504383e-15,-1.3685301780697046e-09,True,0,0
8461-281231-0013,test-other,8461,True,True,True,1.1151897135796804,0.9469750975000178,0.9469750975000188,-9.992007221626409e-16,2.7339375208157435e-09,True,0,0
8461-281231-0014,test-other,8461,True,True,True,1.057527419050647,0.4858327273344506,0.4858327273344507,-1.1102230246251565e-16,-1.1705409974638314e-09,True,0,0
8461-281231-0017,test-other,8461,True,True,True,1.0581514017169424,0.4909562316012189,0.4909562316012135,5.384581669432009e-15,4.317683988119825e-10,True,0,2
8461-281231-0019,test-other,8461,True,True,True,1.0651449117912177,0.5481739415987387,0.5481739415987406,-1.887379141862766e-15,1.8170602800182678e-09,True,0,0
8461-281231-0021,test-other,8461,True,True,True,1.071899752576718,0.6030834135054215,0.6030834135054199,1.5543122344752192e-15,1.0376943748724443e-09,True,0,0
8461-281231-0024,test-other,8461,True,True,True,1.0686952385740378,0.5770774890977751,0.5770774890977783,-3.219646771412954e-15,-5.591118679149076e-10,True,0,0
8461-281231-0026,test-other,8461,True,True,True,1.0606782386140825,0.5116731749636895,0.5116731749636863,3.219646771412954e-15,3.435964401887759e-09,True,0,0
8461-281231-0030,test-other,8461,True,True,True,1.0640977932970577,0.5396308512410923,0.539630851241089,3.3306690738754696e-15,5.474021236295812e-11,True,0,0
8461-281231-0032,test-other,8461,True,True,True,1.0569207219345795,0.48084825480342497,0.48084825480342985,-4.884981308350689e-15,-7.565326143321727e-10,True,0,0
8461-281231-0033,test-other,8461,True,True,True,1.0451574985854155,0.3836348158795319,0.3836348158795353,-3.3861802251067274e-15,2.276884458751738e-09,True,0,0
