set,subset,speaker_id,sex,chapter_id,utterance,duration_s,sample_rate,path,reference
calibration,dev-clean,777,M,126732,777-126732-0023,7.02,16000,dev-clean/777/126732/777-126732-0023.flac,THE FAMOUS TERRORIST HAD NEVER IN HIS LIFE RAISED PERSONALLY AS MUCH AS HIS LITTLE FINGER AGAINST THE SOCIAL EDIFICE
calibration,dev-clean,777,M,126732,777-126732-0026,1.97,16000,dev-clean/777/126732/777-126732-0026.flac,HE HAD BEEN A PRISONER HIMSELF
calibration,dev-clean,777,M,126732,777-126732-0034,3.48,16000,dev-clean/777/126732/777-126732-0034.flac,I DON'T SAY THAT PROTESTED MICHAELIS GENTLY
calibration,dev-clean,777,M,126732,777-126732-0052,4.95,16000,dev-clean/777/126732/777-126732-0052.flac,MISTER VERLOC PERCEIVED WITH SOME SURPRISE THAT HE DID NOT KNOW REALLY WHAT TO SAY TO STEVIE
calibration,dev-clean,777,M,126732,777-126732-0076,4.26,16000,dev-clean/777/126732/777-126732-0076.flac,I WISH HE HAD NEVER BEEN TO SCHOOL MISSUS VERLOC BEGAN AGAIN BRUSQUELY
calibration,dev-clean,1993,F,147149,1993-147149-0006,27.88,16000,dev-clean/1993/147149/1993-147149-0006.flac,SHE OPENED THE DOOR SOFTLY THERE SAT MISSUS WILSON IN THE OLD ROCKING CHAIR WITH ONE SICK DEATH LIKE BOY LYING ON HER KNEE CRYING WITHOUT LET OR PAUSE BUT SOFTLY GENTLY AS FEARING TO DISTURB THE TROUBLED GASPING CHILD WHILE BEHIND HER OLD ALICE LET HER FAST DROPPING TEARS FALL DOWN ON THE DEAD BODY OF THE OTHER TWIN WHICH SHE WAS LAYING OUT ON A BOARD PLACED ON A SORT OF SOFA SETTEE IN A CORNER OF THE ROOM
calibration,dev-clean,1993,F,147149,1993-147149-0014,3.055,16000,dev-clean/1993/147149/1993-147149-0014.flac,THEN ALICE BROKE THE SILENCE BY SAYING
calibration,dev-clean,1993,F,147149,1993-147149-0020,16.98,16000,dev-clean/1993/147149/1993-147149-0020.flac,MARY I ALMOST LOATHE MYSELF WHEN I FEEL I WOULD NOT GIVE UP THIS MINUTE WHEN MY BROTHERS LIE DEAD AND FATHER AND MOTHER ARE IN SUCH TROUBLE FOR ALL MY LIFE THAT'S PAST AND GONE AND MARY AS SHE TRIED TO RELEASE HER HAND YOU KNOW WHAT MAKES ME FEEL SO BLESSED
calibration,dev-clean,1993,F,147964,1993-147964-0004,7.3,16000,dev-clean/1993/147964/1993-147964-0004.flac,ON THE WHITE PAGES I GROUPED SUNDAY SCHOOL CARDS AND ADVERTISING CARDS WHICH I HAD BROUGHT FROM MY OLD COUNTRY
calibration,dev-clean,1993,F,147965,1993-147965-0003,7.375,16000,dev-clean/1993/147965/1993-147965-0003.flac,BECAUSE HE TALKED SO LITTLE HIS WORDS HAD A PECULIAR FORCE THEY WERE NOT WORN DULL FROM CONSTANT USE
calibration,dev-clean,3170,M,137482,3170-137482-0012,2.985,16000,dev-clean/3170/137482/3170-137482-0012.flac,WE TOOK OUR THREE PRISONERS TO A LARGE BOAT
calibration,dev-clean,3170,M,137482,3170-137482-0019,5.33,16000,dev-clean/3170/137482/3170-137482-0019.flac,I PICKED IT UP AND COMING UP TO HIM JUST AS HE WAS GOING DOWN THE STEPS I HANDED IT TO HIM
calibration,dev-clean,3170,M,137482,3170-137482-0025,7.445,16000,dev-clean/3170/137482/3170-137482-0025.flac,THEY DID NOT KNOW WHO I WAS AND DID NOT LIKE TO ASK ME WHILST I THOUGHT IT BETTER TO PRESERVE A MODEST SILENCE
calibration,dev-clean,3170,M,137482,3170-137482-0033,2.465,16000,dev-clean/3170/137482/3170-137482-0033.flac,THE THREE FRIENDS WERE ASTOUNDED
calibration,dev-clean,3170,M,137482,3170-137482-0040,13.255,16000,dev-clean/3170/137482/3170-137482-0040.flac,BUT ALTHOUGH BELIEVING FULLY IN MY ORACLES THEY WERE TOO KIND HEARTED TO THINK THEM THE WORK OF THE DEVIL AND IT SUITED THEIR NATURAL GOODNESS BETTER TO BELIEVE MY ANSWERS INSPIRED BY SOME HEAVENLY SPIRIT
calibration,dev-clean,3536,F,23268,3536-23268-0001,15.905,16000,dev-clean/3536/23268/3536-23268-0001.flac,EVERY TIME HE BEHELD THE OBJECT OF HIS PASSION FOR HE STILL CONTINUED HIS VISITS THOUGH NOT SO FREQUENTLY AS HERETOFORE HE PLEADED HIS CAUSE WITH SUCH ARDOUR THAT MISS WOODLEY WHO WAS SOMETIMES PRESENT AND EVER COMPASSIONATE COULD NOT RESIST WISHING HIM SUCCESS
calibration,dev-clean,3536,F,23268,3536-23268-0019,10.165,16000,dev-clean/3536/23268/3536-23268-0019.flac,MISSUS HORTON TOO IN THE SELF APPROVING REFLECTION THAT SHE WAS NOT IN A QUARREL OR ALTERCATION OF ANY KIND FELT HERSELF AT THIS MOMENT REMARKABLY PEACEFUL AND CHARITABLE
calibration,dev-clean,3536,F,8226,3536-8226-0004,14.625,16000,dev-clean/3536/8226/3536-8226-0004.flac,MISSUS BOZZLE WAS DISPOSED TO THINK THAT LADIES OF QUALITY AMONG WHOM MADAME T WAS ENTITLED IN HER ESTIMATION TO TAKE RANK WERE SELDOM BETTER THAN THEY OUGHT TO BE AND SHE WAS QUITE WILLING THAT HER HUSBAND SHOULD EARN HIS BREAD BY WATCHING THE LADY OR THE LADY'S LOVER
calibration,dev-clean,3536,F,8226,3536-8226-0007,2.335,16000,dev-clean/3536/8226/3536-8226-0007.flac,OF COURSE IT AIN'T SAID MISSUS BOZZLE
calibration,dev-clean,3536,F,8226,3536-8226-0019,5.33,16000,dev-clean/3536/8226/3536-8226-0019.flac,BOZZLE HAD ALWAYS WAITED UPON HIM WITH A DECENT COAT AND A WELL BRUSHED HAT AND CLEAN SHOES
pilot,dev-clean,84,F,121123,84-121123-0009,2.6950625,16000,dev-clean/84/121123/84-121123-0009.flac,DO YOU KNOW THE ASSASSIN ASKED MORREL
pilot,dev-clean,84,F,121550,84-121550-0021,8.71,16000,dev-clean/84/121550/84-121550-0021.flac,AND ONE OF THEM AS IF BY HEAVEN COMMISSIONED SINGING VENI SPONSA DE LIBANO SHOUTED THREE TIMES AND ALL THE OTHERS AFTER
pilot,dev-clean,174,M,50561,174-50561-0003,3.34,16000,dev-clean/174/50561/174-50561-0003.flac,THE WANDERING SINGER APPROACHES THEM WITH HIS LUTE
pilot,dev-clean,174,M,84280,174-84280-0013,16.86,16000,dev-clean/174/84280/174-84280-0013.flac,IN MARY IT SEEMS TO ME I FOUND BOTH WOMANHOOD AND FELLOWSHIP I FOUND WHAT MANY HAVE DREAMT OF LOVE AND FRIENDSHIP FREELY GIVEN AND I COULD DO NOTHING BUT CLUTCH AT HER TO MAKE HER MY POSSESSION
pilot,dev-clean,251,M,136532,251-136532-0002,6.55,16000,dev-clean/251/136532/251-136532-0002.flac,THAT TOOK THE CENTER OF INTEREST AWAY FROM ARCHAEOLOGY AND STARTED A NEW BURST OF ACTIVITY
pilot,dev-clean,251,M,137823,251-137823-0005,5.445,16000,dev-clean/251/137823/251-137823-0005.flac,AN INSTANT LATER IT CRASHED OVER PINNING MARK FABER BENEATH IT
pilot,dev-clean,422,M,122949,422-122949-0000,20.22,16000,dev-clean/422/122949/422-122949-0000.flac,EVERY ELEVATION OF THE TYPE MAN HAS HITHERTO BEEN THE WORK OF AN ARISTOCRATIC SOCIETY AND SO IT WILL ALWAYS BE A SOCIETY BELIEVING IN A LONG SCALE OF GRADATIONS OF RANK AND DIFFERENCES OF WORTH AMONG HUMAN BEINGS AND REQUIRING SLAVERY IN SOME FORM OR OTHER
pilot,dev-clean,422,M,122949,422-122949-0018,14.565,16000,dev-clean/422/122949/422-122949-0018.flac,IN OUR VERY DEMOCRATIC OR RATHER VERY PLEBEIAN AGE EDUCATION AND CULTURE MUST BE ESSENTIALLY THE ART OF DECEIVING DECEIVING WITH REGARD TO ORIGIN WITH REGARD TO THE INHERITED PLEBEIANISM IN BODY AND SOUL
pilot,dev-clean,652,M,130726,652-130726-0021,11.385,16000,dev-clean/652/130726/652-130726-0021.flac,ONE CAN ALMOST IMAGINE HIMSELF IN ONE OF THE FAMOUS RATHSKELLERS OF OLD HEIDELBERG NOT AT THE SCHLOSS OF COURSE FOR HERE YOU CANNOT LOOK DOWN ON THE WEISER AS IT FLOWS BENEATH THE WINDOWS OF THE GREAT WINE STUBE ON THE HILL
pilot,dev-clean,652,M,130726,652-130726-0024,10.735,16000,dev-clean/652/130726/652-130726-0024.flac,TO THE PICKLE ADD TWO LARGE ONIONS CUT IN QUARTERS TWO FRESH CARROTS AND ABOUT ONE OUNCE OF MIXED WHOLE ALLSPICE BLACK PEPPERS CLOVES AND BAY LEAVES
pilot,dev-clean,1272,M,135031,1272-135031-0012,2.04,16000,dev-clean/1272/135031/1272-135031-0012.flac,WHERE IS MY BROTHER NOW
pilot,dev-clean,1272,M,141231,1272-141231-0006,4.93,16000,dev-clean/1272/141231/1272-141231-0006.flac,THE BUZZER'S WHIRR TRIGGERED HIS MUSCLES INTO COMPLETE RELAXATION
pilot,dev-clean,1462,F,170138,1462-170138-0025,4.44,16000,dev-clean/1462/170138/1462-170138-0025.flac,ALL THE SAME HE LIFTED HIS GLASS HERE'S TO YOU LITTLE HILDA
pilot,dev-clean,1462,F,170142,1462-170142-0002,6.45,16000,dev-clean/1462/170142/1462-170142-0002.flac,SHE BLUSHED AND SMILED AND FUMBLED HIS CARD IN HER CONFUSION BEFORE SHE RAN UPSTAIRS
pilot,dev-clean,1673,F,143396,1673-143396-0005,11.7400625,16000,dev-clean/1673/143396/1673-143396-0005.flac,THE SON OF A VIRGIN GENERATED BY THE INEFFABLE OPERATION OF THE HOLY SPIRIT WAS A CREATURE WITHOUT EXAMPLE OR RESEMBLANCE SUPERIOR IN EVERY ATTRIBUTE OF MIND AND BODY TO THE CHILDREN OF ADAM
pilot,dev-clean,1673,F,143397,1673-143397-0015,6.345,16000,dev-clean/1673/143397/1673-143397-0015.flac,RETURN TO YOUR PROVINCES AND MAY YOUR PRIVATE VIRTUES REPAIR THE MISCHIEF AND SCANDAL OF YOUR MEETING
pilot,dev-clean,1919,F,142785,1919-142785-0015,4.29,16000,dev-clean/1919/142785/1919-142785-0015.flac,WHEN IT IS SUFFICIENTLY THICK TAKE IT OFF AS IT SHOULD NOT BOIL
pilot,dev-clean,1919,F,142785,1919-142785-0033,7.71,16000,dev-clean/1919/142785/1919-142785-0033.flac,NOTE THE WINE IN THIS SAUCE MAY BE OMITTED AND AN ONION SLICED AND FRIED OF A NICE BROWN SUBSTITUTED FOR IT
pilot,dev-clean,1988,F,147956,1988-147956-0003,2.495,16000,dev-clean/1988/147956/1988-147956-0003.flac,NOW WHY IS THAT OTTO
pilot,dev-clean,1988,F,147956,1988-147956-0007,5.865,16000,dev-clean/1988/147956/1988-147956-0007.flac,MY GRANDMOTHER ALWAYS SPOKE IN A VERY LOUD TONE TO FOREIGNERS AS IF THEY WERE DEAF
pilot,dev-clean,2035,F,147960,2035-147960-0014,4.4650625,16000,dev-clean/2035/147960/2035-147960-0014.flac,HE COULD STAND RIGHT UP AND TALK TO YOU HE COULD DID HE FIGHT HARD
pilot,dev-clean,2035,F,147961,2035-147961-0005,9.42,16000,dev-clean/2035/147961/2035-147961-0005.flac,THEY MADE ME THINK OF DEFEATED ARMIES RETREATING OR OF GHOSTS WHO WERE TRYING DESPERATELY TO GET IN FOR SHELTER AND THEN WENT MOANING ON
pilot,dev-clean,2078,M,142845,2078-142845-0007,20.74,16000,dev-clean/2078/142845/2078-142845-0007.flac,THEN PLACE THE PAN ON A STRONG CHAIR OR DRESSER OR TABLE OF CONVENIENT HEIGHT POUR INTO THE SPONGE THE REMAINDER OF THE WARM MILK AND WATER STIR INTO IT AS MUCH OF THE FLOUR AS YOU CAN WITH THE SPOON THEN WIPE IT OUT CLEAN WITH YOUR FINGERS AND LAY IT ASIDE
pilot,dev-clean,2078,M,142845,2078-142845-0048,2.2,16000,dev-clean/2078/142845/2078-142845-0048.flac,SEVENTEEN THIRTY FOUR
pilot,dev-clean,2086,M,149220,2086-149220-0012,14.995,16000,dev-clean/2086/149220/2086-149220-0012.flac,THE CHICKEN CREPT THROUGH THE PALES OF THE COOP AND RAN WITH SOME SHOW OF LIVELINESS TO HER FEET WHILE CHANTICLEER AND THE LADIES OF HIS HOUSEHOLD REGARDED HER WITH QUEER SIDELONG GLANCES AND THEN CROAKED ONE TO ANOTHER AS IF COMMUNICATING THEIR SAGE OPINIONS OF HER CHARACTER
pilot,dev-clean,2086,M,149220,2086-149220-0036,6.32,16000,dev-clean/2086/149220/2086-149220-0036.flac,IT IS NONSENSE SAID PHOEBE A LITTLE IMPATIENTLY FOR US TO TALK ABOUT A PICTURE WHICH YOU HAVE NEVER SEEN
pilot,dev-clean,2277,F,149896,2277-149896-0017,4.985,16000,dev-clean/2277/149896/2277-149896-0017.flac,AT ONE THIRTY HE WENT TO RECTOR'S FOR LUNCH AND WHEN HE RETURNED A MESSENGER WAS WAITING FOR HIM
pilot,dev-clean,2277,F,149896,2277-149896-0021,3.37,16000,dev-clean/2277/149896/2277-149896-0021.flac,WHAT WOULD SHE DO ABOUT THAT THE CONFOUNDED WRETCH
pilot,dev-clean,2412,F,153948,2412-153948-0015,3.465,16000,dev-clean/2412/153948/2412-153948-0015.flac,I WOULD TRY THE NEARER RANGE AND SEE HOW FAR I COULD GO
pilot,dev-clean,2412,F,153954,2412-153954-0008,2.735,16000,dev-clean/2412/153954/2412-153954-0008.flac,THE MEN WERE AS HANDSOME AS THE WOMEN BEAUTIFUL
pilot,dev-clean,2428,M,83699,2428-83699-0022,1.975,16000,dev-clean/2428/83699/2428-83699-0022.flac,I DID NOT KNOW WHAT HE MEANT
pilot,dev-clean,2428,M,83699,2428-83699-0025,8.005,16000,dev-clean/2428/83699/2428-83699-0025.flac,I HAD LONG BEEN WISHING THAT AN OLD FASHIONED CHRISTMAS HAD BEEN COMPLETELY EXTINCT BEFORE I HAD THOUGHT OF ADVENTURING IN QUEST OF ONE
pilot,dev-clean,2803,M,154328,2803-154328-0008,7.37,16000,dev-clean/2803/154328/2803-154328-0008.flac,I BELIEVE SAID JOHN THAT IN THE SIGHT OF GOD I HAVE A RIGHT TO FULFILL THAT PROMISE
pilot,dev-clean,2803,M,161169,2803-161169-0013,11.51,16000,dev-clean/2803/161169/2803-161169-0013.flac,THEN THE HILLS WERE PILED UP ON TOP OF IT ALL BUT HERE AND THERE SOME EDGE OF A COAL BED WAS TILTED UP AND APPEARED ABOVE THE GROUND
pilot,dev-clean,2902,M,9008,2902-9008-0005,5.21,16000,dev-clean/2902/9008/2902-9008-0005.flac,IF THEY HAVE CAST OFF THE VULGAR HERD THEY HAVE NOT CAST OFF HYPATIA
pilot,dev-clean,2902,M,9008,2902-9008-0014,13.49,16000,dev-clean/2902/9008/2902-9008-0014.flac,AND HER VOICE TOOK A TONE WHICH MADE IT SOMEWHAT UNCERTAIN WHETHER IN SPITE OF ALL THE LOFTY IMPASSIBILITY WHICH SHE FELT BOUND TO POSSESS SHE DID NOT HATE PELAGIA WITH A MOST HUMAN AND MUNDANE HATRED
pilot,dev-clean,3000,M,15664,3000-15664-0001,20.86,16000,dev-clean/3000/15664/3000-15664-0001.flac,ARCTIC BEAUTY AND DESOLATION WITH THEIR BLESSINGS AND DANGERS ALL MAY BE FOUND HERE TO TEST THE ENDURANCE AND SKILL OF ADVENTUROUS CLIMBERS BUT FAR BETTER THAN CLIMBING THE MOUNTAIN IS GOING AROUND ITS WARM FERTILE BASE ENJOYING ITS BOUNTIES LIKE A BEE CIRCLING AROUND A BANK OF FLOWERS
pilot,dev-clean,3000,M,15664,3000-15664-0024,14.15,16000,dev-clean/3000/15664/3000-15664-0024.flac,LARGE FLOCKS DWELL HERE FROM YEAR TO YEAR WINTER AND SUMMER DESCENDING OCCASIONALLY INTO THE ADJACENT SAGE PLAINS AND LAVA BEDS TO FEED BUT EVER READY TO TAKE REFUGE IN THE JAGGED CRAGS OF THEIR MOUNTAIN AT EVERY ALARM
pilot,dev-clean,3081,F,166546,3081-166546-0042,5.195,16000,dev-clean/3081/166546/3081-166546-0042.flac,I SHOULD LIKE TO SEE THE DESK YOU SPEAK OF AND THE SPOT WHERE SHE FELL
pilot,dev-clean,3081,F,166546,3081-166546-0085,11.285,16000,dev-clean/3081/166546/3081-166546-0085.flac,BUT VIGOUR RETURNED TO HIM BEFORE HE HAD WELL REACHED THE DOOR AND HE SHOWED SOME OF HIS OLD SPIRIT AS HE THANKED MISS CLARKE AND TURNED TO TAKE THE ELEVATOR
pilot,dev-clean,3576,F,138058,3576-138058-0001,10.78,16000,dev-clean/3576/138058/3576-138058-0001.flac,BUT DON QUIXOTE WHOM HIS THOUGHTS FAR MORE THAN HUNGER KEPT AWAKE COULD NOT CLOSE AN EYE AND ROAMED IN FANCY TO AND FRO THROUGH ALL SORTS OF PLACES
pilot,dev-clean,3576,F,138058,3576-138058-0005,16.655,16000,dev-clean/3576/138058/3576-138058-0005.flac,SEEING THIS SANCHO GOT UP AND GRAPPLING WITH HIS MASTER HE GRIPPED HIM WITH ALL HIS MIGHT IN HIS ARMS GIVING HIM A TRIP WITH THE HEEL STRETCHED HIM ON THE GROUND ON HIS BACK AND PRESSING HIS RIGHT KNEE ON HIS CHEST HELD HIS HANDS IN HIS OWN SO THAT HE COULD NEITHER MOVE NOR BREATHE
pilot,dev-clean,3752,M,4944,3752-4944-0026,2.55,16000,dev-clean/3752/4944/3752-4944-0026.flac,OUR ROADS LIE TOGETHER DOCTOR
pilot,dev-clean,3752,M,4944,3752-4944-0052,7.925,16000,dev-clean/3752/4944/3752-4944-0052.flac,NORTH KNEW WELL THAT HE WOULD NEVER DARE TO ATTEMPT ANY SUCH ACT OF VIOLENCE BUT THE INSULT STUNG HIM LIKE THE CUT OF A WHIP
pilot,dev-clean,3853,F,163249,3853-163249-0012,14.77,16000,dev-clean/3853/163249/3853-163249-0012.flac,THEN THEY WENT BACK TO THEIR WORK LITTLE DREAMING AS THEY TIED ROSES AND TWINED SMILAX WREATHS HOW NEAR THAT OTHER CHANCE WAS HOW SOON THEY WERE TO BE CALLED UPON TO KEEP THEIR PROMISE AND HOW WELL EACH WAS TO PERFORM THE PART GIVEN THEM IN LIFE AND DEATH
pilot,dev-clean,3853,F,163249,3853-163249-0020,6.07,16000,dev-clean/3853/163249/3853-163249-0020.flac,HE'S A KIND NEIGHBORLY MAN AND HIS BOY WILL TAKE MY PLACE ABOUT THE HOUSE AND PROTECT YOU FAITHFULLY
pilot,dev-clean,5338,F,24640,5338-24640-0009,12.125,16000,dev-clean/5338/24640/5338-24640-0009.flac,SINCE THAT TIME THEIR NUMBERS HAVE GRADUALLY DIMINISHED BUT A GOOD MANY ARE STILL TO BE FOUND IN THE WESTERN COUNTIES AND SEVERAL WITH A BETTER TEMPER THAN IN SEVENTEEN O SEVEN HAVE NOW TAKEN ARMS FOR GOVERNMENT
pilot,dev-clean,5338,F,284437,5338-284437-0026,15.925,16000,dev-clean/5338/284437/5338-284437-0026.flac,AFTER MY DEATH A PINK MARBLE STATUE OF ME WILL BE SET UP IN THE GRAND COURT WITH THE STATUES OF THE OTHER KINGS AND QUEENS WHO HAVE RULED THIS LAND AND ALL THE PINKIES IN AGES TO COME WILL THEN HONOR ME AS HAVING BEEN A JUST AND UPRIGHT QUEEN THAT IS MY REWARD
pilot,dev-clean,5536,M,43358,5536-43358-0004,5.825,16000,dev-clean/5536/43358/5536-43358-0004.flac,AMONG US ALL MEN WERE CREATED SONS OF GOD AND STOOD ERECT AS CONSCIOUS OF THEIR DIVINITY
pilot,dev-clean,5536,M,43359,5536-43359-0016,6.05,16000,dev-clean/5536/43359/5536-43359-0016.flac,LOVE BETWEEN MAN AND WOMAN IS FOUNDED ON THE MATING INSTINCT AND IS NOT FREE FROM DESIRE AND SELF SEEKING
pilot,dev-clean,5694,M,64025,5694-64025-0021,7.61,16000,dev-clean/5694/64025/5694-64025-0021.flac,SO HE GOT A LARGE TWO INCH ROPE TIED ONE END AROUND THE MULE'S NECK AND THE OTHER TO THE CAISSON AND ORDERED THE DRIVER TO WHIP UP
pilot,dev-clean,5694,M,64038,5694-64038-0017,15.33,16000,dev-clean/5694/64038/5694-64038-0017.flac,HOW EVERY PULSE DID BEAT AND LEAP AND HOW EVERY HEART DID THROB WITH EMOTIONS OF JOY WHICH SEEMED NEARLY AKIN TO HEAVEN WHEN WE RECEIVED THE GLAD INTELLIGENCE OF OUR ONWARD MARCH TOWARD THE LAND OF PROMISE AND OF OUR LOVED ONES
pilot,dev-clean,5895,F,34629,5895-34629-0002,3.925,16000,dev-clean/5895/34629/5895-34629-0002.flac,SAINT PAUL IS A SAINT ONLY WITH EXTENUATING CIRCUMSTANCES
pilot,dev-clean,5895,F,34629,5895-34629-0020,2.255,16000,dev-clean/5895/34629/5895-34629-0020.flac,THESE WERE REMARKABLE TALENTS
pilot,dev-clean,6241,M,61943,6241-61943-0024,7.36,16000,dev-clean/6241/61943/6241-61943-0024.flac,I HAVE NOT THE SLIGHTEST DOUBT THAT IN HIGH WINDS ITS RED TILES WERE BLOWN OUT TO THE GREAT ANNOYANCE OF THE PASTOR AND CONGREGATION
pilot,dev-clean,6241,M,61943,6241-61943-0027,17.87,16000,dev-clean/6241/61943/6241-61943-0027.flac,THE MEN APPEARED ROBUST BUT HEAVY FAIR HAIRED LIKE GERMANS BUT OF PENSIVE MIEN EXILES OF A HIGHER SCALE IN THE LADDER OF HUMANITY THAN THE ESKIMOS BUT I THOUGHT MUCH MORE UNHAPPY SINCE WITH SUPERIOR PERCEPTIONS THEY ARE COMPELLED TO LIVE WITHIN THE LIMITS OF THE POLAR CIRCLE
pilot,dev-clean,6295,M,244435,6295-244435-0001,7.885,16000,dev-clean/6295/244435/6295-244435-0001.flac,COLONEL LEONIDAS TALBOT REGARDED THE WHITE FLAG WITH FEELINGS IN WHICH TRIUMPH AND SADNESS WERE MINGLED STRANGELY
pilot,dev-clean,6295,M,244435,6295-244435-0023,3.41,16000,dev-clean/6295/244435/6295-244435-0023.flac,HE HAD SEEN GREAT THINGS AND HE HAD DONE HIS SHARE OF THEM
pilot,dev-clean,6313,F,76958,6313-76958-0008,2.345,16000,dev-clean/6313/76958/6313-76958-0008.flac,HUMPH GRUNTED CURLEY ADAMS
pilot,dev-clean,6313,F,76958,6313-76958-0014,7.515,16000,dev-clean/6313/76958/6313-76958-0014.flac,IN SPITE OF THEIR HARD COUCHES THE PONY RIDERS SLEPT SOUNDLY EVEN PROFESSOR ZEPPLIN HIMSELF NEVER WAKING THE WHOLE NIGHT THROUGH
pilot,dev-clean,6319,F,57405,6319-57405-0007,3.505,16000,dev-clean/6319/57405/6319-57405-0007.flac,IS THERE ANYTHING THAT YOU WISH HE ASKED
pilot,dev-clean,6319,F,64726,6319-64726-0007,16.725,16000,dev-clean/6319/64726/6319-64726-0007.flac,ONE SAID IT WAS AN ENCHANTED CASTLE ANOTHER THAT WITCHES LIVED THERE BUT MOST BELIEVED THAT IT WAS OCCUPIED BY A GREAT OGRE WHICH CARRIED THITHER ALL THE CHILDREN HE COULD CATCH AND ATE THEM UP ONE AT A TIME FOR NOBODY COULD GET AT HIM THROUGH THE WOOD
pilot,dev-clean,6345,F,64257,6345-64257-0001,21.93,16000,dev-clean/6345/64257/6345-64257-0001.flac,AT THE TIME MARY HAD NOTED NOTHING OF THESE THINGS NOW SHE SAW THEM ALL AS FOR THE FIRST TIME IN MINUTE DETAIL WHILE SLOWLY SHE WENT UP THE STAIR AND THROUGH THE NARROWED WAYS AND HEARD THE SAME WIND THAT RAVED ALIKE ABOUT THE NEW GRAVE AND THE OLD HOUSE INTO WHICH LATTER FOR ALL THE BALES BANKED AGAINST THE WALLS IT FOUND MANY A CHINK OF ENTRANCE
pilot,dev-clean,6345,F,93302,6345-93302-0001,8.625,16000,dev-clean/6345/93302/6345-93302-0001.flac,HER HANDS SHOULD HAVE BEEN FULL OF BLUEBELLS AND SHE SHOULD HAVE HELD THEM UP TO HIS FACE IN MAIDENLY DEFENCE AS HE SPRANG FORWARD TO TAKE HER IN HIS ARMS
pilot,dev-clean,7850,F,286674,7850-286674-0009,7.19,16000,dev-clean/7850/286674/7850-286674-0009.flac,THEY KNEW THAT WHENEVER THEY STUCK OUT THEIR LOWER LIPS AT THE SMALL FISHES AND BUGS THEY SWAM AWAY AS FAST AS THEY COULD
pilot,dev-clean,7850,F,73752,7850-73752-0013,2.58,16000,dev-clean/7850/73752/7850-73752-0013.flac,IT WAS INDEED DANCING ON A VOLCANO
pilot,dev-clean,7976,M,105575,7976-105575-0028,3.87,16000,dev-clean/7976/105575/7976-105575-0028.flac,FOR SOME REASON THE DEAD AT HATCHIE BRIDGE WERE NOT BURIED
pilot,dev-clean,7976,M,110124,7976-110124-0000,3.5499375,16000,dev-clean/7976/110124/7976-110124-0000.flac,LONG AGO THERE LIVED A MERCHANT WHO HAD THREE DAUGHTERS
pilot,dev-clean,8297,M,275154,8297-275154-0025,4.88,16000,dev-clean/8297/275154/8297-275154-0025.flac,SHE SHALL HAVE YOUR MESSAGE ALL THAT I CAN DO TO PERSUADE HER SHALL BE DONE
pilot,dev-clean,8297,M,275155,8297-275155-0002,8.85,16000,dev-clean/8297/275155/8297-275155-0002.flac,AFTER READING ONE OR TWO OF THE POLITICAL ARTICLES HE ARRIVED AT THE COLUMNS SPECIALLY DEVOTED TO FASHIONABLE INTELLIGENCE
pilot,dev-clean,8842,F,302201,8842-302201-0006,9.865,16000,dev-clean/8842/302201/8842-302201-0006.flac,WHATEVER HER SWEET EYES ARE TURNED UPON SPIRITS OF LOVE DO ISSUE THENCE IN FLAME WHICH THROUGH THEIR EYES WHO THEN MAY LOOK ON THEM PIERCE TO THE HEART'S DEEP CHAMBER EVERY ONE
pilot,dev-clean,8842,F,304647,8842-304647-0010,12.195,16000,dev-clean/8842/304647/8842-304647-0010.flac,WELL TOO IF HE LIKE LOVE WOULD FILCH OUR HOARD WITH PLEASURE TO OURSELVES SLUICING OUR VEIN AND VIGOUR TO PERPETUATE THE STRAIN OF LIFE BY SPILTH OF LIFE WITHIN US STORED
pilot,dev-other,116,M,288047,116-288047-0004,5.82,16000,dev-other/116/288047/116-288047-0004.flac,THE MYTH OF A ONE EYED PEOPLE LIVING IN INDIA HAS BEEN REPLACED BY ACCURATE INFORMATION CONCERNING THE HINDOOS
pilot,dev-other,116,M,288047,116-288047-0014,2.505,16000,dev-other/116/288047/116-288047-0014.flac,GROWN UP PEOPLE CREATE SCIENCE
pilot,dev-other,700,F,122867,700-122867-0036,2.45,16000,dev-other/700/122867/700-122867-0036.flac,OF COURSE IT'S BETTER TO BE GOOD
pilot,dev-other,700,F,122867,700-122867-0039,3.655,16000,dev-other/700/122867/700-122867-0039.flac,I WILL CALL IT A SNOOD THAT SOUNDS SO ROMANTIC
pilot,dev-other,1255,M,138279,1255-138279-0018,2.2,16000,dev-other/1255/138279/1255-138279-0018.flac,WELL I SAID THAT YOU MIGHT
pilot,dev-other,1255,M,90413,1255-90413-0025,6.6699375,16000,dev-other/1255/90413/1255-90413-0025.flac,HE HAD NOT BEEN APPOINTED TO TAKE HER ACROSS TO THE DINING ROOM BUT AT THE TABLE FOUND HER EXACTLY OPPOSITE
pilot,dev-other,1585,F,131718,1585-131718-0023,4.775,16000,dev-other/1585/131718/1585-131718-0023.flac,WE SOLD THEM FOR FORTY CENTS BUT THERE WERE ONLY ABOUT TWENTY OR THIRTY THOUSAND OF THEM
pilot,dev-other,1585,F,157660,1585-157660-0016,8.335,16000,dev-other/1585/157660/1585-157660-0016.flac,JAMES BURBAGE GAZED FOR A MOMENT ON THE MANLY FORM OF WILLIAM AND BLURTED OUT IN HIS BLUFF MANNER WHAT DO YOU KNOW
pilot,dev-other,1630,F,96099,1630-96099-0005,5.18,16000,dev-other/1630/96099/1630-96099-0005.flac,YOU SHALL BE DISMISSED DISCHARGED FROM THIS HOUR YOU ARE A DISGRACE TO THE FORCE
pilot,dev-other,1630,F,96099,1630-96099-0009,6.105,16000,dev-other/1630/96099/1630-96099-0009.flac,WE ENTERED THE FIRST RESTAURANT THAT OF THE REUNITED FRIENDS YOU KNOW IT PERHAPS MONSIEUR
pilot,dev-other,1650,M,167613,1650-167613-0027,2.43,16000,dev-other/1650/167613/1650-167613-0027.flac,BUT WHAT AWAITS US TOMORROW
pilot,dev-other,1650,M,167613,1650-167613-0040,3.74,16000,dev-other/1650/167613/1650-167613-0040.flac,TAKE NO PRISONERS BUT KILL AND BE KILLED
pilot,dev-other,1651,M,136854,1651-136854-0005,5.825,16000,dev-other/1651/136854/1651-136854-0005.flac,WHEREAS JOHNSON'S ABBREVIATIONS ARE ALL DISTINCT AND APPLICABLE TO EACH SUBJECT OF WHICH THE HEAD IS MENTIONED
pilot,dev-other,1651,M,136854,1651-136854-0009,4.74,16000,dev-other/1651/136854/1651-136854-0009.flac,YOUTH AMBITIOUS AS THINKING HONOURS EASY TO BE HAD
pilot,dev-other,1686,F,142278,1686-142278-0032,4.35,16000,dev-other/1686/142278/1686-142278-0032.flac,WHEN GOD WILL NOT USE THEE IN ONE KIND YET HE WILL IN ANOTHER
pilot,dev-other,1686,F,142278,1686-142278-0038,1.96,16000,dev-other/1686/142278/1686-142278-0038.flac,GOD FORGIVE ME
pilot,dev-other,1701,M,141759,1701-141759-0009,3.06,16000,dev-other/1701/141759/1701-141759-0009.flac,YOU ARE ALL BLUBBERERS AND UNDERSTAND NOTHING
pilot,dev-other,1701,M,141760,1701-141760-0007,2.595,16000,dev-other/1701/141760/1701-141760-0007.flac,AT THAT MOMENT THE DOOR OPENED
pilot,dev-other,2506,F,11267,2506-11267-0009,4.19,16000,dev-other/2506/11267/2506-11267-0009.flac,LOOK AT HONEST NATHAN HOUNDSDITCH AND HIS LADY AND THEIR LITTLE SON
pilot,dev-other,2506,F,11278,2506-11278-0006,5.935,16000,dev-other/2506/11278/2506-11278-0006.flac,HOW WOULD YOU ACCOUNT FOR THE PRODIGIOUS BENEVOLENCE EXERCISED TOWARDS THE INTERESTING YOUNG FRENCH LADY
pilot,dev-other,3660,M,172183,3660-172183-0004,3.575,16000,dev-other/3660/172183/3660-172183-0004.flac,AND THE TEARS SHE SHED AND THE WORDS SHE HAD SPOKEN AWOKE HIM
pilot,dev-other,3660,M,6517,3660-6517-0032,2.78,16000,dev-other/3660/6517/3660-6517-0032.flac,THE BILGE PUMP IS DEPENDENT ON THE MAIN ENGINE
pilot,dev-other,3663,F,172528,3663-172528-0011,4.34,16000,dev-other/3663/172528/3663-172528-0011.flac,SHE KNOWS WHAT SHE REQUIRES AND THE PHYSICIANS KNOW NOTHING
pilot,dev-other,3663,F,172528,3663-172528-0014,5.565,16000,dev-other/3663/172528/3663-172528-0014.flac,I ANSWERED NO BECAUSE I HAD ENTIRELY QUENCHED MY THIRST
pilot,dev-other,3915,F,57461,3915-57461-0029,5.54,16000,dev-other/3915/57461/3915-57461-0029.flac,BUT HOW YOU MANAGED TO ESCAPE AND ARE STILL ALIVE IS MORE THAN I CAN UNDERSTAND
pilot,dev-other,3915,F,98647,3915-98647-0007,7.85,16000,dev-other/3915/98647/3915-98647-0007.flac,FOR THE GREATER EVENTS OF FAMILY LIFE THE HOME PROPHECIES ARE FELT TO BE TOO UNCERTAIN AND THE SERVICES OF THE FORTUNE TELLER MUST BE CALLED IN
pilot,dev-other,4153,F,186222,4153-186222-0012,7.43,16000,dev-other/4153/186222/4153-186222-0012.flac,MY FATHER TEACHES MUSIC AND MOTHER SCOLDS HIM CONTINUALLY FOR NOT BEING ABLE TO EARN ENOUGH MONEY TO KEEP OUT OF DEBT
pilot,dev-other,4153,F,61735,4153-61735-0005,25.97,16000,dev-other/4153/61735/4153-61735-0005.flac,ON REACHING THE COPSE HE DISMOUNTED LED HIS HORSE IN AMONG THE UNDERWOOD HITCHED HIM BY LOOPING HIS BRIDLE REIN AROUND THE TOPMOST TWIGS OF AN ELASTIC BOUGH THEN DETACHING A LONG ROPE OF TWISTED HORSEHAIR FROM THE HORN OF HIS SADDLE AND INSERTING HIS ARM INTO ITS COIL HE GLIDED OUT TO THE EDGE OF THE ISLAND ON THAT SIDE THAT LAY TOWARDS THE HACIENDA
pilot,dev-other,4323,F,18416,4323-18416-0015,4.935,16000,dev-other/4323/18416/4323-18416-0015.flac,WELL THEN PHRONSIE IF YOU WANT IT I SUPPOSE IT MUST BE SAID MISTER KING QUITE AS A MATTER OF COURSE
pilot,dev-other,4323,F,18416,4323-18416-0020,8.76,16000,dev-other/4323/18416/4323-18416-0020.flac,IF MISSUS CHATTERTON WAS AUNT TO CHARLOTTE PERSISTED PHRONSIE SLOWLY IT SEEMS AS IF CHARLOTTE OUGHT TO HAVE SOME OF THE MONEY IT REALLY DOES GRANDPAPA
pilot,dev-other,4515,M,11057,4515-11057-0040,2.83,16000,dev-other/4515/11057/4515-11057-0040.flac,WELL I'LL GO BACK TO MY SCRIBBLING
pilot,dev-other,4515,M,11057,4515-11057-0075,2.645,16000,dev-other/4515/11057/4515-11057-0075.flac,WE MUST SEE EACH OTHER AGAIN MARIAN
pilot,dev-other,4570,M,102353,4570-102353-0000,10.015,16000,dev-other/4570/102353/4570-102353-0000.flac,WE HAD THEN BUT LITTLE OF THAT MINUTE AND ACCURATE KNOWLEDGE OF THE INTERIOR OF THE CONTINENT WHICH WAS REQUISITE FOR A DETERMINATION OF THE PROBLEM
pilot,dev-other,4570,M,14911,4570-14911-0007,16.58,16000,dev-other/4570/14911/4570-14911-0007.flac,THAT A GREAT MANY OF THE TRUE ORDER WERE BRED BECAME VERY MANIFEST AS SOON AS THE HARRIER AND BEAGLE ASSOCIATION WAS FORMED AND MORE PARTICULARLY WHEN A SECTION OF THE PETERBOROUGH HOUND SHOW WAS RESERVED FOR THEM
pilot,dev-other,4572,M,112375,4572-112375-0000,6.92,16000,dev-other/4572/112375/4572-112375-0000.flac,HE HEARD THE PRINCE'S FURIOUS TREAD HE SAW HIS EYES GLOW FIERCELY RED
pilot,dev-other,4572,M,112381,4572-112381-0018,6.62,16000,dev-other/4572/112381/4572-112381-0018.flac,BUT LAKSHMAN'S ARM A SHOWER WILL SEND OF DEADLY SHAFTS THOSE WALLS TO REND
pilot,dev-other,4831,F,25894,4831-25894-0030,11.25,16000,dev-other/4831/25894/4831-25894-0030.flac,FOUR SOCKS INSTEAD OF THREE AND BY THE FOURTH PINNED OUT QUITE ELEGANTLY WAS A LITTLE DRESS EVIDENTLY MEANT FOR HER A WARM WOOLLEN DRESS ALL MADE AND ACTUALLY WITH BRIGHT BUTTONS ON IT
pilot,dev-other,4831,F,25894,4831-25894-0035,9.805,16000,dev-other/4831/25894/4831-25894-0035.flac,BEFORE THEY WENT HOME THE KIND MAMMA TOLD TESSA SHE SHOULD BE HER FRIEND AND GAVE HER A MOTHERLY KISS WHICH WARMED THE CHILD'S HEART AND SEEMED TO SET A SEAL UPON THAT PROMISE
pilot,dev-other,5543,F,27761,5543-27761-0039,5.665,16000,dev-other/5543/27761/5543-27761-0039.flac,THIS EXPRESSION OF CURIOSITY GAVE HER FACE THE LOOK OF A WOODEN ROUGHLY PAINTED DOLL
pilot,dev-other,5543,F,27761,5543-27761-0040,6.11,16000,dev-other/5543/27761/5543-27761-0040.flac,YES THAT'S BAD REPEATED AGATHYA WITH CONVICTION TERRIBLY BAD WELL
pilot,dev-other,5849,F,50962,5849-50962-0001,5.645,16000,dev-other/5849/50962/5849-50962-0001.flac,IT'S A SCHOONER SAID MISTER BINGHAM TO MISTER MINTURN AND SHE HAS A VERY HEAVY CARGO
pilot,dev-other,5849,F,50964,5849-50964-0003,4.72,16000,dev-other/5849/50964/5849-50964-0003.flac,AND DOROTHY WENT UP AND DOWN THE ROOM LIKE THE PICTURES OF CINDERELLA'S PROUD SISTERS
pilot,dev-other,6123,F,59150,6123-59150-0042,6.91,16000,dev-other/6123/59150/6123-59150-0042.flac,AS TO THE MAN HIMSELF THE VICOMTE DE VOGUEE DESCRIBED HIM AS HE SAW HIM IN THE LAST YEARS OF HIS LIFE
pilot,dev-other,6123,F,59186,6123-59186-0032,7.885,16000,dev-other/6123/59186/6123-59186-0032.flac,THE REAL WORLD TO MISTER HARDY IS THE WORLD OF ANCIENT HUMAN THINGS IN WHICH WAR HAS COME TO BE A HIDEOUS IRRELEVANCE
pilot,dev-other,6267,M,65525,6267-65525-0021,23.845,16000,dev-other/6267/65525/6267-65525-0021.flac,JOHN LINCOLN WROTE BREEZY ACCOUNTS OF RANCH LIFE AND ADVENTURES ON THE FAR WESTERN PLAINS SO ALIEN AND REMOTE FROM SNUG HUMDRUM PLAINFIELD LIFE THAT SIDNEY ALWAYS HAD THE SENSATION OF CROSSING A GULF WHEN SHE OPENED A LETTER FROM THE BAR N AS FOR SIDNEY'S OWN LETTER THIS IS THE WAY IT READ AS SHE WROTE IT
pilot,dev-other,6267,M,65525,6267-65525-0033,7.85,16000,dev-other/6267/65525/6267-65525-0033.flac,SIDNEY TROD THE WAY OF THE TRANSGRESSOR AND FOUND THAT ITS THORNS PIERCED TO BONE AND MARROW
pilot,dev-other,6455,F,67803,6455-67803-0013,4.055,16000,dev-other/6455/67803/6455-67803-0013.flac,THAT IS ONE OF THE REASONS WHY SHE LOATHES ME SO SHE ADDED
pilot,dev-other,6455,F,67804,6455-67804-0019,2.285,16000,dev-other/6455/67804/6455-67804-0019.flac,PERHAPS WE OWE THIS TO LORD LANSDOWNE
pilot,dev-other,6467,M,56885,6467-56885-0005,2.665,16000,dev-other/6467/56885/6467-56885-0005.flac,KANTI WENT ON CLEANING HIS GUN
pilot,dev-other,6467,M,94831,6467-94831-0013,7.12,16000,dev-other/6467/94831/6467-94831-0013.flac,MISSUS GREEN WAS VERY TENDER HEARTED IN SPITE OF HER SOMEWHAT FREE TONGUE AND SHE WAS ALL SYMPATHY IMMEDIATELY
pilot,dev-other,6599,M,38590,6599-38590-0006,2.86,16000,dev-other/6599/38590/6599-38590-0006.flac,GIVE IT ME OR RETURN AS THOU HAST COME
pilot,dev-other,6599,M,38590,6599-38590-0007,3.755,16000,dev-other/6599/38590/6599-38590-0007.flac,I AM QUITE WILLING SAID THE KING LET HIM HAVE IT
pilot,dev-other,6841,M,88291,6841-88291-0046,5.525,16000,dev-other/6841/88291/6841-88291-0046.flac,IF LUCK ATTENDED HIS FIRST EFFORT HIS SARCASM WAS PROFOUND THERE'S YORE LITTLE CALF SAID HE
pilot,dev-other,6841,M,88294,6841-88294-0045,6.26,16000,dev-other/6841/88294/6841-88294-0045.flac,HOWEVER I DIDN'T PAY MUCH ATTENTION TO THAT BEING AT THE TIME ALMIGHTY BUSY HOLDING DOWN MY CARD GAMES
pilot,dev-other,7601,M,101619,7601-101619-0002,20.81,16000,dev-other/7601/101619/7601-101619-0002.flac,SOCRATES SAYS THAT SOME GOD TRIED TO MIX IN ONE MASS AND TO CONFOUND PAIN AND PLEASURE BUT NOT BEING ABLE TO DO IT HE BETHOUGHT HIM AT LEAST TO COUPLE THEM BY THE TAIL METRODORUS SAID THAT IN SORROW THERE IS SOME MIXTURE OF PLEASURE
pilot,dev-other,7601,M,175351,7601-175351-0026,18.77,16000,dev-other/7601/175351/7601-175351-0026.flac,PRINCE ALBERT LAND WHICH THE FORWARD WAS THEN COASTING BEARS ALSO THE NAME OF GRINNELL LAND AND THOUGH HATTERAS FROM HIS HATRED TO THE YANKEES WOULD NEVER CALL IT BY ITS AMERICAN NAME IT IS THE ONE IT GENERALLY GOES BY
pilot,dev-other,7641,M,96684,7641-96684-0026,7.805,16000,dev-other/7641/96684/7641-96684-0026.flac,AND AS FOR ADMETUS HE WENT WITHIN THE CHAMBER AND KNELT BESIDE THE BED ON WHICH ALCESTIS HAD LAIN AND THOUGHT OF HIS TERRIBLE LOSS
pilot,dev-other,7641,M,96684,7641-96684-0035,3.655,16000,dev-other/7641/96684/7641-96684-0035.flac,SHE WAS VEILED AND ADMETUS COULD NOT SEE HER FEATURES
pilot,dev-other,7697,M,105815,7697-105815-0006,8.35,16000,dev-other/7697/105815/7697-105815-0006.flac,THEN HE TOOK HIM TO A LARGE ROOM THAT WAS FULL OF DUST FOR IT HAD NOT BEEN SWEPT AND INTERPRETER TOLD HIS MAN TO SWEEP IT
pilot,dev-other,7697,M,245712,7697-245712-0004,4.055,16000,dev-other/7697/245712/7697-245712-0004.flac,THIRDLY THIS IS PROVED FROM A PROPERTY OF MAN AND OF OTHER ANIMALS
pilot,dev-other,8173,F,294714,8173-294714-0008,7.1,16000,dev-other/8173/294714/8173-294714-0008.flac,YOU KNOW TO MY SHAME I CONFESSED IT TO YOU THE LAST TIME WE MET YOU KNOW THAT MY HEART IN SECRET IS ALL YOURS
pilot,dev-other,8173,F,294714,8173-294714-0042,6.95,16000,dev-other/8173/294714/8173-294714-0042.flac,UNHAPPILY HE RETURNED TO TELL ME OF HIS GOOD FORTUNE AND THE SAME DAY HE WAS ARRESTED FOR DEBT
pilot,dev-other,8254,F,115543,8254-115543-0031,4.92,16000,dev-other/8254/115543/8254-115543-0031.flac,WHEN THE LITTER WAS PUT DOWN A YOUNG BOY STEPPED OUT LOOKING VERY PROUD AND HAUGHTY
pilot,dev-other,8254,F,84205,8254-84205-0075,2.79,16000,dev-other/8254/84205/8254-84205-0075.flac,BUT YOU'VE GOT TO TELL THE LOOKOUT WHAT'S COMING OFF
pilot,dev-other,8288,M,274162,8288-274162-0013,4.17,16000,dev-other/8288/274162/8288-274162-0013.flac,FORGIVE ME MY DEAR FRIEND I WAS GOING TO ASK YOU THAT
pilot,dev-other,8288,M,274162,8288-274162-0025,3.26,16000,dev-other/8288/274162/8288-274162-0025.flac,NO IT IS NOT FROM CURIOSITY IT IS FROM LOVE
confirmation,test-clean,61,M,70968,61-70968-0000,4.905,16000,test-clean/61/70968/61-70968-0000.flac,HE BEGAN A CONFUSED COMPLAINT AGAINST THE WIZARD WHO HAD VANISHED BEHIND THE CURTAIN ON THE LEFT
confirmation,test-clean,61,M,70968,61-70968-0002,2.97,16000,test-clean/61/70968/61-70968-0002.flac,A GOLDEN FORTUNE AND A HAPPY LIFE
confirmation,test-clean,61,M,70968,61-70968-0003,4.315,16000,test-clean/61/70968/61-70968-0003.flac,HE WAS LIKE UNTO MY FATHER IN A WAY AND YET WAS NOT MY FATHER
confirmation,test-clean,61,M,70968,61-70968-0012,2.61,16000,test-clean/61/70968/61-70968-0012.flac,CRIES OF A NOTTINGHAM A NOTTINGHAM
confirmation,test-clean,61,M,70968,61-70968-0014,7.485,16000,test-clean/61/70968/61-70968-0014.flac,WHAT IS THE TUMULT AND RIOTING CRIED OUT THE SQUIRE AUTHORITATIVELY AND HE BLEW TWICE ON A SILVER WHISTLE WHICH HUNG AT HIS BELT
confirmation,test-clean,61,M,70968,61-70968-0015,5.375,16000,test-clean/61/70968/61-70968-0015.flac,NAY WE REFUSED THEIR REQUEST MOST POLITELY MOST NOBLE SAID THE LITTLE STROLLER
confirmation,test-clean,61,M,70968,61-70968-0016,3.72,16000,test-clean/61/70968/61-70968-0016.flac,AND THEN THEY BECAME VEXED AND WOULD HAVE SNATCHED YOUR PURSE FROM US
confirmation,test-clean,61,M,70968,61-70968-0026,4.92,16000,test-clean/61/70968/61-70968-0026.flac,THE STROLLERS TOOK THEIR PART IN IT WITH HEARTY ZEST NOW THAT THEY HAD SOME CHANCE OF BEATING OFF THEIR FOES
confirmation,test-clean,61,M,70968,61-70968-0027,6.87,16000,test-clean/61/70968/61-70968-0027.flac,ROBIN AND THE LITTLE TUMBLER BETWEEN THEM TRIED TO FORCE THE SQUIRE TO STAND BACK AND VERY VALIANTLY DID THESE TWO COMPORT THEMSELVES
confirmation,test-clean,61,M,70968,61-70968-0033,5.685,16000,test-clean/61/70968/61-70968-0033.flac,THRUSTING OPEN THE PROPER ENTRANCE OF THE TENT ROBIN SUDDENLY RUSHED FORTH WITH HIS BURDEN WITH A GREAT SHOUT
confirmation,test-clean,61,M,70968,61-70968-0039,3.805,16000,test-clean/61/70968/61-70968-0039.flac,AND MINE IS WILL STUTELEY SHALL WE BE COMRADES
confirmation,test-clean,61,M,70968,61-70968-0040,3.95,16000,test-clean/61/70968/61-70968-0040.flac,RIGHT WILLINGLY FOR BETWEEN US WE HAVE WON THE BATTLE ANSWERED ROBIN
confirmation,test-clean,61,M,70968,61-70968-0044,2.77,16000,test-clean/61/70968/61-70968-0044.flac,IT WILL NOT BE SAFE FOR YOU TO STAY HERE NOW
confirmation,test-clean,61,M,70968,61-70968-0045,3.475,16000,test-clean/61/70968/61-70968-0045.flac,PRAY FOLLOW US WITH MINE AND MY LORD SHERIFF'S MEN
confirmation,test-clean,61,M,70968,61-70968-0050,5.58,16000,test-clean/61/70968/61-70968-0050.flac,HE MADE AN EFFORT TO HIDE HIS CONDITION FROM THEM ALL AND ROBIN FELT HIS FINGERS TIGHTEN UPON HIS ARM
confirmation,test-clean,61,M,70968,61-70968-0052,2.65,16000,test-clean/61/70968/61-70968-0052.flac,BUT WHO IS THIS FELLOW PLUCKING AT YOUR SLEEVE
confirmation,test-clean,61,M,70968,61-70968-0053,4.22,16000,test-clean/61/70968/61-70968-0053.flac,HE IS MY ESQUIRE EXCELLENCY RETURNED ROBIN WITH DIGNITY
confirmation,test-clean,61,M,70968,61-70968-0056,3.565,16000,test-clean/61/70968/61-70968-0056.flac,THE WINE DID CERTAINLY BRING BACK THE COLOR TO THE SQUIRE'S CHEEKS
confirmation,test-clean,61,M,70970,61-70970-0001,6.155,16000,test-clean/61/70970/61-70970-0001.flac,THERE BEFELL AN ANXIOUS INTERVIEW MISTRESS FITZOOTH ARGUING FOR AND AGAINST THE SQUIRE'S PROJECT IN A BREATH
confirmation,test-clean,61,M,70970,61-70970-0005,2.02,16000,test-clean/61/70970/61-70970-0005.flac,THE LAD HAD CHECKED HIM THEN
confirmation,test-clean,61,M,70970,61-70970-0006,2.335,16000,test-clean/61/70970/61-70970-0006.flac,NEVER THAT SIR HE HAD SAID
confirmation,test-clean,61,M,70970,61-70970-0009,3.405,16000,test-clean/61/70970/61-70970-0009.flac,TIS LATE AND I GO MYSELF WITHIN A SHORT SPACE
confirmation,test-clean,61,M,70970,61-70970-0011,6.075,16000,test-clean/61/70970/61-70970-0011.flac,AS ANY IN ENGLAND I WOULD SAY SAID GAMEWELL PROUDLY THAT IS IN HIS DAY
confirmation,test-clean,61,M,70970,61-70970-0014,3.405,16000,test-clean/61/70970/61-70970-0014.flac,PRESENTLY HE CROSSED THE FLOOR OF HIS ROOM WITH DECIDED STEP
confirmation,test-clean,61,M,70970,61-70970-0016,4.37,16000,test-clean/61/70970/61-70970-0016.flac,WE WILL GO OUT TOGETHER TO THE BOWER THERE IS A WAY DOWN TO THE COURT FROM MY WINDOW
confirmation,test-clean,61,M,70970,61-70970-0020,5.025,16000,test-clean/61/70970/61-70970-0020.flac,WILL WHISPERED ROBIN OPENING HIS DOOR AS HE SPOKE ARE YOU READY
confirmation,test-clean,61,M,70970,61-70970-0025,7.435,16000,test-clean/61/70970/61-70970-0025.flac,THEY WERE UPON THE VERGE OF AN OPEN TRAP IN THE FAR CORNER OF THE HUT AND STUTELEY HAD TRIPPED OVER THE EDGE OF THE REVERSED FLAP MOUTH OF THIS PIT
confirmation,test-clean,61,M,70970,61-70970-0031,5.135,16000,test-clean/61/70970/61-70970-0031.flac,CRIED HE WAVING THE LANTHORN BEFORE HIM TO MAKE SURE THAT THESE WERE NO GHOSTS IN FRONT OF HIM
confirmation,test-clean,61,M,70970,61-70970-0035,7.405,16000,test-clean/61/70970/61-70970-0035.flac,WARRENTON SPOKE THUS WITH SIGNIFICANCE TO SHOW ROBIN THAT HE WAS NOT TO THINK GEOFFREY'S CLAIMS TO THE ESTATE WOULD BE PASSED BY
confirmation,test-clean,61,M,70970,61-70970-0037,5.98,16000,test-clean/61/70970/61-70970-0037.flac,HIS TONES RANG PLEASANTLY ON WARRENTON'S EARS AND FORTHWITH A GOOD FELLOWSHIP WAS HERALDED BETWEEN THEM
confirmation,test-clean,121,F,121726,121-121726-0001,5.925,16000,test-clean/121/121726/121-121726-0001.flac,HARANGUE THE TIRESOME PRODUCT OF A TIRELESS TONGUE
confirmation,test-clean,121,F,121726,121-121726-0005,3.1,16000,test-clean/121/121726/121-121726-0005.flac,HEDGE A FENCE
confirmation,test-clean,121,F,121726,121-121726-0006,3.895,16000,test-clean/121/121726/121-121726-0006.flac,HEREDITY THE CAUSE OF ALL OUR FAULTS
confirmation,test-clean,121,F,121726,121-121726-0007,6.73,16000,test-clean/121/121726/121-121726-0007.flac,HORSE SENSE A DEGREE OF WISDOM THAT KEEPS ONE FROM BETTING ON THE RACES
confirmation,test-clean,121,F,121726,121-121726-0008,4.99,16000,test-clean/121/121726/121-121726-0008.flac,HOSE MAN'S EXCUSE FOR WETTING THE WALK
confirmation,test-clean,121,F,121726,121-121726-0009,7.26,16000,test-clean/121/121726/121-121726-0009.flac,HOTEL A PLACE WHERE A GUEST OFTEN GIVES UP GOOD DOLLARS FOR POOR QUARTERS
confirmation,test-clean,121,F,121726,121-121726-0012,4.045,16000,test-clean/121/121726/121-121726-0012.flac,HUSSY WOMAN AND BOND TIE
confirmation,test-clean,121,F,123852,121-123852-0003,23.505,16000,test-clean/121/123852/121-123852-0003.flac,THOUGHT KILLS ME THAT I AM NOT THOUGHT TO LEAP LARGE LENGTHS OF MILES WHEN THOU ART GONE BUT THAT SO MUCH OF EARTH AND WATER WROUGHT I MUST ATTEND TIME'S LEISURE WITH MY MOAN RECEIVING NOUGHT BY ELEMENTS SO SLOW BUT HEAVY TEARS BADGES OF EITHER'S WOE
confirmation,test-clean,121,F,123852,121-123852-0004,16.29,16000,test-clean/121/123852/121-123852-0004.flac,MY HEART DOTH PLEAD THAT THOU IN HIM DOST LIE A CLOSET NEVER PIERC'D WITH CRYSTAL EYES BUT THE DEFENDANT DOTH THAT PLEA DENY AND SAYS IN HIM THY FAIR APPEARANCE LIES
confirmation,test-clean,121,F,123859,121-123859-0000,17.39,16000,test-clean/121/123859/121-123859-0000.flac,YOU ARE MY ALL THE WORLD AND I MUST STRIVE TO KNOW MY SHAMES AND PRAISES FROM YOUR TONGUE NONE ELSE TO ME NOR I TO NONE ALIVE THAT MY STEEL'D SENSE OR CHANGES RIGHT OR WRONG
confirmation,test-clean,121,F,123859,121-123859-0001,25.395,16000,test-clean/121/123859/121-123859-0001.flac,O TIS THE FIRST TIS FLATTERY IN MY SEEING AND MY GREAT MIND MOST KINGLY DRINKS IT UP MINE EYE WELL KNOWS WHAT WITH HIS GUST IS GREEING AND TO HIS PALATE DOTH PREPARE THE CUP IF IT BE POISON'D TIS THE LESSER SIN THAT MINE EYE LOVES IT AND DOTH FIRST BEGIN
confirmation,test-clean,121,F,127105,121-127105-0000,9.875,16000,test-clean/121/127105/121-127105-0000.flac,IT WAS THIS OBSERVATION THAT DREW FROM DOUGLAS NOT IMMEDIATELY BUT LATER IN THE EVENING A REPLY THAT HAD THE INTERESTING CONSEQUENCE TO WHICH I CALL ATTENTION
confirmation,test-clean,121,F,127105,121-127105-0002,7.495,16000,test-clean/121/127105/121-127105-0002.flac,CRIED ONE OF THE WOMEN HE TOOK NO NOTICE OF HER HE LOOKED AT ME BUT AS IF INSTEAD OF ME HE SAW WHAT HE SPOKE OF
confirmation,test-clean,121,F,127105,121-127105-0003,7.725,16000,test-clean/121/127105/121-127105-0003.flac,THERE WAS A UNANIMOUS GROAN AT THIS AND MUCH REPROACH AFTER WHICH IN HIS PREOCCUPIED WAY HE EXPLAINED
confirmation,test-clean,121,F,127105,121-127105-0004,2.11,16000,test-clean/121/127105/121-127105-0004.flac,THE STORY'S WRITTEN
confirmation,test-clean,121,F,127105,121-127105-0006,4.725,16000,test-clean/121/127105/121-127105-0006.flac,THE OTHERS RESENTED POSTPONEMENT BUT IT WAS JUST HIS SCRUPLES THAT CHARMED ME
confirmation,test-clean,121,F,127105,121-127105-0008,2.76,16000,test-clean/121/127105/121-127105-0008.flac,HE HUNG FIRE AGAIN A WOMAN'S
confirmation,test-clean,121,F,127105,121-127105-0009,2.29,16000,test-clean/121/127105/121-127105-0009.flac,SHE HAS BEEN DEAD THESE TWENTY YEARS
confirmation,test-clean,121,F,127105,121-127105-0011,5.78,16000,test-clean/121/127105/121-127105-0011.flac,SHE WAS THE MOST AGREEABLE WOMAN I'VE EVER KNOWN IN HER POSITION SHE WOULD HAVE BEEN WORTHY OF ANY WHATEVER
confirmation,test-clean,121,F,127105,121-127105-0013,5.895,16000,test-clean/121/127105/121-127105-0013.flac,YOU'LL EASILY JUDGE WHY WHEN YOU HEAR BECAUSE THE THING HAD BEEN SUCH A SCARE HE CONTINUED TO FIX ME
confirmation,test-clean,121,F,127105,121-127105-0014,2.255,16000,test-clean/121/127105/121-127105-0014.flac,YOU ARE ACUTE
confirmation,test-clean,121,F,127105,121-127105-0015,2.96,16000,test-clean/121/127105/121-127105-0015.flac,HE QUITTED THE FIRE AND DROPPED BACK INTO HIS CHAIR
confirmation,test-clean,121,F,127105,121-127105-0016,2.03,16000,test-clean/121/127105/121-127105-0016.flac,PROBABLY NOT TILL THE SECOND POST
confirmation,test-clean,121,F,127105,121-127105-0023,10.91,16000,test-clean/121/127105/121-127105-0023.flac,LET ME SAY HERE DISTINCTLY TO HAVE DONE WITH IT THAT THIS NARRATIVE FROM AN EXACT TRANSCRIPT OF MY OWN MADE MUCH LATER IS WHAT I SHALL PRESENTLY GIVE
confirmation,test-clean,121,F,127105,121-127105-0024,14.45,16000,test-clean/121/127105/121-127105-0024.flac,POOR DOUGLAS BEFORE HIS DEATH WHEN IT WAS IN SIGHT COMMITTED TO ME THE MANUSCRIPT THAT REACHED HIM ON THE THIRD OF THESE DAYS AND THAT ON THE SAME SPOT WITH IMMENSE EFFECT HE BEGAN TO READ TO OUR HUSHED LITTLE CIRCLE ON THE NIGHT OF THE FOURTH
confirmation,test-clean,121,F,127105,121-127105-0026,7.53,16000,test-clean/121/127105/121-127105-0026.flac,THE FIRST OF THESE TOUCHES CONVEYED THAT THE WRITTEN STATEMENT TOOK UP THE TALE AT A POINT AFTER IT HAD IN A MANNER BEGUN
confirmation,test-clean,121,F,127105,121-127105-0029,7.31,16000,test-clean/121/127105/121-127105-0029.flac,THERE WERE PLENTY OF PEOPLE TO HELP BUT OF COURSE THE YOUNG LADY WHO SHOULD GO DOWN AS GOVERNESS WOULD BE IN SUPREME AUTHORITY
confirmation,test-clean,121,F,127105,121-127105-0031,10.765,16000,test-clean/121/127105/121-127105-0031.flac,SHE WAS YOUNG UNTRIED NERVOUS IT WAS A VISION OF SERIOUS DUTIES AND LITTLE COMPANY OF REALLY GREAT LONELINESS
confirmation,test-clean,121,F,127105,121-127105-0034,7.41,16000,test-clean/121/127105/121-127105-0034.flac,IT SOUNDED DULL IT SOUNDED STRANGE AND ALL THE MORE SO BECAUSE OF HIS MAIN CONDITION WHICH WAS
confirmation,test-clean,121,F,127105,121-127105-0035,14.15,16000,test-clean/121/127105/121-127105-0035.flac,SHE PROMISED TO DO THIS AND SHE MENTIONED TO ME THAT WHEN FOR A MOMENT DISBURDENED DELIGHTED HE HELD HER HAND THANKING HER FOR THE SACRIFICE SHE ALREADY FELT REWARDED
confirmation,test-clean,237,F,126133,237-126133-0003,6.56,16000,test-clean/237/126133/237-126133-0003.flac,SOMEHOW OF ALL THE DAYS WHEN THE HOME FEELING WAS THE STRONGEST THIS DAY IT SEEMED AS IF SHE COULD BEAR IT NO LONGER
confirmation,test-clean,237,F,126133,237-126133-0004,3.295,16000,test-clean/237/126133/237-126133-0004.flac,IF SHE COULD ONLY SEE PHRONSIE FOR JUST ONE MOMENT
confirmation,test-clean,237,F,126133,237-126133-0008,3.865,16000,test-clean/237/126133/237-126133-0008.flac,ASKED PHRONSIE WITH HER LITTLE FACE CLOSE TO POLLY'S OWN
confirmation,test-clean,237,F,126133,237-126133-0012,4.45,16000,test-clean/237/126133/237-126133-0012.flac,THERE THERE HE SAID SOOTHINGLY PATTING HER BROWN FUZZY HEAD
confirmation,test-clean,237,F,126133,237-126133-0013,6.815,16000,test-clean/237/126133/237-126133-0013.flac,I KNOW GASPED POLLY CONTROLLING HER SOBS I WON'T ONLY I CAN'T THANK YOU
confirmation,test-clean,237,F,126133,237-126133-0015,9.34,16000,test-clean/237/126133/237-126133-0015.flac,YES ALL ALONE BY HIMSELF ASSERTED JASPER VEHEMENTLY AND WINKING FURIOUSLY TO THE OTHERS TO STOP THEIR LAUGHING HE DID NOW TRULY PHRONSIE
confirmation,test-clean,237,F,126133,237-126133-0025,3.755,16000,test-clean/237/126133/237-126133-0025.flac,AT LAST HE CAME OUT OF THEM AND WIPED HIS FACE VIGOROUSLY
confirmation,test-clean,237,F,134493,237-134493-0000,4.105,16000,test-clean/237/134493/237-134493-0000.flac,IT IS SIXTEEN YEARS SINCE JOHN BERGSON DIED
confirmation,test-clean,237,F,134493,237-134493-0001,7.38,16000,test-clean/237/134493/237-134493-0001.flac,HIS WIFE NOW LIES BESIDE HIM AND THE WHITE SHAFT THAT MARKS THEIR GRAVES GLEAMS ACROSS THE WHEAT FIELDS
confirmation,test-clean,237,F,134493,237-134493-0006,4.395,16000,test-clean/237/134493/237-134493-0006.flac,THAT'S NOT MUCH OF A JOB FOR AN ATHLETE HERE I'VE BEEN TO TOWN AND BACK
confirmation,test-clean,237,F,134493,237-134493-0010,2.875,16000,test-clean/237/134493/237-134493-0010.flac,I NEVER SEE LOU'S SCYTHE OVER HERE
confirmation,test-clean,237,F,134493,237-134493-0012,3.66,16000,test-clean/237/134493/237-134493-0012.flac,I GET WET TO MY KNEES WHEN I GO DOWN TO PICK CHERRIES
confirmation,test-clean,237,F,134493,237-134493-0016,10.085,16000,test-clean/237/134493/237-134493-0016.flac,ON EITHER SIDE OF THE ROAD FOR A MILE BEFORE YOU REACHED THE FOOT OF THE HILL STOOD TALL OSAGE ORANGE HEDGES THEIR GLOSSY GREEN MARKING OFF THE YELLOW FIELDS
confirmation,test-clean,237,F,134493,237-134493-0017,9.105,16000,test-clean/237/134493/237-134493-0017.flac,ANY ONE THEREABOUTS WOULD HAVE TOLD YOU THAT THIS WAS ONE OF THE RICHEST FARMS ON THE DIVIDE AND THAT THE FARMER WAS A WOMAN ALEXANDRA BERGSON
confirmation,test-clean,237,F,134493,237-134493-0018,4.79,16000,test-clean/237/134493/237-134493-0018.flac,THERE IS EVEN A WHITE ROW OF BEEHIVES IN THE ORCHARD UNDER THE WALNUT TREES
confirmation,test-clean,237,F,134500,237-134500-0007,2.39,16000,test-clean/237/134500/237-134500-0007.flac,WE NEVER HAD SO MANY OF THEM IN HERE BEFORE
confirmation,test-clean,237,F,134500,237-134500-0015,10.815,16000,test-clean/237/134500/237-134500-0015.flac,THAT SUMMER THE RAINS HAD BEEN SO MANY AND OPPORTUNE THAT IT WAS ALMOST MORE THAN SHABATA AND HIS MAN COULD DO TO KEEP UP WITH THE CORN THE ORCHARD WAS A NEGLECTED WILDERNESS
confirmation,test-clean,237,F,134500,237-134500-0016,3.16,16000,test-clean/237/134500/237-134500-0016.flac,I DON'T KNOW ALL OF THEM BUT I KNOW LINDENS ARE
confirmation,test-clean,237,F,134500,237-134500-0019,2.86,16000,test-clean/237/134500/237-134500-0019.flac,HE DROPPED A HANDFUL INTO HER LAP
confirmation,test-clean,237,F,134500,237-134500-0024,4.41,16000,test-clean/237/134500/237-134500-0024.flac,I LIKE TO TALK TO CARL ABOUT NEW YORK AND WHAT A FELLOW CAN DO THERE
confirmation,test-clean,237,F,134500,237-134500-0025,1.63,16000,test-clean/237/134500/237-134500-0025.flac,OH EMIL
confirmation,test-clean,237,F,134500,237-134500-0031,10.61,16000,test-clean/237/134500/237-134500-0031.flac,SOMETIMES I DON'T WANT TO DO ANYTHING AT ALL AND SOMETIMES I WANT TO PULL THE FOUR CORNERS OF THE DIVIDE TOGETHER HE THREW OUT HIS ARM AND BROUGHT IT BACK WITH A JERK SO LIKE A TABLE CLOTH
confirmation,test-clean,237,F,134500,237-134500-0032,5.025,16000,test-clean/237/134500/237-134500-0032.flac,I GET TIRED OF SEEING MEN AND HORSES GOING UP AND DOWN UP AND DOWN
confirmation,test-clean,237,F,134500,237-134500-0033,6.35,16000,test-clean/237/134500/237-134500-0033.flac,I WISH YOU WEREN'T SO RESTLESS AND DIDN'T GET SO WORKED UP OVER THINGS SHE SAID SADLY
confirmation,test-clean,237,F,134500,237-134500-0035,2.555,16000,test-clean/237/134500/237-134500-0035.flac,AND YOU NEVER USED TO BE CROSS TO ME
confirmation,test-clean,237,F,134500,237-134500-0036,6.6,16000,test-clean/237/134500/237-134500-0036.flac,I CAN'T PLAY WITH YOU LIKE A LITTLE BOY ANY MORE HE SAID SLOWLY THAT'S WHAT YOU MISS MARIE
confirmation,test-clean,237,F,134500,237-134500-0037,7.105,16000,test-clean/237/134500/237-134500-0037.flac,BUT EMIL IF I UNDERSTAND THEN ALL OUR GOOD TIMES ARE OVER WE CAN NEVER DO NICE THINGS TOGETHER ANY MORE
confirmation,test-clean,237,F,134500,237-134500-0038,2.435,16000,test-clean/237/134500/237-134500-0038.flac,AND ANYHOW THERE'S NOTHING TO UNDERSTAND
confirmation,test-clean,237,F,134500,237-134500-0039,4.63,16000,test-clean/237/134500/237-134500-0039.flac,THAT WON'T LAST IT WILL GO AWAY AND THINGS WILL BE JUST AS THEY USED TO
confirmation,test-clean,237,F,134500,237-134500-0041,8.92,16000,test-clean/237/134500/237-134500-0041.flac,I CAN'T PRAY TO HAVE THE THINGS I WANT HE SAID SLOWLY AND I WON'T PRAY NOT TO HAVE THEM NOT IF I'M DAMNED FOR IT
confirmation,test-clean,260,M,123286,260-123286-0000,7.04,16000,test-clean/260/123286/260-123286-0000.flac,SATURDAY AUGUST FIFTEENTH THE SEA UNBROKEN ALL ROUND NO LAND IN SIGHT
confirmation,test-clean,260,M,123286,260-123286-0001,3.07,16000,test-clean/260/123286/260-123286-0001.flac,THE HORIZON SEEMS EXTREMELY DISTANT
confirmation,test-clean,260,M,123286,260-123286-0002,9.985,16000,test-clean/260/123286/260-123286-0002.flac,ALL MY DANGER AND SUFFERINGS WERE NEEDED TO STRIKE A SPARK OF HUMAN FEELING OUT OF HIM BUT NOW THAT I AM WELL HIS NATURE HAS RESUMED ITS SWAY
confirmation,test-clean,260,M,123286,260-123286-0004,3.465,16000,test-clean/260/123286/260-123286-0004.flac,ONE MIGHT BE WITH LESS REASON THAN NOW
confirmation,test-clean,260,M,123286,260-123286-0005,4.81,16000,test-clean/260/123286/260-123286-0005.flac,I AM NOT COMPLAINING THAT THE RATE IS SLOW BUT THAT THE SEA IS SO WIDE
confirmation,test-clean,260,M,123286,260-123286-0007,4.55,16000,test-clean/260/123286/260-123286-0007.flac,HE CALLED THIS SEA A POND AND OUR LONG VOYAGE TAKING A LITTLE SAIL
confirmation,test-clean,260,M,123286,260-123286-0011,4.255,16000,test-clean/260/123286/260-123286-0011.flac,NOTHING NEW WEATHER UNCHANGED THE WIND FRESHENS
confirmation,test-clean,260,M,123286,260-123286-0015,5.21,16000,test-clean/260/123286/260-123286-0015.flac,IT MUST BE AS WIDE AS THE MEDITERRANEAN OR THE ATLANTIC AND WHY NOT
confirmation,test-clean,260,M,123286,260-123286-0019,11.905,16000,test-clean/260/123286/260-123286-0019.flac,I SUPPOSE PROFESSOR LIEDENBROCK WAS OF MY OPINION TOO AND EVEN SHARED MY FEARS FOR AFTER HAVING EXAMINED THE PICK HIS EYES TRAVERSED THE OCEAN FROM SIDE TO SIDE
confirmation,test-clean,260,M,123286,260-123286-0022,3.235,16000,test-clean/260/123286/260-123286-0022.flac,TWO HOURS AFTERWARDS A TERRIBLE SHOCK AWOKE ME
confirmation,test-clean,260,M,123286,260-123286-0024,3.04,16000,test-clean/260/123286/260-123286-0024.flac,THERE'S A WHALE A WHALE CRIED THE PROFESSOR
confirmation,test-clean,260,M,123286,260-123286-0028,7.465,16000,test-clean/260/123286/260-123286-0028.flac,ITS JAW IS ENORMOUS AND ACCORDING TO NATURALISTS IT IS ARMED WITH NO LESS THAN ONE HUNDRED AND EIGHTY TWO TEETH
confirmation,test-clean,260,M,123286,260-123286-0029,4.545,16000,test-clean/260/123286/260-123286-0029.flac,THOSE HUGE CREATURES ATTACKED EACH OTHER WITH THE GREATEST ANIMOSITY
confirmation,test-clean,260,M,123286,260-123286-0030,7.53,16000,test-clean/260/123286/260-123286-0030.flac,SUDDENLY THE ICHTHYOSAURUS AND THE PLESIOSAURUS DISAPPEAR BELOW LEAVING A WHIRLPOOL EDDYING IN THE WATER
confirmation,test-clean,260,M,123288,260-123288-0008,5.515,16000,test-clean/260/123288/260-123288-0008.flac,THERE'S A HEAVY STORM COMING ON I CRIED POINTING TOWARDS THE HORIZON
confirmation,test-clean,260,M,123288,260-123288-0012,3.545,16000,test-clean/260/123288/260-123288-0012.flac,THAT WILL BE SAFEST NO NO NEVER
confirmation,test-clean,260,M,123288,260-123288-0015,21.185,16000,test-clean/260/123288/260-123288-0015.flac,FROM THE UNDER SURFACE OF THE CLOUDS THERE ARE CONTINUAL EMISSIONS OF LURID LIGHT ELECTRIC MATTER IS IN CONTINUAL EVOLUTION FROM THEIR COMPONENT MOLECULES THE GASEOUS ELEMENTS OF THE AIR NEED TO BE SLAKED WITH MOISTURE FOR INNUMERABLE COLUMNS OF WATER RUSH UPWARDS INTO THE AIR AND FALL BACK AGAIN IN WHITE FOAM
confirmation,test-clean,260,M,123288,260-123288-0016,4.865,16000,test-clean/260/123288/260-123288-0016.flac,I REFER TO THE THERMOMETER IT INDICATES THE FIGURE IS OBLITERATED
confirmation,test-clean,260,M,123288,260-123288-0017,5.225,16000,test-clean/260/123288/260-123288-0017.flac,IS THE ATMOSPHERIC CONDITION HAVING ONCE REACHED THIS DENSITY TO BECOME FINAL
confirmation,test-clean,260,M,123288,260-123288-0018,3.245,16000,test-clean/260/123288/260-123288-0018.flac,THE RAFT BEARS ON STILL TO THE SOUTH EAST
confirmation,test-clean,260,M,123288,260-123288-0020,2.9,16000,test-clean/260/123288/260-123288-0020.flac,EACH OF US IS LASHED TO SOME PART OF THE RAFT
confirmation,test-clean,260,M,123288,260-123288-0022,3.705,16000,test-clean/260/123288/260-123288-0022.flac,THEY SEEM TO BE WE ARE LOST BUT I AM NOT SURE
confirmation,test-clean,260,M,123288,260-123288-0024,14.595,16000,test-clean/260/123288/260-123288-0024.flac,THE FIREBALL HALF OF IT WHITE HALF AZURE BLUE AND THE SIZE OF A TEN INCH SHELL MOVED SLOWLY ABOUT THE RAFT BUT REVOLVING ON ITS OWN AXIS WITH ASTONISHING VELOCITY AS IF WHIPPED ROUND BY THE FORCE OF THE WHIRLWIND
confirmation,test-clean,260,M,123288,260-123288-0025,13.445,16000,test-clean/260/123288/260-123288-0025.flac,HERE IT COMES THERE IT GLIDES NOW IT IS UP THE RAGGED STUMP OF THE MAST THENCE IT LIGHTLY LEAPS ON THE PROVISION BAG DESCENDS WITH A LIGHT BOUND AND JUST SKIMS THE POWDER MAGAZINE HORRIBLE
confirmation,test-clean,260,M,123440,260-123440-0003,3.585,16000,test-clean/260/123440/260-123440-0003.flac,OH WON'T SHE BE SAVAGE IF I'VE KEPT HER WAITING
confirmation,test-clean,260,M,123440,260-123440-0008,3.745,16000,test-clean/260/123440/260-123440-0008.flac,I'LL TRY IF I KNOW ALL THE THINGS I USED TO KNOW
confirmation,test-clean,260,M,123440,260-123440-0014,3.815,16000,test-clean/260/123440/260-123440-0014.flac,AND I DECLARE IT'S TOO BAD THAT IT IS
confirmation,test-clean,260,M,123440,260-123440-0016,4.895,16000,test-clean/260/123440/260-123440-0016.flac,I SHALL BE PUNISHED FOR IT NOW I SUPPOSE BY BEING DROWNED IN MY OWN TEARS
confirmation,test-clean,260,M,123440,260-123440-0019,6.63,16000,test-clean/260/123440/260-123440-0019.flac,CRIED ALICE AGAIN FOR THIS TIME THE MOUSE WAS BRISTLING ALL OVER AND SHE FELT CERTAIN IT MUST BE REALLY OFFENDED
confirmation,test-clean,260,M,123440,260-123440-0020,4.995,16000,test-clean/260/123440/260-123440-0020.flac,WE WON'T TALK ABOUT HER ANY MORE IF YOU'D RATHER NOT WE INDEED
confirmation,test-clean,672,M,122797,672-122797-0005,3.26,16000,test-clean/672/122797/672-122797-0005.flac,OH THAT MADE HIM SO ANGRY
confirmation,test-clean,672,M,122797,672-122797-0011,2.54,16000,test-clean/672/122797/672-122797-0011.flac,AND THEN WHAT HAPPENS THEN
confirmation,test-clean,672,M,122797,672-122797-0012,7.765,16000,test-clean/672/122797/672-122797-0012.flac,I WOULD FAIN KNOW IF I AM DESTINED FOR SO GLORIOUS A CAREER CRIED THE TREE REJOICING
confirmation,test-clean,672,M,122797,672-122797-0014,2.555,16000,test-clean/672/122797/672-122797-0014.flac,WERE I BUT ALREADY ON THE CART
confirmation,test-clean,672,M,122797,672-122797-0016,9.215,16000,test-clean/672/122797/672-122797-0016.flac,YES THEN SOMETHING BETTER SOMETHING STILL GRANDER WILL SURELY FOLLOW OR WHEREFORE SHOULD THEY THUS ORNAMENT ME
confirmation,test-clean,672,M,122797,672-122797-0017,4.82,16000,test-clean/672/122797/672-122797-0017.flac,SOMETHING BETTER SOMETHING STILL GRANDER MUST FOLLOW BUT WHAT
confirmation,test-clean,672,M,122797,672-122797-0019,4.11,16000,test-clean/672/122797/672-122797-0019.flac,REJOICE IN THY OWN FRESH YOUTH
confirmation,test-clean,672,M,122797,672-122797-0023,9.6950625,16000,test-clean/672/122797/672-122797-0023.flac,HE WELL KNEW THAT HE SHOULD NEVER SEE HIS DEAR OLD COMRADES THE LITTLE BUSHES AND FLOWERS AROUND HIM ANYMORE PERHAPS NOT EVEN THE BIRDS
confirmation,test-clean,672,M,122797,672-122797-0030,4.575,16000,test-clean/672/122797/672-122797-0030.flac,PERHAPS THE OTHER TREES FROM THE FOREST WILL COME TO LOOK AT ME
confirmation,test-clean,672,M,122797,672-122797-0032,4.0,16000,test-clean/672/122797/672-122797-0032.flac,CRIED THE YOUNG LADIES AND THEY QUICKLY PUT OUT THE FIRE
confirmation,test-clean,672,M,122797,672-122797-0038,8.8,16000,test-clean/672/122797/672-122797-0038.flac,THOUGHT THE FIR TREE AND BELIEVED IT ALL BECAUSE THE MAN WHO TOLD THE STORY WAS SO GOOD LOOKING WELL WELL
confirmation,test-clean,672,M,122797,672-122797-0039,4.025,16000,test-clean/672/122797/672-122797-0039.flac,I WON'T TREMBLE TO MORROW THOUGHT THE FIR TREE
confirmation,test-clean,672,M,122797,672-122797-0041,3.88,16000,test-clean/672/122797/672-122797-0041.flac,IN THE MORNING THE SERVANT AND THE HOUSEMAID CAME IN
confirmation,test-clean,672,M,122797,672-122797-0042,15.31,16000,test-clean/672/122797/672-122797-0042.flac,BUT THEY DRAGGED HIM OUT OF THE ROOM AND UP THE STAIRS INTO THE LOFT AND HERE IN A DARK CORNER WHERE NO DAYLIGHT COULD ENTER THEY LEFT HIM
confirmation,test-clean,672,M,122797,672-122797-0043,3.78,16000,test-clean/672/122797/672-122797-0043.flac,WHAT'S THE MEANING OF THIS THOUGHT THE TREE
confirmation,test-clean,672,M,122797,672-122797-0047,3.325,16000,test-clean/672/122797/672-122797-0047.flac,HOW KIND MAN IS AFTER ALL
confirmation,test-clean,672,M,122797,672-122797-0048,6.555,16000,test-clean/672/122797/672-122797-0048.flac,IF IT ONLY WERE NOT SO DARK HERE AND SO TERRIBLY LONELY
confirmation,test-clean,672,M,122797,672-122797-0049,2.02,16000,test-clean/672/122797/672-122797-0049.flac,SQUEAK SQUEAK
confirmation,test-clean,672,M,122797,672-122797-0052,4.285,16000,test-clean/672/122797/672-122797-0052.flac,THERE'S MANY A ONE CONSIDERABLY OLDER THAN I AM
confirmation,test-clean,672,M,122797,672-122797-0053,2.955,16000,test-clean/672/122797/672-122797-0053.flac,THEY WERE SO EXTREMELY CURIOUS
confirmation,test-clean,672,M,122797,672-122797-0057,6.56,16000,test-clean/672/122797/672-122797-0057.flac,YES IN REALITY THOSE WERE HAPPY TIMES
confirmation,test-clean,672,M,122797,672-122797-0059,3.52,16000,test-clean/672/122797/672-122797-0059.flac,ONLY THAT ONE ANSWERED THE TREE
confirmation,test-clean,672,M,122797,672-122797-0060,3.35,16000,test-clean/672/122797/672-122797-0060.flac,IT IS A VERY STUPID STORY
confirmation,test-clean,672,M,122797,672-122797-0062,2.675,16000,test-clean/672/122797/672-122797-0062.flac,NO SAID THE TREE
confirmation,test-clean,672,M,122797,672-122797-0063,5.075,16000,test-clean/672/122797/672-122797-0063.flac,THEN GOOD BYE SAID THE RATS AND THEY WENT HOME
confirmation,test-clean,672,M,122797,672-122797-0065,3.03,16000,test-clean/672/122797/672-122797-0065.flac,NOW THAT TOO IS OVER
confirmation,test-clean,672,M,122797,672-122797-0066,4.815,16000,test-clean/672/122797/672-122797-0066.flac,WHY ONE MORNING THERE CAME A QUANTITY OF PEOPLE AND SET TO WORK IN THE LOFT
confirmation,test-clean,672,M,122797,672-122797-0069,5.01,16000,test-clean/672/122797/672-122797-0069.flac,IT WAS IN A CORNER THAT HE LAY AMONG WEEDS AND NETTLES
confirmation,test-clean,672,M,122797,672-122797-0070,6.27,16000,test-clean/672/122797/672-122797-0070.flac,THE GOLDEN STAR OF TINSEL WAS STILL ON THE TOP OF THE TREE AND GLITTERED IN THE SUNSHINE
confirmation,test-clean,672,M,122797,672-122797-0072,7.94,16000,test-clean/672/122797/672-122797-0072.flac,AND THE GARDENER'S BOY CHOPPED THE TREE INTO SMALL PIECES THERE WAS A WHOLE HEAP LYING THERE
confirmation,test-clean,908,M,157963,908-157963-0001,2.885,16000,test-clean/908/157963/908-157963-0001.flac,O LIFE OF THIS OUR SPRING
confirmation,test-clean,908,M,157963,908-157963-0002,2.755,16000,test-clean/908/157963/908-157963-0002.flac,WHY FADES THE LOTUS OF THE WATER
confirmation,test-clean,908,M,157963,908-157963-0006,8.11,16000,test-clean/908/157963/908-157963-0006.flac,AND GENTLE SLEEP THE SLEEP OF DEATH AND GENTLY HEAR THE VOICE OF HIM THAT WALKETH IN THE GARDEN IN THE EVENING TIME
confirmation,test-clean,908,M,157963,908-157963-0008,19.95,16000,test-clean/908/157963/908-157963-0008.flac,THOU GENTLE MAID OF SILENT VALLEYS AND OF MODEST BROOKS FOR THOU SHALL BE CLOTHED IN LIGHT AND FED WITH MORNING MANNA TILL SUMMERS HEAT MELTS THEE BESIDE THE FOUNTAINS AND THE SPRINGS TO FLOURISH IN ETERNAL VALES THEY WHY SHOULD THEL COMPLAIN
confirmation,test-clean,908,M,157963,908-157963-0009,4.06,16000,test-clean/908/157963/908-157963-0009.flac,WHY SHOULD THE MISTRESS OF THE VALES OF HAR UTTER A SIGH
confirmation,test-clean,908,M,157963,908-157963-0014,4.52,16000,test-clean/908/157963/908-157963-0014.flac,DESCEND O LITTLE CLOUD AND HOVER BEFORE THE EYES OF THEL
confirmation,test-clean,908,M,157963,908-157963-0018,4.255,16000,test-clean/908/157963/908-157963-0018.flac,AND FEAREST THOU BECAUSE I VANISH AND AM SEEN NO MORE
confirmation,test-clean,908,M,157963,908-157963-0019,21.44,16000,test-clean/908/157963/908-157963-0019.flac,IT IS TO TENFOLD LIFE TO LOVE TO PEACE AND RAPTURES HOLY UNSEEN DESCENDING WEIGH MY LIGHT WINGS UPON BALMY FLOWERS AND COURT THE FAIR EYED DEW TO TAKE ME TO HER SHINING TENT THE WEEPING VIRGIN TREMBLING KNEELS BEFORE THE RISEN SUN
confirmation,test-clean,908,M,157963,908-157963-0020,9.8,16000,test-clean/908/157963/908-157963-0020.flac,TILL WE ARISE LINK'D IN A GOLDEN BAND AND NEVER PART BUT WALK UNITED BEARING FOOD TO ALL OUR TENDER FLOWERS
confirmation,test-clean,908,M,157963,908-157963-0021,10.24,16000,test-clean/908/157963/908-157963-0021.flac,LIVES NOT ALONE NOR OR ITSELF FEAR NOT AND I WILL CALL THE WEAK WORM FROM ITS LOWLY BED AND THOU SHALT HEAR ITS VOICE
confirmation,test-clean,908,M,157963,908-157963-0022,4.61,16000,test-clean/908/157963/908-157963-0022.flac,COME FORTH WORM AND THE SILENT VALLEY TO THY PENSIVE QUEEN
confirmation,test-clean,908,M,157963,908-157963-0023,9.625,16000,test-clean/908/157963/908-157963-0023.flac,THE HELPLESS WORM AROSE AND SAT UPON THE LILLYS LEAF AND THE BRIGHT CLOUD SAILD ON TO FIND HIS PARTNER IN THE VALE
confirmation,test-clean,908,M,157963,908-157963-0025,9.265,16000,test-clean/908/157963/908-157963-0025.flac,I SEE THEY LAY HELPLESS AND NAKED WEEPING AND NONE TO ANSWER NONE TO CHERISH THEE WITH MOTHERS SMILES
confirmation,test-clean,908,M,157963,908-157963-0026,8.1,16000,test-clean/908/157963/908-157963-0026.flac,AND SAYS THOU MOTHER OF MY CHILDREN I HAVE LOVED THEE AND I HAVE GIVEN THEE A CROWN THAT NONE CAN TAKE AWAY
confirmation,test-clean,908,M,157963,908-157963-0028,4.955,16000,test-clean/908/157963/908-157963-0028.flac,OR AN EYE OF GIFTS AND GRACES SHOWRING FRUITS AND COINED GOLD
confirmation,test-clean,908,M,157963,908-157963-0030,4.52,16000,test-clean/908/157963/908-157963-0030.flac,WHY AN EAR A WHIRLPOOL FIERCE TO DRAW CREATIONS IN
confirmation,test-clean,908,M,31957,908-31957-0001,11.315,16000,test-clean/908/31957/908-31957-0001.flac,I SIT BENEATH THY LOOKS AS CHILDREN DO IN THE NOON SUN WITH SOULS THAT TREMBLE THROUGH THEIR HAPPY EYELIDS FROM AN UNAVERRED YET PRODIGAL INWARD JOY
confirmation,test-clean,908,M,31957,908-31957-0002,4.79,16000,test-clean/908/31957/908-31957-0002.flac,I DID NOT WRONG MYSELF SO BUT I PLACED A WRONG ON THEE
confirmation,test-clean,908,M,31957,908-31957-0003,6.565,16000,test-clean/908/31957/908-31957-0003.flac,WHEN CALLED BEFORE I TOLD HOW HASTILY I DROPPED MY FLOWERS OR BRAKE OFF FROM A GAME
confirmation,test-clean,908,M,31957,908-31957-0004,14.755,16000,test-clean/908/31957/908-31957-0004.flac,SHALL I NEVER MISS HOME TALK AND BLESSING AND THE COMMON KISS THAT COMES TO EACH IN TURN NOR COUNT IT STRANGE WHEN I LOOK UP TO DROP ON A NEW RANGE OF WALLS AND FLOORS ANOTHER HOME THAN THIS
confirmation,test-clean,908,M,31957,908-31957-0005,4.49,16000,test-clean/908/31957/908-31957-0005.flac,ALAS I HAVE GRIEVED SO I AM HARD TO LOVE
confirmation,test-clean,908,M,31957,908-31957-0007,5.8,16000,test-clean/908/31957/908-31957-0007.flac,COULD IT MEAN TO LAST A LOVE SET PENDULOUS BETWEEN SORROW AND SORROW
confirmation,test-clean,908,M,31957,908-31957-0009,7.705,16000,test-clean/908/31957/908-31957-0009.flac,AND THOUGH I HAVE GROWN SERENE AND STRONG SINCE THEN I THINK THAT GOD HAS WILLED A STILL RENEWABLE FEAR
confirmation,test-clean,908,M,31957,908-31957-0012,7.615,16000,test-clean/908/31957/908-31957-0012.flac,IF HE TO KEEP ONE OATH MUST LOSE ONE JOY BY HIS LIFE'S STAR FORETOLD
confirmation,test-clean,908,M,31957,908-31957-0015,21.465,16000,test-clean/908/31957/908-31957-0015.flac,THAT WAS THE CHRISM OF LOVE WHICH LOVE'S OWN CROWN WITH SANCTIFYING SWEETNESS DID PRECEDE THE THIRD UPON MY LIPS WAS FOLDED DOWN IN PERFECT PURPLE STATE SINCE WHEN INDEED I HAVE BEEN PROUD AND SAID MY LOVE MY OWN
confirmation,test-clean,908,M,31957,908-31957-0017,7.795,16000,test-clean/908/31957/908-31957-0017.flac,MUSSULMANS AND GIAOURS THROW KERCHIEFS AT A SMILE AND HAVE NO RUTH FOR ANY WEEPING
confirmation,test-clean,908,M,31957,908-31957-0019,9.54,16000,test-clean/908/31957/908-31957-0019.flac,THOU CANST WAIT THROUGH SORROW AND SICKNESS TO BRING SOULS TO TOUCH AND THINK IT SOON WHEN OTHERS CRY TOO LATE
confirmation,test-clean,908,M,31957,908-31957-0020,5.895,16000,test-clean/908/31957/908-31957-0020.flac,I THANK ALL WHO HAVE LOVED ME IN THEIR HEARTS WITH THANKS AND LOVE FROM MINE
confirmation,test-clean,908,M,31957,908-31957-0021,10.905,16000,test-clean/908/31957/908-31957-0021.flac,OH TO SHOOT MY SOUL'S FULL MEANING INTO FUTURE YEARS THAT THEY SHOULD LEND IT UTTERANCE AND SALUTE LOVE THAT ENDURES FROM LIFE THAT DISAPPEARS
confirmation,test-clean,908,M,31957,908-31957-0023,8.515,16000,test-clean/908/31957/908-31957-0023.flac,I LOVE THEE FREELY AS MEN STRIVE FOR RIGHT I LOVE THEE PURELY AS THEY TURN FROM PRAISE
confirmation,test-clean,1089,M,134686,1089-134686-0000,10.435,16000,test-clean/1089/134686/1089-134686-0000.flac,HE HOPED THERE WOULD BE STEW FOR DINNER TURNIPS AND CARROTS AND BRUISED POTATOES AND FAT MUTTON PIECES TO BE LADLED OUT IN THICK PEPPERED FLOUR FATTENED SAUCE
confirmation,test-clean,1089,M,134686,1089-134686-0001,3.275,16000,test-clean/1089/134686/1089-134686-0001.flac,STUFF IT INTO YOU HIS BELLY COUNSELLED HIM
confirmation,test-clean,1089,M,134686,1089-134686-0003,2.68,16000,test-clean/1089/134686/1089-134686-0003.flac,HELLO BERTIE ANY GOOD IN YOUR MIND
confirmation,test-clean,1089,M,134686,1089-134686-0006,10.555,16000,test-clean/1089/134686/1089-134686-0006.flac,THE DULL LIGHT FELL MORE FAINTLY UPON THE PAGE WHEREON ANOTHER EQUATION BEGAN TO UNFOLD ITSELF SLOWLY AND TO SPREAD ABROAD ITS WIDENING TAIL
confirmation,test-clean,1089,M,134686,1089-134686-0007,4.275,16000,test-clean/1089/134686/1089-134686-0007.flac,A COLD LUCID INDIFFERENCE REIGNED IN HIS SOUL
confirmation,test-clean,1089,M,134686,1089-134686-0008,6.73,16000,test-clean/1089/134686/1089-134686-0008.flac,THE CHAOS IN WHICH HIS ARDOUR EXTINGUISHED ITSELF WAS A COLD INDIFFERENT KNOWLEDGE OF HIMSELF
confirmation,test-clean,1089,M,134686,1089-134686-0012,11.64,16000,test-clean/1089/134686/1089-134686-0012.flac,HER EYES SEEMED TO REGARD HIM WITH MILD PITY HER HOLINESS A STRANGE LIGHT GLOWING FAINTLY UPON HER FRAIL FLESH DID NOT HUMILIATE THE SINNER WHO APPROACHED HER
confirmation,test-clean,1089,M,134686,1089-134686-0014,2.225,16000,test-clean/1089/134686/1089-134686-0014.flac,HE TRIED TO THINK HOW IT COULD BE
confirmation,test-clean,1089,M,134686,1089-134686-0015,5.815,16000,test-clean/1089/134686/1089-134686-0015.flac,BUT THE DUSK DEEPENING IN THE SCHOOLROOM COVERED OVER HIS THOUGHTS THE BELL RANG
confirmation,test-clean,1089,M,134686,1089-134686-0018,15.72,16000,test-clean/1089/134686/1089-134686-0018.flac,IT WAS STRANGE TOO THAT HE FOUND AN ARID PLEASURE IN FOLLOWING UP TO THE END THE RIGID LINES OF THE DOCTRINES OF THE CHURCH AND PENETRATING INTO OBSCURE SILENCES ONLY TO HEAR AND FEEL THE MORE DEEPLY HIS OWN CONDEMNATION
confirmation,test-clean,1089,M,134686,1089-134686-0019,13.895,16000,test-clean/1089/134686/1089-134686-0019.flac,THE SENTENCE OF SAINT JAMES WHICH SAYS THAT HE WHO OFFENDS AGAINST ONE COMMANDMENT BECOMES GUILTY OF ALL HAD SEEMED TO HIM FIRST A SWOLLEN PHRASE UNTIL HE HAD BEGUN TO GROPE IN THE DARKNESS OF HIS OWN STATE
confirmation,test-clean,1089,M,134686,1089-134686-0023,13.275,16000,test-clean/1089/134686/1089-134686-0023.flac,WHY WAS THE SACRAMENT OF THE EUCHARIST INSTITUTED UNDER THE TWO SPECIES OF BREAD AND WINE IF JESUS CHRIST BE PRESENT BODY AND BLOOD SOUL AND DIVINITY IN THE BREAD ALONE AND IN THE WINE ALONE
confirmation,test-clean,1089,M,134686,1089-134686-0025,6.61,16000,test-clean/1089/134686/1089-134686-0025.flac,A GENTLE KICK FROM THE TALL BOY IN THE BENCH BEHIND URGED STEPHEN TO ASK A DIFFICULT QUESTION
confirmation,test-clean,1089,M,134686,1089-134686-0026,4.01,16000,test-clean/1089/134686/1089-134686-0026.flac,THE RECTOR DID NOT ASK FOR A CATECHISM TO HEAR THE LESSON FROM
confirmation,test-clean,1089,M,134686,1089-134686-0029,4.67,16000,test-clean/1089/134686/1089-134686-0029.flac,ON FRIDAY CONFESSION WILL BE HEARD ALL THE AFTERNOON AFTER BEADS
confirmation,test-clean,1089,M,134686,1089-134686-0030,2.715,16000,test-clean/1089/134686/1089-134686-0030.flac,BEWARE OF MAKING THAT MISTAKE
confirmation,test-clean,1089,M,134686,1089-134686-0034,5.81,16000,test-clean/1089/134686/1089-134686-0034.flac,THE RECTOR PAUSED AND THEN SHAKING HIS CLASPED HANDS BEFORE HIM WENT ON
confirmation,test-clean,1089,M,134686,1089-134686-0035,3.445,16000,test-clean/1089/134686/1089-134686-0035.flac,HE HAD THE FAITH IN HIM THAT MOVES MOUNTAINS
confirmation,test-clean,1089,M,134686,1089-134686-0036,3.25,16000,test-clean/1089/134686/1089-134686-0036.flac,A GREAT SAINT SAINT FRANCIS XAVIER
confirmation,test-clean,1089,M,134691,1089-134691-0000,2.085,16000,test-clean/1089/134691/1089-134691-0000.flac,HE COULD WAIT NO LONGER
confirmation,test-clean,1089,M,134691,1089-134691-0003,2.175,16000,test-clean/1089/134691/1089-134691-0003.flac,THE UNIVERSITY
confirmation,test-clean,1089,M,134691,1089-134691-0004,5.1750625,16000,test-clean/1089/134691/1089-134691-0004.flac,PRIDE AFTER SATISFACTION UPLIFTED HIM LIKE LONG SLOW WAVES
confirmation,test-clean,1089,M,134691,1089-134691-0006,5.895,16000,test-clean/1089/134691/1089-134691-0006.flac,THE PRIDE OF THAT DIM IMAGE BROUGHT BACK TO HIS MIND THE DIGNITY OF THE OFFICE HE HAD REFUSED
confirmation,test-clean,1089,M,134691,1089-134691-0007,3.44,16000,test-clean/1089/134691/1089-134691-0007.flac,SOON THE WHOLE BRIDGE WAS TREMBLING AND RESOUNDING
confirmation,test-clean,1089,M,134691,1089-134691-0010,3.195,16000,test-clean/1089/134691/1089-134691-0010.flac,BROTHER MAC ARDLE BROTHER KEOGH
confirmation,test-clean,1089,M,134691,1089-134691-0011,20.01,16000,test-clean/1089/134691/1089-134691-0011.flac,THEIR PIETY WOULD BE LIKE THEIR NAMES LIKE THEIR FACES LIKE THEIR CLOTHES AND IT WAS IDLE FOR HIM TO TELL HIMSELF THAT THEIR HUMBLE AND CONTRITE HEARTS IT MIGHT BE PAID A FAR RICHER TRIBUTE OF DEVOTION THAN HIS HAD EVER BEEN A GIFT TENFOLD MORE ACCEPTABLE THAN HIS ELABORATE ADORATION
confirmation,test-clean,1089,M,134691,1089-134691-0012,15.03,16000,test-clean/1089/134691/1089-134691-0012.flac,IT WAS IDLE FOR HIM TO MOVE HIMSELF TO BE GENEROUS TOWARDS THEM TO TELL HIMSELF THAT IF HE EVER CAME TO THEIR GATES STRIPPED OF HIS PRIDE BEATEN AND IN BEGGAR'S WEEDS THAT THEY WOULD BE GENEROUS TOWARDS HIM LOVING HIM AS THEMSELVES
confirmation,test-clean,1089,M,134691,1089-134691-0021,13.37,16000,test-clean/1089/134691/1089-134691-0021.flac,THEIR DIVING STONE POISED ON ITS RUDE SUPPORTS AND ROCKING UNDER THEIR PLUNGES AND THE ROUGH HEWN STONES OF THE SLOPING BREAKWATER OVER WHICH THEY SCRAMBLED IN THEIR HORSEPLAY GLEAMED WITH COLD WET LUSTRE
confirmation,test-clean,1089,M,134691,1089-134691-0022,5.635,16000,test-clean/1089/134691/1089-134691-0022.flac,HE STOOD STILL IN DEFERENCE TO THEIR CALLS AND PARRIED THEIR BANTER WITH EASY WORDS
confirmation,test-clean,1089,M,134691,1089-134691-0023,7.735,16000,test-clean/1089/134691/1089-134691-0023.flac,IT WAS A PAIN TO SEE THEM AND A SWORD LIKE PAIN TO SEE THE SIGNS OF ADOLESCENCE THAT MADE REPELLENT THEIR PITIABLE NAKEDNESS
confirmation,test-clean,1188,M,133604,1188-133604-0000,10.725,16000,test-clean/1188/133604/1188-133604-0000.flac,YOU WILL FIND ME CONTINUALLY SPEAKING OF FOUR MEN TITIAN HOLBEIN TURNER AND TINTORET IN ALMOST THE SAME TERMS
confirmation,test-clean,1188,M,133604,1188-133604-0001,9.04,16000,test-clean/1188/133604/1188-133604-0001.flac,THEY UNITE EVERY QUALITY AND SOMETIMES YOU WILL FIND ME REFERRING TO THEM AS COLORISTS SOMETIMES AS CHIAROSCURISTS
confirmation,test-clean,1188,M,133604,1188-133604-0005,8.56,16000,test-clean/1188/133604/1188-133604-0005.flac,IT IS THE HEAD OF A PARROT WITH A LITTLE FLOWER IN HIS BEAK FROM A PICTURE OF CARPACCIO'S ONE OF HIS SERIES OF THE LIFE OF SAINT GEORGE
confirmation,test-clean,1188,M,133604,1188-133604-0006,2.4,16000,test-clean/1188/133604/1188-133604-0006.flac,THEN HE COMES TO THE BEAK OF IT
confirmation,test-clean,1188,M,133604,1188-133604-0007,14.24,16000,test-clean/1188/133604/1188-133604-0007.flac,THE BROWN GROUND BENEATH IS LEFT FOR THE MOST PART ONE TOUCH OF BLACK IS PUT FOR THE HOLLOW TWO DELICATE LINES OF DARK GRAY DEFINE THE OUTER CURVE AND ONE LITTLE QUIVERING TOUCH OF WHITE DRAWS THE INNER EDGE OF THE MANDIBLE
confirmation,test-clean,1188,M,133604,1188-133604-0009,23.06,16000,test-clean/1188/133604/1188-133604-0009.flac,NOW YOU WILL SEE IN THESE STUDIES THAT THE MOMENT THE WHITE IS INCLOSED PROPERLY AND HARMONIZED WITH THE OTHER HUES IT BECOMES SOMEHOW MORE PRECIOUS AND PEARLY THAN THE WHITE PAPER AND THAT I AM NOT AFRAID TO LEAVE A WHOLE FIELD OF UNTREATED WHITE PAPER ALL ROUND IT BEING SURE THAT EVEN THE LITTLE DIAMONDS IN THE ROUND WINDOW WILL TELL AS JEWELS IF THEY ARE GRADATED JUSTLY
confirmation,test-clean,1188,M,133604,1188-133604-0010,6.095,16000,test-clean/1188/133604/1188-133604-0010.flac,BUT IN THIS VIGNETTE COPIED FROM TURNER YOU HAVE THE TWO PRINCIPLES BROUGHT OUT PERFECTLY
confirmation,test-clean,1188,M,133604,1188-133604-0012,14.65,16000,test-clean/1188/133604/1188-133604-0012.flac,IT MAY BE THAT A GREAT COLORIST WILL USE HIS UTMOST FORCE OF COLOR AS A SINGER HIS FULL POWER OF VOICE BUT LOUD OR LOW THE VIRTUE IS IN BOTH CASES ALWAYS IN REFINEMENT NEVER IN LOUDNESS
confirmation,test-clean,1188,M,133604,1188-133604-0013,3.02,16000,test-clean/1188/133604/1188-133604-0013.flac,IT MUST REMEMBER BE ONE OR THE OTHER
confirmation,test-clean,1188,M,133604,1188-133604-0016,16.595,16000,test-clean/1188/133604/1188-133604-0016.flac,THIS AT ONCE COMPELS YOU TO UNDERSTAND THAT THE WORK IS TO BE IMAGINATIVE AND DECORATIVE THAT IT REPRESENTS BEAUTIFUL THINGS IN THE CLEAREST WAY BUT NOT UNDER EXISTING CONDITIONS AND THAT IN FACT YOU ARE PRODUCING JEWELER'S WORK RATHER THAN PICTURES
confirmation,test-clean,1188,M,133604,1188-133604-0017,4.615,16000,test-clean/1188/133604/1188-133604-0017.flac,THAT A STYLE IS RESTRAINED OR SEVERE DOES NOT MEAN THAT IT IS ALSO ERRONEOUS
confirmation,test-clean,1188,M,133604,1188-133604-0018,11.5499375,16000,test-clean/1188/133604/1188-133604-0018.flac,IN ALL EARLY GOTHIC ART INDEED YOU WILL FIND FAILURE OF THIS KIND ESPECIALLY DISTORTION AND RIGIDITY WHICH ARE IN MANY RESPECTS PAINFULLY TO BE COMPARED WITH THE SPLENDID REPOSE OF CLASSIC ART
confirmation,test-clean,1188,M,133604,1188-133604-0019,13.93,16000,test-clean/1188/133604/1188-133604-0019.flac,THE LARGE LETTER CONTAINS INDEED ENTIRELY FEEBLE AND ILL DRAWN FIGURES THAT IS MERELY CHILDISH AND FAILING WORK OF AN INFERIOR HAND IT IS NOT CHARACTERISTIC OF GOTHIC OR ANY OTHER SCHOOL
confirmation,test-clean,1188,M,133604,1188-133604-0020,10.26,16000,test-clean/1188/133604/1188-133604-0020.flac,BUT OBSERVE YOU CAN ONLY DO THIS ON ONE CONDITION THAT OF STRIVING ALSO TO CREATE IN REALITY THE BEAUTY WHICH YOU SEEK IN IMAGINATION
confirmation,test-clean,1188,M,133604,1188-133604-0021,14.02,16000,test-clean/1188/133604/1188-133604-0021.flac,IT WILL BE WHOLLY IMPOSSIBLE FOR YOU TO RETAIN THE TRANQUILLITY OF TEMPER AND FELICITY OF FAITH NECESSARY FOR NOBLE PURIST PAINTING UNLESS YOU ARE ACTIVELY ENGAGED IN PROMOTING THE FELICITY AND PEACE OF PRACTICAL LIFE
confirmation,test-clean,1188,M,133604,1188-133604-0022,9.63,16000,test-clean/1188/133604/1188-133604-0022.flac,YOU MUST LOOK AT HIM IN THE FACE FIGHT HIM CONQUER HIM WITH WHAT SCATHE YOU MAY YOU NEED NOT THINK TO KEEP OUT OF THE WAY OF HIM
confirmation,test-clean,1188,M,133604,1188-133604-0024,15.24,16000,test-clean/1188/133604/1188-133604-0024.flac,NOTHING WILL BE MORE PRECIOUS TO YOU I THINK IN THE PRACTICAL STUDY OF ART THAN THE CONVICTION WHICH WILL FORCE ITSELF ON YOU MORE AND MORE EVERY HOUR OF THE WAY ALL THINGS ARE BOUND TOGETHER LITTLE AND GREAT IN SPIRIT AND IN MATTER
confirmation,test-clean,1188,M,133604,1188-133604-0025,7.45,16000,test-clean/1188/133604/1188-133604-0025.flac,YOU KNOW I HAVE JUST BEEN TELLING YOU HOW THIS SCHOOL OF MATERIALISM AND CLAY INVOLVED ITSELF AT LAST IN CLOUD AND FIRE
confirmation,test-clean,1188,M,133604,1188-133604-0026,20.125,16000,test-clean/1188/133604/1188-133604-0026.flac,HERE IS AN EQUALLY TYPICAL GREEK SCHOOL LANDSCAPE BY WILSON LOST WHOLLY IN GOLDEN MIST THE TREES SO SLIGHTLY DRAWN THAT YOU DON'T KNOW IF THEY ARE TREES OR TOWERS AND NO CARE FOR COLOR WHATEVER PERFECTLY DECEPTIVE AND MARVELOUS EFFECT OF SUNSHINE THROUGH THE MIST APOLLO AND THE PYTHON
confirmation,test-clean,1188,M,133604,1188-133604-0027,11.245,16000,test-clean/1188/133604/1188-133604-0027.flac,NOW HERE IS RAPHAEL EXACTLY BETWEEN THE TWO TREES STILL DRAWN LEAF BY LEAF WHOLLY FORMAL BUT BEAUTIFUL MIST COMING GRADUALLY INTO THE DISTANCE
confirmation,test-clean,1188,M,133604,1188-133604-0028,19.005,16000,test-clean/1188/133604/1188-133604-0028.flac,WELL THEN LAST HERE IS TURNER'S GREEK SCHOOL OF THE HIGHEST CLASS AND YOU DEFINE HIS ART ABSOLUTELY AS FIRST THE DISPLAYING INTENSELY AND WITH THE STERNEST INTELLECT OF NATURAL FORM AS IT IS AND THEN THE ENVELOPMENT OF IT WITH CLOUD AND FIRE
confirmation,test-clean,1188,M,133604,1188-133604-0029,3.705,16000,test-clean/1188/133604/1188-133604-0029.flac,ONLY THERE ARE TWO SORTS OF CLOUD AND FIRE
confirmation,test-clean,1188,M,133604,1188-133604-0032,10.985,16000,test-clean/1188/133604/1188-133604-0032.flac,IT IS ONLY A PENCIL OUTLINE BY EDWARD BURNE JONES IN ILLUSTRATION OF THE STORY OF PSYCHE IT IS THE INTRODUCTION OF PSYCHE AFTER ALL HER TROUBLES INTO HEAVEN
confirmation,test-clean,1188,M,133604,1188-133604-0033,6.625,16000,test-clean/1188/133604/1188-133604-0033.flac,EVERY PLANT IN THE GRASS IS SET FORMALLY GROWS PERFECTLY AND MAY BE REALIZED COMPLETELY
confirmation,test-clean,1188,M,133604,1188-133604-0034,20.905,16000,test-clean/1188/133604/1188-133604-0034.flac,EXQUISITE ORDER AND UNIVERSAL WITH ETERNAL LIFE AND LIGHT THIS IS THE FAITH AND EFFORT OF THE SCHOOLS OF CRYSTAL AND YOU MAY DESCRIBE AND COMPLETE THEIR WORK QUITE LITERALLY BY TAKING ANY VERSES OF CHAUCER IN HIS TENDER MOOD AND OBSERVING HOW HE INSISTS ON THE CLEARNESS AND BRIGHTNESS FIRST AND THEN ON THE ORDER
confirmation,test-clean,1188,M,133604,1188-133604-0035,2.925,16000,test-clean/1188/133604/1188-133604-0035.flac,THUS IN CHAUCER'S DREAM
confirmation,test-clean,1188,M,133604,1188-133604-0036,7.97,16000,test-clean/1188/133604/1188-133604-0036.flac,IN BOTH THESE HIGH MYTHICAL SUBJECTS THE SURROUNDING NATURE THOUGH SUFFERING IS STILL DIGNIFIED AND BEAUTIFUL
confirmation,test-clean,1188,M,133604,1188-133604-0038,5.365,16000,test-clean/1188/133604/1188-133604-0038.flac,BUT NOW HERE IS A SUBJECT OF WHICH YOU WILL WONDER AT FIRST WHY TURNER DREW IT AT ALL
confirmation,test-clean,1188,M,133604,1188-133604-0042,2.66,16000,test-clean/1188/133604/1188-133604-0042.flac,THE SCENE IS ABSOLUTELY ARCADIAN
confirmation,test-clean,1188,M,133604,1188-133604-0043,4.885,16000,test-clean/1188/133604/1188-133604-0043.flac,SEE THAT YOUR LIVES BE IN NOTHING WORSE THAN A BOY'S CLIMBING FOR HIS ENTANGLED KITE
confirmation,test-clean,1221,F,135766,1221-135766-0001,16.715,16000,test-clean/1221/135766/1221-135766-0001.flac,GOD AS A DIRECT CONSEQUENCE OF THE SIN WHICH MAN THUS PUNISHED HAD GIVEN HER A LOVELY CHILD WHOSE PLACE WAS ON THAT SAME DISHONOURED BOSOM TO CONNECT HER PARENT FOR EVER WITH THE RACE AND DESCENT OF MORTALS AND TO BE FINALLY A BLESSED SOUL IN HEAVEN
confirmation,test-clean,1221,F,135766,1221-135766-0002,4.825,16000,test-clean/1221/135766/1221-135766-0002.flac,YET THESE THOUGHTS AFFECTED HESTER PRYNNE LESS WITH HOPE THAN APPREHENSION
confirmation,test-clean,1221,F,135766,1221-135766-0003,13.72,16000,test-clean/1221/135766/1221-135766-0003.flac,THE CHILD HAD A NATIVE GRACE WHICH DOES NOT INVARIABLY CO EXIST WITH FAULTLESS BEAUTY ITS ATTIRE HOWEVER SIMPLE ALWAYS IMPRESSED THE BEHOLDER AS IF IT WERE THE VERY GARB THAT PRECISELY BECAME IT BEST
confirmation,test-clean,1221,F,135766,1221-135766-0004,7.44,16000,test-clean/1221/135766/1221-135766-0004.flac,THIS OUTWARD MUTABILITY INDICATED AND DID NOT MORE THAN FAIRLY EXPRESS THE VARIOUS PROPERTIES OF HER INNER LIFE
confirmation,test-clean,1221,F,135766,1221-135766-0005,16.645,16000,test-clean/1221/135766/1221-135766-0005.flac,HESTER COULD ONLY ACCOUNT FOR THE CHILD'S CHARACTER AND EVEN THEN MOST VAGUELY AND IMPERFECTLY BY RECALLING WHAT SHE HERSELF HAD BEEN DURING THAT MOMENTOUS PERIOD WHILE PEARL WAS IMBIBING HER SOUL FROM THE SPIRITUAL WORLD AND HER BODILY FRAME FROM ITS MATERIAL OF EARTH
confirmation,test-clean,1221,F,135766,1221-135766-0008,10.78,16000,test-clean/1221/135766/1221-135766-0008.flac,MINDFUL HOWEVER OF HER OWN ERRORS AND MISFORTUNES SHE EARLY SOUGHT TO IMPOSE A TENDER BUT STRICT CONTROL OVER THE INFANT IMMORTALITY THAT WAS COMMITTED TO HER CHARGE
confirmation,test-clean,1221,F,135766,1221-135766-0009,10.19,16000,test-clean/1221/135766/1221-135766-0009.flac,AS TO ANY OTHER KIND OF DISCIPLINE WHETHER ADDRESSED TO HER MIND OR HEART LITTLE PEARL MIGHT OR MIGHT NOT BE WITHIN ITS REACH IN ACCORDANCE WITH THE CAPRICE THAT RULED THE MOMENT
confirmation,test-clean,1221,F,135766,1221-135766-0011,21.345,16000,test-clean/1221/135766/1221-135766-0011.flac,BEHOLDING IT HESTER WAS CONSTRAINED TO RUSH TOWARDS THE CHILD TO PURSUE THE LITTLE ELF IN THE FLIGHT WHICH SHE INVARIABLY BEGAN TO SNATCH HER TO HER BOSOM WITH A CLOSE PRESSURE AND EARNEST KISSES NOT SO MUCH FROM OVERFLOWING LOVE AS TO ASSURE HERSELF THAT PEARL WAS FLESH AND BLOOD AND NOT UTTERLY DELUSIVE
confirmation,test-clean,1221,F,135766,1221-135766-0013,3.645,16000,test-clean/1221/135766/1221-135766-0013.flac,PEARL WAS A BORN OUTCAST OF THE INFANTILE WORLD
confirmation,test-clean,1221,F,135766,1221-135766-0014,4.75,16000,test-clean/1221/135766/1221-135766-0014.flac,PEARL SAW AND GAZED INTENTLY BUT NEVER SOUGHT TO MAKE ACQUAINTANCE
confirmation,test-clean,1221,F,135766,1221-135766-0015,2.63,16000,test-clean/1221/135766/1221-135766-0015.flac,IF SPOKEN TO SHE WOULD NOT SPEAK AGAIN
confirmation,test-clean,1221,F,135767,1221-135767-0001,13.43,16000,test-clean/1221/135767/1221-135767-0001.flac,ANOTHER AND FAR MORE IMPORTANT REASON THAN THE DELIVERY OF A PAIR OF EMBROIDERED GLOVES IMPELLED HESTER AT THIS TIME TO SEEK AN INTERVIEW WITH A PERSONAGE OF SO MUCH POWER AND ACTIVITY IN THE AFFAIRS OF THE SETTLEMENT
confirmation,test-clean,1221,F,135767,1221-135767-0002,16.12,16000,test-clean/1221/135767/1221-135767-0002.flac,AT THAT EPOCH OF PRISTINE SIMPLICITY HOWEVER MATTERS OF EVEN SLIGHTER PUBLIC INTEREST AND OF FAR LESS INTRINSIC WEIGHT THAN THE WELFARE OF HESTER AND HER CHILD WERE STRANGELY MIXED UP WITH THE DELIBERATIONS OF LEGISLATORS AND ACTS OF STATE
confirmation,test-clean,1221,F,135767,1221-135767-0003,18.63,16000,test-clean/1221/135767/1221-135767-0003.flac,THE PERIOD WAS HARDLY IF AT ALL EARLIER THAN THAT OF OUR STORY WHEN A DISPUTE CONCERNING THE RIGHT OF PROPERTY IN A PIG NOT ONLY CAUSED A FIERCE AND BITTER CONTEST IN THE LEGISLATIVE BODY OF THE COLONY BUT RESULTED IN AN IMPORTANT MODIFICATION OF THE FRAMEWORK ITSELF OF THE LEGISLATURE
confirmation,test-clean,1221,F,135767,1221-135767-0004,19.09,16000,test-clean/1221/135767/1221-135767-0004.flac,WE HAVE SPOKEN OF PEARL'S RICH AND LUXURIANT BEAUTY A BEAUTY THAT SHONE WITH DEEP AND VIVID TINTS A BRIGHT COMPLEXION EYES POSSESSING INTENSITY BOTH OF DEPTH AND GLOW AND HAIR ALREADY OF A DEEP GLOSSY BROWN AND WHICH IN AFTER YEARS WOULD BE NEARLY AKIN TO BLACK
confirmation,test-clean,1221,F,135767,1221-135767-0005,5.865,16000,test-clean/1221/135767/1221-135767-0005.flac,IT WAS THE SCARLET LETTER IN ANOTHER FORM THE SCARLET LETTER ENDOWED WITH LIFE
confirmation,test-clean,1221,F,135767,1221-135767-0006,20.56,16000,test-clean/1221/135767/1221-135767-0006.flac,THE MOTHER HERSELF AS IF THE RED IGNOMINY WERE SO DEEPLY SCORCHED INTO HER BRAIN THAT ALL HER CONCEPTIONS ASSUMED ITS FORM HAD CAREFULLY WROUGHT OUT THE SIMILITUDE LAVISHING MANY HOURS OF MORBID INGENUITY TO CREATE AN ANALOGY BETWEEN THE OBJECT OF HER AFFECTION AND THE EMBLEM OF HER GUILT AND TORTURE
confirmation,test-clean,1221,F,135767,1221-135767-0007,12.77,16000,test-clean/1221/135767/1221-135767-0007.flac,BUT IN TRUTH PEARL WAS THE ONE AS WELL AS THE OTHER AND ONLY IN CONSEQUENCE OF THAT IDENTITY HAD HESTER CONTRIVED SO PERFECTLY TO REPRESENT THE SCARLET LETTER IN HER APPEARANCE
confirmation,test-clean,1221,F,135767,1221-135767-0009,13.34,16000,test-clean/1221/135767/1221-135767-0009.flac,BUT PEARL WHO WAS A DAUNTLESS CHILD AFTER FROWNING STAMPING HER FOOT AND SHAKING HER LITTLE HAND WITH A VARIETY OF THREATENING GESTURES SUDDENLY MADE A RUSH AT THE KNOT OF HER ENEMIES AND PUT THEM ALL TO FLIGHT
confirmation,test-clean,1221,F,135767,1221-135767-0010,8.2,16000,test-clean/1221/135767/1221-135767-0010.flac,SHE SCREAMED AND SHOUTED TOO WITH A TERRIFIC VOLUME OF SOUND WHICH DOUBTLESS CAUSED THE HEARTS OF THE FUGITIVES TO QUAKE WITHIN THEM
confirmation,test-clean,1221,F,135767,1221-135767-0013,11.985,16000,test-clean/1221/135767/1221-135767-0013.flac,LIFTING THE IRON HAMMER THAT HUNG AT THE PORTAL HESTER PRYNNE GAVE A SUMMONS WHICH WAS ANSWERED BY ONE OF THE GOVERNOR'S BOND SERVANT A FREE BORN ENGLISHMAN BUT NOW A SEVEN YEARS SLAVE
confirmation,test-clean,1221,F,135767,1221-135767-0014,7.07,16000,test-clean/1221/135767/1221-135767-0014.flac,YEA HIS HONOURABLE WORSHIP IS WITHIN BUT HE HATH A GODLY MINISTER OR TWO WITH HIM AND LIKEWISE A LEECH
confirmation,test-clean,1221,F,135767,1221-135767-0016,15.255,16000,test-clean/1221/135767/1221-135767-0016.flac,WITH MANY VARIATIONS SUGGESTED BY THE NATURE OF HIS BUILDING MATERIALS DIVERSITY OF CLIMATE AND A DIFFERENT MODE OF SOCIAL LIFE GOVERNOR BELLINGHAM HAD PLANNED HIS NEW HABITATION AFTER THE RESIDENCES OF GENTLEMEN OF FAIR ESTATE IN HIS NATIVE LAND
confirmation,test-clean,1221,F,135767,1221-135767-0017,16.72,16000,test-clean/1221/135767/1221-135767-0017.flac,ON THE TABLE IN TOKEN THAT THE SENTIMENT OF OLD ENGLISH HOSPITALITY HAD NOT BEEN LEFT BEHIND STOOD A LARGE PEWTER TANKARD AT THE BOTTOM OF WHICH HAD HESTER OR PEARL PEEPED INTO IT THEY MIGHT HAVE SEEN THE FROTHY REMNANT OF A RECENT DRAUGHT OF ALE
confirmation,test-clean,1221,F,135767,1221-135767-0018,11.16,16000,test-clean/1221/135767/1221-135767-0018.flac,LITTLE PEARL WHO WAS AS GREATLY PLEASED WITH THE GLEAMING ARMOUR AS SHE HAD BEEN WITH THE GLITTERING FRONTISPIECE OF THE HOUSE SPENT SOME TIME LOOKING INTO THE POLISHED MIRROR OF THE BREASTPLATE
confirmation,test-clean,1221,F,135767,1221-135767-0020,3.345,16000,test-clean/1221/135767/1221-135767-0020.flac,IN TRUTH SHE SEEMED ABSOLUTELY HIDDEN BEHIND IT
confirmation,test-clean,1221,F,135767,1221-135767-0021,12.72,16000,test-clean/1221/135767/1221-135767-0021.flac,PEARL ACCORDINGLY RAN TO THE BOW WINDOW AT THE FURTHER END OF THE HALL AND LOOKED ALONG THE VISTA OF A GARDEN WALK CARPETED WITH CLOSELY SHAVEN GRASS AND BORDERED WITH SOME RUDE AND IMMATURE ATTEMPT AT SHRUBBERY
confirmation,test-clean,1221,F,135767,1221-135767-0022,14.395,16000,test-clean/1221/135767/1221-135767-0022.flac,BUT THE PROPRIETOR APPEARED ALREADY TO HAVE RELINQUISHED AS HOPELESS THE EFFORT TO PERPETUATE ON THIS SIDE OF THE ATLANTIC IN A HARD SOIL AND AMID THE CLOSE STRUGGLE FOR SUBSISTENCE THE NATIVE ENGLISH TASTE FOR ORNAMENTAL GARDENING
confirmation,test-clean,1221,F,135767,1221-135767-0023,16.27,16000,test-clean/1221/135767/1221-135767-0023.flac,THERE WERE A FEW ROSE BUSHES HOWEVER AND A NUMBER OF APPLE TREES PROBABLY THE DESCENDANTS OF THOSE PLANTED BY THE REVEREND MISTER BLACKSTONE THE FIRST SETTLER OF THE PENINSULA THAT HALF MYTHOLOGICAL PERSONAGE WHO RIDES THROUGH OUR EARLY ANNALS SEATED ON THE BACK OF A BULL
confirmation,test-clean,1221,F,135767,1221-135767-0024,5.85,16000,test-clean/1221/135767/1221-135767-0024.flac,PEARL SEEING THE ROSE BUSHES BEGAN TO CRY FOR A RED ROSE AND WOULD NOT BE PACIFIED
confirmation,test-clean,1284,F,1180,1284-1180-0001,7.755,16000,test-clean/1284/1180/1284-1180-0001.flac,HIS HAT HAD A PEAKED CROWN AND A FLAT BRIM AND AROUND THE BRIM WAS A ROW OF TINY GOLDEN BELLS THAT TINKLED WHEN HE MOVED
confirmation,test-clean,1284,F,1180,1284-1180-0004,4.285,16000,test-clean/1284/1180/1284-1180-0004.flac,WHEN THEY WERE OUTSIDE UNC SIMPLY LATCHED THE DOOR AND STARTED UP THE PATH
confirmation,test-clean,1284,F,1180,1284-1180-0006,6.865,16000,test-clean/1284/1180/1284-1180-0006.flac,AT THE FOOT OF THE MOUNTAIN THAT SEPARATED THE COUNTRY OF THE MUNCHKINS FROM THE COUNTRY OF THE GILLIKINS THE PATH DIVIDED
confirmation,test-clean,1284,F,1180,1284-1180-0009,6.285,16000,test-clean/1284/1180/1284-1180-0009.flac,THEN THEY STARTED ON AGAIN AND TWO HOURS LATER CAME IN SIGHT OF THE HOUSE OF DOCTOR PIPT
confirmation,test-clean,1284,F,1180,1284-1180-0010,8.635,16000,test-clean/1284/1180/1284-1180-0010.flac,UNC KNOCKED AT THE DOOR OF THE HOUSE AND A CHUBBY PLEASANT FACED WOMAN DRESSED ALL IN BLUE OPENED IT AND GREETED THE VISITORS WITH A SMILE
confirmation,test-clean,1284,F,1180,1284-1180-0012,4.88,16000,test-clean/1284/1180/1284-1180-0012.flac,WE HAVE COME FROM A FAR LONELIER PLACE THAN THIS A LONELIER PLACE
confirmation,test-clean,1284,F,1180,1284-1180-0017,10.68,16000,test-clean/1284/1180/1284-1180-0017.flac,AT ONE END STOOD A GREAT FIREPLACE IN WHICH A BLUE LOG WAS BLAZING WITH A BLUE FLAME AND OVER THE FIRE HUNG FOUR KETTLES IN A ROW ALL BUBBLING AND STEAMING AT A GREAT RATE
confirmation,test-clean,1284,F,1180,1284-1180-0018,12.005,16000,test-clean/1284/1180/1284-1180-0018.flac,IT TAKES ME SEVERAL YEARS TO MAKE THIS MAGIC POWDER BUT AT THIS MOMENT I AM PLEASED TO SAY IT IS NEARLY DONE YOU SEE I AM MAKING IT FOR MY GOOD WIFE MARGOLOTTE WHO WANTS TO USE SOME OF IT FOR A PURPOSE OF HER OWN
confirmation,test-clean,1284,F,1180,1284-1180-0019,15.025,16000,test-clean/1284/1180/1284-1180-0019.flac,YOU MUST KNOW SAID MARGOLOTTE WHEN THEY WERE ALL SEATED TOGETHER ON THE BROAD WINDOW SEAT THAT MY HUSBAND FOOLISHLY GAVE AWAY ALL THE POWDER OF LIFE HE FIRST MADE TO OLD MOMBI THE WITCH WHO USED TO LIVE IN THE COUNTRY OF THE GILLIKINS TO THE NORTH OF HERE
confirmation,test-clean,1284,F,1180,1284-1180-0021,9.84,16000,test-clean/1284/1180/1284-1180-0021.flac,I THINK THE NEXT GLASS CAT THE MAGICIAN MAKES WILL HAVE NEITHER BRAINS NOR HEART FOR THEN IT WILL NOT OBJECT TO CATCHING MICE AND MAY PROVE OF SOME USE TO US
confirmation,test-clean,1284,F,1180,1284-1180-0026,8.29,16000,test-clean/1284/1180/1284-1180-0026.flac,BUT FIRST I WILL TELL YOU THAT FOR MANY YEARS I HAVE LONGED FOR A SERVANT TO HELP ME WITH THE HOUSEWORK AND TO COOK THE MEALS AND WASH THE DISHES
confirmation,test-clean,1284,F,1180,1284-1180-0027,3.27,16000,test-clean/1284/1180/1284-1180-0027.flac,YET THAT TASK WAS NOT SO EASY AS YOU MAY SUPPOSE
confirmation,test-clean,1284,F,1180,1284-1180-0028,6.045,16000,test-clean/1284/1180/1284-1180-0028.flac,A BED QUILT MADE OF PATCHES OF DIFFERENT KINDS AND COLORS OF CLOTH ALL NEATLY SEWED TOGETHER
confirmation,test-clean,1284,F,1180,1284-1180-0032,5.78,16000,test-clean/1284/1180/1284-1180-0032.flac,I WILL SHOW YOU WHAT A GOOD JOB I DID AND SHE WENT TO A TALL CUPBOARD AND THREW OPEN THE DOORS
confirmation,test-clean,1284,F,1181,1284-1181-0000,3.965,16000,test-clean/1284/1181/1284-1181-0000.flac,OJO EXAMINED THIS CURIOUS CONTRIVANCE WITH WONDER
confirmation,test-clean,1284,F,1181,1284-1181-0001,11.43,16000,test-clean/1284/1181/1284-1181-0001.flac,MARGOLOTTE HAD FIRST MADE THE GIRL'S FORM FROM THE PATCHWORK QUILT AND THEN SHE HAD DRESSED IT WITH A PATCHWORK SKIRT AND AN APRON WITH POCKETS IN IT USING THE SAME GAY MATERIAL THROUGHOUT
confirmation,test-clean,1284,F,1181,1284-1181-0002,3.835,16000,test-clean/1284/1181/1284-1181-0002.flac,THE HEAD OF THE PATCHWORK GIRL WAS THE MOST CURIOUS PART OF HER
confirmation,test-clean,1284,F,1181,1284-1181-0005,3.855,16000,test-clean/1284/1181/1284-1181-0005.flac,NO I FORGOT ALL ABOUT THE BRAINS EXCLAIMED THE WOMAN
confirmation,test-clean,1284,F,1181,1284-1181-0006,11.405,16000,test-clean/1284/1181/1284-1181-0006.flac,WELL THAT MAY BE TRUE AGREED MARGOLOTTE BUT ON THE CONTRARY A SERVANT WITH TOO MUCH BRAINS IS SURE TO BECOME INDEPENDENT AND HIGH AND MIGHTY AND FEEL ABOVE HER WORK
confirmation,test-clean,1284,F,1181,1284-1181-0007,4.04,16000,test-clean/1284/1181/1284-1181-0007.flac,SHE POURED INTO THE DISH A QUANTITY FROM EACH OF THESE BOTTLES
confirmation,test-clean,1284,F,1181,1284-1181-0009,5.245,16000,test-clean/1284/1181/1284-1181-0009.flac,SHE RAN TO HER HUSBAND'S SIDE AT ONCE AND HELPED HIM LIFT THE FOUR KETTLES FROM THE FIRE
confirmation,test-clean,1284,F,1181,1284-1181-0013,12.66,16000,test-clean/1284/1181/1284-1181-0013.flac,OJO BECAME A BIT UNEASY AT THIS FOR HE HAD ALREADY PUT QUITE A LOT OF THE CLEVERNESS POWDER IN THE DISH BUT HE DARED NOT INTERFERE AND SO HE COMFORTED HIMSELF WITH THE THOUGHT THAT ONE CANNOT HAVE TOO MUCH CLEVERNESS
confirmation,test-clean,1284,F,1181,1284-1181-0017,11.775,16000,test-clean/1284/1181/1284-1181-0017.flac,THE WIZARD OF OZ WHO USED TO BE A HUMBUG AND KNEW NO MAGIC AT ALL HAS BEEN TAKING LESSONS OF GLINDA AND I'M TOLD HE IS GETTING TO BE A PRETTY GOOD WIZARD BUT HE IS MERELY THE ASSISTANT OF THE GREAT SORCERESS
confirmation,test-clean,1284,F,1181,1284-1181-0018,3.16,16000,test-clean/1284/1181/1284-1181-0018.flac,IT TRULY IS ASSERTED THE MAGICIAN
confirmation,test-clean,1284,F,1181,1284-1181-0020,6.73,16000,test-clean/1284/1181/1284-1181-0020.flac,DEAR ME WHAT A CHATTERBOX YOU'RE GETTING TO BE UNC REMARKED THE MAGICIAN WHO WAS PLEASED WITH THE COMPLIMENT
confirmation,test-clean,1284,F,134647,1284-134647-0001,10.275,16000,test-clean/1284/134647/1284-134647-0001.flac,THE EDICT OF MILAN THE GREAT CHARTER OF TOLERATION HAD CONFIRMED TO EACH INDIVIDUAL OF THE ROMAN WORLD THE PRIVILEGE OF CHOOSING AND PROFESSING HIS OWN RELIGION
confirmation,test-clean,1284,F,134647,1284-134647-0004,12.835,16000,test-clean/1284/134647/1284-134647-0004.flac,SOME OF THE PENAL REGULATIONS WERE COPIED FROM THE EDICTS OF DIOCLETIAN AND THIS METHOD OF CONVERSION WAS APPLAUDED BY THE SAME BISHOPS WHO HAD FELT THE HAND OF OPPRESSION AND PLEADED FOR THE RIGHTS OF HUMANITY
confirmation,test-clean,1284,F,134647,1284-134647-0005,23.3350625,16000,test-clean/1284/134647/1284-134647-0005.flac,THEY ASSERTED WITH CONFIDENCE AND ALMOST WITH EXULTATION THAT THE APOSTOLICAL SUCCESSION WAS INTERRUPTED THAT ALL THE BISHOPS OF EUROPE AND ASIA WERE INFECTED BY THE CONTAGION OF GUILT AND SCHISM AND THAT THE PREROGATIVES OF THE CATHOLIC CHURCH WERE CONFINED TO THE CHOSEN PORTION OF THE AFRICAN BELIEVERS WHO ALONE HAD PRESERVED INVIOLATE THE INTEGRITY OF THEIR FAITH AND DISCIPLINE
confirmation,test-clean,1284,F,134647,1284-134647-0006,10.155,16000,test-clean/1284/134647/1284-134647-0006.flac,BISHOPS VIRGINS AND EVEN SPOTLESS INFANTS WERE SUBJECTED TO THE DISGRACE OF A PUBLIC PENANCE BEFORE THEY COULD BE ADMITTED TO THE COMMUNION OF THE DONATISTS
confirmation,test-clean,1284,F,134647,1284-134647-0007,14.17,16000,test-clean/1284/134647/1284-134647-0007.flac,PROSCRIBED BY THE CIVIL AND ECCLESIASTICAL POWERS OF THE EMPIRE THE DONATISTS STILL MAINTAINED IN SOME PROVINCES PARTICULARLY IN NUMIDIA THEIR SUPERIOR NUMBERS AND FOUR HUNDRED BISHOPS ACKNOWLEDGED THE JURISDICTION OF THEIR PRIMATE
confirmation,test-clean,1320,M,122612,1320-122612-0001,9.52,16000,test-clean/1320/122612/1320-122612-0001.flac,THE DEWS WERE SUFFERED TO EXHALE AND THE SUN HAD DISPERSED THE MISTS AND WAS SHEDDING A STRONG AND CLEAR LIGHT IN THE FOREST WHEN THE TRAVELERS RESUMED THEIR JOURNEY
confirmation,test-clean,1320,M,122612,1320-122612-0002,7.46,16000,test-clean/1320/122612/1320-122612-0002.flac,AFTER PROCEEDING A FEW MILES THE PROGRESS OF HAWKEYE WHO LED THE ADVANCE BECAME MORE DELIBERATE AND WATCHFUL
confirmation,test-clean,1320,M,122612,1320-122612-0004,6.425,16000,test-clean/1320/122612/1320-122612-0004.flac,DISTRUSTING HIS OWN JUDGMENT HIS APPEALS TO THE OPINION OF CHINGACHGOOK WERE FREQUENT AND EARNEST
confirmation,test-clean,1320,M,122612,1320-122612-0005,5.915,16000,test-clean/1320/122612/1320-122612-0005.flac,YET HERE ARE WE WITHIN A SHORT RANGE OF THE SCAROONS AND NOT A SIGN OF A TRAIL HAVE WE CROSSED
confirmation,test-clean,1320,M,122612,1320-122612-0006,4.845,16000,test-clean/1320/122612/1320-122612-0006.flac,LET US RETRACE OUR STEPS AND EXAMINE AS WE GO WITH KEENER EYES
confirmation,test-clean,1320,M,122612,1320-122612-0007,5.54,16000,test-clean/1320/122612/1320-122612-0007.flac,CHINGACHGOOK HAD CAUGHT THE LOOK AND MOTIONING WITH HIS HAND HE BADE HIM SPEAK
confirmation,test-clean,1320,M,122612,1320-122612-0008,7.875,16000,test-clean/1320/122612/1320-122612-0008.flac,THE EYES OF THE WHOLE PARTY FOLLOWED THE UNEXPECTED MOVEMENT AND READ THEIR SUCCESS IN THE AIR OF TRIUMPH THAT THE YOUTH ASSUMED
confirmation,test-clean,1320,M,122612,1320-122612-0011,13.695,16000,test-clean/1320/122612/1320-122612-0011.flac,IF A ROCK OR A RIVULET OR A BIT OF EARTH HARDER THAN COMMON SEVERED THE LINKS OF THE CLEW THEY FOLLOWED THE TRUE EYE OF THE SCOUT RECOVERED THEM AT A DISTANCE AND SELDOM RENDERED THE DELAY OF A SINGLE MOMENT NECESSARY
confirmation,test-clean,1320,M,122612,1320-122612-0013,6.55,16000,test-clean/1320/122612/1320-122612-0013.flac,A CIRCLE OF A FEW HUNDRED FEET IN CIRCUMFERENCE WAS DRAWN AND EACH OF THE PARTY TOOK A SEGMENT FOR HIS PORTION
confirmation,test-clean,1320,M,122612,1320-122612-0014,3.515,16000,test-clean/1320/122612/1320-122612-0014.flac,THE EXAMINATION HOWEVER RESULTED IN NO DISCOVERY
confirmation,test-clean,1320,M,122612,1320-122612-0015,6.385,16000,test-clean/1320/122612/1320-122612-0015.flac,THE WHOLE PARTY CROWDED TO THE SPOT WHERE UNCAS POINTED OUT THE IMPRESSION OF A MOCCASIN IN THE MOIST ALLUVION
confirmation,test-clean,1320,M,122617,1320-122617-0000,7.835,16000,test-clean/1320/122617/1320-122617-0000.flac,NOTWITHSTANDING THE HIGH RESOLUTION OF HAWKEYE HE FULLY COMPREHENDED ALL THE DIFFICULTIES AND DANGER HE WAS ABOUT TO INCUR
confirmation,test-clean,1320,M,122617,1320-122617-0002,13.585,16000,test-clean/1320/122617/1320-122617-0002.flac,IN OTHER WORDS WHILE HE HAD IMPLICIT FAITH IN THE ABILITY OF BALAAM'S ASS TO SPEAK HE WAS SOMEWHAT SKEPTICAL ON THE SUBJECT OF A BEAR'S SINGING AND YET HE HAD BEEN ASSURED OF THE LATTER ON THE TESTIMONY OF HIS OWN EXQUISITE ORGANS
confirmation,test-clean,1320,M,122617,1320-122617-0005,4.4,16000,test-clean/1320/122617/1320-122617-0005.flac,THE BEAR SHOOK HIS SHAGGY SIDES AND THEN A WELL KNOWN VOICE REPLIED
confirmation,test-clean,1320,M,122617,1320-122617-0008,4.185,16000,test-clean/1320/122617/1320-122617-0008.flac,THE YOUNG MAN IS IN BONDAGE AND MUCH I FEAR HIS DEATH IS DECREED
confirmation,test-clean,1320,M,122617,1320-122617-0010,10.0,16000,test-clean/1320/122617/1320-122617-0010.flac,THE TASK WILL NOT BE DIFFICULT RETURNED DAVID HESITATING THOUGH I GREATLY FEAR YOUR PRESENCE WOULD RATHER INCREASE THAN MITIGATE HIS UNHAPPY FORTUNES
confirmation,test-clean,1320,M,122617,1320-122617-0015,5.125,16000,test-clean/1320/122617/1320-122617-0015.flac,BUT THE BEAR INSTEAD OF OBEYING MAINTAINED THE SEAT IT HAD TAKEN AND GROWLED
confirmation,test-clean,1320,M,122617,1320-122617-0019,8.23,16000,test-clean/1320/122617/1320-122617-0019.flac,UNCAS OCCUPIED A DISTANT CORNER IN A RECLINING ATTITUDE BEING RIGIDLY BOUND BOTH HANDS AND FEET BY STRONG AND PAINFUL WITHES
confirmation,test-clean,1320,M,122617,1320-122617-0021,5.335,16000,test-clean/1320/122617/1320-122617-0021.flac,WHAT SHALL WE DO WITH THE MINGOES AT THE DOOR THEY COUNT SIX AND THIS SINGER IS AS GOOD AS NOTHING
confirmation,test-clean,1320,M,122617,1320-122617-0024,7.555,16000,test-clean/1320/122617/1320-122617-0024.flac,BUT HAWKEYE WHO WAS TOO MUCH OCCUPIED WITH HIS OWN THOUGHTS TO NOTE THE MOVEMENT CONTINUED SPEAKING MORE TO HIMSELF THAN TO HIS COMPANION
confirmation,test-clean,1320,M,122617,1320-122617-0026,5.225,16000,test-clean/1320/122617/1320-122617-0026.flac,WELL WHAT CAN'T BE DONE BY MAIN COURAGE IN WAR MUST BE DONE BY CIRCUMVENTION
confirmation,test-clean,1320,M,122617,1320-122617-0028,15.995,16000,test-clean/1320/122617/1320-122617-0028.flac,MY PURSUITS ARE PEACEFUL AND MY TEMPER I HUMBLY TRUST IS GREATLY GIVEN TO MERCY AND LOVE RETURNED DAVID A LITTLE NETTLED AT SO DIRECT AN ATTACK ON HIS MANHOOD BUT THERE ARE NONE WHO CAN SAY THAT I HAVE EVER FORGOTTEN MY FAITH IN THE LORD EVEN IN THE GREATEST STRAITS
confirmation,test-clean,1320,M,122617,1320-122617-0029,7.875,16000,test-clean/1320/122617/1320-122617-0029.flac,IF YOU ARE NOT THEN KNOCKED ON THE HEAD YOUR BEING A NON COMPOSSER WILL PROTECT YOU AND YOU'LL THEN HAVE A GOOD REASON TO EXPECT TO DIE IN YOUR BED
confirmation,test-clean,1320,M,122617,1320-122617-0031,6.285,16000,test-clean/1320/122617/1320-122617-0031.flac,BRAVELY AND GENEROUSLY HAS HE BATTLED IN MY BEHALF AND THIS AND MORE WILL I DARE IN HIS SERVICE
confirmation,test-clean,1320,M,122617,1320-122617-0033,11.045,16000,test-clean/1320/122617/1320-122617-0033.flac,IF HOWEVER THEY TAKE YOUR SCALP AS I TRUST AND BELIEVE THEY WILL NOT DEPEND ON IT UNCAS AND I WILL NOT FORGET THE DEED BUT REVENGE IT AS BECOMES TRUE WARRIORS AND TRUSTY FRIENDS
confirmation,test-clean,1320,M,122617,1320-122617-0034,9.485,16000,test-clean/1320/122617/1320-122617-0034.flac,HOLD SAID DAVID PERCEIVING THAT WITH THIS ASSURANCE THEY WERE ABOUT TO LEAVE HIM I AM AN UNWORTHY AND HUMBLE FOLLOWER OF ONE WHO TAUGHT NOT THE DAMNABLE PRINCIPLE OF REVENGE
confirmation,test-clean,1320,M,122617,1320-122617-0035,18.22,16000,test-clean/1320/122617/1320-122617-0035.flac,THEN HEAVING A HEAVY SIGH PROBABLY AMONG THE LAST HE EVER DREW IN PINING FOR A CONDITION HE HAD SO LONG ABANDONED HE ADDED IT IS WHAT I WOULD WISH TO PRACTISE MYSELF AS ONE WITHOUT A CROSS OF BLOOD THOUGH IT IS NOT ALWAYS EASY TO DEAL WITH AN INDIAN AS YOU WOULD WITH A FELLOW CHRISTIAN
confirmation,test-clean,1320,M,122617,1320-122617-0036,12.37,16000,test-clean/1320/122617/1320-122617-0036.flac,GOD BLESS YOU FRIEND I DO BELIEVE YOUR SCENT IS NOT GREATLY WRONG WHEN THE MATTER IS DULY CONSIDERED AND KEEPING ETERNITY BEFORE THE EYES THOUGH MUCH DEPENDS ON THE NATURAL GIFTS AND THE FORCE OF TEMPTATION
confirmation,test-clean,1320,M,122617,1320-122617-0038,2.24,16000,test-clean/1320/122617/1320-122617-0038.flac,WILL THE HURONS HEAR HIS GROANS
confirmation,test-clean,1320,M,122617,1320-122617-0039,7.055,16000,test-clean/1320/122617/1320-122617-0039.flac,THE MOHICAN STARTED ON HIS FEET AND SHOOK HIS SHAGGY COVERING AS THOUGH THE ANIMAL HE COUNTERFEITED WAS ABOUT TO MAKE SOME DESPERATE EFFORT
confirmation,test-clean,1580,F,141083,1580-141083-0004,4.515,16000,test-clean/1580/141083/1580-141083-0004.flac,I HAD TO READ IT OVER CAREFULLY AS THE TEXT MUST BE ABSOLUTELY CORRECT
confirmation,test-clean,1580,F,141083,1580-141083-0010,5.32,16000,test-clean/1580/141083/1580-141083-0010.flac,I GAVE HIM A LITTLE BRANDY AND LEFT HIM COLLAPSED IN A CHAIR WHILE I MADE A MOST CAREFUL EXAMINATION OF THE ROOM
confirmation,test-clean,1580,F,141083,1580-141083-0014,2.855,16000,test-clean/1580/141083/1580-141083-0014.flac,TO THE BEST OF MY BELIEF THEY WERE ROLLED UP
confirmation,test-clean,1580,F,141083,1580-141083-0016,4.255,16000,test-clean/1580/141083/1580-141083-0016.flac,I WAS IN SUCH A HURRY TO COME TO YOU YOU LEFT YOUR DOOR OPEN
confirmation,test-clean,1580,F,141083,1580-141083-0017,2.28,16000,test-clean/1580/141083/1580-141083-0017.flac,SO IT SEEMS TO ME
confirmation,test-clean,1580,F,141083,1580-141083-0020,5.135,16000,test-clean/1580/141083/1580-141083-0020.flac,THEN HE APPROACHED IT AND STANDING ON TIPTOE WITH HIS NECK CRANED HE LOOKED INTO THE ROOM
confirmation,test-clean,1580,F,141083,1580-141083-0022,3.295,16000,test-clean/1580/141083/1580-141083-0022.flac,I AM AFRAID THERE ARE NO SIGNS HERE SAID HE
confirmation,test-clean,1580,F,141083,1580-141083-0024,4.48,16000,test-clean/1580/141083/1580-141083-0024.flac,YOU LEFT HIM IN A CHAIR YOU SAY WHICH CHAIR BY THE WINDOW THERE
confirmation,test-clean,1580,F,141083,1580-141083-0027,5.225,16000,test-clean/1580/141083/1580-141083-0027.flac,HOW LONG WOULD IT TAKE HIM TO DO THAT USING EVERY POSSIBLE CONTRACTION A QUARTER OF AN HOUR NOT LESS
confirmation,test-clean,1580,F,141083,1580-141083-0039,3.725,16000,test-clean/1580/141083/1580-141083-0039.flac,AND THEY ARE ALL IN FOR THIS EXAMINATION YES
confirmation,test-clean,1580,F,141083,1580-141083-0040,3.75,16000,test-clean/1580/141083/1580-141083-0040.flac,ONE HARDLY LIKES TO THROW SUSPICION WHERE THERE ARE NO PROOFS
confirmation,test-clean,1580,F,141083,1580-141083-0043,2.74,16000,test-clean/1580/141083/1580-141083-0043.flac,THE TOP FLOOR BELONGS TO MILES MC LAREN
confirmation,test-clean,1580,F,141083,1580-141083-0046,3.53,16000,test-clean/1580/141083/1580-141083-0046.flac,BUT I HAVE OCCASIONALLY DONE THE SAME THING AT OTHER TIMES
confirmation,test-clean,1580,F,141083,1580-141083-0048,2.785,16000,test-clean/1580/141083/1580-141083-0048.flac,HOW CAME YOU TO LEAVE THE KEY IN THE DOOR
confirmation,test-clean,1580,F,141083,1580-141083-0053,4.015,16000,test-clean/1580/141083/1580-141083-0053.flac,YOU HAVEN'T SEEN ANY OF THEM NO SIR
confirmation,test-clean,1580,F,141084,1580-141084-0003,4.1,16000,test-clean/1580/141084/1580-141084-0003.flac,NO NAMES PLEASE SAID HOLMES AS WE KNOCKED AT GILCHRIST'S DOOR
confirmation,test-clean,1580,F,141084,1580-141084-0011,5.0,16000,test-clean/1580/141084/1580-141084-0011.flac,WHEN WE WERE OUT IN THE DARKNESS OF THE QUADRANGLE WE AGAIN LOOKED UP AT THE WINDOWS
confirmation,test-clean,1580,F,141084,1580-141084-0017,2.0,16000,test-clean/1580/141084/1580-141084-0017.flac,NO GOOD MY DEAR WATSON
confirmation,test-clean,1580,F,141084,1580-141084-0018,3.345,16000,test-clean/1580/141084/1580-141084-0018.flac,I THINK SO YOU HAVE FORMED A CONCLUSION
confirmation,test-clean,1580,F,141084,1580-141084-0020,2.86,16000,test-clean/1580/141084/1580-141084-0020.flac,LOOK AT THAT HE HELD OUT HIS HAND
confirmation,test-clean,1580,F,141084,1580-141084-0021,4.01,16000,test-clean/1580/141084/1580-141084-0021.flac,ON THE PALM WERE THREE LITTLE PYRAMIDS OF BLACK DOUGHY CLAY
confirmation,test-clean,1580,F,141084,1580-141084-0023,8.735,16000,test-clean/1580/141084/1580-141084-0023.flac,IN A FEW HOURS THE EXAMINATION WOULD COMMENCE AND HE WAS STILL IN THE DILEMMA BETWEEN MAKING THE FACTS PUBLIC AND ALLOWING THE CULPRIT TO COMPETE FOR THE VALUABLE SCHOLARSHIP
confirmation,test-clean,1580,F,141084,1580-141084-0025,2.375,16000,test-clean/1580/141084/1580-141084-0025.flac,YOU KNOW HIM I THINK SO
confirmation,test-clean,1580,F,141084,1580-141084-0026,6.995,16000,test-clean/1580/141084/1580-141084-0026.flac,IF THIS MATTER IS NOT TO BECOME PUBLIC WE MUST GIVE OURSELVES CERTAIN POWERS AND RESOLVE OURSELVES INTO A SMALL PRIVATE COURT MARTIAL
confirmation,test-clean,1580,F,141084,1580-141084-0032,4.995,16000,test-clean/1580/141084/1580-141084-0032.flac,FOR A MOMENT GILCHRIST WITH UPRAISED HAND TRIED TO CONTROL HIS WRITHING FEATURES
confirmation,test-clean,1580,F,141084,1580-141084-0034,4.49,16000,test-clean/1580/141084/1580-141084-0034.flac,WELL WELL DON'T TROUBLE TO ANSWER LISTEN AND SEE THAT I DO YOU NO INJUSTICE
confirmation,test-clean,1580,F,141084,1580-141084-0035,2.63,16000,test-clean/1580/141084/1580-141084-0035.flac,HE COULD EXAMINE THE PAPERS IN HIS OWN OFFICE
confirmation,test-clean,1580,F,141084,1580-141084-0042,5.06,16000,test-clean/1580/141084/1580-141084-0042.flac,A SUDDEN IMPULSE CAME OVER HIM TO ENTER AND SEE IF THEY WERE INDEED THE PROOFS
confirmation,test-clean,1580,F,141084,1580-141084-0044,2.895,16000,test-clean/1580/141084/1580-141084-0044.flac,GLOVES SAID THE YOUNG MAN
confirmation,test-clean,1580,F,141084,1580-141084-0045,3.625,16000,test-clean/1580/141084/1580-141084-0045.flac,SUDDENLY HE HEARD HIM AT THE VERY DOOR THERE WAS NO POSSIBLE ESCAPE
confirmation,test-clean,1995,F,1826,1995-1826-0001,10.17,16000,test-clean/1995/1826/1995-1826-0001.flac,THE SOUTH SHE HAD NOT THOUGHT OF SERIOUSLY AND YET KNOWING OF ITS DELIGHTFUL HOSPITALITY AND MILD CLIMATE SHE WAS NOT AVERSE TO CHARLESTON OR NEW ORLEANS
confirmation,test-clean,1995,F,1826,1995-1826-0002,4.605,16000,test-clean/1995/1826/1995-1826-0002.flac,JOHN TAYLOR WHO HAD SUPPORTED HER THROUGH COLLEGE WAS INTERESTED IN COTTON
confirmation,test-clean,1995,F,1826,1995-1826-0005,5.125,16000,test-clean/1995/1826/1995-1826-0005.flac,BUT JOHN THERE'S NO SOCIETY JUST ELEMENTARY WORK
confirmation,test-clean,1995,F,1826,1995-1826-0008,2.895,16000,test-clean/1995/1826/1995-1826-0008.flac,SOME OTHERS TOO BIG COTTON COUNTY
confirmation,test-clean,1995,F,1826,1995-1826-0009,7.57,16000,test-clean/1995/1826/1995-1826-0009.flac,YOU OUGHT TO KNOW JOHN IF I TEACH NEGROES I'LL SCARCELY SEE MUCH OF PEOPLE IN MY OWN CLASS
confirmation,test-clean,1995,F,1826,1995-1826-0010,2.445,16000,test-clean/1995/1826/1995-1826-0010.flac,AT ANY RATE I SAY GO
confirmation,test-clean,1995,F,1826,1995-1826-0019,5.25,16000,test-clean/1995/1826/1995-1826-0019.flac,COTTON IS A WONDERFUL THING IS IT NOT BOYS SHE SAID RATHER PRIMLY
confirmation,test-clean,1995,F,1826,1995-1826-0024,5.095,16000,test-clean/1995/1826/1995-1826-0024.flac,THE GOLDEN FLEECE IT'S THE SILVER FLEECE HE HARKENED
confirmation,test-clean,1995,F,1826,1995-1826-0025,3.295,16000,test-clean/1995/1826/1995-1826-0025.flac,SOME TIME YOU'LL TELL ME PLEASE WON'T YOU
confirmation,test-clean,1995,F,1836,1995-1836-0001,6.0,16000,test-clean/1995/1836/1995-1836-0001.flac,AT LAST THE COTTON COMBINE WAS TO ALL APPEARANCES AN ASSURED FACT AND HE WAS SLATED FOR THE SENATE
confirmation,test-clean,1995,F,1836,1995-1836-0008,6.985,16000,test-clean/1995/1836/1995-1836-0008.flac,I BELIEVE IN THE TRAINING OF PEOPLE TO THEIR HIGHEST CAPACITY THE ENGLISHMAN HERE HEARTILY SECONDED HIM
confirmation,test-clean,1995,F,1836,1995-1836-0012,3.695,16000,test-clean/1995/1836/1995-1836-0012.flac,BUT WE'RE NOT ER EXACTLY WELCOMED
confirmation,test-clean,1995,F,1836,1995-1836-0013,5.3,16000,test-clean/1995/1836/1995-1836-0013.flac,MARY TAYLOR HOWEVER RELATED THE TALE OF ZORA TO MISSUS GREY'S PRIVATE EAR LATER
confirmation,test-clean,1995,F,1836,1995-1836-0014,9.045,16000,test-clean/1995/1836/1995-1836-0014.flac,FORTUNATELY SAID MISTER VANDERPOOL NORTHERNERS AND SOUTHERNERS ARE ARRIVING AT A BETTER MUTUAL UNDERSTANDING ON MOST OF THESE MATTERS
confirmation,test-clean,1995,F,1837,1995-1837-0000,3.865,16000,test-clean/1995/1837/1995-1837-0000.flac,HE KNEW THE SILVER FLEECE HIS AND ZORA'S MUST BE RUINED
confirmation,test-clean,1995,F,1837,1995-1837-0003,7.36,16000,test-clean/1995/1837/1995-1837-0003.flac,THE REVELATION OF HIS LOVE LIGHTED AND BRIGHTENED SLOWLY TILL IT FLAMED LIKE A SUNRISE OVER HIM AND LEFT HIM IN BURNING WONDER
confirmation,test-clean,1995,F,1837,1995-1837-0004,6.36,16000,test-clean/1995/1837/1995-1837-0004.flac,HE PANTED TO KNOW IF SHE TOO KNEW OR KNEW AND CARED NOT OR CARED AND KNEW NOT
confirmation,test-clean,1995,F,1837,1995-1837-0006,2.955,16000,test-clean/1995/1837/1995-1837-0006.flac,THE WORLD WAS WATER VEILED IN MISTS
confirmation,test-clean,1995,F,1837,1995-1837-0009,3.76,16000,test-clean/1995/1837/1995-1837-0009.flac,THE LAGOON HAD BEEN LEVEL WITH THE DYKES A WEEK AGO AND NOW
confirmation,test-clean,1995,F,1837,1995-1837-0010,3.48,16000,test-clean/1995/1837/1995-1837-0010.flac,PERHAPS SHE TOO MIGHT BE THERE WAITING WEEPING
confirmation,test-clean,1995,F,1837,1995-1837-0012,8.245,16000,test-clean/1995/1837/1995-1837-0012.flac,HE SPLASHED AND STAMPED ALONG FARTHER AND FARTHER ONWARD UNTIL HE NEARED THE RAMPART OF THE CLEARING AND PUT FOOT UPON THE TREE BRIDGE
confirmation,test-clean,1995,F,1837,1995-1837-0013,3.195,16000,test-clean/1995/1837/1995-1837-0013.flac,THEN HE LOOKED DOWN THE LAGOON WAS DRY
confirmation,test-clean,1995,F,1837,1995-1837-0018,12.825,16000,test-clean/1995/1837/1995-1837-0018.flac,HERE LAY THE READING OF THE RIDDLE WITH INFINITE WORK AND PAIN SOME ONE HAD DUG A CANAL FROM THE LAGOON TO THE CREEK INTO WHICH THE FORMER HAD DRAINED BY A LONG AND CROOKED WAY THUS ALLOWING IT TO EMPTY DIRECTLY
confirmation,test-clean,1995,F,1837,1995-1837-0019,5.38,16000,test-clean/1995/1837/1995-1837-0019.flac,HE SAT DOWN WEAK BEWILDERED AND ONE THOUGHT WAS UPPERMOST ZORA
confirmation,test-clean,1995,F,1837,1995-1837-0020,3.21,16000,test-clean/1995/1837/1995-1837-0020.flac,THE YEARS OF THE DAYS OF HER DYING WERE TEN
confirmation,test-clean,1995,F,1837,1995-1837-0021,3.09,16000,test-clean/1995/1837/1995-1837-0021.flac,THE HOPE AND DREAM OF HARVEST WAS UPON THE LAND
confirmation,test-clean,1995,F,1837,1995-1837-0022,3.415,16000,test-clean/1995/1837/1995-1837-0022.flac,UP IN THE SICK ROOM ZORA LAY ON THE LITTLE WHITE BED
confirmation,test-clean,1995,F,1837,1995-1837-0023,16.965,16000,test-clean/1995/1837/1995-1837-0023.flac,THE NET AND WEB OF ENDLESS THINGS HAD BEEN CRAWLING AND CREEPING AROUND HER SHE HAD STRUGGLED IN DUMB SPEECHLESS TERROR AGAINST SOME MIGHTY GRASPING THAT STROVE FOR HER LIFE WITH GNARLED AND CREEPING FINGERS BUT NOW AT LAST WEAKLY SHE OPENED HER EYES AND QUESTIONED
confirmation,test-clean,1995,F,1837,1995-1837-0028,2.34,16000,test-clean/1995/1837/1995-1837-0028.flac,THE CHAIR WAS EMPTY BUT HE KNEW
confirmation,test-clean,1995,F,1837,1995-1837-0029,5.58,16000,test-clean/1995/1837/1995-1837-0029.flac,HE DARTED THROUGH THE TREES AND PAUSED A TALL MAN STRONGLY BUT SLIMLY MADE
confirmation,test-clean,2094,F,142345,2094-142345-0001,8.03,16000,test-clean/2094/142345/2094-142345-0001.flac,BUT THE WINDOWS ARE PATCHED WITH WOODEN PANES AND THE DOOR I THINK IS LIKE THE GATE IT IS NEVER OPENED
confirmation,test-clean,2094,F,142345,2094-142345-0009,14.405,16000,test-clean/2094/142345/2094-142345-0009.flac,FOR THE GREAT BARN DOORS ARE THROWN WIDE OPEN AND MEN ARE BUSY THERE MENDING THE HARNESS UNDER THE SUPERINTENDENCE OF MISTER GOBY THE WHITTAW OTHERWISE SADDLER WHO ENTERTAINS THEM WITH THE LATEST TREDDLESTON GOSSIP
confirmation,test-clean,2094,F,142345,2094-142345-0012,16.13,16000,test-clean/2094/142345/2094-142345-0012.flac,THE FAMILY LIKENESS BETWEEN HER AND HER NIECE DINAH MORRIS WITH THE CONTRAST BETWEEN HER KEENNESS AND DINAH'S SERAPHIC GENTLENESS OF EXPRESSION MIGHT HAVE SERVED A PAINTER AS AN EXCELLENT SUGGESTION FOR A MARTHA AND MARY
confirmation,test-clean,2094,F,142345,2094-142345-0013,14.25,16000,test-clean/2094/142345/2094-142345-0013.flac,HER TONGUE WAS NOT LESS KEEN THAN HER EYE AND WHENEVER A DAMSEL CAME WITHIN EARSHOT SEEMED TO TAKE UP AN UNFINISHED LECTURE AS A BARREL ORGAN TAKES UP A TUNE PRECISELY AT THE POINT WHERE IT HAD LEFT OFF
confirmation,test-clean,2094,F,142345,2094-142345-0014,12.995,16000,test-clean/2094/142345/2094-142345-0014.flac,THE FACT THAT IT WAS CHURNING DAY WAS ANOTHER REASON WHY IT WAS INCONVENIENT TO HAVE THE WHITTAWS AND WHY CONSEQUENTLY MISSUS POYSER SHOULD SCOLD MOLLY THE HOUSEMAID WITH UNUSUAL SEVERITY
confirmation,test-clean,2094,F,142345,2094-142345-0016,2.26,16000,test-clean/2094/142345/2094-142345-0016.flac,SPINNING INDEED
confirmation,test-clean,2094,F,142345,2094-142345-0020,2.435,16000,test-clean/2094/142345/2094-142345-0020.flac,THAT'S WHAT YOU'D LIKE TO BE DOING IS IT
confirmation,test-clean,2094,F,142345,2094-142345-0021,5.335,16000,test-clean/2094/142345/2094-142345-0021.flac,THAT'S THE WAY WITH YOU THAT'S THE ROAD YOU'D ALL LIKE TO GO HEADLONGS TO RUIN
confirmation,test-clean,2094,F,142345,2094-142345-0022,2.28,16000,test-clean/2094/142345/2094-142345-0022.flac,MISTER OTTLEY'S INDEED
confirmation,test-clean,2094,F,142345,2094-142345-0024,5.27,16000,test-clean/2094/142345/2094-142345-0024.flac,MUNNY MY IRON'S TWITE TOLD PEASE PUT IT DOWN TO WARM
confirmation,test-clean,2094,F,142345,2094-142345-0027,5.63,16000,test-clean/2094/142345/2094-142345-0027.flac,MUNNY I TOULD IKE TO DO INTO DE BARN TO TOMMY TO SEE DE WHITTAWD
confirmation,test-clean,2094,F,142345,2094-142345-0028,6.84,16000,test-clean/2094/142345/2094-142345-0028.flac,NO NO NO TOTTY UD GET HER FEET WET SAID MISSUS POYSER CARRYING AWAY HER IRON
confirmation,test-clean,2094,F,142345,2094-142345-0029,8.525,16000,test-clean/2094/142345/2094-142345-0029.flac,DID EVER ANYBODY SEE THE LIKE SCREAMED MISSUS POYSER RUNNING TOWARDS THE TABLE WHEN HER EYE HAD FALLEN ON THE BLUE STREAM
confirmation,test-clean,2094,F,142345,2094-142345-0030,16.12,16000,test-clean/2094/142345/2094-142345-0030.flac,TOTTY HOWEVER HAD DESCENDED FROM HER CHAIR WITH GREAT SWIFTNESS AND WAS ALREADY IN RETREAT TOWARDS THE DAIRY WITH A SORT OF WADDLING RUN AND AN AMOUNT OF FAT ON THE NAPE OF HER NECK WHICH MADE HER LOOK LIKE THE METAMORPHOSIS OF A WHITE SUCKLING PIG
confirmation,test-clean,2094,F,142345,2094-142345-0031,2.78,16000,test-clean/2094/142345/2094-142345-0031.flac,AND SHE WAS VERY FOND OF YOU TOO AUNT RACHEL
confirmation,test-clean,2094,F,142345,2094-142345-0032,3.24,16000,test-clean/2094/142345/2094-142345-0032.flac,I OFTEN HEARD HER TALK OF YOU IN THE SAME SORT OF WAY
confirmation,test-clean,2094,F,142345,2094-142345-0033,12.865,16000,test-clean/2094/142345/2094-142345-0033.flac,WHEN SHE HAD THAT BAD ILLNESS AND I WAS ONLY ELEVEN YEARS OLD SHE USED TO SAY YOU'LL HAVE A FRIEND ON EARTH IN YOUR AUNT RACHEL IF I'M TAKEN FROM YOU FOR SHE HAS A KIND HEART AND I'M SURE I'VE FOUND IT SO
confirmation,test-clean,2094,F,142345,2094-142345-0036,6.915,16000,test-clean/2094/142345/2094-142345-0036.flac,NAY DEAR AUNT YOU NEVER HEARD ME SAY THAT ALL PEOPLE ARE CALLED TO FORSAKE THEIR WORK AND THEIR FAMILIES
confirmation,test-clean,2094,F,142345,2094-142345-0037,10.49,16000,test-clean/2094/142345/2094-142345-0037.flac,WE CAN ALL BE SERVANTS OF GOD WHEREVER OUR LOT IS CAST BUT HE GIVES US DIFFERENT SORTS OF WORK ACCORDING AS HE FITS US FOR IT AND CALLS US TO IT
confirmation,test-clean,2094,F,142345,2094-142345-0039,6.28,16000,test-clean/2094/142345/2094-142345-0039.flac,I'VE STRONG ASSURANCE THAT NO EVIL WILL HAPPEN TO YOU AND MY UNCLE AND THE CHILDREN FROM ANYTHING I'VE DONE
confirmation,test-clean,2094,F,142345,2094-142345-0040,2.385,16000,test-clean/2094/142345/2094-142345-0040.flac,I DIDN'T PREACH WITHOUT DIRECTION
confirmation,test-clean,2094,F,142345,2094-142345-0041,1.42,16000,test-clean/2094/142345/2094-142345-0041.flac,DIRECTION
confirmation,test-clean,2094,F,142345,2094-142345-0042,2.455,16000,test-clean/2094/142345/2094-142345-0042.flac,I HANNA COMMON PATIENCE WITH YOU
confirmation,test-clean,2094,F,142345,2094-142345-0044,3.52,16000,test-clean/2094/142345/2094-142345-0044.flac,SAID MISTER IRWINE WITH HIS STATELY CORDIALITY
confirmation,test-clean,2094,F,142345,2094-142345-0050,4.045,16000,test-clean/2094/142345/2094-142345-0050.flac,BUT THERE'S FATHER THE BARN SIR IF HE'D BE OF ANY USE
confirmation,test-clean,2094,F,142345,2094-142345-0052,6.53,16000,test-clean/2094/142345/2094-142345-0052.flac,I MUST COME ANOTHER DAY AND SEE YOUR HUSBAND I WANT TO HAVE A CONSULTATION WITH HIM ABOUT HORSES
confirmation,test-clean,2094,F,142345,2094-142345-0053,3.395,16000,test-clean/2094/142345/2094-142345-0053.flac,FOR IF HE'S ANYWHERE ON THE FARM WE CAN SEND FOR HIM IN A MINUTE
confirmation,test-clean,2094,F,142345,2094-142345-0055,2.655,16000,test-clean/2094/142345/2094-142345-0055.flac,BUT YOU KNOW MORE ABOUT THAT THAN I DO SIR
confirmation,test-clean,2094,F,142345,2094-142345-0056,3.84,16000,test-clean/2094/142345/2094-142345-0056.flac,I THINK I SHOULD BE DOING YOU A SERVICE TO TURN YOU OUT OF SUCH A PLACE
confirmation,test-clean,2094,F,142345,2094-142345-0058,4.93,16000,test-clean/2094/142345/2094-142345-0058.flac,BY THE BY I'VE NEVER SEEN YOUR DAIRY I MUST SEE YOUR DAIRY MISSUS POYSER
confirmation,test-clean,2300,M,131720,2300-131720-0000,5.08,16000,test-clean/2300/131720/2300-131720-0000.flac,THE PARIS PLANT LIKE THAT AT THE CRYSTAL PALACE WAS A TEMPORARY EXHIBIT
confirmation,test-clean,2300,M,131720,2300-131720-0001,14.63,16000,test-clean/2300/131720/2300-131720-0001.flac,THE LONDON PLANT WAS LESS TEMPORARY BUT NOT PERMANENT SUPPLYING BEFORE IT WAS TORN OUT NO FEWER THAN THREE THOUSAND LAMPS IN HOTELS CHURCHES STORES AND DWELLINGS IN THE VICINITY OF HOLBORN VIADUCT
confirmation,test-clean,2300,M,131720,2300-131720-0002,13.115,16000,test-clean/2300/131720/2300-131720-0002.flac,THERE MESSRS JOHNSON AND HAMMER PUT INTO PRACTICE MANY OF THE IDEAS NOW STANDARD IN THE ART AND SECURED MUCH USEFUL DATA FOR THE WORK IN NEW YORK OF WHICH THE STORY HAS JUST BEEN TOLD
confirmation,test-clean,2300,M,131720,2300-131720-0003,16.76,16000,test-clean/2300/131720/2300-131720-0003.flac,THE DYNAMO ELECTRIC MACHINE THOUGH SMALL WAS ROBUST FOR UNDER ALL THE VARYING SPEEDS OF WATER POWER AND THE VICISSITUDES OF THE PLANT TO WHICH IT BELONGED IT CONTINUED IN ACTIVE USE UNTIL EIGHTEEN NINETY NINE SEVENTEEN YEARS
confirmation,test-clean,2300,M,131720,2300-131720-0004,19.91,16000,test-clean/2300/131720/2300-131720-0004.flac,OWING TO HIS INSISTENCE ON LOW PRESSURE DIRECT CURRENT FOR USE IN DENSELY POPULATED DISTRICTS AS THE ONLY SAFE AND TRULY UNIVERSAL PROFITABLE WAY OF DELIVERING ELECTRICAL ENERGY TO THE CONSUMERS EDISON HAS BEEN FREQUENTLY SPOKEN OF AS AN OPPONENT OF THE ALTERNATING CURRENT
confirmation,test-clean,2300,M,131720,2300-131720-0005,6.9,16000,test-clean/2300/131720/2300-131720-0005.flac,WHY IF WE ERECT A STATION AT THE FALLS IT IS A GREAT ECONOMY TO GET IT UP TO THE CITY
confirmation,test-clean,2300,M,131720,2300-131720-0006,4.12,16000,test-clean/2300/131720/2300-131720-0006.flac,THERE SEEMS NO GOOD REASON FOR BELIEVING THAT IT WILL CHANGE
confirmation,test-clean,2300,M,131720,2300-131720-0011,15.875,16000,test-clean/2300/131720/2300-131720-0011.flac,BUT WHEN IT CAME TO BE A QUESTION OF LIGHTING A SCATTERED SUBURB A GROUP OF DWELLINGS ON THE OUTSKIRTS A REMOTE COUNTRY RESIDENCE OR A FARM HOUSE THE ALTERNATING CURRENT IN ALL ELEMENTS SAVE ITS DANGER WAS AND IS IDEAL
confirmation,test-clean,2300,M,131720,2300-131720-0012,11.145,16000,test-clean/2300/131720/2300-131720-0012.flac,EDISON WAS INTOLERANT OF SHAM AND SHODDY AND NOTHING WOULD SATISFY HIM THAT COULD NOT STAND CROSS EXAMINATION BY MICROSCOPE TEST TUBE AND GALVANOMETER
confirmation,test-clean,2300,M,131720,2300-131720-0014,3.75,16000,test-clean/2300/131720/2300-131720-0014.flac,MISTER EDISON WAS A LEADER FAR AHEAD OF THE TIME
confirmation,test-clean,2300,M,131720,2300-131720-0015,8.875,16000,test-clean/2300/131720/2300-131720-0015.flac,HE OBTAINED THE DESIRED SPEED AND LOAD WITH A FRICTION BRAKE ALSO REGULATOR OF SPEED BUT WAITED FOR AN INDICATOR TO VERIFY IT
confirmation,test-clean,2300,M,131720,2300-131720-0016,20.015,16000,test-clean/2300/131720/2300-131720-0016.flac,THEN AGAIN THERE WAS NO KNOWN WAY TO LUBRICATE AN ENGINE FOR CONTINUOUS RUNNING AND MISTER EDISON INFORMED ME THAT AS A MARINE ENGINE STARTED BEFORE THE SHIP LEFT NEW YORK AND CONTINUED RUNNING UNTIL IT REACHED ITS HOME PORT SO AN ENGINE FOR HIS PURPOSES MUST PRODUCE LIGHT AT ALL TIMES
confirmation,test-clean,2300,M,131720,2300-131720-0017,19.915,16000,test-clean/2300/131720/2300-131720-0017.flac,EDISON HAD INSTALLED HIS HISTORIC FIRST GREAT CENTRAL STATION SYSTEM IN NEW YORK ON THE MULTIPLE ARC SYSTEM COVERED BY HIS FEEDER AND MAIN INVENTION WHICH RESULTED IN A NOTABLE SAVING IN THE COST OF CONDUCTORS AS AGAINST A STRAIGHT TWO WIRE SYSTEM THROUGHOUT OF THE TREE KIND
confirmation,test-clean,2300,M,131720,2300-131720-0018,12.54,16000,test-clean/2300/131720/2300-131720-0018.flac,HE SOON FORESAW THAT STILL GREATER ECONOMY WOULD BE NECESSARY FOR COMMERCIAL SUCCESS NOT ALONE FOR THE LARGER TERRITORY OPENING BUT FOR THE COMPACT DISTRICTS OF LARGE CITIES
confirmation,test-clean,2300,M,131720,2300-131720-0019,14.82,16000,test-clean/2300/131720/2300-131720-0019.flac,THE STRONG POSITION HELD BY THE EDISON SYSTEM UNDER THE STRENUOUS COMPETITION THAT WAS ALREADY SPRINGING UP WAS ENORMOUSLY IMPROVED BY THE INTRODUCTION OF THE THREE WIRE SYSTEM AND IT GAVE AN IMMEDIATE IMPETUS TO INCANDESCENT LIGHTING
confirmation,test-clean,2300,M,131720,2300-131720-0020,10.35,16000,test-clean/2300/131720/2300-131720-0020.flac,IT WAS SPECIALLY SUITED FOR A TRIAL PLANT ALSO IN THE EARLY DAYS WHEN A YIELD OF SIX OR EIGHT LAMPS TO THE HORSE POWER WAS CONSIDERED SUBJECT FOR CONGRATULATION
confirmation,test-clean,2300,M,131720,2300-131720-0022,13.665,16000,test-clean/2300/131720/2300-131720-0022.flac,MEANWHILE HE HAD CALLED UPON ME TO MAKE A REPORT OF THE THREE WIRE SYSTEM KNOWN IN ENGLAND AS THE HOPKINSON BOTH DOCTOR JOHN HOPKINSON AND MISTER EDISON BEING INDEPENDENT INVENTORS AT PRACTICALLY THE SAME TIME
confirmation,test-clean,2300,M,131720,2300-131720-0024,4.77,16000,test-clean/2300/131720/2300-131720-0024.flac,BUT THE PLANT RAN AND IT WAS THE FIRST THREE WIRE STATION IN THIS COUNTRY
confirmation,test-clean,2300,M,131720,2300-131720-0025,15.28,16000,test-clean/2300/131720/2300-131720-0025.flac,THEY WERE LATER USED AS RESERVE MACHINES AND FINALLY WITH THE ENGINE RETIRED FROM SERVICE AS PART OF THE COLLECTION OF EDISONIA BUT THEY REMAIN IN PRACTICALLY AS GOOD CONDITION AS WHEN INSTALLED IN EIGHTEEN EIGHTY THREE
confirmation,test-clean,2300,M,131720,2300-131720-0026,17.595,16000,test-clean/2300/131720/2300-131720-0026.flac,THE ARC LAMP INSTALLED OUTSIDE A CUSTOMER'S PREMISES OR IN A CIRCUIT FOR PUBLIC STREET LIGHTING BURNED SO MANY HOURS NIGHTLY SO MANY NIGHTS IN THE MONTH AND WAS PAID FOR AT THAT RATE SUBJECT TO REBATE FOR HOURS WHEN THE LAMP MIGHT BE OUT THROUGH ACCIDENT
confirmation,test-clean,2300,M,131720,2300-131720-0027,8.62,16000,test-clean/2300/131720/2300-131720-0027.flac,EDISON HELD THAT THE ELECTRICITY SOLD MUST BE MEASURED JUST LIKE GAS OR WATER AND HE PROCEEDED TO DEVELOP A METER
confirmation,test-clean,2300,M,131720,2300-131720-0028,25.94,16000,test-clean/2300/131720/2300-131720-0028.flac,THERE WAS INFINITE SCEPTICISM AROUND HIM ON THE SUBJECT AND WHILE OTHER INVENTORS WERE ALSO GIVING THE SUBJECT THEIR THOUGHT THE PUBLIC TOOK IT FOR GRANTED THAT ANYTHING SO UTTERLY INTANGIBLE AS ELECTRICITY THAT COULD NOT BE SEEN OR WEIGHED AND ONLY GAVE SECONDARY EVIDENCE OF ITSELF AT THE EXACT POINT OF USE COULD NOT BE BROUGHT TO ACCURATE REGISTRATION
confirmation,test-clean,2300,M,131720,2300-131720-0031,16.585,16000,test-clean/2300/131720/2300-131720-0031.flac,ASSOCIATED WITH THIS SIMPLE FORM OF APPARATUS WERE VARIOUS INGENIOUS DETAILS AND REFINEMENTS TO SECURE REGULARITY OF OPERATION FREEDOM FROM INACCURACY AND IMMUNITY FROM SUCH TAMPERING AS WOULD PERMIT THEFT OF CURRENT OR DAMAGE
confirmation,test-clean,2300,M,131720,2300-131720-0032,11.69,16000,test-clean/2300/131720/2300-131720-0032.flac,THE STANDARD EDISON METER PRACTICE WAS TO REMOVE THE CELLS ONCE A MONTH TO THE METER ROOM OF THE CENTRAL STATION COMPANY FOR EXAMINATION ANOTHER SET BEING SUBSTITUTED
confirmation,test-clean,2300,M,131720,2300-131720-0033,17.605,16000,test-clean/2300/131720/2300-131720-0033.flac,IN DECEMBER EIGHTEEN EIGHTY EIGHT MISTER W J JENKS READ AN INTERESTING PAPER BEFORE THE AMERICAN INSTITUTE OF ELECTRICAL ENGINEERS ON THE SIX YEARS OF PRACTICAL EXPERIENCE HAD UP TO THAT TIME WITH THE METER THEN MORE GENERALLY IN USE THAN ANY OTHER
confirmation,test-clean,2300,M,131720,2300-131720-0035,25.49,16000,test-clean/2300/131720/2300-131720-0035.flac,IN THIS CONNECTION IT SHOULD BE MENTIONED THAT THE ASSOCIATION OF EDISON ILLUMINATING COMPANIES IN THE SAME YEAR ADOPTED RESOLUTIONS UNANIMOUSLY TO THE EFFECT THAT THE EDISON METER WAS ACCURATE AND THAT ITS USE WAS NOT EXPENSIVE FOR STATIONS ABOVE ONE THOUSAND LIGHTS AND THAT THE BEST FINANCIAL RESULTS WERE INVARIABLY SECURED IN A STATION SELLING CURRENT BY METER
confirmation,test-clean,2300,M,131720,2300-131720-0036,7.085,16000,test-clean/2300/131720/2300-131720-0036.flac,THE METER CONTINUED IN GENERAL SERVICE DURING EIGHTEEN NINETY NINE AND PROBABLY UP TO THE CLOSE OF THE CENTURY
confirmation,test-clean,2300,M,131720,2300-131720-0038,5.61,16000,test-clean/2300/131720/2300-131720-0038.flac,HE FELT HE WAS UP AGAINST IT AND THAT PERHAPS ANOTHER KIND OF A JOB WOULD SUIT HIM BETTER
confirmation,test-clean,2300,M,131720,2300-131720-0040,5.455,16000,test-clean/2300/131720/2300-131720-0040.flac,WE WERE MORE INTERESTED IN THE TECHNICAL CONDITION OF THE STATION THAN IN THE COMMERCIAL PART
confirmation,test-clean,2300,M,131720,2300-131720-0041,3.75,16000,test-clean/2300/131720/2300-131720-0041.flac,WE HAD METERS IN WHICH THERE WERE TWO BOTTLES OF LIQUID
confirmation,test-clean,2830,M,3979,2830-3979-0004,1.945,16000,test-clean/2830/3979/2830-3979-0004.flac,IT WAS WRITTEN IN LATIN
confirmation,test-clean,2830,M,3979,2830-3979-0005,2.105,16000,test-clean/2830/3979/2830-3979-0005.flac,THE WORK HAD TO BE CONDENSED
confirmation,test-clean,2830,M,3979,2830-3979-0006,4.55,16000,test-clean/2830/3979/2830-3979-0006.flac,A WORD SHOULD NOW BE SAID ABOUT THE ORIGIN OF LUTHER'S COMMENTARY ON GALATIANS
confirmation,test-clean,2830,M,3979,2830-3979-0008,9.44,16000,test-clean/2830/3979/2830-3979-0008.flac,IN OTHER WORDS THESE THREE MEN TOOK DOWN THE LECTURES WHICH LUTHER ADDRESSED TO HIS STUDENTS IN THE COURSE OF GALATIANS AND ROERER PREPARED THE MANUSCRIPT FOR THE PRINTER
confirmation,test-clean,2830,M,3980,2830-3980-0000,3.73,16000,test-clean/2830/3980/2830-3980-0000.flac,IN EVERY WAY THEY SOUGHT TO UNDERMINE THE AUTHORITY OF SAINT PAUL
confirmation,test-clean,2830,M,3980,2830-3980-0001,3.945,16000,test-clean/2830/3980/2830-3980-0001.flac,THEY SAID TO THE GALATIANS YOU HAVE NO RIGHT TO THINK HIGHLY OF PAUL
confirmation,test-clean,2830,M,3980,2830-3980-0002,2.025,16000,test-clean/2830/3980/2830-3980-0002.flac,HE WAS THE LAST TO TURN TO CHRIST
confirmation,test-clean,2830,M,3980,2830-3980-0003,2.48,16000,test-clean/2830/3980/2830-3980-0003.flac,PAUL CAME LATER AND IS BENEATH US
confirmation,test-clean,2830,M,3980,2830-3980-0004,3.81,16000,test-clean/2830/3980/2830-3980-0004.flac,INDEED HE PERSECUTED THE CHURCH OF CHRIST FOR A LONG TIME
confirmation,test-clean,2830,M,3980,2830-3980-0008,4.84,16000,test-clean/2830/3980/2830-3980-0008.flac,PAUL TAKES PRIDE IN HIS MINISTRY NOT TO HIS OWN PRAISE BUT TO THE PRAISE OF GOD
confirmation,test-clean,2830,M,3980,2830-3980-0009,3.885,16000,test-clean/2830/3980/2830-3980-0009.flac,PAUL AN APOSTLE NOT OF MEN ET CETERA
confirmation,test-clean,2830,M,3980,2830-3980-0014,2.525,16000,test-clean/2830/3980/2830-3980-0014.flac,THE CALL IS NOT TO BE TAKEN LIGHTLY
confirmation,test-clean,2830,M,3980,2830-3980-0016,2.37,16000,test-clean/2830/3980/2830-3980-0016.flac,IT SPOILS ONE'S BEST WORK
confirmation,test-clean,2830,M,3980,2830-3980-0018,3.42,16000,test-clean/2830/3980/2830-3980-0018.flac,I DID NOT THEN REALIZE THE IMPORTANCE OF THE MINISTRY
confirmation,test-clean,2830,M,3980,2830-3980-0025,8.795,16000,test-clean/2830/3980/2830-3980-0025.flac,BY HIS RESURRECTION CHRIST WON THE VICTORY OVER LAW SIN FLESH WORLD DEVIL DEATH HELL AND EVERY EVIL
confirmation,test-clean,2830,M,3980,2830-3980-0026,1.485,16000,test-clean/2830/3980/2830-3980-0026.flac,VERSE TWO
confirmation,test-clean,2830,M,3980,2830-3980-0029,9.075,16000,test-clean/2830/3980/2830-3980-0029.flac,ALTHOUGH THE BRETHREN WITH ME ARE NOT APOSTLES LIKE MYSELF YET THEY ARE ALL OF ONE MIND WITH ME THINK WRITE AND TEACH AS I DO
confirmation,test-clean,2830,M,3980,2830-3980-0030,5.25,16000,test-clean/2830/3980/2830-3980-0030.flac,THEY DO NOT GO WHERE THE ENEMIES OF THE GOSPEL PREDOMINATE THEY GO WHERE THE CHRISTIANS ARE
confirmation,test-clean,2830,M,3980,2830-3980-0035,3.335,16000,test-clean/2830/3980/2830-3980-0035.flac,THEY REMAIN DIVINE REGARDLESS OF MEN'S OPINION
confirmation,test-clean,2830,M,3980,2830-3980-0040,2.62,16000,test-clean/2830/3980/2830-3980-0040.flac,THE GREETING OF THE APOSTLE IS REFRESHING
confirmation,test-clean,2830,M,3980,2830-3980-0041,4.89,16000,test-clean/2830/3980/2830-3980-0041.flac,GRACE INVOLVES THE REMISSION OF SINS PEACE AND A HAPPY CONSCIENCE
confirmation,test-clean,2830,M,3980,2830-3980-0044,3.49,16000,test-clean/2830/3980/2830-3980-0044.flac,HOWEVER THE GRACE AND PEACE OF GOD WILL
confirmation,test-clean,2830,M,3980,2830-3980-0045,3.51,16000,test-clean/2830/3980/2830-3980-0045.flac,MEN SHOULD NOT SPECULATE ABOUT THE NATURE OF GOD
confirmation,test-clean,2830,M,3980,2830-3980-0048,10.44,16000,test-clean/2830/3980/2830-3980-0048.flac,HE CAME DOWN TO EARTH LIVED AMONG MEN SUFFERED WAS CRUCIFIED AND THEN HE DIED STANDING CLEARLY BEFORE US SO THAT OUR HEARTS AND EYES MAY FASTEN UPON HIM
confirmation,test-clean,2830,M,3980,2830-3980-0050,7.475,16000,test-clean/2830/3980/2830-3980-0050.flac,DID NOT CHRIST HIMSELF SAY I AM THE WAY AND THE TRUTH AND THE LIFE NO MAN COMETH UNTO THE FATHER BUT BY ME
confirmation,test-clean,2830,M,3980,2830-3980-0053,5.015,16000,test-clean/2830/3980/2830-3980-0053.flac,AT THE SAME TIME PAUL CONFIRMS OUR CREED THAT CHRIST IS VERY GOD
confirmation,test-clean,2830,M,3980,2830-3980-0059,1.825,16000,test-clean/2830/3980/2830-3980-0059.flac,PAUL STICKS TO HIS THEME
confirmation,test-clean,2830,M,3980,2830-3980-0060,2.675,16000,test-clean/2830/3980/2830-3980-0060.flac,HE NEVER LOSES SIGHT OF THE PURPOSE OF HIS EPISTLE
confirmation,test-clean,2830,M,3980,2830-3980-0064,2.88,16000,test-clean/2830/3980/2830-3980-0064.flac,HOW MAY WE OBTAIN REMISSION OF OUR SINS
confirmation,test-clean,2830,M,3980,2830-3980-0072,4.855,16000,test-clean/2830/3980/2830-3980-0072.flac,THIS PASSAGE THEN BEARS OUT THE FACT THAT ALL MEN ARE SOLD UNDER SIN
confirmation,test-clean,2961,F,960,2961-960-0000,27.18,16000,test-clean/2961/960/2961-960-0000.flac,HE PASSES ABRUPTLY FROM PERSONS TO IDEAS AND NUMBERS AND FROM IDEAS AND NUMBERS TO PERSONS FROM THE HEAVENS TO MAN FROM ASTRONOMY TO PHYSIOLOGY HE CONFUSES OR RATHER DOES NOT DISTINGUISH SUBJECT AND OBJECT FIRST AND FINAL CAUSES AND IS DREAMING OF GEOMETRICAL FIGURES LOST IN A FLUX OF SENSE
confirmation,test-clean,2961,F,960,2961-960-0002,15.35,16000,test-clean/2961/960/2961-960-0002.flac,IN THE SUPPOSED DEPTHS OF THIS DIALOGUE THE NEO PLATONISTS FOUND HIDDEN MEANINGS AND CONNECTIONS WITH THE JEWISH AND CHRISTIAN SCRIPTURES AND OUT OF THEM THEY ELICITED DOCTRINES QUITE AT VARIANCE WITH THE SPIRIT OF PLATO
confirmation,test-clean,2961,F,960,2961-960-0003,17.315,16000,test-clean/2961/960/2961-960-0003.flac,THEY WERE ABSORBED IN HIS THEOLOGY AND WERE UNDER THE DOMINION OF HIS NAME WHILE THAT WHICH WAS TRULY GREAT AND TRULY CHARACTERISTIC IN HIM HIS EFFORT TO REALIZE AND CONNECT ABSTRACTIONS WAS NOT UNDERSTOOD BY THEM AT ALL
confirmation,test-clean,2961,F,960,2961-960-0005,10.355,16000,test-clean/2961/960/2961-960-0005.flac,IN THE PRESENT DAY WE ARE WELL AWARE THAT AN ANCIENT PHILOSOPHER IS TO BE INTERPRETED FROM HIMSELF AND BY THE CONTEMPORARY HISTORY OF THOUGHT
confirmation,test-clean,2961,F,960,2961-960-0006,15.725,16000,test-clean/2961/960/2961-960-0006.flac,THE FANCIES OF THE NEO PLATONISTS ARE ONLY INTERESTING TO US BECAUSE THEY EXHIBIT A PHASE OF THE HUMAN MIND WHICH PREVAILED WIDELY IN THE FIRST CENTURIES OF THE CHRISTIAN ERA AND IS NOT WHOLLY EXTINCT IN OUR OWN DAY
confirmation,test-clean,2961,F,960,2961-960-0007,7.64,16000,test-clean/2961/960/2961-960-0007.flac,BUT THEY HAVE NOTHING TO DO WITH THE INTERPRETATION OF PLATO AND IN SPIRIT THEY ARE OPPOSED TO HIM
confirmation,test-clean,2961,F,960,2961-960-0009,11.86,16000,test-clean/2961/960/2961-960-0009.flac,THE DIALOGUE IS PRIMARILY CONCERNED WITH THE ANIMAL CREATION INCLUDING UNDER THIS TERM THE HEAVENLY BODIES AND WITH MAN ONLY AS ONE AMONG THE ANIMALS
confirmation,test-clean,2961,F,960,2961-960-0011,20.875,16000,test-clean/2961/960/2961-960-0011.flac,WITH HERACLEITUS HE ACKNOWLEDGES THE PERPETUAL FLUX LIKE ANAXAGORAS HE ASSERTS THE PREDOMINANCE OF MIND ALTHOUGH ADMITTING AN ELEMENT OF NECESSITY WHICH REASON IS INCAPABLE OF SUBDUING LIKE THE PYTHAGOREANS HE SUPPOSES THE MYSTERY OF THE WORLD TO BE CONTAINED IN NUMBER
confirmation,test-clean,2961,F,960,2961-960-0013,10.575,16000,test-clean/2961/960/2961-960-0013.flac,IT IS PROBABLE THAT THE RELATION OF THE IDEAS TO GOD OR OF GOD TO THE WORLD WAS DIFFERENTLY CONCEIVED BY HIM AT DIFFERENT TIMES OF HIS LIFE
confirmation,test-clean,2961,F,960,2961-960-0014,8.775,16000,test-clean/2961/960/2961-960-0014.flac,THE IDEAS ALSO REMAIN BUT THEY HAVE BECOME TYPES IN NATURE FORMS OF MEN ANIMALS BIRDS FISHES
confirmation,test-clean,2961,F,960,2961-960-0017,7.87,16000,test-clean/2961/960/2961-960-0017.flac,NOTHING CAN EXCEED THE BEAUTY OR ART OF THE INTRODUCTION IN WHICH HE IS USING WORDS AFTER HIS ACCUSTOMED MANNER
confirmation,test-clean,2961,F,960,2961-960-0022,7.425,16000,test-clean/2961/960/2961-960-0022.flac,PLATO HAD NOT THE COMMAND OF HIS MATERIALS WHICH WOULD HAVE ENABLED HIM TO PRODUCE A PERFECT WORK OF ART
confirmation,test-clean,2961,F,961,2961-961-0000,4.665,16000,test-clean/2961/961/2961-961-0000.flac,SOCRATES BEGINS THE TIMAEUS WITH A SUMMARY OF THE REPUBLIC
confirmation,test-clean,2961,F,961,2961-961-0001,9.185,16000,test-clean/2961/961/2961-961-0001.flac,AND NOW HE DESIRES TO SEE THE IDEAL STATE SET IN MOTION HE WOULD LIKE TO KNOW HOW SHE BEHAVED IN SOME GREAT STRUGGLE
confirmation,test-clean,2961,F,961,2961-961-0002,19.99,16000,test-clean/2961/961/2961-961-0002.flac,AND THEREFORE TO YOU I TURN TIMAEUS CITIZEN OF LOCRIS WHO ARE AT ONCE A PHILOSOPHER AND A STATESMAN AND TO YOU CRITIAS WHOM ALL ATHENIANS KNOW TO BE SIMILARLY ACCOMPLISHED AND TO HERMOCRATES WHO IS ALSO FITTED BY NATURE AND EDUCATION TO SHARE IN OUR DISCOURSE
confirmation,test-clean,2961,F,961,2961-961-0003,4.73,16000,test-clean/2961/961/2961-961-0003.flac,I WILL IF TIMAEUS APPROVES I APPROVE
confirmation,test-clean,2961,F,961,2961-961-0004,11.48,16000,test-clean/2961/961/2961-961-0004.flac,LISTEN THEN SOCRATES TO A TALE OF SOLON'S WHO BEING THE FRIEND OF DROPIDAS MY GREAT GRANDFATHER TOLD IT TO MY GRANDFATHER CRITIAS AND HE TOLD ME
confirmation,test-clean,2961,F,961,2961-961-0005,3.775,16000,test-clean/2961/961/2961-961-0005.flac,SOME POEMS OF SOLON WERE RECITED BY THE BOYS
confirmation,test-clean,2961,F,961,2961-961-0006,4.6,16000,test-clean/2961/961/2961-961-0006.flac,AND WHAT WAS THE SUBJECT OF THE POEM SAID THE PERSON WHO MADE THE REMARK
confirmation,test-clean,2961,F,961,2961-961-0007,8.505,16000,test-clean/2961/961/2961-961-0007.flac,THE SUBJECT WAS A VERY NOBLE ONE HE DESCRIBED THE MOST FAMOUS ACTION IN WHICH THE ATHENIAN PEOPLE WERE EVER ENGAGED
confirmation,test-clean,2961,F,961,2961-961-0008,7.155,16000,test-clean/2961/961/2961-961-0008.flac,BUT THE MEMORY OF THEIR EXPLOITS HAS PASSED AWAY OWING TO THE LAPSE OF TIME AND THE EXTINCTION OF THE ACTORS
confirmation,test-clean,2961,F,961,2961-961-0011,7.815,16000,test-clean/2961/961/2961-961-0011.flac,THE GENEALOGIES WHICH YOU HAVE RECITED TO US OUT OF YOUR OWN ANNALS SOLON ARE A MERE CHILDREN'S STORY
confirmation,test-clean,2961,F,961,2961-961-0012,13.015,16000,test-clean/2961/961/2961-961-0012.flac,FOR IN THE TIMES BEFORE THE GREAT FLOOD ATHENS WAS THE GREATEST AND BEST OF CITIES AND DID THE NOBLEST DEEDS AND HAD THE BEST CONSTITUTION OF ANY UNDER THE FACE OF HEAVEN
confirmation,test-clean,2961,F,961,2961-961-0013,5.12,16000,test-clean/2961/961/2961-961-0013.flac,SOLON MARVELLED AND DESIRED TO BE INFORMED OF THE PARTICULARS
confirmation,test-clean,2961,F,961,2961-961-0016,7.815,16000,test-clean/2961/961/2961-961-0016.flac,I WILL BRIEFLY DESCRIBE THEM TO YOU AND YOU SHALL READ THE ACCOUNT OF THEM AT YOUR LEISURE IN THE SACRED REGISTERS
confirmation,test-clean,2961,F,961,2961-961-0017,9.73,16000,test-clean/2961/961/2961-961-0017.flac,OBSERVE AGAIN WHAT CARE THE LAW TOOK IN THE PURSUIT OF WISDOM SEARCHING OUT THE DEEP THINGS OF THE WORLD AND APPLYING THEM TO THE USE OF MAN
confirmation,test-clean,2961,F,961,2961-961-0018,5.29,16000,test-clean/2961/961/2961-961-0018.flac,THE MOST FAMOUS OF THEM ALL WAS THE OVERTHROW OF THE ISLAND OF ATLANTIS
confirmation,test-clean,2961,F,961,2961-961-0019,12.255,16000,test-clean/2961/961/2961-961-0019.flac,FOR AT THE PERIL OF HER OWN EXISTENCE AND WHEN THE OTHER HELLENES HAD DESERTED HER SHE REPELLED THE INVADER AND OF HER OWN ACCORD GAVE LIBERTY TO ALL THE NATIONS WITHIN THE PILLARS
confirmation,test-clean,2961,F,961,2961-961-0020,6.125,16000,test-clean/2961/961/2961-961-0020.flac,THIS IS THE EXPLANATION OF THE SHALLOWS WHICH ARE FOUND IN THAT PART OF THE ATLANTIC OCEAN
confirmation,test-clean,2961,F,961,2961-961-0022,25.985,16000,test-clean/2961/961/2961-961-0022.flac,THEN NOW LET ME EXPLAIN TO YOU THE ORDER OF OUR ENTERTAINMENT FIRST TIMAEUS WHO IS A NATURAL PHILOSOPHER WILL SPEAK OF THE ORIGIN OF THE WORLD GOING DOWN TO THE CREATION OF MAN AND THEN I SHALL RECEIVE THE MEN WHOM HE HAS CREATED AND SOME OF WHOM WILL HAVE BEEN EDUCATED BY YOU AND INTRODUCE THEM TO YOU AS THE LOST ATHENIAN CITIZENS OF WHOM THE EGYPTIAN RECORD SPOKE
confirmation,test-clean,3570,F,5694,3570-5694-0000,12.085,16000,test-clean/3570/5694/3570-5694-0000.flac,BUT ALREADY AT A POINT IN ECONOMIC EVOLUTION FAR ANTEDATING THE EMERGENCE OF THE LADY SPECIALISED CONSUMPTION OF GOODS AS AN EVIDENCE OF PECUNIARY STRENGTH HAD BEGUN TO WORK OUT IN A MORE OR LESS ELABORATE SYSTEM
confirmation,test-clean,3570,F,5694,3570-5694-0002,10.615,16000,test-clean/3570/5694/3570-5694-0002.flac,SUCH CONSUMPTION AS FALLS TO THE WOMEN IS MERELY INCIDENTAL TO THEIR WORK IT IS A MEANS TO THEIR CONTINUED LABOUR AND NOT A CONSUMPTION DIRECTED TO THEIR OWN COMFORT AND FULNESS OF LIFE
confirmation,test-clean,3570,F,5694,3570-5694-0004,5.33,16000,test-clean/3570/5694/3570-5694-0004.flac,IN THE NATURE OF THINGS LUXURIES AND THE COMFORTS OF LIFE BELONG TO THE LEISURE CLASS
confirmation,test-clean,3570,F,5694,3570-5694-0005,8.405,16000,test-clean/3570/5694/3570-5694-0005.flac,UNDER THE TABU CERTAIN VICTUALS AND MORE PARTICULARLY CERTAIN BEVERAGES ARE STRICTLY RESERVED FOR THE USE OF THE SUPERIOR CLASS
confirmation,test-clean,3570,F,5694,3570-5694-0006,14.505,16000,test-clean/3570/5694/3570-5694-0006.flac,DRUNKENNESS AND THE OTHER PATHOLOGICAL CONSEQUENCES OF THE FREE USE OF STIMULANTS THEREFORE TEND IN THEIR TURN TO BECOME HONORIFIC AS BEING A MARK AT THE SECOND REMOVE OF THE SUPERIOR STATUS OF THOSE WHO ARE ABLE TO AFFORD THE INDULGENCE
confirmation,test-clean,3570,F,5694,3570-5694-0007,10.545,16000,test-clean/3570/5694/3570-5694-0007.flac,IT HAS EVEN HAPPENED THAT THE NAME FOR CERTAIN DISEASED CONDITIONS OF THE BODY ARISING FROM SUCH AN ORIGIN HAS PASSED INTO EVERYDAY SPEECH AS A SYNONYM FOR NOBLE OR GENTLE
confirmation,test-clean,3570,F,5694,3570-5694-0011,11.03,16000,test-clean/3570/5694/3570-5694-0011.flac,THE CUSTOM OF FESTIVE GATHERINGS PROBABLY ORIGINATED IN MOTIVES OF CONVIVIALITY AND RELIGION THESE MOTIVES ARE ALSO PRESENT IN THE LATER DEVELOPMENT BUT THEY DO NOT CONTINUE TO BE THE SOLE MOTIVES
confirmation,test-clean,3570,F,5694,3570-5694-0012,3.205,16000,test-clean/3570/5694/3570-5694-0012.flac,THERE IS A MORE OR LESS ELABORATE SYSTEM OF RANK AND GRADES
confirmation,test-clean,3570,F,5694,3570-5694-0013,5.61,16000,test-clean/3570/5694/3570-5694-0013.flac,THIS DIFFERENTIATION IS FURTHERED BY THE INHERITANCE OF WEALTH AND THE CONSEQUENT INHERITANCE OF GENTILITY
confirmation,test-clean,3570,F,5694,3570-5694-0014,11.255,16000,test-clean/3570/5694/3570-5694-0014.flac,MANY OF THESE AFFILIATED GENTLEMEN OF LEISURE ARE AT THE SAME TIME LESSER MEN OF SUBSTANCE IN THEIR OWN RIGHT SO THAT SOME OF THEM ARE SCARCELY AT ALL OTHERS ONLY PARTIALLY TO BE RATED AS VICARIOUS CONSUMERS
confirmation,test-clean,3570,F,5694,3570-5694-0016,14.15,16000,test-clean/3570/5694/3570-5694-0016.flac,MANY OF THESE AGAIN AND ALSO MANY OF THE OTHER ARISTOCRACY OF LESS DEGREE HAVE IN TURN ATTACHED TO THEIR PERSONS A MORE OR LESS COMPREHENSIVE GROUP OF VICARIOUS CONSUMER IN THE PERSONS OF THEIR WIVES AND CHILDREN THEIR SERVANTS RETAINERS ET CETERA
confirmation,test-clean,3570,F,5694,3570-5694-0017,8.335,16000,test-clean/3570/5694/3570-5694-0017.flac,THE WEARING OF UNIFORMS OR LIVERIES IMPLIES A CONSIDERABLE DEGREE OF DEPENDENCE AND MAY EVEN BE SAID TO BE A MARK OF SERVITUDE REAL OR OSTENSIBLE
confirmation,test-clean,3570,F,5694,3570-5694-0020,14.035,16000,test-clean/3570/5694/3570-5694-0020.flac,SO THOSE OFFICES WHICH ARE BY RIGHT THE PROPER EMPLOYMENT OF THE LEISURE CLASS ARE NOBLE SUCH AS GOVERNMENT FIGHTING HUNTING THE CARE OF ARMS AND ACCOUTREMENTS AND THE LIKE IN SHORT THOSE WHICH MAY BE CLASSED AS OSTENSIBLY PREDATORY EMPLOYMENTS
confirmation,test-clean,3570,F,5694,3570-5694-0021,10.555,16000,test-clean/3570/5694/3570-5694-0021.flac,WHENEVER AS IN THESE CASES THE MENIAL SERVICE IN QUESTION HAS TO DO DIRECTLY WITH THE PRIMARY LEISURE EMPLOYMENTS OF FIGHTING AND HUNTING IT EASILY ACQUIRES A REFLECTED HONORIFIC CHARACTER
confirmation,test-clean,3570,F,5695,3570-5695-0001,14.715,16000,test-clean/3570/5695/3570-5695-0001.flac,THE DEPENDENT WHO WAS FIRST DELEGATED FOR THESE DUTIES WAS THE WIFE OR THE CHIEF WIFE AND AS WOULD BE EXPECTED IN THE LATER DEVELOPMENT OF THE INSTITUTION WHEN THE NUMBER OF PERSONS BY WHOM THESE DUTIES ARE CUSTOMARILY PERFORMED GRADUALLY NARROWS THE WIFE REMAINS THE LAST
confirmation,test-clean,3570,F,5695,3570-5695-0005,20.03,16000,test-clean/3570/5695/3570-5695-0005.flac,THE MAN OF THE HOUSEHOLD ALSO CAN DO SOMETHING IN THIS DIRECTION AND INDEED HE COMMONLY DOES BUT WITH A STILL LOWER DESCENT INTO THE LEVELS OF INDIGENCE ALONG THE MARGIN OF THE SLUMS THE MAN AND PRESENTLY ALSO THE CHILDREN VIRTUALLY CEASE TO CONSUME VALUABLE GOODS FOR APPEARANCES AND THE WOMAN REMAINS VIRTUALLY THE SOLE EXPONENT OF THE HOUSEHOLD'S PECUNIARY DECENCY
confirmation,test-clean,3570,F,5695,3570-5695-0006,7.47,16000,test-clean/3570/5695/3570-5695-0006.flac,VERY MUCH OF SQUALOR AND DISCOMFORT WILL BE ENDURED BEFORE THE LAST TRINKET OR THE LAST PRETENSE OF PECUNIARY DECENCY IS PUT AWAY
confirmation,test-clean,3570,F,5695,3570-5695-0008,6.845,16000,test-clean/3570/5695/3570-5695-0008.flac,THE QUESTION IS WHICH OF THE TWO METHODS WILL MOST EFFECTIVELY REACH THE PERSONS WHOSE CONVICTIONS IT IS DESIRED TO AFFECT
confirmation,test-clean,3570,F,5695,3570-5695-0010,4.665,16000,test-clean/3570/5695/3570-5695-0010.flac,THE MODERN ORGANIZATION OF INDUSTRY WORKS IN THE SAME DIRECTION ALSO BY ANOTHER LINE
confirmation,test-clean,3570,F,5695,3570-5695-0011,8.26,16000,test-clean/3570/5695/3570-5695-0011.flac,IT IS EVIDENT THEREFORE THAT THE PRESENT TREND OF THE DEVELOPMENT IS IN THE DIRECTION OF HEIGHTENING THE UTILITY OF CONSPICUOUS CONSUMPTION AS COMPARED WITH LEISURE
confirmation,test-clean,3570,F,5695,3570-5695-0012,14.76,16000,test-clean/3570/5695/3570-5695-0012.flac,IT IS ALSO NOTICEABLE THAT THE SERVICEABILITY OF CONSUMPTION AS A MEANS OF REPUTE AS WELL AS THE INSISTENCE ON IT AS AN ELEMENT OF DECENCY IS AT ITS BEST IN THOSE PORTIONS OF THE COMMUNITY WHERE THE HUMAN CONTACT OF THE INDIVIDUAL IS WIDEST AND THE MOBILITY OF THE POPULATION IS GREATEST
confirmation,test-clean,3570,F,5695,3570-5695-0013,4.64,16000,test-clean/3570/5695/3570-5695-0013.flac,CONSUMPTION BECOMES A LARGER ELEMENT IN THE STANDARD OF LIVING IN THE CITY THAN IN THE COUNTRY
confirmation,test-clean,3570,F,5695,3570-5695-0014,10.54,16000,test-clean/3570/5695/3570-5695-0014.flac,AMONG THE COUNTRY POPULATION ITS PLACE IS TO SOME EXTENT TAKEN BY SAVINGS AND HOME COMFORTS KNOWN THROUGH THE MEDIUM OF NEIGHBORHOOD GOSSIP SUFFICIENTLY TO SERVE THE LIKE GENERAL PURPOSE OF PECUNIARY REPUTE
confirmation,test-clean,3570,F,5696,3570-5696-0001,16.735,16000,test-clean/3570/5696/3570-5696-0001.flac,BUT THE ACTUAL COURSE OF DEVELOPMENT HAS BEEN SOMEWHAT DIFFERENT FROM THIS IDEAL SCHEME LEISURE HELD THE FIRST PLACE AT THE START AND CAME TO HOLD A RANK VERY MUCH ABOVE WASTEFUL CONSUMPTION OF GOODS BOTH AS A DIRECT EXPONENT OF WEALTH AND AS AN ELEMENT IN THE STANDARD OF DECENCY DURING THE QUASI PEACEABLE CULTURE
confirmation,test-clean,3570,F,5696,3570-5696-0002,7.51,16000,test-clean/3570/5696/3570-5696-0002.flac,OTHER CIRCUMSTANCES PERMITTING THAT INSTINCT DISPOSES MEN TO LOOK WITH FAVOR UPON PRODUCTIVE EFFICIENCY AND ON WHATEVER IS OF HUMAN USE
confirmation,test-clean,3570,F,5696,3570-5696-0003,25.115,16000,test-clean/3570/5696/3570-5696-0003.flac,A RECONCILIATION BETWEEN THE TWO CONFLICTING REQUIREMENTS IS EFFECTED BY A RESORT TO MAKE BELIEVE MANY AND INTRICATE POLITE OBSERVANCES AND SOCIAL DUTIES OF A CEREMONIAL NATURE ARE DEVELOPED MANY ORGANIZATIONS ARE FOUNDED WITH SOME SPECIOUS OBJECT OF AMELIORATION EMBODIED IN THEIR OFFICIAL STYLE AND TITLE THERE IS MUCH COMING AND GOING AND A DEAL OF TALK TO THE END THAT THE TALKERS MAY NOT HAVE OCCASION TO REFLECT ON WHAT IS THE EFFECTUAL ECONOMIC VALUE OF THEIR TRAFFIC
confirmation,test-clean,3570,F,5696,3570-5696-0005,13.025,16000,test-clean/3570/5696/3570-5696-0005.flac,THROUGHOUT THE ENTIRE EVOLUTION OF CONSPICUOUS EXPENDITURE WHETHER OF GOODS OR OF SERVICES OR HUMAN LIFE RUNS THE OBVIOUS IMPLICATION THAT IN ORDER TO EFFECTUALLY MEND THE CONSUMER'S GOOD FAME IT MUST BE AN EXPENDITURE OF SUPERFLUITIES
confirmation,test-clean,3570,F,5696,3570-5696-0006,4.16,16000,test-clean/3570/5696/3570-5696-0006.flac,AS USED IN THE SPEECH OF EVERYDAY LIFE THE WORD CARRIES AN UNDERTONE OF DEPRECATION
confirmation,test-clean,3570,F,5696,3570-5696-0007,9.5,16000,test-clean/3570/5696/3570-5696-0007.flac,THE USE OF THE WORD WASTE AS A TECHNICAL TERM THEREFORE IMPLIES NO DEPRECATION OF THE MOTIVES OR OF THE ENDS SOUGHT BY THE CONSUMER UNDER THIS CANON OF CONSPICUOUS WASTE
confirmation,test-clean,3570,F,5696,3570-5696-0009,8.86,16000,test-clean/3570/5696/3570-5696-0009.flac,IN STRICT ACCURACY NOTHING SHOULD BE INCLUDED UNDER THE HEAD OF CONSPICUOUS WASTE BUT SUCH EXPENDITURE AS IS INCURRED ON THE GROUND OF AN INVIDIOUS PECUNIARY COMPARISON
confirmation,test-clean,3575,F,170457,3575-170457-0004,3.105,16000,test-clean/3575/170457/3575-170457-0004.flac,WE USED TO DISPUTE ABOUT POLITICS AND RELIGION
confirmation,test-clean,3575,F,170457,3575-170457-0006,8.3,16000,test-clean/3575/170457/3575-170457-0006.flac,HER FEEBLE HEALTH GAVE HER HER YIELDING MANNER FOR SHE COULD NEVER OPPOSE ANY ONE WITHOUT GATHERING UP ALL HER STRENGTH FOR THE STRUGGLE
confirmation,test-clean,3575,F,170457,3575-170457-0007,7.775,16000,test-clean/3575/170457/3575-170457-0007.flac,HE SPOKE FRENCH PERFECTLY I HAVE BEEN TOLD WHEN NEED WAS BUT DELIGHTED USUALLY IN TALKING THE BROADEST YORKSHIRE
confirmation,test-clean,3575,F,170457,3575-170457-0008,13.555,16000,test-clean/3575/170457/3575-170457-0008.flac,AND SO LIFE AND DEATH HAVE DISPERSED THE CIRCLE OF VIOLENT RADICALS AND DISSENTERS INTO WHICH TWENTY YEARS AGO THE LITTLE QUIET RESOLUTE CLERGYMAN'S DAUGHTER WAS RECEIVED AND BY WHOM SHE WAS TRULY LOVED AND HONOURED
confirmation,test-clean,3575,F,170457,3575-170457-0012,5.8500625,16000,test-clean/3575/170457/3575-170457-0012.flac,YOU WILL SAY THAT A WOMAN HAS NO NEED OF SUCH A CAUTION THERE CAN BE NO PERIL IN IT FOR HER
confirmation,test-clean,3575,F,170457,3575-170457-0014,6.68,16000,test-clean/3575/170457/3575-170457-0014.flac,TO THOSE DUTIES YOU HAVE NOT YET BEEN CALLED AND WHEN YOU ARE YOU WILL BE LESS EAGER FOR CELEBRITY
confirmation,test-clean,3575,F,170457,3575-170457-0015,14.425,16000,test-clean/3575/170457/3575-170457-0015.flac,BUT DO NOT SUPPOSE THAT I DISPARAGE THE GIFT WHICH YOU POSSESS NOR THAT I WOULD DISCOURAGE YOU FROM EXERCISING IT I ONLY EXHORT YOU SO TO THINK OF IT AND SO TO USE IT AS TO RENDER IT CONDUCIVE TO YOUR OWN PERMANENT GOOD
confirmation,test-clean,3575,F,170457,3575-170457-0017,12.73,16000,test-clean/3575/170457/3575-170457-0017.flac,THOUGH I MAY BE BUT AN UNGRACIOUS ADVISER YOU WILL ALLOW ME THEREFORE TO SUBSCRIBE MYSELF WITH THE BEST WISHES FOR YOUR HAPPINESS HERE AND HEREAFTER YOUR TRUE FRIEND ROBERT SOUTHEY
confirmation,test-clean,3575,F,170457,3575-170457-0018,2.92,16000,test-clean/3575/170457/3575-170457-0018.flac,SIR MARCH SIXTEENTH
confirmation,test-clean,3575,F,170457,3575-170457-0020,8.645,16000,test-clean/3575/170457/3575-170457-0020.flac,I KNOW THE FIRST LETTER I WROTE TO YOU WAS ALL SENSELESS TRASH FROM BEGINNING TO END BUT I AM NOT ALTOGETHER THE IDLE DREAMING BEING IT WOULD SEEM TO DENOTE
confirmation,test-clean,3575,F,170457,3575-170457-0021,4.18,16000,test-clean/3575/170457/3575-170457-0021.flac,I THOUGHT IT THEREFORE MY DUTY WHEN I LEFT SCHOOL TO BECOME A GOVERNESS
confirmation,test-clean,3575,F,170457,3575-170457-0024,12.255,16000,test-clean/3575/170457/3575-170457-0024.flac,I DON'T ALWAYS SUCCEED FOR SOMETIMES WHEN I'M TEACHING OR SEWING I WOULD RATHER BE READING OR WRITING BUT I TRY TO DENY MYSELF AND MY FATHER'S APPROBATION AMPLY REWARDED ME FOR THE PRIVATION
confirmation,test-clean,3575,F,170457,3575-170457-0028,5.53,16000,test-clean/3575/170457/3575-170457-0028.flac,KESWICK MARCH TWENTY SECOND EIGHTEEN THIRTY SEVEN DEAR MADAM
confirmation,test-clean,3575,F,170457,3575-170457-0030,8.9450625,16000,test-clean/3575/170457/3575-170457-0030.flac,OF THIS SECOND LETTER ALSO SHE SPOKE AND TOLD ME THAT IT CONTAINED AN INVITATION FOR HER TO GO AND SEE THE POET IF EVER SHE VISITED THE LAKES
confirmation,test-clean,3575,F,170457,3575-170457-0033,8.5,16000,test-clean/3575/170457/3575-170457-0033.flac,SATURDAY AFTER SATURDAY COMES ROUND AND I CAN HAVE NO HOPE OF HEARING YOUR KNOCK AT THE DOOR AND THEN BEING TOLD THAT MISS E IS COME OH DEAR
confirmation,test-clean,3575,F,170457,3575-170457-0034,3.495,16000,test-clean/3575/170457/3575-170457-0034.flac,IN THIS MONOTONOUS LIFE OF MINE THAT WAS A PLEASANT EVENT
confirmation,test-clean,3575,F,170457,3575-170457-0035,9.37,16000,test-clean/3575/170457/3575-170457-0035.flac,I WISH IT WOULD RECUR AGAIN BUT IT WILL TAKE TWO OR THREE INTERVIEWS BEFORE THE STIFFNESS THE ESTRANGEMENT OF THIS LONG SEPARATION WILL WEAR AWAY
confirmation,test-clean,3575,F,170457,3575-170457-0037,14.2,16000,test-clean/3575/170457/3575-170457-0037.flac,IF CHRISTIAN PERFECTION BE NECESSARY TO SALVATION I SHALL NEVER BE SAVED MY HEART IS A VERY HOTBED FOR SINFUL THOUGHTS AND WHEN I DECIDE ON AN ACTION I SCARCELY REMEMBER TO LOOK TO MY REDEEMER FOR DIRECTION
confirmation,test-clean,3575,F,170457,3575-170457-0038,11.535,16000,test-clean/3575/170457/3575-170457-0038.flac,AND MEANTIME I KNOW THE GREATNESS OF JEHOVAH I ACKNOWLEDGE THE PERFECTION OF HIS WORD I ADORE THE PURITY OF THE CHRISTIAN FAITH MY THEORY IS RIGHT MY PRACTICE HORRIBLY WRONG
confirmation,test-clean,3575,F,170457,3575-170457-0039,12.72,16000,test-clean/3575/170457/3575-170457-0039.flac,THE CHRISTMAS HOLIDAYS CAME AND SHE AND ANNE RETURNED TO THE PARSONAGE AND TO THAT HAPPY HOME CIRCLE IN WHICH ALONE THEIR NATURES EXPANDED AMONGST ALL OTHER PEOPLE THEY SHRIVELLED UP MORE OR LESS
confirmation,test-clean,3575,F,170457,3575-170457-0040,6.905,16000,test-clean/3575/170457/3575-170457-0040.flac,INDEED THERE WERE ONLY ONE OR TWO STRANGERS WHO COULD BE ADMITTED AMONG THE SISTERS WITHOUT PRODUCING THE SAME RESULT
confirmation,test-clean,3575,F,170457,3575-170457-0041,14.01,16000,test-clean/3575/170457/3575-170457-0041.flac,SHE WAS GONE OUT INTO THE VILLAGE ON SOME ERRAND WHEN AS SHE WAS DESCENDING THE STEEP STREET HER FOOT SLIPPED ON THE ICE AND SHE FELL IT WAS DARK AND NO ONE SAW HER MISCHANCE TILL AFTER A TIME HER GROANS ATTRACTED THE ATTENTION OF A PASSER BY
confirmation,test-clean,3575,F,170457,3575-170457-0042,12.21,16000,test-clean/3575/170457/3575-170457-0042.flac,UNFORTUNATELY THE FRACTURE COULD NOT BE SET TILL SIX O'CLOCK THE NEXT MORNING AS NO SURGEON WAS TO BE HAD BEFORE THAT TIME AND SHE NOW LIES AT OUR HOUSE IN A VERY DOUBTFUL AND DANGEROUS STATE
confirmation,test-clean,3575,F,170457,3575-170457-0045,6.52,16000,test-clean/3575/170457/3575-170457-0045.flac,I AM NOT GOOD ENOUGH FOR YOU AND YOU MUST BE KEPT FROM THE CONTAMINATION OF TOO INTIMATE SOCIETY
confirmation,test-clean,3575,F,170457,3575-170457-0049,2.715,16000,test-clean/3575/170457/3575-170457-0049.flac,THIS DECISION WAS COMMUNICATED TO THE GIRLS
confirmation,test-clean,3575,F,170457,3575-170457-0050,6.405,16000,test-clean/3575/170457/3575-170457-0050.flac,TABBY HAD TENDED THEM IN THEIR CHILDHOOD THEY AND NONE OTHER SHOULD TEND HER IN HER INFIRMITY AND AGE
confirmation,test-clean,3575,F,170457,3575-170457-0051,4.915,16000,test-clean/3575/170457/3575-170457-0051.flac,AT TEA TIME THEY WERE SAD AND SILENT AND THE MEAL WENT AWAY UNTOUCHED BY ANY OF THE THREE
confirmation,test-clean,3575,F,170457,3575-170457-0054,8.005,16000,test-clean/3575/170457/3575-170457-0054.flac,STUNG BY ANXIETY FOR THIS LITTLE SISTER SHE UPBRAIDED MISS W FOR HER FANCIED INDIFFERENCE TO ANNE'S STATE OF HEALTH
confirmation,test-clean,3575,F,170457,3575-170457-0055,11.85,16000,test-clean/3575/170457/3575-170457-0055.flac,STILL HER HEART HAD RECEIVED A SHOCK IN THE PERCEPTION OF ANNE'S DELICACY AND ALL THESE HOLIDAYS SHE WATCHED OVER HER WITH THE LONGING FOND ANXIETY WHICH IS SO FULL OF SUDDEN PANGS OF FEAR
confirmation,test-clean,3575,F,170457,3575-170457-0056,3.3700625,16000,test-clean/3575/170457/3575-170457-0056.flac,I DOUBT WHETHER BRANWELL WAS MAINTAINING HIMSELF AT THIS TIME
confirmation,test-clean,3729,F,6852,3729-6852-0000,11.17,16000,test-clean/3729/6852/3729-6852-0000.flac,TO CELEBRATE THE ARRIVAL OF HER SON SILVIA GAVE A SPLENDID SUPPER TO WHICH SHE HAD INVITED ALL HER RELATIVES AND IT WAS A GOOD OPPORTUNITY FOR ME TO MAKE THEIR ACQUAINTANCE
confirmation,test-clean,3729,F,6852,3729-6852-0002,8.78,16000,test-clean/3729/6852/3729-6852-0002.flac,IN ORDER TO PLEASE HER I SPOKE TO HER OF THE ABBE CONTI AND I HAD OCCASION TO QUOTE TWO LINES OF THAT PROFOUND WRITER
confirmation,test-clean,3729,F,6852,3729-6852-0003,21.48,16000,test-clean/3729/6852/3729-6852-0003.flac,MADAM CORRECTED ME WITH A PATRONIZING AIR FOR MY PRONUNCIATION OF THE WORD SCEVRA WHICH MEANS DIVIDED SAYING THAT IT OUGHT TO BE PRONOUNCED SCEURA AND SHE ADDED THAT I OUGHT TO BE VERY GLAD TO HAVE LEARNED SO MUCH ON THE FIRST DAY OF MY ARRIVAL IN PARIS TELLING ME THAT IT WOULD BE AN IMPORTANT DAY IN MY LIFE
confirmation,test-clean,3729,F,6852,3729-6852-0005,18.54,16000,test-clean/3729/6852/3729-6852-0005.flac,SILVIA WAS THE ADORATION OF FRANCE AND HER TALENT WAS THE REAL SUPPORT OF ALL THE COMEDIES WHICH THE GREATEST AUTHORS WROTE FOR HER ESPECIALLY OF THE PLAYS OF MARIVAUX FOR WITHOUT HER HIS COMEDIES WOULD NEVER HAVE GONE TO POSTERITY
confirmation,test-clean,3729,F,6852,3729-6852-0006,23.74,16000,test-clean/3729/6852/3729-6852-0006.flac,SILVIA DID NOT THINK THAT HER GOOD CONDUCT WAS A MERIT FOR SHE KNEW THAT SHE WAS VIRTUOUS ONLY BECAUSE HER SELF LOVE COMPELLED HER TO BE SO AND SHE NEVER EXHIBITED ANY PRIDE OR ASSUMED ANY SUPERIORITY TOWARDS HER THEATRICAL SISTERS ALTHOUGH SATISFIED TO SHINE BY THEIR TALENT OR THEIR BEAUTY THEY CARED LITTLE ABOUT RENDERING THEMSELVES CONSPICUOUS BY THEIR VIRTUE
confirmation,test-clean,3729,F,6852,3729-6852-0007,12.49,16000,test-clean/3729/6852/3729-6852-0007.flac,TWO YEARS BEFORE HER DEATH I SAW HER PERFORM THE CHARACTER OF MARIANNE IN THE COMEDY OF MARIVAUX AND IN SPITE OF HER AGE AND DECLINING HEALTH THE ILLUSION WAS COMPLETE
confirmation,test-clean,3729,F,6852,3729-6852-0010,2.755,16000,test-clean/3729/6852/3729-6852-0010.flac,I NEVER HAD ANY FAMILY
confirmation,test-clean,3729,F,6852,3729-6852-0011,7.37,16000,test-clean/3729/6852/3729-6852-0011.flac,I HAD A NAME I BELIEVE IN MY YOUNG DAYS BUT I HAVE FORGOTTEN IT SINCE I HAVE BEEN IN SERVICE
confirmation,test-clean,3729,F,6852,3729-6852-0012,2.86,16000,test-clean/3729/6852/3729-6852-0012.flac,I SHALL CALL YOU ESPRIT
confirmation,test-clean,3729,F,6852,3729-6852-0013,3.3,16000,test-clean/3729/6852/3729-6852-0013.flac,YOU DO ME A GREAT HONOUR
confirmation,test-clean,3729,F,6852,3729-6852-0014,5.71,16000,test-clean/3729/6852/3729-6852-0014.flac,HERE GO AND GET ME CHANGE FOR A LOUIS I HAVE IT SIR
confirmation,test-clean,3729,F,6852,3729-6852-0016,4.195,16000,test-clean/3729/6852/3729-6852-0016.flac,MADAME QUINSON BESIDES CAN ANSWER YOUR ENQUIRIES
confirmation,test-clean,3729,F,6852,3729-6852-0017,17.99,16000,test-clean/3729/6852/3729-6852-0017.flac,I SEE A QUANTITY OF CHAIRS FOR HIRE AT THE RATE OF ONE SOU MEN READING THE NEWSPAPER UNDER THE SHADE OF THE TREES GIRLS AND MEN BREAKFASTING EITHER ALONE OR IN COMPANY WAITERS WHO WERE RAPIDLY GOING UP AND DOWN A NARROW STAIRCASE HIDDEN UNDER THE FOLIAGE
confirmation,test-clean,3729,F,6852,3729-6852-0020,13.215,16000,test-clean/3729/6852/3729-6852-0020.flac,THEN TURNING TOWARDS ME HE SAYS THAT I LOOK LIKE A FOREIGNER AND WHEN I SAY THAT I AM AN ITALIAN HE BEGINS TO SPEAK TO ME OF THE COURT OF THE CITY OF THE THEATRES AND AT LAST HE OFFERS TO ACCOMPANY ME EVERYWHERE
confirmation,test-clean,3729,F,6852,3729-6852-0021,2.96,16000,test-clean/3729/6852/3729-6852-0021.flac,I THANK HIM AND TAKE MY LEAVE
confirmation,test-clean,3729,F,6852,3729-6852-0022,8.315,16000,test-clean/3729/6852/3729-6852-0022.flac,I ADDRESS HIM IN ITALIAN AND HE ANSWERS VERY WITTILY BUT HIS WAY OF SPEAKING MAKES ME SMILE AND I TELL HIM WHY
confirmation,test-clean,3729,F,6852,3729-6852-0025,3.0,16000,test-clean/3729/6852/3729-6852-0025.flac,IS THERE NOT A MERIDIAN EVERYWHERE
confirmation,test-clean,3729,F,6852,3729-6852-0028,5.265,16000,test-clean/3729/6852/3729-6852-0028.flac,ALL THESE HONEST PERSONS ARE WAITING THEIR TURN TO GET THEIR SNUFF BOXES FILLED
confirmation,test-clean,3729,F,6852,3729-6852-0029,8.605,16000,test-clean/3729/6852/3729-6852-0029.flac,IT IS SOLD EVERYWHERE BUT FOR THE LAST THREE WEEKS NOBODY WILL USE ANY SNUFF BUT THAT SOLD AT THE CIVET CAT
confirmation,test-clean,3729,F,6852,3729-6852-0030,2.84,16000,test-clean/3729/6852/3729-6852-0030.flac,IS IT BETTER THAN ANYWHERE ELSE
confirmation,test-clean,3729,F,6852,3729-6852-0031,4.4,16000,test-clean/3729/6852/3729-6852-0031.flac,BUT HOW DID SHE MANAGE TO RENDER IT SO FASHIONABLE
confirmation,test-clean,3729,F,6852,3729-6852-0036,5.24,16000,test-clean/3729/6852/3729-6852-0036.flac,WHEN THE KING COMES TO PARIS EVERYBODY CALLS OUT VIVE LE ROI
confirmation,test-clean,3729,F,6852,3729-6852-0037,5.89,16000,test-clean/3729/6852/3729-6852-0037.flac,SHE INTRODUCED ME TO ALL HER GUESTS AND GAVE ME SOME PARTICULARS RESPECTING EVERY ONE OF THEM
confirmation,test-clean,3729,F,6852,3729-6852-0038,5.77,16000,test-clean/3729/6852/3729-6852-0038.flac,WHAT SIR I SAID TO HIM AM I FORTUNATE ENOUGH TO SEE YOU
confirmation,test-clean,3729,F,6852,3729-6852-0039,8.825,16000,test-clean/3729/6852/3729-6852-0039.flac,HE HIMSELF RECITED THE SAME PASSAGE IN FRENCH AND POLITELY POINTED OUT THE PARTS IN WHICH HE THOUGHT THAT I HAD IMPROVED ON THE ORIGINAL
confirmation,test-clean,3729,F,6852,3729-6852-0040,10.66,16000,test-clean/3729/6852/3729-6852-0040.flac,FOR THE FIRST DAY SIR I THINK THAT WHAT YOU HAVE DONE GIVES GREAT HOPES OF YOU AND WITHOUT ANY DOUBT YOU WILL MAKE RAPID PROGRESS
confirmation,test-clean,3729,F,6852,3729-6852-0043,4.205,16000,test-clean/3729/6852/3729-6852-0043.flac,I RESIDE IN THE MARAIS RUE DE DOUZE PORTES
confirmation,test-clean,3729,F,6852,3729-6852-0044,6.98,16000,test-clean/3729/6852/3729-6852-0044.flac,I WILL MAKE YOU TRANSLATE THEM INTO FRENCH AND YOU NEED NOT BE AFRAID OF MY FINDING YOU INSATIABLE
confirmation,test-clean,3729,F,6852,3729-6852-0045,20.375,16000,test-clean/3729/6852/3729-6852-0045.flac,HE HAD A GOOD APPETITE COULD TELL A GOOD STORY WITHOUT LAUGHING WAS CELEBRATED FOR HIS WITTY REPARTEES AND HIS SOCIABLE MANNERS BUT HE SPENT HIS LIFE AT HOME SELDOM GOING OUT AND SEEING HARDLY ANYONE BECAUSE HE ALWAYS HAD A PIPE IN HIS MOUTH AND WAS SURROUNDED BY AT LEAST TWENTY CATS WITH WHICH HE WOULD AMUSE HIMSELF ALL DAY
confirmation,test-clean,3729,F,6852,3729-6852-0046,12.605,16000,test-clean/3729/6852/3729-6852-0046.flac,HIS HOUSEKEEPER HAD THE MANAGEMENT OF EVERYTHING SHE NEVER ALLOWED HIM TO BE IN NEED OF ANYTHING AND SHE GAVE NO ACCOUNT OF HIS MONEY WHICH SHE KEPT ALTOGETHER BECAUSE HE NEVER ASKED HER TO RENDER ANY ACCOUNTS
confirmation,test-clean,4077,M,13751,4077-13751-0000,9.56,16000,test-clean/4077/13751/4077-13751-0000.flac,ON THE SIXTH OF APRIL EIGHTEEN THIRTY THE CHURCH OF JESUS CHRIST OF LATTER DAY SAINTS WAS FORMALLY ORGANIZED AND THUS TOOK ON A LEGAL EXISTENCE
confirmation,test-clean,4077,M,13751,4077-13751-0001,8.745,16000,test-clean/4077/13751/4077-13751-0001.flac,ITS ORIGIN WAS SMALL A GERM AN INSIGNIFICANT SEED HARDLY TO BE THOUGHT OF AS LIKELY TO AROUSE OPPOSITION
confirmation,test-clean,4077,M,13751,4077-13751-0002,9.75,16000,test-clean/4077/13751/4077-13751-0002.flac,INSTEAD OF BUT SIX REGULARLY AFFILIATED MEMBERS AND AT MOST TWO SCORE OF ADHERENTS THE ORGANIZATION NUMBERS TODAY MANY HUNDRED THOUSAND SOULS
confirmation,test-clean,4077,M,13751,4077-13751-0003,16.72,16000,test-clean/4077/13751/4077-13751-0003.flac,IN PLACE OF A SINGLE HAMLET IN THE SMALLEST CORNER OF WHICH THE MEMBERS COULD HAVE CONGREGATED THERE NOW ARE ABOUT SEVENTY STAKES OF ZION AND ABOUT SEVEN HUNDRED ORGANIZED WARDS EACH WARD AND STAKE WITH ITS FULL COMPLEMENT OF OFFICERS AND PRIESTHOOD ORGANIZATIONS
confirmation,test-clean,4077,M,13751,4077-13751-0004,16.68,16000,test-clean/4077/13751/4077-13751-0004.flac,THE PRACTISE OF GATHERING ITS PROSELYTES INTO ONE PLACE PREVENTS THE BUILDING UP AND STRENGTHENING OF FOREIGN BRANCHES AND INASMUCH AS EXTENSIVE AND STRONG ORGANIZATIONS ARE SELDOM MET WITH ABROAD VERY ERRONEOUS IDEAS EXIST CONCERNING THE STRENGTH OF THE CHURCH
confirmation,test-clean,4077,M,13751,4077-13751-0005,19.61,16000,test-clean/4077/13751/4077-13751-0005.flac,NEVERTHELESS THE MUSTARD SEED AMONG THE SMALLEST OF ALL SEEDS HAS ATTAINED THE PROPORTIONS OF A TREE AND THE BIRDS OF THE AIR ARE NESTING IN ITS BRANCHES THE ACORN IS NOW AN OAK OFFERING PROTECTION AND THE SWEETS OF SATISFACTION TO EVERY EARNEST PILGRIM JOURNEYING ITS WAY FOR TRUTH
confirmation,test-clean,4077,M,13751,4077-13751-0006,13.065,16000,test-clean/4077/13751/4077-13751-0006.flac,THEIR EYES WERE FROM THE FIRST TURNED IN ANTICIPATION TOWARD THE EVENING SUN NOT MERELY THAT THE WORK OF PROSELYTING SHOULD BE CARRIED ON IN THE WEST BUT THAT THE HEADQUARTERS OF THE CHURCH SHOULD BE THERE ESTABLISHED
confirmation,test-clean,4077,M,13751,4077-13751-0007,17.22,16000,test-clean/4077/13751/4077-13751-0007.flac,THE BOOK OF MORMON HAD TAUGHT THE PEOPLE THE TRUE ORIGIN AND DESTINY OF THE AMERICAN INDIANS AND TOWARD THIS DARK SKINNED REMNANT OF A ONCE MIGHTY PEOPLE THE MISSIONARIES OF MORMONISM EARLY TURNED THEIR EYES AND WITH THEIR EYES WENT THEIR HEARTS AND THEIR HOPES
confirmation,test-clean,4077,M,13751,4077-13751-0008,10.555,16000,test-clean/4077/13751/4077-13751-0008.flac,IT IS NOTABLE THAT THE INDIAN TRIBES HAVE GENERALLY REGARDED THE RELIGION OF THE LATTER DAY SAINTS WITH FAVOR SEEING IN THE BOOK OF MORMON STRIKING AGREEMENT WITH THEIR OWN TRADITIONS
confirmation,test-clean,4077,M,13751,4077-13751-0010,6.72,16000,test-clean/4077/13751/4077-13751-0010.flac,TO THE FERVENT LATTER DAY SAINT A TEMPLE IS NOT SIMPLY A CHURCH BUILDING A HOUSE FOR RELIGIOUS ASSEMBLY
confirmation,test-clean,4077,M,13751,4077-13751-0011,11.425,16000,test-clean/4077/13751/4077-13751-0011.flac,SOON THOUSANDS OF CONVERTS HAD RENTED OR PURCHASED HOMES IN MISSOURI INDEPENDENCE JACKSON COUNTY BEING THEIR CENTER BUT FROM THE FIRST THEY WERE UNPOPULAR AMONG THE MISSOURIANS
confirmation,test-clean,4077,M,13751,4077-13751-0013,4.315,16000,test-clean/4077/13751/4077-13751-0013.flac,THEIR SUFFERINGS HAVE NEVER YET BEEN FITLY CHRONICLED BY HUMAN SCRIBE
confirmation,test-clean,4077,M,13751,4077-13751-0014,12.61,16000,test-clean/4077/13751/4077-13751-0014.flac,MAKING THEIR WAY ACROSS THE RIVER MOST OF THE REFUGEES FOUND SHELTER AMONG THE MORE HOSPITABLE PEOPLE OF CLAY COUNTY AND AFTERWARD ESTABLISHED THEMSELVES IN CALDWELL COUNTY THEREIN FOUNDING THE CITY OF FAR WEST
confirmation,test-clean,4077,M,13751,4077-13751-0015,13.475,16000,test-clean/4077/13751/4077-13751-0015.flac,A SMALL SETTLEMENT HAD BEEN FOUNDED BY MORMON FAMILIES ON SHOAL CREEK AND HERE ON THE THIRTIETH OF OCTOBER EIGHTEEN THIRTY EIGHT A COMPANY OF TWO HUNDRED AND FORTY FELL UPON THE HAPLESS SETTLERS AND BUTCHERED A SCORE
confirmation,test-clean,4077,M,13751,4077-13751-0016,14.515,16000,test-clean/4077/13751/4077-13751-0016.flac,BE IT SAID TO THE HONOR OF SOME OF THE OFFICERS ENTRUSTED WITH THE TERRIBLE COMMISSION THAT WHEN THEY LEARNED ITS TRUE SIGNIFICANCE THEY RESIGNED THEIR AUTHORITY RATHER THAN HAVE ANYTHING TO DO WITH WHAT THEY DESIGNATED A COLD BLOODED BUTCHERY
confirmation,test-clean,4077,M,13751,4077-13751-0017,5.095,16000,test-clean/4077/13751/4077-13751-0017.flac,OH WHAT A RECORD TO READ WHAT A PICTURE TO GAZE UPON HOW AWFUL THE FACT
confirmation,test-clean,4077,M,13751,4077-13751-0019,2.92,16000,test-clean/4077/13751/4077-13751-0019.flac,WHO BEGAN THE QUARREL WAS IT THE MORMONS
confirmation,test-clean,4077,M,13751,4077-13751-0020,10.295,16000,test-clean/4077/13751/4077-13751-0020.flac,AS A SAMPLE OF THE PRESS COMMENTS AGAINST THE BRUTALITY OF THE MISSOURIANS I QUOTE A PARAGRAPH FROM THE QUINCY ARGUS MARCH SIXTEENTH EIGHTEEN THIRTY NINE
confirmation,test-clean,4077,M,13751,4077-13751-0021,19.705,16000,test-clean/4077/13751/4077-13751-0021.flac,IT WILL BE OBSERVED THAT AN ORGANIZED MOB AIDED BY MANY OF THE CIVIL AND MILITARY OFFICERS OF MISSOURI WITH GOVERNOR BOGGS AT THEIR HEAD HAVE BEEN THE PROMINENT ACTORS IN THIS BUSINESS INCITED TOO IT APPEARS AGAINST THE MORMONS BY POLITICAL HATRED AND BY THE ADDITIONAL MOTIVES OF PLUNDER AND REVENGE
confirmation,test-clean,4077,M,13754,4077-13754-0001,3.77,16000,test-clean/4077/13754/4077-13754-0001.flac,BUT A WORD FURTHER CONCERNING THE EXPEDITION IN GENERAL
confirmation,test-clean,4077,M,13754,4077-13754-0002,17.78,16000,test-clean/4077/13754/4077-13754-0002.flac,IT WAS THROUGH FLOYD'S ADVICE THAT BUCHANAN ORDERED THE MILITARY EXPEDITION TO UTAH OSTENSIBLY TO INSTALL CERTAIN FEDERAL OFFICIALS AND TO REPRESS AN ALLEGED INFANTILE REBELLION WHICH IN FACT HAD NEVER COME INTO EXISTENCE BUT IN REALITY TO FURTHER THE INTERESTS OF THE SECESSIONISTS
confirmation,test-clean,4077,M,13754,4077-13754-0003,5.68,16000,test-clean/4077/13754/4077-13754-0003.flac,MOREOVER HAD THE PEOPLE BEEN INCLINED TO REBELLION WHAT GREATER OPPORTUNITY COULD THEY HAVE WISHED
confirmation,test-clean,4077,M,13754,4077-13754-0004,4.985,16000,test-clean/4077/13754/4077-13754-0004.flac,ALREADY A NORTH AND A SOUTH WERE TALKED OF WHY NOT SET UP ALSO A WEST
confirmation,test-clean,4077,M,13754,4077-13754-0005,17.84,16000,test-clean/4077/13754/4077-13754-0005.flac,THEY KNEW NO NORTH NO SOUTH NO EAST NO WEST THEY STOOD POSITIVELY BY THE CONSTITUTION AND WOULD HAVE NOTHING TO DO IN THE BLOODY STRIFE BETWEEN BROTHERS UNLESS INDEED THEY WERE SUMMONED BY THE AUTHORITY TO WHICH THEY HAD ALREADY ONCE LOYALLY RESPONDED TO FURNISH MEN AND ARMS FOR THEIR COUNTRY'S NEED
confirmation,test-clean,4077,M,13754,4077-13754-0008,19.91,16000,test-clean/4077/13754/4077-13754-0008.flac,IT HAS BEEN MY PRIVILEGE TO TREAD THE SOIL OF MANY LANDS TO OBSERVE THE CUSTOMS AND STUDY THE HABITS OF MORE NATIONS THAN ONE AND I HAVE YET TO FIND THE PLACE AND MEET THE PEOPLE WHERE AND WITH WHOM THE PURITY OF MAN AND WOMAN IS HELD MORE PRECIOUS THAN AMONG THE MALIGNED MORMONS IN THE MOUNTAIN VALLEYS OF THE WEST
confirmation,test-clean,4077,M,13754,4077-13754-0009,7.65,16000,test-clean/4077/13754/4077-13754-0009.flac,AT THE INCEPTION OF PLURAL MARRIAGE AMONG THE LATTER DAY SAINTS THERE WAS NO LAW NATIONAL OR STATE AGAINST ITS PRACTISE
confirmation,test-clean,4077,M,13754,4077-13754-0010,11.955,16000,test-clean/4077/13754/4077-13754-0010.flac,IN EIGHTEEN SIXTY TWO A LAW WAS ENACTED WITH THE PURPOSE OF SUPPRESSING PLURAL MARRIAGE AND AS HAD BEEN PREDICTED IN THE NATIONAL SENATE PRIOR TO ITS PASSAGE IT LAY FOR MANY YEARS A DEAD LETTER
confirmation,test-clean,4077,M,13754,4077-13754-0012,22.095,16000,test-clean/4077/13754/4077-13754-0012.flac,THIS MEANT THAT FOR AN ALLEGED MISDEMEANOR FOR WHICH CONGRESS PRESCRIBED A MAXIMUM PENALTY OF SIX MONTHS IMPRISONMENT AND A FINE OF THREE HUNDRED DOLLARS A MAN MIGHT BE IMPRISONED FOR LIFE AYE FOR MANY TERMS OF A MAN'S NATURAL LIFE DID THE COURT'S POWER TO ENFORCE ITS SENTENCES EXTEND SO FAR AND MIGHT BE FINED MILLIONS OF DOLLARS
confirmation,test-clean,4077,M,13754,4077-13754-0013,12.87,16000,test-clean/4077/13754/4077-13754-0013.flac,BEFORE THIS TRAVESTY ON THE ADMINISTRATION OF LAW COULD BE BROUGHT BEFORE THE COURT OF LAST RESORT AND THERE MEET WITH THE REVERSAL AND REBUKE IT DESERVED MEN WERE IMPRISONED UNDER SENTENCES OF MANY YEARS DURATION
confirmation,test-clean,4077,M,13754,4077-13754-0016,11.895,16000,test-clean/4077/13754/4077-13754-0016.flac,AND SO THE STORY OF MORMONISM RUNS ON ITS FINALE HAS NOT YET BEEN WRITTEN THE CURRENT PRESS PRESENTS CONTINUOUSLY NEW STAGES OF ITS PROGRESS NEW DEVELOPMENTS OF ITS PLAN
confirmation,test-clean,4446,F,2271,4446-2271-0001,6.35,16000,test-clean/4446/2271/4446-2271-0001.flac,HE HAD PRECONCEIVED IDEAS ABOUT EVERYTHING AND HIS IDEA ABOUT AMERICANS WAS THAT THEY SHOULD BE ENGINEERS OR MECHANICS
confirmation,test-clean,4446,F,2271,4446-2271-0005,3.395,16000,test-clean/4446/2271/4446-2271-0005.flac,SHE SAVES HER HAND TOO SHE'S AT HER BEST IN THE SECOND ACT
confirmation,test-clean,4446,F,2271,4446-2271-0007,2.1,16000,test-clean/4446/2271/4446-2271-0007.flac,SHE DOESN'T TAKE UP WITH ANYBODY YOU KNOW
confirmation,test-clean,4446,F,2271,4446-2271-0010,3.135,16000,test-clean/4446/2271/4446-2271-0010.flac,HE'S ANOTHER WHO'S AWFULLY KEEN ABOUT HER LET ME INTRODUCE YOU
confirmation,test-clean,4446,F,2271,4446-2271-0011,3.945,16000,test-clean/4446/2271/4446-2271-0011.flac,SIR HARRY TOWNE MISTER BARTLEY ALEXANDER THE AMERICAN ENGINEER
confirmation,test-clean,4446,F,2271,4446-2271-0018,5.715,16000,test-clean/4446/2271/4446-2271-0018.flac,SHE CONSIDERED A MOMENT AND THEN SAID NO I THINK NOT THOUGH I AM GLAD YOU ASK ME
confirmation,test-clean,4446,F,2273,4446-2273-0001,4.66,16000,test-clean/4446/2273/4446-2273-0001.flac,THEY ASKED HIM TO COME TO SEE THEM IN CHELSEA AND THEY SPOKE VERY TENDERLY OF HILDA
confirmation,test-clean,4446,F,2273,4446-2273-0004,5.435,16000,test-clean/4446/2273/4446-2273-0004.flac,I SHOULD NEVER HAVE ASKED YOU IF MOLLY HAD BEEN HERE FOR I REMEMBER YOU DON'T LIKE ENGLISH COOKERY
confirmation,test-clean,4446,F,2273,4446-2273-0013,2.625,16000,test-clean/4446/2273/4446-2273-0013.flac,HAVE YOU BEEN IN PARIS MUCH THESE LATE YEARS
confirmation,test-clean,4446,F,2273,4446-2273-0014,2.39,16000,test-clean/4446/2273/4446-2273-0014.flac,THERE ARE FEW CHANGES IN THE OLD QUARTER
confirmation,test-clean,4446,F,2273,4446-2273-0016,9.645,16000,test-clean/4446/2273/4446-2273-0016.flac,HER HAIR IS STILL LIKE FLAX AND HER BLUE EYES ARE JUST LIKE A BABY'S AND SHE HAS THE SAME THREE FRECKLES ON HER LITTLE NOSE AND TALKS ABOUT GOING BACK TO HER BAINS DE MER
confirmation,test-clean,4446,F,2273,4446-2273-0017,2.74,16000,test-clean/4446/2273/4446-2273-0017.flac,HOW JOLLY IT WAS BEING YOUNG HILDA
confirmation,test-clean,4446,F,2273,4446-2273-0018,3.4,16000,test-clean/4446/2273/4446-2273-0018.flac,DO YOU REMEMBER THAT FIRST WALK WE TOOK TOGETHER IN PARIS
confirmation,test-clean,4446,F,2273,4446-2273-0020,2.74,16000,test-clean/4446/2273/4446-2273-0020.flac,I THINK WE DID SHE ANSWERED DEMURELY
confirmation,test-clean,4446,F,2273,4446-2273-0023,6.1,16000,test-clean/4446/2273/4446-2273-0023.flac,THE STRANGE WOMAN AND HER PASSIONATE SENTENCE THAT RANG OUT SO SHARPLY HAD FRIGHTENED THEM BOTH
confirmation,test-clean,4446,F,2273,4446-2273-0029,3.3,16000,test-clean/4446/2273/4446-2273-0029.flac,IT'S REALLY TOO WARM IN THIS ROOM TO SING DON'T YOU FEEL IT
confirmation,test-clean,4446,F,2273,4446-2273-0034,3.59,16000,test-clean/4446/2273/4446-2273-0034.flac,HE FELT A TREMOR RUN THROUGH THE SLENDER YELLOW FIGURE IN FRONT OF HIM
confirmation,test-clean,4446,F,2275,4446-2275-0003,2.06,16000,test-clean/4446/2275/4446-2275-0003.flac,THE ROOM WAS EMPTY WHEN HE ENTERED
confirmation,test-clean,4446,F,2275,4446-2275-0005,4.445,16000,test-clean/4446/2275/4446-2275-0005.flac,I FELT IT IN MY BONES WHEN I WOKE THIS MORNING THAT SOMETHING SPLENDID WAS GOING TO TURN UP
confirmation,test-clean,4446,F,2275,4446-2275-0006,3.54,16000,test-clean/4446/2275/4446-2275-0006.flac,I THOUGHT IT MIGHT BE SISTER KATE OR COUSIN MIKE WOULD BE HAPPENING ALONG
confirmation,test-clean,4446,F,2275,4446-2275-0008,4.13,16000,test-clean/4446/2275/4446-2275-0008.flac,WHEN DID YOU COME BARTLEY AND HOW DID IT HAPPEN YOU HAVEN'T SPOKEN A WORD
confirmation,test-clean,4446,F,2275,4446-2275-0018,2.315,16000,test-clean/4446/2275/4446-2275-0018.flac,I GET NOTHING BUT MISERY OUT OF EITHER
confirmation,test-clean,4446,F,2275,4446-2275-0020,2.72,16000,test-clean/4446/2275/4446-2275-0020.flac,IT WAS MYSELF I WAS DEFYING HILDA
confirmation,test-clean,4446,F,2275,4446-2275-0022,3.28,16000,test-clean/4446/2275/4446-2275-0022.flac,BUT WHY DIDN'T YOU TELL ME WHEN YOU WERE HERE IN THE SUMMER
confirmation,test-clean,4446,F,2275,4446-2275-0024,2.395,16000,test-clean/4446/2275/4446-2275-0024.flac,SHE PRESSED HIS HAND GENTLY IN GRATITUDE
confirmation,test-clean,4446,F,2275,4446-2275-0028,3.575,16000,test-clean/4446/2275/4446-2275-0028.flac,YES YES SHE HURRIED PULLING HER HAND GENTLY AWAY FROM HIM
confirmation,test-clean,4446,F,2275,4446-2275-0031,3.055,16000,test-clean/4446/2275/4446-2275-0031.flac,I UNDERSTAND BARTLEY I WAS WRONG
confirmation,test-clean,4446,F,2275,4446-2275-0038,4.53,16000,test-clean/4446/2275/4446-2275-0038.flac,I WILL ASK THE LEAST IMAGINABLE BUT I MUST HAVE SOMETHING
confirmation,test-clean,4446,F,2275,4446-2275-0041,4.755,16000,test-clean/4446/2275/4446-2275-0041.flac,YOU SEE LOVING SOME ONE AS I LOVE YOU MAKES THE WHOLE WORLD DIFFERENT
confirmation,test-clean,4446,F,2275,4446-2275-0043,5.88,16000,test-clean/4446/2275/4446-2275-0043.flac,BARTLEY BENT OVER AND TOOK HER IN HIS ARMS KISSING HER MOUTH AND HER WET TIRED EYES
confirmation,test-clean,4507,F,16021,4507-16021-0005,4.21,16000,test-clean/4507/16021/4507-16021-0005.flac,WE HAVE NEVER UNDERSTOOD THIS SORT OF OBJECTIONS
confirmation,test-clean,4507,F,16021,4507-16021-0006,2.11,16000,test-clean/4507/16021/4507-16021-0006.flac,SLANG IS ODIOUS
confirmation,test-clean,4507,F,16021,4507-16021-0009,11.305,16000,test-clean/4507/16021/4507-16021-0009.flac,WHEN IT IS A QUESTION OF PROBING A WOUND A GULF A SOCIETY SINCE WHEN HAS IT BEEN CONSIDERED WRONG TO GO TOO FAR TO GO TO THE BOTTOM
confirmation,test-clean,4507,F,16021,4507-16021-0010,15.165,16000,test-clean/4507/16021/4507-16021-0010.flac,WE HAVE ALWAYS THOUGHT THAT IT WAS SOMETIMES A COURAGEOUS ACT AND AT LEAST A SIMPLE AND USEFUL DEED WORTHY OF THE SYMPATHETIC ATTENTION WHICH DUTY ACCEPTED AND FULFILLED MERITS
confirmation,test-clean,4507,F,16021,4507-16021-0013,10.44,16000,test-clean/4507/16021/4507-16021-0013.flac,NOTHING IS MORE LUGUBRIOUS THAN THE CONTEMPLATION THUS IN ITS NUDITY IN THE BROAD LIGHT OF THOUGHT OF THE HORRIBLE SWARMING OF SLANG
confirmation,test-clean,4507,F,16021,4507-16021-0015,3.86,16000,test-clean/4507/16021/4507-16021-0015.flac,SINCE WHEN HAS MALADY BANISHED MEDICINE
confirmation,test-clean,4507,F,16021,4507-16021-0016,17.265,16000,test-clean/4507/16021/4507-16021-0016.flac,CAN ONE IMAGINE A NATURALIST REFUSING TO STUDY THE VIPER THE BAT THE SCORPION THE CENTIPEDE THE TARANTULA AND ONE WHO WOULD CAST THEM BACK INTO THEIR DARKNESS SAYING OH HOW UGLY THAT IS
confirmation,test-clean,4507,F,16021,4507-16021-0018,3.375,16000,test-clean/4507/16021/4507-16021-0018.flac,WHAT IS SLANG PROPERLY SPEAKING
confirmation,test-clean,4507,F,16021,4507-16021-0019,2.93,16000,test-clean/4507/16021/4507-16021-0019.flac,IT IS THE LANGUAGE OF WRETCHEDNESS
confirmation,test-clean,4507,F,16021,4507-16021-0021,14.48,16000,test-clean/4507/16021/4507-16021-0021.flac,THE PAINTER WHO SAYS MY GRINDER THE NOTARY WHO SAYS MY SKIP THE GUTTER THE HAIRDRESSER WHO SAYS MY MEALYBACK THE COBBLER WHO SAYS MY CUB TALKS SLANG
confirmation,test-clean,4507,F,16021,4507-16021-0023,12.07,16000,test-clean/4507/16021/4507-16021-0023.flac,THE SUGAR MANUFACTURER WHO SAYS LOAF CLARIFIED LUMPS BASTARD COMMON BURNT THIS HONEST MANUFACTURER TALKS SLANG
confirmation,test-clean,4507,F,16021,4507-16021-0024,5.14,16000,test-clean/4507/16021/4507-16021-0024.flac,ALGEBRA MEDICINE BOTANY HAVE EACH THEIR SLANG
confirmation,test-clean,4507,F,16021,4507-16021-0028,3.265,16000,test-clean/4507/16021/4507-16021-0028.flac,EVEN DIALECT LET THAT PASS
confirmation,test-clean,4507,F,16021,4507-16021-0030,14.79,16000,test-clean/4507/16021/4507-16021-0030.flac,ASSUREDLY IF THE TONGUE WHICH A NATION OR A PROVINCE HAS SPOKEN IS WORTHY OF INTEREST THE LANGUAGE WHICH HAS BEEN SPOKEN BY A MISERY IS STILL MORE WORTHY OF ATTENTION AND STUDY
confirmation,test-clean,4507,F,16021,4507-16021-0032,28.09,16000,test-clean/4507/16021/4507-16021-0032.flac,HE MUST DESCEND WITH HIS HEART FULL OF CHARITY AND SEVERITY AT THE SAME TIME AS A BROTHER AND AS A JUDGE TO THOSE IMPENETRABLE CASEMATES WHERE CRAWL PELL MELL THOSE WHO BLEED AND THOSE WHO DEAL THE BLOW THOSE WHO WEEP AND THOSE WHO CURSE THOSE WHO FAST AND THOSE WHO DEVOUR THOSE WHO ENDURE EVIL AND THOSE WHO INFLICT IT
confirmation,test-clean,4507,F,16021,4507-16021-0033,5.545,16000,test-clean/4507/16021/4507-16021-0033.flac,DO WE REALLY KNOW THE MOUNTAIN WELL WHEN WE ARE NOT ACQUAINTED WITH THE CAVERN
confirmation,test-clean,4507,F,16021,4507-16021-0034,11.27,16000,test-clean/4507/16021/4507-16021-0034.flac,THEY CONSTITUTE TWO DIFFERENT ORDERS OF FACTS WHICH CORRESPOND TO EACH OTHER WHICH ARE ALWAYS INTERLACED AND WHICH OFTEN BRING FORTH RESULTS
confirmation,test-clean,4507,F,16021,4507-16021-0035,7.535,16000,test-clean/4507/16021/4507-16021-0035.flac,TRUE HISTORY BEING A MIXTURE OF ALL THINGS THE TRUE HISTORIAN MINGLES IN EVERYTHING
confirmation,test-clean,4507,F,16021,4507-16021-0038,3.885,16000,test-clean/4507/16021/4507-16021-0038.flac,IN THIS GUISE IT BECOMES HORRIBLE
confirmation,test-clean,4507,F,16021,4507-16021-0039,15.42,16000,test-clean/4507/16021/4507-16021-0039.flac,ONE PERCEIVES WITHOUT UNDERSTANDING IT A HIDEOUS MURMUR SOUNDING ALMOST LIKE HUMAN ACCENTS BUT MORE NEARLY RESEMBLING A HOWL THAN AN ARTICULATE WORD
confirmation,test-clean,4507,F,16021,4507-16021-0041,2.975,16000,test-clean/4507/16021/4507-16021-0041.flac,IT IS UNINTELLIGIBLE IN THE DARK
confirmation,test-clean,4507,F,16021,4507-16021-0045,4.89,16000,test-clean/4507/16021/4507-16021-0045.flac,IT IS SO MADE THAT EVERYWHERE WE FEEL THE SENSE OF PUNISHMENT
confirmation,test-clean,4507,F,16021,4507-16021-0046,4.59,16000,test-clean/4507/16021/4507-16021-0046.flac,EACH DAY HAS ITS OWN GREAT GRIEF OR ITS LITTLE CARE
confirmation,test-clean,4507,F,16021,4507-16021-0048,5.215,16000,test-clean/4507/16021/4507-16021-0048.flac,THIS WITHOUT RECKONING IN THE PAINS OF THE HEART AND SO IT GOES ON
confirmation,test-clean,4507,F,16021,4507-16021-0050,3.895,16000,test-clean/4507/16021/4507-16021-0050.flac,AND YOU BELONG TO THAT SMALL CLASS WHO ARE HAPPY
confirmation,test-clean,4507,F,16021,4507-16021-0051,6.17,16000,test-clean/4507/16021/4507-16021-0051.flac,IN THIS WORLD EVIDENTLY THE VESTIBULE OF ANOTHER THERE ARE NO FORTUNATE
confirmation,test-clean,4507,F,16021,4507-16021-0053,8.095,16000,test-clean/4507/16021/4507-16021-0053.flac,TO DIMINISH THE NUMBER OF THE SHADY TO AUGMENT THE NUMBER OF THE LUMINOUS THAT IS THE OBJECT
confirmation,test-clean,4507,F,16021,4507-16021-0054,4.315,16000,test-clean/4507/16021/4507-16021-0054.flac,THAT IS WHY WE CRY EDUCATION SCIENCE
confirmation,test-clean,4507,F,16021,4507-16021-0058,3.11,16000,test-clean/4507/16021/4507-16021-0058.flac,THE FLAME IS THE ENEMY OF THE WING
confirmation,test-clean,4507,F,16021,4507-16021-0059,6.205,16000,test-clean/4507/16021/4507-16021-0059.flac,TO BURN WITHOUT CEASING TO FLY THEREIN LIES THE MARVEL OF GENIUS
confirmation,test-clean,4970,F,29093,4970-29093-0000,3.03,16000,test-clean/4970/29093/4970-29093-0000.flac,YOU'LL NEVER DIG IT OUT OF THE ASTOR LIBRARY
confirmation,test-clean,4970,F,29093,4970-29093-0002,10.73,16000,test-clean/4970/29093/4970-29093-0002.flac,HE HAS NO TRADITIONS TO BIND HIM OR GUIDE HIM AND HIS IMPULSE IS TO BREAK AWAY FROM THE OCCUPATION HIS FATHER HAS FOLLOWED AND MAKE A NEW WAY FOR HIMSELF
confirmation,test-clean,4970,F,29093,4970-29093-0003,15.355,16000,test-clean/4970/29093/4970-29093-0003.flac,THE MODEST FELLOW WOULD HAVE LIKED FAME THRUST UPON HIM FOR SOME WORTHY ACHIEVEMENT IT MIGHT BE FOR A BOOK OR FOR THE SKILLFUL MANAGEMENT OF SOME GREAT NEWSPAPER OR FOR SOME DARING EXPEDITION LIKE THAT OF LIEUTENANT STRAIN OR DOCTOR KANE
confirmation,test-clean,4970,F,29093,4970-29093-0005,22.16,16000,test-clean/4970/29093/4970-29093-0005.flac,SOMETIMES HE THOUGHT HE WOULD LIKE TO STAND IN A CONSPICUOUS PULPIT AND HUMBLY PREACH THE GOSPEL OF REPENTANCE AND IT EVEN CROSSED HIS MIND THAT IT WOULD BE NOBLE TO GIVE HIMSELF TO A MISSIONARY LIFE TO SOME BENIGHTED REGION WHERE THE DATE PALM GROWS AND THE NIGHTINGALE'S VOICE IS IN TUNE AND THE BUL BUL SINGS ON THE OFF NIGHTS
confirmation,test-clean,4970,F,29093,4970-29093-0006,29.6,16000,test-clean/4970/29093/4970-29093-0006.flac,LAW SEEMED TO HIM WELL ENOUGH AS A SCIENCE BUT HE NEVER COULD DISCOVER A PRACTICAL CASE WHERE IT APPEARED TO HIM WORTH WHILE TO GO TO LAW AND ALL THE CLIENTS WHO STOPPED WITH THIS NEW CLERK IN THE ANTE ROOM OF THE LAW OFFICE WHERE HE WAS WRITING PHILIP INVARIABLY ADVISED TO SETTLE NO MATTER HOW BUT SETTLE GREATLY TO THE DISGUST OF HIS EMPLOYER WHO KNEW THAT JUSTICE BETWEEN MAN AND MAN COULD ONLY BE ATTAINED BY THE RECOGNIZED PROCESSES WITH THE ATTENDANT FEES
confirmation,test-clean,4970,F,29093,4970-29093-0007,6.995,16000,test-clean/4970/29093/4970-29093-0007.flac,IT IS SUCH A NOBLE AMBITION THAT IT IS A PITY IT HAS USUALLY SUCH A SHALLOW FOUNDATION
confirmation,test-clean,4970,F,29093,4970-29093-0008,3.58,16000,test-clean/4970/29093/4970-29093-0008.flac,HE WANTED TO BEGIN AT THE TOP OF THE LADDER
confirmation,test-clean,4970,F,29093,4970-29093-0011,11.45,16000,test-clean/4970/29093/4970-29093-0011.flac,O VERY WELL SAID GRINGO TURNING AWAY WITH A SHADE OF CONTEMPT YOU'LL FIND IF YOU ARE GOING INTO LITERATURE AND NEWSPAPER WORK THAT YOU CAN'T AFFORD A CONSCIENCE LIKE THAT
confirmation,test-clean,4970,F,29093,4970-29093-0019,7.47,16000,test-clean/4970/29093/4970-29093-0019.flac,THE NIGHT WAS SPENT IN PACKING UP AND WRITING LETTERS FOR PHILIP WOULD NOT TAKE SUCH AN IMPORTANT STEP WITHOUT INFORMING HIS FRIENDS
confirmation,test-clean,4970,F,29093,4970-29093-0020,5.58,16000,test-clean/4970/29093/4970-29093-0020.flac,WHY IT'S IN MISSOURI SOMEWHERE ON THE FRONTIER I THINK WE'LL GET A MAP
confirmation,test-clean,4970,F,29095,4970-29095-0001,13.91,16000,test-clean/4970/29095/4970-29095-0001.flac,SHE TRIED THIS MORNING AN AIR OR TWO UPON THE PIANO SANG A SIMPLE SONG IN A SWEET BUT SLIGHTLY METALLIC VOICE AND THEN SEATING HERSELF BY THE OPEN WINDOW READ PHILIP'S LETTER
confirmation,test-clean,4970,F,29095,4970-29095-0002,5.48,16000,test-clean/4970/29095/4970-29095-0002.flac,WELL MOTHER SAID THE YOUNG STUDENT LOOKING UP WITH A SHADE OF IMPATIENCE
confirmation,test-clean,4970,F,29095,4970-29095-0007,14.81,16000,test-clean/4970/29095/4970-29095-0007.flac,I HAVE NOT ASKED HIM RUTH REPLIED WITH A LOOK THAT MIGHT IMPLY THAT SHE WAS ONE OF THOSE DETERMINED LITTLE BODIES WHO FIRST MADE UP HER OWN MIND AND THEN COMPELLED OTHERS TO MAKE UP THEIRS IN ACCORDANCE WITH HERS
confirmation,test-clean,4970,F,29095,4970-29095-0008,3.04,16000,test-clean/4970/29095/4970-29095-0008.flac,MOTHER I'M GOING TO STUDY MEDICINE
confirmation,test-clean,4970,F,29095,4970-29095-0012,4.68,16000,test-clean/4970/29095/4970-29095-0012.flac,AND BESIDES SUPPOSE THEE DOES LEARN MEDICINE
confirmation,test-clean,4970,F,29095,4970-29095-0013,1.98,16000,test-clean/4970/29095/4970-29095-0013.flac,I WILL PRACTICE IT
confirmation,test-clean,4970,F,29095,4970-29095-0014,3.26,16000,test-clean/4970/29095/4970-29095-0014.flac,WHERE THEE AND THY FAMILY ARE KNOWN
confirmation,test-clean,4970,F,29095,4970-29095-0015,2.36,16000,test-clean/4970/29095/4970-29095-0015.flac,IF I CAN GET PATIENTS
confirmation,test-clean,4970,F,29095,4970-29095-0016,6.945,16000,test-clean/4970/29095/4970-29095-0016.flac,RUTH SAT QUITE STILL FOR A TIME WITH FACE INTENT AND FLUSHED IT WAS OUT NOW
confirmation,test-clean,4970,F,29095,4970-29095-0019,2.725,16000,test-clean/4970/29095/4970-29095-0019.flac,AND THEN THERE WAS BROAD STREET
confirmation,test-clean,4970,F,29095,4970-29095-0020,12.365,16000,test-clean/4970/29095/4970-29095-0020.flac,THERE CERTAINLY WAS NO END TO IT AND EVEN RUTH WAS PHILADELPHIAN ENOUGH TO BELIEVE THAT A STREET OUGHT NOT TO HAVE ANY END OR ARCHITECTURAL POINT UPON WHICH THE WEARY EYE COULD REST
confirmation,test-clean,4970,F,29095,4970-29095-0023,3.905,16000,test-clean/4970/29095/4970-29095-0023.flac,I HAVE NOTHING TO WEAR REPLIED THAT DEMURE PERSON
confirmation,test-clean,4970,F,29095,4970-29095-0024,6.04,16000,test-clean/4970/29095/4970-29095-0024.flac,IT HAS OCCUPIED MOTHER A LONG TIME TO FIND AT THE SHOPS THE EXACT SHADE FOR HER NEW BONNET
confirmation,test-clean,4970,F,29095,4970-29095-0025,3.83,16000,test-clean/4970/29095/4970-29095-0025.flac,AND THEE WON'T GO WHY SHOULD I
confirmation,test-clean,4970,F,29095,4970-29095-0026,10.93,16000,test-clean/4970/29095/4970-29095-0026.flac,IF I GO TO MEETING AT ALL I LIKE BEST TO SIT IN THE QUIET OLD HOUSE IN GERMANTOWN WHERE THE WINDOWS ARE ALL OPEN AND I CAN SEE THE TREES AND HEAR THE STIR OF THE LEAVES
confirmation,test-clean,4970,F,29095,4970-29095-0028,14.67,16000,test-clean/4970/29095/4970-29095-0028.flac,HE DOESN'T SAY BUT IT'S ON THE FRONTIER AND ON THE MAP EVERYTHING BEYOND IT IS MARKED INDIANS AND DESERT AND LOOKS AS DESOLATE AS A WEDNESDAY MEETING HUMPH IT WAS TIME FOR HIM TO DO SOMETHING
confirmation,test-clean,4970,F,29095,4970-29095-0029,3.89,16000,test-clean/4970/29095/4970-29095-0029.flac,IS HE GOING TO START A DAILY NEWSPAPER AMONG THE KICK A POOS
confirmation,test-clean,4970,F,29095,4970-29095-0030,4.67,16000,test-clean/4970/29095/4970-29095-0030.flac,FATHER THEE'S UNJUST TO PHILIP HE'S GOING INTO BUSINESS
confirmation,test-clean,4970,F,29095,4970-29095-0031,15.05,16000,test-clean/4970/29095/4970-29095-0031.flac,HE DOESN'T SAY EXACTLY WHAT IT IS SAID RUTH A LITTLE DUBIOUSLY BUT IT'S SOMETHING ABOUT LAND AND RAILROADS AND THEE KNOWS FATHER THAT FORTUNES ARE MADE NOBODY KNOWS EXACTLY HOW IN A NEW COUNTRY
confirmation,test-clean,4970,F,29095,4970-29095-0033,12.025,16000,test-clean/4970/29095/4970-29095-0033.flac,WHAT A BOX WOMEN ARE PUT INTO MEASURED FOR IT AND PUT IN YOUNG IF WE GO ANYWHERE IT'S IN A BOX VEILED AND PINIONED AND SHUT IN BY DISABILITIES
confirmation,test-clean,4992,F,23283,4992-23283-0000,6.645,16000,test-clean/4992/23283/4992-23283-0000.flac,BUT THE MORE FORGETFULNESS HAD THEN PREVAILED THE MORE POWERFUL WAS THE FORCE OF REMEMBRANCE WHEN SHE AWOKE
confirmation,test-clean,4992,F,23283,4992-23283-0004,8.06,16000,test-clean/4992/23283/4992-23283-0004.flac,AND YET YOU MUST OWN HER BEHAVIOUR HAS WARRANTED THEM HAS IT NOT BEEN IN THIS PARTICULAR INCOHERENT AND UNACCOUNTABLE
confirmation,test-clean,4992,F,23283,4992-23283-0005,10.74,16000,test-clean/4992/23283/4992-23283-0005.flac,NOT THAT I KNOW OF NOT ONE MORE THAT I KNOW OF HE REPLIED WITH ASTONISHMENT AT WHAT SHE HAD INSINUATED AND YET WITH A PERFECT ASSURANCE THAT SHE WAS IN THE WRONG
confirmation,test-clean,4992,F,23283,4992-23283-0006,2.965,16000,test-clean/4992/23283/4992-23283-0006.flac,PERHAPS I AM MISTAKEN ANSWERED SHE
confirmation,test-clean,4992,F,23283,4992-23283-0008,4.91,16000,test-clean/4992/23283/4992-23283-0008.flac,HE SEEMED TO WAIT FOR HER REPLY BUT AS SHE MADE NONE HE PROCEEDED
confirmation,test-clean,4992,F,23283,4992-23283-0009,8.395,16000,test-clean/4992/23283/4992-23283-0009.flac,OH MY LORD CRIED MISS WOODLEY WITH A MOST FORCIBLE ACCENT YOU ARE THE LAST PERSON ON EARTH SHE WOULD PARDON ME FOR ENTRUSTING
confirmation,test-clean,4992,F,23283,4992-23283-0013,6.63,16000,test-clean/4992/23283/4992-23283-0013.flac,MY LORD MISS MILNER'S TASTE IS NOT A DEPRAVED ONE IT IS BUT TOO REFINED
confirmation,test-clean,4992,F,23283,4992-23283-0016,4.495,16000,test-clean/4992/23283/4992-23283-0016.flac,AGAIN HE SEARCHED HIS OWN THOUGHTS NOR INEFFECTUALLY AS BEFORE
confirmation,test-clean,4992,F,23283,4992-23283-0017,14.315,16000,test-clean/4992/23283/4992-23283-0017.flac,MISS WOODLEY WAS TOO LITTLE VERSED IN THE SUBJECT TO KNOW THIS WOULD HAVE BEEN NOT TO LOVE AT ALL AT LEAST NOT TO THE EXTENT OF BREAKING THROUGH ENGAGEMENTS AND ALL THE VARIOUS OBSTACLES THAT STILL MILITATED AGAINST THEIR UNION
confirmation,test-clean,4992,F,23283,4992-23283-0019,6.585,16000,test-clean/4992/23283/4992-23283-0019.flac,I WILL MAKE NO UNJUST USE OF WHAT I KNOW HE REPLIED WITH FIRMNESS I BELIEVE YOU MY LORD
confirmation,test-clean,4992,F,23283,4992-23283-0020,10.42,16000,test-clean/4992/23283/4992-23283-0020.flac,I HAVE NEVER YET HOWEVER BEEN VANQUISHED BY THEM AND EVEN UPON THIS OCCASION MY REASON SHALL COMBAT THEM TO THE LAST AND MY REASON SHALL FAIL ME BEFORE I DO WRONG
confirmation,test-clean,4992,F,41797,4992-41797-0000,5.485,16000,test-clean/4992/41797/4992-41797-0000.flac,YES DEAD THESE FOUR YEARS AN A GOOD JOB FOR HER TOO
confirmation,test-clean,4992,F,41797,4992-41797-0002,5.625,16000,test-clean/4992/41797/4992-41797-0002.flac,GRANDFATHER WAS ALEXANDER CAREY L L D DOCTOR OF LAWS THAT IS
confirmation,test-clean,4992,F,41797,4992-41797-0004,7.315,16000,test-clean/4992/41797/4992-41797-0004.flac,I SWAN TO MAN HE EJACULATED IF YOU DON'T WORK HARD YOU CAN'T KEEP UP WITH THE TIMES DOCTOR OF LAWS
confirmation,test-clean,4992,F,41797,4992-41797-0006,4.55,16000,test-clean/4992/41797/4992-41797-0006.flac,HE KEEPS THE THOU SHALT NOT COMMANDMENTS FIRST RATE HEN LORD DOES
confirmation,test-clean,4992,F,41797,4992-41797-0010,6.82,16000,test-clean/4992/41797/4992-41797-0010.flac,ALWAYS IRRITABLE COLD INDIFFERENT HE HAD GROWN RAPIDLY MORE SO AS YEARS WENT ON
confirmation,test-clean,4992,F,41797,4992-41797-0011,5.445,16000,test-clean/4992/41797/4992-41797-0011.flac,WHATEVER APPEALED TO HER SENSE OF BEAUTY WAS STRAIGHTWAY TRANSFERRED TO PAPER OR CANVAS
confirmation,test-clean,4992,F,41797,4992-41797-0015,8.65,16000,test-clean/4992/41797/4992-41797-0015.flac,CYRIL THERE MUST BE SOME BETTER WAY OF DOING I JUST DRAW THE OUTLINE OF AN ANIMAL AND THEN I PUT HAIRS OR FEATHERS ON IT THEY HAVE NO BODIES
confirmation,test-clean,4992,F,41797,4992-41797-0016,3.3,16000,test-clean/4992/41797/4992-41797-0016.flac,THEY COULDN'T RUN NOR MOVE THEY'RE JUST PASTEBOARD
confirmation,test-clean,4992,F,41797,4992-41797-0017,8.69,16000,test-clean/4992/41797/4992-41797-0017.flac,HE WOULDN'T SEARCH SO DON'T WORRY REPLIED CYRIL QUIETLY AND THE TWO LOOKED AT EACH OTHER AND KNEW THAT IT WAS SO
confirmation,test-clean,4992,F,41797,4992-41797-0018,9.155,16000,test-clean/4992/41797/4992-41797-0018.flac,THERE IN THE CEDAR HOLLOW THEN LIVED OLIVE LORD AN ANGRY RESENTFUL LITTLE CREATURE WEIGHED DOWN BY A FIERCE SENSE OF INJURY
confirmation,test-clean,4992,F,41806,4992-41806-0001,8.31,16000,test-clean/4992/41806/4992-41806-0001.flac,TO NIGHT THERE WAS NO NEED OF EXTRA HEAT AND THERE WERE GREAT CEREMONIES TO BE OBSERVED IN LIGHTING THE FIRES ON THE HEARTHSTONES
confirmation,test-clean,4992,F,41806,4992-41806-0003,9.24,16000,test-clean/4992/41806/4992-41806-0003.flac,KATHLEEN WAVED THE TORCH TO AND FRO AS SHE RECITED SOME BEAUTIFUL LINES WRITTEN FOR SOME SUCH PURPOSE AS THAT WHICH CALLED THEM TOGETHER TO NIGHT
confirmation,test-clean,4992,F,41806,4992-41806-0004,3.7,16000,test-clean/4992/41806/4992-41806-0004.flac,BURN FIRE BURN FLICKER FLICKER FLAME
confirmation,test-clean,4992,F,41806,4992-41806-0007,11.415,16000,test-clean/4992/41806/4992-41806-0007.flac,OLIVE HAD PAINTED THE MOTTO ON A LONG NARROW PANEL OF CANVAS AND GIVING IT TO MISTER POPHAM STOOD BY THE FIRESIDE WHILE HE DEFTLY FITTED IT INTO THE PLACE PREPARED FOR IT
confirmation,test-clean,4992,F,41806,4992-41806-0009,4.355,16000,test-clean/4992/41806/4992-41806-0009.flac,EXCLAIMED BILL HARMON TO HIS WIFE AS THEY WENT THROUGH THE LIGHTED HALL
confirmation,test-clean,4992,F,41806,4992-41806-0010,2.14,16000,test-clean/4992/41806/4992-41806-0010.flac,AIN'T THEY THE GREATEST
confirmation,test-clean,4992,F,41806,4992-41806-0011,7.84,16000,test-clean/4992/41806/4992-41806-0011.flac,MOTHER CAREY POURED COFFEE NANCY CHOCOLATE AND THE OTHERS HELPED SERVE THE SANDWICHES AND CAKE DOUGHNUTS AND TARTS
confirmation,test-clean,4992,F,41806,4992-41806-0012,6.73,16000,test-clean/4992/41806/4992-41806-0012.flac,AT THAT MOMENT THE GENTLEMAN ENTERED BEARING A HUGE OBJECT CONCEALED BY A PIECE OF GREEN FELT
confirmation,test-clean,4992,F,41806,4992-41806-0014,15.21,16000,test-clean/4992/41806/4992-41806-0014.flac,THINKS I TO MYSELF I NEVER SEEN ANYTHING OSH POPHAM COULDN'T MEND IF HE TOOK TIME ENOUGH AND GLUE ENOUGH SO I CARRIED THIS LITTLE FELLER HOME IN A BUSHEL BASKET ONE NIGHT LAST MONTH AN I'VE SPENT ELEVEN EVENIN'S PUTTIN HIM TOGETHER
confirmation,test-clean,5105,M,28233,5105-28233-0004,4.735,16000,test-clean/5105/28233/5105-28233-0004.flac,ONCE IN ACTION HE WAS LEADING A DETACHMENT OF INFANTRY THROUGH AN INTRENCHMENT
confirmation,test-clean,5105,M,28233,5105-28233-0005,11.39,16000,test-clean/5105/28233/5105-28233-0005.flac,SOMETIMES HE WOULD WANDER ON FOOT UPON THE SANDY SHORE AND SOMETIMES HE WOULD ENJOY A RIDE ALONG THE SUMMIT OF THE CLIFF ALTOGETHER BEING IN NO HURRY AT ALL TO BRING HIS TASK TO AN END
confirmation,test-clean,5105,M,28233,5105-28233-0006,5.505,16000,test-clean/5105/28233/5105-28233-0006.flac,NO CATHEDRAL NOT EVEN BURGOS ITSELF COULD VIE WITH THE CHURCH AT MONTMARTRE
confirmation,test-clean,5105,M,28233,5105-28233-0008,10.73,16000,test-clean/5105/28233/5105-28233-0008.flac,WHEN A PRIVATE IN THE EIGHTH CAVALRY HE HAD BEEN ON THE POINT OF QUITTING THE ARMY AT TWENTY EIGHT YEARS OF AGE BUT UNEXPECTEDLY HE HAD BEEN APPOINTED ORDERLY TO CAPTAIN SERVADAC
confirmation,test-clean,5105,M,28240,5105-28240-0003,5.515,16000,test-clean/5105/28240/5105-28240-0003.flac,SHE IS UNDER SAIL BUT SHE IS COUNT TIMASCHEFF'S YACHT HE WAS RIGHT
confirmation,test-clean,5105,M,28240,5105-28240-0004,6.015,16000,test-clean/5105/28240/5105-28240-0004.flac,IF THE COUNT WERE ON BOARD A STRANGE FATALITY WAS BRINGING HIM TO THE PRESENCE OF HIS RIVAL
confirmation,test-clean,5105,M,28240,5105-28240-0005,7.4,16000,test-clean/5105/28240/5105-28240-0005.flac,HE RECKONED THEREFORE NOT ONLY UPON ASCERTAINING THE EXTENT OF THE LATE CATASTROPHE BUT UPON LEARNING ITS CAUSE
confirmation,test-clean,5105,M,28240,5105-28240-0006,13.88,16000,test-clean/5105/28240/5105-28240-0006.flac,THE WIND BEING ADVERSE THE DOBRYNA DID NOT MAKE VERY RAPID PROGRESS BUT AS THE WEATHER IN SPITE OF A FEW CLOUDS REMAINED CALM AND THE SEA WAS QUITE SMOOTH SHE WAS ENABLED TO HOLD A STEADY COURSE
confirmation,test-clean,5105,M,28240,5105-28240-0007,4.625,16000,test-clean/5105/28240/5105-28240-0007.flac,SERVADAC TOOK IT FOR GRANTED THAT THE DOBRYNA WAS ENDEAVORING TO PUT IN
confirmation,test-clean,5105,M,28240,5105-28240-0008,11.48,16000,test-clean/5105/28240/5105-28240-0008.flac,A NARROW CHANNEL FORMED A PASSAGE THROUGH THE RIDGE OF ROCKS THAT PROTECTED IT FROM THE OPEN SEA AND WHICH EVEN IN THE ROUGHEST WEATHER WOULD ENSURE THE CALMNESS OF ITS WATERS
confirmation,test-clean,5105,M,28240,5105-28240-0010,2.935,16000,test-clean/5105/28240/5105-28240-0010.flac,CAPTAIN SERVADAC HASTENED TOWARDS HIM
confirmation,test-clean,5105,M,28240,5105-28240-0011,6.02,16000,test-clean/5105/28240/5105-28240-0011.flac,I LEFT YOU ON A CONTINENT AND HERE I HAVE THE HONOR OF FINDING YOU ON AN ISLAND
confirmation,test-clean,5105,M,28240,5105-28240-0012,4.73,16000,test-clean/5105/28240/5105-28240-0012.flac,NEVER MIND NOW INTERPOSED THE CAPTAIN WE WILL TALK OF THAT BY AND BY
confirmation,test-clean,5105,M,28240,5105-28240-0013,2.96,16000,test-clean/5105/28240/5105-28240-0013.flac,NOTHING MORE THAN YOU KNOW YOURSELF
confirmation,test-clean,5105,M,28240,5105-28240-0015,8.525,16000,test-clean/5105/28240/5105-28240-0015.flac,FOR SOME MOMENTS HE SEEMED PERFECTLY STUPEFIED THEN RECOVERING HIMSELF HE BEGAN TO OVERWHELM THE COUNT WITH A TORRENT OF QUESTIONS
confirmation,test-clean,5105,M,28240,5105-28240-0016,4.17,16000,test-clean/5105/28240/5105-28240-0016.flac,TO ALL THESE INQUIRIES THE COUNT RESPONDED IN THE AFFIRMATIVE
confirmation,test-clean,5105,M,28240,5105-28240-0019,6.2400625,16000,test-clean/5105/28240/5105-28240-0019.flac,MY YACHT IS AT YOUR SERVICE SIR EVEN SHOULD YOU REQUIRE TO MAKE A TOUR ROUND THE WORLD
confirmation,test-clean,5105,M,28240,5105-28240-0021,12.455,16000,test-clean/5105/28240/5105-28240-0021.flac,BEFORE STARTING IT WAS INDISPENSABLE THAT THE ENGINE OF THE DOBRYNA SHOULD BE REPAIRED TO SAIL UNDER CANVAS ONLY WOULD IN CONTRARY WINDS AND ROUGH SEAS BE BOTH TEDIOUS AND DIFFICULT
confirmation,test-clean,5105,M,28240,5105-28240-0022,4.725,16000,test-clean/5105/28240/5105-28240-0022.flac,IT WAS ON THE LAST DAY OF JANUARY THAT THE REPAIRS OF THE SCHOONER WERE COMPLETED
confirmation,test-clean,5105,M,28240,5105-28240-0023,17.57,16000,test-clean/5105/28240/5105-28240-0023.flac,A SLIGHT DIMINUTION IN THE EXCESSIVELY HIGH TEMPERATURE WHICH HAD PREVAILED FOR THE LAST FEW WEEKS WAS THE ONLY APPARENT CHANGE IN THE GENERAL ORDER OF THINGS BUT WHETHER THIS WAS TO BE ATTRIBUTED TO ANY ALTERATION IN THE EARTH'S ORBIT WAS A QUESTION WHICH WOULD STILL REQUIRE SEVERAL DAYS TO DECIDE
confirmation,test-clean,5105,M,28240,5105-28240-0024,8.2,16000,test-clean/5105/28240/5105-28240-0024.flac,DOUBTS NOW AROSE AND SOME DISCUSSION FOLLOWED WHETHER OR NOT IT WAS DESIRABLE FOR BEN ZOOF TO ACCOMPANY HIS MASTER
confirmation,test-clean,5105,M,28241,5105-28241-0001,21.015,16000,test-clean/5105/28241/5105-28241-0001.flac,AFTER AN APPRENTICESHIP ON A MERCHANT SHIP HE HAD ENTERED THE IMPERIAL NAVY AND HAD ALREADY REACHED THE RANK OF LIEUTENANT WHEN THE COUNT APPOINTED HIM TO THE CHARGE OF HIS OWN PRIVATE YACHT IN WHICH HE WAS ACCUSTOMED TO SPEND BY FAR THE GREATER PART OF HIS TIME THROUGHOUT THE WINTER GENERALLY CRUISING IN THE MEDITERRANEAN WHILST IN THE SUMMER HE VISITED MORE NORTHERN WATERS
confirmation,test-clean,5105,M,28241,5105-28241-0003,3.98,16000,test-clean/5105/28241/5105-28241-0003.flac,STEAM UP AND CANVAS SPREAD THE SCHOONER STARTED EASTWARDS
confirmation,test-clean,5105,M,28241,5105-28241-0007,1.88,16000,test-clean/5105/28241/5105-28241-0007.flac,THERE IS NO FEAR OF THAT SIR
confirmation,test-clean,5105,M,28241,5105-28241-0008,8.54,16000,test-clean/5105/28241/5105-28241-0008.flac,THE EARTH HAS UNDOUBTEDLY ENTERED UPON A NEW ORBIT BUT SHE IS NOT INCURRING ANY PROBABLE RISK OF BEING PRECIPITATED ONTO THE SUN
confirmation,test-clean,5105,M,28241,5105-28241-0010,2.31,16000,test-clean/5105/28241/5105-28241-0010.flac,OCEAN REIGNED SUPREME
confirmation,test-clean,5105,M,28241,5105-28241-0012,6.775,16000,test-clean/5105/28241/5105-28241-0012.flac,IS IT NOT IMPOSSIBLE HE MURMURED ALOUD THAT ANY CITY SHOULD DISAPPEAR SO COMPLETELY
confirmation,test-clean,5105,M,28241,5105-28241-0017,12.755,16000,test-clean/5105/28241/5105-28241-0017.flac,AFTER PONDERING AWHILE HE SAID IF WE WERE FARTHER AWAY I SHOULD EXPECT TO FIND A DEPTH OF TWO OR THREE HUNDRED FATHOMS INSTEAD OF FIVE FATHOMS FIVE FATHOMS
confirmation,test-clean,5105,M,28241,5105-28241-0018,12.83,16000,test-clean/5105/28241/5105-28241-0018.flac,ITS DEPTH REMAINED INVARIABLE STILL FOUR OR AT MOST FIVE FATHOMS AND ALTHOUGH ITS BOTTOM WAS ASSIDUOUSLY DREDGED IT WAS ONLY TO PROVE IT BARREN OF MARINE PRODUCTION OF ANY TYPE
confirmation,test-clean,5105,M,28241,5105-28241-0019,5.29,16000,test-clean/5105/28241/5105-28241-0019.flac,NOTHING WAS TO BE DONE BUT TO PUT ABOUT AND RETURN IN DISAPPOINTMENT TOWARDS THE NORTH
confirmation,test-clean,5142,F,33396,5142-33396-0000,2.005,16000,test-clean/5142/33396/5142-33396-0000.flac,AT ANOTHER TIME HARALD ASKED
confirmation,test-clean,5142,F,33396,5142-33396-0001,5.02,16000,test-clean/5142/33396/5142-33396-0001.flac,WHAT IS YOUR COUNTRY OLAF HAVE YOU ALWAYS BEEN A THRALL THE THRALL'S EYES FLASHED
confirmation,test-clean,5142,F,33396,5142-33396-0002,3.67,16000,test-clean/5142/33396/5142-33396-0002.flac,TWO HUNDRED WARRIORS FEASTED IN HIS HALL AND FOLLOWED HIM TO BATTLE
confirmation,test-clean,5142,F,33396,5142-33396-0003,3.47,16000,test-clean/5142/33396/5142-33396-0003.flac,THE REST OF YOU OFF A VIKING HE HAD THREE SHIPS
confirmation,test-clean,5142,F,33396,5142-33396-0004,2.215,16000,test-clean/5142/33396/5142-33396-0004.flac,THESE HE GAVE TO THREE OF MY BROTHERS
confirmation,test-clean,5142,F,33396,5142-33396-0005,2.225,16000,test-clean/5142/33396/5142-33396-0005.flac,BUT I STAYED THAT SPRING AND BUILT ME A BOAT
confirmation,test-clean,5142,F,33396,5142-33396-0008,2.11,16000,test-clean/5142/33396/5142-33396-0008.flac,I PAINTED THE EYES RED FOR ANGER
confirmation,test-clean,5142,F,33396,5142-33396-0012,4.59,16000,test-clean/5142/33396/5142-33396-0012.flac,THEN I WILL GET ME A FARM AND WILL WINTER IN THAT LAND NOW WHO WILL FOLLOW ME
confirmation,test-clean,5142,F,33396,5142-33396-0016,2.165,16000,test-clean/5142/33396/5142-33396-0016.flac,SO WE HARRIED THE COAST OF NORWAY
confirmation,test-clean,5142,F,33396,5142-33396-0018,3.94,16000,test-clean/5142/33396/5142-33396-0018.flac,MY DRAGON'S BELLY IS NEVER FULL AND ON BOARD WENT THE GOLD
confirmation,test-clean,5142,F,33396,5142-33396-0022,4.77,16000,test-clean/5142/33396/5142-33396-0022.flac,WHAT OF THE FARM OLAF NOT YET I ANSWERED VIKING IS BETTER FOR SUMMER
confirmation,test-clean,5142,F,33396,5142-33396-0024,5.345,16000,test-clean/5142/33396/5142-33396-0024.flac,I STOOD WITH MY BACK TO THE WALL FOR I WANTED NO SWORD REACHING OUT OF THE DARK FOR ME
confirmation,test-clean,5142,F,33396,5142-33396-0027,2.235,16000,test-clean/5142/33396/5142-33396-0027.flac,HE ACTS AS THOUGH HE HAD NOT EXPECTED US
confirmation,test-clean,5142,F,33396,5142-33396-0028,3.755,16000,test-clean/5142/33396/5142-33396-0028.flac,ON A BENCH IN A FAR CORNER WERE A DOZEN PEOPLE HUDDLED TOGETHER
confirmation,test-clean,5142,F,33396,5142-33396-0029,2.135,16000,test-clean/5142/33396/5142-33396-0029.flac,BRING IN THE TABLE WE ARE HUNGRY
confirmation,test-clean,5142,F,33396,5142-33396-0032,9.785,16000,test-clean/5142/33396/5142-33396-0032.flac,THE FARMER SAT GLOOMILY ON THE BENCH AND WOULD NOT EAT AND YOU CANNOT WONDER FOR HE SAW US PUTTING POTFULS OF HIS GOOD BEEF AND BASKET LOADS OF BREAD INTO OUR BIG MOUTHS
confirmation,test-clean,5142,F,33396,5142-33396-0043,3.77,16000,test-clean/5142/33396/5142-33396-0043.flac,THEIR EYES DANCED BIG THORLEIF STOOD UP AND STRETCHED HIMSELF
confirmation,test-clean,5142,F,33396,5142-33396-0045,2.385,16000,test-clean/5142/33396/5142-33396-0045.flac,THIS IS OUR LAST FEAST WITH YOU I SAID
confirmation,test-clean,5142,F,33396,5142-33396-0046,3.745,16000,test-clean/5142/33396/5142-33396-0046.flac,BY THE BEARD OF ODIN I CRIED YOU HAVE TAKEN OUR JOKE LIKE A MAN
confirmation,test-clean,5142,F,33396,5142-33396-0057,3.075,16000,test-clean/5142/33396/5142-33396-0057.flac,WE SUNK HIS SHIP AND MEN BUT HIM WE BROUGHT TO YOU
confirmation,test-clean,5142,F,33396,5142-33396-0067,5.565,16000,test-clean/5142/33396/5142-33396-0067.flac,BUT YOUNG SHARP TONGUE NOW THAT WE HAVE CAUGHT YOU WE WILL PUT YOU INTO A TRAP THAT YOU CANNOT GET OUT OF
confirmation,test-clean,5142,F,36377,5142-36377-0001,5.39,16000,test-clean/5142/36377/5142-36377-0001.flac,IN FIVE MINUTES I WAS IN A NEW WORLD AND MY MELANCHOLY ROOM WAS FULL OF THE LIVELIEST FRENCH COMPANY
confirmation,test-clean,5142,F,36377,5142-36377-0009,5.14,16000,test-clean/5142/36377/5142-36377-0009.flac,PHILIP LEFRANK THIS IS MY OVERLOOKER MISTER JAGO SAID THE OLD MAN FORMALLY PRESENTING US
confirmation,test-clean,5142,F,36377,5142-36377-0011,2.1650625,16000,test-clean/5142/36377/5142-36377-0011.flac,MISTER JAGO IS AN AMERICAN PHILIP
confirmation,test-clean,5142,F,36377,5142-36377-0012,2.715,16000,test-clean/5142/36377/5142-36377-0012.flac,MAKE ACQUAINTANCE WITH MISTER JAGO SIT TOGETHER
confirmation,test-clean,5142,F,36377,5142-36377-0013,6.585,16000,test-clean/5142/36377/5142-36377-0013.flac,THEY POINTEDLY DREW BACK FROM JOHN JAGO AS HE APPROACHED THE EMPTY CHAIR NEXT TO ME AND MOVED ROUND TO THE OPPOSITE SIDE OF THE TABLE
confirmation,test-clean,5142,F,36377,5142-36377-0020,4.53,16000,test-clean/5142/36377/5142-36377-0020.flac,A MORE DREARY AND MORE DISUNITED FAMILY PARTY I NEVER SAT AT THE TABLE WITH
confirmation,test-clean,5142,F,36586,5142-36586-0001,2.215,16000,test-clean/5142/36586/5142-36586-0001.flac,SO IT IS WITH THE LOWER ANIMALS
confirmation,test-clean,5142,F,36586,5142-36586-0002,2.335,16000,test-clean/5142/36586/5142-36586-0002.flac,THE VARIABILITY OF MULTIPLE PARTS
confirmation,test-clean,5142,F,36600,5142-36600-0000,2.525,16000,test-clean/5142/36600/5142-36600-0000.flac,CHAPTER SEVEN ON THE RACES OF MAN
confirmation,test-clean,5639,M,40744,5639-40744-0000,15.77,16000,test-clean/5639/40744/5639-40744-0000.flac,ELEVEN O'CLOCK HAD STRUCK IT WAS A FINE CLEAR NIGHT THEY WERE THE ONLY PERSONS ON THE ROAD AND THEY SAUNTERED LEISURELY ALONG TO AVOID PAYING THE PRICE OF FATIGUE FOR THE RECREATION PROVIDED FOR THE TOLEDANS IN THEIR VALLEY OR ON THE BANKS OF THEIR RIVER
confirmation,test-clean,5639,M,40744,5639-40744-0001,12.44,16000,test-clean/5639/40744/5639-40744-0001.flac,SECURE AS HE THOUGHT IN THE CAREFUL ADMINISTRATION OF JUSTICE IN THAT CITY AND THE CHARACTER OF ITS WELL DISPOSED INHABITANTS THE GOOD HIDALGO WAS FAR FROM THINKING THAT ANY DISASTER COULD BEFAL HIS FAMILY
confirmation,test-clean,5639,M,40744,5639-40744-0002,8.91,16000,test-clean/5639/40744/5639-40744-0002.flac,RODOLFO AND HIS COMPANIONS WITH THEIR FACES MUFFLED IN THEIR CLOAKS STARED RUDELY AND INSOLENTLY AT THE MOTHER THE DAUGHTER AND THE SERVANT MAID
confirmation,test-clean,5639,M,40744,5639-40744-0003,27.12,16000,test-clean/5639/40744/5639-40744-0003.flac,IN A MOMENT HE COMMUNICATED HIS THOUGHTS TO HIS COMPANIONS AND IN THE NEXT MOMENT THEY RESOLVED TO TURN BACK AND CARRY HER OFF TO PLEASE RODOLFO FOR THE RICH WHO ARE OPEN HANDED ALWAYS FIND PARASITES READY TO ENCOURAGE THEIR BAD PROPENSITIES AND THUS TO CONCEIVE THIS WICKED DESIGN TO COMMUNICATE IT APPROVE IT RESOLVE ON RAVISHING LEOCADIA AND TO CARRY THAT DESIGN INTO EFFECT WAS THE WORK OF A MOMENT
confirmation,test-clean,5639,M,40744,5639-40744-0005,5.645,16000,test-clean/5639/40744/5639-40744-0005.flac,FINALLY THE ONE PARTY WENT OFF EXULTING AND THE OTHER WAS LEFT IN DESOLATION AND WOE
confirmation,test-clean,5639,M,40744,5639-40744-0006,8.045,16000,test-clean/5639/40744/5639-40744-0006.flac,RODOLFO ARRIVED AT HIS OWN HOUSE WITHOUT ANY IMPEDIMENT AND LEOCADIA'S PARENTS REACHED THEIRS HEART BROKEN AND DESPAIRING
confirmation,test-clean,5639,M,40744,5639-40744-0007,5.825,16000,test-clean/5639/40744/5639-40744-0007.flac,MEANWHILE RODOLFO HAD LEOCADIA SAFE IN HIS CUSTODY AND IN HIS OWN APARTMENT
confirmation,test-clean,5639,M,40744,5639-40744-0008,2.215,16000,test-clean/5639/40744/5639-40744-0008.flac,WHO TOUCHES ME AM I IN BED
confirmation,test-clean,5639,M,40744,5639-40744-0011,2.665,16000,test-clean/5639/40744/5639-40744-0011.flac,SHE FOUND THE DOOR BUT IT WAS LOCKED OUTSIDE
confirmation,test-clean,5639,M,40744,5639-40744-0012,8.595,16000,test-clean/5639/40744/5639-40744-0012.flac,SHE SUCCEEDED IN OPENING THE WINDOW AND THE MOONLIGHT SHONE IN SO BRIGHTLY THAT SHE COULD DISTINGUISH THE COLOUR OF SOME DAMASK HANGINGS IN THE ROOM
confirmation,test-clean,5639,M,40744,5639-40744-0013,6.865,16000,test-clean/5639/40744/5639-40744-0013.flac,SHE SAW THAT THE BED WAS GILDED AND SO RICH THAT IT SEEMED THAT OF A PRINCE RATHER THAN OF A PRIVATE GENTLEMAN
confirmation,test-clean,5639,M,40744,5639-40744-0014,7.72,16000,test-clean/5639/40744/5639-40744-0014.flac,AMONG OTHER THINGS ON WHICH SHE CAST HER EYES WAS A SMALL CRUCIFIX OF SOLID SILVER STANDING ON A CABINET NEAR THE WINDOW
confirmation,test-clean,5639,M,40744,5639-40744-0015,11.02,16000,test-clean/5639/40744/5639-40744-0015.flac,THIS PERSON WAS RODOLFO WHO THOUGH HE HAD GONE TO LOOK FOR HIS FRIENDS HAD CHANGED HIS MIND IN THAT RESPECT NOT THINKING IT ADVISABLE TO ACQUAINT THEM WITH WHAT HAD PASSED BETWEEN HIM AND THE GIRL
confirmation,test-clean,5639,M,40744,5639-40744-0017,5.88,16000,test-clean/5639/40744/5639-40744-0017.flac,CHOKING WITH EMOTION LEOCADI MADE A SIGN TO HER PARENTS THAT SHE WISHED TO BE ALONE WITH THEM
confirmation,test-clean,5639,M,40744,5639-40744-0019,12.06,16000,test-clean/5639/40744/5639-40744-0019.flac,WHAT YOU HAD BEST DO MY CHILD IS TO KEEP IT AND PRAY TO IT THAT SINCE IT WAS A WITNESS TO YOUR UNDOING IT WILL DEIGN TO VINDICATE YOUR CAUSE BY ITS RIGHTEOUS JUDGMENT
confirmation,test-clean,5639,M,40744,5639-40744-0020,9.82,16000,test-clean/5639/40744/5639-40744-0020.flac,THUS DID THIS HUMANE AND RIGHT MINDED FATHER COMFORT HIS UNHAPPY DAUGHTER AND HER MOTHER EMBRACING HER AGAIN DID ALL SHE COULD TO SOOTHE HER FEELINGS
confirmation,test-clean,5639,M,40744,5639-40744-0023,13.92,16000,test-clean/5639/40744/5639-40744-0023.flac,WHEN THE BOY WALKED THROUGH THE STREETS BLESSINGS WERE SHOWERED UPON HIM BY ALL WHO SAW HIM BLESSINGS UPON HIS BEAUTY UPON THE MOTHER THAT BORE HIM UPON THE FATHER THAT BEGOT HIM UPON THOSE WHO BROUGHT HIM UP SO WELL
confirmation,test-clean,5639,M,40744,5639-40744-0025,8.785,16000,test-clean/5639/40744/5639-40744-0025.flac,THE BED SHE TOO WELL REMEMBERED WAS THERE AND ABOVE ALL THE CABINET ON WHICH HAD STOOD THE IMAGE SHE HAD TAKEN AWAY WAS STILL ON THE SAME SPOT
confirmation,test-clean,5639,M,40744,5639-40744-0026,14.5,16000,test-clean/5639/40744/5639-40744-0026.flac,LUIS WAS OUT OF DANGER IN A FORTNIGHT IN A MONTH HE ROSE FROM HIS BED AND DURING ALL THAT TIME HE WAS VISITED DAILY BY HIS MOTHER AND GRANDMOTHER AND TREATED BY THE MASTER AND MISTRESS OF THE HOUSE AS IF HE WAS THEIR OWN CHILD
confirmation,test-clean,5639,M,40744,5639-40744-0027,23.26,16000,test-clean/5639/40744/5639-40744-0027.flac,THUS SAYING AND PRESSING THE CRUCIFIX TO HER BREAST SHE FELL FAINTING INTO THE ARMS OF DONA ESTAFANIA WHO AS A GENTLEWOMAN TO WHOSE SEX PITY IS AS NATURAL AS CRUELTY IS TO MAN INSTANTLY PRESSED HER LIPS TO THOSE OF THE FAINTING GIRL SHEDDING OVER HER SO MANY TEARS THAT THERE NEEDED NO OTHER SPRINKLING OF WATER TO RECOVER LEOCADIA FROM HER SWOON
confirmation,test-clean,5639,M,40744,5639-40744-0028,12.25,16000,test-clean/5639/40744/5639-40744-0028.flac,I HAVE GREAT THINGS TO TELL YOU SENOR SAID DONA ESTAFANIA TO HER HUSBAND THE CREAM AND SUBSTANCE OF WHICH IS THIS THE FAINTING GIRL BEFORE YOU IS YOUR DAUGHTER AND THAT BOY IS YOUR GRANDSON
confirmation,test-clean,5639,M,40744,5639-40744-0029,7.305,16000,test-clean/5639/40744/5639-40744-0029.flac,THIS TRUTH WHICH I HAVE LEARNED FROM HER LIPS IS CONFIRMED BY HIS FACE IN WHICH WE HAVE BOTH BEHELD THAT OF OUR SON
confirmation,test-clean,5639,M,40744,5639-40744-0030,22.285,16000,test-clean/5639/40744/5639-40744-0030.flac,JUST THEN LEOCADIA CAME TO HERSELF AND EMBRACING THE CROSS SEEMED CHANGED INTO A SEA OF TEARS AND THE GENTLEMAN REMAINED IN UTTER BEWILDERMENT UNTIL HIS WIFE HAD REPEATED TO HIM FROM BEGINNING TO END LEOCADIA'S WHOLE STORY AND HE BELIEVED IT THROUGH THE BLESSED DISPENSATION OF HEAVEN WHICH HAD CONFIRMED IT BY SO MANY CONVINCING TESTIMONIES
confirmation,test-clean,5639,M,40744,5639-40744-0031,28.42,16000,test-clean/5639/40744/5639-40744-0031.flac,SO PERSUASIVE WERE HER ENTREATIES AND SO STRONG HER ASSURANCES THAT NO HARM WHATEVER COULD RESULT TO THEM FROM THE INFORMATION SHE SOUGHT THEY WERE INDUCED TO CONFESS THAT ONE SUMMER'S NIGHT THE SAME SHE HAD MENTIONED THEMSELVES AND ANOTHER FRIEND BEING OUT ON A STROLL WITH RODOLFO THEY HAD BEEN CONCERNED IN THE ABDUCTION OF A GIRL WHOM RODOLFO CARRIED OFF WHILST THE REST OF THEM DETAINED HER FAMILY WHO MADE A GREAT OUTCRY AND WOULD HAVE DEFENDED HER IF THEY COULD
confirmation,test-clean,5639,M,40744,5639-40744-0032,17.43,16000,test-clean/5639/40744/5639-40744-0032.flac,FOR GOD'S SAKE MY LADY MOTHER GIVE ME A WIFE WHO WOULD BE AN AGREEABLE COMPANION NOT ONE WHO WILL DISGUST ME SO THAT WE MAY BOTH BEAR EVENLY AND WITH MUTUAL GOOD WILL THE YOKE IMPOSED ON US BY HEAVEN INSTEAD OF PULLING THIS WAY AND THAT WAY AND FRETTING EACH OTHER TO DEATH
confirmation,test-clean,5639,M,40744,5639-40744-0033,9.15,16000,test-clean/5639/40744/5639-40744-0033.flac,HER BEARING WAS GRACEFUL AND ANIMATED SHE LED HER SON BY THE HAND AND BEFORE HER WALKED TWO MAIDS WITH WAX LIGHTS AND SILVER CANDLESTICKS
confirmation,test-clean,5639,M,40744,5639-40744-0034,13.055,16000,test-clean/5639/40744/5639-40744-0034.flac,ALL ROSE TO DO HER REVERENCE AS IF SOMETHING FROM HEAVEN HAD MIRACULOUSLY APPEARED BEFORE THEM BUT GAZING ON HER ENTRANCED WITH ADMIRATION NOT ONE OF THEM WAS ABLE TO ADDRESS A SINGLE WORD TO HER
confirmation,test-clean,5639,M,40744,5639-40744-0036,11.535,16000,test-clean/5639/40744/5639-40744-0036.flac,HIS MOTHER HAD LEFT HER TO HIM AS BEING HER DESTINED PROTECTOR BUT WHEN SHE SAW THAT HE TOO WAS INSENSIBLE SHE WAS NEAR MAKING A THIRD AND WOULD HAVE DONE SO HAD HE NOT COME TO HIMSELF
confirmation,test-clean,5639,M,40744,5639-40744-0039,14.375,16000,test-clean/5639/40744/5639-40744-0039.flac,WHEN SHE CAME TO HER SENSES AND BLUSHING TO FIND HERSELF IN RODOLFO'S ARMS WOULD HAVE DISENGAGED HERSELF NO SENORA HE SAID THAT MUST NOT BE STRIVE NOT TO WITHDRAW FROM THE ARMS OF HIM WHO HOLDS YOU IN HIS SOUL
confirmation,test-clean,5639,M,40744,5639-40744-0041,17.2,16000,test-clean/5639/40744/5639-40744-0041.flac,NOR WAS RODOLFO LESS SURPRISED THAN THEY AND THE BETTER TO ASSURE HIMSELF OF SO WONDERFUL A FACT HE BEGGED LEOCADIA TO GIVE HIM SOME TOKEN WHICH SHOULD MAKE PERFECTLY CLEAR TO HIM THAT WHICH INDEED HE DID NOT DOUBT SINCE IT WAS AUTHENTICATED BY HIS PARENTS
confirmation,test-clean,5683,F,32865,5683-32865-0000,2.19,16000,test-clean/5683/32865/5683-32865-0000.flac,YOU KNOW CAPTAIN LAKE
confirmation,test-clean,5683,F,32865,5683-32865-0002,2.78,16000,test-clean/5683/32865/5683-32865-0002.flac,HE HAD HIS HAND UPON LAKE'S SHOULDER
confirmation,test-clean,5683,F,32865,5683-32865-0003,3.51,16000,test-clean/5683/32865/5683-32865-0003.flac,THEY ARE COUSINS YOU KNOW WE ARE ALL COUSINS
confirmation,test-clean,5683,F,32865,5683-32865-0005,10.12,16000,test-clean/5683/32865/5683-32865-0005.flac,BUT HER GREETING TO CAPTAIN LAKE WAS MORE THAN USUALLY HAUGHTY AND FROZEN AND HER FEATURES I FANCIED PARTICULARLY PROUD AND PALE
confirmation,test-clean,5683,F,32865,5683-32865-0009,9.89,16000,test-clean/5683/32865/5683-32865-0009.flac,AND HE PLACED IT IN THAT GENTLEMAN'S FINGERS WHO NOW TOOK HIS TURN AT THE LAMP AND CONTEMPLATED THE LITTLE PARALLELOGRAM WITH A GLEAM OF SLY AMUSEMENT
confirmation,test-clean,5683,F,32865,5683-32865-0011,6.355,16000,test-clean/5683/32865/5683-32865-0011.flac,WHEREUPON LAKE LAUGHED QUIETLY STILL LOOKING ON THE ACE OF HEARTS WITH HIS SLY EYES
confirmation,test-clean,5683,F,32865,5683-32865-0013,7.095,16000,test-clean/5683/32865/5683-32865-0013.flac,DO YOU KNOW LAKE OH I REALLY CAN'T TELL BUT HE'LL SOON TIRE OF COUNTRY LIFE
confirmation,test-clean,5683,F,32865,5683-32865-0017,5.455,16000,test-clean/5683/32865/5683-32865-0017.flac,ALL THE TIME HE WAS TALKING TO ME HIS ANGRY LITTLE EYES WERE FOLLOWING LAKE
confirmation,test-clean,5683,F,32866,5683-32866-0002,5.125,16000,test-clean/5683/32866/5683-32866-0002.flac,BUT DON'T THESE VERY WISE THINGS SOMETIMES TURN OUT VERY FOOLISHLY
confirmation,test-clean,5683,F,32866,5683-32866-0004,9.225,16000,test-clean/5683/32866/5683-32866-0004.flac,BY THIS TIME LORD CHELFORD AND WYLDER RETURNED AND DISGUSTED RATHER WITH MYSELF I RUMINATED ON MY WANT OF GENERAL SHIP
confirmation,test-clean,5683,F,32866,5683-32866-0008,3.3,16000,test-clean/5683/32866/5683-32866-0008.flac,BRACTON'S A VERY GOOD FELLOW I CAN ASSURE YOU
confirmation,test-clean,5683,F,32866,5683-32866-0009,13.26,16000,test-clean/5683/32866/5683-32866-0009.flac,I DON'T KNOW AND CAN'T SAY HOW YOU FINE GENTLEMEN DEFINE WICKEDNESS ONLY AS AN OBSCURE FEMALE I SPEAK ACCORDING TO MY LIGHTS AND HE IS GENERALLY THOUGHT THE WICKEDEST MAN IN THIS COUNTY
confirmation,test-clean,5683,F,32866,5683-32866-0014,3.97,16000,test-clean/5683/32866/5683-32866-0014.flac,DON'T INSULT ME STANLEY BY TALKING AGAIN AS YOU DID THIS MORNING
confirmation,test-clean,5683,F,32866,5683-32866-0015,2.83,16000,test-clean/5683/32866/5683-32866-0015.flac,WHAT I SAY IS ALTOGETHER ON YOUR OWN ACCOUNT
confirmation,test-clean,5683,F,32866,5683-32866-0016,4.88,16000,test-clean/5683/32866/5683-32866-0016.flac,MARK MY WORDS YOU'LL FIND HIM TOO STRONG FOR YOU AYE AND TOO DEEP
confirmation,test-clean,5683,F,32866,5683-32866-0018,5.455,16000,test-clean/5683/32866/5683-32866-0018.flac,TO MY MIND THERE HAS ALWAYS BEEN SOMETHING INEXPRESSIBLY AWFUL IN FAMILY FEUDS
confirmation,test-clean,5683,F,32866,5683-32866-0021,7.9,16000,test-clean/5683/32866/5683-32866-0021.flac,MY BED WAS UNEXCEPTIONABLY COMFORTABLE BUT IN MY THEN MOOD I COULD HAVE WISHED IT A GREAT DEAL MORE MODERN
confirmation,test-clean,5683,F,32866,5683-32866-0025,3.47,16000,test-clean/5683/32866/5683-32866-0025.flac,I DID NOT EVEN TAKE THE PRECAUTION OF SMOKING UP THE CHIMNEY
confirmation,test-clean,5683,F,32866,5683-32866-0026,2.34,16000,test-clean/5683/32866/5683-32866-0026.flac,I BOLDLY LIGHTED MY CHEROOT
confirmation,test-clean,5683,F,32866,5683-32866-0027,4.755,16000,test-clean/5683/32866/5683-32866-0027.flac,A COLD BRIGHT MOON WAS SHINING WITH CLEAR SHARP LIGHTS AND SHADOWS
confirmation,test-clean,5683,F,32866,5683-32866-0028,5.62,16000,test-clean/5683/32866/5683-32866-0028.flac,THE SOMBRE OLD TREES LIKE GIGANTIC HEARSE PLUMES BLACK AND AWFUL
confirmation,test-clean,5683,F,32866,5683-32866-0030,4.845,16000,test-clean/5683/32866/5683-32866-0030.flac,A LITTLE BIT OF PLASTER TUMBLED DOWN THE CHIMNEY AND STARTLED ME CONFOUNDEDLY
confirmation,test-clean,5683,F,32879,5683-32879-0001,3.66,16000,test-clean/5683/32879/5683-32879-0001.flac,WELL SHE WAS BETTER THOUGH SHE HAD HAD A BAD NIGHT
confirmation,test-clean,5683,F,32879,5683-32879-0004,11.21,16000,test-clean/5683/32879/5683-32879-0004.flac,BUT POOR RACHEL LAKE HAD MORE THAN THAT STOICAL HYPOCRISY WHICH ENABLES THE TORTURED SPIRITS OF HER SEX TO LIFT A PALE FACE THROUGH THE FLAMES AND SMILE
confirmation,test-clean,5683,F,32879,5683-32879-0009,5.135,16000,test-clean/5683/32879/5683-32879-0009.flac,ILL AND TROUBLED DEAR TROUBLED IN MIND AND MISERABLY NERVOUS
confirmation,test-clean,5683,F,32879,5683-32879-0012,4.38,16000,test-clean/5683/32879/5683-32879-0012.flac,THANK YOU RACHEL MY COUSIN RACHEL MY ONLY FRIEND
confirmation,test-clean,5683,F,32879,5683-32879-0015,2.01,16000,test-clean/5683/32879/5683-32879-0015.flac,YES SAID RACHEL
confirmation,test-clean,5683,F,32879,5683-32879-0016,10.185,16000,test-clean/5683/32879/5683-32879-0016.flac,AND THE WAN ORACLE HAVING SPOKEN SHE SATE DOWN IN THE SAME SORT OF ABSTRACTION AGAIN BESIDE DORCAS AND SHE LOOKED FULL IN HER COUSIN'S EYES
confirmation,test-clean,5683,F,32879,5683-32879-0021,4.09,16000,test-clean/5683/32879/5683-32879-0021.flac,DORCAS IN HER STRANGE WAY WAS MOVED
confirmation,test-clean,5683,F,32879,5683-32879-0023,4.975,16000,test-clean/5683/32879/5683-32879-0023.flac,YOU RESEMBLE ME RACHEL YOU ARE FEARLESS AND INFLEXIBLE AND GENEROUS
confirmation,test-clean,6829,F,68769,6829-68769-0003,4.215,16000,test-clean/6829/68769/6829-68769-0003.flac,IT WAS A DELIBERATE THEFT FROM HIS EMPLOYERS TO PROTECT A GIRL HE LOVED
confirmation,test-clean,6829,F,68769,6829-68769-0004,7.145,16000,test-clean/6829/68769/6829-68769-0004.flac,BUT THEY COULD NOT HAVE PROVEN A CASE AGAINST LUCY IF SHE WAS INNOCENT AND ALL THEIR THREATS OF ARRESTING HER WERE PROBABLY MERE BLUFF
confirmation,test-clean,6829,F,68769,6829-68769-0005,6.72,16000,test-clean/6829/68769/6829-68769-0005.flac,HE WAS SOFT HEARTED AND IMPETUOUS SAID BETH AND BEING IN LOVE HE DIDN'T STOP TO COUNT THE COST
confirmation,test-clean,6829,F,68769,6829-68769-0007,3.865,16000,test-clean/6829/68769/6829-68769-0007.flac,BUT UNDER THE CIRCUMSTANCES I DOUBT IF SUCH AN ARRANGEMENT COULD BE MADE
confirmation,test-clean,6829,F,68769,6829-68769-0011,4.685,16000,test-clean/6829/68769/6829-68769-0011.flac,I'M RUNNING FOR REPRESENTATIVE ON THE REPUBLICAN TICKET SAID KENNETH QUIETLY
confirmation,test-clean,6829,F,68769,6829-68769-0012,4.295,16000,test-clean/6829/68769/6829-68769-0012.flac,OH SAY THAT'S DIFFERENT OBSERVED MARKHAM ALTERING HIS DEMEANOR
confirmation,test-clean,6829,F,68769,6829-68769-0019,2.665,16000,test-clean/6829/68769/6829-68769-0019.flac,SORRY WE HAVEN'T ANY RECEPTION ROOM IN THE JAIL
confirmation,test-clean,6829,F,68769,6829-68769-0025,5.735,16000,test-clean/6829/68769/6829-68769-0025.flac,THEN ROGERS WOULDN'T DO ANYTHING BUT LEAD HER AROUND AND WAIT UPON HER AND THE PLACE WENT TO RACK AND RUIN
confirmation,test-clean,6829,F,68769,6829-68769-0032,5.72,16000,test-clean/6829/68769/6829-68769-0032.flac,I DISCOVERED AND PUT OUT A FIRE THAT WOULD HAVE DESTROYED THE WHOLE PLANT BUT MARSHALL NEVER EVEN THANKED ME
confirmation,test-clean,6829,F,68769,6829-68769-0035,2.755,16000,test-clean/6829/68769/6829-68769-0035.flac,IT WON'T BE MUCH BUT I'M GRATEFUL TO FIND A FRIEND
confirmation,test-clean,6829,F,68769,6829-68769-0037,2.53,16000,test-clean/6829/68769/6829-68769-0037.flac,I'VE SEEN LOTS OF THAT KIND IN MY DAY
confirmation,test-clean,6829,F,68769,6829-68769-0038,2.505,16000,test-clean/6829/68769/6829-68769-0038.flac,AND IT RUINS A MAN'S DISPOSITION
confirmation,test-clean,6829,F,68769,6829-68769-0039,4.045,16000,test-clean/6829/68769/6829-68769-0039.flac,HE LOOKED UP RATHER UNGRACIOUSLY BUT MOTIONED THEM TO BE SEATED
confirmation,test-clean,6829,F,68769,6829-68769-0047,2.325,16000,test-clean/6829/68769/6829-68769-0047.flac,I HAVE MY OWN REASONS MISTER MARSHALL
confirmation,test-clean,6829,F,68769,6829-68769-0051,3.545,16000,test-clean/6829/68769/6829-68769-0051.flac,THERE WAS A GRIM SMILE OF AMUSEMENT ON HIS SHREWD FACE
confirmation,test-clean,6829,F,68769,6829-68769-0052,4.6,16000,test-clean/6829/68769/6829-68769-0052.flac,HE MIGHT HAVE HAD THAT FORGED CHECK FOR THE FACE OF IT IF HE'D BEEN SHARP
confirmation,test-clean,6829,F,68771,6829-68771-0003,4.015,16000,test-clean/6829/68771/6829-68771-0003.flac,THE DEMOCRATIC COMMITTEE FIGURED OUT A WAY TO DO THIS
confirmation,test-clean,6829,F,68771,6829-68771-0005,6.165,16000,test-clean/6829/68771/6829-68771-0005.flac,THE ONLY THING NECESSARY WAS TO FIX SETH REYNOLDS AND THIS HOPKINS ARRANGED PERSONALLY
confirmation,test-clean,6829,F,68771,6829-68771-0006,5.92,16000,test-clean/6829/68771/6829-68771-0006.flac,AND THIS WAS WHY KENNETH AND BETH DISCOVERED HIM CONVERSING WITH THE YOUNG WOMAN IN THE BUGGY
confirmation,test-clean,6829,F,68771,6829-68771-0007,16.285,16000,test-clean/6829/68771/6829-68771-0007.flac,THE DESCRIPTION SHE GAVE OF THE COMING RECEPTION TO THE WOMAN'S POLITICAL LEAGUE WAS SO HUMOROUS AND DIVERTING THAT THEY WERE BOTH LAUGHING HEARTILY OVER THE THING WHEN THE YOUNG PEOPLE PASSED THEM AND THUS MISTER HOPKINS FAILED TO NOTICE WHO THE OCCUPANTS OF THE OTHER VEHICLE WERE
confirmation,test-clean,6829,F,68771,6829-68771-0009,13.115,16000,test-clean/6829/68771/6829-68771-0009.flac,LOUISE HOPED FOR EXCELLENT RESULTS FROM THIS ORGANIZATION AND WISHED THE ENTERTAINMENT TO BE SO EFFECTIVE IN WINNING THEIR GOOD WILL THAT THEY WOULD WORK EARNESTLY FOR THE CAUSE IN WHICH THEY WERE ENLISTED
confirmation,test-clean,6829,F,68771,6829-68771-0012,12.47,16000,test-clean/6829/68771/6829-68771-0012.flac,THIS WAS THE FIRST OCCASION WITHIN A GENERATION WHEN SUCH AN ENTERTAINMENT HAD BEEN GIVEN AT ELMHURST AND THE ONLY ONE WITHIN THE MEMORY OF MAN WHERE THE NEIGHBORS AND COUNTRY PEOPLE HAD BEEN INVITED GUESTS
confirmation,test-clean,6829,F,68771,6829-68771-0013,7.19,16000,test-clean/6829/68771/6829-68771-0013.flac,THE ATTENDANCE WAS UNEXPECTEDLY LARGE AND THE GIRLS WERE DELIGHTED FORESEEING GREAT SUCCESS FOR THEIR FETE
confirmation,test-clean,6829,F,68771,6829-68771-0016,6.99,16000,test-clean/6829/68771/6829-68771-0016.flac,SHE WAS VERY FOND OF THE YOUNG LADIES WHOM SHE HAD KNOWN WHEN AUNT JANE WAS THE MISTRESS HERE AND BETH WAS HER ESPECIAL FAVORITE
confirmation,test-clean,6829,F,68771,6829-68771-0020,4.615,16000,test-clean/6829/68771/6829-68771-0020.flac,THEN SHE GAVE A LITTLE LAUGH AND REPLIED NO MISS BETH I'M ELIZABETH PARSONS
confirmation,test-clean,6829,F,68771,6829-68771-0022,3.8,16000,test-clean/6829/68771/6829-68771-0022.flac,I ATTEND TO THE HOUSEHOLD MENDING YOU KNOW AND CARE FOR THE LINEN
confirmation,test-clean,6829,F,68771,6829-68771-0025,7.83,16000,test-clean/6829/68771/6829-68771-0025.flac,SHE SAT DOWN IN A ROCKING CHAIR AND CLASPING HER HANDS IN HER LAP ROCKED SLOWLY BACK AND FORTH I'M SORRY SAID BETH
confirmation,test-clean,6829,F,68771,6829-68771-0028,3.555,16000,test-clean/6829/68771/6829-68771-0028.flac,SHE EVEN SEEMED MILDLY AMUSED AT THE ATTENTION SHE ATTRACTED
confirmation,test-clean,6829,F,68771,6829-68771-0031,2.515,16000,test-clean/6829/68771/6829-68771-0031.flac,HER EYES WANDERED TO THE MAID'S HANDS
confirmation,test-clean,6829,F,68771,6829-68771-0036,5.2,16000,test-clean/6829/68771/6829-68771-0036.flac,ELIZA CLOSED THE DOOR BEHIND HER WITH A DECIDED SLAM AND A KEY CLICKED IN THE LOCK
confirmation,test-clean,6930,M,75918,6930-75918-0001,14.225,16000,test-clean/6930/75918/6930-75918-0001.flac,THE ENGLISH FORWARDED TO THE FRENCH BASKETS OF FLOWERS OF WHICH THEY HAD MADE A PLENTIFUL PROVISION TO GREET THE ARRIVAL OF THE YOUNG PRINCESS THE FRENCH IN RETURN INVITED THE ENGLISH TO A SUPPER WHICH WAS TO BE GIVEN THE NEXT DAY
confirmation,test-clean,6930,M,75918,6930-75918-0007,3.315,16000,test-clean/6930/75918/6930-75918-0007.flac,YOU WILL BE FRANK WITH ME I ALWAYS AM
confirmation,test-clean,6930,M,75918,6930-75918-0010,3.035,16000,test-clean/6930/75918/6930-75918-0010.flac,I CAN PERCEIVE LOVE CLEARLY ENOUGH
confirmation,test-clean,6930,M,75918,6930-75918-0012,1.94,16000,test-clean/6930/75918/6930-75918-0012.flac,IT IS ANNOYANCE THEN
confirmation,test-clean,6930,M,75918,6930-75918-0013,2.94,16000,test-clean/6930/75918/6930-75918-0013.flac,IN THOSE VERY TERMS I EVEN ADDED MORE
confirmation,test-clean,6930,M,75918,6930-75918-0017,6.16,16000,test-clean/6930/75918/6930-75918-0017.flac,BUT IN THIS FRIENDLY PRESSURE RAOUL COULD DETECT THE NERVOUS AGITATION OF A GREAT INTERNAL CONFLICT
confirmation,test-clean,6930,M,76324,6930-76324-0002,5.56,16000,test-clean/6930/76324/6930-76324-0002.flac,THE POOR LITTLE THINGS CRIED CYNTHIA THINK OF THEM HAVING BEEN TURNED TO THE WALL ALL THESE YEARS
confirmation,test-clean,6930,M,76324,6930-76324-0004,6.15,16000,test-clean/6930/76324/6930-76324-0004.flac,BUT JOYCE HAD NOT BEEN LISTENING ALL AT ONCE SHE PUT DOWN HER CANDLE ON THE TABLE AND FACED HER COMPANION
confirmation,test-clean,6930,M,76324,6930-76324-0005,5.035,16000,test-clean/6930/76324/6930-76324-0005.flac,THE TWIN BROTHER DID SOMETHING SHE DIDN'T LIKE AND SHE TURNED HIS PICTURE TO THE WALL
confirmation,test-clean,6930,M,76324,6930-76324-0011,9.24,16000,test-clean/6930/76324/6930-76324-0011.flac,THEY WORRY ME TERRIBLY AND BESIDES I'D LIKE TO SEE WHAT THIS LOVELY FURNITURE LOOKS LIKE WITHOUT SUCH QUANTITIES OF DUST ALL OVER IT GOOD SCHEME CYN
confirmation,test-clean,6930,M,76324,6930-76324-0013,4.305,16000,test-clean/6930/76324/6930-76324-0013.flac,IT CAN'T HURT ANYTHING I'M SURE FOR WE WON'T DISTURB THINGS AT ALL
confirmation,test-clean,6930,M,76324,6930-76324-0014,4.72,16000,test-clean/6930/76324/6930-76324-0014.flac,THIS THOUGHT HOWEVER DID NOT ENTER THE HEADS OF THE ENTHUSIASTIC PAIR
confirmation,test-clean,6930,M,76324,6930-76324-0015,12.405,16000,test-clean/6930/76324/6930-76324-0015.flac,SMUGGLING THE HOUSE CLEANING PARAPHERNALIA INTO THE CELLAR WINDOW UNOBSERVED THAT AFTERNOON PROVED NO EASY TASK FOR CYNTHIA HAD ADDED A WHISK BROOM AND DUST PAN TO THE OUTFIT
confirmation,test-clean,6930,M,76324,6930-76324-0016,9.205,16000,test-clean/6930/76324/6930-76324-0016.flac,THE LURE PROVED TOO MUCH FOR HIM AND HE CAME SPORTING AFTER IT AS FRISKILY AS A YOUNG KITTEN MUCH TO CYNTHIA'S DELIGHT WHEN SHE CAUGHT SIGHT OF HIM
confirmation,test-clean,6930,M,76324,6930-76324-0020,6.315,16000,test-clean/6930/76324/6930-76324-0020.flac,YET LITTLE AS IT WAS IT HAD ALREADY MADE A VAST DIFFERENCE IN THE ASPECT OF THE ROOM
confirmation,test-clean,6930,M,76324,6930-76324-0023,4.85,16000,test-clean/6930/76324/6930-76324-0023.flac,AND MY POCKET MONEY IS GETTING LOW AGAIN AND YOU HAVEN'T ANY LEFT AS USUAL
confirmation,test-clean,6930,M,76324,6930-76324-0024,4.05,16000,test-clean/6930/76324/6930-76324-0024.flac,THEY SAY ILLUMINATION BY CANDLE LIGHT IS THE PRETTIEST IN THE WORLD
confirmation,test-clean,6930,M,76324,6930-76324-0026,3.085,16000,test-clean/6930/76324/6930-76324-0026.flac,ISN'T HE THE GREATEST FOR GETTING INTO ODD CORNERS
confirmation,test-clean,6930,M,76324,6930-76324-0027,8.27,16000,test-clean/6930/76324/6930-76324-0027.flac,FORGETTING ALL THEIR WEARINESS THEY SEIZED THEIR CANDLES AND SCURRIED THROUGH THE HOUSE FINDING AN OCCASIONAL PAPER TUCKED AWAY IN SOME ODD CORNER
confirmation,test-clean,6930,M,81414,6930-81414-0001,17.485,16000,test-clean/6930/81414/6930-81414-0001.flac,I HEARD A NOISE BEHIND I TURNED AND SAW KAFFAR HIS BLACK EYES SHINING WHILE IN HIS HAND HE HELD A GLEAMING KNIFE HE LIFTED IT ABOVE HIS HEAD AS IF TO STRIKE BUT I HAD THE STRENGTH OF TEN MEN AND I HURLED HIM FROM ME
confirmation,test-clean,6930,M,81414,6930-81414-0003,3.295,16000,test-clean/6930/81414/6930-81414-0003.flac,NO SOUND BROKE THE STILLNESS OF THE NIGHT
confirmation,test-clean,6930,M,81414,6930-81414-0009,12.015,16000,test-clean/6930/81414/6930-81414-0009.flac,I AWOKE TO CONSCIOUSNESS FIGHTING AT FIRST IT SEEMED AS IF I WAS FIGHTING WITH A PHANTOM BUT GRADUALLY MY OPPONENT BECAME MORE REAL TO ME IT WAS KAFFAR
confirmation,test-clean,6930,M,81414,6930-81414-0010,3.835,16000,test-clean/6930/81414/6930-81414-0010.flac,A SOUND OF VOICES A FLASH OF LIGHT
confirmation,test-clean,6930,M,81414,6930-81414-0011,4.7,16000,test-clean/6930/81414/6930-81414-0011.flac,A FEELING OF FREEDOM AND I WAS AWAKE WHERE
confirmation,test-clean,6930,M,81414,6930-81414-0017,2.34,16000,test-clean/6930/81414/6930-81414-0017.flac,I KNOW HE HAD IT THIS VERY EVENING
confirmation,test-clean,6930,M,81414,6930-81414-0018,2.93,16000,test-clean/6930/81414/6930-81414-0018.flac,I REMEMBER SAYING HAVE WE BEEN TOGETHER
confirmation,test-clean,6930,M,81414,6930-81414-0022,4.34,16000,test-clean/6930/81414/6930-81414-0022.flac,I HAD AGAIN BEEN ACTING UNDER THE INFLUENCE OF THIS MAN'S POWER
confirmation,test-clean,6930,M,81414,6930-81414-0025,2.53,16000,test-clean/6930/81414/6930-81414-0025.flac,MY POSITION WAS TOO TERRIBLE
confirmation,test-clean,6930,M,81414,6930-81414-0026,3.075,16000,test-clean/6930/81414/6930-81414-0026.flac,MY OVERWROUGHT NERVES YIELDED AT LAST
confirmation,test-clean,6930,M,81414,6930-81414-0027,3.85,16000,test-clean/6930/81414/6930-81414-0027.flac,FOR SOME TIME AFTER THAT I REMEMBERED NOTHING DISTINCTLY
confirmation,test-clean,7021,M,79730,7021-79730-0000,2.44,16000,test-clean/7021/79730/7021-79730-0000.flac,THE THREE MODES OF MANAGEMENT
confirmation,test-clean,7021,M,79730,7021-79730-0001,11.49,16000,test-clean/7021/79730/7021-79730-0001.flac,TO SUPPOSE THAT THE OBJECT OF THIS WORK IS TO AID IN EFFECTING SUCH A SUBSTITUTION AS THAT IS ENTIRELY TO MISTAKE ITS NATURE AND DESIGN
confirmation,test-clean,7021,M,79730,7021-79730-0002,2.69,16000,test-clean/7021/79730/7021-79730-0002.flac,BY REASON AND AFFECTION
confirmation,test-clean,7021,M,79730,7021-79730-0004,17.945,16000,test-clean/7021/79730/7021-79730-0004.flac,THE MOTHER AS SOON AS THE CHAISE IS SO FAR TURNED THAT MARY CAN NO LONGER WATCH THE EXPRESSION OF HER COUNTENANCE GOES AWAY FROM THE DOOR WITH A SMILE OF COMPLACENCY AND SATISFACTION UPON HER FACE AT THE INGENUITY AND SUCCESS OF HER LITTLE ARTIFICE
confirmation,test-clean,7021,M,79730,7021-79730-0008,11.765,16000,test-clean/7021/79730/7021-79730-0008.flac,BUT THIS LAST SUPPOSITION IS ALMOST ALWAYS UNNECESSARY FOR IF MARY HAS BEEN HABITUALLY MANAGED ON THIS PRINCIPLE SHE WILL NOT MAKE ANY TROUBLE
confirmation,test-clean,7021,M,79730,7021-79730-0009,12.585,16000,test-clean/7021/79730/7021-79730-0009.flac,IT IS INDEED TRUE THAT THE IMPORTANCE OF TACT AND SKILL IN THE TRAINING OF THE YOUNG AND OF CULTIVATING THEIR REASON AND SECURING THEIR AFFECTION CAN NOT BE OVERRATED
confirmation,test-clean,7021,M,79740,7021-79740-0000,11.125,16000,test-clean/7021/79740/7021-79740-0000.flac,TO SUCH PERSONS THESE INDIRECT MODES OF TRAINING CHILDREN IN HABITS OF SUBORDINATION TO THEIR WILL OR RATHER OF YIELDING TO THEIR INFLUENCE ARE SPECIALLY USEFUL
confirmation,test-clean,7021,M,79740,7021-79740-0001,5.995,16000,test-clean/7021/79740/7021-79740-0001.flac,DELLA HAD A YOUNG SISTER NAMED MARIA AND A COUSIN WHOSE NAME WAS JANE
confirmation,test-clean,7021,M,79740,7021-79740-0004,6.465,16000,test-clean/7021/79740/7021-79740-0004.flac,YOU HAVE COME ANDELLA ANDELLA WAS THE NAME OF JANE'S DOLL TO MAKE ROSALIE A VISIT
confirmation,test-clean,7021,M,79740,7021-79740-0008,18.415,16000,test-clean/7021/79740/7021-79740-0008.flac,FOR INSTANCE ONE DAY THE CHILDREN HAD BEEN PLAYING UPON THE PIAZZA WITH BLOCKS AND OTHER PLAYTHINGS AND FINALLY HAD GONE INTO THE HOUSE LEAVING ALL THE THINGS ON THE FLOOR OF THE PIAZZA INSTEAD OF PUTTING THEM AWAY IN THEIR PLACES AS THEY OUGHT TO HAVE DONE
confirmation,test-clean,7021,M,79740,7021-79740-0009,3.635,16000,test-clean/7021/79740/7021-79740-0009.flac,THEY WERE NOW PLAYING WITH THEIR DOLLS IN THE PARLOR
confirmation,test-clean,7021,M,79740,7021-79740-0010,12.025,16000,test-clean/7021/79740/7021-79740-0010.flac,DELIA CAME TO THE PARLOR AND WITH AN AIR OF GREAT MYSTERY BECKONED THE CHILDREN ASIDE AND SAID TO THEM IN A WHISPER LEAVE ANDELLA AND ROSALIE HERE AND DON'T SAY A WORD TO THEM
confirmation,test-clean,7021,M,79740,7021-79740-0011,10.315,16000,test-clean/7021/79740/7021-79740-0011.flac,SO SAYING SHE LED THE WAY ON TIPTOE FOLLOWED BY THE CHILDREN OUT OF THE ROOM AND ROUND BY A CIRCUITOUS ROUTE TO THE PIAZZA THERE
confirmation,test-clean,7021,M,79740,7021-79740-0013,7.365,16000,test-clean/7021/79740/7021-79740-0013.flac,PUT THESE PLAYTHINGS ALL AWAY QUICK AND CAREFULLY AND WE WILL NOT LET THEM KNOW ANY THING ABOUT YOUR LEAVING THEM OUT
confirmation,test-clean,7021,M,79740,7021-79740-0014,14.175,16000,test-clean/7021/79740/7021-79740-0014.flac,AND THIS METHOD OF TREATING THE CASE WAS MUCH MORE EFFECTUAL IN MAKING THEM DISPOSED TO AVOID COMMITTING A SIMILAR FAULT ANOTHER TIME THAN ANY DIRECT REBUKES OR EXPRESSIONS OF DISPLEASURE ADDRESSED PERSONALLY TO THEM WOULD HAVE BEEN
confirmation,test-clean,7021,M,79759,7021-79759-0000,4.775,16000,test-clean/7021/79759/7021-79759-0000.flac,NATURE OF THE EFFECT PRODUCED BY EARLY IMPRESSIONS
confirmation,test-clean,7021,M,79759,7021-79759-0001,2.48,16000,test-clean/7021/79759/7021-79759-0001.flac,THAT IS COMPARATIVELY NOTHING
confirmation,test-clean,7021,M,79759,7021-79759-0002,5.25,16000,test-clean/7021/79759/7021-79759-0002.flac,THEY ARE CHIEFLY FORMED FROM COMBINATIONS OF THE IMPRESSIONS MADE IN CHILDHOOD
confirmation,test-clean,7021,M,79759,7021-79759-0004,24.47,16000,test-clean/7021/79759/7021-79759-0004.flac,WITHOUT GOING TO ANY SUCH EXTREME AS THIS WE CAN EASILY SEE ON REFLECTION HOW VAST AN INFLUENCE ON THE IDEAS AND CONCEPTIONS AS WELL AS ON THE PRINCIPLES OF ACTION IN MATURE YEARS MUST BE EXERTED BY THE NATURE AND CHARACTER OF THE IMAGES WHICH THE PERIOD OF INFANCY AND CHILDHOOD IMPRESSES UPON THE MIND
confirmation,test-clean,7021,M,85628,7021-85628-0001,11.33,16000,test-clean/7021/85628/7021-85628-0001.flac,HE MADE A BOW SO DEEP THAT HIS BACK CAME NEAR BREAKING AND HE WAS DUMBFOUNDED I CAN TELL YOU WHEN HE SAW IT WAS NOBODY BUT ANDERS
confirmation,test-clean,7021,M,85628,7021-85628-0004,2.805,16000,test-clean/7021/85628/7021-85628-0004.flac,YES WHY NOT THOUGHT ANDERS
confirmation,test-clean,7021,M,85628,7021-85628-0007,16.675,16000,test-clean/7021/85628/7021-85628-0007.flac,AND SHE TOOK ANDERS HAND AND WALKED WITH HIM UP THE BROAD MARBLE STAIRS WHERE SOLDIERS WERE POSTED AT EVERY THIRD STEP AND THROUGH THE MAGNIFICENT HALLS WHERE COURTIERS IN SILK AND VELVET STOOD BOWING WHEREVER HE WENT
confirmation,test-clean,7021,M,85628,7021-85628-0008,7.125,16000,test-clean/7021/85628/7021-85628-0008.flac,FOR LIKE AS NOT THEY MUST HAVE THOUGHT HIM A PRINCE WHEN THEY SAW HIS FINE CAP
confirmation,test-clean,7021,M,85628,7021-85628-0011,8.995,16000,test-clean/7021/85628/7021-85628-0011.flac,THE PRINCESS SAT DOWN UNDER A BLUE CANOPY WITH BOUQUETS OF ROSES AND SHE LET ANDERS SIT IN A GOLDEN CHAIR BY HER SIDE
confirmation,test-clean,7021,M,85628,7021-85628-0012,5.33,16000,test-clean/7021/85628/7021-85628-0012.flac,BUT YOU MUST NOT EAT WITH YOUR CAP ON YOUR HEAD SHE SAID AND WAS GOING TO TAKE IT OFF
confirmation,test-clean,7021,M,85628,7021-85628-0017,2.155,16000,test-clean/7021/85628/7021-85628-0017.flac,SO IT IS SAID ANDERS
confirmation,test-clean,7021,M,85628,7021-85628-0021,5.365,16000,test-clean/7021/85628/7021-85628-0021.flac,HE STILL HELD ON TO IT WITH BOTH HANDS AS HE RUSHED INTO HIS MOTHER'S COTTAGE
confirmation,test-clean,7021,M,85628,7021-85628-0024,2.165,16000,test-clean/7021/85628/7021-85628-0024.flac,ANDERS FACE GREW RED
confirmation,test-clean,7021,M,85628,7021-85628-0026,2.74,16000,test-clean/7021/85628/7021-85628-0026.flac,NO MY LITTLE SON SHE SAID
confirmation,test-clean,7021,M,85628,7021-85628-0027,8.5,16000,test-clean/7021/85628/7021-85628-0027.flac,IF YOU DRESSED IN SILK AND GOLD FROM TOP TO TOE YOU COULD NOT LOOK ANY NICER THAN IN YOUR LITTLE RED CAP
confirmation,test-clean,7127,M,75946,7127-75946-0003,4.81,16000,test-clean/7127/75946/7127-75946-0003.flac,GENTLEMEN TO YOUR POSTS WHEREUPON SAINT AIGNAN AND VILLEROY TOOK THEIR LEAVE
confirmation,test-clean,7127,M,75946,7127-75946-0006,7.98,16000,test-clean/7127/75946/7127-75946-0006.flac,HE HAS GIVEN THEM WITH TOO MUCH GRACE NOT TO HAVE OTHERS STILL TO GIVE IF THEY ARE REQUIRED WHICH IS THE CASE AT THE PRESENT MOMENT
confirmation,test-clean,7127,M,75946,7127-75946-0007,4.755,16000,test-clean/7127/75946/7127-75946-0007.flac,IT IS NECESSARY THEREFORE THAT HE SHOULD COMPLY THE KING FROWNED
confirmation,test-clean,7127,M,75946,7127-75946-0009,4.72,16000,test-clean/7127/75946/7127-75946-0009.flac,NOT AT ALL YOU ARE ON THE CONTRARY MOST AGREEABLE TO ME
confirmation,test-clean,7127,M,75946,7127-75946-0010,3.6,16000,test-clean/7127/75946/7127-75946-0010.flac,YOUR MAJESTY'S PLAN THEN IN THIS AFFAIR IS
confirmation,test-clean,7127,M,75946,7127-75946-0011,3.17,16000,test-clean/7127/75946/7127-75946-0011.flac,YOU WILL TAKE THEM FROM MY PRIVATE TREASURE
confirmation,test-clean,7127,M,75946,7127-75946-0017,12.33,16000,test-clean/7127/75946/7127-75946-0017.flac,HIS LEGS THE BEST SHAPED AT COURT WERE DISPLAYED TO GREAT ADVANTAGE IN FLESH COLORED SILKEN HOSE OF SILK SO FINE AND SO TRANSPARENT THAT IT SEEMED ALMOST LIKE FLESH ITSELF
confirmation,test-clean,7127,M,75946,7127-75946-0020,6.52,16000,test-clean/7127/75946/7127-75946-0020.flac,FAR FROM IT SIRE YOUR MAJESTY HAVING GIVEN NO DIRECTIONS ABOUT IT THE MUSICIANS HAVE RETAINED IT
confirmation,test-clean,7127,M,75946,7127-75946-0022,10.94,16000,test-clean/7127/75946/7127-75946-0022.flac,SIRE HE SAID YOUR MAJESTY'S MOST DEVOTED SERVANT APPROACHES TO PERFORM A SERVICE ON THIS OCCASION WITH SIMILAR ZEAL THAT HE HAS ALREADY SHOWN ON THE FIELD OF BATTLE
confirmation,test-clean,7127,M,75946,7127-75946-0024,5.09,16000,test-clean/7127/75946/7127-75946-0024.flac,MONSIEUR WAS THE ONLY ONE WHO DID NOT UNDERSTAND ANYTHING ABOUT THE MATTER
confirmation,test-clean,7127,M,75946,7127-75946-0025,3.96,16000,test-clean/7127/75946/7127-75946-0025.flac,THE BALLET BEGAN THE EFFECT WAS MORE THAN BEAUTIFUL
confirmation,test-clean,7127,M,75946,7127-75946-0028,16.075,16000,test-clean/7127/75946/7127-75946-0028.flac,BY DEGREES ALL HIS HAPPINESS ALL HIS BRILLIANCY SUBSIDED INTO REGRET AND UNEASINESS SO THAT HIS LIMBS LOST THEIR POWER HIS ARMS HUNG HEAVILY BY HIS SIDES AND HIS HEAD DROOPED AS THOUGH HE WAS STUPEFIED
confirmation,test-clean,7127,M,75946,7127-75946-0029,9.285,16000,test-clean/7127/75946/7127-75946-0029.flac,THE KING WHO HAD FROM THIS MOMENT BECOME IN REALITY THE PRINCIPAL DANCER IN THE QUADRILLE CAST A LOOK UPON HIS VANQUISHED RIVAL
confirmation,test-clean,7127,M,75947,7127-75947-0000,17.97,16000,test-clean/7127/75947/7127-75947-0000.flac,EVERY ONE COULD OBSERVE HIS AGITATION AND PROSTRATION A PROSTRATION WHICH WAS INDEED THE MORE REMARKABLE SINCE PEOPLE WERE NOT ACCUSTOMED TO SEE HIM WITH HIS ARMS HANGING LISTLESSLY BY HIS SIDE HIS HEAD BEWILDERED AND HIS EYES WITH ALL THEIR BRIGHT INTELLIGENCE BEDIMMED
confirmation,test-clean,7127,M,75947,7127-75947-0005,2.145,16000,test-clean/7127/75947/7127-75947-0005.flac,I ALLUDE TO THE GODDESS
confirmation,test-clean,7127,M,75947,7127-75947-0006,3.31,16000,test-clean/7127/75947/7127-75947-0006.flac,THE PRINCESS INQUIRED NO
confirmation,test-clean,7127,M,75947,7127-75947-0007,5.46,16000,test-clean/7127/75947/7127-75947-0007.flac,SHE THEN ROSE HUMMING THE AIR TO WHICH SHE WAS PRESENTLY GOING TO DANCE
confirmation,test-clean,7127,M,75947,7127-75947-0008,4.155,16000,test-clean/7127/75947/7127-75947-0008.flac,THE ARROW PIERCED HIS HEART AND WOUNDED HIM MORTALLY
confirmation,test-clean,7127,M,75947,7127-75947-0011,3.62,16000,test-clean/7127/75947/7127-75947-0011.flac,REMAIN I IMPLORE YOU THE EVENING IS MOST LOVELY
confirmation,test-clean,7127,M,75947,7127-75947-0013,5.045,16000,test-clean/7127/75947/7127-75947-0013.flac,I REMEMBER NOW AND I CONGRATULATE MYSELF DO YOU LOVE ANY ONE
confirmation,test-clean,7127,M,75947,7127-75947-0014,10.115,16000,test-clean/7127/75947/7127-75947-0014.flac,FORGIVE ME I HARDLY KNOW WHAT I AM SAYING A THOUSAND TIMES FORGIVE ME MADAME WAS RIGHT QUITE RIGHT THIS BRUTAL EXILE HAS COMPLETELY TURNED MY BRAIN
confirmation,test-clean,7127,M,75947,7127-75947-0017,2.665,16000,test-clean/7127/75947/7127-75947-0017.flac,WHAT ALREADY HERE THEY SAID TO HER
confirmation,test-clean,7127,M,75947,7127-75947-0019,3.875,16000,test-clean/7127/75947/7127-75947-0019.flac,DID NOT THE DANCING AMUSE YOU NO
confirmation,test-clean,7127,M,75947,7127-75947-0023,5.11,16000,test-clean/7127/75947/7127-75947-0023.flac,IT IS TOO DIFFICULT REPLIED MADEMOISELLE DE TONNAY CHARENTE LAUGHING LOUDLY
confirmation,test-clean,7127,M,75947,7127-75947-0024,7.33,16000,test-clean/7127/75947/7127-75947-0024.flac,LOOK YONDER DO YOU NOT SEE THE MOON SLOWLY RISING SILVERING THE TOPMOST BRANCHES OF THE CHESTNUTS AND THE OAKS
confirmation,test-clean,7127,M,75947,7127-75947-0025,5.57,16000,test-clean/7127/75947/7127-75947-0025.flac,EXQUISITE SOFT TURF OF THE WOODS THE HAPPINESS WHICH YOUR FRIENDSHIP CONFERS UPON ME
confirmation,test-clean,7127,M,75947,7127-75947-0028,7.46,16000,test-clean/7127/75947/7127-75947-0028.flac,QUICK QUICK THEN AMONG THE HIGH REED GRASS SAID MONTALAIS STOOP ATHENAIS YOU ARE SO TALL
confirmation,test-clean,7127,M,75947,7127-75947-0032,4.745,16000,test-clean/7127/75947/7127-75947-0032.flac,YES BUT PERHAPS I FRIGHTENED HER IN WHAT WAY
confirmation,test-clean,7127,M,75947,7127-75947-0034,2.965,16000,test-clean/7127/75947/7127-75947-0034.flac,IT SEEMS THE KING WILL NOT CONSENT TO IT
confirmation,test-clean,7127,M,75947,7127-75947-0036,2.44,16000,test-clean/7127/75947/7127-75947-0036.flac,I GIVE MY CONSENT
confirmation,test-clean,7176,M,88083,7176-88083-0000,5.695,16000,test-clean/7176/88083/7176-88083-0000.flac,ALL ABOUT HIM WAS A TUMULT OF BRIGHT AND BROKEN COLOR SCATTERED IN BROAD SPLASHES
confirmation,test-clean,7176,M,88083,7176-88083-0001,16.575,16000,test-clean/7176/88083/7176-88083-0001.flac,THE MERGANSER HAD A CRESTED HEAD OF IRIDESCENT GREEN BLACK A BROAD COLLAR OF LUSTROUS WHITE BLACK BACK BLACK AND WHITE WINGS WHITE BELLY SIDES FINELY PENCILLED IN BLACK AND WHITE AND A BREAST OF RICH CHESTNUT RED STREAKED WITH BLACK
confirmation,test-clean,7176,M,88083,7176-88083-0004,7.5,16000,test-clean/7176/88083/7176-88083-0004.flac,BUT SUDDENLY STRAIGHT AND SWIFT AS A DIVING CORMORANT HE SHOT DOWN INTO THE TORRENT AND DISAPPEARED BENEATH THE SURFACE
confirmation,test-clean,7176,M,88083,7176-88083-0006,4.295,16000,test-clean/7176/88083/7176-88083-0006.flac,IT MIGHT HAVE SEEMED THAT A TROUT OF THIS SIZE WAS A FAIRLY SUBSTANTIAL MEAL
confirmation,test-clean,7176,M,88083,7176-88083-0007,14.3,16000,test-clean/7176/88083/7176-88083-0007.flac,BUT SUCH WAS HIS KEENNESS THAT EVEN WHILE THE WIDE FLUKES OF HIS ENGORGED VICTIM WERE STILL STICKING OUT AT THE CORNERS OF HIS BEAK HIS FIERCE RED EYES WERE ONCE MORE PEERING DOWNWARD INTO THE TORRENT IN SEARCH OF FRESH PREY
confirmation,test-clean,7176,M,88083,7176-88083-0009,4.045,16000,test-clean/7176/88083/7176-88083-0009.flac,THE GREAT HAWK FOLLOWED HURRIEDLY TO RETRIEVE HIS PREY FROM THE GROUND
confirmation,test-clean,7176,M,88083,7176-88083-0013,15.0,16000,test-clean/7176/88083/7176-88083-0013.flac,LIKE HIS UNFORTUNATE LITTLE COUSIN THE TEAL HE TOO HAD FELT THE FEAR OF DEATH SMITTEN INTO HIS HEART AND WAS HEADING DESPERATELY FOR THE REFUGE OF SOME DARK OVERHANGING BANK DEEP FRINGED WITH WEEDS WHERE THE DREADFUL EYE OF THE HAWK SHOULD NOT DISCERN HIM
confirmation,test-clean,7176,M,88083,7176-88083-0014,4.67,16000,test-clean/7176/88083/7176-88083-0014.flac,THE HAWK SAT UPON THE BRANCH AND WATCHED HIS QUARRY SWIMMING BENEATH THE SURFACE
confirmation,test-clean,7176,M,88083,7176-88083-0017,3.66,16000,test-clean/7176/88083/7176-88083-0017.flac,BUT AT THIS POINT IN THE RAPIDS IT WAS IMPOSSIBLE FOR HIM TO STAY DOWN
confirmation,test-clean,7176,M,88083,7176-88083-0019,5.81,16000,test-clean/7176/88083/7176-88083-0019.flac,AS HE FLEW HIS DOWN REACHING CLUTCHING TALONS WERE NOT HALF A YARD ABOVE THE FUGITIVE'S HEAD
confirmation,test-clean,7176,M,88083,7176-88083-0020,5.415,16000,test-clean/7176/88083/7176-88083-0020.flac,WHERE THE WAVES FOR AN INSTANT SANK THEY CAME CLOSER BUT NOT QUITE WITHIN GRASPING REACH
confirmation,test-clean,7176,M,88083,7176-88083-0021,12.605,16000,test-clean/7176/88083/7176-88083-0021.flac,BUT AS BEFORE THE LEAPING WAVES OF THE RAPIDS WERE TOO MUCH FOR HIS PURSUER AND HE WAS ABLE TO FLAP HIS WAY ONWARD IN A CLOUD OF FOAM WHILE DOOM HUNG LOW ABOVE HIS HEAD YET HESITATED TO STRIKE
confirmation,test-clean,7176,M,88083,7176-88083-0022,9.485,16000,test-clean/7176/88083/7176-88083-0022.flac,THE HAWK EMBITTERED BY THE LOSS OF HIS FIRST QUARRY HAD BECOME AS DOGGED IN PURSUIT AS A WEASEL NOT TO BE SHAKEN OFF OR EVADED OR DECEIVED
confirmation,test-clean,7176,M,88083,7176-88083-0026,5.53,16000,test-clean/7176/88083/7176-88083-0026.flac,THE DRAG UPON HIS BEAK AND THE LIGHT CHECK UPON HIS WINGS WERE INEXPLICABLE TO HIM AND APPALLING
confirmation,test-clean,7176,M,92135,7176-92135-0001,7.56,16000,test-clean/7176/92135/7176-92135-0001.flac,IN SHORT HE BECOMES A PROMINENT FIGURE IN LONDON SOCIETY AND IF HE IS NOT CAREFUL SOMEBODY WILL SAY SO
confirmation,test-clean,7176,M,92135,7176-92135-0004,2.425,16000,test-clean/7176/92135/7176-92135-0004.flac,FRANKLY I CANNOT ALWAYS SAY
confirmation,test-clean,7176,M,92135,7176-92135-0005,5.47,16000,test-clean/7176/92135/7176-92135-0005.flac,BUT SUPPOSE YOU SAID I'M FOND OF WRITING MY PEOPLE ALWAYS SAY MY LETTERS HOME ARE GOOD ENOUGH FOR PUNCH
confirmation,test-clean,7176,M,92135,7176-92135-0014,16.02,16000,test-clean/7176/92135/7176-92135-0014.flac,IF IT BE GRANTED FIRST THAT THE THOUGHTS OF A CERTAIN CHARACTER SHOULD BE KNOWN TO THE AUDIENCE AND SECONDLY THAT SOLILOQUY OR THE HABIT OF THINKING ALOUD IS IN OPPOSITION TO MODERN STAGE TECHNIQUE HOW SHALL A SOLILOQUY BE AVOIDED WITHOUT DAMAGE TO THE PLAY
confirmation,test-clean,7176,M,92135,7176-92135-0015,6.755,16000,test-clean/7176/92135/7176-92135-0015.flac,AND SO ON TILL YOU GET TO THE END WHEN OPHELIA MIGHT SAY AH YES OR SOMETHING NON COMMITTAL OF THAT SORT
confirmation,test-clean,7176,M,92135,7176-92135-0018,8.94,16000,test-clean/7176/92135/7176-92135-0018.flac,IN THE MODERN WELL CONSTRUCTED PLAY HE SIMPLY RINGS UP AN IMAGINARY CONFEDERATE AND TELLS HIM WHAT HE IS GOING TO DO COULD ANYTHING BE MORE NATURAL
confirmation,test-clean,7176,M,92135,7176-92135-0019,2.405,16000,test-clean/7176/92135/7176-92135-0019.flac,I WANT DOUBLE NINE HAL LO
confirmation,test-clean,7176,M,92135,7176-92135-0021,2.565,16000,test-clean/7176/92135/7176-92135-0021.flac,I SAY I'VE BEEN WONDERING ABOUT THIS BUSINESS
confirmation,test-clean,7176,M,92135,7176-92135-0024,4.1,16000,test-clean/7176/92135/7176-92135-0024.flac,TO BE OR NOT TO BE THAT IS THE QUESTION WHETHER TIS NOBLER
confirmation,test-clean,7176,M,92135,7176-92135-0028,3.345,16000,test-clean/7176/92135/7176-92135-0028.flac,LARKSPUR BIT ME AGAIN THIS MORNING FOR THE THIRD TIME
confirmation,test-clean,7176,M,92135,7176-92135-0030,2.235,16000,test-clean/7176/92135/7176-92135-0030.flac,ENTER LORD ARTHUR FLUFFINOSE
confirmation,test-clean,7176,M,92135,7176-92135-0031,9.64,16000,test-clean/7176/92135/7176-92135-0031.flac,AND THERE YOU ARE YOU WILL OF COURSE APPRECIATE THAT THE UNFINISHED SENTENCES NOT ONLY SAVE TIME BUT ALSO MAKE THE MANOEUVRING VERY MUCH MORE NATURAL
confirmation,test-clean,7176,M,92135,7176-92135-0032,3.315,16000,test-clean/7176/92135/7176-92135-0032.flac,HOW YOU MAY BE WONDERING ARE YOU TO BEGIN YOUR MASTERPIECE
confirmation,test-clean,7176,M,92135,7176-92135-0036,6.47,16000,test-clean/7176/92135/7176-92135-0036.flac,THE CROWD DRIFTS OFF LEAVING THE HERO AND HEROINE ALONE IN THE MIDDLE OF THE STAGE AND THEN YOU CAN BEGIN
confirmation,test-clean,7176,M,92135,7176-92135-0038,9.205,16000,test-clean/7176/92135/7176-92135-0038.flac,A STAGE MEAL IS POPULAR BECAUSE IT PROVES TO THE AUDIENCE THAT THE ACTORS EVEN WHEN CALLED CHARLES HAWTREY OR OWEN NARES ARE REAL PEOPLE JUST LIKE YOU AND ME
confirmation,test-clean,7176,M,92135,7176-92135-0045,5.23,16000,test-clean/7176/92135/7176-92135-0045.flac,LORD JOHN TAKING OUT GOLD CIGARETTE CASE FROM HIS LEFT HAND UPPER WAISTCOAT POCKET
confirmation,test-clean,7729,M,102255,7729-102255-0000,3.285,16000,test-clean/7729/102255/7729-102255-0000.flac,THE BOGUS LEGISLATURE NUMBERED THIRTY SIX MEMBERS
confirmation,test-clean,7729,M,102255,7729-102255-0001,3.45,16000,test-clean/7729/102255/7729-102255-0001.flac,THIS WAS AT THE MARCH ELECTION EIGHTEEN FIFTY FIVE
confirmation,test-clean,7729,M,102255,7729-102255-0002,8.3,16000,test-clean/7729/102255/7729-102255-0002.flac,THAT SUMMER'S EMIGRATION HOWEVER BEING MAINLY FROM THE FREE STATES GREATLY CHANGED THE RELATIVE STRENGTH OF THE TWO PARTIES
confirmation,test-clean,7729,M,102255,7729-102255-0005,5.18,16000,test-clean/7729/102255/7729-102255-0005.flac,THIS WAS A FORMIDABLE ARRAY OF ADVANTAGES SLAVERY WAS PLAYING WITH LOADED DICE
confirmation,test-clean,7729,M,102255,7729-102255-0007,11.53,16000,test-clean/7729/102255/7729-102255-0007.flac,HIS RECEPTION SPEECH AT WESTPORT IN WHICH HE MAINTAINED THE LEGALITY OF THE LEGISLATURE AND HIS DETERMINATION TO ENFORCE THEIR LAWS DELIGHTED HIS PRO SLAVERY AUDITORS
confirmation,test-clean,7729,M,102255,7729-102255-0010,8.54,16000,test-clean/7729/102255/7729-102255-0010.flac,OF THE LYNCHINGS THE MOBS AND THE MURDERS IT WOULD BE IMPOSSIBLE EXCEPT IN A VERY EXTENDED WORK TO NOTE THE FREQUENT AND ATROCIOUS DETAILS
confirmation,test-clean,7729,M,102255,7729-102255-0011,20.355,16000,test-clean/7729/102255/7729-102255-0011.flac,THE PRESENT CHAPTERS CAN ONLY TOUCH UPON THE MORE SALIENT MOVEMENTS OF THE CIVIL WAR IN KANSAS WHICH HAPPILY WERE NOT SANGUINARY IF HOWEVER THE INDIVIDUAL AND MORE ISOLATED CASES OF BLOODSHED COULD BE DESCRIBED THEY WOULD SHOW A STARTLING AGGREGATE OF BARBARITY AND LOSS OF LIFE FOR OPINION'S SAKE
confirmation,test-clean,7729,M,102255,7729-102255-0012,4.075,16000,test-clean/7729/102255/7729-102255-0012.flac,SEVERAL HUNDRED FREE STATE MEN PROMPTLY RESPONDED TO THE SUMMONS
confirmation,test-clean,7729,M,102255,7729-102255-0013,2.675,16000,test-clean/7729/102255/7729-102255-0013.flac,IT WAS IN FACT THE BEST WEAPON OF ITS DAY
confirmation,test-clean,7729,M,102255,7729-102255-0014,5.295,16000,test-clean/7729/102255/7729-102255-0014.flac,THE LEADERS OF THE CONSPIRACY BECAME DISTRUSTFUL OF THEIR POWER TO CRUSH THE TOWN
confirmation,test-clean,7729,M,102255,7729-102255-0015,14.99,16000,test-clean/7729/102255/7729-102255-0015.flac,ONE OF HIS MILITIA GENERALS SUGGESTED THAT THE GOVERNOR SHOULD REQUIRE THE OUTLAWS AT LAWRENCE AND ELSEWHERE TO SURRENDER THE SHARPS RIFLES ANOTHER WROTE ASKING HIM TO CALL OUT THE GOVERNMENT TROOPS AT FORT LEAVENWORTH
confirmation,test-clean,7729,M,102255,7729-102255-0017,15.11,16000,test-clean/7729/102255/7729-102255-0017.flac,SHERIFF JONES HAD HIS POCKETS ALWAYS FULL OF WRITS ISSUED IN THE SPIRIT OF PERSECUTION BUT WAS OFTEN BAFFLED BY THE SHARP WITS AND READY RESOURCES OF THE FREE STATE PEOPLE AND SOMETIMES DEFIED OUTRIGHT
confirmation,test-clean,7729,M,102255,7729-102255-0018,11.35,16000,test-clean/7729/102255/7729-102255-0018.flac,LITTLE BY LITTLE HOWEVER THE LATTER BECAME HEMMED AND BOUND IN THE MESHES OF THE VARIOUS DEVICES AND PROCEEDINGS WHICH THE TERRITORIAL OFFICIALS EVOLVED FROM THE BOGUS LAWS
confirmation,test-clean,7729,M,102255,7729-102255-0020,10.975,16000,test-clean/7729/102255/7729-102255-0020.flac,THE INCIDENT WAS NOT VIOLENT NOR EVEN DRAMATIC NO POSSE WAS SUMMONED NO FURTHER EFFORT MADE AND REEDER FEARING PERSONAL VIOLENCE SOON FLED IN DISGUISE
confirmation,test-clean,7729,M,102255,7729-102255-0021,7.93,16000,test-clean/7729/102255/7729-102255-0021.flac,BUT THE AFFAIR WAS MAGNIFIED AS A CROWNING PROOF THAT THE FREE STATE MEN WERE INSURRECTIONISTS AND OUTLAWS
confirmation,test-clean,7729,M,102255,7729-102255-0022,11.795,16000,test-clean/7729/102255/7729-102255-0022.flac,FROM THESE AGAIN SPRANG BARRICADED AND FORTIFIED DWELLINGS CAMPS AND SCOUTING PARTIES FINALLY CULMINATING IN ROVING GUERRILLA BANDS HALF PARTISAN HALF PREDATORY
confirmation,test-clean,7729,M,102255,7729-102255-0023,5.5,16000,test-clean/7729/102255/7729-102255-0023.flac,THEIR DISTINCTIVE CHARACTERS HOWEVER DISPLAY ONE BROAD AND UNFAILING DIFFERENCE
confirmation,test-clean,7729,M,102255,7729-102255-0026,15.06,16000,test-clean/7729/102255/7729-102255-0026.flac,IN THE SHOOTING OF SHERIFF JONES IN LAWRENCE AND IN THE REFUSAL OF EX GOVERNOR BEEDER TO ALLOW THE DEPUTY MARSHAL TO ARREST HIM THEY DISCOVERED GRAVE OFFENSES AGAINST THE TERRITORIAL AND UNITED STATES LAWS
confirmation,test-clean,7729,M,102255,7729-102255-0031,6.75,16000,test-clean/7729/102255/7729-102255-0031.flac,HE CONTINUED HIS PRETENDED SEARCH AND TO GIVE COLOR TO HIS ERRAND MADE TWO ARRESTS
confirmation,test-clean,7729,M,102255,7729-102255-0032,20.28,16000,test-clean/7729/102255/7729-102255-0032.flac,THE FREE STATE HOTEL A STONE BUILDING IN DIMENSIONS FIFTY BY SEVENTY FEET THREE STORIES HIGH AND HANDSOMELY FURNISHED PREVIOUSLY OCCUPIED ONLY FOR LODGING ROOMS ON THAT DAY FOR THE FIRST TIME OPENED ITS TABLE ACCOMMODATIONS TO THE PUBLIC AND PROVIDED A FREE DINNER IN HONOR OF THE OCCASION
confirmation,test-clean,7729,M,102255,7729-102255-0035,5.625,16000,test-clean/7729/102255/7729-102255-0035.flac,THE MILITARY FORCE PARTLY RABBLE PARTLY ORGANIZED HAD MEANWHILE MOVED INTO THE TOWN
confirmation,test-clean,7729,M,102255,7729-102255-0036,7.705,16000,test-clean/7729/102255/7729-102255-0036.flac,HE PLANTED A COMPANY BEFORE THE HOTEL AND DEMANDED A SURRENDER OF THE ARMS BELONGING TO THE FREE STATE MILITARY COMPANIES
confirmation,test-clean,7729,M,102255,7729-102255-0037,11.02,16000,test-clean/7729/102255/7729-102255-0037.flac,HALF AN HOUR LATER TURNING A DEAF EAR TO ALL REMONSTRANCE HE GAVE THE PROPRIETORS UNTIL FIVE O'CLOCK TO REMOVE THEIR FAMILIES AND PERSONAL PROPERTY FROM THE FREE STATE HOTEL
confirmation,test-clean,7729,M,102255,7729-102255-0038,7.92,16000,test-clean/7729/102255/7729-102255-0038.flac,ATCHISON WHO HAD BEEN HARANGUING THE MOB PLANTED HIS TWO GUNS BEFORE THE BUILDING AND TRAINED THEM UPON IT
confirmation,test-clean,7729,M,102255,7729-102255-0039,6.815,16000,test-clean/7729/102255/7729-102255-0039.flac,THE INMATES BEING REMOVED AT THE APPOINTED HOUR A FEW CANNON BALLS WERE FIRED THROUGH THE STONE WALLS
confirmation,test-clean,7729,M,102255,7729-102255-0040,11.76,16000,test-clean/7729/102255/7729-102255-0040.flac,IN THIS INCIDENT CONTRASTING THE CREATIVE AND THE DESTRUCTIVE SPIRIT OF THE FACTIONS THE EMIGRANT AID SOCIETY OF MASSACHUSETTS FINDS ITS MOST HONORABLE AND TRIUMPHANT VINDICATION
confirmation,test-clean,7729,M,102255,7729-102255-0041,12.415,16000,test-clean/7729/102255/7729-102255-0041.flac,THE WHOLE PROCEEDING WAS SO CHILDISH THE MISERABLE PLOT SO TRANSPARENT THE OUTRAGE SO GROSS AS TO BRING DISGUST TO THE BETTER CLASS OF BORDER RUFFIANS WHO WERE WITNESSES AND ACCESSORIES
confirmation,test-clean,7729,M,102255,7729-102255-0042,9.225,16000,test-clean/7729/102255/7729-102255-0042.flac,RELOCATED FOOTNOTE GOVERNOR ROBINSON BEING ON HIS WAY EAST THE STEAMBOAT ON WHICH HE WAS TRAVELING STOPPED AT LEXINGTON MISSOURI
confirmation,test-clean,7729,M,102255,7729-102255-0045,6.805,16000,test-clean/7729/102255/7729-102255-0045.flac,CAPTAIN MARTIN SAID I SHALL GIVE YOU A PISTOL TO HELP PROTECT YOURSELF IF WORSE COMES TO WORST
confirmation,test-clean,7729,M,102255,7729-102255-0046,19.945,16000,test-clean/7729/102255/7729-102255-0046.flac,IN THE EARLY MORNING OF THE NEXT DAY MAY TWENTY NINTH A COMPANY OF DRAGOONS WITH ONE EMPTY SADDLE CAME DOWN FROM THE FORT AND WHILE THE PRO SLAVERY MEN STILL SLEPT THE PRISONER AND HIS ESCORT WERE ON THEIR WAY ACROSS THE PRAIRIES TO LECOMPTON IN THE CHARGE OF OFFICERS OF THE UNITED STATES ARMY
confirmation,test-clean,8224,M,274381,8224-274381-0000,17.74,16000,test-clean/8224/274381/8224-274381-0000.flac,THOUGH THROWN INTO PRISON FOR THIS ENTERPRISE AND DETAINED SOME TIME HE WAS NOT DISCOURAGED BUT STILL CONTINUED BY HIS COUNTENANCE AND PROTECTION TO INFUSE SPIRIT INTO THE DISTRESSED ROYALISTS
confirmation,test-clean,8224,M,274381,8224-274381-0002,24.54,16000,test-clean/8224/274381/8224-274381-0002.flac,WHILE THE FORMER FORETOLD THAT THE SCOTTISH COVENANTERS WERE SECRETLY FORMING A UNION WITH THE ENGLISH PARLIAMENT AND INCULCATED THE NECESSITY OF PREVENTING THEM BY SOME VIGOROUS UNDERTAKING THE LATTER STILL INSISTED THAT EVERY SUCH ATTEMPT WOULD PRECIPITATE THEM INTO MEASURES TO WHICH OTHERWISE THEY WERE NOT PERHAPS INCLINED
confirmation,test-clean,8224,M,274381,8224-274381-0003,13.085,16000,test-clean/8224/274381/8224-274381-0003.flac,THE KING'S EARS WERE NOW OPEN TO MONTROSE'S COUNSELS WHO PROPOSED NONE BUT THE BOLDEST AND MOST DARING AGREEABLY TO THE DESPERATE STATE OF THE ROYAL CAUSE IN SCOTLAND
confirmation,test-clean,8224,M,274381,8224-274381-0004,21.255,16000,test-clean/8224/274381/8224-274381-0004.flac,FIVE HUNDRED MEN MORE WHO HAD BEEN LEVIED BY THE COVENANTERS WERE PERSUADED TO EMBRACE THE ROYAL CAUSE AND WITH THIS COMBINED FORCE HE HASTENED TO ATTACK LORD ELCHO WHO LAY AT PERTH WITH AN ARMY OF SIX THOUSAND MEN ASSEMBLED UPON THE FIRST NEWS OF THE IRISH INVASION
confirmation,test-clean,8224,M,274381,8224-274381-0006,16.98,16000,test-clean/8224/274381/8224-274381-0006.flac,THIS NOBLEMAN'S CHARACTER THOUGH CELEBRATED FOR POLITICAL COURAGE AND CONDUCT WAS VERY LOW FOR MILITARY PROWESS AND AFTER SOME SKIRMISHES IN WHICH HE WAS WORSTED HE HERE ALLOWED MONTROSE TO ESCAPE HIM
confirmation,test-clean,8224,M,274381,8224-274381-0008,20.98,16000,test-clean/8224/274381/8224-274381-0008.flac,WITH THESE AND SOME REENFORCEMENTS OF THE ATHOLEMEN AND MACDONALDS WHOM HE HAD RECALLED MONTROSE FELL SUDDENLY UPON ARGYLE'S COUNTRY AND LET LOOSE UPON IT ALL THE RAGE OF WAR CARRYING OFF THE CATTLE BURNING THE HOUSES AND PUTTING THE INHABITANTS TO THE SWORD
confirmation,test-clean,8224,M,274381,8224-274381-0009,28.41,16000,test-clean/8224/274381/8224-274381-0009.flac,THIS SEVERITY BY WHICH MONTROSE SULLIED HIS VICTORIES WAS THE RESULT OF PRIVATE ANIMOSITY AGAINST THE CHIEFTAIN AS MUCH AS OF ZEAL FOR THE PUBLIC CAUSE ARGYLE COLLECTING THREE THOUSAND MEN MARCHED IN QUEST OF THE ENEMY WHO HAD RETIRED WITH THEIR PLUNDER AND HE LAY AT INNERLOCHY SUPPOSING HIMSELF STILL AT A CONSIDERABLE DISTANCE FROM THEM
confirmation,test-clean,8224,M,274381,8224-274381-0011,6.48,16000,test-clean/8224/274381/8224-274381-0011.flac,HIS CONDUCT AND PRESENCE OF MIND IN THIS EMERGENCE APPEARED CONSPICUOUS
confirmation,test-clean,8224,M,274381,8224-274381-0012,19.885,16000,test-clean/8224/274381/8224-274381-0012.flac,MONTROSE WEAK IN CAVALRY HERE LINED HIS TROOPS OF HORSE WITH INFANTRY AND AFTER PUTTING THE ENEMY'S HORSE TO ROUT FELL WITH UNITED FORCE UPON THEIR FOOT WHO WERE ENTIRELY CUT IN PIECES THOUGH WITH THE LOSS OF THE GALLANT LORD GORDON ON THE PART OF THE ROYALISTS
confirmation,test-clean,8224,M,274381,8224-274381-0014,17.88,16000,test-clean/8224/274381/8224-274381-0014.flac,BESIDES MEMBERS OF PARLIAMENT WHO WERE EXCLUDED MANY OFFICERS UNWILLING TO SERVE UNDER THE NEW GENERALS THREW UP THEIR COMMISSIONS AND UNWARILY FACILITATED THE PROJECT OF PUTTING THE ARMY ENTIRELY INTO THE HANDS OF THAT FACTION
confirmation,test-clean,8224,M,274381,8224-274381-0016,27.525,16000,test-clean/8224/274381/8224-274381-0016.flac,VALOR INDEED WAS VERY GENERALLY DIFFUSED OVER THE ONE PARTY AS WELL AS THE OTHER DURING THIS PERIOD DISCIPLINE ALSO WAS ATTAINED BY THE FORCES OF THE PARLIAMENT BUT THE PERFECTION OF THE MILITARY ART IN CONCERTING THE GENERAL PLANS OF ACTION AND THE OPERATIONS OF THE FIELD SEEMS STILL ON BOTH SIDES TO HAVE BEEN IN A GREAT MEASURE WANTING
confirmation,test-clean,8224,M,274384,8224-274384-0000,7.605,16000,test-clean/8224/274384/8224-274384-0000.flac,HE PASSED THROUGH HENLEY SAINT ALBANS AND CAME SO NEAR TO LONDON AS HARROW ON THE HILL
confirmation,test-clean,8224,M,274384,8224-274384-0004,20.64,16000,test-clean/8224/274384/8224-274384-0004.flac,AND THE MEN OF ISRAEL ANSWERED THE MEN OF JUDAH AND SAID WE HAVE TEN PARTS IN THE KING AND WE HAVE ALSO MORE RIGHT IN DAVID THAN YE WHY THEN DID YE DESPISE US THAT OUR ADVICE SHOULD NOT BE FIRST HAD IN BRINGING BACK OUR KING
confirmation,test-clean,8224,M,274384,8224-274384-0006,6.81,16000,test-clean/8224/274384/8224-274384-0006.flac,THE KING STOOD UP AND CALLED FOR THAT PSALM WHICH BEGINS WITH THESE WORDS
confirmation,test-clean,8224,M,274384,8224-274384-0007,6.23,16000,test-clean/8224/274384/8224-274384-0007.flac,HAVE MERCY LORD ON ME I PRAY FOR MEN WOULD ME DEVOUR
confirmation,test-clean,8224,M,274384,8224-274384-0008,13.42,16000,test-clean/8224/274384/8224-274384-0008.flac,THE GOOD NATURED AUDIENCE IN PITY TO FALLEN MAJESTY SHOWED FOR ONCE GREATER DEFERENCE TO THE KING THAN TO THE MINISTER AND SUNG THE PSALM WHICH THE FORMER HAD CALLED FOR
confirmation,test-clean,8224,M,274384,8224-274384-0009,4.805,16000,test-clean/8224/274384/8224-274384-0009.flac,THE PARLIAMENT AND THE SCOTS LAID THEIR PROPOSALS BEFORE THE KING
confirmation,test-clean,8224,M,274384,8224-274384-0010,14.6,16000,test-clean/8224/274384/8224-274384-0010.flac,BEFORE THE SETTLEMENT OF TERMS THE ADMINISTRATION MUST BE POSSESSED ENTIRELY BY THE PARLIAMENTS OF BOTH KINGDOMS AND HOW INCOMPATIBLE THAT SCHEME WITH THE LIBERTY OF THE KING IS EASILY IMAGINED
confirmation,test-clean,8224,M,274384,8224-274384-0011,22.36,16000,test-clean/8224/274384/8224-274384-0011.flac,THE ENGLISH IT IS EVIDENT HAD THEY NOT BEEN PREVIOUSLY ASSURED OF RECEIVING THE KING WOULD NEVER HAVE PARTED WITH SO CONSIDERABLE A SUM AND WHILE THEY WEAKENED THEMSELVES BY THE SAME MEASURE HAVE STRENGTHENED A PEOPLE WITH WHOM THEY MUST AFTERWARDS HAVE SO MATERIAL AN INTEREST TO DISCUSS
confirmation,test-clean,8224,M,274384,8224-274384-0013,5.44,16000,test-clean/8224/274384/8224-274384-0013.flac,HIS DEATH IN THIS CONJUNCTURE WAS A PUBLIC MISFORTUNE
confirmation,test-clean,8230,M,279154,8230-279154-0001,17.38,16000,test-clean/8230/279154/8230-279154-0001.flac,WHAT IS CALLED PERCEPTION DIFFERS FROM SENSATION BY THE FACT THAT THE SENSATIONAL INGREDIENTS BRING UP HABITUAL ASSOCIATES IMAGES AND EXPECTATIONS OF THEIR USUAL CORRELATES ALL OF WHICH ARE SUBJECTIVELY INDISTINGUISHABLE FROM THE SENSATION
confirmation,test-clean,8230,M,279154,8230-279154-0002,16.475,16000,test-clean/8230/279154/8230-279154-0002.flac,WHETHER OR NOT THIS PRINCIPLE IS LIABLE TO EXCEPTIONS EVERYONE WOULD AGREE THAT IS HAS A BROAD MEASURE OF TRUTH THOUGH THE WORD EXACTLY MIGHT SEEM AN OVERSTATEMENT AND IT MIGHT SEEM MORE CORRECT TO SAY THAT IDEAS APPROXIMATELY REPRESENT IMPRESSIONS
confirmation,test-clean,8230,M,279154,8230-279154-0003,3.195,16000,test-clean/8230/279154/8230-279154-0003.flac,AND WHAT SORT OF EVIDENCE IS LOGICALLY POSSIBLE
confirmation,test-clean,8230,M,279154,8230-279154-0005,7.72,16000,test-clean/8230/279154/8230-279154-0005.flac,ALL THAT I AM DOING IS TO USE ITS LOGICAL TENABILITY AS A HELP IN THE ANALYSIS OF WHAT OCCURS WHEN WE REMEMBER
confirmation,test-clean,8230,M,279154,8230-279154-0007,15.905,16000,test-clean/8230/279154/8230-279154-0007.flac,HABIT IS A CONCEPT INVOLVING THE OCCURRENCE OF SIMILAR EVENTS AT DIFFERENT TIMES IF THE BEHAVIOURIST FEELS CONFIDENT THAT THERE IS SUCH A PHENOMENON AS HABIT THAT CAN ONLY BE BECAUSE HE TRUSTS HIS MEMORY WHEN IT ASSURES HIM THAT THERE HAVE BEEN OTHER TIMES
confirmation,test-clean,8230,M,279154,8230-279154-0008,3.62,16000,test-clean/8230/279154/8230-279154-0008.flac,BUT I DO NOT THINK SUCH AN INFERENCE IS WARRANTED
confirmation,test-clean,8230,M,279154,8230-279154-0009,16.91,16000,test-clean/8230/279154/8230-279154-0009.flac,OUR CONFIDENCE OR LACK OF CONFIDENCE IN THE ACCURACY OF A MEMORY IMAGE MUST IN FUNDAMENTAL CASES BE BASED UPON A CHARACTERISTIC OF THE IMAGE ITSELF SINCE WE CANNOT EVOKE THE PAST BODILY AND COMPARE IT WITH THE PRESENT IMAGE
confirmation,test-clean,8230,M,279154,8230-279154-0010,15.19,16000,test-clean/8230/279154/8230-279154-0010.flac,WE SOMETIMES HAVE IMAGES THAT ARE BY NO MEANS PECULIARLY VAGUE WHICH YET WE DO NOT TRUST FOR EXAMPLE UNDER THE INFLUENCE OF FATIGUE WE MAY SEE A FRIEND'S FACE VIVIDLY AND CLEARLY BUT HORRIBLY DISTORTED
confirmation,test-clean,8230,M,279154,8230-279154-0011,6.25,16000,test-clean/8230/279154/8230-279154-0011.flac,SOME IMAGES LIKE SOME SENSATIONS FEEL VERY FAMILIAR WHILE OTHERS FEEL STRANGE
confirmation,test-clean,8230,M,279154,8230-279154-0012,3.64,16000,test-clean/8230/279154/8230-279154-0012.flac,FAMILIARITY IS A FEELING CAPABLE OF DEGREES
confirmation,test-clean,8230,M,279154,8230-279154-0013,14.56,16000,test-clean/8230/279154/8230-279154-0013.flac,IN AN IMAGE OF A WELL KNOWN FACE FOR EXAMPLE SOME PARTS MAY FEEL MORE FAMILIAR THAN OTHERS WHEN THIS HAPPENS WE HAVE MORE BELIEF IN THE ACCURACY OF THE FAMILIAR PARTS THAN IN THAT OF THE UNFAMILIAR PARTS
confirmation,test-clean,8230,M,279154,8230-279154-0014,7.94,16000,test-clean/8230/279154/8230-279154-0014.flac,I COME NOW TO THE OTHER CHARACTERISTIC WHICH MEMORY IMAGES MUST HAVE IN ORDER TO ACCOUNT FOR OUR KNOWLEDGE OF THE PAST
confirmation,test-clean,8230,M,279154,8230-279154-0015,8.05,16000,test-clean/8230/279154/8230-279154-0015.flac,THEY MUST HAVE SOME CHARACTERISTIC WHICH MAKES US REGARD THEM AS REFERRING TO MORE OR LESS REMOTE PORTIONS OF THE PAST
confirmation,test-clean,8230,M,279154,8230-279154-0016,10.6,16000,test-clean/8230/279154/8230-279154-0016.flac,IN ACTUAL FACT THERE ARE DOUBTLESS VARIOUS FACTORS THAT CONCUR IN GIVING US THE FEELING OF GREATER OR LESS REMOTENESS IN SOME REMEMBERED EVENT
confirmation,test-clean,8230,M,279154,8230-279154-0017,7.93,16000,test-clean/8230/279154/8230-279154-0017.flac,THERE MAY BE A SPECIFIC FEELING WHICH COULD BE CALLED THE FEELING OF PASTNESS ESPECIALLY WHERE IMMEDIATE MEMORY IS CONCERNED
confirmation,test-clean,8230,M,279154,8230-279154-0018,11.845,16000,test-clean/8230/279154/8230-279154-0018.flac,THERE IS OF COURSE A DIFFERENCE BETWEEN KNOWING THE TEMPORAL RELATION OF A REMEMBERED EVENT TO THE PRESENT AND KNOWING THE TIME ORDER OF TWO REMEMBERED EVENTS
confirmation,test-clean,8230,M,279154,8230-279154-0019,18.145,16000,test-clean/8230/279154/8230-279154-0019.flac,IT WOULD SEEM THAT ONLY RATHER RECENT EVENTS CAN BE PLACED AT ALL ACCURATELY BY MEANS OF FEELINGS GIVING THEIR TEMPORAL RELATION TO THE PRESENT BUT IT IS CLEAR THAT SUCH FEELINGS MUST PLAY AN ESSENTIAL PART IN THE PROCESS OF DATING REMEMBERED EVENTS
confirmation,test-clean,8230,M,279154,8230-279154-0020,7.835,16000,test-clean/8230/279154/8230-279154-0020.flac,IF WE HAD RETAINED THE SUBJECT OR ACT IN KNOWLEDGE THE WHOLE PROBLEM OF MEMORY WOULD HAVE BEEN COMPARATIVELY SIMPLE
confirmation,test-clean,8230,M,279154,8230-279154-0022,6.44,16000,test-clean/8230/279154/8230-279154-0022.flac,SOME POINTS MAY BE TAKEN AS FIXED AND SUCH AS ANY THEORY OF MEMORY MUST ARRIVE AT
confirmation,test-clean,8230,M,279154,8230-279154-0026,9.3,16000,test-clean/8230/279154/8230-279154-0026.flac,THIS DISTINCTION IS VITAL TO THE UNDERSTANDING OF MEMORY BUT IT IS NOT SO EASY TO CARRY OUT IN PRACTICE AS IT IS TO DRAW IN THEORY
confirmation,test-clean,8230,M,279154,8230-279154-0028,11.56,16000,test-clean/8230/279154/8230-279154-0028.flac,I CAN SET TO WORK NOW TO REMEMBER THINGS I NEVER REMEMBERED BEFORE SUCH AS WHAT I HAD TO EAT FOR BREAKFAST THIS MORNING AND IT CAN HARDLY BE WHOLLY HABIT THAT ENABLES ME TO DO THIS
confirmation,test-clean,8230,M,279154,8230-279154-0029,8.54,16000,test-clean/8230/279154/8230-279154-0029.flac,THE FACT THAT A MAN CAN RECITE A POEM DOES NOT SHOW THAT HE REMEMBERS ANY PREVIOUS OCCASION ON WHICH HE HAS RECITED OR READ IT
confirmation,test-clean,8230,M,279154,8230-279154-0031,12.665,16000,test-clean/8230/279154/8230-279154-0031.flac,THEY GIVE LAWS ACCORDING TO WHICH IMAGES OF PAST OCCURRENCES COME INTO OUR MINDS BUT DO NOT DISCUSS OUR BELIEF THAT THESE IMAGES REFER TO PAST OCCURRENCES WHICH IS WHAT CONSTITUTES KNOWLEDGE MEMORY
confirmation,test-clean,8230,M,279154,8230-279154-0033,11.69,16000,test-clean/8230/279154/8230-279154-0033.flac,IT IS BY NO MEANS ALWAYS RELIABLE ALMOST EVERYBODY HAS AT SOME TIME EXPERIENCED THE WELL KNOWN ILLUSION THAT ALL THAT IS HAPPENING NOW HAPPENED BEFORE AT SOME TIME
confirmation,test-clean,8230,M,279154,8230-279154-0034,14.51,16000,test-clean/8230/279154/8230-279154-0034.flac,WHENEVER THE SENSE OF FAMILIARITY OCCURS WITHOUT A DEFINITE OBJECT IT LEADS US TO SEARCH THE ENVIRONMENT UNTIL WE ARE SATISFIED THAT WE HAVE FOUND THE APPROPRIATE OBJECT WHICH LEADS US TO THE JUDGMENT THIS IS FAMILIAR
confirmation,test-clean,8230,M,279154,8230-279154-0036,3.235,16000,test-clean/8230/279154/8230-279154-0036.flac,A FURTHER STAGE IS RECOGNITION
confirmation,test-clean,8230,M,279154,8230-279154-0038,22.49,16000,test-clean/8230/279154/8230-279154-0038.flac,WE ARE OF COURSE IN FACT ABLE TO JUDGE WHEN WE RECOGNIZE AN OBJECT THAT WE HAVE SEEN IT BEFORE BUT THIS JUDGMENT IS SOMETHING OVER AND ABOVE RECOGNITION IN THIS FIRST SENSE AND MAY VERY PROBABLY BE IMPOSSIBLE TO ANIMALS THAT NEVERTHELESS HAVE THE EXPERIENCE OF RECOGNITION IN THIS FIRST SENSE OF THE WORD
confirmation,test-clean,8230,M,279154,8230-279154-0041,14.945,16000,test-clean/8230/279154/8230-279154-0041.flac,THE DEFINITION OF MY EXPERIENCE IS DIFFICULT BROADLY SPEAKING IT IS EVERYTHING THAT IS CONNECTED WITH WHAT I AM EXPERIENCING NOW BY CERTAIN LINKS OF WHICH THE VARIOUS FORMS OF MEMORY ARE AMONG THE MOST IMPORTANT
confirmation,test-clean,8230,M,279154,8230-279154-0042,18.76,16000,test-clean/8230/279154/8230-279154-0042.flac,THUS IF I RECOGNIZE A THING THE OCCASION OF ITS PREVIOUS EXISTENCE IN VIRTUE OF WHICH I RECOGNIZE IT FORMS PART OF MY EXPERIENCE BY DEFINITION RECOGNITION WILL BE ONE OF THE MARKS BY WHICH MY EXPERIENCE IS SINGLED OUT FROM THE REST OF THE WORLD
confirmation,test-clean,8230,M,279154,8230-279154-0043,24.485,16000,test-clean/8230/279154/8230-279154-0043.flac,OF COURSE THE WORDS THIS HAS EXISTED BEFORE ARE A VERY INADEQUATE TRANSLATION OF WHAT ACTUALLY HAPPENS WHEN WE FORM A JUDGMENT OF RECOGNITION BUT THAT IS UNAVOIDABLE WORDS ARE FRAMED TO EXPRESS A LEVEL OF THOUGHT WHICH IS BY NO MEANS PRIMITIVE AND ARE QUITE INCAPABLE OF EXPRESSING SUCH AN ELEMENTARY OCCURRENCE AS RECOGNITION
confirmation,test-clean,8455,M,210777,8455-210777-0004,7.84,16000,test-clean/8455/210777/8455-210777-0004.flac,I HAVE COME TO YOUR SHORES MISTER PRESIDENT WITH THE PURPOSE OF SEEING HOW THINGS ARE PROGRESSING IN THIS DISTANT QUARTER OF THE WORLD
confirmation,test-clean,8455,M,210777,8455-210777-0006,4.52,16000,test-clean/8455/210777/8455-210777-0006.flac,WE ARE QUITE SATISFIED NOW CAPTAIN BATTLEAX SAID MY WIFE
confirmation,test-clean,8455,M,210777,8455-210777-0007,2.67,16000,test-clean/8455/210777/8455-210777-0007.flac,QUITE SATISFIED SAID EVA
confirmation,test-clean,8455,M,210777,8455-210777-0008,11.835,16000,test-clean/8455/210777/8455-210777-0008.flac,THE LADIES IN COMPLIANCE WITH THAT SOFTNESS OF HEART WHICH IS THEIR CHARACTERISTIC ARE ON ONE SIDE AND THE MEN BY WHOM THE WORLD HAS TO BE MANAGED ARE ON THE OTHER
confirmation,test-clean,8455,M,210777,8455-210777-0009,4.58,16000,test-clean/8455/210777/8455-210777-0009.flac,NO DOUBT IN PROCESS OF TIME THE LADIES WILL FOLLOW
confirmation,test-clean,8455,M,210777,8455-210777-0010,3.1,16000,test-clean/8455/210777/8455-210777-0010.flac,THEIR MASTERS SAID MISSUS NEVERBEND
confirmation,test-clean,8455,M,210777,8455-210777-0011,6.63,16000,test-clean/8455/210777/8455-210777-0011.flac,I DID NOT MEAN SAID CAPTAIN BATTLEAX TO TOUCH UPON PUBLIC SUBJECTS AT SUCH A MOMENT AS THIS
confirmation,test-clean,8455,M,210777,8455-210777-0012,3.525,16000,test-clean/8455/210777/8455-210777-0012.flac,MISSUS NEVERBEND YOU MUST INDEED BE PROUD OF YOUR SON
confirmation,test-clean,8455,M,210777,8455-210777-0025,3.63,16000,test-clean/8455/210777/8455-210777-0025.flac,WHAT COULD I DO NOW BUT JUST LAY MYSELF DOWN AND DIE
confirmation,test-clean,8455,M,210777,8455-210777-0029,3.085,16000,test-clean/8455/210777/8455-210777-0029.flac,THINKING OF ALL THIS I WENT TO SLEEP
confirmation,test-clean,8455,M,210777,8455-210777-0033,7.51,16000,test-clean/8455/210777/8455-210777-0033.flac,BUT YOUR POWER IS SO SUPERIOR TO ANY THAT I CAN ADVANCE AS TO MAKE US HERE FEEL THAT THERE IS NO DISGRACE IN YIELDING TO IT
confirmation,test-clean,8455,M,210777,8455-210777-0039,5.59,16000,test-clean/8455/210777/8455-210777-0039.flac,I CAN ASSURE YOU HE HAS NOT EVEN ALLOWED ME TO SEE THE TRIGGER SINCE I HAVE BEEN ON BOARD
confirmation,test-clean,8455,M,210777,8455-210777-0040,6.195,16000,test-clean/8455/210777/8455-210777-0040.flac,THEN SAID SIR FERDINANDO THERE IS NOTHING FOR IT BUT THAT HE MUST TAKE YOU WITH HIM
confirmation,test-clean,8455,M,210777,8455-210777-0041,6.37,16000,test-clean/8455/210777/8455-210777-0041.flac,THERE CAME UPON ME A SUDDEN SHOCK WHEN I HEARD THESE WORDS WHICH EXCEEDED ANYTHING WHICH I HAD YET FELT
confirmation,test-clean,8455,M,210777,8455-210777-0042,4.78,16000,test-clean/8455/210777/8455-210777-0042.flac,YOU HEAR WHAT SIR FERDINANDO BROWN HAS SAID REPLIED CAPTAIN BATTLEAX
confirmation,test-clean,8455,M,210777,8455-210777-0043,3.145,16000,test-clean/8455/210777/8455-210777-0043.flac,BUT WHAT IS THE DELICATE MISSION I ASKED
confirmation,test-clean,8455,M,210777,8455-210777-0044,7.17,16000,test-clean/8455/210777/8455-210777-0044.flac,I WAS TO BE TAKEN AWAY AND CARRIED TO ENGLAND OR ELSEWHERE OR DROWNED UPON THE VOYAGE IT MATTERED NOT WHICH
confirmation,test-clean,8455,M,210777,8455-210777-0047,2.54,16000,test-clean/8455/210777/8455-210777-0047.flac,YOU PROPOSE TO KIDNAP ME I SAID
confirmation,test-clean,8455,M,210777,8455-210777-0048,3.43,16000,test-clean/8455/210777/8455-210777-0048.flac,WHAT WOULD BECOME OF YOUR GUN WERE I TO KIDNAP YOU
confirmation,test-clean,8455,M,210777,8455-210777-0050,3.945,16000,test-clean/8455/210777/8455-210777-0050.flac,ONE OF US ALWAYS REMAINS ON BOARD WHILE THE OTHER IS ON SHORE
confirmation,test-clean,8455,M,210777,8455-210777-0052,4.94,16000,test-clean/8455/210777/8455-210777-0052.flac,YOU WILL ALLOW ME TO SUGGEST SAID HE THAT THAT IS A MATTER OF OPINION
confirmation,test-clean,8455,M,210777,8455-210777-0053,6.955,16000,test-clean/8455/210777/8455-210777-0053.flac,WERE I TO COMPLY WITH YOUR ORDERS WITHOUT EXPRESSING MY OWN OPINION I SHOULD SEEM TO HAVE DONE SO WILLINGLY HEREAFTER
confirmation,test-clean,8455,M,210777,8455-210777-0055,9.555,16000,test-clean/8455/210777/8455-210777-0055.flac,SIR I HAVE IT IN COMMAND TO INFORM YOUR EXCELLENCY THAT YOU HAVE BEEN APPOINTED GOVERNOR OF THE CROWN COLONY WHICH IS CALLED BRITANNULA
confirmation,test-clean,8455,M,210777,8455-210777-0056,5.545,16000,test-clean/8455/210777/8455-210777-0056.flac,THE PECULIAR CIRCUMSTANCES OF THE COLONY ARE WITHIN YOUR EXCELLENCY'S KNOWLEDGE
confirmation,test-clean,8455,M,210777,8455-210777-0060,7.075,16000,test-clean/8455/210777/8455-210777-0060.flac,THE JOHN BRIGHT IS ARMED WITH A WEAPON OF GREAT POWER AGAINST WHICH IT IS IMPOSSIBLE THAT THE PEOPLE OF BRITANNULA SHOULD PREVAIL
confirmation,test-clean,8455,M,210777,8455-210777-0061,15.645,16000,test-clean/8455/210777/8455-210777-0061.flac,YOU WILL CARRY OUT WITH YOU ONE HUNDRED MEN OF THE NORTH NORTH WEST BIRMINGHAM REGIMENT WHICH WILL PROBABLY SUFFICE FOR YOUR OWN SECURITY AS IT IS THOUGHT THAT IF MISTER NEVERBEND BE WITHDRAWN THE PEOPLE WILL REVERT EASILY TO THEIR OLD HABITS OF OBEDIENCE
confirmation,test-clean,8455,M,210777,8455-210777-0062,3.05,16000,test-clean/8455/210777/8455-210777-0062.flac,WHEN DO YOU INTEND THAT THE JOHN BRIGHT SHALL START
confirmation,test-clean,8455,M,210777,8455-210777-0063,2.26,16000,test-clean/8455/210777/8455-210777-0063.flac,TO DAY I SHOUTED
confirmation,test-clean,8455,M,210777,8455-210777-0066,2.76,16000,test-clean/8455/210777/8455-210777-0066.flac,THEY OF COURSE MUST ALL BE ALTERED
confirmation,test-clean,8455,M,210777,8455-210777-0070,5.945,16000,test-clean/8455/210777/8455-210777-0070.flac,AND THIS PLAN WAS ADOPTED TOO IN ORDER TO EXTRACT FROM ME A PROMISE THAT I WOULD DEPART IN PEACE
confirmation,test-clean,8463,F,287645,8463-287645-0000,4.73,16000,test-clean/8463/287645/8463-287645-0000.flac,THIS WAS WHAT DID THE MISCHIEF SO FAR AS THE RUNNING AWAY WAS CONCERNED
confirmation,test-clean,8463,F,287645,8463-287645-0003,7.905,16000,test-clean/8463/287645/8463-287645-0003.flac,OF THIS PARTY EDWARD A BOY OF SEVENTEEN CALLED FORTH MUCH SYMPATHY HE TOO WAS CLAIMED BY HOLLAN
confirmation,test-clean,8463,F,287645,8463-287645-0004,6.1,16000,test-clean/8463/287645/8463-287645-0004.flac,JOHN WESLEY COMBASH JACOB TAYLOR AND THOMAS EDWARD SKINNER
confirmation,test-clean,8463,F,287645,8463-287645-0005,15.975,16000,test-clean/8463/287645/8463-287645-0005.flac,A FEW YEARS BACK ONE OF THEIR SLAVES A COACHMAN WAS KEPT ON THE COACH BOX ONE COLD NIGHT WHEN THEY WERE OUT AT A BALL UNTIL HE BECAME ALMOST FROZEN TO DEATH IN FACT HE DID DIE IN THE INFIRMARY FROM THE EFFECTS OF THE FROST ABOUT ONE WEEK AFTERWARDS
confirmation,test-clean,8463,F,287645,8463-287645-0008,3.325,16000,test-clean/8463/287645/8463-287645-0008.flac,AS USUAL NOTHING WAS DONE IN THE WAY OF PUNISHMENT
confirmation,test-clean,8463,F,287645,8463-287645-0010,4.325,16000,test-clean/8463/287645/8463-287645-0010.flac,HE WORKED ME VERY HARD HE WANTED TO BE BEATING ME ALL THE TIME
confirmation,test-clean,8463,F,287645,8463-287645-0013,6.665,16000,test-clean/8463/287645/8463-287645-0013.flac,AS TO HIS AGE AND ALSO THE NAME OF HIS MASTER JACOB'S STATEMENT VARIED SOMEWHAT FROM THE ADVERTISEMENT
confirmation,test-clean,8463,F,287645,8463-287645-0014,3.02,16000,test-clean/8463/287645/8463-287645-0014.flac,OF STARTING I DIDN'T KNOW THE WAY TO COME
confirmation,test-clean,8463,F,294825,8463-294825-0005,7.7,16000,test-clean/8463/294825/8463-294825-0005.flac,OTHER SUBTLETIES OCCUR INSIDE EACH EPISODE THE TEXTURES SPARKLING WITH WIT INFORMATION AND INSIGHT
confirmation,test-clean,8463,F,294825,8463-294825-0007,21.05,16000,test-clean/8463/294825/8463-294825-0007.flac,EVEN THE SUPPORTING CAST IS SHREWDLY DRAWN PROFESSOR ARONNAX THE CAREER SCIENTIST CAUGHT IN AN ETHICAL CONFLICT CONSEIL THE COMPULSIVE CLASSIFIER WHO SUPPLIES HUMOROUS TAG LINES FOR VERNE'S FAST FACTS THE HARPOONER NED LAND A CREATURE OF CONSTANT APPETITES MAN AS HEROIC ANIMAL
confirmation,test-clean,8463,F,294825,8463-294825-0010,4.5800625,16000,test-clean/8463/294825/8463-294825-0010.flac,AND IN THIS LAST ACTION HE FALLS INTO THE CLASSIC SIN OF PRIDE
confirmation,test-clean,8463,F,294825,8463-294825-0013,17.64,16000,test-clean/8463/294825/8463-294825-0013.flac,FOR MANY THEN THIS BOOK HAS BEEN A SOURCE OF FASCINATION SURELY ONE OF THE MOST INFLUENTIAL NOVELS EVER WRITTEN AN INSPIRATION FOR SUCH SCIENTISTS AND DISCOVERERS AS ENGINEER SIMON LAKE OCEANOGRAPHER WILLIAM BEEBE POLAR TRAVELER SIR ERNEST SHACKLETON
confirmation,test-clean,8463,F,294825,8463-294825-0014,2.415,16000,test-clean/8463/294825/8463-294825-0014.flac,FATHOM SIX FEET
confirmation,test-clean,8463,F,294825,8463-294825-0015,3.25,16000,test-clean/8463/294825/8463-294825-0015.flac,GRAM ROUGHLY ONE TWENTY EIGHTH OF AN OUNCE
confirmation,test-clean,8463,F,294825,8463-294825-0017,2.35,16000,test-clean/8463/294825/8463-294825-0017.flac,LITER ROUGHLY ONE QUART
confirmation,test-clean,8463,F,294825,8463-294825-0018,2.935,16000,test-clean/8463/294825/8463-294825-0018.flac,METER ROUGHLY ONE YARD THREE INCHES
confirmation,test-clean,8463,F,294828,8463-294828-0004,2.34,16000,test-clean/8463/294828/8463-294828-0004.flac,BUT NOW NOTHING COULD HOLD ME BACK
confirmation,test-clean,8463,F,294828,8463-294828-0005,2.44,16000,test-clean/8463/294828/8463-294828-0005.flac,CONSEIL WAS MY MANSERVANT
confirmation,test-clean,8463,F,294828,8463-294828-0006,7.32,16000,test-clean/8463/294828/8463-294828-0006.flac,FROM RUBBING SHOULDERS WITH SCIENTISTS IN OUR LITTLE UNIVERSE BY THE BOTANICAL GARDENS THE BOY HAD COME TO KNOW A THING OR TWO
confirmation,test-clean,8463,F,294828,8463-294828-0007,12.96,16000,test-clean/8463/294828/8463-294828-0007.flac,CLASSIFYING WAS EVERYTHING TO HIM SO HE KNEW NOTHING ELSE WELL VERSED IN THE THEORY OF CLASSIFICATION HE WAS POORLY VERSED IN ITS PRACTICAL APPLICATION AND I DOUBT THAT HE COULD TELL A SPERM WHALE FROM A BALEEN WHALE
confirmation,test-clean,8463,F,294828,8463-294828-0012,4.905,16000,test-clean/8463/294828/8463-294828-0012.flac,PLEASE FORGIVE ME FOR THIS UNDERHANDED WAY OF ADMITTING I HAD TURNED FORTY
confirmation,test-clean,8463,F,294828,8463-294828-0017,9.3,16000,test-clean/8463/294828/8463-294828-0017.flac,PACK AS MUCH INTO MY TRUNK AS YOU CAN MY TRAVELING KIT MY SUITS SHIRTS AND SOCKS DON'T BOTHER COUNTING JUST SQUEEZE IT ALL IN AND HURRY
confirmation,test-clean,8463,F,294828,8463-294828-0022,2.355,16000,test-clean/8463/294828/8463-294828-0022.flac,WE'RE LEAVING ON THE ABRAHAM LINCOLN
confirmation,test-clean,8463,F,294828,8463-294828-0028,7.915,16000,test-clean/8463/294828/8463-294828-0028.flac,I OPENED A LINE OF CREDIT SUFFICIENT TO COVER THE BABIRUSA AND CONSEIL AT MY HEELS I JUMPED INTO A CARRIAGE
confirmation,test-clean,8463,F,294828,8463-294828-0029,5.285,16000,test-clean/8463/294828/8463-294828-0029.flac,OUR BAGGAGE WAS IMMEDIATELY CARRIED TO THE DECK OF THE FRIGATE I RUSHED ABOARD
confirmation,test-clean,8463,F,294828,8463-294828-0030,2.695,16000,test-clean/8463/294828/8463-294828-0030.flac,I ASKED FOR COMMANDER FARRAGUT
confirmation,test-clean,8463,F,294828,8463-294828-0031,7.765,16000,test-clean/8463/294828/8463-294828-0031.flac,ONE OF THE SAILORS LED ME TO THE AFTERDECK WHERE I STOOD IN THE PRESENCE OF A SMART LOOKING OFFICER WHO EXTENDED HIS HAND TO ME
confirmation,test-clean,8463,F,294828,8463-294828-0033,6.365,16000,test-clean/8463/294828/8463-294828-0033.flac,I WAS WELL SATISFIED WITH MY CABIN WHICH WAS LOCATED IN THE STERN AND OPENED INTO THE OFFICERS MESS
confirmation,test-clean,8463,F,294828,8463-294828-0034,3.505,16000,test-clean/8463/294828/8463-294828-0034.flac,WE'LL BE QUITE COMFORTABLE HERE I TOLD CONSEIL
confirmation,test-clean,8463,F,294828,8463-294828-0035,14.955,16000,test-clean/8463/294828/8463-294828-0035.flac,AND SO IF I'D BEEN DELAYED BY A QUARTER OF AN HOUR OR EVEN LESS THE FRIGATE WOULD HAVE GONE WITHOUT ME AND I WOULD HAVE MISSED OUT ON THIS UNEARTHLY EXTRAORDINARY AND INCONCEIVABLE EXPEDITION WHOSE TRUE STORY MIGHT WELL MEET WITH SOME SKEPTICISM
confirmation,test-clean,8555,F,284447,8555-284447-0000,9.605,16000,test-clean/8555/284447/8555-284447-0000.flac,THEN HE RUSHED DOWN STAIRS INTO THE COURTYARD SHOUTING LOUDLY FOR HIS SOLDIERS AND THREATENING TO PATCH EVERYBODY IN HIS DOMINIONS IF THE SAILORMAN WAS NOT RECAPTURED
confirmation,test-clean,8555,F,284447,8555-284447-0004,5.485,16000,test-clean/8555/284447/8555-284447-0004.flac,AS SOON AS THEY ENTERED THE ROOM OF THE GREAT KNIFE THE BOOLOOROO GAVE A YELL OF DISAPPOINTMENT
confirmation,test-clean,8555,F,284447,8555-284447-0005,6.83,16000,test-clean/8555/284447/8555-284447-0005.flac,THE ROOM OF THE GREAT KNIFE WAS HIGH AND BIG AND AROUND IT RAN ROWS OF BENCHES FOR THE SPECTATORS TO SIT UPON
confirmation,test-clean,8555,F,284447,8555-284447-0006,12.955,16000,test-clean/8555/284447/8555-284447-0006.flac,IN ONE PLACE AT THE HEAD OF THE ROOM WAS A RAISED PLATFORM FOR THE ROYAL FAMILY WITH ELEGANT THRONE CHAIRS FOR THE KING AND QUEEN AND SIX SMALLER BUT RICHLY UPHOLSTERED CHAIRS FOR THE SNUBNOSED PRINCESSES
confirmation,test-clean,8555,F,284447,8555-284447-0008,8.39,16000,test-clean/8555/284447/8555-284447-0008.flac,RICH JEWELS OF BLUE STONES GLITTERED UPON THEIR PERSONS AND THE ROYAL LADIES WERE FULLY AS GORGEOUS AS THEY WERE HAUGHTY AND OVERBEARING
confirmation,test-clean,8555,F,284447,8555-284447-0018,5.46,16000,test-clean/8555/284447/8555-284447-0018.flac,AT ONCE THE GOAT GAVE A LEAP ESCAPED FROM THE SOLDIERS AND WITH BOWED HEAD RUSHED UPON THE BOOLOOROO
confirmation,test-clean,8555,F,284447,8555-284447-0022,3.56,16000,test-clean/8555/284447/8555-284447-0022.flac,I HAD A NOTION IT WAS YOU MATE AS SAVED ME FROM THE KNIFE
confirmation,test-clean,8555,F,284449,8555-284449-0005,2.555,16000,test-clean/8555/284449/8555-284449-0005.flac,WHEN HE FINISHED SHE SAID CHEERFULLY
confirmation,test-clean,8555,F,284449,8555-284449-0006,3.92,16000,test-clean/8555/284449/8555-284449-0006.flac,DON'T WORRY SIZZLE DEAR IT'LL ALL COME RIGHT PRETTY SOON
confirmation,test-clean,8555,F,284449,8555-284449-0007,9.31,16000,test-clean/8555/284449/8555-284449-0007.flac,NOW THEN LET'S ENTER THE CITY AN ENJOY THE GRAND FEAST THAT'S BEING COOKED I'M NEARLY STARVED MYSELF FOR THIS CONQUERIN KINGDOMS IS HARD WORK
confirmation,test-clean,8555,F,284449,8555-284449-0008,6.135,16000,test-clean/8555/284449/8555-284449-0008.flac,THEN SHE GAVE ROSALIE BACK HER MAGIC RING THANKING THE KIND WITCH FOR ALL SHE HAD DONE FOR THEM
confirmation,test-clean,8555,F,284449,8555-284449-0009,3.27,16000,test-clean/8555/284449/8555-284449-0009.flac,YOU ARE MATE REPLIED THE SAILOR
confirmation,test-clean,8555,F,284449,8555-284449-0010,2.51,16000,test-clean/8555/284449/8555-284449-0010.flac,IT WILL BE SUCH A SATISFACTION
confirmation,test-clean,8555,F,284449,8555-284449-0011,16.52,16000,test-clean/8555/284449/8555-284449-0011.flac,THE GUARDS HAD A TERRIBLE STRUGGLE WITH THE GOAT WHICH WAS LOOSE IN THE ROOM AND STILL WANTED TO FIGHT BUT FINALLY THEY SUBDUED THE ANIMAL AND THEN THEY TOOK THE BOOLOOROO OUT OF THE FRAME HE WAS TIED IN AND BROUGHT BOTH HIM AND THE GOAT BEFORE QUEEN TROT WHO AWAITED THEM IN THE THRONE ROOM OF THE PALACE
confirmation,test-clean,8555,F,284449,8555-284449-0013,5.775,16000,test-clean/8555/284449/8555-284449-0013.flac,SCUSE ME SAID TROT I NEGLECTED TO TELL YOU THAT YOU'RE NOT THE BOOLOOROO ANY MORE
confirmation,test-clean,8555,F,284449,8555-284449-0015,5.12,16000,test-clean/8555/284449/8555-284449-0015.flac,I'LL NOT BE WICKED ANY MORE SIGHED THE OLD BOOLOOROO I'LL REFORM
confirmation,test-clean,8555,F,284449,8555-284449-0016,5.895,16000,test-clean/8555/284449/8555-284449-0016.flac,AS A PRIVATE CITIZEN I SHALL BE A MODEL OF DEPORTMENT BECAUSE IT WOULD BE DANGEROUS TO BE OTHERWISE
confirmation,test-clean,8555,F,284449,8555-284449-0017,13.335,16000,test-clean/8555/284449/8555-284449-0017.flac,WHEN FIRST THEY ENTERED THE THRONE ROOM THEY TRIED TO BE AS HAUGHTY AND SCORNFUL AS EVER BUT THE BLUES WHO WERE ASSEMBLED THERE ALL LAUGHED AT THEM AND JEERED THEM FOR THERE WAS NOT A SINGLE PERSON IN ALL THE BLUE COUNTRY WHO LOVED THE PRINCESSES THE LEAST LITTLE BIT
confirmation,test-clean,8555,F,284449,8555-284449-0020,5.095,16000,test-clean/8555/284449/8555-284449-0020.flac,THE COMBINED BANDS OF BOTH THE COUNTRIES PLAYED THE MUSIC AND A FINE SUPPER WAS SERVED
confirmation,test-clean,8555,F,292519,8555-292519-0001,20.82,16000,test-clean/8555/292519/8555-292519-0001.flac,GUIDED BY YOU HOW WE MIGHT STROLL TOWARDS DEATH OUR ONLY MUSIC ONE ANOTHER'S BREATH THROUGH GARDENS INTIMATE WITH HOLLYHOCKS WHERE SILENT POPPIES BURN BETWEEN THE ROCKS BY POOLS WHERE BIRCHES BEND TO CONFIDANTS ABOVE GREEN WATERS SCUMMED WITH LILY PLANTS
confirmation,test-clean,8555,F,292519,8555-292519-0002,1.81,16000,test-clean/8555/292519/8555-292519-0002.flac,VENICE
confirmation,test-clean,8555,F,292519,8555-292519-0004,3.245,16000,test-clean/8555/292519/8555-292519-0004.flac,THE PITY THAT WE MUST COME AND GO
confirmation,test-clean,8555,F,292519,8555-292519-0006,10.18,16000,test-clean/8555/292519/8555-292519-0006.flac,THE PLEASANT GRAVEYARD OF MY SOUL WITH SENTIMENTAL CYPRESS TREES AND FLOWERS IS FILLED THAT I MAY STROLL IN MEDITATION AT MY EASE
confirmation,test-clean,8555,F,292519,8555-292519-0007,8.405,16000,test-clean/8555/292519/8555-292519-0007.flac,IT IS MY HEART HUNG IN THE SKY AND NO CLOUDS EVER FLOAT BETWEEN THE GRAVE FLOWERS AND MY HEART ON HIGH
confirmation,test-clean,8555,F,292519,8555-292519-0009,17.965,16000,test-clean/8555/292519/8555-292519-0009.flac,HO YE SAILS THAT SEEM TO WANDER IN DREAM FILLED MEADOWS SAY IS THE SHORE WHERE I STAND THE ONLY FIELD OF STRUGGLE OR ARE YE HIT AND BATTERED OUT THERE BY WAVES AND WIND GUSTS AS YE TACK OVER A CLASHING SEA OF WATERY ECHOES
confirmation,test-clean,8555,F,292519,8555-292519-0011,3.08,16000,test-clean/8555/292519/8555-292519-0011.flac,HE HAD GOT INTO HER COURTYARD
confirmation,test-clean,8555,F,292519,8555-292519-0012,5.17,16000,test-clean/8555/292519/8555-292519-0012.flac,THROUGH THE BLACK NIGHT RAIN HE SANG TO HER WINDOW BARS
confirmation,test-clean,8555,F,292519,8555-292519-0013,4.185,16000,test-clean/8555/292519/8555-292519-0013.flac,THAT WAS BUT RUSTLING OF DRIPPING PLANTS IN THE DARK
confirmation,test-clean,8555,F,292519,8555-292519-0014,2.435,16000,test-clean/8555/292519/8555-292519-0014.flac,SHE WAS ALONE THAT NIGHT
confirmation,test-clean,8555,F,292519,8555-292519-0015,2.85,16000,test-clean/8555/292519/8555-292519-0015.flac,HE HAD BROKEN INTO HER COURTYARD
confirmation,test-other,367,F,130732,367-130732-0000,2.365,16000,test-other/367/130732/367-130732-0000.flac,LOBSTERS AND LOBSTERS
confirmation,test-other,367,F,130732,367-130732-0003,15.005,16000,test-other/367/130732/367-130732-0003.flac,THE PACIFIC CRAYFISH HOWEVER SERVES EVERY PURPOSE AND WHILE MANY CONTEND THAT ITS MEAT IS NOT SO DELICATE IN FLAVOR AS THAT OF ITS EASTERN COUSIN THE CALIFORNIAN WILL AS STRENUOUSLY INSIST THAT IT IS BETTER BUT OF COURSE SOMETHING MUST ALWAYS BE ALLOWED FOR THE PATRIOTISM OF THE CALIFORNIAN
confirmation,test-other,367,F,130732,367-130732-0006,2.35,16000,test-other/367/130732/367-130732-0006.flac,LOBSTER A LA NEWBERG
confirmation,test-other,367,F,130732,367-130732-0009,3.765,16000,test-other/367/130732/367-130732-0009.flac,SERVE IN A CHAFING DISH WITH THIN SLICES OF DRY TOAST
confirmation,test-other,367,F,130732,367-130732-0011,5.71,16000,test-other/367/130732/367-130732-0011.flac,ONE HAS TO COME TO SAN FRANCISCO TO PARTAKE OF THE KING OF SHELL FISH THE MAMMOTH PACIFIC CRAB
confirmation,test-other,367,F,130732,367-130732-0012,8.44,16000,test-other/367/130732/367-130732-0012.flac,I SAY COME TO SAN FRANCISCO ADVISEDLY FOR WHILE THE CRAB IS FOUND ALL ALONG THE COAST IT IS PREPARED NOWHERE SO DELICIOUSLY AS IN SAN FRANCISCO
confirmation,test-other,367,F,130732,367-130732-0013,8.7,16000,test-other/367/130732/367-130732-0013.flac,GOBEY'S PASSED WITH THE FIRE AND THE LITTLE RESTAURANT BEARING HIS NAME AND IN CHARGE OF HIS WIDOW IN UNION SQUARE AVENUE HAS NOT ATTAINED THE FAME OF THE OLD PLACE
confirmation,test-other,367,F,130732,367-130732-0014,8.61,16000,test-other/367/130732/367-130732-0014.flac,IT IS POSSIBLE THAT SHE KNOWS THE SECRET OF PREPARING CRAB AS IT WAS PREPARED IN THE GOBEY'S OF BEFORE THE FIRE BUT HIS PRESTIGE DID NOT DESCEND TO HER
confirmation,test-other,367,F,130732,367-130732-0016,4.69,16000,test-other/367/130732/367-130732-0016.flac,TAKE THE MEAT OF ONE LARGE CRAB SCRAPING OUT ALL OF THE FAT FROM THE SHELL
confirmation,test-other,367,F,130732,367-130732-0017,3.805,16000,test-other/367/130732/367-130732-0017.flac,SOAK THE CRAB MEAT IN THE SHERRY TWO HOURS BEFORE COOKING
confirmation,test-other,367,F,130732,367-130732-0020,4.57,16000,test-other/367/130732/367-130732-0020.flac,SERVE IN A CHAFING DISH WITH TOASTED CRACKERS OR THIN SLICES OF TOASTED BREAD
confirmation,test-other,367,F,130732,367-130732-0022,7.45,16000,test-other/367/130732/367-130732-0022.flac,SO FAR IT HAS BEEN USED MOSTLY FOR GARNISHMENT OF OTHER DISHES AND IT IS ONLY RECENTLY THAT THE HOF BRAU HAS BEEN MAKING A SPECIALTY OF THEM
confirmation,test-other,367,F,130732,367-130732-0024,6.18,16000,test-other/367/130732/367-130732-0024.flac,THIS IS THE RECIPE FOR EIGHT PEOPLE AND IT IS WELL WORTH TRYING IF YOU ARE GIVING A DINNER OF IMPORTANCE
confirmation,test-other,367,F,130732,367-130732-0028,8.6,16000,test-other/367/130732/367-130732-0028.flac,PUT THESE INGREDIENTS INTO A STEWPAN AND FRY THEM TEN MINUTES THEN THROW IN THE CRAWFISH AND POUR ON THEM HALF A BOTTLE OF FRENCH WHITE WINE
confirmation,test-other,367,F,130732,367-130732-0029,6.25,16000,test-other/367/130732/367-130732-0029.flac,ALLOW THIS TO BOIL AND THEN ADD A QUART OF STRONG CONSOMME AND LET ALL CONTINUE BOILING FOR HALF AN HOUR
confirmation,test-other,367,F,130732,367-130732-0030,8.21,16000,test-other/367/130732/367-130732-0030.flac,PICK OUT THE CRAWFISH AND STRAIN THE BROTH THROUGH A NAPKIN BY PRESSURE INTO A BASIN IN ORDER TO EXTRACT ALL THE ESSENCE FROM THE VEGETABLES
confirmation,test-other,367,F,130732,367-130732-0031,6.77,16000,test-other/367/130732/367-130732-0031.flac,PICK THE SHELLS OFF TWENTY FIVE OF THE CRAWFISH TAILS TRIM THEM NEATLY AND SET THEM ASIDE UNTIL WANTED
confirmation,test-other,367,F,130732,367-130732-0033,15.91,16000,test-other/367/130732/367-130732-0033.flac,THIS BUTTER IS MADE AS FOLLOWS PLACE THE SHELLS ON A BAKING SHEET IN THE OVEN TO DRY LET THE SHELLS COOL AND THEN POUND THEM IN A MORTAR WITH A LITTLE LOBSTER CORAL AND FOUR OUNCES OF FRESH BUTTER THOROUGHLY BRUISING THE WHOLE TOGETHER SO AS TO MAKE A FINE PASTE
confirmation,test-other,367,F,293981,367-293981-0000,2.215,16000,test-other/367/293981/367-293981-0000.flac,I SWEAR IT ANSWERED SANCHO
confirmation,test-other,367,F,293981,367-293981-0002,8.2,16000,test-other/367/293981/367-293981-0002.flac,I SAY REPLIED SANCHO THAT I SWEAR TO HOLD MY TONGUE ABOUT IT TILL THE END OF YOUR WORSHIP'S DAYS AND GOD GRANT I MAY BE ABLE TO LET IT OUT TOMORROW
confirmation,test-other,367,F,293981,367-293981-0004,2.325,16000,test-other/367/293981/367-293981-0004.flac,UNLUCKY ME AND THE MOTHER THAT BORE ME
confirmation,test-other,367,F,293981,367-293981-0007,6.37,16000,test-other/367/293981/367-293981-0007.flac,IF THEY DON'T LET THEMSELVES BE SEEN THEY LET THEMSELVES BE FELT SAID SANCHO IF NOT LET MY SHOULDERS SPEAK TO THE POINT
confirmation,test-other,367,F,293981,367-293981-0008,6.76,16000,test-other/367/293981/367-293981-0008.flac,MINE COULD SPEAK TOO SAID DON QUIXOTE BUT THAT IS NOT A SUFFICIENT REASON FOR BELIEVING THAT WHAT WE SEE IS THE ENCHANTED MOOR
confirmation,test-other,367,F,293981,367-293981-0010,22.765,16000,test-other/367/293981/367-293981-0010.flac,SANCHO GOT UP WITH PAIN ENOUGH IN HIS BONES AND WENT AFTER THE INNKEEPER IN THE DARK AND MEETING THE OFFICER WHO WAS LOOKING TO SEE WHAT HAD BECOME OF HIS ENEMY HE SAID TO HIM SENOR WHOEVER YOU ARE DO US THE FAVOUR AND KINDNESS TO GIVE US A LITTLE ROSEMARY OIL SALT AND WINE FOR IT IS WANTED TO CURE ONE OF THE BEST KNIGHTS ERRANT ON EARTH WHO LIES ON YONDER BED WOUNDED BY THE HANDS OF THE ENCHANTED MOOR THAT IS IN THIS INN
confirmation,test-other,367,F,293981,367-293981-0011,9.505,16000,test-other/367/293981/367-293981-0011.flac,TO BE BRIEF HE TOOK THE MATERIALS OF WHICH HE MADE A COMPOUND MIXING THEM ALL AND BOILING THEM A GOOD WHILE UNTIL IT SEEMED TO HIM THEY HAD COME TO PERFECTION
confirmation,test-other,367,F,293981,367-293981-0012,8.11,16000,test-other/367/293981/367-293981-0012.flac,SANCHO PANZA WHO ALSO REGARDED THE AMENDMENT OF HIS MASTER AS MIRACULOUS BEGGED HIM TO GIVE HIM WHAT WAS LEFT IN THE PIGSKIN WHICH WAS NO SMALL QUANTITY
confirmation,test-other,367,F,293981,367-293981-0014,6.745,16000,test-other/367/293981/367-293981-0014.flac,IF YOUR WORSHIP KNEW THAT RETURNED SANCHO WOE BETIDE ME AND ALL MY KINDRED WHY DID YOU LET ME TASTE IT
confirmation,test-other,367,F,293981,367-293981-0015,11.06,16000,test-other/367/293981/367-293981-0015.flac,SEARCH YOUR MEMORY AND IF YOU FIND ANYTHING OF THIS KIND YOU NEED ONLY TELL ME OF IT AND I PROMISE YOU BY THE ORDER OF KNIGHTHOOD WHICH I HAVE RECEIVED TO PROCURE YOU SATISFACTION AND REPARATION TO THE UTMOST OF YOUR DESIRE
confirmation,test-other,367,F,293981,367-293981-0017,2.91,16000,test-other/367/293981/367-293981-0017.flac,AND A VERY RESPECTABLE ONE SAID THE INNKEEPER
confirmation,test-other,367,F,293981,367-293981-0019,7.09,16000,test-other/367/293981/367-293981-0019.flac,HE SAW HIM RISING AND FALLING IN THE AIR WITH SUCH GRACE AND NIMBLENESS THAT HAD HIS RAGE ALLOWED HIM IT IS MY BELIEF HE WOULD HAVE LAUGHED
confirmation,test-other,533,F,1066,533-1066-0000,2.55,16000,test-other/533/1066/533-1066-0000.flac,WHEN CHURCHYARDS YAWN
confirmation,test-other,533,F,1066,533-1066-0002,9.29,16000,test-other/533/1066/533-1066-0002.flac,I AM SURE I KISSED LIDDY AND I HAVE HAD TERRIBLE MOMENTS SINCE WHEN I SEEM TO REMEMBER KISSING MISTER JAMIESON TOO IN THE EXCITEMENT
confirmation,test-other,533,F,1066,533-1066-0008,5.0500625,16000,test-other/533/1066/533-1066-0008.flac,THE MOST UNUSUAL THING I CAN THINK OF WOULD BE A PEACEFUL NIGHT
confirmation,test-other,533,F,1066,533-1066-0011,6.95,16000,test-other/533/1066/533-1066-0011.flac,LIDDY WAS SLEEPING THE SLEEP OF THE JUST WHEN I WENT UP STAIRS AND I HUNTED OUT MY THINGS CAUTIOUSLY
confirmation,test-other,533,F,1066,533-1066-0014,2.47,16000,test-other/533/1066/533-1066-0014.flac,I ASKED NO QUESTIONS
confirmation,test-other,533,F,1066,533-1066-0016,2.495,16000,test-other/533/1066/533-1066-0016.flac,I HARDLY KNOW WHAT I EXPECTED
confirmation,test-other,533,F,1066,533-1066-0017,5.48,16000,test-other/533/1066/533-1066-0017.flac,THE DOCTOR WAS PUFFING SOMEWHAT WHEN WE FINALLY CAME TO A HALT
confirmation,test-other,533,F,1066,533-1066-0019,4.305,16000,test-other/533/1066/533-1066-0019.flac,IN SPITE OF MYSELF I DREW MY BREATH IN SHARPLY
confirmation,test-other,533,F,1066,533-1066-0023,6.275,16000,test-other/533/1066/533-1066-0023.flac,A DOCTOR IS GENERALLY SUPPOSED TO BE HANDIER AT BURYING FOLKS THAN AT DIGGING THEM UP
confirmation,test-other,533,F,131556,533-131556-0000,6.205,16000,test-other/533/131556/533-131556-0000.flac,BUT HOW AM I TO GET OVER THE TEN OR TWELVE DAYS THAT MUST YET ELAPSE BEFORE THEY GO
confirmation,test-other,533,F,131556,533-131556-0002,7.965,16000,test-other/533/131556/533-131556-0002.flac,THE WORD STARES ME IN THE FACE LIKE A GUILTY CONFESSION BUT IT IS TRUE I HATE HIM I HATE HIM
confirmation,test-other,533,F,131556,533-131556-0010,2.795,16000,test-other/533/131556/533-131556-0010.flac,AH YOU ARE SUSPICIOUS
confirmation,test-other,533,F,131556,533-131556-0011,6.56,16000,test-other/533/131556/533-131556-0011.flac,IF I WERE SUSPICIOUS I REPLIED I SHOULD HAVE DISCOVERED YOUR INFAMY LONG BEFORE
confirmation,test-other,533,F,131556,533-131556-0014,9.665,16000,test-other/533/131556/533-131556-0014.flac,I WATCHED HER A FEW MOMENTS WITH A FEELING OF MALEVOLENT GRATIFICATION THEN MOVING TOWARDS THE DOOR I CALMLY ASKED IF SHE HAD ANYTHING MORE TO SAY
confirmation,test-other,533,F,131556,533-131556-0018,6.505,16000,test-other/533/131556/533-131556-0018.flac,I CANNOT RENOUNCE WHAT IS DEARER THAN LIFE SHE MUTTERED IN A LOW HURRIED TONE
confirmation,test-other,533,F,131556,533-131556-0019,15.22,16000,test-other/533/131556/533-131556-0019.flac,IF YOU ARE GENEROUS HERE IS A FITTING OPPORTUNITY FOR THE EXERCISE OF YOUR MAGNANIMITY IF YOU ARE PROUD HERE AM I YOUR RIVAL READY TO ACKNOWLEDGE MYSELF YOUR DEBTOR FOR AN ACT OF THE MOST NOBLE FORBEARANCE
confirmation,test-other,533,F,131556,533-131556-0020,2.04,16000,test-other/533/131556/533-131556-0020.flac,I SHALL NOT TELL HIM
confirmation,test-other,533,F,131556,533-131556-0022,2.68,16000,test-other/533/131556/533-131556-0022.flac,AND MILICENT WILL YOU TELL HER
confirmation,test-other,533,F,131562,533-131562-0004,4.285,16000,test-other/533/131562/533-131562-0004.flac,AND PUTTING THE KEYS INTO HIS POCKET HE WALKED INTO THE LIBRARY
confirmation,test-other,533,F,131562,533-131562-0006,3.145,16000,test-other/533/131562/533-131562-0006.flac,MISTER HUNTINGDON THEN WENT UP STAIRS
confirmation,test-other,533,F,131562,533-131562-0009,14.805,16000,test-other/533/131562/533-131562-0009.flac,I SHALL PUT YOU UPON A SMALL MONTHLY ALLOWANCE IN FUTURE FOR YOUR OWN PRIVATE EXPENSES AND YOU NEEDN'T TROUBLE YOURSELF ANY MORE ABOUT MY CONCERNS I SHALL LOOK OUT FOR A STEWARD MY DEAR I WON'T EXPOSE YOU TO THE TEMPTATION
confirmation,test-other,533,F,131562,533-131562-0012,2.395,16000,test-other/533/131562/533-131562-0012.flac,HAVE I ATTEMPTED TO DEFRAUD YOU
confirmation,test-other,533,F,131564,533-131564-0001,16.065,16000,test-other/533/131564/533-131564-0001.flac,MISTER AND MISSUS HATTERSLEY HAVE BEEN STAYING AT THE GROVE A FORTNIGHT AND AS MISTER HARGRAVE IS STILL ABSENT AND THE WEATHER WAS REMARKABLY FINE I NEVER PASSED A DAY WITHOUT SEEING MY TWO FRIENDS MILICENT AND ESTHER EITHER THERE OR HERE
confirmation,test-other,533,F,131564,533-131564-0002,3.935,16000,test-other/533/131564/533-131564-0002.flac,NO UNLESS YOU CAN TELL ME WHEN TO EXPECT HIM HOME
confirmation,test-other,533,F,131564,533-131564-0003,3.62,16000,test-other/533/131564/533-131564-0003.flac,I CAN'T YOU DON'T WANT HIM DO YOU
confirmation,test-other,533,F,131564,533-131564-0014,6.25,16000,test-other/533/131564/533-131564-0014.flac,WHAT WOULD YOU MAKE OF ME AND THE CHILDREN TO BE SURE THAT WORRY HER TO DEATH BETWEEN THEM
confirmation,test-other,533,F,131564,533-131564-0016,2.585,16000,test-other/533/131564/533-131564-0016.flac,HE FOLLOWED ME INTO THE LIBRARY
confirmation,test-other,533,F,131564,533-131564-0024,4.355,16000,test-other/533/131564/533-131564-0024.flac,MILICENT FLEW TO THANK ME OVERFLOWING WITH GRATITUDE
confirmation,test-other,533,F,131564,533-131564-0025,6.24,16000,test-other/533/131564/533-131564-0025.flac,CRIED SHE I COULDN'T HAVE INFLUENCED HIM I'M SURE BY ANYTHING THAT I COULD HAVE SAID
confirmation,test-other,533,F,131564,533-131564-0027,3.385,16000,test-other/533/131564/533-131564-0027.flac,AFTER THAT THEY WILL REPAIR TO THEIR COUNTRY HOME
confirmation,test-other,1688,M,142285,1688-142285-0003,5.06,16000,test-other/1688/142285/1688-142285-0003.flac,I REALLY LIKED THAT ACCOUNT OF HIMSELF BETTER THAN ANYTHING ELSE HE SAID
confirmation,test-other,1688,M,142285,1688-142285-0007,7.06,16000,test-other/1688/142285/1688-142285-0007.flac,I REALLY WAS VERY MUCH AFRAID OF SHOWING HIM HOW MUCH SHOCKED I WAS AT SOME PARTS OF WHAT HE SAID
confirmation,test-other,1688,M,142285,1688-142285-0008,4.135,16000,test-other/1688/142285/1688-142285-0008.flac,HIS FATHER DYING IN MISERABLE CIRCUMSTANCES
confirmation,test-other,1688,M,142285,1688-142285-0009,3.535,16000,test-other/1688/142285/1688-142285-0009.flac,WHY IT MIGHT HAVE BEEN IN THE WORKHOUSE
confirmation,test-other,1688,M,142285,1688-142285-0016,4.84,16000,test-other/1688/142285/1688-142285-0016.flac,OH PAPA BY THAT TESTING EVERYTHING BY THE STANDARD OF WEALTH
confirmation,test-other,1688,M,142285,1688-142285-0017,8.38,16000,test-other/1688/142285/1688-142285-0017.flac,WHEN HE SPOKE OF THE MECHANICAL POWERS HE EVIDENTLY LOOKED UPON THEM ONLY AS NEW WAYS OF EXTENDING TRADE AND MAKING MONEY
confirmation,test-other,1688,M,142285,1688-142285-0018,12.79,16000,test-other/1688/142285/1688-142285-0018.flac,AND THE POOR MEN AROUND HIM THEY WERE POOR BECAUSE THEY WERE VICIOUS OUT OF THE PALE OF HIS SYMPATHIES BECAUSE THEY HAD NOT HIS IRON NATURE AND THE CAPABILITIES THAT IT GIVES HIM FOR BEING RICH
confirmation,test-other,1688,M,142285,1688-142285-0020,3.57,16000,test-other/1688/142285/1688-142285-0020.flac,IMPROVIDENT AND SELF INDULGENT WERE HIS WORDS
confirmation,test-other,1688,M,142285,1688-142285-0021,5.21,16000,test-other/1688/142285/1688-142285-0021.flac,MARGARET WAS COLLECTING HER MOTHER'S WORKING MATERIALS AND PREPARING TO GO TO BED
confirmation,test-other,1688,M,142285,1688-142285-0026,3.585,16000,test-other/1688/142285/1688-142285-0026.flac,PERSONALLY AS YOU CALL IT AND ALL
confirmation,test-other,1688,M,142285,1688-142285-0029,4.55,16000,test-other/1688/142285/1688-142285-0029.flac,THERE WERE SEVERAL OTHER SIGNS OF SOMETHING WRONG ABOUT MISSUS HALE
confirmation,test-other,1688,M,142285,1688-142285-0034,15.1649375,16000,test-other/1688/142285/1688-142285-0034.flac,A SERVANT TO GIVE DIXON PERMANENT ASSISTANCE SHOULD BE GOT IF SHE GAVE UP HER WHOLE TIME TO THE SEARCH AND THEN AT ANY RATE HER MOTHER MIGHT HAVE ALL THE PERSONAL ATTENTION SHE REQUIRED AND HAD BEEN ACCUSTOMED TO HER WHOLE LIFE
confirmation,test-other,1688,M,142285,1688-142285-0037,2.075,16000,test-other/1688/142285/1688-142285-0037.flac,WELL BESSY HOW ARE YOU
confirmation,test-other,1688,M,142285,1688-142285-0044,3.405,16000,test-other/1688/142285/1688-142285-0044.flac,BESSY DO YOU WISH TO DIE
confirmation,test-other,1688,M,142285,1688-142285-0050,5.45,16000,test-other/1688/142285/1688-142285-0050.flac,I SHOULD HAVE THOUGHT OF IT AGAIN WHEN I WAS LESS BUSY MAY I GO WITH YOU NOW
confirmation,test-other,1688,M,142285,1688-142285-0051,6.625,16000,test-other/1688/142285/1688-142285-0051.flac,THE SHARPNESS IN HER EYE TURNED TO A WISTFUL LONGING AS SHE MET MARGARET'S SOFT AND FRIENDLY GAZE
confirmation,test-other,1688,M,142285,1688-142285-0052,7.08,16000,test-other/1688/142285/1688-142285-0052.flac,AS THEY TURNED UP INTO A SMALL COURT OPENING OUT OF A SQUALID STREET BESSY SAID
confirmation,test-other,1688,M,142285,1688-142285-0054,3.14,16000,test-other/1688/142285/1688-142285-0054.flac,BUT NICHOLAS WAS NOT AT HOME WHEN THEY ENTERED
confirmation,test-other,1688,M,142285,1688-142285-0056,6.79,16000,test-other/1688/142285/1688-142285-0056.flac,BESSY TOOK A LONG AND FEVERISH DRAUGHT AND THEN FELL BACK AND SHUT HER EYES
confirmation,test-other,1688,M,142285,1688-142285-0057,8.885,16000,test-other/1688/142285/1688-142285-0057.flac,MARGARET BENT OVER AND SAID BESSY DON'T BE IMPATIENT WITH YOUR LIFE WHATEVER IT IS OR MAY HAVE BEEN
confirmation,test-other,1688,M,142285,1688-142285-0064,7.73,16000,test-other/1688/142285/1688-142285-0064.flac,BUT HOO'S COME AT LAST AND HOO'S WELCOME AS LONG AS HOO'LL KEEP FROM PREACHING ON WHAT HOO KNOWS NOUGHT ABOUT
confirmation,test-other,1688,M,142285,1688-142285-0076,3.84,16000,test-other/1688/142285/1688-142285-0076.flac,MARGARET WENT AWAY VERY SAD AND THOUGHTFUL
confirmation,test-other,1688,M,142285,1688-142285-0077,2.6,16000,test-other/1688/142285/1688-142285-0077.flac,SHE WAS LATE FOR TEA AT HOME
confirmation,test-other,1688,M,142285,1688-142285-0081,5.9,16000,test-other/1688/142285/1688-142285-0081.flac,EVERYBODY ELSE HAS HAD THEIR TURN AT THIS GREAT DIFFICULTY NOW LET ME TRY
confirmation,test-other,1688,M,142285,1688-142285-0084,7.71,16000,test-other/1688/142285/1688-142285-0084.flac,WHY I WOULD APPLY TO SOME GOOD HOUSE MOTHER TO RECOMMEND ME ONE KNOWN TO HERSELF OR HER SERVANTS
confirmation,test-other,1688,M,142285,1688-142285-0085,3.98,16000,test-other/1688/142285/1688-142285-0085.flac,VERY GOOD BUT WE MUST FIRST CATCH OUR HOUSE MOTHER
confirmation,test-other,1688,M,142285,1688-142285-0086,3.31,16000,test-other/1688/142285/1688-142285-0086.flac,THE MOTHER OF WHOM HE SPOKE TO US SAID MARGARET
confirmation,test-other,1688,M,142285,1688-142285-0091,5.455,16000,test-other/1688/142285/1688-142285-0091.flac,MY DEAR SAID MISTER HALE ALARMED PRAY DON'T GO OFF ON THAT IDEA
confirmation,test-other,1688,M,142285,1688-142285-0092,4.67,16000,test-other/1688/142285/1688-142285-0092.flac,I AM SURE AT ANY RATE SHE WOULD NOT LIKE STRANGERS TO KNOW ANYTHING ABOUT IT
confirmation,test-other,1688,M,142285,1688-142285-0093,9.68,16000,test-other/1688/142285/1688-142285-0093.flac,TAKE NOTICE THAT IS NOT MY KIND OF HAUGHTINESS PAPA IF I HAVE ANY AT ALL WHICH I DON'T AGREE TO THOUGH YOU'RE ALWAYS ACCUSING ME OF IT
confirmation,test-other,1998,F,15444,1998-15444-0001,6.025,16000,test-other/1998/15444/1998-15444-0001.flac,HE SHOULD MAKE INQUIRIES AS TO SYMPTOMS AND TIME AT WHICH FOOD OR MEDICINE WAS LAST TAKEN
confirmation,test-other,1998,F,15444,1998-15444-0003,7.25,16000,test-other/1998/15444/1998-15444-0003.flac,IN MAKING A POST MORTEM EXAMINATION THE ALIMENTARY CANAL SHOULD BE REMOVED AND PRESERVED FOR FURTHER INVESTIGATION
confirmation,test-other,1998,F,15444,1998-15444-0007,3.17,16000,test-other/1998/15444/1998-15444-0007.flac,THE BEST EMETIC IS THAT WHICH IS AT HAND
confirmation,test-other,1998,F,15444,1998-15444-0008,2.945,16000,test-other/1998/15444/1998-15444-0008.flac,THE DOSE FOR AN ADULT IS TEN MINIMS
confirmation,test-other,1998,F,15444,1998-15444-0015,5.42,16000,test-other/1998/15444/1998-15444-0015.flac,NOTICE THE SMELL COLOUR AND GENERAL APPEARANCE OF THE MATTER SUBMITTED FOR EXAMINATION
confirmation,test-other,1998,F,15444,1998-15444-0018,6.51,16000,test-other/1998/15444/1998-15444-0018.flac,THE PURE ALKALOIDS WITH THE EXCEPTION OF MORPHINE IN ITS CRYSTALLINE FORM ARE SOLUBLE IN ETHER
confirmation,test-other,1998,F,15444,1998-15444-0021,4.785,16000,test-other/1998/15444/1998-15444-0021.flac,ON THE EVAPORATION OF THE ALCOHOL THE RESINOUS AND FATTY MATTERS SEPARATE
confirmation,test-other,1998,F,29454,1998-29454-0001,3.905,16000,test-other/1998/29454/1998-29454-0001.flac,PERUSAL SAID THE PAWNBROKER THAT'S THE WAY TO PERNOUNCE IT
confirmation,test-other,1998,F,29454,1998-29454-0003,7.735,16000,test-other/1998/29454/1998-29454-0003.flac,HE GOT IT UP AND PUSHED HIS TREASURES AS FAR IN AS HE COULD ALONG THE ROUGH CRUMBLY SURFACE OF THE LATH AND PLASTER
confirmation,test-other,1998,F,29454,1998-29454-0004,6.55,16000,test-other/1998/29454/1998-29454-0004.flac,WHEN DICKIE CAME DOWN HIS AUNT SLIGHTLY SLAPPED HIM AND HE TOOK THE HALFPENNY AND LIMPED OFF OBEDIENTLY
confirmation,test-other,1998,F,29454,1998-29454-0007,4.3,16000,test-other/1998/29454/1998-29454-0007.flac,WHAT'S UP MATEY LOST YOUR WAY DICKIE EXPLAINED
confirmation,test-other,1998,F,29454,1998-29454-0011,8.585,16000,test-other/1998/29454/1998-29454-0011.flac,WHEN IT WAS OVER THE MAN ASKED DICKIE IF HE COULD WALK A LITTLE WAY AND WHEN DICKIE SAID HE COULD THEY SET OUT IN THE MOST FRIENDLY WAY SIDE BY SIDE
confirmation,test-other,1998,F,29454,1998-29454-0016,2.46,16000,test-other/1998/29454/1998-29454-0016.flac,AIN'T BAD WHEN SHE'S IN A GOOD TEMPER
confirmation,test-other,1998,F,29454,1998-29454-0020,3.75,16000,test-other/1998/29454/1998-29454-0020.flac,NO SAID DICKIE OH NO NO I NEVER
confirmation,test-other,1998,F,29454,1998-29454-0023,7.91,16000,test-other/1998/29454/1998-29454-0023.flac,THE MAN'S MANNER WAS SO KIND AND HEARTY THE WHOLE ADVENTURE WAS SO WONDERFUL AND NEW IS IT COUNTRY WHERE YOU GOING
confirmation,test-other,1998,F,29454,1998-29454-0033,5.115,16000,test-other/1998/29454/1998-29454-0033.flac,HE REWARD THE WAKE THE LAST OF THE ENGLISH AND I WUNNERED WHAT IT STOOD FOR
confirmation,test-other,1998,F,29454,1998-29454-0034,2.54,16000,test-other/1998/29454/1998-29454-0034.flac,WILD ONES AIN'T ALF THE SIZE I LAY
confirmation,test-other,1998,F,29454,1998-29454-0036,4.22,16000,test-other/1998/29454/1998-29454-0036.flac,AH SAID DICKIE AND A FULL SILENCE FELL BETWEEN THEM
confirmation,test-other,1998,F,29454,1998-29454-0040,3.765,16000,test-other/1998/29454/1998-29454-0040.flac,SOME BLOKES THINK IT PAYS TO BE DIRTY BUT IT DON'T
confirmation,test-other,1998,F,29454,1998-29454-0042,3.31,16000,test-other/1998/29454/1998-29454-0042.flac,YOU ARE GOOD SAID DICKIE I DO LIKE YOU
confirmation,test-other,1998,F,29454,1998-29454-0045,3.655,16000,test-other/1998/29454/1998-29454-0045.flac,STEP OUT SONNY OR WE'LL NEVER GET THERE THIS SIDE CHRISTMAS
confirmation,test-other,1998,F,29455,1998-29455-0000,11.62,16000,test-other/1998/29455/1998-29455-0000.flac,THE SINGING AND LAUGHING WENT ON LONG AFTER HE HAD FALLEN ASLEEP AND IF LATER IN THE EVENING THERE WERE LOUD VOICED ARGUMENTS OR QUARRELS EVEN DICKIE DID NOT HEAR THEM
confirmation,test-other,1998,F,29455,1998-29455-0004,2.88,16000,test-other/1998/29455/1998-29455-0004.flac,OH LOOK SAID DICKIE THE FLOWERS
confirmation,test-other,1998,F,29455,1998-29455-0008,2.895,16000,test-other/1998/29455/1998-29455-0008.flac,SEE IM CROST THE ROAD THERE SEE HIM
confirmation,test-other,1998,F,29455,1998-29455-0013,3.09,16000,test-other/1998/29455/1998-29455-0013.flac,THAT'S ALL RIGHT SAID MISTER BEALE AWKWARDLY
confirmation,test-other,1998,F,29455,1998-29455-0014,2.83,16000,test-other/1998/29455/1998-29455-0014.flac,DICKIE QUICK TO IMITATE TOUCHED HIS
confirmation,test-other,1998,F,29455,1998-29455-0023,4.715,16000,test-other/1998/29455/1998-29455-0023.flac,TO THE ELDER TRAMP LIES AND BEGGING WERE NATURAL MEANS OF LIVELIHOOD
confirmation,test-other,1998,F,29455,1998-29455-0024,4.03,16000,test-other/1998/29455/1998-29455-0024.flac,BUT YOU SAID THE BED WITH THE GREEN CURTAINS URGED DICKIE
confirmation,test-other,1998,F,29455,1998-29455-0025,2.72,16000,test-other/1998/29455/1998-29455-0025.flac,WHICH THIS AIN'T NOT BY NO MEANS
confirmation,test-other,1998,F,29455,1998-29455-0030,5.535,16000,test-other/1998/29455/1998-29455-0030.flac,I AIN'T SURE AS I ADN'T BETTER STICK TO THE ROAD AND KEEP AWAY FROM OLD ANDS LIKE YOU JIM
confirmation,test-other,2033,M,164914,2033-164914-0002,7.53,16000,test-other/2033/164914/2033-164914-0002.flac,THEN SAID THE EUNUCH ART THOU HE WHO REPEATED POETRY BUT NOW AND MY LADY HEARD HIM
confirmation,test-other,2033,M,164914,2033-164914-0004,4.305,16000,test-other/2033/164914/2033-164914-0004.flac,BY ALLAH REPLIED THE FIREMAN I TELL THEE THE TRUTH
confirmation,test-other,2033,M,164914,2033-164914-0005,3.51,16000,test-other/2033/164914/2033-164914-0005.flac,TELL ME WHAT HAPPENED QUOTH ZAU AL MAKAN
confirmation,test-other,2033,M,164914,2033-164914-0007,4.46,16000,test-other/2033/164914/2033-164914-0007.flac,AND HE ALSO IMPROVISED THE TWO FOLLOWING DISTICHS
confirmation,test-other,2033,M,164914,2033-164914-0008,17.26,16000,test-other/2033/164914/2033-164914-0008.flac,WHEN NUZHAT AL ZAMAN HEARD THE FIRST IMPROVISATION SHE CALLED TO MIND HER FATHER AND HER MOTHER AND HER BROTHER AND THEIR WHILOME HOME THEN SHE WEPT AND CRIED AT THE EUNUCH AND SAID TO HIM WOE TO THEE
confirmation,test-other,2033,M,164914,2033-164914-0009,6.94,16000,test-other/2033/164914/2033-164914-0009.flac,HE WHO RECITED THE FIRST TIME HATH RECITED A SECOND TIME AND I HEARD HIM HARD BY
confirmation,test-other,2033,M,164914,2033-164914-0010,10.44,16000,test-other/2033/164914/2033-164914-0010.flac,BY ALLAH AN THOU FETCH HIM NOT TO ME I WILL ASSUREDLY ROUSE THE CHAMBERLAIN ON THEE AND HE SHALL BEAT THEE AND CAST THEE OUT
confirmation,test-other,2033,M,164914,2033-164914-0012,3.13,16000,test-other/2033/164914/2033-164914-0012.flac,RETURN QUICKLY AND LINGER NOT
confirmation,test-other,2033,M,164914,2033-164914-0014,11.48,16000,test-other/2033/164914/2033-164914-0014.flac,BUT THE EUNUCH SAID I WILL NOT LEAVE THEE TILL THOU SHOW ME WHO IT WAS THAT RECITED THE VERSES FOR I DREAD RETURNING TO MY LADY WITHOUT HIM
confirmation,test-other,2033,M,164914,2033-164914-0015,13.67,16000,test-other/2033/164914/2033-164914-0015.flac,NOW WHEN THE FIREMAN HEARD THESE WORDS HE FEARED FOR ZAU AL MAKAN AND WEPT WITH EXCEEDING WEEPING AND SAID TO THE EUNUCH BY ALLAH IT WAS NOT I AND I KNOW HIM NOT
confirmation,test-other,2033,M,164914,2033-164914-0016,16.925,16000,test-other/2033/164914/2033-164914-0016.flac,SO GO THOU TO THY STATION AND IF THOU AGAIN MEET ANY ONE AFTER THIS HOUR RECITING AUGHT OF POETRY WHETHER HE BE NEAR OR FAR IT WILL BE I OR SOME ONE I KNOW AND THOU SHALT NOT LEARN OF HIM BUT BY ME
confirmation,test-other,2033,M,164914,2033-164914-0018,14.955,16000,test-other/2033/164914/2033-164914-0018.flac,I SAY WHAT MADE MY IGNOMY WHATE'ER THE BITTER CUP I DRAIN FAR BE FRO ME THAT LAND TO FLEE NOR WILL I BOW TO THOSE WHO BLAME AND FOR SUCH LOVE WOULD DEAL ME SHAME
confirmation,test-other,2033,M,164914,2033-164914-0019,6.085,16000,test-other/2033/164914/2033-164914-0019.flac,THEN SAID THE EUNUCH TO ZAU AL MAKAN PEACE BE WITH THEE O MY LORD
confirmation,test-other,2033,M,164914,2033-164914-0020,10.05,16000,test-other/2033/164914/2033-164914-0020.flac,O MY LORD CONTINUED THE EUNUCH AND SHAHRAZAD PERCEIVED THE DAWN OF DAY AND CEASED TO SAY HER PERMITTED SAY
confirmation,test-other,2033,M,164915,2033-164915-0001,8.94,16000,test-other/2033/164915/2033-164915-0001.flac,THEN SHE THREW HERSELF UPON HIM AND HE GATHERED HER TO HIS BOSOM AND THE TWAIN FELL DOWN IN A FAINTING FIT
confirmation,test-other,2033,M,164915,2033-164915-0006,21.77,16000,test-other/2033/164915/2033-164915-0006.flac,THE CHAMBERLAIN CALLED THE CASTRATO AND CHARGED HIM TO DO ACCORDINGLY SO HE REPLIED I HEAR AND I OBEY AND HE TOOK HIS PAGES WITH HIM AND WENT OUT IN SEARCH OF THE STOKER TILL HE FOUND HIM IN THE REAR OF THE CARAVAN GIRTHING HIS ASS AND PREPARING FOR FLIGHT
confirmation,test-other,2033,M,164915,2033-164915-0007,13.605,16000,test-other/2033/164915/2033-164915-0007.flac,SHE SAID IT HATH REACHED ME O AUSPICIOUS KING THAT WHEN THE STOKER GIRTHED HIS ASS FOR FLIGHT AND BESPAKE HIMSELF SAYING OH WOULD I KNEW WHAT IS BECOME OF HIM
confirmation,test-other,2033,M,164915,2033-164915-0008,10.205,16000,test-other/2033/164915/2033-164915-0008.flac,I BELIEVE HE HATH DENOUNCED ME TO THE EUNUCH HENCE THESE PAGES ET ABOUT ME AND HE HATH MADE ME AN ACCOMPLICE IN HIS CRIME
confirmation,test-other,2033,M,164915,2033-164915-0010,8.89,16000,test-other/2033/164915/2033-164915-0010.flac,BUT NOW I WILL NOT LEAVE THEE BETWEEN THIS PLACE AND BAGHDAD AND WHAT BETIDETH THY COMRADE SHALL BETIDE THEE
confirmation,test-other,2033,M,164915,2033-164915-0011,7.04,16000,test-other/2033/164915/2033-164915-0011.flac,TWAS AS I FEARED THE COMING ILLS DISCERNING BUT UNTO ALLAH WE ARE ALL RETURNING
confirmation,test-other,2033,M,164915,2033-164915-0013,17.8,16000,test-other/2033/164915/2033-164915-0013.flac,AND HE ANSWERED I AM THE CHAMBERLAIN OF THE EMIR OF DAMASCUS KING SHARRKAN SON OF OMAR BIN AL NU'UMAN LORD OF BAGHDAD AND OF THE LAND OF KHORASAN AND I BRING TRIBUTE AND PRESENTS FROM HIM TO HIS FATHER IN BAGHDAD
confirmation,test-other,2033,M,164915,2033-164915-0014,7.16,16000,test-other/2033/164915/2033-164915-0014.flac,SO FARE YE FORWARDS NO HARM SHALL BEFAL YOU TILL YOU JOIN HIS GRAND WAZIR DANDAN
confirmation,test-other,2033,M,164915,2033-164915-0015,14.0500625,16000,test-other/2033/164915/2033-164915-0015.flac,THEN HE BADE HIM BE SEATED AND QUESTIONED HIM AND HE REPLIED THAT HE WAS CHAMBERLAIN TO THE EMIR OF DAMASCUS AND WAS BOUND TO KING OMAR WITH PRESENTS AND THE TRIBUTE OF SYRIA
confirmation,test-other,2033,M,164915,2033-164915-0016,10.175,16000,test-other/2033/164915/2033-164915-0016.flac,SO IT WAS AGREED THAT WE GO TO DAMASCUS AND FETCH THENCE THE KING'S SON SHARRKAN AND MAKE HIM SULTAN OVER HIS FATHER'S REALM
confirmation,test-other,2033,M,164916,2033-164916-0000,7.95,16000,test-other/2033/164916/2033-164916-0000.flac,SO HE TURNED TO THE WAZIR DANDAN AND SAID TO HIM VERILY YOUR TALE IS A WONDER OF WONDERS
confirmation,test-other,2033,M,164916,2033-164916-0001,24.56,16000,test-other/2033/164916/2033-164916-0001.flac,KNOW O CHIEF WAZIR THAT HERE WHERE YOU HAVE ENCOUNTERED ME ALLAH HATH GIVEN YOU REST FROM FATIGUE AND BRINGETH YOU YOUR DESIRE AFTER THE EASIEST OF FASHIONS FOR THAT HIS ALMIGHTY WILL RESTORETH TO YOU ZAU AL MAKAN AND HIS SISTER NUZHAT AL ZAMAN WHEREBY WE WILL SETTLE THE MATTER AS WE EASILY CAN
confirmation,test-other,2033,M,164916,2033-164916-0005,18.6299375,16000,test-other/2033/164916/2033-164916-0005.flac,AFTER AWHILE THE DUST DISPERSED AND THERE APPEARED UNDER IT THE ARMY OF BAGHDAD AND KHORASAN A CONQUERING HOST LIKE THE FULL TIDE SEA AND SHAHRAZAD PERCEIVED THE DAWN OF DAY AND CEASED TO SAY HER PERMITTED SAY
confirmation,test-other,2033,M,164916,2033-164916-0006,2.76,16000,test-other/2033/164916/2033-164916-0006.flac,WHEN IT WAS THE SEVENTY EIGHTH NIGHT
confirmation,test-other,2033,M,164916,2033-164916-0008,14.57,16000,test-other/2033/164916/2033-164916-0008.flac,LASTLY THE MINISTER WENT IN AND KISSED THE GROUND BEFORE ZAU AL MAKAN WHO ROSE TO MEET HIM SAYING WELCOME O WAZIR AND SIRE SANS PEER
confirmation,test-other,2033,M,164916,2033-164916-0009,16.54,16000,test-other/2033/164916/2033-164916-0009.flac,MOREOVER THE SULTAN COMMANDED HIS WAZIR DANDAN CALL A TEN DAYS HALT OF THE ARMY THAT HE MIGHT BE PRIVATE WITH HIM AND LEARN FROM HIM HOW AND WHEREFORE HIS FATHER HAD BEEN SLAIN
confirmation,test-other,2414,M,128291,2414-128291-0001,8.44,16000,test-other/2414/128291/2414-128291-0001.flac,HE ASKED HIMSELF SOMETHING WARM AND LIVING QUICKENETH ME IT MUST BE IN THE NEIGHBOURHOOD
confirmation,test-other,2414,M,128291,2414-128291-0016,4.48,16000,test-other/2414/128291/2414-128291-0016.flac,THOU KNOWEST IT THYSELF BETTER EVEN THAN I
confirmation,test-other,2414,M,128291,2414-128291-0017,10.69,16000,test-other/2414/128291/2414-128291-0017.flac,THUS SPAKE THE PEACEFUL ONE AND PUFFED HIMSELF AND PERSPIRED WITH HIS WORDS SO THAT THE KINE WONDERED ANEW
confirmation,test-other,2414,M,128291,2414-128291-0018,8.51,16000,test-other/2414/128291/2414-128291-0018.flac,THOU DOEST VIOLENCE TO THYSELF THOU PREACHER ON THE MOUNT WHEN THOU USEST SUCH SEVERE WORDS
confirmation,test-other,2414,M,128291,2414-128291-0024,2.245,16000,test-other/2414/128291/2414-128291-0024.flac,THOU AMIABLE ONE
confirmation,test-other,2414,M,128292,2414-128292-0000,4.52,16000,test-other/2414/128292/2414-128292-0000.flac,WHITHER HATH MY LONESOMENESS GONE SPAKE HE
confirmation,test-other,2414,M,128292,2414-128292-0002,2.59,16000,test-other/2414/128292/2414-128292-0002.flac,WHAT MATTER ABOUT MY SHADOW
confirmation,test-other,2414,M,128292,2414-128292-0004,4.095,16000,test-other/2414/128292/2414-128292-0004.flac,THUS SPAKE ZARATHUSTRA TO HIS HEART AND RAN AWAY
confirmation,test-other,2414,M,128292,2414-128292-0006,6.5450625,16000,test-other/2414/128292/2414-128292-0006.flac,NOW DO I HEAR SIX OLD FOOLS LEGS RATTLING BEHIND ONE ANOTHER
confirmation,test-other,2414,M,128292,2414-128292-0007,4.32,16000,test-other/2414/128292/2414-128292-0007.flac,BUT DOTH ZARATHUSTRA NEED TO BE FRIGHTENED BY HIS SHADOW
confirmation,test-other,2414,M,128292,2414-128292-0009,13.125,16000,test-other/2414/128292/2414-128292-0009.flac,FOR WHEN ZARATHUSTRA SCRUTINISED HIM WITH HIS GLANCE HE WAS FRIGHTENED AS BY A SUDDEN APPARITION SO SLENDER SWARTHY HOLLOW AND WORN OUT DID THIS FOLLOWER APPEAR
confirmation,test-other,2414,M,128292,2414-128292-0010,4.305,16000,test-other/2414/128292/2414-128292-0010.flac,ASKED ZARATHUSTRA VEHEMENTLY WHAT DOEST THOU HERE
confirmation,test-other,2414,M,128292,2414-128292-0012,2.71,16000,test-other/2414/128292/2414-128292-0012.flac,THOU ART NOT PLEASING UNTO ME
confirmation,test-other,2414,M,128292,2414-128292-0014,4.535,16000,test-other/2414/128292/2414-128292-0014.flac,O EARTH THOU HAST BECOME TOO ROUND FOR ME
confirmation,test-other,2414,M,128292,2414-128292-0021,2.945,16000,test-other/2414/128292/2414-128292-0021.flac,A HAVEN TOWARDS WHICH MY SAIL IS SET
confirmation,test-other,2414,M,128292,2414-128292-0024,2.45,16000,test-other/2414/128292/2414-128292-0024.flac,THOU ART MY SHADOW
confirmation,test-other,2414,M,128292,2414-128292-0028,8.0799375,16000,test-other/2414/128292/2414-128292-0028.flac,BEWARE LEST IN THE END A NARROW FAITH CAPTURE THEE A HARD RIGOROUS DELUSION
confirmation,test-other,2414,M,128292,2414-128292-0029,6.3000625,16000,test-other/2414/128292/2414-128292-0029.flac,FOR NOW EVERYTHING THAT IS NARROW AND FIXED SEDUCETH AND TEMPTETH THEE
confirmation,test-other,2414,M,128292,2414-128292-0032,3.625,16000,test-other/2414/128292/2414-128292-0032.flac,WILT THOU HAVE A REST AND A HOME THIS EVENING
confirmation,test-other,2414,M,159411,2414-159411-0002,6.52,16000,test-other/2414/159411/2414-159411-0002.flac,OH FATHER OF MERCY ANSWERED THE TIGER IN TRUTH THAT I WILL NOT
confirmation,test-other,2414,M,159411,2414-159411-0005,13.48,16000,test-other/2414/159411/2414-159411-0005.flac,SO THE BRAHMAN AND THE TIGER WALKED ON TILL THEY CAME TO A BANYAN TREE AND THE BRAHMAN SAID TO IT BANYAN TREE BANYAN TREE HEAR AND GIVE JUDGMENT
confirmation,test-other,2414,M,159411,2414-159411-0009,5.55,16000,test-other/2414/159411/2414-159411-0009.flac,LET THE TIGER EAT THE MAN FOR MEN ARE AN UNGRATEFUL RACE
confirmation,test-other,2414,M,159411,2414-159411-0010,6.815,16000,test-other/2414/159411/2414-159411-0010.flac,SIR CAMEL SIR CAMEL CRIED THE BRAHMAN HEAR AND GIVE JUDGMENT
confirmation,test-other,2414,M,159411,2414-159411-0015,3.685,16000,test-other/2414/159411/2414-159411-0015.flac,ON WHAT MUST I GIVE JUDGMENT ASKED THE EAGLE
confirmation,test-other,2414,M,159411,2414-159411-0019,8.465,16000,test-other/2414/159411/2414-159411-0019.flac,BUT THE ALLIGATOR SAID WHENEVER I PUT MY NOSE OUT OF THE WATER MEN TORMENT ME AND TRY TO KILL ME
confirmation,test-other,2414,M,159411,2414-159411-0020,10.95,16000,test-other/2414/159411/2414-159411-0020.flac,THE BRAHMAN GAVE HIMSELF UP AS LOST BUT AGAIN HE PRAYED THE TIGER TO HAVE PATIENCE AND LET HIM ASK THE OPINION OF THE SIXTH JUDGE
confirmation,test-other,2414,M,159411,2414-159411-0021,2.49,16000,test-other/2414/159411/2414-159411-0021.flac,NOW THE SIXTH WAS A JACKAL
confirmation,test-other,2414,M,159411,2414-159411-0022,9.77,16000,test-other/2414/159411/2414-159411-0022.flac,THE BRAHMAN TOLD HIS STORY AND SAID TO HIM UNCLE JACKAL UNCLE JACKAL SAY WHAT IS YOUR JUDGMENT
confirmation,test-other,2414,M,159411,2414-159411-0023,2.29,16000,test-other/2414/159411/2414-159411-0023.flac,SHOW ME THE PLACE
confirmation,test-other,2414,M,159411,2414-159411-0035,3.695,16000,test-other/2414/159411/2414-159411-0035.flac,YOUR ROAD LIES THAT WAY AND MINE THIS
confirmation,test-other,2609,M,156975,2609-156975-0001,4.885,16000,test-other/2609/156975/2609-156975-0001.flac,HOLD ON HOLD FAST HOLD OUT PATIENCE IS GENIUS
confirmation,test-other,2609,M,156975,2609-156975-0002,10.745,16000,test-other/2609/156975/2609-156975-0002.flac,LET US HAVE FAITH THAT RIGHT MAKES MIGHT AND IN THAT FAITH LET US DARE TO DO OUR DUTY AS WE UNDERSTAND IT LINCOLN
confirmation,test-other,2609,M,156975,2609-156975-0006,10.555,16000,test-other/2609/156975/2609-156975-0006.flac,IT SEEMS PROBABLE THAT NOT ALL BUT ONLY PART OF THE TRIBES WHICH ULTIMATELY COALESCED INTO THE HEBREW NATION FOUND THEIR WAY TO EGYPT
confirmation,test-other,2609,M,156975,2609-156975-0013,6.81,16000,test-other/2609/156975/2609-156975-0013.flac,WAS ANY OTHER PROCEDURE TO BE EXPECTED FROM A DESPOTIC RULER OF THAT LAND AND DAY
confirmation,test-other,2609,M,156975,2609-156975-0014,3.015,16000,test-other/2609/156975/2609-156975-0014.flac,THE MAKING OF A LOYAL PATRIOT
confirmation,test-other,2609,M,156975,2609-156975-0016,5.105,16000,test-other/2609/156975/2609-156975-0016.flac,WAS MOSES JUSTIFIED IN RESISTING THE EGYPTIAN TASKMASTER
confirmation,test-other,2609,M,156975,2609-156975-0019,7.67,16000,test-other/2609/156975/2609-156975-0019.flac,THE WILDERNESS TO THE EAST OF EGYPT HAD FOR CENTURIES BEEN THE PLACE OF REFUGE FOR EGYPTIAN FUGITIVES
confirmation,test-other,2609,M,156975,2609-156975-0020,2.76,16000,test-other/2609/156975/2609-156975-0020.flac,FROM ABOUT TWO THOUSAND B C
confirmation,test-other,2609,M,156975,2609-156975-0022,13.505,16000,test-other/2609/156975/2609-156975-0022.flac,THESE SAND WANDERERS SENT HIM ON FROM TRIBE TO TRIBE UNTIL HE REACHED THE LAND OF KEDEM EAST OF THE DEAD SEA WHERE HE REMAINED FOR A YEAR AND A HALF
confirmation,test-other,2609,M,156975,2609-156975-0024,2.525,16000,test-other/2609/156975/2609-156975-0024.flac,THE SCHOOL OF THE WILDERNESS
confirmation,test-other,2609,M,156975,2609-156975-0028,8.09,16000,test-other/2609/156975/2609-156975-0028.flac,HERE MOSES LEARNED THE LESSONS THAT WERE ESSENTIAL FOR HIS TRAINING AS THE LEADER AND DELIVERER OF HIS PEOPLE
confirmation,test-other,2609,M,156975,2609-156975-0029,7.995,16000,test-other/2609/156975/2609-156975-0029.flac,AFTER THE CAPTURE OF JERICHO CERTAIN OF THEM WENT UP WITH THE SOUTHERN TRIBES TO CONQUER SOUTHERN PALESTINE
confirmation,test-other,2609,M,156975,2609-156975-0030,18.445,16000,test-other/2609/156975/2609-156975-0030.flac,MANY MODERN SCHOLARS DRAW THE CONCLUSION FROM THE BIBLICAL NARRATIVE THAT IT WAS FROM THE KENITES THAT MOSES FIRST LEARNED OF YAHWEH OR AS THE DISTINCTIVE NAME OF ISRAEL'S GOD WAS TRANSLATED BY LATER JEWISH SCRIBES JEHOVAH
confirmation,test-other,2609,M,156975,2609-156975-0031,8.03,16000,test-other/2609/156975/2609-156975-0031.flac,DO THE EARLIEST HEBREW TRADITIONS IMPLY THAT THE ANCESTORS OF THE ISRAELITES WERE WORSHIPPERS OF JEHOVAH
confirmation,test-other,2609,M,156975,2609-156975-0032,8.415,16000,test-other/2609/156975/2609-156975-0032.flac,THE TITLE OF HIS FATHER IN LAW IMPLIES THAT THIS PRIEST MINISTERED AT SOME WILDERNESS SANCTUARY
confirmation,test-other,2609,M,156975,2609-156975-0036,13.43,16000,test-other/2609/156975/2609-156975-0036.flac,THE WILDERNESS WITH ITS LURKING FOES AND THE EVER PRESENT DREAD OF HUNGER AND THIRST DEEPENED HIS SENSE OF NEED AND OF DEPENDENCE UPON A POWER ABLE TO GUIDE THE DESTINIES OF MEN
confirmation,test-other,2609,M,157645,2609-157645-0003,4.7399375,16000,test-other/2609/157645/2609-157645-0003.flac,BLACKBURN ARCHBISHOP OF YORK WAS A GREAT SMOKER
confirmation,test-other,2609,M,157645,2609-157645-0004,5.6950625,16000,test-other/2609/157645/2609-157645-0004.flac,ON ONE OCCASION HE WAS AT SAINT MARY'S CHURCH NOTTINGHAM FOR A CONFIRMATION
confirmation,test-other,2609,M,157645,2609-157645-0005,16.305,16000,test-other/2609/157645/2609-157645-0005.flac,ANOTHER EIGHTEENTH CENTURY CLERICAL WORTHY THE FAMOUS DOCTOR PARR AN INVETERATE SMOKER WAS ACCUSTOMED TO DO WHAT MISTER DISNEY PREVENTED ARCHBISHOP BLACKBURN FROM DOING HE SMOKED IN HIS VESTRY AT HATTON
confirmation,test-other,2609,M,157645,2609-157645-0010,4.57,16000,test-other/2609/157645/2609-157645-0010.flac,THEN LET THEM SING THE HUNDRED AND NINETEENTH REPLIED THE CURATE
confirmation,test-other,2609,M,157645,2609-157645-0011,11.735,16000,test-other/2609/157645/2609-157645-0011.flac,SIX ARMS THE NEAREST WITHIN REACH PRESENTED WITH AN OBEDIENT START AS MANY TOBACCO POUCHES TO THE MAN OF OFFICE
confirmation,test-other,2609,M,157645,2609-157645-0014,9.535,16000,test-other/2609/157645/2609-157645-0014.flac,WHEN THESE MEN IN THE COURSE OF MY REMONSTRANCE FOUND THAT I WAS NOT GOING TO CONTINUE THE CUSTOM THEY NO LONGER CARED TO BE COMMUNICANTS
confirmation,test-other,2609,M,169640,2609-169640-0001,7.835,16000,test-other/2609/169640/2609-169640-0001.flac,AN HOUR AFTER THE SUN HAD SET THE WIND FELL TO A LIGHT AIR THAT JUST KEPT STEERAGE WAY ON THE SHIP
confirmation,test-other,2609,M,169640,2609-169640-0004,10.84,16000,test-other/2609/169640/2609-169640-0004.flac,MISTER MARBLE HE I DO BELIEVE WAS FAIRLY SNOOZING ON THE HEN COOPS BEING LIKE THE SAILS AS ONE MIGHT SAY BARELY ASLEEP
confirmation,test-other,2609,M,169640,2609-169640-0005,7.02,16000,test-other/2609/169640/2609-169640-0005.flac,AT THAT MOMENT I HEARD A NOISE ONE FAMILIAR TO SEAMEN THAT OF AN OAR FALLING IN A BOAT
confirmation,test-other,2609,M,169640,2609-169640-0008,6.495,16000,test-other/2609/169640/2609-169640-0008.flac,ALTHOUGH THEY WENT THREE FEET TO OUR TWO THIS GAVE US A MOMENT OF BREATHING TIME
confirmation,test-other,2609,M,169640,2609-169640-0010,7.34,16000,test-other/2609/169640/2609-169640-0010.flac,I SOON SAW BOTH PROAS AND GLAD ENOUGH WAS I TO PERCEIVE THAT THEY HAD NOT APPROACHED MATERIALLY NEARER
confirmation,test-other,2609,M,169640,2609-169640-0020,2.83,16000,test-other/2609/169640/2609-169640-0020.flac,NOT A SOUL ON BOARD THE JOHN WAS HURT
confirmation,test-other,2609,M,169640,2609-169640-0022,3.465,16000,test-other/2609/169640/2609-169640-0022.flac,THEY WERE LIKE THE YELLS OF FIENDS IN ANGUISH
confirmation,test-other,2609,M,169640,2609-169640-0024,8.47,16000,test-other/2609/169640/2609-169640-0024.flac,IN THIS STATE THE SHIP PASSED AHEAD ALL HER CANVAS BEING FULL LEAVING THE PROA MOTIONLESS IN HER WAKE
confirmation,test-other,3005,M,163389,3005-163389-0001,5.425,16000,test-other/3005/163389/3005-163389-0001.flac,SOME SUNG OUT TEAR DOWN THE FENCE TEAR DOWN THE FENCE
confirmation,test-other,3005,M,163389,3005-163389-0005,7.92,16000,test-other/3005/163389/3005-163389-0005.flac,BECAUSE THEY'RE AFRAID THE MAN'S FRIENDS WILL SHOOT THEM IN THE BACK IN THE DARKAND IT'S JUST WHAT THEY WOULD DO
confirmation,test-other,3005,M,163389,3005-163389-0007,2.045,16000,test-other/3005/163389/3005-163389-0007.flac,YOU DIDN'T WANT TO COME
confirmation,test-other,3005,M,163389,3005-163389-0014,13.7,16000,test-other/3005/163389/3005-163389-0014.flac,SO THEN THE RINGMASTER HE MADE A LITTLE SPEECH AND SAID HE HOPED THERE WOULDN'T BE NO DISTURBANCE AND IF THE MAN WOULD PROMISE HE WOULDN'T MAKE NO MORE TROUBLE HE WOULD LET HIM RIDE IF HE THOUGHT HE COULD STAY ON THE HORSE
confirmation,test-other,3005,M,163390,3005-163390-0001,16.465,16000,test-other/3005/163390/3005-163390-0001.flac,THE PEOPLE MOST KILLED THEMSELVES LAUGHING AND WHEN THE KING GOT DONE CAPERING AND CAPERED OFF BEHIND THE SCENES THEY ROARED AND CLAPPED AND STORMED AND HAW HAWED TILL HE COME BACK AND DONE IT OVER AGAIN AND AFTER THAT THEY MADE HIM DO IT ANOTHER TIME
confirmation,test-other,3005,M,163390,3005-163390-0003,2.2,16000,test-other/3005/163390/3005-163390-0003.flac,THE DUKE SAYS YES
confirmation,test-other,3005,M,163390,3005-163390-0004,2.72,16000,test-other/3005/163390/3005-163390-0004.flac,EVERYBODY SINGS OUT SOLD
confirmation,test-other,3005,M,163390,3005-163390-0006,3.335,16000,test-other/3005/163390/3005-163390-0006.flac,JUST A WORD GENTLEMEN THEY STOPPED TO LISTEN
confirmation,test-other,3005,M,163390,3005-163390-0008,4.25,16000,test-other/3005/163390/3005-163390-0008.flac,YOU BET IT IS THE JEDGE IS RIGHT EVERYBODY SINGS OUT
confirmation,test-other,3005,M,163390,3005-163390-0010,4.335,16000,test-other/3005/163390/3005-163390-0010.flac,WE NEVER SHOWED A LIGHT TILL WE WAS ABOUT TEN MILE BELOW THE VILLAGE
confirmation,test-other,3005,M,163390,3005-163390-0011,2.58,16000,test-other/3005/163390/3005-163390-0011.flac,GREENHORNS FLATHEADS
confirmation,test-other,3005,M,163390,3005-163390-0018,5.46,16000,test-other/3005/163390/3005-163390-0018.flac,WELL HENRY HE TAKES A NOTION HE WANTS TO GET UP SOME TROUBLE WITH THIS COUNTRY
confirmation,test-other,3005,M,163390,3005-163390-0020,5.055,16000,test-other/3005/163390/3005-163390-0020.flac,ALL I SAY IS KINGS IS KINGS AND YOU GOT TO MAKE ALLOWANCES
confirmation,test-other,3005,M,163390,3005-163390-0029,2.735,16000,test-other/3005/163390/3005-163390-0029.flac,I LAY I MAKE YOU MINE
confirmation,test-other,3005,M,163391,3005-163391-0003,3.885,16000,test-other/3005/163391/3005-163391-0003.flac,JIM CLEANED UP THE CANOE AND I GOT MY PADDLE READY
confirmation,test-other,3005,M,163391,3005-163391-0004,2.83,16000,test-other/3005/163391/3005-163391-0004.flac,WHER YOU BOUND FOR YOUNG MAN
confirmation,test-other,3005,M,163391,3005-163391-0006,3.765,16000,test-other/3005/163391/3005-163391-0006.flac,I DONE SO AND THEN WE ALL THREE STARTED ON AGAIN
confirmation,test-other,3005,M,163391,3005-163391-0010,10.695,16000,test-other/3005/163391/3005-163391-0010.flac,NO MY NAME'S BLODGETT ELEXANDER BLODGETT REVEREND ELEXANDER BLODGETT I S'POSE I MUST SAY AS I'M ONE O THE LORD'S POOR SERVANTS
confirmation,test-other,3005,M,163391,3005-163391-0011,14.56,16000,test-other/3005/163391/3005-163391-0011.flac,YOU SEE HE WAS PRETTY OLD AND GEORGE'S G'YIRLS WAS TOO YOUNG TO BE MUCH COMPANY FOR HIM EXCEPT MARY JANE THE RED HEADED ONE AND SO HE WAS KINDER LONESOME AFTER GEORGE AND HIS WIFE DIED AND DIDN'T SEEM TO CARE MUCH TO LIVE
confirmation,test-other,3005,M,163391,3005-163391-0012,4.595,16000,test-other/3005/163391/3005-163391-0012.flac,TOO BAD TOO BAD HE COULDN'T A LIVED TO SEE HIS BROTHERS POOR SOUL
confirmation,test-other,3005,M,163391,3005-163391-0017,4.27,16000,test-other/3005/163391/3005-163391-0017.flac,OLD PETER HAD FRIENDS AND THEY AIN'T GOING TO LET THEM COME TO NO HARM
confirmation,test-other,3005,M,163391,3005-163391-0021,5.15,16000,test-other/3005/163391/3005-163391-0021.flac,WHEN WE STRUCK THE BOAT SHE WAS ABOUT DONE LOADING AND PRETTY SOON SHE GOT OFF
confirmation,test-other,3005,M,163399,3005-163399-0014,5.285,16000,test-other/3005/163399/3005-163399-0014.flac,I SEE IT WARN'T A BIT OF USE TO TRY TO GO AHEAD I'D GOT TO THROW UP MY HAND
confirmation,test-other,3005,M,163399,3005-163399-0015,5.025,16000,test-other/3005/163399/3005-163399-0015.flac,SO I SAYS TO MYSELF HERE'S ANOTHER PLACE WHERE I GOT TO RESK THE TRUTH
confirmation,test-other,3005,M,163399,3005-163399-0017,2.405,16000,test-other/3005/163399/3005-163399-0017.flac,CHILDREN DON'T YOU SAY A WORD
confirmation,test-other,3005,M,163399,3005-163399-0020,3.565,16000,test-other/3005/163399/3005-163399-0020.flac,HAS HE COME NO SAYS HER HUSBAND
confirmation,test-other,3005,M,163399,3005-163399-0022,3.8,16000,test-other/3005/163399/3005-163399-0022.flac,UNEASY SHE SAYS I'M READY TO GO DISTRACTED
confirmation,test-other,3005,M,163399,3005-163399-0025,4.94,16000,test-other/3005/163399/3005-163399-0025.flac,WHY SILAS LOOK YONDER UP THE ROAD AIN'T THAT SOMEBODY COMING
confirmation,test-other,3005,M,163399,3005-163399-0026,2.45,16000,test-other/3005/163399/3005-163399-0026.flac,THE OLD GENTLEMAN STARED AND SAYS
confirmation,test-other,3005,M,163399,3005-163399-0027,3.025,16000,test-other/3005/163399/3005-163399-0027.flac,I HAIN'T NO IDEA WHO IS IT
confirmation,test-other,3080,F,5032,3080-5032-0000,4.555,16000,test-other/3080/5032/3080-5032-0000.flac,BUT I AM HUGELY PLEASED THAT YOU HAVE SEEN MY LADY
confirmation,test-other,3080,F,5032,3080-5032-0003,4.04,16000,test-other/3080/5032/3080-5032-0003.flac,WHY DID YOU NOT SEND ME THAT NEWS AND A GARLAND
confirmation,test-other,3080,F,5032,3080-5032-0004,5.925,16000,test-other/3080/5032/3080-5032-0004.flac,WELL THE BEST ON'T IS I HAVE A SQUIRE NOW THAT IS AS GOOD AS A KNIGHT
confirmation,test-other,3080,F,5032,3080-5032-0005,8.22,16000,test-other/3080/5032/3080-5032-0005.flac,IN EARNEST WE HAVE HAD SUCH A SKIRMISH AND UPON SO FOOLISH AN OCCASION AS I CANNOT TELL WHICH IS STRANGEST
confirmation,test-other,3080,F,5032,3080-5032-0008,9.01,16000,test-other/3080/5032/3080-5032-0008.flac,TIS A STRANGE CHANGE AND I AM VERY SORRY FOR IT BUT I'LL SWEAR I KNOW NOT HOW TO HELP IT
confirmation,test-other,3080,F,5032,3080-5032-0010,2.98,16000,test-other/3080/5032/3080-5032-0010.flac,I THINK MY YOUNGEST BROTHER COMES DOWN WITH HIM
confirmation,test-other,3080,F,5032,3080-5032-0011,10.22,16000,test-other/3080/5032/3080-5032-0011.flac,I CAN NO SOONER GIVE YOU SOME LITTLE HINTS WHEREABOUTS THEY LIVE BUT YOU KNOW THEM PRESENTLY AND I MEANT YOU SHOULD BE BEHOLDING TO ME FOR YOUR ACQUAINTANCE
confirmation,test-other,3080,F,5032,3080-5032-0017,7.92,16000,test-other/3080/5032/3080-5032-0017.flac,IF MARRIAGE AGREES NO BETTER WITH OTHER PEOPLE THAN IT DOES WITH HIM I SHALL PRAY THAT ALL MY FRIENDS MAY SCAPE IT
confirmation,test-other,3080,F,5032,3080-5032-0019,21.4,16000,test-other/3080/5032/3080-5032-0019.flac,THE MATTER IS NOT GREAT FOR I CONFESS I DO NATURALLY HATE THE NOISE AND TALK OF THE WORLD AND SHOULD BE BEST PLEASED NEVER TO BE KNOWN IN'T UPON ANY OCCASION WHATSOEVER YET SINCE IT CAN NEVER BE WHOLLY AVOIDED ONE MUST SATISFY ONESELF BY DOING NOTHING THAT ONE NEED CARE WHO KNOWS
confirmation,test-other,3080,F,5032,3080-5032-0020,3.67,16000,test-other/3080/5032/3080-5032-0020.flac,IF I HAD A PICTURE THAT WERE FIT FOR YOU YOU SHOULD HAVE IT
confirmation,test-other,3080,F,5032,3080-5032-0021,8.38,16000,test-other/3080/5032/3080-5032-0021.flac,HOW CAN YOU TALK OF DEFYING FORTUNE NOBODY LIVES WITHOUT IT AND THEREFORE WHY SHOULD YOU IMAGINE YOU COULD
confirmation,test-other,3080,F,5032,3080-5032-0024,10.42,16000,test-other/3080/5032/3080-5032-0024.flac,AND BESIDES THERE WAS A TIME WHEN WE OURSELVES WERE INDIFFERENT TO ONE ANOTHER DID I DO SO THEN OR HAVE I LEARNED IT SINCE
confirmation,test-other,3080,F,5032,3080-5032-0025,9.095,16000,test-other/3080/5032/3080-5032-0025.flac,I HAVE BEEN STUDYING HOW TOM CHEEKE MIGHT COME BY HIS INTELLIGENCE AND I VERILY BELIEVE HE HAS IT FROM MY COUSIN PETERS
confirmation,test-other,3080,F,5032,3080-5032-0026,7.105,16000,test-other/3080/5032/3080-5032-0026.flac,HOW KINDLY DO I TAKE THESE CIVILITIES OF YOUR FATHER'S IN EARNEST YOU CANNOT IMAGINE HOW HIS LETTER PLEASED ME
confirmation,test-other,3080,F,5040,3080-5040-0000,6.85,16000,test-other/3080/5040/3080-5040-0000.flac,WOULD IT WOULD LEAVE ME AND THEN I COULD BELIEVE I SHALL NOT ALWAYS HAVE OCCASION FOR IT
confirmation,test-other,3080,F,5040,3080-5040-0001,12.95,16000,test-other/3080/5040/3080-5040-0001.flac,MY POOR LADY VAVASOUR IS CARRIED TO THE TOWER AND HER GREAT BELLY COULD NOT EXCUSE HER BECAUSE SHE WAS ACQUAINTED BY SOMEBODY THAT THERE WAS A PLOT AGAINST THE PROTECTOR AND DID NOT DISCOVER IT
confirmation,test-other,3080,F,5040,3080-5040-0002,13.15,16000,test-other/3080/5040/3080-5040-0002.flac,SHE HAS TOLD NOW ALL THAT WAS TOLD HER BUT VOWS SHE WILL NEVER SAY FROM WHENCE SHE HAD IT WE SHALL SEE WHETHER HER RESOLUTIONS ARE AS UNALTERABLE AS THOSE OF MY LADY TALMASH
confirmation,test-other,3080,F,5040,3080-5040-0004,16.06,16000,test-other/3080/5040/3080-5040-0004.flac,I NEVER SAW ANY ONE YET THAT DID NOT LOOK SIMPLY AND OUT OF COUNTENANCE NOR EVER KNEW A WEDDING WELL DESIGNED BUT ONE AND THAT WAS OF TWO PERSONS WHO HAD TIME ENOUGH I CONFESS TO CONTRIVE IT AND NOBODY TO PLEASE IN'T BUT THEMSELVES
confirmation,test-other,3080,F,5040,3080-5040-0010,9.45,16000,test-other/3080/5040/3080-5040-0010.flac,BY THE NEXT I SHALL BE GONE INTO KENT AND MY OTHER JOURNEY IS LAID ASIDE WHICH I AM NOT DISPLEASED AT BECAUSE IT WOULD HAVE BROKEN OUR INTERCOURSE VERY MUCH
confirmation,test-other,3080,F,5040,3080-5040-0011,3.915,16000,test-other/3080/5040/3080-5040-0011.flac,HERE ARE SOME VERSES OF COWLEY'S TELL ME HOW YOU LIKE THEM
confirmation,test-other,3080,F,5040,3080-5040-0013,16.71,16000,test-other/3080/5040/3080-5040-0013.flac,IF I DROWN BY THE WAY THIS WILL BE MY LAST LETTER AND LIKE A WILL I BEQUEATH ALL MY KINDNESS TO YOU IN IT WITH A CHARGE NEVER TO BESTOW IT ALL UPON ANOTHER MISTRESS LEST MY GHOST RISE AGAIN AND HAUNT YOU
confirmation,test-other,3080,F,5040,3080-5040-0014,11.61,16000,test-other/3080/5040/3080-5040-0014.flac,INDEED I LIKE HIM EXTREMELY AND HE IS COMMENDED TO ME BY PEOPLE THAT KNOW HIM VERY WELL AND ARE ABLE TO JUDGE FOR A MOST EXCELLENT SERVANT AND FAITHFUL AS POSSIBLE
confirmation,test-other,3080,F,5040,3080-5040-0019,13.13,16000,test-other/3080/5040/3080-5040-0019.flac,I SEE YOU CAN CHIDE WHEN YOU PLEASE AND WITH AUTHORITY BUT I DESERVE IT I CONFESS AND ALL I CAN SAY FOR MYSELF IS THAT MY FAULT PROCEEDED FROM A VERY GOOD PRINCIPLE IN ME
confirmation,test-other,3080,F,5040,3080-5040-0020,7.08,16000,test-other/3080/5040/3080-5040-0020.flac,WE DARE NOT LET OUR TONGUES LIE MORE ON ONE SIDE OF OUR MOUTHS THAN T'OTHER FOR FEAR OF OVERTURNING IT
confirmation,test-other,3080,F,5040,3080-5040-0021,4.42,16000,test-other/3080/5040/3080-5040-0021.flac,YOU ARE SATISFIED I HOPE ERE THIS THAT I SCAPED DROWNING
confirmation,test-other,3080,F,5040,3080-5040-0022,13.06,16000,test-other/3080/5040/3080-5040-0022.flac,BUT I AM TROUBLED MUCH YOU SHOULD MAKE SO ILL A JOURNEY TO SO LITTLE PURPOSE INDEED I WRIT BY THE FIRST POST AFTER MY ARRIVAL HERE AND CANNOT IMAGINE HOW YOU CAME TO MISS OF MY LETTERS
confirmation,test-other,3080,F,5040,3080-5040-0023,3.81,16000,test-other/3080/5040/3080-5040-0023.flac,HOW WELCOME YOU WILL BE BUT ALAS
confirmation,test-other,3080,F,5040,3080-5040-0027,9.7,16000,test-other/3080/5040/3080-5040-0027.flac,WELL IN SOBER EARNEST NOW I WOULD NOT LIVE THUS A TWELVEMONTH TO GAIN ALL THAT THE KING HAS LOST UNLESS IT WERE TO GIVE IT HIM AGAIN
confirmation,test-other,3080,F,5040,3080-5040-0029,13.0,16000,test-other/3080/5040/3080-5040-0029.flac,HE HAS ONE SON AND TIS THE FINEST BOY THAT E'ER YOU SAW AND HAS A NOBLE SPIRIT BUT YET STANDS IN THAT AWE OF HIS FATHER THAT ONE WORD FROM HIM IS AS MUCH AS TWENTY WHIPPINGS
confirmation,test-other,3080,F,5040,3080-5040-0030,7.245,16000,test-other/3080/5040/3080-5040-0030.flac,YOU MUST GIVE ME LEAVE TO ENTERTAIN YOU THUS WITH DISCOURSES OF THE FAMILY FOR I CAN TELL YOU NOTHING ELSE FROM HENCE
confirmation,test-other,3331,F,159605,3331-159605-0001,3.095,16000,test-other/3331/159605/3331-159605-0001.flac,THE MORE PROPOSALS THE MORE CREDIT
confirmation,test-other,3331,F,159605,3331-159605-0005,4.755,16000,test-other/3331/159605/3331-159605-0005.flac,I COULD DO SO MUCH FOR ALL AT HOME HOW I SHOULD ENJOY THAT
confirmation,test-other,3331,F,159605,3331-159605-0006,3.13,16000,test-other/3331/159605/3331-159605-0006.flac,LET ME SEE HOW CAN I BEGIN
confirmation,test-other,3331,F,159605,3331-159605-0009,10.22,16000,test-other/3331/159605/3331-159605-0009.flac,I DON'T THINK IT WAS HIS WEALTH ACCOMPLISHMENTS OR POSITION THAT MOST ATTRACTED POLLY THOUGH THESE DOUBTLESS POSSESSED A GREATER INFLUENCE THAN SHE SUSPECTED
confirmation,test-other,3331,F,159605,3331-159605-0014,9.67,16000,test-other/3331/159605/3331-159605-0014.flac,POLLY FELT A VERY CORDIAL FRIENDSHIP FOR MISTER SYDNEY BUT NOT ONE PARTICLE OF THE LOVE WHICH IS THE ONLY COIN IN WHICH LOVE CAN BE TRULY PAID
confirmation,test-other,3331,F,159605,3331-159605-0015,14.61,16000,test-other/3331/159605/3331-159605-0015.flac,THIS FINISHED POLLY'S INDECISION AND AFTER THAT NIGHT SHE NEVER ALLOWED HERSELF TO DWELL UPON THE PLEASANT TEMPTATION WHICH CAME IN A GUISE PARTICULARLY ATTRACTIVE TO A YOUNG GIRL WITH A SPICE OF THE OLD EVE IN HER COMPOSITION
confirmation,test-other,3331,F,159605,3331-159605-0016,12.94,16000,test-other/3331/159605/3331-159605-0016.flac,WHEN SATURDAY CAME POLLY STARTED AS USUAL FOR A VISIT TO BECKY AND BESS BUT COULD N'T RESIST STOPPING AT THE SHAWS TO LEAVE A LITTLE PARCEL FOR FAN THOUGH IT WAS CALLING TIME
confirmation,test-other,3331,F,159605,3331-159605-0017,9.19,16000,test-other/3331/159605/3331-159605-0017.flac,A FOOLISH LITTLE SPEECH TO MAKE TO A DOG BUT YOU SEE POLLY WAS ONLY A TENDER HEARTED GIRL TRYING TO DO HER DUTY
confirmation,test-other,3331,F,159605,3331-159605-0020,14.975,16000,test-other/3331/159605/3331-159605-0020.flac,HOW HE GOT THERE WAS NEVER VERY CLEAR TO POLLY BUT THERE HE WAS FLUSHED AND A LITTLE OUT OF BREATH BUT LOOKING SO GLAD TO SEE HER THAT SHE HAD N'T THE HEART TO BE STIFF AND COOL AS SHE HAD FULLY INTENDED TO BE WHEN THEY MET
confirmation,test-other,3331,F,159605,3331-159605-0021,7.115,16000,test-other/3331/159605/3331-159605-0021.flac,SHE REALLY COULD N'T HELP IT IT WAS SO PLEASANT TO SEE HIM AGAIN JUST WHEN SHE WAS FEELING SO LONELY
confirmation,test-other,3331,F,159605,3331-159605-0024,12.99,16000,test-other/3331/159605/3331-159605-0024.flac,BUT I KNOW HER BETTER AND I ASSURE YOU THAT SHE DOES IMPROVE SHE TRIES TO MEND HER FAULTS THOUGH SHE WON'T OWN IT AND WILL SURPRISE YOU SOME DAY BY THE AMOUNT OF HEART AND SENSE AND GOODNESS SHE HAS GOT
confirmation,test-other,3331,F,159605,3331-159605-0025,1.72,16000,test-other/3331/159605/3331-159605-0025.flac,THANK YOU NO
confirmation,test-other,3331,F,159605,3331-159605-0026,4.5,16000,test-other/3331/159605/3331-159605-0026.flac,HOW LOVELY THE PARK LOOKS SHE SAID IN GREAT CONFUSION
confirmation,test-other,3331,F,159605,3331-159605-0029,18.86,16000,test-other/3331/159605/3331-159605-0029.flac,SO WHEN SHE MADE HER LAST BRILLIANT REMARK HE SAID QUIETLY WATCHING HER FACE KEENLY ALL THE WHILE I THOUGHT SO WELL I M GOING OUT OF TOWN ON BUSINESS FOR SEVERAL WEEKS SO YOU CAN ENJOY YOUR LITTLE BIT OF COUNTRY WITHOUT BEING ANNOYED BY ME ANNOYED
confirmation,test-other,3331,F,159605,3331-159605-0034,2.035,16000,test-other/3331/159605/3331-159605-0034.flac,PERHAPS SHE LL JILT HIM
confirmation,test-other,3331,F,159605,3331-159605-0035,3.18,16000,test-other/3331/159605/3331-159605-0035.flac,UTTERLY DONE WITH AND LAID UPON THE SHELF
confirmation,test-other,3331,F,159605,3331-159605-0037,5.68,16000,test-other/3331/159605/3331-159605-0037.flac,NOW DON'T BE AFFECTED POLLY BUT JUST TELL ME LIKE A DEAR HAS N'T HE PROPOSED
confirmation,test-other,3331,F,159605,3331-159605-0039,2.88,16000,test-other/3331/159605/3331-159605-0039.flac,TRULY TRULY FAN
confirmation,test-other,3331,F,159605,3331-159605-0040,3.66,16000,test-other/3331/159605/3331-159605-0040.flac,I DON'T MEAN TO BE PRYING BUT I REALLY THOUGHT HE DID
confirmation,test-other,3331,F,159605,3331-159605-0041,5.255,16000,test-other/3331/159605/3331-159605-0041.flac,WELL I ALWAYS MEANT TO TRY IT IF I GOT A CHANCE AND I HAVE
confirmation,test-other,3331,F,159605,3331-159605-0043,7.095,16000,test-other/3331/159605/3331-159605-0043.flac,HE MEANT TO GO AWAY BEFORE THAT SO DON'T THINK HIS HEART IS BROKEN OR MIND WHAT SILLY TATTLERS SAY
confirmation,test-other,3331,F,159605,3331-159605-0044,3.755,16000,test-other/3331/159605/3331-159605-0044.flac,HE UNDERSTOOD AND BEING A GENTLEMAN MADE NO FUSS
confirmation,test-other,3331,F,159605,3331-159605-0046,6.46,16000,test-other/3331/159605/3331-159605-0046.flac,I M ODD YOU KNOW AND PREFER TO BE AN INDEPENDENT SPINSTER AND TEACH MUSIC ALL MY DAYS
confirmation,test-other,3331,F,159609,3331-159609-0005,6.64,16000,test-other/3331/159609/3331-159609-0005.flac,NO I M ONLY TIRED HAD A GOOD DEAL TO DO LATELY AND THE DULL WEATHER MAKES ME JUST A TRIFLE BLUE
confirmation,test-other,3331,F,159609,3331-159609-0010,5.26,16000,test-other/3331/159609/3331-159609-0010.flac,POOR POLLY WAS SO TAKEN BY SURPRISE THAT SHE HAD NOT A WORD TO SAY
confirmation,test-other,3331,F,159609,3331-159609-0012,6.115,16000,test-other/3331/159609/3331-159609-0012.flac,ONCE OR TWICE BUT SORT OF JOKINGLY AND I THOUGHT IT WAS ONLY SOME LITTLE FLIRTATION
confirmation,test-other,3331,F,159609,3331-159609-0016,2.89,16000,test-other/3331/159609/3331-159609-0016.flac,SAID FANNY TURNING HOPEFUL ALL AT ONCE
confirmation,test-other,3331,F,159609,3331-159609-0017,8.13,16000,test-other/3331/159609/3331-159609-0017.flac,SUPPOSE I SAY A WORD TO TOM JUST INQUIRE AFTER HIS HEART IN A GENERAL WAY YOU KNOW AND GIVE HIM A CHANCE TO TELL ME IF THERE IS ANYTHING TO TELL
confirmation,test-other,3331,F,159609,3331-159609-0019,3.615,16000,test-other/3331/159609/3331-159609-0019.flac,IT WAS A VERY DIFFERENT WINTER FROM THE LAST FOR BOTH THE GIRLS
confirmation,test-other,3331,F,159609,3331-159609-0023,6.34,16000,test-other/3331/159609/3331-159609-0023.flac,FOR NED WAS SO ABSORBED IN BUSINESS THAT HE IGNORED THE WHOLE BAILEY QUESTION AND LEFT THEM IN UTTER DARKNESS
confirmation,test-other,3528,F,168656,3528-168656-0004,4.7,16000,test-other/3528/168656/3528-168656-0004.flac,IT WAS A CENTURY WHICH SPOKE THROUGH HER BUT IT WAS THE EIGHTEENTH CENTURY
confirmation,test-other,3528,F,168656,3528-168656-0010,6.28,16000,test-other/3528/168656/3528-168656-0010.flac,WHEN THE POOR OLD WOMAN DIED THEY RUSHED TO HER CUPBOARD MORE HASTILY THAN WAS FITTING PERHAPS AND OPENED IT
confirmation,test-other,3528,F,168669,3528-168669-0003,3.515,16000,test-other/3528/168669/3528-168669-0003.flac,REVEREND MOTHER DO YOU KNOW THE CHAPEL
confirmation,test-other,3528,F,168669,3528-168669-0006,3.475,16000,test-other/3528/168669/3528-168669-0006.flac,THE SLAB OF THE PAVEMENT WHICH IS AT THE SIDE OF THE ALTAR
confirmation,test-other,3528,F,168669,3528-168669-0007,3.68,16000,test-other/3528/168669/3528-168669-0007.flac,THE SLAB WHICH CLOSES THE VAULT YES
confirmation,test-other,3528,F,168669,3528-168669-0009,2.12,16000,test-other/3528/168669/3528-168669-0009.flac,A WOMAN IS NEVER A MAN
confirmation,test-other,3528,F,168669,3528-168669-0015,1.985,16000,test-other/3528/168669/3528-168669-0015.flac,I WILL PUT THE LEVER THROUGH IT
confirmation,test-other,3528,F,168669,3528-168669-0019,2.69,16000,test-other/3528/168669/3528-168669-0019.flac,FAUVENT WE HAVE CONFIDENCE IN YOU
confirmation,test-other,3528,F,168669,3528-168669-0024,3.2,16000,test-other/3528/168669/3528-168669-0024.flac,FATHER FAUVENT REVEREND MOTHER
confirmation,test-other,3528,F,168669,3528-168669-0026,3.0,16000,test-other/3528/168669/3528-168669-0026.flac,NO DID YOU NOT HEAR THE BELL
confirmation,test-other,3528,F,168669,3528-168669-0034,1.69,16000,test-other/3528/168669/3528-168669-0034.flac,WHAT DO YOU SAY
confirmation,test-other,3528,F,168669,3528-168669-0037,2.36,16000,test-other/3528/168669/3528-168669-0037.flac,BUT I DID NOT SAY MORE OFTEN
confirmation,test-other,3528,F,168669,3528-168669-0040,2.41,16000,test-other/3528/168669/3528-168669-0040.flac,IT CUT MORE OFTEN SHORT
confirmation,test-other,3528,F,168669,3528-168669-0047,2.725,16000,test-other/3528/168669/3528-168669-0047.flac,THERE WAS SOMETHING OF PARADISE IN THAT DEATH
confirmation,test-other,3528,F,168669,3528-168669-0048,4.46,16000,test-other/3528/168669/3528-168669-0048.flac,FAUCHELEVENT THOUGHT THAT IT WAS AN ORISON WHICH SHE WAS FINISHING
confirmation,test-other,3528,F,168669,3528-168669-0051,3.85,16000,test-other/3528/168669/3528-168669-0051.flac,FORTUNATELY THE PRIORESS COMPLETELY ABSORBED IN HER OWN THOUGHTS DID NOT HEAR IT
confirmation,test-other,3528,F,168669,3528-168669-0053,1.77,16000,test-other/3528/168669/3528-168669-0053.flac,YES REVEREND MOTHER
confirmation,test-other,3528,F,168669,3528-168669-0057,8.445,16000,test-other/3528/168669/3528-168669-0057.flac,FATHER FAUVENT MOTHER CRUCIFIXION WILL BE INTERRED IN THE COFFIN IN WHICH SHE HAS SLEPT FOR THE LAST TWENTY YEARS THAT IS JUST
confirmation,test-other,3528,F,168669,3528-168669-0088,2.53,16000,test-other/3528/168669/3528-168669-0088.flac,WE ARE IGNORANT AND IMPIOUS
confirmation,test-other,3528,F,168669,3528-168669-0096,5.815,16000,test-other/3528/168669/3528-168669-0096.flac,ONE NO LONGER KNOWS WHAT IS DUE TO THE LIVING OR TO THE DEAD A HOLY DEATH IS PROHIBITED
confirmation,test-other,3528,F,168669,3528-168669-0097,6.07,16000,test-other/3528/168669/3528-168669-0097.flac,GAUTHIER BISHOP OF CHALONS HELD HIS OWN IN THIS MATTER AGAINST OTHO DUKE OF BURGUNDY
confirmation,test-other,3528,F,168669,3528-168669-0098,3.37,16000,test-other/3528/168669/3528-168669-0098.flac,THE PRIORESS TOOK BREATH THEN TURNED TO FAUCHELEVENT
confirmation,test-other,3528,F,168669,3528-168669-0105,2.83,16000,test-other/3528/168669/3528-168669-0105.flac,HAS THE DOCTOR FOR THE DEAD PAID HIS VISIT
confirmation,test-other,3528,F,168669,3528-168669-0108,2.95,16000,test-other/3528/168669/3528-168669-0108.flac,BUT YOU DO NOT UNDERSTAND ANY OF THE PEALS
confirmation,test-other,3528,F,168669,3528-168669-0117,6.105,16000,test-other/3528/168669/3528-168669-0117.flac,I WILL DO ANYTHING TO PROVE MY ZEAL TOWARDS THE COMMUNITY THESE ARE MY ORDERS I AM TO NAIL UP THE COFFIN
confirmation,test-other,3528,F,168669,3528-168669-0118,2.865,16000,test-other/3528/168669/3528-168669-0118.flac,AT ELEVEN O'CLOCK EXACTLY I AM TO BE IN THE CHAPEL
confirmation,test-other,3528,F,168669,3528-168669-0119,2.97,16000,test-other/3528/168669/3528-168669-0119.flac,MOTHER ASCENSION WILL BE THERE TWO MEN WOULD BE BETTER
confirmation,test-other,3528,F,168669,3528-168669-0120,2.645,16000,test-other/3528/168669/3528-168669-0120.flac,HOWEVER NEVER MIND I SHALL HAVE MY LEVER
confirmation,test-other,3528,F,168669,3528-168669-0125,3.31,16000,test-other/3528/168669/3528-168669-0125.flac,IT WILL BE GIVEN TO THE EARTH EMPTY
confirmation,test-other,3528,F,168669,3528-168669-0126,3.8,16000,test-other/3528/168669/3528-168669-0126.flac,AH THE DE EXCLAIMED FAUCHELEVENT
confirmation,test-other,3538,F,142836,3538-142836-0000,5.16,16000,test-other/3538/142836/3538-142836-0000.flac,GENERAL OBSERVATIONS ON PRESERVES CONFECTIONARY ICES AND DESSERT DISHES
confirmation,test-other,3538,F,142836,3538-142836-0006,5.27,16000,test-other/3538/142836/3538-142836-0006.flac,IT IS CONSIDERED TO BE SUFFICIENTLY BOILED WHEN SOME TAKEN UP IN A SPOON POURS OUT LIKE OIL
confirmation,test-other,3538,F,142836,3538-142836-0009,7.295,16000,test-other/3538/142836/3538-142836-0009.flac,BOIL THEM UP THREE DAYS SUCCESSIVELY SKIMMING EACH TIME AND THEY WILL THEN BE FINISHED AND IN A STATE FIT TO BE PUT INTO POTS FOR USE
confirmation,test-other,3538,F,142836,3538-142836-0015,9.78,16000,test-other/3538/142836/3538-142836-0015.flac,MARMALADES AND JAMS DIFFER LITTLE FROM EACH OTHER THEY ARE PRESERVES OF A HALF LIQUID CONSISTENCY MADE BY BOILING THE PULP OF FRUITS AND SOMETIMES PART OF THE RINDS WITH SUGAR
confirmation,test-other,3538,F,142836,3538-142836-0016,6.115,16000,test-other/3538/142836/3538-142836-0016.flac,THAT THEY MAY KEEP IT IS NECESSARY NOT TO BE SPARING OF SUGAR FIFTEEN O THREE
confirmation,test-other,3538,F,142836,3538-142836-0019,29.525,16000,test-other/3538/142836/3538-142836-0019.flac,IN SPEAKING OF CONFECTIONARY IT SHOULD BE REMARKED THAT ALL THE VARIOUS PREPARATIONS ABOVE NAMED COME STRICTLY SPEAKING UNDER THAT HEAD FOR THE VARIOUS FRUITS FLOWERS HERBS ROOTS AND JUICES WHICH WHEN BOILED WITH SUGAR WERE FORMERLY EMPLOYED IN PHARMACY AS WELL AS FOR SWEETMEATS WERE CALLED CONFECTIONS FROM THE LATIN WORD CONFICERE TO MAKE UP BUT THE TERM CONFECTIONARY EMBRACES A VERY LARGE CLASS INDEED OF SWEET FOOD MANY KINDS OF WHICH SHOULD NOT BE ATTEMPTED IN THE ORDINARY CUISINE
confirmation,test-other,3538,F,142836,3538-142836-0020,8.19,16000,test-other/3538/142836/3538-142836-0020.flac,THE THOUSAND AND ONE ORNAMENTAL DISHES THAT ADORN THE TABLES OF THE WEALTHY SHOULD BE PURCHASED FROM THE CONFECTIONER THEY CANNOT PROFITABLY BE MADE AT HOME
confirmation,test-other,3538,F,142836,3538-142836-0021,7.68,16000,test-other/3538/142836/3538-142836-0021.flac,HOWEVER AS LATE AS THE REIGNS OF OUR TWO LAST GEORGES FABULOUS SUMS WERE OFTEN EXPENDED UPON FANCIFUL DESSERTS
confirmation,test-other,3538,F,142836,3538-142836-0024,5.085,16000,test-other/3538/142836/3538-142836-0024.flac,AT DESSERTS OR AT SOME EVENING PARTIES ICES ARE SCARCELY TO BE DISPENSED WITH
confirmation,test-other,3538,F,142836,3538-142836-0025,4.405,16000,test-other/3538/142836/3538-142836-0025.flac,THE SPADDLE IS GENERALLY MADE OF COPPER KEPT BRIGHT AND CLEAN
confirmation,test-other,3538,F,142836,3538-142836-0026,10.77,16000,test-other/3538/142836/3538-142836-0026.flac,THEY SHOULD BE TAKEN IMMEDIATELY AFTER THE REPAST OR SOME HOURS AFTER BECAUSE THE TAKING THESE SUBSTANCES DURING THE PROCESS OF DIGESTION IS APT TO PROVOKE INDISPOSITION
confirmation,test-other,3538,F,163619,3538-163619-0000,4.9,16000,test-other/3538/163619/3538-163619-0000.flac,THERE WAS ONCE ON A TIME A WIDOWER WHO HAD A SON AND A DAUGHTER BY HIS FIRST WIFE
confirmation,test-other,3538,F,163619,3538-163619-0001,14.235,16000,test-other/3538/163619/3538-163619-0001.flac,FROM THE VERY DAY THAT THE NEW WIFE CAME INTO THE HOUSE THERE WAS NO PEACE FOR THE MAN'S CHILDREN AND NOT A CORNER TO BE FOUND WHERE THEY COULD GET ANY REST SO THE BOY THOUGHT THAT THE BEST THING HE COULD DO WAS TO GO OUT INTO THE WORLD AND TRY TO EARN HIS OWN BREAD
confirmation,test-other,3538,F,163619,3538-163619-0002,3.885,16000,test-other/3538/163619/3538-163619-0002.flac,BUT HIS SISTER WHO WAS STILL AT HOME FARED WORSE AND WORSE
confirmation,test-other,3538,F,163619,3538-163619-0004,8.51,16000,test-other/3538/163619/3538-163619-0004.flac,WHEN THE KING ENTERED AND SAW IT HE STOOD STILL AS IF HE WERE IN FETTERS AND COULD NOT STIR FROM THE SPOT FOR THE PICTURE SEEMED TO HIM SO BEAUTIFUL
confirmation,test-other,3538,F,163619,3538-163619-0005,5.31,16000,test-other/3538/163619/3538-163619-0005.flac,THE YOUTH PROMISED TO MAKE ALL THE HASTE HE COULD AND SET FORTH FROM THE KING'S PALACE
confirmation,test-other,3538,F,163619,3538-163619-0006,3.07,16000,test-other/3538/163619/3538-163619-0006.flac,AT LAST THEY CAME IN SIGHT OF LAND
confirmation,test-other,3538,F,163619,3538-163619-0007,6.85,16000,test-other/3538/163619/3538-163619-0007.flac,WELL IF MY BROTHER SAYS SO I MUST DO IT SAID THE MAN'S DAUGHTER AND SHE FLUNG HER CASKET INTO THE SEA
confirmation,test-other,3538,F,163619,3538-163619-0008,3.54,16000,test-other/3538/163619/3538-163619-0008.flac,WHAT IS MY BROTHER SAYING ASKED HIS SISTER AGAIN
confirmation,test-other,3538,F,163622,3538-163622-0000,3.495,16000,test-other/3538/163622/3538-163622-0000.flac,WILT THOU SERVE ME AND WATCH MY SEVEN FOALS ASKED THE KING
confirmation,test-other,3538,F,163622,3538-163622-0003,2.28,16000,test-other/3538/163622/3538-163622-0003.flac,YES THAT I HAVE SAID THE YOUTH
confirmation,test-other,3538,F,163622,3538-163622-0009,4.35,16000,test-other/3538/163622/3538-163622-0009.flac,SO THERE HE SAT WITH HIS HEAD ON HER LAP TAKING HIS EASE THE LIVELONG DAY
confirmation,test-other,3538,F,163622,3538-163622-0018,11.13,16000,test-other/3538/163622/3538-163622-0018.flac,CINDERLAD TRIED BUT COULD NOT DO IT SO HE HAD TO TAKE A DRAUGHT FROM THE PITCHER AND THEN ONE MORE AND AFTER THAT STILL ANOTHER AND THEN HE WAS ABLE TO WIELD THE SWORD WITH PERFECT EASE
confirmation,test-other,3538,F,163622,3538-163622-0020,4.785,16000,test-other/3538/163622/3538-163622-0020.flac,WHEN THEY HAD TRAVELLED A LONG LONG WAY THE FOAL SAID DOST THOU SEE ANYTHING
confirmation,test-other,3538,F,163622,3538-163622-0023,3.545,16000,test-other/3538/163622/3538-163622-0023.flac,THAT IS A RIVER SAID THE FOAL AND WE HAVE TO CROSS IT
confirmation,test-other,3538,F,163624,3538-163624-0006,5.795,16000,test-other/3538/163624/3538-163624-0006.flac,THEN THE PERSON WHO HAD KILLED OTTER WENT DOWN AND CAUGHT THE DWARF WHO OWNED ALL THE TREASURE AND TOOK IT FROM HIM
confirmation,test-other,3538,F,163624,3538-163624-0008,5.045,16000,test-other/3538/163624/3538-163624-0008.flac,SO REGIN MADE A SWORD AND SIGURD TRIED IT WITH A BLOW ON A LUMP OF IRON AND THE SWORD BROKE
confirmation,test-other,3538,F,163624,3538-163624-0013,4.295,16000,test-other/3538/163624/3538-163624-0013.flac,SIGURD SAID I WOULD TOUCH NONE OF IT IF BY LOSING IT I SHOULD NEVER DIE
confirmation,test-other,3538,F,163624,3538-163624-0020,7.95,16000,test-other/3538/163624/3538-163624-0020.flac,THERE MUST SHE SLEEP TILL THOU COMEST FOR HER WAKING RISE UP AND RIDE FOR NOW SURE SHE WILL SWEAR THE VOW FEARLESS OF BREAKING
confirmation,test-other,3538,F,163624,3538-163624-0021,5.41,16000,test-other/3538/163624/3538-163624-0021.flac,THEN HE TOOK THE HELMET OFF THE HEAD OF THE SLEEPER AND BEHOLD SHE WAS A MOST BEAUTIFUL LADY
confirmation,test-other,3764,F,168670,3764-168670-0000,8.8,16000,test-other/3764/168670/3764-168670-0000.flac,THE STRIDES OF A LAME MAN ARE LIKE THE OGLING GLANCES OF A ONE EYED MAN THEY DO NOT REACH THEIR GOAL VERY PROMPTLY
confirmation,test-other,3764,F,168670,3764-168670-0002,2.7600625,16000,test-other/3764/168670/3764-168670-0002.flac,JEAN VALJEAN HAD PLACED HER NEAR THE FIRE
confirmation,test-other,3764,F,168670,3764-168670-0017,7.91,16000,test-other/3764/168670/3764-168670-0017.flac,THAT HE FAUCHELEVENT WAS TO NAIL UP THE COFFIN IN THE CELL RAISE THE STONE IN THE CHAPEL AND LOWER THE CORPSE INTO THE VAULT
confirmation,test-other,3764,F,168670,3764-168670-0022,7.01,16000,test-other/3764/168670/3764-168670-0022.flac,FAUCHELEVENT WHO WAS SEATED SPRANG UP AS THOUGH A BOMB HAD BURST UNDER HIS CHAIR YOU
confirmation,test-other,3764,F,168670,3764-168670-0023,4.535,16000,test-other/3764/168670/3764-168670-0023.flac,YOU KNOW FAUCHELEVENT WHAT YOU HAVE SAID MOTHER CRUCIFIXION IS DEAD
confirmation,test-other,3764,F,168670,3764-168670-0025,3.53,16000,test-other/3764/168670/3764-168670-0025.flac,YOU ARE NOT LIKE OTHER MEN FATHER MADELEINE
confirmation,test-other,3764,F,168670,3764-168670-0026,4.51,16000,test-other/3764/168670/3764-168670-0026.flac,THIS OFFERS THE MEANS BUT GIVE ME SOME INFORMATION IN THE FIRST PLACE
confirmation,test-other,3764,F,168670,3764-168670-0027,3.51,16000,test-other/3764/168670/3764-168670-0027.flac,HOW LONG IS THE COFFIN SIX FEET
confirmation,test-other,3764,F,168670,3764-168670-0028,13.435,16000,test-other/3764/168670/3764-168670-0028.flac,IT IS A CHAMBER ON THE GROUND FLOOR WHICH HAS A GRATED WINDOW OPENING ON THE GARDEN WHICH IS CLOSED ON THE OUTSIDE BY A SHUTTER AND TWO DOORS ONE LEADS INTO THE CONVENT THE OTHER INTO THE CHURCH WHAT CHURCH
confirmation,test-other,3764,F,168670,3764-168670-0029,4.16,16000,test-other/3764/168670/3764-168670-0029.flac,THE CHURCH IN THE STREET THE CHURCH WHICH ANY ONE CAN ENTER
confirmation,test-other,3764,F,168670,3764-168670-0035,6.35,16000,test-other/3764/168670/3764-168670-0035.flac,NOT ANOTHER MAN EXCEPT THE POLICE DOCTOR CAN ENTER THE DEAD ROOM THAT IS EVEN WRITTEN ON THE WALL
confirmation,test-other,3764,F,168670,3764-168670-0039,3.1700625,16000,test-other/3764/168670/3764-168670-0039.flac,YOU CAN COME AND NAIL ME UP IN THE COFFIN AT TWO O'CLOCK
confirmation,test-other,3764,F,168670,3764-168670-0041,4.46,16000,test-other/3764/168670/3764-168670-0041.flac,BAH IMPOSSIBLE TO TAKE A HAMMER AND DRIVE SOME NAILS IN A PLANK
confirmation,test-other,3764,F,168670,3764-168670-0043,7.17,16000,test-other/3764/168670/3764-168670-0043.flac,ANY MAN WHO HAS BEEN A PRISONER UNDERSTANDS HOW TO CONTRACT HIMSELF TO FIT THE DIAMETER OF THE ESCAPE
confirmation,test-other,3764,F,168670,3764-168670-0045,16.265,16000,test-other/3764/168670/3764-168670-0045.flac,TO HAVE HIMSELF NAILED UP IN A CASE AND CARRIED OFF LIKE A BALE OF GOODS TO LIVE FOR A LONG TIME IN A BOX TO FIND AIR WHERE THERE IS NONE TO ECONOMIZE HIS BREATH FOR HOURS TO KNOW HOW TO STIFLE WITHOUT DYING THIS WAS ONE OF JEAN VALJEAN'S GLOOMY TALENTS
confirmation,test-other,3764,F,168670,3764-168670-0054,5.69,16000,test-other/3764/168670/3764-168670-0054.flac,THE HEARSE HALTS THE UNDERTAKER'S MEN KNOT A ROPE AROUND YOUR COFFIN AND LOWER YOU DOWN
confirmation,test-other,3764,F,168671,3764-168671-0004,9.525,16000,test-other/3764/168671/3764-168671-0004.flac,THE GRAVE DIGGERS BEING THUS BOUND TO SERVICE IN THE EVENING IN SUMMER AND AT NIGHT IN WINTER IN THIS CEMETERY THEY WERE SUBJECTED TO A SPECIAL DISCIPLINE
confirmation,test-other,3764,F,168671,3764-168671-0005,8.76,16000,test-other/3764/168671/3764-168671-0005.flac,THESE GATES THEREFORE SWUNG INEXORABLY ON THEIR HINGES AT THE INSTANT WHEN THE SUN DISAPPEARED BEHIND THE DOME OF THE INVALIDES
confirmation,test-other,3764,F,168671,3764-168671-0006,3.945,16000,test-other/3764/168671/3764-168671-0006.flac,DAMPNESS WAS INVADING IT THE FLOWERS WERE DESERTING IT
confirmation,test-other,3764,F,168671,3764-168671-0007,8.155,16000,test-other/3764/168671/3764-168671-0007.flac,THE BOURGEOIS DID NOT CARE MUCH ABOUT BEING BURIED IN THE VAUGIRARD IT HINTED AT POVERTY PERE LACHAISE IF YOU PLEASE
confirmation,test-other,3764,F,168671,3764-168671-0014,3.885,16000,test-other/3764/168671/3764-168671-0014.flac,A PRINCE IS NOTHING IN THE PRESENCE OF A PRINCIPLE
confirmation,test-other,3764,F,168671,3764-168671-0015,5.375,16000,test-other/3764/168671/3764-168671-0015.flac,FAUCHELEVENT LIMPED ALONG BEHIND THE HEARSE IN A VERY CONTENTED FRAME OF MIND
confirmation,test-other,3764,F,168671,3764-168671-0017,2.88,16000,test-other/3764/168671/3764-168671-0017.flac,WHAT REMAINED TO BE DONE WAS A MERE NOTHING
confirmation,test-other,3764,F,168671,3764-168671-0026,5.62,16000,test-other/3764/168671/3764-168671-0026.flac,FAUCHELEVENT HAD EXPECTED ANYTHING BUT THIS THAT A GRAVE DIGGER COULD DIE
confirmation,test-other,3764,F,168671,3764-168671-0027,4.635,16000,test-other/3764/168671/3764-168671-0027.flac,IT IS TRUE NEVERTHELESS THAT GRAVE DIGGERS DO DIE THEMSELVES
confirmation,test-other,3764,F,168671,3764-168671-0032,4.32,16000,test-other/3764/168671/3764-168671-0032.flac,ARE YOU NOT COMRADE WE'LL GO AND HAVE A DRINK TOGETHER PRESENTLY
confirmation,test-other,3764,F,168671,3764-168671-0038,3.155,16000,test-other/3764/168671/3764-168671-0038.flac,SO FATHER MESTIENNE IS DEAD
confirmation,test-other,3764,F,168671,3764-168671-0039,2.905,16000,test-other/3764/168671/3764-168671-0039.flac,THE MAN REPLIED COMPLETELY
confirmation,test-other,3764,F,168671,3764-168671-0044,5.99,16000,test-other/3764/168671/3764-168671-0044.flac,THEY WERE ONLY A FEW TURNS OF THE WHEEL DISTANT FROM THE SMALL ALLEY LEADING TO THE NUNS CORNER
confirmation,test-other,3764,F,168671,3764-168671-0054,1.66,16000,test-other/3764/168671/3764-168671-0054.flac,ONE MUST EAT
confirmation,test-other,3997,F,180294,3997-180294-0000,7.955,16000,test-other/3997/180294/3997-180294-0000.flac,THE DUKE COMES EVERY MORNING THEY WILL TELL HIM WHEN HE COMES THAT I AM ASLEEP AND PERHAPS HE WILL WAIT UNTIL I WAKE
confirmation,test-other,3997,F,180294,3997-180294-0001,5.735,16000,test-other/3997/180294/3997-180294-0001.flac,YES BUT IF I SHOULD ALREADY ASK FOR SOMETHING WHAT
confirmation,test-other,3997,F,180294,3997-180294-0006,14.125,16000,test-other/3997/180294/3997-180294-0006.flac,IT SEEMED TO ME AS IF THIS SLEEPING CITY BELONGED TO ME I SEARCHED MY MEMORY FOR THE NAMES OF THOSE WHOSE HAPPINESS I HAD ONCE ENVIED AND I COULD NOT RECALL ONE WITHOUT FINDING MYSELF THE HAPPIER
confirmation,test-other,3997,F,180294,3997-180294-0007,21.69,16000,test-other/3997/180294/3997-180294-0007.flac,EDUCATION FAMILY FEELING THE SENSE OF DUTY THE FAMILY ARE STRONG SENTINELS BUT THERE ARE NO SENTINELS SO VIGILANT AS NOT TO BE DECEIVED BY A GIRL OF SIXTEEN TO WHOM NATURE BY THE VOICE OF THE MAN SHE LOVES GIVES THE FIRST COUNSELS OF LOVE ALL THE MORE ARDENT BECAUSE THEY SEEM SO PURE
confirmation,test-other,3997,F,180294,3997-180294-0009,19.225,16000,test-other/3997/180294/3997-180294-0009.flac,THEN HOW SURELY MUST THEY DESIRE THE WORLD WHICH IS HIDDEN FROM THEM HOW SURELY MUST THEY FIND IT TEMPTING HOW SURELY MUST THEY LISTEN TO THE FIRST VOICE WHICH COMES TO TELL ITS SECRETS THROUGH THEIR BARS AND BLESS THE HAND WHICH IS THE FIRST TO RAISE A CORNER OF THE MYSTERIOUS VEIL
confirmation,test-other,3997,F,180294,3997-180294-0010,8.63,16000,test-other/3997/180294/3997-180294-0010.flac,WITH THEM THE BODY HAS WORN OUT THE SOUL THE SENSES HAVE BURNED UP THE HEART DISSIPATION HAS BLUNTED THE FEELINGS
confirmation,test-other,3997,F,180294,3997-180294-0011,3.315,16000,test-other/3997/180294/3997-180294-0011.flac,THEY LOVE BY PROFESSION AND NOT BY INSTINCT
confirmation,test-other,3997,F,180294,3997-180294-0012,19.035,16000,test-other/3997/180294/3997-180294-0012.flac,WHEN A CREATURE WHO HAS ALL HER PAST TO REPROACH HERSELF WITH IS TAKEN ALL AT ONCE BY A PROFOUND SINCERE IRRESISTIBLE LOVE OF WHICH SHE HAD NEVER FELT HERSELF CAPABLE WHEN SHE HAS CONFESSED HER LOVE HOW ABSOLUTELY THE MAN WHOM SHE LOVES DOMINATES HER
confirmation,test-other,3997,F,180294,3997-180294-0017,4.11,16000,test-other/3997/180294/3997-180294-0017.flac,BUT TO RETURN TO THE FIRST DAY OF MY LIAISON
confirmation,test-other,3997,F,180294,3997-180294-0020,2.355,16000,test-other/3997/180294/3997-180294-0020.flac,HOW WHY
confirmation,test-other,3997,F,180294,3997-180294-0021,7.72,16000,test-other/3997/180294/3997-180294-0021.flac,MY WHOLE BEING WAS EXALTED INTO JOY AT THE MEMORY OF THE WORDS WE HAD EXCHANGED DURING THAT FIRST NIGHT
confirmation,test-other,3997,F,180294,3997-180294-0026,9.72,16000,test-other/3997/180294/3997-180294-0026.flac,AT THE BEGINNING OF THE THIRD ACT I HEARD THE DOOR OF THE BOX ON WHICH MY EYES HAD BEEN ALMOST CONSTANTLY FIXED OPEN AND MARGUERITE APPEARED
confirmation,test-other,3997,F,180294,3997-180294-0032,2.285,16000,test-other/3997/180294/3997-180294-0032.flac,BECAUSE YOU DON'T LIKE SEEING HIM
confirmation,test-other,3997,F,180294,3997-180294-0033,12.725,16000,test-other/3997/180294/3997-180294-0033.flac,NONETHELESS I WAS VERY UNHAPPY ALL THE REST OF THE EVENING AND WENT AWAY VERY SADLY AFTER HAVING SEEN PRUDENCE THE COUNT AND MARGUERITE GET INTO THE CARRIAGE WHICH WAS WAITING FOR THEM AT THE DOOR
confirmation,test-other,3997,F,180297,3997-180297-0000,3.205,16000,test-other/3997/180297/3997-180297-0000.flac,I HAVE NOT COME TO HINDER YOU FROM LEAVING PARIS
confirmation,test-other,3997,F,180297,3997-180297-0007,2.525,16000,test-other/3997/180297/3997-180297-0007.flac,IS THAT REALLY THE ONLY REASON
confirmation,test-other,3997,F,180297,3997-180297-0013,22.12,16000,test-other/3997/180297/3997-180297-0013.flac,WHEN I THOUGHT THAT THIS MARVELLOUS CREATURE WHOSE FEET I HAD ONCE LONGED TO KISS WAS WILLING TO LET ME TAKE MY PLACE IN HER THOUGHTS MY PART IN HER LIFE AND THAT I WAS NOT YET CONTENT WITH WHAT SHE GAVE ME I ASKED IF MAN'S DESIRE HAS INDEED LIMITS WHEN SATISFIED AS PROMPTLY AS MINE HAD BEEN IT REACHED AFTER SOMETHING FURTHER
confirmation,test-other,3997,F,180297,3997-180297-0015,5.825,16000,test-other/3997/180297/3997-180297-0015.flac,WE ARE NOT ALLOWED TO HAVE HEARTS UNDER PENALTY OF BEING HOOTED DOWN AND OF RUINING OUR CREDIT
confirmation,test-other,3997,F,180297,3997-180297-0018,3.215,16000,test-other/3997/180297/3997-180297-0018.flac,NEVER DO THEY GIVE YOU ADVICE WHICH IS NOT LUCRATIVE
confirmation,test-other,3997,F,180297,3997-180297-0019,14.485,16000,test-other/3997/180297/3997-180297-0019.flac,IT MEANS LITTLE ENOUGH TO THEM THAT WE SHOULD HAVE TEN LOVERS EXTRA AS LONG AS THEY GET DRESSES OR A BRACELET OUT OF THEM AND THAT THEY CAN DRIVE IN OUR CARRIAGE FROM TIME TO TIME OR COME TO OUR BOX AT THE THEATRE
confirmation,test-other,3997,F,180297,3997-180297-0021,5.175,16000,test-other/3997/180297/3997-180297-0021.flac,I THOUGHT I COULD ACCEPT THE LIFE WHICH HE OFFERED ME BUT WHAT WOULD YOU HAVE
confirmation,test-other,3997,F,180297,3997-180297-0027,5.235,16000,test-other/3997/180297/3997-180297-0027.flac,I TORE THE LETTER INTO FRAGMENTS AND KISSED WITH TEARS THE HAND THAT GAVE IT TO ME
confirmation,test-other,3997,F,180297,3997-180297-0029,2.23,16000,test-other/3997/180297/3997-180297-0029.flac,HE WANTS YOU TO FORGIVE HIM
confirmation,test-other,3997,F,180297,3997-180297-0030,4.75,16000,test-other/3997/180297/3997-180297-0030.flac,ONE HAS TO BUT HE WANTS MORE THAN THAT WHAT THEN
confirmation,test-other,3997,F,182399,3997-182399-0000,2.495,16000,test-other/3997/182399/3997-182399-0000.flac,OL MISTAH BUZZARD GRINNED
confirmation,test-other,3997,F,182399,3997-182399-0004,5.3,16000,test-other/3997/182399/3997-182399-0004.flac,PLEASE MISTER BUZZARD PLEASE TELL US THE STORY HE BEGGED
confirmation,test-other,3997,F,182399,3997-182399-0009,2.82,16000,test-other/3997/182399/3997-182399-0009.flac,EVERYBODY LOOKED AT PETER AND LAUGHED
confirmation,test-other,3997,F,182399,3997-182399-0011,6.535,16000,test-other/3997/182399/3997-182399-0011.flac,ONE DAY THIS NO COUNT TRIFLING COUSIN OF GRANDPAP BUZZARD GET COLD IN HIS FEET
confirmation,test-other,3997,F,182399,3997-182399-0016,3.315,16000,test-other/3997/182399/3997-182399-0016.flac,YES SAH SHE SHO'LY WAS PLUMB SCARED
confirmation,test-other,3997,F,182399,3997-182399-0018,8.48,16000,test-other/3997/182399/3997-182399-0018.flac,WHEN HE GET HOME HE TRY AN TRY TO BRUSH THAT SOOT OFF BUT IT DONE GET INTO THE SKIN AN IT STAY THERE
confirmation,test-other,4198,M,12259,4198-12259-0001,9.62,16000,test-other/4198/12259/4198-12259-0001.flac,SO MY FRIEND SO WHIP ME OFF THIS GLASS NEATLY BRING ME HITHER SOME CLARET A FULL WEEPING GLASS TILL IT RUN OVER
confirmation,test-other,4198,M,12259,4198-12259-0004,8.075,16000,test-other/4198/12259/4198-12259-0004.flac,BY THE BELLY OF SANCT BUFF LET US TALK OF OUR DRINK I NEVER DRINK BUT AT MY HOURS LIKE THE POPE'S MULE
confirmation,test-other,4198,M,12259,4198-12259-0007,2.95,16000,test-other/4198/12259/4198-12259-0007.flac,DRINK ALWAYS AND YOU SHALL NEVER DIE
confirmation,test-other,4198,M,12259,4198-12259-0008,16.885,16000,test-other/4198/12259/4198-12259-0008.flac,IF I DRINK NOT I AM A GROUND DRY GRAVELLED AND SPENT I AM STARK DEAD WITHOUT DRINK AND MY SOUL READY TO FLY INTO SOME MARSH AMONGST FROGS THE SOUL NEVER DWELLS IN A DRY PLACE DROUTH KILLS IT
confirmation,test-other,4198,M,12259,4198-12259-0010,3.91,16000,test-other/4198/12259/4198-12259-0010.flac,IT IS ENOUGH TO BREAK BOTH GIRDS AND PETREL
confirmation,test-other,4198,M,12259,4198-12259-0011,3.44,16000,test-other/4198/12259/4198-12259-0011.flac,WHAT DIFFERENCE IS THERE BETWEEN A BOTTLE AND A FLAGON
confirmation,test-other,4198,M,12259,4198-12259-0013,3.495,16000,test-other/4198/12259/4198-12259-0013.flac,OUR FATHERS DRANK LUSTILY AND EMPTIED THEIR CANS
confirmation,test-other,4198,M,12259,4198-12259-0014,2.47,16000,test-other/4198/12259/4198-12259-0014.flac,WELL CACKED WELL SUNG
confirmation,test-other,4198,M,12259,4198-12259-0017,2.305,16000,test-other/4198/12259/4198-12259-0017.flac,I DRINK LIKE A TEMPLAR KNIGHT
confirmation,test-other,4198,M,12259,4198-12259-0020,3.37,16000,test-other/4198/12259/4198-12259-0020.flac,GIVE ME A SYNONYMON FOR A GAMMON OF BACON
confirmation,test-other,4198,M,12259,4198-12259-0023,9.06,16000,test-other/4198/12259/4198-12259-0023.flac,BUT IF THERE CAME SUCH LIQUOR FROM MY BALLOCK WOULD YOU NOT WILLINGLY THEREAFTER SUCK THE UDDER WHENCE IT ISSUED
confirmation,test-other,4198,M,12259,4198-12259-0025,4.12,16000,test-other/4198/12259/4198-12259-0025.flac,I APPEAL FROM THIRST AND DISCLAIM ITS JURISDICTION
confirmation,test-other,4198,M,12259,4198-12259-0030,2.615,16000,test-other/4198/12259/4198-12259-0030.flac,HO THIS WILL BANG IT SOUNDLY
confirmation,test-other,4198,M,12259,4198-12259-0031,2.63,16000,test-other/4198/12259/4198-12259-0031.flac,BUT THIS SHALL BANISH IT UTTERLY
confirmation,test-other,4198,M,12259,4198-12259-0032,11.63,16000,test-other/4198/12259/4198-12259-0032.flac,LET US WIND OUR HORNS BY THE SOUND OF FLAGONS AND BOTTLES AND CRY ALOUD THAT WHOEVER HATH LOST HIS THIRST COME NOT HITHER TO SEEK IT
confirmation,test-other,4198,M,12259,4198-12259-0035,7.445,16000,test-other/4198/12259/4198-12259-0035.flac,I HAVE A REMEDY AGAINST THIRST QUITE CONTRARY TO THAT WHICH IS GOOD AGAINST THE BITING OF A MAD DOG
confirmation,test-other,4198,M,12259,4198-12259-0036,2.9,16000,test-other/4198/12259/4198-12259-0036.flac,WHITE WINE HERE WINE BOYS
confirmation,test-other,4198,M,12259,4198-12259-0039,5.245,16000,test-other/4198/12259/4198-12259-0039.flac,THERE IS NO ENCHANTMENT NOR CHARM THERE EVERY ONE OF YOU HATH SEEN IT
confirmation,test-other,4198,M,12259,4198-12259-0041,3.04,16000,test-other/4198/12259/4198-12259-0041.flac,I SHOULD SAY MASTER PAST
confirmation,test-other,4198,M,12259,4198-12259-0043,3.51,16000,test-other/4198/12259/4198-12259-0043.flac,CLEAR OFF NEAT SUPERNACULUM
confirmation,test-other,4198,M,12281,4198-12281-0000,18.735,16000,test-other/4198/12281/4198-12281-0000.flac,ALTHOUGH THE PLAGUE WAS THERE IN THE MOST PART OF ALL THE HOUSES THEY NEVERTHELESS ENTERED EVERYWHERE THEN PLUNDERED AND CARRIED AWAY ALL THAT WAS WITHIN AND YET FOR ALL THIS NOT ONE OF THEM TOOK ANY HURT WHICH IS A MOST WONDERFUL CASE
confirmation,test-other,4198,M,12281,4198-12281-0003,8.095,16000,test-other/4198/12281/4198-12281-0003.flac,BY THE VIRTUE OF GOD WHY DO NOT YOU SING PANNIERS FAREWELL VINTAGE IS DONE
confirmation,test-other,4198,M,12281,4198-12281-0009,18.545,16000,test-other/4198/12281/4198-12281-0009.flac,TO OTHERS AGAIN HE UNJOINTED THE SPONDYLES OR KNUCKLES OF THE NECK DISFIGURED THEIR CHAPS GASHED THEIR FACES MADE THEIR CHEEKS HANG FLAPPING ON THEIR CHIN AND SO SWINGED AND BALAMMED THEM THAT THEY FELL DOWN BEFORE HIM LIKE HAY BEFORE A MOWER
confirmation,test-other,4198,M,12281,4198-12281-0013,11.65,16000,test-other/4198/12281/4198-12281-0013.flac,SOME DIED WITHOUT SPEAKING OTHERS SPOKE WITHOUT DYING SOME DIED IN SPEAKING OTHERS SPOKE IN DYING
confirmation,test-other,4198,M,61336,4198-61336-0005,12.965,16000,test-other/4198/61336/4198-61336-0005.flac,AN ATTEMPT WAS MADE TO CAPTURE KING SHARDURIS WHO LEAPT FROM HIS CHARIOT AND MADE HASTY ESCAPE ON HORSEBACK HOTLY PURSUED IN THE GATHERING DARKNESS BY AN ASSYRIAN CONTINGENT OF CAVALRY
confirmation,test-other,4198,M,61336,4198-61336-0009,7.125,16000,test-other/4198/61336/4198-61336-0009.flac,FOR THREE YEARS HE CONDUCTED VIGOROUS CAMPAIGNS IN THE WESTERN LAND WHERE HE MET WITH VIGOROUS RESISTANCE
confirmation,test-other,4198,M,61336,4198-61336-0010,5.385,16000,test-other/4198/61336/4198-61336-0010.flac,ARPAD WAS CAPTURED AND MATI ILU DEPOSED AND PROBABLY PUT TO DEATH
confirmation,test-other,4198,M,61336,4198-61336-0012,7.64,16000,test-other/4198/61336/4198-61336-0012.flac,ITS FALL MAY NOT HAVE BEEN UNCONNECTED WITH THE TREND OF EVENTS IN ASSYRIA DURING THE CLOSING YEARS OF THE MIDDLE EMPIRE
confirmation,test-other,4198,M,61336,4198-61336-0023,4.155,16000,test-other/4198/61336/4198-61336-0023.flac,HE CONDEMNED ISRAEL FOR ITS IDOLATRIES AND CRIED
confirmation,test-other,4198,M,61336,4198-61336-0027,3.53,16000,test-other/4198/61336/4198-61336-0027.flac,HE SWEPT THROUGH ISRAEL LIKE A HURRICANE
confirmation,test-other,4294,F,14317,4294-14317-0001,12.055,16000,test-other/4294/14317/4294-14317-0001.flac,WHEN I SAW THAT THIS BUST CAME OUT SHARP AND CLEAN I SET AT ONCE TO CONSTRUCT A LITTLE FURNACE IN THE WORKSHOP ERECTED FOR ME BY THE DUKE AFTER MY OWN PLANS AND DESIGN IN THE HOUSE WHICH THE DUKE HAD GIVEN ME
confirmation,test-other,4294,F,14317,4294-14317-0004,13.78,16000,test-other/4294/14317/4294-14317-0004.flac,BUT BEWARE OF LETTING BANDINELLO QUIT YOU RATHER BESTOW UPON HIM ALWAYS MORE THAN HE DEMANDS FOR IF HE GOES INTO FOREIGN PARTS HIS IGNORANCE IS SO PRESUMPTUOUS THAT HE IS JUST THE MAN TO DISGRACE OUR MOST ILLUSTRIOUS SCHOOL
confirmation,test-other,4294,F,14317,4294-14317-0006,7.95,16000,test-other/4294/14317/4294-14317-0006.flac,THEN I THANKED HIM AND SAID I HAD NO GREATER DESIRE THAN TO SHOW THOSE ENVIOUS FOLK THAT I HAD IT IN ME TO EXECUTE THE PROMISED WORK
confirmation,test-other,4294,F,14317,4294-14317-0010,2.32,16000,test-other/4294/14317/4294-14317-0010.flac,GIORGIO CAME FOR THEM HIMSELF
confirmation,test-other,4294,F,14317,4294-14317-0013,4.255,16000,test-other/4294/14317/4294-14317-0013.flac,YOU HAD BETTER PUT THIS TO THE PROOF AND I WILL GO AT ONCE TO THE BARGELLO
confirmation,test-other,4294,F,14317,4294-14317-0016,6.265,16000,test-other/4294/14317/4294-14317-0016.flac,AMONG ARTISTS CERTAIN ENRAGED SCULPTORS LAUGHED AT ME AND CALLED ME THE NEW SCULPTOR
confirmation,test-other,4294,F,32859,4294-32859-0001,16.75,16000,test-other/4294/32859/4294-32859-0001.flac,IT WAS HIS FANCY I SUPPOSE TO REVIVE CERTAIN SENTIMENTAL RELATIONS WHICH HAD IT MAY BE ONCE EXISTED BETWEEN HIM AND MISS LAKE AND HE WAS A PERSON OF THAT COMBATIVE TEMPERAMENT THAT MAGNIFIES AN OBJECT IN PROPORTION AS ITS PURSUIT IS THWARTED
confirmation,test-other,4294,F,32859,4294-32859-0004,10.865,16000,test-other/4294/32859/4294-32859-0004.flac,HE ASSISTED AT IT BUT TOOK NO PART AND IN FACT WAS LISTENING TO THAT OTHER CONVERSATION WHICH SOUNDED WITH ITS PLEASANT GABBLE AND LAUGHTER LIKE A LITTLE MUSICAL TINKLE OF BELLS IN THE DISTANCE
confirmation,test-other,4294,F,35475,4294-35475-0001,9.915,16000,test-other/4294/35475/4294-35475-0001.flac,THROWING HIMSELF ON HIS KNEES BEFORE THE KING HE CRIED OH ROYAL SIRE BESTOW UPON ME ALSO A SWORD AND A STEED THAT I MAY UP AND AWAY TO FOLLOW MY BRETHREN
confirmation,test-other,4294,F,35475,4294-35475-0003,9.56,16000,test-other/4294/35475/4294-35475-0003.flac,IN SOOTH THOU SHALT HAVE ONE BUT IT SHALL BE ONE BEFITTING THY MAIDEN SIZE AND COURAGE IF SO SMALL A WEAPON CAN BE FOUND IN ALL MY KINGDOM
confirmation,test-other,4294,F,35475,4294-35475-0005,8.565,16000,test-other/4294/35475/4294-35475-0005.flac,I DID BUT LAUGH TO THINK THE SWORD OF ETHELRIED HAD BEEN SO QUICKLY FOUND RESPONDED THE JESTER AND HE POINTED TO THE SCISSORS HANGING FROM THE TAILOR'S GIRDLE
confirmation,test-other,4294,F,35475,4294-35475-0009,7.405,16000,test-other/4294/35475/4294-35475-0009.flac,AT THIS MOMENT THERE WAS A DISTANT RUMBLING AS OF THUNDER TIS THE OGRE CRIED THE FAIRY WE MUST HASTEN
confirmation,test-other,4294,F,35475,4294-35475-0010,4.1,16000,test-other/4294/35475/4294-35475-0010.flac,SCISSORS GROW A GIANT'S HEIGHT AND SAVE US FROM THE OGRE'S MIGHT
confirmation,test-other,4294,F,35475,4294-35475-0015,4.685,16000,test-other/4294/35475/4294-35475-0015.flac,A FAINT GLIMMER OF LIGHT ON THE OPPOSITE WALL SHOWS ME THE KEYHOLE
confirmation,test-other,4294,F,35475,4294-35475-0016,6.465,16000,test-other/4294/35475/4294-35475-0016.flac,THE PRINCE SPENT ALL THE FOLLOWING TIME UNTIL MIDNIGHT TRYING TO THINK OF A SUITABLE VERSE TO SAY TO THE SCISSORS
confirmation,test-other,4294,F,35475,4294-35475-0019,14.06,16000,test-other/4294/35475/4294-35475-0019.flac,WHILE HE STOOD LOOKING AROUND HIM IN BEWILDERMENT A FIREFLY ALIGHTED ON HIS ARM FLASHING ITS LITTLE LANTERN IN THE PRINCE'S FACE IT CRIED THIS WAY MY FRIEND THE FLY SENT ME TO GUIDE YOU TO A PLACE OF SAFETY
confirmation,test-other,4294,F,35475,4294-35475-0021,9.03,16000,test-other/4294/35475/4294-35475-0021.flac,MY GRAIN MUST FALL AND ROT IN THE FIELD FROM OVERRIPENESS BECAUSE I HAVE NOT THE STRENGTH TO RISE AND HARVEST IT THEN INDEED MUST WE ALL STARVE
confirmation,test-other,4294,F,35475,4294-35475-0022,21.19,16000,test-other/4294/35475/4294-35475-0022.flac,THE GRANDAME WHOM HE SUPPLIED WITH FAGOTS THE MERCHANT WHOM HE RESCUED FROM ROBBERS THE KING'S COUNCILLOR TO WHOM HE GAVE AID ALL BECAME HIS FRIENDS UP AND DOWN THE LAND TO BEGGAR OR LORD HOMELESS WANDERER OR HIGH BORN DAME HE GLADLY GAVE UNSELFISH SERVICE ALL UNSOUGHT AND SUCH AS HE HELPED STRAIGHTWAY BECAME HIS FRIENDS
confirmation,test-other,4294,F,35475,4294-35475-0026,6.125,16000,test-other/4294/35475/4294-35475-0026.flac,SO THEY ALL CRIED OUT LONG AND LOUD LONG LIVE THE PRINCE PRINCE CISEAUX
confirmation,test-other,4294,F,9934,4294-9934-0000,15.93,16000,test-other/4294/9934/4294-9934-0000.flac,HE FELT WHAT THE EARTH MAY POSSIBLY FEEL AT THE MOMENT WHEN IT IS TORN OPEN WITH THE IRON IN ORDER THAT GRAIN MAY BE DEPOSITED WITHIN IT IT FEELS ONLY THE WOUND THE QUIVER OF THE GERM AND THE JOY OF THE FRUIT ONLY ARRIVE LATER
confirmation,test-other,4294,F,9934,4294-9934-0002,11.2,16000,test-other/4294/9934/4294-9934-0002.flac,HE AFFIRMED TO HIMSELF THAT HE WOULD NOT HE DECLARED TO HIMSELF THAT HE WOULD NOT DOUBT AND HE BEGAN TO DOUBT IN SPITE OF HIMSELF
confirmation,test-other,4294,F,9934,4294-9934-0003,14.74,16000,test-other/4294/9934/4294-9934-0003.flac,TO STAND BETWEEN TWO RELIGIONS FROM ONE OF WHICH YOU HAVE NOT AS YET EMERGED AND ANOTHER INTO WHICH YOU HAVE NOT YET ENTERED IS INTOLERABLE AND TWILIGHT IS PLEASING ONLY TO BAT LIKE SOULS
confirmation,test-other,4294,F,9934,4294-9934-0004,4.76,16000,test-other/4294/9934/4294-9934-0004.flac,MARIUS WAS CLEAR EYED AND HE REQUIRED THE TRUE LIGHT
confirmation,test-other,4294,F,9934,4294-9934-0007,8.705,16000,test-other/4294/9934/4294-9934-0007.flac,HE FEARED AFTER HAVING TAKEN SO MANY STEPS WHICH HAD BROUGHT HIM NEARER TO HIS FATHER TO NOW TAKE A STEP WHICH SHOULD ESTRANGE HIM FROM THAT FATHER
confirmation,test-other,4294,F,9934,4294-9934-0008,5.085,16000,test-other/4294/9934/4294-9934-0008.flac,HIS DISCOMFORT WAS AUGMENTED BY ALL THE REFLECTIONS WHICH OCCURRED TO HIM
confirmation,test-other,4294,F,9934,4294-9934-0009,6.92,16000,test-other/4294/9934/4294-9934-0009.flac,IN THE TROUBLED STATE OF HIS CONSCIENCE HE NO LONGER THOUGHT OF CERTAIN SERIOUS SIDES OF EXISTENCE
confirmation,test-other,4294,F,9934,4294-9934-0017,3.66,16000,test-other/4294/9934/4294-9934-0017.flac,NO IT IS NOT GOOD WHAT WILL YOU DO AFTER THAT
confirmation,test-other,4294,F,9934,4294-9934-0018,3.02,16000,test-other/4294/9934/4294-9934-0018.flac,DO YOU KNOW GERMAN NO
confirmation,test-other,4294,F,9934,4294-9934-0020,2.085,16000,test-other/4294/9934/4294-9934-0020.flac,THE CLOTHES DEALER WAS SENT FOR
confirmation,test-other,4294,F,9934,4294-9934-0021,4.765,16000,test-other/4294/9934/4294-9934-0021.flac,HE PAID TWENTY FRANCS FOR THE CAST OFF GARMENTS THEY WENT TO THE WATCHMAKER'S
confirmation,test-other,4350,M,10919,4350-10919-0000,5.1549375,16000,test-other/4350/10919/4350-10919-0000.flac,HE PERCEIVED THAT IT WAS NO GOOD TALKING TO THE OLD MAN AND THAT THE PRINCIPAL PERSON IN THE HOUSE WAS THE MOTHER
confirmation,test-other,4350,M,10919,4350-10919-0001,2.9000625,16000,test-other/4350/10919/4350-10919-0001.flac,BEFORE HER HE DECIDED TO SCATTER HIS PEARLS
confirmation,test-other,4350,M,10919,4350-10919-0004,5.345,16000,test-other/4350/10919/4350-10919-0004.flac,IS THERE HOPE SHE MEANT TO SAY BUT HER LIPS QUIVERED AND SHE COULD NOT UTTER THE QUESTION WELL DOCTOR
confirmation,test-other,4350,M,10919,4350-10919-0007,4.005,16000,test-other/4350/10919/4350-10919-0007.flac,AND THERE ARE INDICATIONS MALNUTRITION NERVOUS EXCITABILITY AND SO ON
confirmation,test-other,4350,M,10919,4350-10919-0012,2.11,16000,test-other/4350/10919/4350-10919-0012.flac,OH WELL THEN I CAN DO IT IN TWENTY MINUTES
confirmation,test-other,4350,M,10919,4350-10919-0013,3.43,16000,test-other/4350/10919/4350-10919-0013.flac,AND HOW ABOUT A TOUR ABROAD ASKED THE FAMILY DOCTOR
confirmation,test-other,4350,M,10919,4350-10919-0015,3.43,16000,test-other/4350/10919/4350-10919-0015.flac,THE FAMILY DOCTOR LISTENED ATTENTIVELY AND RESPECTFULLY
confirmation,test-other,4350,M,10919,4350-10919-0018,4.575,16000,test-other/4350/10919/4350-10919-0018.flac,AH WELL IN THAT CASE TO BE SURE LET THEM GO ONLY THOSE GERMAN QUACKS ARE MISCHIEVOUS
confirmation,test-other,4350,M,10919,4350-10919-0019,2.71,16000,test-other/4350/10919/4350-10919-0019.flac,OH TIME'S UP ALREADY AND HE WENT TO THE DOOR
confirmation,test-other,4350,M,10919,4350-10919-0020,7.85,16000,test-other/4350/10919/4350-10919-0020.flac,THE CELEBRATED DOCTOR ANNOUNCED TO THE PRINCESS A FEELING OF WHAT WAS DUE FROM HIM DICTATED HIS DOING SO THAT HE OUGHT TO SEE THE PATIENT ONCE MORE
confirmation,test-other,4350,M,10919,4350-10919-0021,4.175,16000,test-other/4350/10919/4350-10919-0021.flac,OH NO ONLY A FEW DETAILS PRINCESS COME THIS WAY
confirmation,test-other,4350,M,10919,4350-10919-0023,4.18,16000,test-other/4350/10919/4350-10919-0023.flac,WHEN THE DOCTOR CAME IN SHE FLUSHED CRIMSON AND HER EYES FILLED WITH TEARS
confirmation,test-other,4350,M,10919,4350-10919-0030,6.34,16000,test-other/4350/10919/4350-10919-0030.flac,AT THE QUESTION SHOULD THEY GO ABROAD THE DOCTOR PLUNGED INTO DEEP MEDITATION AS THOUGH RESOLVING A WEIGHTY PROBLEM
confirmation,test-other,4350,M,10919,4350-10919-0032,4.235,16000,test-other/4350/10919/4350-10919-0032.flac,IT SEEMED AS THOUGH SOME PIECE OF GOOD FORTUNE HAD COME TO PASS AFTER THE DOCTOR HAD GONE
confirmation,test-other,4350,M,9170,4350-9170-0001,2.06,16000,test-other/4350/9170/4350-9170-0001.flac,THIS IS ABSOLUTELY INCORRECT
confirmation,test-other,4350,M,9170,4350-9170-0013,15.405,16000,test-other/4350/9170/4350-9170-0013.flac,EVEN IF THERE WAS ONCE A TIME WHEN OWING TO THE LOW STANDARD OF MORALS AND THE DISPOSITION OF MEN TO VIOLENCE THE EXISTENCE OF AN AUTHORITY TO RESTRAIN SUCH VIOLENCE WAS AN ADVANTAGE BECAUSE THE VIOLENCE OF GOVERNMENT WAS LESS THAN THE VIOLENCE OF INDIVIDUALS ONE CANNOT BUT SEE THAT THIS ADVANTAGE COULD NOT BE LASTING
confirmation,test-other,4350,M,9170,4350-9170-0015,6.44,16000,test-other/4350/9170/4350-9170-0015.flac,IT WAS PRODUCED ON ONE HAND BY THE NATURAL GROWTH OF POPULATION AND ON THE OTHER BY STRUGGLE AND CONQUEST
confirmation,test-other,4350,M,9170,4350-9170-0016,7.47,16000,test-other/4350/9170/4350-9170-0016.flac,AFTER CONQUEST THE POWER OF THE EMPEROR PUTS AN END TO INTERNAL DISSENSIONS AND SO THE STATE CONCEPTION OF LIFE JUSTIFIES ITSELF
confirmation,test-other,4350,M,9170,4350-9170-0021,9.565,16000,test-other/4350/9170/4350-9170-0021.flac,THE MOST CONVINCING EXAMPLE OF THIS IS TO BE FOUND IN THE CONDITION OF THE WORKING CLASSES OF OUR EPOCH WHO ARE IN REALITY NO BETTER THAN THE SLAVES OF ANCIENT TIMES SUBDUED BY CONQUEST
confirmation,test-other,4350,M,9170,4350-9170-0022,1.83,16000,test-other/4350/9170/4350-9170-0022.flac,SO IT HAS ALWAYS BEEN
confirmation,test-other,4350,M,9170,4350-9170-0025,17.13,16000,test-other/4350/9170/4350-9170-0025.flac,THE REASON TO WHICH HE GAVE EXPRESSION IS ESSENTIALLY THE SAME AS THAT WHICH MADE THE FRENCH KINGS AND THE POPES ENGAGE SWISS AND SCOTCH GUARDS AND MAKES THE RUSSIAN AUTHORITIES OF TO DAY SO CAREFULLY DISTRIBUTE THE RECRUITS SO THAT THE REGIMENTS FROM THE FRONTIERS ARE STATIONED IN CENTRAL DISTRICTS AND THE REGIMENTS FROM THE CENTER ARE STATIONED ON THE FRONTIERS
confirmation,test-other,4350,M,9170,4350-9170-0032,8.71,16000,test-other/4350/9170/4350-9170-0032.flac,THE DESPOTISM OF A GOVERNMENT ALWAYS INCREASES WITH THE STRENGTH OF THE ARMY AND ITS EXTERNAL SUCCESSES AND THE AGGRESSIVENESS OF A GOVERNMENT INCREASES WITH ITS INTERNAL DESPOTISM
confirmation,test-other,4350,M,9170,4350-9170-0033,13.17,16000,test-other/4350/9170/4350-9170-0033.flac,THE RIVALRY OF THE EUROPEAN STATES IN CONSTANTLY INCREASING THEIR FORCES HAS REDUCED THEM TO THE NECESSITY OF HAVING RECOURSE TO UNIVERSAL MILITARY SERVICE SINCE BY THAT MEANS THE GREATEST POSSIBLE NUMBER OF SOLDIERS IS OBTAINED AT THE LEAST POSSIBLE EXPENSE
confirmation,test-other,4350,M,9170,4350-9170-0034,7.185,16000,test-other/4350/9170/4350-9170-0034.flac,AND BY THIS MEANS ALL CITIZENS ARE UNDER ARMS TO SUPPORT THE INIQUITIES PRACTICED UPON THEM ALL CITIZENS HAVE BECOME THEIR OWN OPPRESSORS
confirmation,test-other,4350,M,9170,4350-9170-0035,3.875,16000,test-other/4350/9170/4350-9170-0035.flac,THIS INCONSISTENCY HAS BECOME OBVIOUS IN UNIVERSAL MILITARY SERVICE
confirmation,test-other,4350,M,9170,4350-9170-0041,8.465,16000,test-other/4350/9170/4350-9170-0041.flac,BUT THE FATAL SIGNIFICANCE OF UNIVERSAL MILITARY SERVICE AS THE MANIFESTATION OF THE CONTRADICTION INHERENT IN THE SOCIAL CONCEPTION OF LIFE IS NOT ONLY APPARENT IN THAT
confirmation,test-other,4350,M,9170,4350-9170-0050,4.855,16000,test-other/4350/9170/4350-9170-0050.flac,WITHOUT THE STATE MEN WOULD NOT HAVE BEEN ABLE TO FORM THE SOCIAL INSTITUTIONS NEEDED FOR DOING ANY THING
confirmation,test-other,4350,M,9170,4350-9170-0054,5.45,16000,test-other/4350/9170/4350-9170-0054.flac,THE GOVERNMENT THEY TELL US WITH ITS ARMY IS NECESSARY TO DEFEND US FROM NEIGHBORING STATES WHO MIGHT ENSLAVE US
confirmation,test-other,4350,M,9170,4350-9170-0057,14.315,16000,test-other/4350/9170/4350-9170-0057.flac,EVEN LOOKING AT IT PRACTICALLY WEIGHING THAT IS TO SAY ALL THE BURDENS LAID ON HIM BY THE STATE NO MAN CAN FAIL TO SEE THAT FOR HIM PERSONALLY TO COMPLY WITH STATE DEMANDS AND SERVE IN THE ARMY WOULD IN THE MAJORITY OF CASES BE MORE DISADVANTAGEOUS THAN TO REFUSE TO DO SO
confirmation,test-other,4350,M,9170,4350-9170-0058,4.245,16000,test-other/4350/9170/4350-9170-0058.flac,TO RESIST WOULD NEED INDEPENDENT THOUGHT AND EFFORT OF WHICH EVERY MAN IS NOT CAPABLE
confirmation,test-other,4852,M,28311,4852-28311-0002,3.885,16000,test-other/4852/28311/4852-28311-0002.flac,KNOW WHO NEEDS A JOB BAD THAT'S JAKEY HARRIS
confirmation,test-other,4852,M,28311,4852-28311-0007,5.66,16000,test-other/4852/28311/4852-28311-0007.flac,CHRIS ASKED AND FOR THE FIRST TIME THAT DAY THE HEAVY WEIGHT HE CARRIED WITHIN HIM LIFTED AND LIGHTENED A LITTLE
confirmation,test-other,4852,M,28311,4852-28311-0011,3.35,16000,test-other/4852/28311/4852-28311-0011.flac,BETCHA AREN'T GOIN AFTER ALL CHRIS TURNED ON HIM
confirmation,test-other,4852,M,28311,4852-28311-0013,2.39,16000,test-other/4852/28311/4852-28311-0013.flac,AW SHUCKS
confirmation,test-other,4852,M,28311,4852-28311-0015,8.625,16000,test-other/4852/28311/4852-28311-0015.flac,AN EMPTY LOT CUT INTO BY CHURCH LANE GAVE A LOOK OF ISOLATION TO THE L SHAPED BRICK BUILDING THAT SERVED MISTER WICKER AS BOTH HOUSE AND PLACE OF BUSINESS
confirmation,test-other,4852,M,28311,4852-28311-0017,5.6149375,16000,test-other/4852/28311/4852-28311-0017.flac,A LIVID YELLOW STAINED THE HORIZON BEYOND THE FACTORIES AND GRAY CLOUDS LOWERED AND TUMBLED ABOVE
confirmation,test-other,4852,M,28311,4852-28311-0018,3.3650625,16000,test-other/4852/28311/4852-28311-0018.flac,THE AIR WAS GROWING CHILL AND CHRIS DECIDED TO FINISH HIS JOB
confirmation,test-other,4852,M,28312,4852-28312-0006,11.8,16000,test-other/4852/28312/4852-28312-0006.flac,LITTLE TUFTS OF WHITE FUZZ ABOVE THE EARS WERE ALL THAT REMAINED OF THE ANTIQUARIAN'S HAIR BUT WHAT DREW AND HELD CHRIS'S GAZE WERE THE OLD MAN'S EYES
confirmation,test-other,4852,M,28312,4852-28312-0010,3.66,16000,test-other/4852/28312/4852-28312-0010.flac,I SAW YOUR SIGN AND I KNOW A BOY WHO NEEDS THE JOB
confirmation,test-other,4852,M,28312,4852-28312-0013,3.79,16000,test-other/4852/28312/4852-28312-0013.flac,I I JUST WONDERED IF THE PLACE WAS STILL OPEN
confirmation,test-other,4852,M,28312,4852-28312-0014,11.54,16000,test-other/4852/28312/4852-28312-0014.flac,WHAT HE SAW WAS A FRESH CHEEKED LAD TALL FOR THIRTEEN STURDY WITH SINCERITY AND GOOD HUMOR IN HIS FACE AND SOMETHING SENSITIVE AND APPEALING ABOUT HIS EYES
confirmation,test-other,4852,M,28312,4852-28312-0017,13.105,16000,test-other/4852/28312/4852-28312-0017.flac,BUT EVEN AS HE SLOWLY TURNED THE THOUGHT PIERCED HIS MIND WHY HAD HE NOT SEEN THE REFLECTION OF THE HEADLIGHTS OF THE CARS MOVING UP AROUND THE CORNER OF WATER STREET AND UP THE HILL TOWARD THE TRAFFIC SIGNALS
confirmation,test-other,4852,M,28312,4852-28312-0018,2.66,16000,test-other/4852/28312/4852-28312-0018.flac,THE ROOM SEEMED OVERLY STILL
confirmation,test-other,4852,M,28312,4852-28312-0021,3.87,16000,test-other/4852/28312/4852-28312-0021.flac,ACROSS THE WATER WHERE WAS THE FREEWAY
confirmation,test-other,4852,M,28312,4852-28312-0022,6.19,16000,test-other/4852/28312/4852-28312-0022.flac,IT WAS NO LONGER THERE NOR WERE THE HIGH WALLS AND SMOKESTACKS OF FACTORIES TO BE SEEN
confirmation,test-other,4852,M,28312,4852-28312-0024,6.685,16000,test-other/4852/28312/4852-28312-0024.flac,FLABBERGASTED AND BREATHLESS CHRIS WAS UNAWARE THAT HE HAD MOVED CLOSER TO PEER OUT THE WINDOW IN EVERY DIRECTION
confirmation,test-other,4852,M,28319,4852-28319-0006,3.255,16000,test-other/4852/28319/4852-28319-0006.flac,SUPPOSE I CHANGE AND CAN'T CHANGE BACK
confirmation,test-other,4852,M,28319,4852-28319-0016,9.1549375,16000,test-other/4852/28319/4852-28319-0016.flac,HE SQUATTED ON HIS HAUNCHES EXAMINING THE CARVED WOODEN FIGURE ATTENTIVELY AND FELT CONVINCED THAT ONCE ALIVE THE BOY WOULD BE AN IDEAL AND HAPPY COMPANION
confirmation,test-other,4852,M,28319,4852-28319-0027,9.61,16000,test-other/4852/28319/4852-28319-0027.flac,THE WOODEN GRIN LOOSENED THE LARGE EYES TURNED THE HAND HOLDING THE HARD BOUQUET OF CARVED FLOWERS MOVED AND LET THE BOUQUET FALL
confirmation,test-other,4852,M,28330,4852-28330-0003,6.645,16000,test-other/4852/28330/4852-28330-0003.flac,IT LOOKS TO ME AS IF IT COULD HAVE BEEN ONE OF SEVERAL PEOPLE AND I'LL BE SWITCHED IF I KNOW WHO I'LL KEEP MY EYES OPEN
confirmation,test-other,4852,M,28330,4852-28330-0004,2.23,16000,test-other/4852/28330/4852-28330-0004.flac,THE MIRABELLE WAS NEARING TAHITI
confirmation,test-other,4852,M,28330,4852-28330-0005,2.775,16000,test-other/4852/28330/4852-28330-0005.flac,WE'VE WATER AND FRESH STORES TO TAKE ON THERE
confirmation,test-other,4852,M,28330,4852-28330-0007,5.53,16000,test-other/4852/28330/4852-28330-0007.flac,CERTAINLY MY BOY BOOMED OUT THE CAPTAIN HIS BLUE EYES ABRUPTLY KEEN AND PENETRATING
confirmation,test-other,4852,M,28330,4852-28330-0008,4.65,16000,test-other/4852/28330/4852-28330-0008.flac,MISTER FINNEY WILL BE SOME TIME ON DECK WE CANNOT BE OVERHEARD IN HERE
confirmation,test-other,4852,M,28330,4852-28330-0011,5.3,16000,test-other/4852/28330/4852-28330-0011.flac,THEN HE SAID WELL I DO NOT CARE FOR IT I CANNOT SAY I DO
confirmation,test-other,4852,M,28330,4852-28330-0012,4.46,16000,test-other/4852/28330/4852-28330-0012.flac,THIS SHIP IS MORE TO ME THAN WIFE OR MOTHER OR FAMILY
confirmation,test-other,4852,M,28330,4852-28330-0020,4.225,16000,test-other/4852/28330/4852-28330-0020.flac,WHAT CAN BE SAID DURING THAT TIME SIR CHRIS THOUGHT TO ASK
confirmation,test-other,4852,M,28330,4852-28330-0021,5.91,16000,test-other/4852/28330/4852-28330-0021.flac,I AM SOMEWHAT SKILLED IN MEDICAMENTS I HAVE TO BE AS CAPTAIN OF A SHIP AND THE CREW KNOW IT
confirmation,test-other,4852,M,28330,4852-28330-0022,3.65,16000,test-other/4852/28330/4852-28330-0022.flac,I SHALL SAY THAT YOU ARE IN MY OWN CABIN SO THAT I CAN CARE FOR YOU
confirmation,test-other,4852,M,28330,4852-28330-0024,6.595,16000,test-other/4852/28330/4852-28330-0024.flac,HE KNEW NOW THAT HIS ABSENCE FOR AS LONG AS HE HAD TO BE AWAY WOULD BE COVERED UP AND SATISFACTORILY ACCOUNTED FOR
confirmation,test-other,5442,F,32873,5442-32873-0002,2.965,16000,test-other/5442/32873/5442-32873-0002.flac,A SLAVE ONLY THINK A SLAVE
confirmation,test-other,5442,F,32873,5442-32873-0004,2.7349375,16000,test-other/5442/32873/5442-32873-0004.flac,OH FRIGHTFUL FRIGHTFUL
confirmation,test-other,5442,F,32873,5442-32873-0007,9.715,16000,test-other/5442/32873/5442-32873-0007.flac,WHEN HE CAME BACK TO THE DRAWING ROOM A TOILET BOTTLE OF EAU DE COLOGNE IN HIS HAND WITH HER LACE HANDKERCHIEF HE BATHED HER TEMPLES AND FOREHEAD
confirmation,test-other,5442,F,32873,5442-32873-0012,5.345,16000,test-other/5442/32873/5442-32873-0012.flac,I'LL STAY HERE THAT IS IN THE DRAWING ROOM SHE ANSWERED AND THE FACE WAS WITHDRAWN
confirmation,test-other,5442,F,32873,5442-32873-0013,19.07,16000,test-other/5442/32873/5442-32873-0013.flac,HE SLACKENED HIS PACE AND TAPPED SHARPLY AT THE LITTLE WINDOW OF THAT MODEST POST OFFICE AT WHICH THE YOUNG LADIES IN THE PONY CARRIAGE HAD PULLED UP THE DAY BEFORE AND WITHIN WHICH LUKE WAGGOT WAS WONT TO SLEEP IN A SORT OF WOODEN BOX THAT FOLDED UP AND APPEARED TO BE A CHEST OF DRAWERS ALL DAY
confirmation,test-other,5442,F,32873,5442-32873-0018,17.8,16000,test-other/5442/32873/5442-32873-0018.flac,LUKE STUCK ON HIS GREASY WIDEAWAKE AND IN A FEW MINUTES MORE THE DOG CART WAS TRUNDLED OUT INTO THE LANE AND THE HORSE HARNESSED WENT BETWEEN THE SHAFTS WITH THAT WONDERFUL CHEERFULNESS WITH WHICH THEY BEAR TO BE CALLED UP UNDER STARTLING CIRCUMSTANCES AT UNSEASONABLE HOURS
confirmation,test-other,5442,F,41168,5442-41168-0003,9.97,16000,test-other/5442/41168/5442-41168-0003.flac,SHOUTS WERE RAISED AND FOR A MOMENT ALL WAS CONFUSION SO THAT THE MARSHAL OF THE PROVINCE HAD TO CALL FOR ORDER A BALLOT
confirmation,test-other,5442,F,41168,5442-41168-0006,2.69,16000,test-other/5442/41168/5442-41168-0006.flac,VOTES PLEASE BEASTLY
confirmation,test-other,5442,F,41168,5442-41168-0007,3.225,16000,test-other/5442/41168/5442-41168-0007.flac,THEY EXPRESSED THE MOST IMPLACABLE HATRED
confirmation,test-other,5442,F,41168,5442-41168-0010,11.445,16000,test-other/5442/41168/5442-41168-0010.flac,BUT LEVIN FORGOT ALL THAT AND IT WAS PAINFUL TO HIM TO SEE ALL THESE EXCELLENT PERSONS FOR WHOM HE HAD A RESPECT IN SUCH AN UNPLEASANT AND VICIOUS STATE OF EXCITEMENT
confirmation,test-other,5442,F,41168,5442-41168-0012,11.695,16000,test-other/5442/41168/5442-41168-0012.flac,HE PARTICULARLY LIKED THE WAY ONE GRAY WHISKERED WAITER WHO SHOWED HIS SCORN FOR THE OTHER YOUNGER ONES AND WAS JEERED AT BY THEM WAS TEACHING THEM HOW TO FOLD UP NAPKINS PROPERLY
confirmation,test-other,5442,F,41168,5442-41168-0015,4.975,16000,test-other/5442/41168/5442-41168-0015.flac,THAT IS A MATTER FOR EACH MAN'S OWN DECISION HE SAID SEVERELY
confirmation,test-other,5442,F,41168,5442-41168-0016,13.22,16000,test-other/5442/41168/5442-41168-0016.flac,HAVING PUT IT IN HE RECOLLECTED THAT HE OUGHT TO HAVE THRUST HIS LEFT HAND TOO AND SO HE THRUST IT IN THOUGH TOO LATE AND STILL MORE OVERCOME WITH CONFUSION HE BEAT A HASTY RETREAT INTO THE BACKGROUND
confirmation,test-other,5442,F,41168,5442-41168-0019,4.98,16000,test-other/5442/41168/5442-41168-0019.flac,THEN THERE WAS A LAUGH A BUTTON AND TWO NUTS WERE FOUND IN THE BOX
confirmation,test-other,5442,F,41168,5442-41168-0025,3.15,16000,test-other/5442/41168/5442-41168-0025.flac,THEY WERE TO PROCEED IMMEDIATELY TO THE ELECTION
confirmation,test-other,5442,F,41168,5442-41168-0026,9.76,16000,test-other/5442/41168/5442-41168-0026.flac,TWO NOBLE GENTLEMEN WHO HAD A WEAKNESS FOR STRONG DRINK HAD BEEN MADE DRUNK BY THE PARTISANS OF SNETKOV AND A THIRD HAD BEEN ROBBED OF HIS UNIFORM
confirmation,test-other,5442,F,41169,5442-41169-0007,11.0900625,16000,test-other/5442/41169/5442-41169-0007.flac,OH STILL JUST THE SAME ALWAYS AT A LOSS THE LANDOWNER ANSWERED WITH A RESIGNED SMILE BUT WITH AN EXPRESSION OF SERENITY AND CONVICTION THAT SO IT MUST BE
confirmation,test-other,5442,F,41169,5442-41169-0009,2.435,16000,test-other/5442/41169/5442-41169-0009.flac,THERE'S NO MEANING IN IT AT ALL
confirmation,test-other,5442,F,41169,5442-41169-0010,3.075,16000,test-other/5442/41169/5442-41169-0010.flac,THEN TOO ONE MUST KEEP UP CONNECTIONS
confirmation,test-other,5442,F,41169,5442-41169-0012,3.6,16000,test-other/5442/41169/5442-41169-0012.flac,AND THEN TO TELL THE TRUTH THERE'S ONE'S OWN INTERESTS
confirmation,test-other,5442,F,41169,5442-41169-0013,4.12,16000,test-other/5442/41169/5442-41169-0013.flac,THEY'RE PROPRIETORS OF A SORT BUT WE'RE THE LANDOWNERS
confirmation,test-other,5442,F,41169,5442-41169-0014,5.87,16000,test-other/5442/41169/5442-41169-0014.flac,THAT IT MAY BE BUT STILL IT OUGHT TO BE TREATED A LITTLE MORE RESPECTFULLY
confirmation,test-other,5442,F,41169,5442-41169-0016,3.25,16000,test-other/5442/41169/5442-41169-0016.flac,WELL AND HOW IS YOUR LAND DOING
confirmation,test-other,5442,F,41169,5442-41169-0020,4.315,16000,test-other/5442/41169/5442-41169-0020.flac,SO THERE'LL BE NO ONE TO KEEP IT UP AND YET ONE DOES IT
confirmation,test-other,5442,F,41169,5442-41169-0021,9.565,16000,test-other/5442/41169/5442-41169-0021.flac,WE WALKED ABOUT THE FIELDS AND THE GARDEN NO SAID HE STEPAN VASSILIEVITCH EVERYTHING'S WELL LOOKED AFTER BUT YOUR GARDEN'S NEGLECTED
confirmation,test-other,5442,F,41169,5442-41169-0023,4.98,16000,test-other/5442/41169/5442-41169-0023.flac,HERE YOU'VE THOUSANDS OF LIMES AND EACH WOULD MAKE TWO GOOD BUNDLES OF BARK
confirmation,test-other,5442,F,41169,5442-41169-0024,3.865,16000,test-other/5442/41169/5442-41169-0024.flac,YOU'RE MARRIED I'VE HEARD SAID THE LANDOWNER
confirmation,test-other,5442,F,41169,5442-41169-0025,2.965,16000,test-other/5442/41169/5442-41169-0025.flac,YES IT'S RATHER STRANGE HE WENT ON
confirmation,test-other,5442,F,41169,5442-41169-0027,3.075,16000,test-other/5442/41169/5442-41169-0027.flac,WHY DON'T WE CUT DOWN OUR PARKS FOR TIMBER
confirmation,test-other,5442,F,41169,5442-41169-0029,5.06,16000,test-other/5442/41169/5442-41169-0029.flac,THERE'S A CLASS INSTINCT TOO OF WHAT ONE OUGHT AND OUGHTN'T TO DO
confirmation,test-other,5484,F,24317,5484-24317-0000,3.54,16000,test-other/5484/24317/5484-24317-0000.flac,WHEN HE CAME FROM THE BATH PROCLUS VISITED HIM AGAIN
confirmation,test-other,5484,F,24317,5484-24317-0001,18.4,16000,test-other/5484/24317/5484-24317-0001.flac,BUT HERMON WAS NOT IN THE MOOD TO SHARE A JOYOUS REVEL AND HE FRANKLY SAID SO ALTHOUGH IMMEDIATELY AFTER HIS RETURN HE HAD ACCEPTED THE INVITATION TO THE FESTIVAL WHICH THE WHOLE FELLOWSHIP OF ARTISTS WOULD GIVE THE FOLLOWING DAY IN HONOUR OF THE SEVENTIETH BIRTHDAY OF THE OLD SCULPTOR EUPHRANOR
confirmation,test-other,5484,F,24317,5484-24317-0002,6.665,16000,test-other/5484/24317/5484-24317-0002.flac,SHE WOULD APPEAR HERSELF AT DESSERT AND THE BANQUET MUST THEREFORE BEGIN AT AN UNUSUALLY EARLY HOUR
confirmation,test-other,5484,F,24317,5484-24317-0005,7.915,16000,test-other/5484/24317/5484-24317-0005.flac,HE LONGED WITH ARDENT YEARNING FOR THE SOUND OF HER VOICE AND STILL MORE TO UNBURDEN HIS SORELY TROUBLED SOUL TO HER
confirmation,test-other,5484,F,24317,5484-24317-0009,14.605,16000,test-other/5484/24317/5484-24317-0009.flac,HITHERTO THE MERCHANT HAD BEEN INDUCED IT IS TRUE TO ADVANCE LARGE SUMS OF MONEY TO THE QUEEN BUT THE LOYAL DEVOTION WHICH HE SHOWED TO HER ROYAL HUSBAND HAD RENDERED IT IMPOSSIBLE TO GIVE HIM EVEN A HINT OF THE CONSPIRACY
confirmation,test-other,5484,F,24317,5484-24317-0010,6.175,16000,test-other/5484/24317/5484-24317-0010.flac,WHEN HERMON ENTERED THE RESIDENCE OF THE GRAMMATEUS IN THE PALACE THE GUESTS HAD ALREADY ASSEMBLED
confirmation,test-other,5484,F,24317,5484-24317-0011,6.65,16000,test-other/5484/24317/5484-24317-0011.flac,THE PLACE BY HERMON'S SIDE WHICH ALTHEA HAD CHOSEN FOR HERSELF WOULD THEN BE GIVEN UP TO ARSINOE
confirmation,test-other,5484,F,24317,5484-24317-0012,22.745,16000,test-other/5484/24317/5484-24317-0012.flac,TRUE AN INTERESTING CONVERSATION STILL HAD POWER TO CHARM HIM BUT OFTEN DURING ITS CONTINUANCE THE FULL CONSCIOUSNESS OF HIS MISFORTUNE FORCED ITSELF UPON HIS MIND FOR THE MAJORITY OF THE SUBJECTS DISCUSSED BY THE ARTISTS CAME TO THEM THROUGH THE MEDIUM OF SIGHT AND REFERRED TO NEW CREATIONS OF ARCHITECTURE SCULPTURE AND PAINTING FROM WHOSE ENJOYMENT HIS BLINDNESS DEBARRED HIM
confirmation,test-other,5484,F,24317,5484-24317-0016,5.505,16000,test-other/5484/24317/5484-24317-0016.flac,THE KING'S SISTER THE OBJECT OF HIS LOVE CRIED HERMON INCREDULOUSLY
confirmation,test-other,5484,F,24317,5484-24317-0020,7.555,16000,test-other/5484/24317/5484-24317-0020.flac,YOUR UNCLE TOO HAS OFTEN WITH PRAISEWORTHY GENEROSITY HELPED ARSINOE IN MANY AN EMBARRASSMENT
confirmation,test-other,5484,F,24317,5484-24317-0022,5.04,16000,test-other/5484/24317/5484-24317-0022.flac,WHEN HE DID FINALLY SUMMON YOU HE SAID THINGS WHICH MUST HAVE WOUNDED YOU
confirmation,test-other,5484,F,24317,5484-24317-0026,2.96,16000,test-other/5484/24317/5484-24317-0026.flac,HERMON LISTENED TO THE PAIR IN SILENCE
confirmation,test-other,5484,F,24317,5484-24317-0027,20.42,16000,test-other/5484/24317/5484-24317-0027.flac,THE RHODIAN WAS JUST BEGINNING TO PRAISE ARSINOE ALSO AS A SPECIAL FRIEND AND CONNOISSEUR OF THE SCULPTOR'S ART WHEN CRATES HERMON'S FELLOW STUDENT ASKED THE BLIND ARTIST IN BEHALF OF HIS BEAUTIFUL COMPANION WHY HIS DEMETER WAS PLACED UPON A PEDESTAL WHICH TO OTHERS AS WELL AS HIMSELF SEEMED TOO HIGH FOR THE SIZE OF THE STATUE
confirmation,test-other,5484,F,24317,5484-24317-0028,6.85,16000,test-other/5484/24317/5484-24317-0028.flac,YET WHAT MATTERED IT EVEN IF THESE MISERABLE PEOPLE CONSIDERED THEMSELVES DECEIVED AND POINTED THE FINGER OF SCORN AT HIM
confirmation,test-other,5484,F,24318,5484-24318-0003,5.01,16000,test-other/5484/24318/5484-24318-0003.flac,WHAT PLEASURE HAD LIFE TO OFFER HIM THE BLIND MAN WHO WAS ALREADY DEAD TO HIS ART
confirmation,test-other,5484,F,24318,5484-24318-0004,3.825,16000,test-other/5484/24318/5484-24318-0004.flac,OUGHT HE NOT TO GREET THIS SUDDEN END AS A BOON FROM THE IMMORTALS
confirmation,test-other,5484,F,24318,5484-24318-0005,4.895,16000,test-other/5484/24318/5484-24318-0005.flac,DID IT NOT SPARE HIM A HUMILIATION AS GREAT AND PAINFUL AS COULD BE IMAGINED
confirmation,test-other,5484,F,24318,5484-24318-0006,3.37,16000,test-other/5484/24318/5484-24318-0006.flac,WHATEVER MIGHT AWAIT HIM HE DESIRED NO BETTER FATE
confirmation,test-other,5484,F,24318,5484-24318-0011,7.355,16000,test-other/5484/24318/5484-24318-0011.flac,AGAIN HE HEARD THE BELOVED VOICE AND THIS TIME IT ADDRESSED NOT ONLY HIM BUT WITH THE UTMOST HASTE THE COMMANDER OF THE SOLDIERS
confirmation,test-other,5484,F,24318,5484-24318-0013,12.71,16000,test-other/5484/24318/5484-24318-0013.flac,LASTLY WITH EARNEST WARMTH SHE BESOUGHT HIM BEFORE TAKING THE PRISONERS AWAY TO PERMIT HER TO SPEAK TO THE COMMANDING GENERAL PHILIPPUS HER FATHER'S GUEST WHO SHE WAS CERTAIN WAS IN THE PALACE
confirmation,test-other,5484,F,24318,5484-24318-0022,5.96,16000,test-other/5484/24318/5484-24318-0022.flac,BUT HERMON WITH DROOPING HEAD MURMURED TO MORROW I SHALL NO LONGER BE WHAT I AM NOW
confirmation,test-other,5484,F,24318,5484-24318-0023,5.91,16000,test-other/5484/24318/5484-24318-0023.flac,THEN DAPHNE RAISED HER FACE TO HIS ASKING SO THE DEMETER IS THE WORK OF MYRTILUS
confirmation,test-other,5484,F,24318,5484-24318-0024,2.475,16000,test-other/5484/24318/5484-24318-0024.flac,WHAT A TERRIBLE ORDEAL AGAIN AWAITS YOU
confirmation,test-other,5484,F,24318,5484-24318-0025,4.7250625,16000,test-other/5484/24318/5484-24318-0025.flac,AND I FOOL BLINDED ALSO IN MIND COULD BE VEXED WITH YOU FOR IT
confirmation,test-other,5484,F,24318,5484-24318-0027,4.825,16000,test-other/5484/24318/5484-24318-0027.flac,SO ARCHIAS INTENDED TO LEAVE THE CITY ON ONE OF HIS OWN SHIPS THAT VERY DAY
confirmation,test-other,5484,F,24318,5484-24318-0028,4.94,16000,test-other/5484/24318/5484-24318-0028.flac,HE HIMSELF ON THE WAY TO EXPOSE HIMSELF TO THE MALICE AND MOCKERY OF THE WHOLE CITY
confirmation,test-other,5484,F,24318,5484-24318-0029,16.98,16000,test-other/5484/24318/5484-24318-0029.flac,HIS HEART CONTRACTED PAINFULLY AND HIS SOLICITUDE ABOUT HIS UNCLE'S FATE INCREASED WHEN PHILIPPUS INFORMED HIM THAT THE CONSPIRATORS HAD BEEN ARRESTED AT THE BANQUET AND HEADED BY AMYNTAS THE RHODIAN CHRYSIPPUS AND PROCLUS HAD PERISHED BY THE EXECUTIONER'S SWORD AT SUNRISE
confirmation,test-other,5484,F,24318,5484-24318-0031,3.32,16000,test-other/5484/24318/5484-24318-0031.flac,ON THE WAY HIS HEART THROBBED ALMOST TO BURSTING
confirmation,test-other,5484,F,24318,5484-24318-0034,28.035,16000,test-other/5484/24318/5484-24318-0034.flac,THE EGYPTIAN OBEYED AND HIS MASTER CROSSED THE WIDE SPACE STREWN WITH SAND AND APPROACHED THE STAGE WHICH HAD BEEN ERECTED FOR THE FESTAL PERFORMANCES EVEN HAD HIS EYES RETAINED THE POWER OF SIGHT HIS BLOOD WAS COURSING SO WILDLY THROUGH HIS VEINS THAT HE MIGHT PERHAPS HAVE BEEN UNABLE TO DISTINGUISH THE STATUES AROUND HIM AND THE THOUSANDS OF SPECTATORS WHO CROWDED CLOSELY TOGETHER RICHLY GARLANDED THEIR CHEEKS GLOWING WITH ENTHUSIASM SURROUNDED THE ARENA HERMON
confirmation,test-other,5484,F,24318,5484-24318-0036,11.975,16000,test-other/5484/24318/5484-24318-0036.flac,EVEN WHILE HE BELIEVED HIMSELF TO BE THE CREATOR OF THE DEMETER HE HAD BEEN SERIOUSLY TROUBLED BY THE PRAISE OF SO MANY CRITICS BECAUSE IT HAD EXPOSED HIM TO THE SUSPICION OF HAVING BECOME FAITHLESS TO HIS ART AND HIS NATURE
confirmation,test-other,5764,M,299665,5764-299665-0006,8.785,16000,test-other/5764/299665/5764-299665-0006.flac,IS HE RESPONSIBLE FOR ALL THE WARS THAT HAVE BEEN WAGED FOR ALL THE INNOCENT BLOOD THAT HAS BEEN SHED
confirmation,test-other,5764,M,299665,5764-299665-0008,11.925,16000,test-other/5764/299665/5764-299665-0008.flac,IS THIS GOD RESPONSIBLE FOR RELIGIOUS PERSECUTION FOR THE INQUISITION FOR THE THUMB SCREW AND RACK AND FOR ALL THE INSTRUMENTS OF TORTURE
confirmation,test-other,5764,M,299665,5764-299665-0013,5.845,16000,test-other/5764/299665/5764-299665-0013.flac,HOW CAN WE ACCOUNT FOR A WORLD WHERE LIFE FEEDS ON LIFE
confirmation,test-other,5764,M,299665,5764-299665-0015,5.21,16000,test-other/5764/299665/5764-299665-0015.flac,FEAR BUILDS THE ALTAR AND OFFERS THE SACRIFICE
confirmation,test-other,5764,M,299665,5764-299665-0018,3.32,16000,test-other/5764/299665/5764-299665-0018.flac,CAN WE SAY THAT HE CARED FOR THE CHILDREN OF MEN
confirmation,test-other,5764,M,299665,5764-299665-0021,4.04,16000,test-other/5764/299665/5764-299665-0021.flac,WAS THERE GOODNESS WAS THERE WISDOM IN THIS
confirmation,test-other,5764,M,299665,5764-299665-0022,5.865,16000,test-other/5764/299665/5764-299665-0022.flac,OUGHT THE SUPERIOR RACES TO THANK GOD THAT THEY ARE NOT THE INFERIOR
confirmation,test-other,5764,M,299665,5764-299665-0023,3.9,16000,test-other/5764/299665/5764-299665-0023.flac,MOST PEOPLE CLING TO THE SUPERNATURAL
confirmation,test-other,5764,M,299665,5764-299665-0032,15.585,16000,test-other/5764/299665/5764-299665-0032.flac,IT IS INSISTED BY THESE THEOLOGIANS AND BY MANY OF THE SO CALLED PHILOSOPHERS THAT THIS MORAL SENSE THIS SENSE OF DUTY OF OBLIGATION WAS IMPORTED AND THAT CONSCIENCE IS AN EXOTIC
confirmation,test-other,5764,M,299665,5764-299665-0036,8.715,16000,test-other/5764/299665/5764-299665-0036.flac,THE MEMBERS WHO ADD TO THE MISERY OF THE FAMILY THE TRIBE OR THE NATION ARE CONSIDERED BAD MEMBERS
confirmation,test-other,5764,M,299665,5764-299665-0041,4.305,16000,test-other/5764/299665/5764-299665-0041.flac,THE SENSE OF DUTY BECOMES STRONGER MORE IMPERATIVE
confirmation,test-other,5764,M,299665,5764-299665-0043,4.635,16000,test-other/5764/299665/5764-299665-0043.flac,IN ALL THIS THERE IS NOTHING SUPERNATURAL
confirmation,test-other,5764,M,299665,5764-299665-0045,2.84,16000,test-other/5764/299665/5764-299665-0045.flac,HAS CHRISTIANITY DONE GOOD
confirmation,test-other,5764,M,299665,5764-299665-0046,4.715,16000,test-other/5764/299665/5764-299665-0046.flac,WHEN THE CHURCH HAD CONTROL WERE MEN MADE BETTER AND HAPPIER
confirmation,test-other,5764,M,299665,5764-299665-0047,4.58,16000,test-other/5764/299665/5764-299665-0047.flac,WHAT HAS RELIGION DONE FOR HUNGARY OR AUSTRIA
confirmation,test-other,5764,M,299665,5764-299665-0049,5.745,16000,test-other/5764/299665/5764-299665-0049.flac,COULD THEY HAVE BEEN WORSE HAD THEY HAD ANY OTHER RELIGION THAN CHRISTIANITY
confirmation,test-other,5764,M,299665,5764-299665-0057,8.465,16000,test-other/5764/299665/5764-299665-0057.flac,IN OTHER WORDS IT WAS JUST AS FIENDISH JUST AS INFAMOUS AS THE CATHOLIC SPIRIT
confirmation,test-other,5764,M,299665,5764-299665-0065,4.39,16000,test-other/5764/299665/5764-299665-0065.flac,CAN WE RECEIVE VIRTUE OR HONOR AS ALMS
confirmation,test-other,5764,M,299665,5764-299665-0067,2.39,16000,test-other/5764/299665/5764-299665-0067.flac,WE MUST HAVE CORNER STONES
confirmation,test-other,5764,M,299665,5764-299665-0068,2.64,16000,test-other/5764/299665/5764-299665-0068.flac,THE STRUCTURE MUST HAVE A BASEMENT
confirmation,test-other,5764,M,299665,5764-299665-0072,14.24,16000,test-other/5764/299665/5764-299665-0072.flac,IF THESE CORNER STONES ARE FACTS IT FOLLOWS AS A NECESSITY THAT MATTER AND FORCE ARE FROM AND TO ETERNITY THAT THEY CAN NEITHER BE INCREASED NOR DIMINISHED
confirmation,test-other,5764,M,299665,5764-299665-0078,6.84,16000,test-other/5764/299665/5764-299665-0078.flac,IN THE INFINITE CHAIN THERE IS AND THERE CAN BE NO BROKEN NO MISSING LINK
confirmation,test-other,5764,M,299665,5764-299665-0084,2.61,16000,test-other/5764/299665/5764-299665-0084.flac,WHY HAVE THE REFORMERS FAILED
confirmation,test-other,5764,M,299665,5764-299665-0087,4.455,16000,test-other/5764/299665/5764-299665-0087.flac,FAILURE SEEMS TO BE THE TRADEMARK OF NATURE WHY
confirmation,test-other,5764,M,299665,5764-299665-0088,8.03,16000,test-other/5764/299665/5764-299665-0088.flac,NATURE PRODUCES WITHOUT PURPOSE SUSTAINS WITHOUT INTENTION AND DESTROYS WITHOUT THOUGHT
confirmation,test-other,5764,M,299665,5764-299665-0090,8.68,16000,test-other/5764/299665/5764-299665-0090.flac,WHY SHOULD MEN AND WOMEN HAVE CHILDREN THAT THEY CANNOT TAKE CARE OF CHILDREN THAT ARE BURDENS AND CURSES WHY
confirmation,test-other,5764,M,299665,5764-299665-0091,4.14,16000,test-other/5764/299665/5764-299665-0091.flac,PASSION IS AND ALWAYS HAS BEEN DEAF
confirmation,test-other,5764,M,299665,5764-299665-0092,6.91,16000,test-other/5764/299665/5764-299665-0092.flac,LAW CAN PUNISH BUT IT CAN NEITHER REFORM CRIMINALS NOR PREVENT CRIME
confirmation,test-other,5764,M,299665,5764-299665-0093,3.615,16000,test-other/5764/299665/5764-299665-0093.flac,THIS CANNOT BE DONE BY TALK OR EXAMPLE
confirmation,test-other,5764,M,299665,5764-299665-0096,3.865,16000,test-other/5764/299665/5764-299665-0096.flac,POVERTY AND CRIME WILL BE CHILDLESS
confirmation,test-other,6070,F,63485,6070-63485-0000,9.4,16000,test-other/6070/63485/6070-63485-0000.flac,THEY'RE DONE FOR SAID THE SCHOOLMASTER IN A LOW KEY TO THE CHOUETTE OUT WITH YOUR VITRIOL AND MIND YOUR EYE
confirmation,test-other,6070,F,63485,6070-63485-0004,16.93,16000,test-other/6070/63485/6070-63485-0004.flac,IN AN INSTANT THE SCHOOLMASTER WITH A LEAP RESEMBLING IN STRENGTH AND AGILITY THE SPRING OF A TIGER SEIZED SEYTON WITH ONE HAND BY THE THROAT AND EXCLAIMED YOUR MONEY OR I WILL FLING YOU INTO THIS HOLE
confirmation,test-other,6070,F,63485,6070-63485-0005,7.755,16000,test-other/6070/63485/6070-63485-0005.flac,NO SAID THE OLD BRUTE GRUMBLINGLY NO NOT ONE RING WHAT A SHAME
confirmation,test-other,6070,F,63485,6070-63485-0006,8.685,16000,test-other/6070/63485/6070-63485-0006.flac,TOM SEYTON DID NOT LOSE HIS PRESENCE OF MIND DURING THIS SCENE RAPIDLY AND UNEXPECTEDLY AS IT HAD OCCURRED
confirmation,test-other,6070,F,63485,6070-63485-0007,5.155,16000,test-other/6070/63485/6070-63485-0007.flac,OH AH TO LAY A TRAP TO CATCH US REPLIED THE THIEF
confirmation,test-other,6070,F,63485,6070-63485-0008,5.5,16000,test-other/6070/63485/6070-63485-0008.flac,THEN ADDRESSING THOMAS SEYTON YOU KNOW THE PLAIN OF SAINT DENIS
confirmation,test-other,6070,F,63485,6070-63485-0009,8.035,16000,test-other/6070/63485/6070-63485-0009.flac,DID YOU SEE IN THE CABARET WE HAVE JUST LEFT FOR I KNOW YOU AGAIN THE MAN WHOM THE CHARCOAL MAN CAME TO SEEK
confirmation,test-other,6070,F,63485,6070-63485-0012,2.075,16000,test-other/6070/63485/6070-63485-0012.flac,LET'S GO AND MEET HIM
confirmation,test-other,6070,F,63485,6070-63485-0014,8.04,16000,test-other/6070/63485/6070-63485-0014.flac,WELL MY WIFE SHALL BE THERE SAID THE SCHOOLMASTER YOU WILL TELL HER WHAT YOU WANT AND I SHALL SEE
confirmation,test-other,6070,F,63485,6070-63485-0015,2.13,16000,test-other/6070/63485/6070-63485-0015.flac,IN THE PLAIN OF SAINT DENIS
confirmation,test-other,6070,F,63485,6070-63485-0018,2.57,16000,test-other/6070/63485/6070-63485-0018.flac,THE FIACRE STARTED
confirmation,test-other,6070,F,86744,6070-86744-0002,17.315,16000,test-other/6070/86744/6070-86744-0002.flac,MY FATHER THE COMTE DE MORCERF ALTHOUGH OF SPANISH ORIGIN POSSESSES CONSIDERABLE INFLUENCE BOTH AT THE COURT OF FRANCE AND MADRID AND I UNHESITATINGLY PLACE THE BEST SERVICES OF MYSELF AND ALL TO WHOM MY LIFE IS DEAR AT YOUR DISPOSAL
confirmation,test-other,6070,F,86744,6070-86744-0007,8.655,16000,test-other/6070/86744/6070-86744-0007.flac,I RESIDE IN MY FATHER'S HOUSE BUT OCCUPY A PAVILION AT THE FARTHER SIDE OF THE COURT YARD ENTIRELY SEPARATED FROM THE MAIN BUILDING
confirmation,test-other,6070,F,86744,6070-86744-0010,5.675,16000,test-other/6070/86744/6070-86744-0010.flac,FOR FRANCE NO FOR VENICE I SHALL REMAIN IN ITALY FOR ANOTHER YEAR OR TWO
confirmation,test-other,6070,F,86744,6070-86744-0016,3.31,16000,test-other/6070/86744/6070-86744-0016.flac,DID YOU EVER MEET HIM PREVIOUSLY TO COMING HITHER
confirmation,test-other,6070,F,86744,6070-86744-0021,3.54,16000,test-other/6070/86744/6070-86744-0021.flac,WHY REALLY THE THING SEEMS TO ME SIMPLE ENOUGH
confirmation,test-other,6070,F,86744,6070-86744-0022,19.9999375,16000,test-other/6070/86744/6070-86744-0022.flac,TALKING OF COUNTRIES REPLIED FRANZ OF WHAT COUNTRY IS THE COUNT WHAT IS HIS NATIVE TONGUE WHENCE DOES HE DERIVE HIS IMMENSE FORTUNE AND WHAT WERE THOSE EVENTS OF HIS EARLY LIFE A LIFE AS MARVELLOUS AS UNKNOWN THAT HAVE TINCTURED HIS SUCCEEDING YEARS WITH SO DARK AND GLOOMY A MISANTHROPY
confirmation,test-other,6070,F,86744,6070-86744-0023,4.6300625,16000,test-other/6070/86744/6070-86744-0023.flac,CERTAINLY THESE ARE QUESTIONS THAT IN YOUR PLACE I SHOULD LIKE TO HAVE ANSWERED
confirmation,test-other,6070,F,86744,6070-86744-0024,15.925,16000,test-other/6070/86744/6070-86744-0024.flac,MY DEAR FRANZ REPLIED ALBERT WHEN UPON RECEIPT OF MY LETTER YOU FOUND THE NECESSITY OF ASKING THE COUNT'S ASSISTANCE YOU PROMPTLY WENT TO HIM SAYING MY FRIEND ALBERT DE MORCERF IS IN DANGER HELP ME TO DELIVER HIM
confirmation,test-other,6070,F,86744,6070-86744-0027,10.415,16000,test-other/6070/86744/6070-86744-0027.flac,AND THIS TIME IT MUST BE CONFESSED THAT CONTRARY TO THE USUAL STATE OF AFFAIRS IN DISCUSSIONS BETWEEN THE YOUNG MEN THE EFFECTIVE ARGUMENTS WERE ALL ON ALBERT'S SIDE
confirmation,test-other,6070,F,86744,6070-86744-0028,8.35,16000,test-other/6070/86744/6070-86744-0028.flac,WELL SAID FRANZ WITH A SIGH DO AS YOU PLEASE MY DEAR VISCOUNT FOR YOUR ARGUMENTS ARE BEYOND MY POWERS OF REFUTATION
confirmation,test-other,6070,F,86744,6070-86744-0029,3.685,16000,test-other/6070/86744/6070-86744-0029.flac,AND NOW MY DEAR FRANZ LET US TALK OF SOMETHING ELSE
confirmation,test-other,6070,F,86745,6070-86745-0001,15.265,16000,test-other/6070/86745/6070-86745-0001.flac,SHRUBS AND CREEPING PLANTS COVERED THE WINDOWS AND HID FROM THE GARDEN AND COURT THESE TWO APARTMENTS THE ONLY ROOMS INTO WHICH AS THEY WERE ON THE GROUND FLOOR THE PRYING EYES OF THE CURIOUS COULD PENETRATE
confirmation,test-other,6070,F,86745,6070-86745-0003,7.55,16000,test-other/6070/86745/6070-86745-0003.flac,WAIT THEN DURING THE DAY TELL ROSA THAT WHEN I LEAVE THE OPERA I WILL SUP WITH HER AS SHE WISHES
confirmation,test-other,6070,F,86745,6070-86745-0004,2.44,16000,test-other/6070/86745/6070-86745-0004.flac,VERY WELL AT HALF PAST TEN
confirmation,test-other,6070,F,86745,6070-86745-0007,7.045,16000,test-other/6070/86745/6070-86745-0007.flac,GOOD MORNING LUCIEN GOOD MORNING SAID ALBERT YOUR PUNCTUALITY REALLY ALARMS ME
confirmation,test-other,6070,F,86745,6070-86745-0010,6.0,16000,test-other/6070/86745/6070-86745-0010.flac,YES HE HAS NOT MUCH TO COMPLAIN OF BOURGES IS THE CAPITAL OF CHARLES SEVEN
confirmation,test-other,6070,F,86745,6070-86745-0013,8.145,16000,test-other/6070/86745/6070-86745-0013.flac,PESTE I WILL DO NOTHING OF THE KIND THE MOMENT THEY COME FROM GOVERNMENT YOU WOULD FIND THEM EXECRABLE
confirmation,test-other,6070,F,86745,6070-86745-0015,2.405,16000,test-other/6070/86745/6070-86745-0015.flac,ABOUT WHAT ABOUT THE PAPERS
confirmation,test-other,6070,F,86745,6070-86745-0016,5.15,16000,test-other/6070/86745/6070-86745-0016.flac,IN THE ENTIRE POLITICAL WORLD OF WHICH YOU ARE ONE OF THE LEADERS
confirmation,test-other,6128,F,63240,6128-63240-0001,4.325,16000,test-other/6128/63240/6128-63240-0001.flac,THAT HAS AN UNFLATTERING SOUND FOR ME SAID THE YOUNG MAN
confirmation,test-other,6128,F,63240,6128-63240-0002,2.385,16000,test-other/6128/63240/6128-63240-0002.flac,SHE IS WILLING TO RISK THAT
confirmation,test-other,6128,F,63240,6128-63240-0006,18.3,16000,test-other/6128/63240/6128-63240-0006.flac,THOSE OF BASIL RANSOM WERE DARK DEEP AND GLOWING HIS HEAD HAD A CHARACTER OF ELEVATION WHICH FAIRLY ADDED TO HIS STATURE IT WAS A HEAD TO BE SEEN ABOVE THE LEVEL OF A CROWD ON SOME JUDICIAL BENCH OR POLITICAL PLATFORM OR EVEN ON A BRONZE MEDAL
confirmation,test-other,6128,F,63240,6128-63240-0012,3.815,16000,test-other/6128/63240/6128-63240-0012.flac,HE LOOKED AT MISSUS LUNA WITH INTELLIGENT INCREDULITY
confirmation,test-other,6128,F,63240,6128-63240-0015,2.62,16000,test-other/6128/63240/6128-63240-0015.flac,NO I HAVEN'T BEEN ANYWHERE
confirmation,test-other,6128,F,63240,6128-63240-0017,7.4,16000,test-other/6128/63240/6128-63240-0017.flac,THIS LAST REMARK HE MADE AT A VENTURE FOR HE HAD NATURALLY NOT DEVOTED ANY SUPPOSITION WHATEVER TO MISSUS LUNA
confirmation,test-other,6128,F,63240,6128-63240-0024,17.655,16000,test-other/6128/63240/6128-63240-0024.flac,HER VOICE WAS LOW AND AGREEABLE A CULTIVATED VOICE AND SHE EXTENDED A SLENDER WHITE HAND TO HER VISITOR WHO REMARKED WITH SOME SOLEMNITY HE FELT A CERTAIN GUILT OF PARTICIPATION IN MISSUS LUNA'S INDISCRETION THAT HE WAS INTENSELY HAPPY TO MAKE HER ACQUAINTANCE
confirmation,test-other,6128,F,63240,6128-63240-0026,5.77,16000,test-other/6128/63240/6128-63240-0026.flac,I SHALL BE BACK VERY LATE WE ARE GOING TO A THEATRE PARTY THAT'S WHY WE DINE SO EARLY
confirmation,test-other,6128,F,63241,6128-63241-0001,13.095,16000,test-other/6128/63241/6128-63241-0001.flac,THE WOMEN HE HAD HITHERTO KNOWN HAD BEEN MAINLY OF HIS OWN SOFT CLIME AND IT WAS NOT OFTEN THEY EXHIBITED THE TENDENCY HE DETECTED AND CURSORILY DEPLORED IN MISSUS LUNA'S SISTER
confirmation,test-other,6128,F,63241,6128-63241-0003,8.36,16000,test-other/6128/63241/6128-63241-0003.flac,HE WAS SORRY FOR HER BUT HE SAW IN A FLASH THAT NO ONE COULD HELP HER THAT WAS WHAT MADE HER TRAGIC
confirmation,test-other,6128,F,63241,6128-63241-0006,21.26,16000,test-other/6128/63241/6128-63241-0006.flac,THE STATE OF MISSISSIPPI SEEMED TO HIM THE STATE OF DESPAIR SO HE SURRENDERED THE REMNANTS OF HIS PATRIMONY TO HIS MOTHER AND SISTERS AND AT NEARLY THIRTY YEARS OF AGE ALIGHTED FOR THE FIRST TIME IN NEW YORK IN THE COSTUME OF HIS PROVINCE WITH FIFTY DOLLARS IN HIS POCKET AND A GNAWING HUNGER IN HIS HEART
confirmation,test-other,6128,F,63241,6128-63241-0009,5.865,16000,test-other/6128/63241/6128-63241-0009.flac,OLIVE HAD A FEAR OF EVERYTHING BUT HER GREATEST FEAR WAS OF BEING AFRAID
confirmation,test-other,6128,F,63241,6128-63241-0010,11.68,16000,test-other/6128/63241/6128-63241-0010.flac,SHE HAD ERECTED IT INTO A SORT OF RULE OF CONDUCT THAT WHENEVER SHE SAW A RISK SHE WAS TO TAKE IT AND SHE HAD FREQUENT HUMILIATIONS AT FINDING HERSELF SAFE AFTER ALL
confirmation,test-other,6128,F,63241,6128-63241-0011,19.06,16000,test-other/6128/63241/6128-63241-0011.flac,SHE WAS PERFECTLY SAFE AFTER WRITING TO BASIL RANSOM AND INDEED IT WAS DIFFICULT TO SEE WHAT HE COULD HAVE DONE TO HER EXCEPT THANK HER HE WAS ONLY EXCEPTIONALLY SUPERLATIVE FOR HER LETTER AND ASSURE HER THAT HE WOULD COME AND SEE HER THE FIRST TIME HIS BUSINESS HE WAS BEGINNING TO GET A LITTLE SHOULD TAKE HIM TO BOSTON
confirmation,test-other,6128,F,63241,6128-63241-0013,16.45,16000,test-other/6128/63241/6128-63241-0013.flac,OF ALL THINGS IN THE WORLD CONTENTION WAS MOST SWEET TO HER THOUGH WHY IT IS HARD TO IMAGINE FOR IT ALWAYS COST HER TEARS HEADACHES A DAY OR TWO IN BED ACUTE EMOTION AND IT WAS VERY POSSIBLE BASIL RANSOM WOULD NOT CARE TO CONTEND
confirmation,test-other,6128,F,63244,6128-63244-0001,4.04,16000,test-other/6128/63244/6128-63244-0001.flac,HOW DID THE LADIES ON BEACON STREET FEEL ABOUT THE BALLOT
confirmation,test-other,6128,F,63244,6128-63244-0005,8.615,16000,test-other/6128/63244/6128-63244-0005.flac,ALL SORTS OF INFERIOR PEOPLE LIVED THERE AND SO BRILLIANT A WOMAN AS MISSUS FARRINDER WHO LIVED AT ROXBURY OUGHT NOT TO MIX THINGS UP
confirmation,test-other,6128,F,63244,6128-63244-0006,12.255,16000,test-other/6128/63244/6128-63244-0006.flac,SHE KNEW HER PLACE IN THE BOSTON HIERARCHY AND IT WAS NOT WHAT MISSUS FARRINDER SUPPOSED SO THAT THERE WAS A WANT OF PERSPECTIVE IN TALKING TO HER AS IF SHE HAD BEEN A REPRESENTATIVE OF THE ARISTOCRACY
confirmation,test-other,6128,F,63244,6128-63244-0009,8.625,16000,test-other/6128/63244/6128-63244-0009.flac,CHARLIE WAS A YOUNG MAN IN A WHITE OVERCOAT AND A PAPER COLLAR IT WAS FOR HIM IN THE LAST ANALYSIS THAT THEY CARED MUCH THE MOST
confirmation,test-other,6128,F,63244,6128-63244-0010,4.74,16000,test-other/6128/63244/6128-63244-0010.flac,OLIVE CHANCELLOR WONDERED HOW MISSUS FARRINDER WOULD TREAT THAT BRANCH OF THE QUESTION
confirmation,test-other,6128,F,63244,6128-63244-0012,4.66,16000,test-other/6128/63244/6128-63244-0012.flac,OUR MOVEMENT IS FOR ALL IT APPEALS TO THE MOST DELICATE LADIES
confirmation,test-other,6128,F,63244,6128-63244-0013,4.145,16000,test-other/6128/63244/6128-63244-0013.flac,RAISE THE STANDARD AMONG THEM AND BRING ME A THOUSAND NAMES
confirmation,test-other,6128,F,63244,6128-63244-0014,12.995,16000,test-other/6128/63244/6128-63244-0014.flac,I LOOK AFTER THE DETAILS AS WELL AS THE BIG CURRENTS MISSUS FARRINDER ADDED IN A TONE AS EXPLANATORY AS COULD BE EXPECTED OF SUCH A WOMAN AND WITH A SMILE OF WHICH THE SWEETNESS WAS THRILLING TO HER LISTENER
confirmation,test-other,6128,F,63244,6128-63244-0015,5.535,16000,test-other/6128/63244/6128-63244-0015.flac,SAID OLIVE CHANCELLOR WITH A FACE WHICH SEEMED TO PLEAD FOR A REMISSION OF RESPONSIBILITY
confirmation,test-other,6128,F,63244,6128-63244-0017,9.815,16000,test-other/6128/63244/6128-63244-0017.flac,IT WAS ONE THING TO CHOOSE FOR HERSELF BUT NOW THE GREAT REPRESENTATIVE OF THE ENFRANCHISEMENT OF THEIR SEX FROM EVERY FORM OF BONDAGE HAD CHOSEN FOR HER
confirmation,test-other,6128,F,63244,6128-63244-0021,10.81,16000,test-other/6128/63244/6128-63244-0021.flac,THEY WOULD BE NAMES OF WOMEN WEAK INSULTED PERSECUTED BUT DEVOTED IN EVERY PULSE OF THEIR BEING TO THE CAUSE AND ASKING NO BETTER FATE THAN TO DIE FOR IT
confirmation,test-other,6128,F,63244,6128-63244-0022,14.385,16000,test-other/6128/63244/6128-63244-0022.flac,IT WAS NOT CLEAR TO THIS INTERESTING GIRL IN WHAT MANNER SUCH A SACRIFICE AS THIS LAST WOULD BE REQUIRED OF HER BUT SHE SAW THE MATTER THROUGH A KIND OF SUNRISE MIST OF EMOTION WHICH MADE DANGER AS ROSY AS SUCCESS
confirmation,test-other,6128,F,63244,6128-63244-0023,10.3,16000,test-other/6128/63244/6128-63244-0023.flac,WHEN MISS BIRDSEYE APPROACHED IT TRANSFIGURED HER FAMILIAR HER COMICAL SHAPE AND MADE THE POOR LITTLE HUMANITARY HACK SEEM ALREADY A MARTYR
confirmation,test-other,6128,F,63244,6128-63244-0024,10.715,16000,test-other/6128/63244/6128-63244-0024.flac,OLIVE CHANCELLOR LOOKED AT HER WITH LOVE REMEMBERED THAT SHE HAD NEVER IN HER LONG UNREWARDED WEARY LIFE HAD A THOUGHT OR AN IMPULSE FOR HERSELF
confirmation,test-other,6128,F,63244,6128-63244-0025,9.295,16000,test-other/6128/63244/6128-63244-0025.flac,SHE HAD BEEN CONSUMED BY THE PASSION OF SYMPATHY IT HAD CRUMPLED HER INTO AS MANY CREASES AS AN OLD GLAZED DISTENDED GLOVE
confirmation,test-other,6432,M,63722,6432-63722-0001,8.04,16000,test-other/6432/63722/6432-63722-0001.flac,AND SHAG WITH THE FREEDOM OF AN OLD SERVANT STOOD LOOKING AT HIS MASTER AS IF NOT QUITE UNDERSTANDING THE NEW TWIST THE AFFAIRS HAD TAKEN
confirmation,test-other,6432,M,63722,6432-63722-0002,5.385,16000,test-other/6432/63722/6432-63722-0002.flac,I'M GOING OFF FISHING I MAY NOT CATCH ANYTHING I MAY NOT WANT TO AFTER I GET THERE
confirmation,test-other,6432,M,63722,6432-63722-0012,2.54,16000,test-other/6432/63722/6432-63722-0012.flac,I'M WORKING IN THE INTERESTS OF THE YOUNG MAN
confirmation,test-other,6432,M,63722,6432-63722-0019,7.855,16000,test-other/6432/63722/6432-63722-0019.flac,I HAPPENED TO SEE THOSE CANDLESTICKS IN THE WINDOW OF SINGA PHUT'S SHOP THE OTHER DAY AND I MADE UP MY MIND TO BUY THEM WHEN I HAD A CHANCE
confirmation,test-other,6432,M,63722,6432-63722-0028,3.22,16000,test-other/6432/63722/6432-63722-0028.flac,AND THE WATCH HAVE YOU IT YES IT'S HERE
confirmation,test-other,6432,M,63722,6432-63722-0029,5.745,16000,test-other/6432/63722/6432-63722-0029.flac,THAT'S THE WATCH ANNOUNCED THE HEADQUARTERS DETECTIVE REACHING IN FOR IT GOING YET SEE
confirmation,test-other,6432,M,63722,6432-63722-0031,2.695,16000,test-other/6432/63722/6432-63722-0031.flac,AND DONOVAN'S VOICE WAS PLAINLY SKEPTICAL
confirmation,test-other,6432,M,63722,6432-63722-0033,4.835,16000,test-other/6432/63722/6432-63722-0033.flac,AND I'VE READ ENOUGH ABOUT GERMS TO KNOW THE DANGER I'D ADVISE YOU TO BE CAREFUL
confirmation,test-other,6432,M,63722,6432-63722-0041,2.345,16000,test-other/6432/63722/6432-63722-0041.flac,SIMPLY BECAUSE THIS WATCH
confirmation,test-other,6432,M,63722,6432-63722-0042,2.175,16000,test-other/6432/63722/6432-63722-0042.flac,SOME ONE OUT HERE TO SEE YOU
confirmation,test-other,6432,M,63722,6432-63722-0044,2.745,16000,test-other/6432/63722/6432-63722-0044.flac,SINGA PHUT WAS THE PANTING ANSWER
confirmation,test-other,6432,M,63722,6432-63722-0047,6.49,16000,test-other/6432/63722/6432-63722-0047.flac,RATHER A HYPOTHETICAL QUESTION COLONEL BUT I SHOULD SAY IT MIGHT BE A FIFTY FIFTY PROPOSITION
confirmation,test-other,6432,M,63722,6432-63722-0048,7.085,16000,test-other/6432/63722/6432-63722-0048.flac,AT BEST HE WOULD GET OFF WITH A SCOTCH VERDICT OF NOT PROVEN BUT HE DOESN'T WANT THAT NOR DO I
confirmation,test-other,6432,M,63722,6432-63722-0049,2.29,16000,test-other/6432/63722/6432-63722-0049.flac,AND YOU I DON'T WANT IT EITHER
confirmation,test-other,6432,M,63722,6432-63722-0052,4.25,16000,test-other/6432/63722/6432-63722-0052.flac,IF YOU'LL EXCUSE ME I'LL PRETEND I'M FISHING AND I MAY CATCH SOMETHING
confirmation,test-other,6432,M,63722,6432-63722-0053,3.62,16000,test-other/6432/63722/6432-63722-0053.flac,IN FACT I HAVE A FEELING THAT I'LL LAND MY FISH
confirmation,test-other,6432,M,63723,6432-63723-0006,5.09,16000,test-other/6432/63723/6432-63723-0006.flac,IT ISN'T GENERALLY KNOWN WENT ON THE LAWYER THAT THE HOTEL KEEPER'S WIFE HAS LEFT HIM
confirmation,test-other,6432,M,63723,6432-63723-0007,9.125,16000,test-other/6432/63723/6432-63723-0007.flac,IT WAS ONE OF WHAT AT FIRST MIGHT BE CALLED REFINED CRUELTY ON HER HUSBAND'S PART DEGENERATING GRADUALLY INTO THAT OF THE BASER SORT
confirmation,test-other,6432,M,63723,6432-63723-0011,4.025,16000,test-other/6432/63723/6432-63723-0011.flac,HE REMEMBERED THAT CYNTHIA AND GRAFTON HAD ONCE BEEN IN LOVE WITH EACH OTHER
confirmation,test-other,6432,M,63723,6432-63723-0013,2.345,16000,test-other/6432/63723/6432-63723-0013.flac,BECAUSE LARCH MADE NO DEFENSE
confirmation,test-other,6432,M,63723,6432-63723-0015,7.94,16000,test-other/6432/63723/6432-63723-0015.flac,SO I HAD TO LET HER HAVE HER WAY AND WE DID NOT ASK THE COURT FOR MONEY THOUGH I HAD NO SUCH SQUEAMISH FEELINGS WHEN IT CAME TO MY COUNSEL FEE
confirmation,test-other,6432,M,63723,6432-63723-0018,2.445,16000,test-other/6432/63723/6432-63723-0018.flac,STILL I WOULD LIKE TO KNOW
confirmation,test-other,6432,M,63723,6432-63723-0026,2.175,16000,test-other/6432/63723/6432-63723-0026.flac,AND IN A WAY IT WAS TRUE
confirmation,test-other,6432,M,63723,6432-63723-0027,5.125,16000,test-other/6432/63723/6432-63723-0027.flac,SHE ALSO SAW AN OPPORTUNITY OF PAYING OLD DEBTS AND REAPING SOME REVENGES
confirmation,test-other,6432,M,63723,6432-63723-0032,13.075,16000,test-other/6432/63723/6432-63723-0032.flac,MEANWHILE COLONEL ASHLEY WAS A VERY BUSY MAN AND TO NO ONE DID HE TELL VERY MUCH ABOUT HIS ACTIVITIES HE SAW DARCY FREQUENTLY AT THE JAIL AND TO THAT YOUNG MAN'S PLEADINGS THAT SOMETHING BE DONE ALWAYS RETURNED THE ANSWER
confirmation,test-other,6432,M,63723,6432-63723-0037,2.395,16000,test-other/6432/63723/6432-63723-0037.flac,IT WAS HIGH LARCH
confirmation,test-other,6432,M,63723,6432-63723-0048,7.79,16000,test-other/6432/63723/6432-63723-0048.flac,I BEG YOUR PARDON HE SAID IN THE CULTURED TONES HE KNEW SO WELL HOW TO USE YET OF WHICH HE MADE SO LITTLE USE OF LATE
confirmation,test-other,6432,M,63723,6432-63723-0052,10.515,16000,test-other/6432/63723/6432-63723-0052.flac,BECAUSE DEAR FRIEND REPLIED KING SOFTLY HE SOMEWHAT RESEMBLES A CERTAIN PERSON HERE WHO TALKS TOO MUCH BUT WHO IS NOT SO WISE AS HE THINKS
confirmation,test-other,6432,M,63723,6432-63723-0054,10.01,16000,test-other/6432/63723/6432-63723-0054.flac,IT'S IT'S AN ODD COIN AN OLD ROMAN ONE THAT MISSUS DARCY HAD IN HER PRIVATE COLLECTION KEPT IN THE JEWELRY STORE SAFE WAS THE WHISPERED ANSWER
confirmation,test-other,6432,M,63723,6432-63723-0055,8.135,16000,test-other/6432/63723/6432-63723-0055.flac,I WENT OVER THEM THE OTHER DAY AND NOTICED SOME WERE MISSING THOUGH I SAW THEM ALL WHEN I PAID A VISIT TO HER JUST A SHORT TIME BEFORE SHE WAS KILLED
confirmation,test-other,6938,F,70848,6938-70848-0000,3.315,16000,test-other/6938/70848/6938-70848-0000.flac,EVEN THE SUN CAME OUT PALE AND WATERY AT NOON
confirmation,test-other,6938,F,70848,6938-70848-0001,4.03,16000,test-other/6938/70848/6938-70848-0001.flac,THE COLDS AND RHEUMATISM OF THE RAINY MONTHS VANISHED
confirmation,test-other,6938,F,70848,6938-70848-0002,3.94,16000,test-other/6938/70848/6938-70848-0002.flac,ASKED A WORKER LAST SUNDAY YOU DID IT WHEN THE YUNKERS
confirmation,test-other,6938,F,70848,6938-70848-0003,4.25,16000,test-other/6938/70848/6938-70848-0003.flac,WELL DIDN'T THEY SHOOT US ONE MAN EXHIBITED HIS ARM IN A SLING
confirmation,test-other,6938,F,70848,6938-70848-0005,4.365,16000,test-other/6938/70848/6938-70848-0005.flac,WHO ARE YOU TO DESTROY THE LEGAL GOVERNMENT WHO IS LENIN A GERMAN
confirmation,test-other,6938,F,70848,6938-70848-0006,5.53,16000,test-other/6938/70848/6938-70848-0006.flac,WHO ARE YOU A COUNTER REVOLUTIONIST A PROVOCATOR THEY BELLOWED AT HIM
confirmation,test-other,6938,F,70848,6938-70848-0007,4.77,16000,test-other/6938/70848/6938-70848-0007.flac,YOU CALL YOURSELVES THE PEOPLE OF RUSSIA BUT YOU'RE NOT THE PEOPLE OF RUSSIA
confirmation,test-other,6938,F,70848,6938-70848-0008,3.44,16000,test-other/6938/70848/6938-70848-0008.flac,THE PEASANTS ARE THE PEOPLE OF RUSSIA WAIT UNTIL THE PEASANTS
confirmation,test-other,6938,F,70848,6938-70848-0009,4.495,16000,test-other/6938/70848/6938-70848-0009.flac,WE KNOW WHAT THE PEASANTS WILL SAY AREN'T THEY WORKINGMEN LIKE OURSELVES
confirmation,test-other,6938,F,70848,6938-70848-0011,4.155,16000,test-other/6938/70848/6938-70848-0011.flac,THESE LAST WERE THE YOUNG GENERATION WHO HAD BEEN SERVING IN THE ARMY
confirmation,test-other,6938,F,70848,6938-70848-0013,2.275,16000,test-other/6938/70848/6938-70848-0013.flac,DOWN WITH HIM THEY SHRIEKED
confirmation,test-other,6938,F,70848,6938-70848-0014,3.79,16000,test-other/6938/70848/6938-70848-0014.flac,FEARFUL TUMULT CRIES DOWN WITH THE BOLSHEVIKI
confirmation,test-other,6938,F,70848,6938-70848-0015,11.835,16000,test-other/6938/70848/6938-70848-0015.flac,UPON MY RETURN I VISITED SMOLNY NO SUCH ACCUSATION WAS MADE AGAINST ME THERE AFTER A BRIEF CONVERSATION I LEFT AND THAT'S ALL LET ANY ONE PRESENT MAKE SUCH AN ACCUSATION
confirmation,test-other,6938,F,70848,6938-70848-0016,5.615,16000,test-other/6938/70848/6938-70848-0016.flac,MEANWHILE THE QUESTION OF THE STATUS OF THE EXECUTIVE COMMITTEE WAS AGITATING ALL MINDS
confirmation,test-other,6938,F,70848,6938-70848-0018,11.955,16000,test-other/6938/70848/6938-70848-0018.flac,BUT THIS WORKED BOTH WAYS THE LEFT SOCIALIST REVOLUTIONISTS DECIDED THAT IF THE CONGRESS HAD NO POWER OVER THE EXECUTIVE COMMITTEE THEN THE EXECUTIVE COMMITTEE HAD NO POWER OVER THE CONGRESS
confirmation,test-other,6938,F,70848,6938-70848-0019,10.94,16000,test-other/6938/70848/6938-70848-0019.flac,ON THE TWENTY SEVENTH OCCURRED THE DEBATE ON THE LAND QUESTION WHICH REVEALED THE DIFFERENCES BETWEEN THE AGRARIAN PROGRAMME OF THE BOLSHEVIKI AND THE LEFT SOCIALIST REVOLUTIONARIES
confirmation,test-other,6938,F,70848,6938-70848-0020,4.525,16000,test-other/6938/70848/6938-70848-0020.flac,THE CONSTITUENT ASSEMBLY WILL NOT DARE TO BREAK WITH THE WILL OF THE PEOPLE
confirmation,test-other,6938,F,70848,6938-70848-0021,4.565,16000,test-other/6938/70848/6938-70848-0021.flac,FOLLOWED HIM LENIN LISTENED TO NOW WITH ABSORBING INTENSITY
confirmation,test-other,6938,F,70848,6938-70848-0022,10.3850625,16000,test-other/6938/70848/6938-70848-0022.flac,THE FIRST STAGE WAS THE CRUSHING OF AUTOCRACY AND THE CRUSHING OF THE POWER OF THE INDUSTRIAL CAPITALISTS AND LAND OWNERS WHOSE INTERESTS ARE CLOSELY RELATED
confirmation,test-other,6938,F,70848,6938-70848-0023,2.67,16000,test-other/6938/70848/6938-70848-0023.flac,THE DUMAS AND ZEMSTVOS WERE DROPPED
confirmation,test-other,6938,F,70848,6938-70848-0024,7.07,16000,test-other/6938/70848/6938-70848-0024.flac,HE KNEW THAT AN AGREEMENT WITH THE BOLSHEVIKI WAS BEING DISCUSSED BUT HE DID NOT KNOW THAT IT HAD BEEN CONCLUDED
confirmation,test-other,6938,F,70848,6938-70848-0026,2.505,16000,test-other/6938/70848/6938-70848-0026.flac,THE VILLAGES WILL SAVE US IN THE END
confirmation,test-other,6938,F,70848,6938-70848-0027,5.06,16000,test-other/6938/70848/6938-70848-0027.flac,BUT THE PRESENT MOVEMENT IS INTERNATIONAL AND THAT IS WHY IT IS INVINCIBLE
confirmation,test-other,6938,F,70848,6938-70848-0028,4.09,16000,test-other/6938/70848/6938-70848-0028.flac,THE WILL OF MILLIONS OF WORKERS IS NOW CONCENTRATED IN THIS HALL
confirmation,test-other,7018,M,75788,7018-75788-0000,10.73,16000,test-other/7018/75788/7018-75788-0000.flac,THEN I TOOK UP A GREAT STONE FROM AMONG THE TREES AND COMING UP TO HIM SMOTE HIM THEREWITH ON THE HEAD WITH ALL MY MIGHT AND CRUSHED IN HIS SKULL AS HE LAY DEAD DRUNK
confirmation,test-other,7018,M,75788,7018-75788-0003,13.335,16000,test-other/7018/75788/7018-75788-0003.flac,UPON THIS HE BROUGHT ME A COTTON BAG AND GIVING IT TO ME SAID TAKE THIS BAG AND FILL IT WITH PEBBLES FROM THE BEACH AND GO FORTH WITH A COMPANY OF THE TOWNSFOLK TO WHOM I WILL GIVE A CHARGE RESPECTING THEE
confirmation,test-other,7018,M,75788,7018-75788-0004,6.845,16000,test-other/7018/75788/7018-75788-0004.flac,DO AS THEY DO AND BELIKE THOU SHALT GAIN WHAT MAY FURTHER THY RETURN VOYAGE TO THY NATIVE LAND
confirmation,test-other,7018,M,75788,7018-75788-0005,13.62,16000,test-other/7018/75788/7018-75788-0005.flac,THEN HE CARRIED ME TO THE BEACH WHERE I FILLED MY BAG WITH PEBBLES LARGE AND SMALL AND PRESENTLY WE SAW A COMPANY OF FOLK ISSUE FROM THE TOWN EACH BEARING A BAG LIKE MINE FILLED WITH PEBBLES
confirmation,test-other,7018,M,75788,7018-75788-0006,15.77,16000,test-other/7018/75788/7018-75788-0006.flac,TO THESE HE COMMITTED ME COMMENDING ME TO THEIR CARE AND SAYING THIS MAN IS A STRANGER SO TAKE HIM WITH YOU AND TEACH HIM HOW TO GATHER THAT HE MAY GET HIS DAILY BREAD AND YOU WILL EARN YOUR REWARD AND RECOMPENSE IN HEAVEN
confirmation,test-other,7018,M,75788,7018-75788-0008,8.085,16000,test-other/7018/75788/7018-75788-0008.flac,WE WEIGHED ANCHOR AND SHAHRAZAD PERCEIVED THE DAWN OF DAY AND CEASED SAYING HER PERMITTED SAY
confirmation,test-other,7018,M,75788,7018-75788-0011,16.845,16000,test-other/7018/75788/7018-75788-0011.flac,THERE I ABODE A LITTLE AND THEN WENT ON TO BAGHDAD WHERE I ENTERED MY QUARTER AND FOUND MY HOUSE AND FOREGATHERED WITH MY FAMILY AND SALUTED MY FRIENDS WHO GAVE ME JOY OF MY SAFE RETURN AND I LAID UP ALL MY GOODS AND VALUABLES IN MY STOREHOUSES
confirmation,test-other,7018,M,75788,7018-75788-0012,7.96,16000,test-other/7018/75788/7018-75788-0012.flac,AFTER WHICH I RETURNED TO MY OLD MERRY WAY OF LIFE AND FORGOT ALL I HAD SUFFERED IN THE GREAT PROFIT AND GAIN I HAD MADE
confirmation,test-other,7018,M,75788,7018-75788-0013,13.605,16000,test-other/7018/75788/7018-75788-0013.flac,NEXT MORNING AS SOON AS IT WAS LIGHT HE PRAYED THE DAWN PRAYER AND AFTER BLESSING MOHAMMED THE CREAM OF ALL CREATURES BETOOK HIMSELF TO THE HOUSE OF SINDBAD THE SEAMAN AND WISHED HIM A GOOD DAY
confirmation,test-other,7018,M,75788,7018-75788-0016,7.54,16000,test-other/7018/75788/7018-75788-0016.flac,PRESENTLY THE SHIP STRUCK THE MOUNTAIN AND BROKE UP AND ALL AND EVERYTHING ON BOARD OF HER WERE PLUNGED INTO THE SEA
confirmation,test-other,7018,M,75788,7018-75788-0018,20.84,16000,test-other/7018/75788/7018-75788-0018.flac,EACH THAT DIED WE WASHED AND SHROUDED IN SOME OF THE CLOTHES AND LINEN CAST ASHORE BY THE TIDES AND AFTER A LITTLE THE REST OF MY FELLOWS PERISHED ONE BY ONE TILL I HAD BURIED THE LAST OF THE PARTY AND ABODE ALONE ON THE ISLAND WITH BUT A LITTLE PROVISION LEFT I WHO WAS WONT TO HAVE SO MUCH
confirmation,test-other,7018,M,75788,7018-75788-0019,6.055,16000,test-other/7018/75788/7018-75788-0019.flac,BUT THERE IS MAJESTY AND THERE IS NO MIGHT SAVE IN ALLAH THE GLORIOUS THE GREAT
confirmation,test-other,7018,M,75789,7018-75789-0002,13.71,16000,test-other/7018/75789/7018-75789-0002.flac,LAND AFTER LAND SHALT THOU SEEK AND FIND BUT NO OTHER LIFE ON THY WISH SHALL WAIT FRET NOT THY SOUL IN THY THOUGHTS O NIGHT ALL WOES SHALL END OR SOONER OR LATE
confirmation,test-other,7018,M,75789,7018-75789-0003,8.69,16000,test-other/7018/75789/7018-75789-0003.flac,I ROWED MY CONVEYANCE INTO THE PLACE WHICH WAS INTENSELY DARK AND THE CURRENT CARRIED THE RAFT WITH IT DOWN THE UNDERGROUND CHANNEL
confirmation,test-other,7018,M,75789,7018-75789-0004,18.26,16000,test-other/7018/75789/7018-75789-0004.flac,AND I THREW MYSELF DOWN UPON MY FACE ON THE RAFT BY REASON OF THE NARROWNESS OF THE CHANNEL WHILST THE STREAM CEASED NOT TO CARRY ME ALONG KNOWING NOT NIGHT FROM DAY FOR THE EXCESS OF THE GLOOM WHICH ENCOMPASSED ME ABOUT AND MY TERROR AND CONCERN FOR MYSELF LEST I SHOULD PERISH
confirmation,test-other,7018,M,75789,7018-75789-0005,12.89,16000,test-other/7018/75789/7018-75789-0005.flac,WHEN I AWOKE AT LAST I FOUND MYSELF IN THE LIGHT OF HEAVEN AND OPENING MY EYES I SAW MYSELF IN A BROAD STREAM AND THE RAFT MOORED TO AN ISLAND IN THE MIDST OF A NUMBER OF INDIANS AND ABYSSINIANS
confirmation,test-other,7018,M,75789,7018-75789-0007,9.215,16000,test-other/7018/75789/7018-75789-0007.flac,WHEN THEY SAW I UNDERSTOOD THEM NOT AND MADE THEM NO ANSWER ONE OF THEM CAME FORWARD AND SAID TO ME IN ARABIC PEACE BE WITH THEE O MY BROTHER
confirmation,test-other,7018,M,75789,7018-75789-0011,23.49,16000,test-other/7018/75789/7018-75789-0011.flac,SHE SAID IT HATH REACHED ME O AUSPICIOUS KING THAT SINDBAD THE SEAMAN CONTINUED WHEN I LANDED AND FOUND MYSELF AMONGST THE INDIANS AND ABYSSINIANS AND HAD TAKEN SOME REST THEY CONSULTED AMONG THEMSELVES AND SAID TO ONE ANOTHER THERE IS NO HELP FOR IT BUT WE CARRY HIM WITH US AND PRESENT HIM TO OUR KING THAT HE MAY ACQUAINT HIM WITH HIS ADVENTURES
confirmation,test-other,7018,M,75789,7018-75789-0012,5.395,16000,test-other/7018/75789/7018-75789-0012.flac,SO I CONSORTED WITH THE CHIEF OF THE ISLANDERS AND THEY PAID ME THE UTMOST RESPECT
confirmation,test-other,7018,M,75789,7018-75789-0014,12.815,16000,test-other/7018/75789/7018-75789-0014.flac,QUOTH HE THOU ART THINE OWN MASTER YET IF IT BE THY WILL TO ABIDE WITH US ON OUR HEAD AND EYES BE IT FOR THOU GLADDENEST US WITH THY COMPANY
confirmation,test-other,7018,M,75789,7018-75789-0015,12.25,16000,test-other/7018/75789/7018-75789-0015.flac,BY ALLAH O MY LORD ANSWERED I THOU HAST INDEED OVERWHELMED ME WITH THY FAVOURS AND WELL DOINGS BUT I WEARY FOR A SIGHT OF MY FRIENDS AND FAMILY AND NATIVE COUNTRY
confirmation,test-other,7018,M,75789,7018-75789-0016,7.95,16000,test-other/7018/75789/7018-75789-0016.flac,THEN I TOOK LEAVE OF HIM AND OF ALL MY INTIMATES AND ACQUAINTANCES IN THE ISLAND AND EMBARKED WITH THE MERCHANTS AFORESAID
confirmation,test-other,7018,M,75789,7018-75789-0019,7.765,16000,test-other/7018/75789/7018-75789-0019.flac,HIS LETTER HATH SHOWN ME THIS AND AS FOR THE MIGHTINESS OF HIS DOMINION THOU HAST TOLD US WHAT THOU HAST EYE WITNESSED
confirmation,test-other,7018,M,75789,7018-75789-0022,7.8399375,16000,test-other/7018/75789/7018-75789-0022.flac,I WILL TELL YOU THE STORY OF MY SEVENTH AND LAST VOYAGE WHICH IS STILL MORE WONDROUS AND MARVELLOUS THAN THAT OF THE FIRST SIX
confirmation,test-other,7018,M,75789,7018-75789-0023,3.54,16000,test-other/7018/75789/7018-75789-0023.flac,WHEN IT WAS THE FIVE HUNDRED AND SIXTY THIRD NIGHT
confirmation,test-other,7018,M,75789,7018-75789-0024,14.43,16000,test-other/7018/75789/7018-75789-0024.flac,SHE SAID IT HATH REACHED ME O AUSPICIOUS KING THAT WHEN SINDBAD THE SEAMAN HAD RELATED THE HISTORY OF WHAT BEFEL HIM IN HIS SIXTH VOYAGE AND ALL THE COMPANY HAD DISPERSED SINDBAD THE LANDSMAN WENT HOME AND SLEPT AS OF WONT
confirmation,test-other,7018,M,75789,7018-75789-0025,3.1,16000,test-other/7018/75789/7018-75789-0025.flac,THE SEVENTH VOYAGE OF SINDBAD THE SEAMAN
confirmation,test-other,7018,M,75789,7018-75789-0026,26.09,16000,test-other/7018/75789/7018-75789-0026.flac,KNOW O COMPANY THAT AFTER MY RETURN FROM MY SIXTH VOYAGE WHICH BROUGHT ME ABUNDANT PROFIT I RESUMED MY FORMER LIFE IN ALL POSSIBLE JOYANCE AND ENJOYMENT AND MIRTH AND MAKING MERRY DAY AND NIGHT AND I TARRIED SOME TIME IN THIS SOLACE AND SATISFACTION TILL MY SOUL BEGAN ONCE MORE TO LONG TO SAIL THE SEAS AND SEE FOREIGN COUNTRIES AND COMPANY WITH MERCHANTS AND HEAR NEW THINGS
confirmation,test-other,7018,M,75789,7018-75789-0027,16.74,16000,test-other/7018/75789/7018-75789-0027.flac,SO HAVING MADE UP MY MIND I PACKED UP IN BALES A QUANTITY OF PRECIOUS STUFFS SUITED FOR SEA TRADE AND REPAIRED WITH THEM FROM BAGHDAD CITY TO BASSORAH TOWN WHERE I FOUND A SHIP READY FOR SEA AND IN HER A COMPANY OF CONSIDERABLE MERCHANTS
confirmation,test-other,7018,M,75789,7018-75789-0030,5.76,16000,test-other/7018/75789/7018-75789-0030.flac,A SECOND FISH MADE ITS APPEARANCE THAN WHICH WE HAD SEEN NAUGHT MORE MONSTROUS
confirmation,test-other,7105,M,2330,7105-2330-0000,5.475,16000,test-other/7105/2330/7105-2330-0000.flac,UNFORTUNATELY THERE COULD BE NO DOUBT OR MISCONCEPTION AS TO PLATTERBAFF'S GUILT
confirmation,test-other,7105,M,2330,7105-2330-0004,14.285,16000,test-other/7105/2330/7105-2330-0004.flac,A HEADLONG PARDON ON THE EVE OF A BYE ELECTION WITH THREATS OF A HEAVY VOTING DEFECTION IF IT WERE WITHHELD OR EVEN DELAYED WOULD NOT NECESSARILY BE A SURRENDER BUT IT WOULD LOOK LIKE ONE
confirmation,test-other,7105,M,2330,7105-2330-0005,11.14,16000,test-other/7105/2330/7105-2330-0005.flac,HENCE THE ANXIETY IN THE CROWDED COURT AND IN THE LITTLE GROUPS GATHERED ROUND THE TAPE MACHINES IN WHITEHALL AND DOWNING STREET AND OTHER AFFECTED CENTRES
confirmation,test-other,7105,M,2330,7105-2330-0012,3.9100625,16000,test-other/7105/2330/7105-2330-0012.flac,OUR MAJORITY LAST TIME WAS ONLY A THOUSAND AND SEVEN
confirmation,test-other,7105,M,2330,7105-2330-0013,6.89,16000,test-other/7105/2330/7105-2330-0013.flac,SEVEN THIRTY AMENDED THE PRIME MINISTER WE MUST AVOID ANY APPEARANCE OF PRECIPITANCY
confirmation,test-other,7105,M,2330,7105-2330-0014,13.6,16000,test-other/7105/2330/7105-2330-0014.flac,NOT LATER THAN SEVEN THIRTY THEN SAID THE CHIEF ORGANISER I HAVE PROMISED THE AGENT DOWN THERE THAT HE SHALL BE ABLE TO DISPLAY POSTERS ANNOUNCING PLATTERBAFF IS OUT BEFORE THE POLL OPENS
confirmation,test-other,7105,M,2330,7105-2330-0016,14.795,16000,test-other/7105/2330/7105-2330-0016.flac,DESPITE THE EARLINESS OF THE HOUR A SMALL CROWD HAD GATHERED IN THE STREET OUTSIDE AND THE HORRIBLE MENACING TRELAWNEY REFRAIN OF THE FIFTEEN HUNDRED VOTING MEN CAME IN A STEADY MONOTONOUS CHANT
confirmation,test-other,7105,M,2330,7105-2330-0017,2.575,16000,test-other/7105/2330/7105-2330-0017.flac,HE EXCLAIMED WON'T GO
confirmation,test-other,7105,M,2330,7105-2330-0021,2.535,16000,test-other/7105/2330/7105-2330-0021.flac,POLL OPENS IN FIVE MINUTES
confirmation,test-other,7105,M,2330,7105-2330-0023,2.315,16000,test-other/7105/2330/7105-2330-0023.flac,IN HEAVEN'S NAME WHY
confirmation,test-other,7105,M,2330,7105-2330-0025,7.175,16000,test-other/7105/2330/7105-2330-0025.flac,THIS IS NOT A MOMENT FOR STANDING ON DIGNITY HE OBSERVED BLUNTLY MUSICIANS MUST BE SUPPLIED AT ONCE
confirmation,test-other,7105,M,2330,7105-2330-0029,2.42,16000,test-other/7105/2330/7105-2330-0029.flac,A TELEGRAM WAS BROUGHT IN
confirmation,test-other,7105,M,2330,7105-2330-0031,4.26,16000,test-other/7105/2330/7105-2330-0031.flac,WITHOUT A BAND HE WOULD NOT GO AND THEY HAD NO BAND
confirmation,test-other,7105,M,2330,7105-2330-0032,3.305,16000,test-other/7105/2330/7105-2330-0032.flac,A QUARTER PAST TEN HALF PAST
confirmation,test-other,7105,M,2330,7105-2330-0033,4.27,16000,test-other/7105/2330/7105-2330-0033.flac,HAVE YOU ANY BAND INSTRUMENTS OF AN EASY NATURE TO PLAY
confirmation,test-other,7105,M,2330,7105-2330-0034,7.12,16000,test-other/7105/2330/7105-2330-0034.flac,DEMANDED THE CHIEF ORGANISER OF THE PRISON GOVERNOR DRUMS CYMBALS THOSE SORT OF THINGS
confirmation,test-other,7105,M,2330,7105-2330-0035,7.795,16000,test-other/7105/2330/7105-2330-0035.flac,THE WARDERS HAVE A PRIVATE BAND OF THEIR OWN SAID THE GOVERNOR BUT OF COURSE I COULDN'T ALLOW THE MEN THEMSELVES
confirmation,test-other,7105,M,2340,7105-2340-0000,6.37,16000,test-other/7105/2340/7105-2340-0000.flac,WITH THAT NOTORIOUS FAILING OF HIS HE WAS NOT THE SORT OF PERSON ONE WANTED IN ONE'S HOUSE
confirmation,test-other,7105,M,2340,7105-2340-0001,11.525,16000,test-other/7105/2340/7105-2340-0001.flac,WELL THE FAILING STILL EXISTS DOESN'T IT SAID HER HUSBAND OR DO YOU SUPPOSE A REFORM OF CHARACTER IS ENTAILED ALONG WITH THE ESTATE
confirmation,test-other,7105,M,2340,7105-2340-0004,13.605,16000,test-other/7105/2340/7105-2340-0004.flac,WILFRID PIGEONCOTE HAD SUDDENLY BECOME HEIR TO HIS UNCLE SIR WILFRID PIGEONCOTE ON THE DEATH OF HIS COUSIN MAJOR WILFRID PIGEONCOTE WHO HAD SUCCUMBED TO THE AFTER EFFECTS OF A POLO ACCIDENT
confirmation,test-other,7105,M,2340,7105-2340-0005,23.01,16000,test-other/7105/2340/7105-2340-0005.flac,A WILFRID PIGEONCOTE HAD COVERED HIMSELF WITH HONOURS IN THE COURSE OF MARLBOROUGH'S CAMPAIGNS AND THE NAME WILFRID HAD BEEN A BAPTISMAL WEAKNESS IN THE FAMILY EVER SINCE THE NEW HEIR TO THE FAMILY DIGNITY AND ESTATES WAS A YOUNG MAN OF ABOUT FIVE AND TWENTY WHO WAS KNOWN MORE BY REPUTATION THAN BY PERSON TO A WIDE CIRCLE OF COUSINS AND KINSFOLK
confirmation,test-other,7105,M,2340,7105-2340-0009,2.635,16000,test-other/7105/2340/7105-2340-0009.flac,SIGNED WILFRID PIGEONCOTE
confirmation,test-other,7105,M,2340,7105-2340-0010,5.275,16000,test-other/7105/2340/7105-2340-0010.flac,I SUPPOSE HE'S BRINGING US A PRESENT FOR THE SILVER WEDDING GOOD GRACIOUS
confirmation,test-other,7105,M,2340,7105-2340-0016,3.87,16000,test-other/7105/2340/7105-2340-0016.flac,WE FEEL THAT WE MUST LIVE ON CREAM FOR THE REST OF OUR LIVES
confirmation,test-other,7105,M,2340,7105-2340-0020,8.565,16000,test-other/7105/2340/7105-2340-0020.flac,AFTER THEY HAD SAID GOOD NIGHT TO THEIR VISITOR MISSUS PETER EXPRESSED HER CONVICTION THAT HE HAD TAKEN SOMETHING
confirmation,test-other,7105,M,2340,7105-2340-0023,6.59,16000,test-other/7105/2340/7105-2340-0023.flac,WILFRID WAS LATE IN COMING DOWN TO BREAKFAST AND HIS MANNER SHOWED PLAINLY THAT SOMETHING WAS AMISS
confirmation,test-other,7105,M,2340,7105-2340-0026,13.095,16000,test-other/7105/2340/7105-2340-0026.flac,I SHOULD HAVE GIVEN IT TO YOU LAST NIGHT AFTER DINNER ONLY IT HAPPENED TO BE A CREAM JUG AND YOU SEEMED ANNOYED AT HAVING SO MANY DUPLICATES SO I FELT RATHER AWKWARD ABOUT GIVING YOU ANOTHER
confirmation,test-other,7105,M,2340,7105-2340-0028,11.685,16000,test-other/7105/2340/7105-2340-0028.flac,LADY ERNESTINE PIGEONCOTE HIS MOTHER MOVED IN CIRCLES WHICH WERE ENTIRELY BEYOND THEIR COMPASS OR AMBITIONS AND THE SON WOULD PROBABLY ONE DAY BE AN AMBASSADOR
confirmation,test-other,7105,M,2340,7105-2340-0033,10.615,16000,test-other/7105/2340/7105-2340-0033.flac,PETER DASHED OUT OF THE ROOM WITH GLAD RELIEF HE HAD LIVED SO LONG DURING THE LAST FEW MINUTES THAT A GOLDEN WEDDING SEEMED WITHIN MEASURABLE DISTANCE
confirmation,test-other,7105,M,2340,7105-2340-0037,6.535,16000,test-other/7105/2340/7105-2340-0037.flac,BRAVE LITTLE WOMAN SAID PETER WITH A GASP OF RELIEF I COULD NEVER HAVE DONE IT
confirmation,test-other,7902,M,96591,7902-96591-0002,5.02,16000,test-other/7902/96591/7902-96591-0002.flac,AND AND YOU HAVE NOT FOUND OUT ANYTHING CAME IN QUICK FRIGHTENED TONES
confirmation,test-other,7902,M,96591,7902-96591-0004,3.605,16000,test-other/7902/96591/7902-96591-0004.flac,THAT MY FATHER SIR RISDON GRAEME HAS SMUGGLED GOODS HERE
confirmation,test-other,7902,M,96591,7902-96591-0014,9.71,16000,test-other/7902/96591/7902-96591-0014.flac,THE KICK HE HAD RECEIVED WAS A FORETASTE OF WHAT HE MIGHT EXPECT AND AFTER A LITTLE CONSIDERATION HE CAME TO THE CONCLUSION THAT HIS DUTY WAS TO ESCAPE AND GET BACK TO THE CUTTER AS QUICKLY AS HE COULD
confirmation,test-other,7902,M,96591,7902-96591-0023,3.365,16000,test-other/7902/96591/7902-96591-0023.flac,BUT THERE WAS NO CHANCE FOR HIS BODY THERE THE HEAD WOULD NOT GO FIRST
confirmation,test-other,7902,M,96592,7902-96592-0001,1.83,16000,test-other/7902/96592/7902-96592-0001.flac,I'M GOING HOME TO BREAKFAST
confirmation,test-other,7902,M,96592,7902-96592-0009,4.91,16000,test-other/7902/96592/7902-96592-0009.flac,THERE WAS AN INTERVAL OF THINKING OVER THIS KNOTTY QUESTION DURING WHICH THE LOW WHISTLING WENT ON
confirmation,test-other,7902,M,96592,7902-96592-0013,4.85,16000,test-other/7902/96592/7902-96592-0013.flac,ONCE OUT OF THAT ROOM HE COULD RAN AND BY DAYLIGHT THE SMUGGLERS DARE NOT HUNT HIM DOWN
confirmation,test-other,7902,M,96592,7902-96592-0018,2.78,16000,test-other/7902/96592/7902-96592-0018.flac,I SAW YOU LAST NIGHT AND WONDERED WHOSE BOY YOU WAS
confirmation,test-other,7902,M,96592,7902-96592-0023,2.7,16000,test-other/7902/96592/7902-96592-0023.flac,WON'T DO SAID RAM QUICKLY I KNOW YOU
confirmation,test-other,7902,M,96592,7902-96592-0025,3.43,16000,test-other/7902/96592/7902-96592-0025.flac,ARCHY STEPPED BACK TO THE DOOR LISTENING BUT THERE WAS NOT A SOUND
confirmation,test-other,7902,M,96592,7902-96592-0034,3.97,16000,test-other/7902/96592/7902-96592-0034.flac,GUINEA SAID THE BOY THINK I'D DO IT FOR A GUINEA WELL THEN TWO
confirmation,test-other,7902,M,96592,7902-96592-0035,3.2,16000,test-other/7902/96592/7902-96592-0035.flac,BE QUICK THERE'S A GOOD FELLOW I WANT TO GET AWAY AT ONCE
confirmation,test-other,7902,M,96592,7902-96592-0036,2.2,16000,test-other/7902/96592/7902-96592-0036.flac,NOT YOU ONLY A SHAM
confirmation,test-other,7902,M,96592,7902-96592-0041,2.535,16000,test-other/7902/96592/7902-96592-0041.flac,ARCHY CHECKED HIMSELF AND THE BOY LAUGHED
confirmation,test-other,7902,M,96592,7902-96592-0042,3.415,16000,test-other/7902/96592/7902-96592-0042.flac,IT WAS YOUR TURN YESTERDAY IT'S MINE TO DAY WHAT A GAME
confirmation,test-other,7902,M,96594,7902-96594-0002,3.105,16000,test-other/7902/96594/7902-96594-0002.flac,YES MEN QUITE READY YES SIR
confirmation,test-other,7902,M,96594,7902-96594-0003,2.455,16000,test-other/7902/96594/7902-96594-0003.flac,THAT'S RIGHT OF COURSE WELL ARMED
confirmation,test-other,7902,M,96594,7902-96594-0004,2.44,16000,test-other/7902/96594/7902-96594-0004.flac,SOON AS THE SIGNAL COMES WE SHALL PUSH OFF
confirmation,test-other,7902,M,96594,7902-96594-0008,4.095,16000,test-other/7902/96594/7902-96594-0008.flac,WELL SIR SAID THE MASTER HESITATING SMUGGLERS ARE SMUGGLERS
confirmation,test-other,7902,M,96594,7902-96594-0009,3.3,16000,test-other/7902/96594/7902-96594-0009.flac,CERTAINLY SIR SMUGGLERS ARE SMUGGLERS INDEED
confirmation,test-other,7902,M,96594,7902-96594-0011,4.28,16000,test-other/7902/96594/7902-96594-0011.flac,I'M GETTING VERY ANXIOUS ABOUT MISTER RAYSTOKE START AT ONCE SIR
confirmation,test-other,7902,M,96594,7902-96594-0015,2.57,16000,test-other/7902/96594/7902-96594-0015.flac,AWK WARD MISTER GURR AWKWARD
confirmation,test-other,7902,M,96594,7902-96594-0024,3.14,16000,test-other/7902/96594/7902-96594-0024.flac,YES SIR SAID THE MAN HUMBLY SHALL I GO AT ONCE SIR
confirmation,test-other,7902,M,96595,7902-96595-0000,5.09,16000,test-other/7902/96595/7902-96595-0000.flac,SAY MESTER GURR SAID DICK AFTER ONE OF THESE SEARCHES HE WOULDN'T RUN AWAY WHAT
confirmation,test-other,7902,M,96595,7902-96595-0003,4.395,16000,test-other/7902/96595/7902-96595-0003.flac,GURR GLANCED ROUND TO SEE IF THE MEN WERE LOOKING AND THEN SAID RATHER HUSKILY BUT KINDLY
confirmation,test-other,7902,M,96595,7902-96595-0005,6.305,16000,test-other/7902/96595/7902-96595-0005.flac,SAY MESTER GURR SIR WHICH THANKFUL I AM TO YOU FOR SPEAKING SO BUT YOU DON'T REALLY THINK AS HE HAS COME TO HARM
confirmation,test-other,7902,M,96595,7902-96595-0015,2.72,16000,test-other/7902/96595/7902-96595-0015.flac,EH I SAY WHERE'S YOUR MASTER
confirmation,test-other,7902,M,96595,7902-96595-0018,8.345,16000,test-other/7902/96595/7902-96595-0018.flac,GURR SALUTED AND STATED HIS BUSINESS WHILE THE BARONET WHO HAD TURNED SALLOWER AND MORE CAREWORN THAN HIS LOT DREW A BREATH FULL OF RELIEF ONE OF YOUR SHIP BOYS HE SAID
confirmation,test-other,7902,M,96595,7902-96595-0022,2.595,16000,test-other/7902/96595/7902-96595-0022.flac,SURELY CRIED SIR RISDON EXCITEDLY
confirmation,test-other,7902,M,96595,7902-96595-0023,2.025,16000,test-other/7902/96595/7902-96595-0023.flac,SIR RISDON WAS SILENT
confirmation,test-other,7975,M,280057,7975-280057-0003,2.79,16000,test-other/7975/280057/7975-280057-0003.flac,I CANNOT REMEMBER WHEN I DID NOT KNOW HOW TO SHOOT
confirmation,test-other,7975,M,280057,7975-280057-0008,7.645,16000,test-other/7975/280057/7975-280057-0008.flac,MISSUS WASHINGTON WELLS AND HER SON SAMUEL ON THE ROAD HOME FROM KANSAS CITY TO LEE'S SUMMIT RECOGNIZED THE BODY AS THAT OF MY FATHER
confirmation,test-other,7975,M,280057,7975-280057-0009,8.4,16000,test-other/7975/280057/7975-280057-0009.flac,MISSUS WELLS STAYED TO GUARD THE REMAINS WHILE HER SON CARRIED THE NEWS OF THE MURDER TO COLONEL PEABODY OF THE FEDERAL COMMAND WHO WAS THEN IN CAMP AT KANSAS CITY
confirmation,test-other,7975,M,280057,7975-280057-0010,3.27,16000,test-other/7975/280057/7975-280057-0010.flac,MISSUS MC CORKLE JUMPED FROM THE WINDOW OF THE HOUSE AND ESCAPED
confirmation,test-other,7975,M,280057,7975-280057-0011,2.87,16000,test-other/7975/280057/7975-280057-0011.flac,AS THE RAIDERS LEFT ONE OF THEM SHOUTED
confirmation,test-other,7975,M,280057,7975-280057-0012,4.81,16000,test-other/7975/280057/7975-280057-0012.flac,NOW OLD LADY CALL ON YOUR PROTECTORS WHY DON'T YOU CALL ON COLE YOUNGER NOW
confirmation,test-other,7975,M,280057,7975-280057-0013,2.675,16000,test-other/7975/280057/7975-280057-0013.flac,EVERY KNOT REPRESENTED A HUMAN LIFE
confirmation,test-other,7975,M,280057,7975-280057-0016,8.545,16000,test-other/7975/280057/7975-280057-0016.flac,I HAVE ALWAYS FELT THAT THE EXPOSURE TO WHICH SHE WAS SUBJECTED ON THIS CRUEL JOURNEY TOO HARD EVEN FOR A MAN TO TAKE WAS THE DIRECT CAUSE OF HER DEATH
confirmation,test-other,7975,M,280057,7975-280057-0018,5.62,16000,test-other/7975/280057/7975-280057-0018.flac,ONE OF THE CONDITIONS UPON WHICH HER LIFE WAS SPARED WAS THAT SHE WOULD REPORT AT LEXINGTON WEEKLY
confirmation,test-other,7975,M,280063,7975-280063-0001,4.46,16000,test-other/7975/280063/7975-280063-0001.flac,BOONE MUIR AND MYSELF MET COFFEE AND THE REST BELOW ROSE HILL ON GRAND RIVER
confirmation,test-other,7975,M,280063,7975-280063-0002,7.34,16000,test-other/7975/280063/7975-280063-0002.flac,ACCORDINGLY I WAS SHORTLY AWAKENED TO ACCOMPANY HIM TO LONE JACK WHERE HE WOULD PERSONALLY MAKE KNOWN THE SITUATION TO THE OTHER COLONELS
confirmation,test-other,7975,M,280063,7975-280063-0004,2.42,16000,test-other/7975/280063/7975-280063-0004.flac,COME IN COLONEL HAYS EXCLAIMED COLONEL COCKRELL
confirmation,test-other,7975,M,280076,7975-280076-0000,11.865,16000,test-other/7975/280076/7975-280076-0000.flac,ALTHOUGH EVERY BOOK PURPORTING TO NARRATE THE LIVES OF THE YOUNGER BROTHERS HAS TOLD OF THE LIBERTY ROBBERY AND IMPLIED THAT WE HAD A PART IN IT THE YOUNGERS WERE NOT SUSPECTED AT THAT TIME NOR FOR A LONG TIME AFTERWARD
confirmation,test-other,7975,M,280076,7975-280076-0001,9.325,16000,test-other/7975/280076/7975-280076-0001.flac,IT WAS CLAIMED BY PEOPLE OF LIBERTY THAT THEY POSITIVELY RECOGNIZED AMONG THE ROBBERS OLL SHEPHERD RED MONKERS AND BUD PENCE WHO HAD SEEN SERVICE WITH QUANTRELL
confirmation,test-other,7975,M,280076,7975-280076-0003,10.27,16000,test-other/7975/280076/7975-280076-0003.flac,NO WARRANT WAS ISSUED FOR THE YOUNGERS BUT SUBSEQUENT HISTORIANS HAVE INFERENTIALLY AT LEAST ACCUSED US OF TAKING PART BUT AS I SAID BEFORE THERE IS NO TRUTH IN THE ACCUSATION
confirmation,test-other,7975,M,280076,7975-280076-0004,8.31,16000,test-other/7975/280076/7975-280076-0004.flac,JUNE THIRD EIGHTEEN SEVENTY ONE OBOCOCK BROTHERS BANK AT CORYDON IOWA WAS ROBBED OF FORTY THOUSAND DOLLARS BY SEVEN MEN IN BROAD DAYLIGHT
confirmation,test-other,7975,M,280076,7975-280076-0006,3.28,16000,test-other/7975/280076/7975-280076-0006.flac,THE PARTS OF THIS LETTER NOW RELEVANT ARE AS FOLLOWS
confirmation,test-other,7975,M,280076,7975-280076-0018,4.88,16000,test-other/7975/280076/7975-280076-0018.flac,WE CROSSED ON THE BRIDGE STAYED IN THE CITY ALL NIGHT AND THE NEXT MORNING WE RODE UP THROUGH THE CITY
confirmation,test-other,7975,M,280076,7975-280076-0021,5.75,16000,test-other/7975/280076/7975-280076-0021.flac,POOR JOHN HE HAS BEEN HUNTED DOWN AND SHOT LIKE A WILD BEAST AND NEVER WAS A BOY MORE INNOCENT
confirmation,test-other,7975,M,280076,7975-280076-0023,5.325,16000,test-other/7975/280076/7975-280076-0023.flac,THERE WERE FIFTY OR A HUNDRED PERSONS THERE WHO WILL TESTIFY IN ANY COURT THAT JOHN AND I WERE THERE
confirmation,test-other,7975,M,280076,7975-280076-0024,15.585,16000,test-other/7975/280076/7975-280076-0024.flac,HELVIN FICKLE AND WIFE OF GREENTON VALLEY WERE ATTENDING THE SPRINGS AT THAT TIME AND EITHER OF THEM WILL TESTIFY TO THE ABOVE FOR JOHN AND I SAT IN FRONT OF MISTER SMITH WHILE HE WAS PREACHING AND WAS IN HIS COMPANY FOR A FEW MOMENTS TOGETHER WITH HIS WIFE AND MISTER AND MISSUS FICKLE AFTER SERVICE
confirmation,test-other,7975,M,280084,7975-280084-0002,4.98,16000,test-other/7975/280084/7975-280084-0002.flac,WHEN WE CAME UP I TOLD MILLER TO SHUT THE BANK DOOR WHICH THEY HAD LEFT OPEN IN THEIR HURRY
confirmation,test-other,7975,M,280084,7975-280084-0004,2.485,16000,test-other/7975/280084/7975-280084-0004.flac,GET YOUR GUNS BOYS THEY'RE ROBBING THE BANK
confirmation,test-other,7975,M,280084,7975-280084-0008,3.05,16000,test-other/7975/280084/7975-280084-0008.flac,IF ANY OF OUR PARTY SHOT HIM IT MUST HAVE BEEN WOODS
confirmation,test-other,7975,M,280084,7975-280084-0010,7.545,16000,test-other/7975/280084/7975-280084-0010.flac,EVERY TIME I SAW ANY ONE WITH A BEAD ON ME I WOULD DROP OFF MY HORSE AND TRY TO DRIVE THE SHOOTER INSIDE BUT I COULD NOT SEE IN EVERY DIRECTION
confirmation,test-other,7975,M,280084,7975-280084-0011,5.1850625,16000,test-other/7975/280084/7975-280084-0011.flac,DOCTOR WHEELER WHO HAD GONE UPSTAIRS IN THE HOTEL SHOT MILLER AND HE LAY DYING IN THE STREET
confirmation,test-other,7975,M,280084,7975-280084-0015,2.81,16000,test-other/7975/280084/7975-280084-0015.flac,WHERE'S THE MONEY OUTSIDE THE SAFE BOB ASKED
confirmation,test-other,7975,M,280085,7975-280085-0003,3.535,16000,test-other/7975/280085/7975-280085-0003.flac,THAT DAY A MAN NAMED DUNNING DISCOVERED US AND WE TOOK HIM PRISONER
confirmation,test-other,7975,M,280085,7975-280085-0006,8.4,16000,test-other/7975/280085/7975-280085-0006.flac,THE WHISTLE ON THE OIL MILL BLEW AND WE FEARED THAT IT WAS A SIGNAL THAT HAD BEEN AGREED UPON TO ALARM THE TOWN IN CASE WE WERE OBSERVED BUT WE WERE NOT MOLESTED
confirmation,test-other,7975,M,280085,7975-280085-0007,6.69,16000,test-other/7975/280085/7975-280085-0007.flac,HE HAD TO SLEEP WITH IT PILLOWED ON MY BREAST JIM BEING ALSO CRIPPLED WITH A WOUND IN HIS SHOULDER AND WE COULD NOT GET MUCH SLEEP
confirmation,test-other,8131,M,117016,8131-117016-0003,3.665,16000,test-other/8131/117016/8131-117016-0003.flac,THE STONEWALL GANG NUMBERED PERHAPS FIVE HUNDRED
confirmation,test-other,8131,M,117016,8131-117016-0005,6.3,16000,test-other/8131/117016/8131-117016-0005.flac,THEY WERE SAFE FROM PROTECTION RACKETEERS THERE NONE BOTHERED TO COME SO FAR OUT
confirmation,test-other,8131,M,117016,8131-117016-0009,5.81,16000,test-other/8131/117016/8131-117016-0009.flac,GORDON REPORTED FOR WORK WITH A SENSE OF THE BOTTOM FALLING OUT MIXED WITH A VAGUE RELIEF
confirmation,test-other,8131,M,117016,8131-117016-0010,5.11,16000,test-other/8131/117016/8131-117016-0010.flac,I'VE GOT A FREE HAND AND WE'RE GOING TO RUN THIS THE WAY WE WOULD ON EARTH
confirmation,test-other,8131,M,117016,8131-117016-0015,8.315,16000,test-other/8131/117016/8131-117016-0015.flac,BRUCE GORDON GRINNED SLOWLY AS HE SWUNG THE STICK AND MURDOCH'S EYES FELL ON HIM EARTH COP
confirmation,test-other,8131,M,117016,8131-117016-0031,6.685,16000,test-other/8131/117016/8131-117016-0031.flac,IF THEY TRIED TO RUN THEY WERE HIT FROM BEHIND IF THEY STOOD STILL THEY WERE CLUBBED CAREFULLY
confirmation,test-other,8131,M,117016,8131-117016-0032,6.035,16000,test-other/8131/117016/8131-117016-0032.flac,MURDOCH INDICATED ONE WHO STOOD WITH HIS SHOULDERS SHAKING AND TEARS RUNNING DOWN HIS CHEEKS
confirmation,test-other,8131,M,117016,8131-117016-0034,4.895,16000,test-other/8131/117016/8131-117016-0034.flac,I WANT THE NAME OF EVERY MAN IN THE GANG YOU CAN REMEMBER HE TOLD THE MAN
confirmation,test-other,8131,M,117016,8131-117016-0036,5.59,16000,test-other/8131/117016/8131-117016-0036.flac,MURDOCH TOOK HIS NOD AS EVIDENCE ENOUGH AND TURNED TO THE WRETCHED TOUGHS
confirmation,test-other,8131,M,117016,8131-117016-0038,3.07,16000,test-other/8131/117016/8131-117016-0038.flac,TROUBLE BEGAN BREWING SHORTLY AFTER THOUGH
confirmation,test-other,8131,M,117016,8131-117016-0041,4.355,16000,test-other/8131/117016/8131-117016-0041.flac,GET A STRETCHER AND TAKE HIM WHEREVER HE BELONGS HE ORDERED
confirmation,test-other,8131,M,117016,8131-117016-0042,3.685,16000,test-other/8131/117016/8131-117016-0042.flac,BUT THE CAPTAIN STIRRED FINALLY SIGHING
confirmation,test-other,8131,M,117016,8131-117016-0043,5.565,16000,test-other/8131/117016/8131-117016-0043.flac,NO THE COPS THEY'RE GIVING ME WE'RE COVERED GORDON
confirmation,test-other,8131,M,117016,8131-117016-0054,6.7,16000,test-other/8131/117016/8131-117016-0054.flac,HE WAS GETTING EVEN FATTER NOW THAT HE WAS EATING BETTER FOOD FROM THE FAIR RESTAURANT AROUND THE CORNER
confirmation,test-other,8131,M,117016,8131-117016-0059,4.005,16000,test-other/8131/117016/8131-117016-0059.flac,IT WASN'T EXACTLY LEGAL BUT NOTHING WAS HERE
confirmation,test-other,8131,M,117017,8131-117017-0001,5.825,16000,test-other/8131/117017/8131-117017-0001.flac,IT HAD PROBABLY BEEN YEARS SINCE ANY HAD DARED RISK IT AFTER THE SUN WENT DOWN
confirmation,test-other,8131,M,117017,8131-117017-0013,3.62,16000,test-other/8131/117017/8131-117017-0013.flac,THERE MUST HAVE BEEN OVER TWO THOUSAND CREDITS IN THE WALLET
confirmation,test-other,8131,M,117017,8131-117017-0018,2.335,16000,test-other/8131/117017/8131-117017-0018.flac,YOU OWE ME SOME BILLS GOV'NOR
confirmation,test-other,8131,M,117017,8131-117017-0022,6.895,16000,test-other/8131/117017/8131-117017-0022.flac,GORDON HAD HEARD OF THE FRIENDLY INTEREST CHARGED ON THE SIDE HERE BUT HE SHOOK HIS HEAD WRONG IZZY
confirmation,test-other,8131,M,117017,8131-117017-0023,3.035,16000,test-other/8131/117017/8131-117017-0023.flac,HUH IZZY TURNED IT OVER AND SHOOK HIS HEAD
confirmation,test-other,8131,M,117017,8131-117017-0025,4.32,16000,test-other/8131/117017/8131-117017-0025.flac,FOR A SECOND IZZY'S FACE WENT BLANK THEN HE CHUCKLED
confirmation,test-other,8131,M,117017,8131-117017-0027,3.495,16000,test-other/8131/117017/8131-117017-0027.flac,THANKS IZZY THANKS YOURSELF
confirmation,test-other,8131,M,117017,8131-117017-0028,3.995,16000,test-other/8131/117017/8131-117017-0028.flac,THE KID POCKETED THE MONEY CHEERFULLY NODDING
confirmation,test-other,8131,M,117017,8131-117017-0031,5.27,16000,test-other/8131/117017/8131-117017-0031.flac,THE CAPTAIN LOOKED COMPLETELY BEATEN AS HE CAME INTO THE ROOM AND DROPPED ONTO THE BENCH
confirmation,test-other,8131,M,117029,8131-117029-0010,10.955,16000,test-other/8131/117029/8131-117029-0010.flac,THAT'S MARS GORDON ECHOED THE OTHER'S COMMENT WHY DON'T YOU PULL OFF THE PLANET FATS YOU COULD GO BACK TO EARTH I'D GUESS THE OTHER NODDED
confirmation,test-other,8131,M,117029,8131-117029-0014,3.545,16000,test-other/8131/117029/8131-117029-0014.flac,WE SENT TWENTY OTHERS THE SAME WAY AND THEY FAILED
confirmation,test-other,8131,M,117029,8131-117029-0015,5.585,16000,test-other/8131/117029/8131-117029-0015.flac,LET'S SAY YOU'VE SHIFTED SOME OF THE MISERY AROUND A BIT AND GIVEN THEM A CHANCE TO DO BETTER
confirmation,test-other,8131,M,117029,8131-117029-0017,6.65,16000,test-other/8131/117029/8131-117029-0017.flac,THERE'S A ROCKET WAITING TO TRANSSHIP YOU TO THE MOON ON THE WAY TO MERCURY RIGHT NOW GORDON SIGHED
confirmation,test-other,8131,M,117029,8131-117029-0018,6.65,16000,test-other/8131/117029/8131-117029-0018.flac,AND I'VE PAID HER THE PAY WE OWE YOU FROM THE TIME YOU BEGAN USING YOUR BADGE SHE'S OUT SHOPPING
confirmation,test-other,8131,M,117029,8131-117029-0019,2.6500625,16000,test-other/8131/117029/8131-117029-0019.flac,BUT HIS OLD EYES WERE GLINTING
confirmation,test-other,8188,M,269288,8188-269288-0000,3.41,16000,test-other/8188/269288/8188-269288-0000.flac,ANNIE COLCHESTER HAD BEGUN TO MAKE FRIENDS WITH LESLIE
confirmation,test-other,8188,M,269288,8188-269288-0009,4.835,16000,test-other/8188/269288/8188-269288-0009.flac,BUT SHE ADDED ABRUPTLY YOU SPEAK OF SOMETHING WHICH MUST NOT TAKE PLACE
confirmation,test-other,8188,M,269288,8188-269288-0013,2.48,16000,test-other/8188/269288/8188-269288-0013.flac,JANE HERIOT STOOD WITHOUT
confirmation,test-other,8188,M,269288,8188-269288-0022,5.76,16000,test-other/8188/269288/8188-269288-0022.flac,LESLIE SEATED HERSELF WITH HER BACK TO HER COMPANION AND OPENED HER OWN LETTERS
confirmation,test-other,8188,M,269288,8188-269288-0023,2.505,16000,test-other/8188/269288/8188-269288-0023.flac,DON'T NOTICE ME REPLIED ANNIE
confirmation,test-other,8188,M,269288,8188-269288-0025,2.24,16000,test-other/8188/269288/8188-269288-0025.flac,BUT THEY ARE JUST SHUTTING UP
confirmation,test-other,8188,M,269288,8188-269288-0030,12.015,16000,test-other/8188/269288/8188-269288-0030.flac,LESLIE WENT TO THE WINDOW AND FLUNG IT OPEN SHE PUT HER HEAD OUT AND TRIED TO PEER INTO THE DARKNESS BUT THE MOON HAD ALREADY SET AND SHE COULD NOT SEE MORE THAN A COUPLE OF YARDS IN FRONT OF HER
confirmation,test-other,8188,M,269288,8188-269288-0044,4.31,16000,test-other/8188/269288/8188-269288-0044.flac,ANNIE STARED VACANTLY AT THE COCOA THEN SHE UTTERED A LAUGH
confirmation,test-other,8188,M,269288,8188-269288-0045,2.295,16000,test-other/8188/269288/8188-269288-0045.flac,DRINK THAT SHE SAID
confirmation,test-other,8188,M,269288,8188-269288-0046,2.945,16000,test-other/8188/269288/8188-269288-0046.flac,DO YOU WANT TO KILL ME DON'T TALK ANY MORE
confirmation,test-other,8188,M,269288,8188-269288-0052,2.99,16000,test-other/8188/269288/8188-269288-0052.flac,ANNIE'S MANNER WAS VERY MYSTERIOUS
confirmation,test-other,8188,M,269288,8188-269288-0053,6.065,16000,test-other/8188/269288/8188-269288-0053.flac,ANNIE DID NOT MEAN TO CONFIDE IN ANYONE THAT NIGHT AND THE KINDEST THING WAS TO LEAVE HER ALONE
confirmation,test-other,8188,M,269288,8188-269288-0054,3.26,16000,test-other/8188/269288/8188-269288-0054.flac,TIRED OUT LESLIE HERSELF DROPPED ASLEEP
confirmation,test-other,8188,M,269290,8188-269290-0004,7.135,16000,test-other/8188/269290/8188-269290-0004.flac,IT DOESN'T MATTER REPLIED ANNIE WHETHER IT IS AN ORDER OR NOT I'M NOT COMING SAY NOTHING ABOUT ME PLEASE
confirmation,test-other,8188,M,269290,8188-269290-0007,2.36,16000,test-other/8188/269290/8188-269290-0007.flac,I WANT TO BE ALONE GO
confirmation,test-other,8188,M,269290,8188-269290-0012,3.925,16000,test-other/8188/269290/8188-269290-0012.flac,I TOOK IT OUT SAID LESLIE TOOK IT OUT
confirmation,test-other,8188,M,269290,8188-269290-0019,3.22,16000,test-other/8188/269290/8188-269290-0019.flac,OH I WON'T PRESS YOU REPLIED JANE
confirmation,test-other,8188,M,269290,8188-269290-0020,3.45,16000,test-other/8188/269290/8188-269290-0020.flac,OH I SHALL NEVER DO THAT REPLIED LESLIE
confirmation,test-other,8188,M,269290,8188-269290-0024,3.155,16000,test-other/8188/269290/8188-269290-0024.flac,THAT IS IF YOU CARE TO CONFIDE IN ME
confirmation,test-other,8188,M,269290,8188-269290-0033,8.71,16000,test-other/8188/269290/8188-269290-0033.flac,BUT MARJORIE AND EILEEN HAD ALREADY DEPARTED AND LESLIE AND JANE FOUND THEMSELVES AMONG THE LAST STUDENTS TO ARRIVE AT THE GREAT EAST HALL
confirmation,test-other,8188,M,269290,8188-269290-0034,6.51,16000,test-other/8188/269290/8188-269290-0034.flac,MISS LAUDERDALE WAS STANDING WITH THE OTHER TUTORS AND PRINCIPALS OF THE DIFFERENT HALLS ON A RAISED PLATFORM
confirmation,test-other,8188,M,269290,8188-269290-0039,2.155,16000,test-other/8188/269290/8188-269290-0039.flac,MARJORIE AND EILEEN WERE CLOSE TO HER
confirmation,test-other,8188,M,269290,8188-269290-0041,4.98,16000,test-other/8188/269290/8188-269290-0041.flac,THE NAMES OF PROPOSED MEMBERS ARE TO BE SUBMITTED TO ME BEFORE THIS DAY WEEK
confirmation,test-other,8188,M,269290,8188-269290-0042,1.995,16000,test-other/8188/269290/8188-269290-0042.flac,AM I MY BROTHER'S KEEPER
confirmation,test-other,8188,M,269290,8188-269290-0043,2.32,16000,test-other/8188/269290/8188-269290-0043.flac,YOU ASK SHE CONTINUED
confirmation,test-other,8188,M,269290,8188-269290-0045,4.855,16000,test-other/8188/269290/8188-269290-0045.flac,THE WORLD SAYS NO I AM NOT BUT GOD SAYS YES YOU ARE
confirmation,test-other,8188,M,269290,8188-269290-0048,6.34,16000,test-other/8188/269290/8188-269290-0048.flac,AFTER THE ADDRESS THE GIRLS THEMSELVES WERE ENCOURAGED TO SPEAK AND A VERY ANIMATED DISCUSSION FOLLOWED
confirmation,test-other,8188,M,274364,8188-274364-0004,2.295,16000,test-other/8188/274364/8188-274364-0004.flac,WHERE THE TOKEN BY WHICH I SHOULD DISCOVER IT
confirmation,test-other,8188,M,274364,8188-274364-0009,11.25,16000,test-other/8188/274364/8188-274364-0009.flac,YOUNG VANE FALLING UPON THIS PAPER OF NOTES DEEMED THE MATTER OF THE UTMOST IMPORTANCE AND IMMEDIATELY COMMUNICATED IT TO PYM WHO NOW PRODUCED THE PAPER BEFORE THE HOUSE OF COMMONS
confirmation,test-other,8188,M,274364,8188-274364-0011,8.91,16000,test-other/8188/274364/8188-274364-0011.flac,YOUR MAJESTY HAVING TRIED THE AFFECTIONS OF YOUR PEOPLE YOU ARE ABSOLVED AND LOOSE FROM ALL RULES OF GOVERNMENT AND MAY DO WHAT POWER WILL ADMIT
confirmation,test-other,8280,F,266249,8280-266249-0000,9.55,16000,test-other/8280/266249/8280-266249-0000.flac,OLD MISTER DINSMORE HAD ACCEPTED A PRESSING INVITATION FROM HIS GRANDDAUGHTER AND HER HUSBAND TO JOIN THE PARTY AND WITH THE ADDITION OF SERVANTS IT WAS A LARGE ONE
confirmation,test-other,8280,F,266249,8280-266249-0001,9.2,16000,test-other/8280/266249/8280-266249-0001.flac,AS THEY WERE IN NO HASTE AND THE CONFINEMENT OF A RAILROAD CAR WOULD BE VERY IRKSOME TO THE YOUNGER CHILDREN IT HAD BEEN DECIDED TO MAKE THE JOURNEY BY WATER
confirmation,test-other,8280,F,266249,8280-266249-0006,6.165,16000,test-other/8280/266249/8280-266249-0006.flac,YES SHE ANSWERED THAT LITTLE GROUP YONDER A YOUNG MINISTER AND HIS WIFE AND CHILD I SUPPOSE
confirmation,test-other,8280,F,266249,8280-266249-0009,2.8,16000,test-other/8280/266249/8280-266249-0009.flac,HE CERTAINLY LOOKS LIKE A VERY NICE LITTLE BOY
confirmation,test-other,8280,F,266249,8280-266249-0010,2.735,16000,test-other/8280/266249/8280-266249-0010.flac,SUPPOSE YOU AND HE SHAKE HANDS FRANK
confirmation,test-other,8280,F,266249,8280-266249-0011,6.995,16000,test-other/8280/266249/8280-266249-0011.flac,I DO INDEED THOUGH PROBABLY COMPARATIVELY FEW ARE AWARE THAT TOBACCO IS THE CAUSE OF THEIR AILMENTS
confirmation,test-other,8280,F,266249,8280-266249-0012,3.43,16000,test-other/8280/266249/8280-266249-0012.flac,DOUBTLESS THAT IS THE CASE REMARKED MISTER DINSMORE
confirmation,test-other,8280,F,266249,8280-266249-0013,4.8,16000,test-other/8280/266249/8280-266249-0013.flac,WITH ALL MY HEART IF YOU WILL STEP INTO THE GENTLEMEN'S CABIN WHERE THERE'S A LIGHT
confirmation,test-other,8280,F,266249,8280-266249-0016,16.54,16000,test-other/8280/266249/8280-266249-0016.flac,THE HALF DOZEN CIGARS WHICH MOST SMOKERS USE A DAY CONTAIN SIX OR SEVEN GRAINS ENOUGH IF CONCENTRATED AND ABSORBED TO KILL THREE MEN AND A POUND OF TOBACCO ACCORDING TO ITS QUALITY CONTAINS FROM ONE QUARTER TO ONE AND A QUARTER OUNCES
confirmation,test-other,8280,F,266249,8280-266249-0019,5.12,16000,test-other/8280/266249/8280-266249-0019.flac,NOTICE THE MULTITUDE OF SUDDEN DEATHS AND SEE HOW MANY ARE SMOKERS AND CHEWERS
confirmation,test-other,8280,F,266249,8280-266249-0020,14.31,16000,test-other/8280/266249/8280-266249-0020.flac,IN A SMALL COUNTRY TOWN SEVEN OF THESE MYSTERIOUS PROVIDENCES OCCURRED WITHIN THE CIRCUIT OF A MILE ALL DIRECTLY TRACEABLE TO TOBACCO AND ANY PHYSICIAN ON A FEW MOMENTS REFLECTION CAN MATCH THIS FACT BY HIS OWN OBSERVATION
confirmation,test-other,8280,F,266249,8280-266249-0022,2.6,16000,test-other/8280/266249/8280-266249-0022.flac,HENCE A RESORT TO CIDER AND BEER
confirmation,test-other,8280,F,266249,8280-266249-0029,7.5,16000,test-other/8280/266249/8280-266249-0029.flac,THERE WAS A PAUSE BROKEN BY YOUNG HORACE WHO HAD BEEN WATCHING A GROUP OF MEN GATHERED ABOUT A TABLE AT THE FURTHER END OF THE ROOM
confirmation,test-other,8280,F,266249,8280-266249-0033,2.47,16000,test-other/8280/266249/8280-266249-0033.flac,AND THE DOOR WAS SLAMMED VIOLENTLY TO
confirmation,test-other,8280,F,266249,8280-266249-0034,11.415,16000,test-other/8280/266249/8280-266249-0034.flac,NOW THE VOICE CAME FROM THE SKYLIGHT OVERHEAD APPARENTLY AND WITH A FIERCE IMPRECATION THE IRATE GAMESTER RUSHED UPON DECK AND RAN HITHER AND THITHER IN SEARCH OF HIS TORMENTOR
confirmation,test-other,8280,F,266249,8280-266249-0036,2.38,16000,test-other/8280/266249/8280-266249-0036.flac,WHAT DOES IT MEAN CRIED ONE
confirmation,test-other,8280,F,266249,8280-266249-0038,6.385,16000,test-other/8280/266249/8280-266249-0038.flac,I WONDER WHICH OF US IT IS REMARKED THE FIRST LOOKING HARD AT OUR PARTY I DON'T KNOW BUT COME ON
confirmation,test-other,8280,F,266249,8280-266249-0041,7.045,16000,test-other/8280/266249/8280-266249-0041.flac,THEY HEARD HIM IN SILENCE WITH A COOL PHLEGMATIC INDIFFERENCE MOST EXASPERATING TO ONE IN HIS PRESENT MOOD
confirmation,test-other,8280,F,266249,8280-266249-0042,9.94,16000,test-other/8280/266249/8280-266249-0042.flac,A MAN OF GIANT SIZE AND HERCULEAN STRENGTH HAD LAID ASIDE HIS PIPE AND SLOWLY RISING TO HIS FEET SEIZED THE SCOUNDREL IN HIS POWERFUL GRASP
confirmation,test-other,8280,F,266249,8280-266249-0043,5.095,16000,test-other/8280/266249/8280-266249-0043.flac,LET ME GO YELLED WARD MAKING A DESPERATE EFFORT TO FREE HIS ARMS
confirmation,test-other,8280,F,266249,8280-266249-0044,7.965,16000,test-other/8280/266249/8280-266249-0044.flac,I DINKS NO I DINKS I DEACH YOU VON LESSON RETURNED HIS CAPTOR NOT RELAXING HIS GRASP IN THE LEAST
confirmation,test-other,8280,F,266249,8280-266249-0048,2.4,16000,test-other/8280/266249/8280-266249-0048.flac,THEY KEPT IT UP TILL AFTER MIDNIGHT
confirmation,test-other,8280,F,266249,8280-266249-0050,7.795,16000,test-other/8280/266249/8280-266249-0050.flac,AN INTENSE VOICELESS EXCITEMENT POSSESSED THE PLAYERS FOR THE GAME WAS A CLOSE ONE AND THE STAKES WERE VERY HEAVY
confirmation,test-other,8280,F,266249,8280-266249-0052,11.34,16000,test-other/8280/266249/8280-266249-0052.flac,A DEEP GROAN STARTLED THEM AND THEY SPRANG TO THEIR FEET PALE AND TREMBLING WITH SUDDEN TERROR EACH HOLDING HIS BREATH AND STRAINING HIS EAR TO CATCH A REPETITION OF THE DREAD SOUND
confirmation,test-other,8280,F,266249,8280-266249-0054,5.93,16000,test-other/8280/266249/8280-266249-0054.flac,IT CAME FROM UNDER THE TABLE GASPED WARD LOOK WHAT'S THERE LOOK YOURSELF
confirmation,test-other,8280,F,266249,8280-266249-0058,8.4,16000,test-other/8280/266249/8280-266249-0058.flac,THE CAPTAIN COMING IN SHORTLY AFTER THE SUDDEN FLIGHT OF THE GAMBLERS TOOK CHARGE OF THE MONEY AND THE NEXT DAY RESTORED IT TO THE OWNERS
confirmation,test-other,8280,F,266249,8280-266249-0060,15.69,16000,test-other/8280/266249/8280-266249-0060.flac,OH HOW KIND HOW VERY KIND MISSUS DALY SAID WITH TEARS OF JOY AND GRATITUDE WE HAVE HARDLY KNOWN HOW WE SHOULD MEET THE MOST NECESSARY EXPENSES OF THIS TRIP BUT HAVE BEEN TRYING TO CAST OUR CARE UPON THE LORD ASKING HIM TO PROVIDE
confirmation,test-other,8280,F,266249,8280-266249-0063,4.075,16000,test-other/8280/266249/8280-266249-0063.flac,YE ARE ALL THE CHILDREN OF GOD BY FAITH IN CHRIST JESUS
confirmation,test-other,8280,F,266249,8280-266249-0064,2.555,16000,test-other/8280/266249/8280-266249-0064.flac,YE ARE ALL ONE IN CHRIST JESUS
confirmation,test-other,8280,F,266249,8280-266249-0065,17.02,16000,test-other/8280/266249/8280-266249-0065.flac,WE FEEL MY HUSBAND AND I THAT WE ARE ONLY THE STEWARDS OF HIS BOUNTY AND THAT BECAUSE HE HAS SAID INASMUCH AS YE HAVE DONE IT UNTO ONE OF THE LEAST OF THESE MY BRETHREN YE HAVE DONE IT UNTO ME IT IS THE GREATEST PRIVILEGE AND DELIGHT TO DO ANYTHING FOR HIS PEOPLE
confirmation,test-other,8461,F,258277,8461-258277-0000,3.65,16000,test-other/8461/258277/8461-258277-0000.flac,WHEN IT WAS THE SEVEN HUNDRED AND EIGHTEENTH NIGHT
confirmation,test-other,8461,F,258277,8461-258277-0004,9.805,16000,test-other/8461/258277/8461-258277-0004.flac,AND HAVING THUS ISLAMISED SHE ASKED HIM DO MEN IN THE FAITH OF AL ISLAM GIVE MARRIAGE PORTIONS TO WOMEN OR DO WOMEN DOWER MEN
confirmation,test-other,8461,F,258277,8461-258277-0005,3.7,16000,test-other/8461/258277/8461-258277-0005.flac,AND SHE THREW DOWN THE JEW'S HEAD BEFORE HIM
confirmation,test-other,8461,F,258277,8461-258277-0006,4.005,16000,test-other/8461/258277/8461-258277-0006.flac,NOW THE CAUSE OF HER SLAYING HER SIRE WAS AS FOLLOWS
confirmation,test-other,8461,F,258277,8461-258277-0008,13.565,16000,test-other/8461/258277/8461-258277-0008.flac,SO HE ATE AND FELL DOWN SENSELESS FOR THE SWEETMEATS WERE DRUGGED WITH BHANG WHEREUPON THE KAZI BUNDLED HIM INTO THE SACK AND MADE OFF WITH HIM CHARGER AND CHEST AND ALL TO THE BARRACK OF THE FORTY
confirmation,test-other,8461,F,258277,8461-258277-0009,7.09,16000,test-other/8461/258277/8461-258277-0009.flac,PRESENTLY HASAN SHUMAN CAME OUT OF A CLOSET AND SAID TO HIM HAST THOU GOTTEN THE GEAR O ALI
confirmation,test-other,8461,F,258277,8461-258277-0016,4.09,16000,test-other/8461/258277/8461-258277-0016.flac,HE REPLIED I HAVE FORTY LADS BUT THEY ARE IN CAIRO
confirmation,test-other,8461,F,278226,8461-278226-0000,3.015,16000,test-other/8461/278226/8461-278226-0000.flac,AND LAURA HAD HER OWN PET PLANS
confirmation,test-other,8461,F,278226,8461-278226-0002,11.48,16000,test-other/8461/278226/8461-278226-0002.flac,ONE MORNING LAURA TOLD HER HUSBAND WITH A GAY LAUGH THAT SHE WAS GOING TO VICTIMIZE HIM BUT HE WAS TO PROMISE TO BE PATIENT AND BEAR WITH HER FOR ONCE IN A WAY
confirmation,test-other,8461,F,278226,8461-278226-0004,7.815,16000,test-other/8461/278226/8461-278226-0004.flac,I REMEMBER ALL THE RUBENSES AT THE LOUVRE FOR I SAW THEM THREE YEARS AGO WHEN I WAS STAYING IN PARIS WITH GRANDPAPA
confirmation,test-other,8461,F,278226,8461-278226-0006,12.22,16000,test-other/8461/278226/8461-278226-0006.flac,IT WAS DRAWING TOWARDS THE CLOSE OF THIS DELIGHTFUL HONEYMOON TOUR AND IT WAS A BRIGHT SUNSHINY MORNING EARLY IN FEBRUARY BUT FEBRUARY IN PARIS IS SOMETIMES BETTER THAN APRIL IN LONDON
confirmation,test-other,8461,F,278226,8461-278226-0008,6.545,16000,test-other/8461/278226/8461-278226-0008.flac,PHILIP JOCELYN WAS EXAMINING SOME PICTURES ON THE OTHER SIDE OF THE ROOM WHEN HIS WIFE MADE THIS DISCOVERY
confirmation,test-other,8461,F,278226,8461-278226-0009,6.135,16000,test-other/8461/278226/8461-278226-0009.flac,HOW I WISH YOU COULD GET ME A COPY OF THAT PICTURE PHILIP LAURA SAID ENTREATINGLY
confirmation,test-other,8461,F,278226,8461-278226-0010,4.815,16000,test-other/8461/278226/8461-278226-0010.flac,I SHOULD SO LIKE ONE TO HANG IN MY MORNING ROOM AT JOCELYN'S ROCK
confirmation,test-other,8461,F,278226,8461-278226-0012,8.1,16000,test-other/8461/278226/8461-278226-0012.flac,THEY HAVE SAID THAT HE IS EVEN A LITTLE IMBECILE THAT HE DOES NOT REMEMBER HIMSELF OF THE MOST COMMON EVENTS OF HIS LIFE
confirmation,test-other,8461,F,278226,8461-278226-0013,8.58,16000,test-other/8461/278226/8461-278226-0013.flac,BUT THERE ARE SOME OTHERS WHO SAY THAT HIS MEMORY HAS NOT ALTOGETHER FAILED AND THAT HE IS STILL ENOUGH HARSHLY CRITICAL TOWARDS THE WORKS OF OTHERS
confirmation,test-other,8461,F,281231,8461-281231-0001,10.4799375,16000,test-other/8461/281231/8461-281231-0001.flac,IT WAS ON THEIR JOURNEY TO THAT TOWN THAT THEY WERE OVERTAKEN ON THE ROAD BY CEDRIC AND HIS PARTY IN WHOSE COMPANY THEY WERE AFTERWARDS CARRIED CAPTIVE TO THE CASTLE OF TORQUILSTONE
confirmation,test-other,8461,F,281231,8461-281231-0002,9.47,16000,test-other/8461/281231/8461-281231-0002.flac,AS HE LAY UPON HIS BED RACKED WITH PAIN AND MENTAL AGONY AND FILLED WITH THE FEAR OF RAPIDLY APPROACHING DEATH HE HEARD A VOICE ADDRESS HIM
confirmation,test-other,8461,F,281231,8461-281231-0009,14.61,16000,test-other/8461/281231/8461-281231-0009.flac,THE DEFENDERS FINDING THE CASTLE TO BE ON FIRE NOW DETERMINED TO SELL THEIR LIVES AS DEARLY AS THEY COULD AND HEADED BY DE BRACY THEY THREW OPEN THE GATE AND WERE AT ONCE INVOLVED IN A TERRIFIC CONFLICT WITH THOSE OUTSIDE
confirmation,test-other,8461,F,281231,8461-281231-0011,7.92,16000,test-other/8461/281231/8461-281231-0011.flac,TWO OF THE FOREMOST INSTANTLY FELL AND THE REST GAVE WAY NOTWITHSTANDING ALL THEIR LEADERS EFFORTS TO STOP THEM
confirmation,test-other,8461,F,281231,8461-281231-0013,2.855,16000,test-other/8461/281231/8461-281231-0013.flac,AT LENGTH DE BRACY FELL
confirmation,test-other,8461,F,281231,8461-281231-0014,3.74,16000,test-other/8461/281231/8461-281231-0014.flac,TELL ME THY NAME OR WORK THY PLEASURE ON ME
confirmation,test-other,8461,F,281231,8461-281231-0017,7.08,16000,test-other/8461/281231/8461-281231-0017.flac,THE LIFE OF EVERY MAN IN THE CASTLE SHALL ANSWER IT IF A HAIR OF HIS HEAD BE SINGED SHOW ME HIS CHAMBER
confirmation,test-other,8461,F,281231,8461-281231-0019,12.705,16000,test-other/8461/281231/8461-281231-0019.flac,BUT IN OTHER PARTS THE BESIEGERS PURSUED THE DEFENDERS OF THE CASTLE FROM CHAMBER TO CHAMBER AND SATIATED IN THEIR BLOOD THE VENGEANCE WHICH HAD LONG ANIMATED THEM AGAINST THE SOLDIERS OF THE TYRANT FRONT DE BOEUF
confirmation,test-other,8461,F,281231,8461-281231-0021,17.055,16000,test-other/8461/281231/8461-281231-0021.flac,BEFORE LONG THE TOWERING FLAMES HAD SURMOUNTED EVERY OBSTRUCTION AND ROSE TO THE EVENING SKIES ONE HUGE AND BURNING BEACON SEEN FAR AND WIDE THROUGH THE ADJACENT COUNTRY TOWER AFTER TOWER CRASHED DOWN WITH BLAZING ROOF AND RAFTER
confirmation,test-other,8461,F,281231,8461-281231-0024,20.21,16000,test-other/8461/281231/8461-281231-0024.flac,HE LEFT THE GALLANT BAND OF FORESTERS SORROWING DEEPLY FOR HIS LOST FRIEND THE LORD OF CONINGSBURGH AND HE AND HIS FOLLOWERS HAD SCARCE DEPARTED WHEN A PROCESSION MOVED SLOWLY FROM UNDER THE GREENWOOD BRANCHES IN THE DIRECTION WHICH HE HAD TAKEN IN THE CENTRE OF WHICH WAS THE CAR IN WHICH THE BODY OF ATHELSTANE WAS LAID
confirmation,test-other,8461,F,281231,8461-281231-0026,8.105,16000,test-other/8461/281231/8461-281231-0026.flac,HERE IS A BUGLE WHICH AN ENGLISH YEOMAN HAS ONCE WORN I PRAY YOU TO KEEP IT AS A MEMORIAL OF YOUR GALLANT BEARING
confirmation,test-other,8461,F,281231,8461-281231-0030,16.69,16000,test-other/8461/281231/8461-281231-0030.flac,THE TEMPLAR IS FLED SAID DE BRACY IN ANSWER TO THE PRINCE'S EAGER QUESTIONS FRONT DE BOEUF YOU WILL NEVER SEE MORE AND HE ADDED IN A LOW AND EMPHATIC TONE RICHARD IS IN ENGLAND I HAVE SEEN HIM AND SPOKEN WITH HIM
confirmation,test-other,8461,F,281231,8461-281231-0032,9.6399375,16000,test-other/8461/281231/8461-281231-0032.flac,BEFORE REACHING HIS DESTINATION HE WAS TOLD THAT LUCAS DE BEAUMANOIR THE GRAND MASTER OF THE ORDER OF THE TEMPLARS WAS THEN ON VISIT TO THE PRECEPTORY
confirmation,test-other,8461,F,281231,8461-281231-0033,11.24,16000,test-other/8461/281231/8461-281231-0033.flac,HE HAD NOT UNTIL THEN BEEN INFORMED OF THE PRESENCE OF THE JEWISH MAIDEN IN THE ABODE OF THE TEMPLARS AND GREAT WAS HIS FURY AND INDIGNATION ON LEARNING THAT SHE WAS AMONGST THEM
