set,model,scope,quantity,kind,unit,estimate,ci_lower,ci_upper,excludes_zero,n_boot_valid,n_speakers,n_utterances,n_words
confirmation,whisper,pooled,wer_REF,micro,pp,2.496717875486561,2.1897798291026747,2.8356960960043733,True,10000,73,2174,43417
confirmation,whisper,pooled,cer_REF,micro,pp,0.9069917231528258,0.773637184992734,1.0606895418777116,True,10000,73,2174,43417
confirmation,whisper,pooled,wer_LP,micro,pp,2.6372158371144945,2.3182764037432273,2.983473955473731,True,10000,73,2174,43417
confirmation,whisper,pooled,cer_LP,micro,pp,1.0288002734119979,0.881182816090131,1.1936479171193373,True,10000,73,2174,43417
confirmation,whisper,pooled,wer_OPUS,micro,pp,3.3235829283460396,2.859073369943585,3.8173013274608394,True,10000,73,2174,43417
confirmation,whisper,pooled,cer_OPUS,micro,pp,1.3407703733563514,1.114355401736212,1.5980443097911492,True,10000,73,2174,43417
confirmation,whisper,pooled,wer_SILK,micro,pp,2.655641799295207,2.33624867538944,3.007936147769488,True,10000,73,2174,43417
confirmation,whisper,pooled,cer_SILK,micro,pp,1.017846267093727,0.8704165003888358,1.1837794697507766,True,10000,73,2174,43417
confirmation,whisper,pooled,wer_NEG_LP,micro,pp,2.420710781491121,2.112735271128007,2.7600954803981854,True,10000,73,2174,43417
confirmation,whisper,pooled,cer_NEG_LP,micro,pp,0.9069917231528258,0.7753558346980902,1.057789550433072,True,10000,73,2174,43417
confirmation,whisper,pooled,wer_NEG_CODEC,micro,pp,2.4990211207591497,2.193299896877271,2.8373912164104342,True,10000,73,2174,43417
confirmation,whisper,pooled,cer_NEG_CODEC,micro,pp,0.9065535629000951,0.7771915622481497,1.0592795409835138,True,10000,73,2174,43417
confirmation,whisper,pooled,delta_bw,micro,pp,0.1404979616279337,0.035623200262557164,0.24880470345565975,True,10000,73,2174,43417
confirmation,whisper,pooled,delta_bw,micro_cer,pp,0.1218085502591719,0.0669741355320626,0.17833427860098322,True,10000,73,2174,43417
confirmation,whisper,pooled,delta_bw,macro,pp,0.34762076865354474,0.17114035783383766,0.5390443805196679,True,10000,73,2174,43417
confirmation,whisper,pooled,delta_bw_S,micro_error_type,pp,0.0944330561761522,0.008879482161542837,0.18332991888144193,True,10000,73,2174,43417
confirmation,whisper,pooled,delta_bw_D,micro_error_type,pp,0.02533569799847986,-0.00927345387195158,0.059322308366739504,False,10000,73,2174,43417
confirmation,whisper,pooled,delta_bw_I,micro_error_type,pp,0.0207292074533017,-0.009068891271262775,0.050288332298687385,False,10000,73,2174,43417
confirmation,whisper,pooled,delta_opus_residual,micro,pp,0.6863670912315452,0.459526979636811,0.9379698403151301,True,10000,73,2174,43417
confirmation,whisper,pooled,delta_opus_residual,micro_cer,pp,0.3119700999443536,0.19942010387603593,0.44040400996203727,True,10000,73,2174,43417
confirmation,whisper,pooled,delta_opus_residual,macro,pp,1.000000337017221,0.6361048683046828,1.3905769415634572,True,10000,73,2174,43417
confirmation,whisper,pooled,delta_opus_residual_S,micro_error_type,pp,0.5067139599695971,0.3373126513929089,0.7024246304553894,True,10000,73,2174,43417
confirmation,whisper,pooled,delta_opus_residual_D,micro_error_type,pp,0.09903954672133035,0.047356867759271976,0.15864873288541279,True,10000,73,2174,43417
confirmation,whisper,pooled,delta_opus_residual_I,micro_error_type,pp,0.08061358454061773,0.03073932203282732,0.1336973529290051,True,10000,73,2174,43417
confirmation,whisper,pooled,delta_silk_residual,micro,pp,0.018425962180712574,-0.04280934023895979,0.08288672304378052,False,10000,73,2174,43417
confirmation,whisper,pooled,delta_silk_residual,micro_cer,pp,-0.010954006318270905,-0.03934440336988415,0.01874963073069601,False,10000,73,2174,43417
confirmation,whisper,pooled,delta_silk_residual,macro,pp,-0.016644115029455262,-0.15276899855913242,0.1080652854711686,False,10000,73,2174,43417
confirmation,whisper,pooled,delta_silk_residual_S,micro_error_type,pp,0.029942188543658012,-0.021291178796573343,0.08571302641224447,False,10000,73,2174,43417
confirmation,whisper,pooled,delta_silk_residual_D,micro_error_type,pp,-0.009212981090356311,-0.026516903748148152,0.006929082579444359,False,10000,73,2174,43417
confirmation,whisper,pooled,delta_silk_residual_I,micro_error_type,pp,-0.002303245272589078,-0.021313971419323067,0.015764132594731823,False,10000,73,2174,43417
confirmation,whisper,pooled,opus_minus_silk,micro,pp,0.6679411290508326,0.4616786250254236,0.8898487178357686,True,10000,73,2174,43417
confirmation,whisper,pooled,opus_minus_silk,micro_cer,pp,0.3229241062626245,0.2149734838226061,0.44304869618924864,True,10000,73,2174,43417
confirmation,whisper,pooled,opus_minus_silk,macro,pp,1.0166444520466766,0.654010031365991,1.3981209384127893,True,10000,73,2174,43417
confirmation,whisper,pooled,opus_minus_silk_S,micro_error_type,pp,0.47677177142593913,0.32697286629336886,0.6438298386835001,True,10000,73,2174,43417
confirmation,whisper,pooled,opus_minus_silk_D,micro_error_type,pp,0.10825252781168668,0.05613789107928616,0.16736724941155037,True,10000,73,2174,43417
confirmation,whisper,pooled,opus_minus_silk_I,micro_error_type,pp,0.0829168298132068,0.03279685103421302,0.13583067149066108,True,10000,73,2174,43417
confirmation,whisper,pooled,delta_opus_total,micro,pp,0.8268650528594789,0.5741181416861005,1.102322079849063,True,10000,73,2174,43417
confirmation,whisper,pooled,delta_opus_total,micro_cer,pp,0.4337786502035255,0.2994233708605819,0.5853116474674476,True,10000,73,2174,43417
confirmation,whisper,pooled,delta_opus_total,macro,pp,1.3476211056707659,0.9253892990431475,1.7786640108665788,True,10000,73,2174,43417
confirmation,whisper,pooled,delta_opus_total_S,micro_error_type,pp,0.6011470161457494,0.40944606859393284,0.8191089425448173,True,10000,73,2174,43417
confirmation,whisper,pooled,delta_opus_total_D,micro_error_type,pp,0.12437524471981022,0.07172097039606912,0.18768913024469436,True,10000,73,2174,43417
confirmation,whisper,pooled,delta_opus_total_I,micro_error_type,pp,0.10134279199391943,0.046421096186048214,0.1613015051797475,True,10000,73,2174,43417
confirmation,whisper,pooled,delta_silk_total,micro,pp,0.15892392380864628,0.06502181140194657,0.2610396183809456,True,10000,73,2174,43417
confirmation,whisper,pooled,delta_silk_total,micro_cer,pp,0.110854543940901,0.058044242977258166,0.16813745255367132,True,10000,73,2174,43417
confirmation,whisper,pooled,delta_silk_total,macro,pp,0.33097665362408946,0.19020584255337078,0.4973657994628661,True,10000,73,2174,43417
confirmation,whisper,pooled,delta_silk_total_S,micro_error_type,pp,0.12437524471981022,0.04599484819788313,0.20727211486786612,True,10000,73,2174,43417
confirmation,whisper,pooled,delta_silk_total_D,micro_error_type,pp,0.016122716908123544,-0.016442423345483716,0.048914157490545486,False,10000,73,2174,43417
confirmation,whisper,pooled,delta_silk_total_I,micro_error_type,pp,0.018425962180712623,-0.009131305243871323,0.047899860605788665,False,10000,73,2174,43417
confirmation,whisper,pooled,neg_lp_minus_ref,micro,pp,-0.07600709399543971,-0.1505830466091907,-0.00420495256346548,True,10000,73,2174,43417
confirmation,whisper,pooled,neg_lp_minus_ref,micro_cer,pp,0.0,-0.036188905936540366,0.0361383677497417,False,10000,73,2174,43417
confirmation,whisper,pooled,neg_lp_minus_ref,macro,pp,-0.04343581988555632,-0.12898357289301127,0.04137772331755056,False,10000,73,2174,43417
confirmation,whisper,pooled,neg_lp_minus_ref_S,micro_error_type,pp,-0.06449086763249418,-0.12669654351077583,0.0,False,10000,73,2174,43417
confirmation,whisper,pooled,neg_lp_minus_ref_D,micro_error_type,pp,-0.006909735817767234,-0.034666230679085176,0.019753563457010067,False,10000,73,2174,43417
confirmation,whisper,pooled,neg_lp_minus_ref_I,micro_error_type,pp,-0.004606490545178156,-0.029801510479623504,0.02083921911112119,False,10000,73,2174,43417
confirmation,whisper,pooled,neg_codec_minus_ref,micro,pp,0.0023032452725890717,-0.045735560984942275,0.04914948146528605,False,10000,73,2174,43417
confirmation,whisper,pooled,neg_codec_minus_ref,micro_cer,pp,-0.00043816025273070436,-0.02628149916727685,0.024561270070964418,False,10000,73,2174,43417
confirmation,whisper,pooled,neg_codec_minus_ref,macro,pp,0.05212861708052324,-0.018683527671088163,0.1261080134010952,False,10000,73,2174,43417
confirmation,whisper,pooled,neg_codec_minus_ref_S,micro_error_type,pp,-0.004606490545178156,-0.04200420744151758,0.03124395540258403,False,10000,73,2174,43417
confirmation,whisper,pooled,neg_codec_minus_ref_D,micro_error_type,pp,0.004606490545178156,-0.01442018262473734,0.023186860014031634,False,10000,73,2174,43417
confirmation,whisper,pooled,neg_codec_minus_ref_I,micro_error_type,pp,0.002303245272589078,-0.016102040954460724,0.020838169042972605,False,10000,73,2174,43417
confirmation,whisper,pooled,bw_share_of_opus_total,ratio,fraction,0.16991643454038996,0.04901890150872989,0.28736267927982945,True,10000,73,2174,43417
confirmation,whisper,pooled,bw_share_of_silk_total,ratio,fraction,0.884057971014493,0.3857624831309042,1.3613194444444456,True,9995,73,2174,43417
confirmation,whisper,test-clean,wer_REF,micro,pp,1.6173047596115258,1.3501940984460354,1.912439105319105,True,10000,40,1190,24918
confirmation,whisper,test-clean,cer_REF,micro,pp,0.5097744360902255,0.4088653789533672,0.6201365052111376,True,10000,40,1190,24918
confirmation,whisper,test-clean,wer_LP,micro,pp,1.589212617385023,1.3106606328623558,1.8914827303655575,True,10000,40,1190,24918
confirmation,whisper,test-clean,cer_LP,micro,pp,0.5203007518796993,0.407504367743298,0.6464433494764047,True,10000,40,1190,24918
confirmation,whisper,test-clean,wer_OPUS,micro,pp,1.8821735291756962,1.5305302643049927,2.258488902756997,True,10000,40,1190,24918
confirmation,whisper,test-clean,cer_OPUS,micro,pp,0.6210526315789474,0.4879612496444141,0.7680695094769064,True,10000,40,1190,24918
confirmation,whisper,test-clean,wer_SILK,micro,pp,1.5851994542098082,1.30742881121268,1.8870372162597127,True,10000,40,1190,24918
confirmation,whisper,test-clean,cer_SILK,micro,pp,0.5052631578947369,0.3978642362146771,0.6241930962648685,True,10000,40,1190,24918
confirmation,whisper,test-clean,wer_NEG_LP,micro,pp,1.5410546592824463,1.2658190762000692,1.8358518320969042,True,10000,40,1190,24918
confirmation,whisper,test-clean,cer_NEG_LP,micro,pp,0.4992481203007519,0.3911552459772065,0.6192759189661886,True,10000,40,1190,24918
confirmation,whisper,test-clean,wer_NEG_CODEC,micro,pp,1.613291596436311,1.339183932527783,1.9104545887193973,True,10000,40,1190,24918
confirmation,whisper,test-clean,cer_NEG_CODEC,micro,pp,0.51203007518797,0.40935071541076656,0.6233681872647001,True,10000,40,1190,24918
confirmation,whisper,test-clean,delta_bw,micro,pp,-0.028092142226502845,-0.1272624801017268,0.07213667976850367,False,10000,40,1190,24918
confirmation,whisper,test-clean,delta_bw,micro_cer,pp,0.010526315789473675,-0.032374798039510044,0.05686038230801297,False,10000,40,1190,24918
confirmation,whisper,test-clean,delta_bw,macro,pp,0.050013390953223734,-0.08575369072976737,0.18981190001555065,False,10000,40,1190,24918
confirmation,whisper,test-clean,delta_bw_S,micro_error_type,pp,-0.012039489525644112,-0.08183693110256215,0.05740440371638478,False,10000,40,1190,24918
confirmation,whisper,test-clean,delta_bw_D,micro_error_type,pp,-0.016052652700858816,-0.05378203574538326,0.016559257691425897,False,10000,40,1190,24918
confirmation,whisper,test-clean,delta_bw_I,micro_error_type,pp,0.0,-0.030933778927628792,0.029176696279573245,False,10000,40,1190,24918
confirmation,whisper,test-clean,delta_opus_residual,micro,pp,0.2929609117906733,0.14615815018357456,0.46294647036555664,True,10000,40,1190,24918
confirmation,whisper,test-clean,delta_opus_residual,micro_cer,pp,0.10075187969924813,0.03435896240800777,0.17438183590433273,True,10000,40,1190,24918
confirmation,whisper,test-clean,delta_opus_residual,macro,pp,0.3729315222853446,0.15267108296792184,0.611738158064416,True,10000,40,1190,24918
confirmation,whisper,test-clean,delta_opus_residual_S,micro_error_type,pp,0.22875030098723814,0.12112132975792841,0.35156600404263477,True,10000,40,1190,24918
confirmation,whisper,test-clean,delta_opus_residual_D,micro_error_type,pp,0.04013163175214704,-0.004016229583905838,0.08762503578362889,False,10000,40,1190,24918
confirmation,whisper,test-clean,delta_opus_residual_I,micro_error_type,pp,0.024078979051288224,-0.01706417825457141,0.0690447569867221,False,10000,40,1190,24918
confirmation,whisper,test-clean,delta_silk_residual,micro,pp,-0.004013163175214593,-0.06018392179609184,0.05075954258497875,False,10000,40,1190,24918
confirmation,whisper,test-clean,delta_silk_residual,micro_cer,pp,-0.015037593984962381,-0.04376319685542903,0.010334081814456032,False,10000,40,1190,24918
confirmation,whisper,test-clean,delta_silk_residual,macro,pp,-0.015102069124533862,-0.09418223884906102,0.05800026991217607,False,10000,40,1190,24918
confirmation,whisper,test-clean,delta_silk_residual_S,micro_error_type,pp,-0.004013163175214704,-0.046858409861934125,0.039160746169984835,False,10000,40,1190,24918
confirmation,whisper,test-clean,delta_silk_residual_D,micro_error_type,pp,0.0,-0.019719160808240644,0.02007679422964822,False,10000,40,1190,24918
confirmation,whisper,test-clean,delta_silk_residual_I,micro_error_type,pp,0.0,-0.012137063944069921,0.011580384768800566,False,10000,40,1190,24918
confirmation,whisper,test-clean,opus_minus_silk,micro,pp,0.29697407496588785,0.16402509979746574,0.4513040002303522,True,10000,40,1190,24918
confirmation,whisper,test-clean,opus_minus_silk,micro_cer,pp,0.11578947368421051,0.053410923875882095,0.18487066852003745,True,10000,40,1190,24918
confirmation,whisper,test-clean,opus_minus_silk,macro,pp,0.3880335914098784,0.18512556754541198,0.6114012434041945,True,10000,40,1190,24918
confirmation,whisper,test-clean,opus_minus_silk_S,micro_error_type,pp,0.23276346416245286,0.13090904348490462,0.3466050280210395,True,10000,40,1190,24918
confirmation,whisper,test-clean,opus_minus_silk_D,micro_error_type,pp,0.04013163175214704,0.0,0.08647704725683908,False,10000,40,1190,24918
confirmation,whisper,test-clean,opus_minus_silk_I,micro_error_type,pp,0.024078979051288224,-0.013063884306787427,0.06730930704227735,False,10000,40,1190,24918
confirmation,whisper,test-clean,delta_opus_total,micro,pp,0.26486876956417044,0.11766989799484406,0.4332407255695719,True,10000,40,1190,24918
confirmation,whisper,test-clean,delta_opus_total,micro_cer,pp,0.11127819548872181,0.04993459863351983,0.18108740755426186,True,10000,40,1190,24918
confirmation,whisper,test-clean,delta_opus_total,macro,pp,0.4229449132385683,0.21081726359994185,0.6604523715016747,True,10000,40,1190,24918
confirmation,whisper,test-clean,delta_opus_total_S,micro_error_type,pp,0.21671081146159404,0.09673664963249809,0.3495330402487615,True,10000,40,1190,24918
confirmation,whisper,test-clean,delta_opus_total_D,micro_error_type,pp,0.024078979051288224,-0.003963578693923041,0.05350576014203223,False,10000,40,1190,24918
confirmation,whisper,test-clean,delta_opus_total_I,micro_error_type,pp,0.024078979051288224,-0.01640097098050725,0.06925552486516318,False,10000,40,1190,24918
confirmation,whisper,test-clean,delta_silk_total,micro,pp,-0.03210530540171744,-0.12306690824609803,0.05551332162419768,False,10000,40,1190,24918
confirmation,whisper,test-clean,delta_silk_total,micro_cer,pp,-0.004511278195488706,-0.044870282137339935,0.03587313456450097,False,10000,40,1190,24918
confirmation,whisper,test-clean,delta_silk_total,macro,pp,0.034911321828689904,-0.08259289333099668,0.1466930600964311,False,10000,40,1190,24918
confirmation,whisper,test-clean,delta_silk_total_S,micro_error_type,pp,-0.016052652700858816,-0.08508939961350896,0.05144700135558056,False,10000,40,1190,24918
confirmation,whisper,test-clean,delta_silk_total_D,micro_error_type,pp,-0.016052652700858816,-0.05212416846621458,0.01496382779576525,False,10000,40,1190,24918
confirmation,whisper,test-clean,delta_silk_total_I,micro_error_type,pp,0.0,-0.028953556664161665,0.026046245112975597,False,10000,40,1190,24918
confirmation,whisper,test-clean,neg_lp_minus_ref,micro,pp,-0.07625010032907935,-0.1531633660388065,-0.004017496199883964,True,10000,40,1190,24918
confirmation,whisper,test-clean,neg_lp_minus_ref,micro_cer,pp,-0.010526315789473675,-0.04767609947405771,0.02610268059508826,False,10000,40,1190,24918
confirmation,whisper,test-clean,neg_lp_minus_ref,macro,pp,-0.0736819371286145,-0.1552615198077996,0.0027633481141570732,False,10000,40,1190,24918
confirmation,whisper,test-clean,neg_lp_minus_ref_S,micro_error_type,pp,-0.04815795810257645,-0.09812241358019372,0.0037954306093585704,False,10000,40,1190,24918
confirmation,whisper,test-clean,neg_lp_minus_ref_D,micro_error_type,pp,-0.024078979051288224,-0.06269481247750645,0.007997448814140102,False,10000,40,1190,24918
confirmation,whisper,test-clean,neg_lp_minus_ref_I,micro_error_type,pp,-0.004013163175214704,-0.0278390904890936,0.019781259205320426,False,10000,40,1190,24918
confirmation,whisper,test-clean,neg_codec_minus_ref,micro,pp,-0.004013163175214593,-0.05470306047160629,0.045979081056574174,False,10000,40,1190,24918
confirmation,whisper,test-clean,neg_codec_minus_ref,micro_cer,pp,0.002255639097744396,-0.017031643106759822,0.02121366438455255,False,10000,40,1190,24918
confirmation,whisper,test-clean,neg_codec_minus_ref,macro,pp,0.046265158589905674,-0.01624541990941945,0.11479240111379711,False,10000,40,1190,24918
confirmation,whisper,test-clean,neg_codec_minus_ref_S,micro_error_type,pp,-0.016052652700858816,-0.0519572397771698,0.01772364894896308,False,10000,40,1190,24918
confirmation,whisper,test-clean,neg_codec_minus_ref_D,micro_error_type,pp,0.012039489525644112,-0.01215150534528616,0.035862431734163765,False,10000,40,1190,24918
confirmation,whisper,test-clean,neg_codec_minus_ref_I,micro_error_type,pp,0.0,-0.015997440409534474,0.01621806816766831,False,10000,40,1190,24918
confirmation,whisper,test-clean,bw_share_of_opus_total,ratio,fraction,-0.10606060606060576,-0.7334591194968547,0.24999999999999967,False,9999,40,1190,24918
confirmation,whisper,test-clean,bw_share_of_silk_total,ratio,fraction,,-4.008333333333505,7.000000000000139,False,2280,40,1190,24918
confirmation,whisper,test-other,wer_REF,micro,pp,3.6812800691929293,3.063704486134762,4.407325688802366,True,10000,33,984,18499
confirmation,whisper,test-other,cer_REF,micro,pp,1.4617702962395118,1.1788388446752471,1.815622070045923,True,10000,33,984,18499
confirmation,whisper,test-other,wer_LP,micro,pp,4.048867506351694,3.403463183254659,4.793222735496279,True,10000,33,984,18499
confirmation,whisper,test-other,cer_LP,micro,pp,1.7390025938021778,1.425417286848037,2.117895466863977,True,10000,33,984,18499
confirmation,whisper,test-other,wer_OPUS,micro,pp,5.2651494675387855,4.303668685606394,6.375532357441682,True,10000,33,984,18499
confirmation,whisper,test-other,cer_OPUS,micro,pp,2.345973305890136,1.8405515213802164,2.943933646064111,True,10000,33,984,18499
confirmation,whisper,test-other,wer_SILK,micro,pp,4.0975187847991785,3.4411880541102957,4.854702272034157,True,10000,33,984,18499
confirmation,whisper,test-other,cer_SILK,micro,pp,1.7337519821059153,1.4154173984517944,2.1098972992440994,True,10000,33,984,18499
confirmation,whisper,test-other,wer_NEG_LP,micro,pp,3.6056003027190657,2.9862714451632164,4.334385116783956,True,10000,33,984,18499
confirmation,whisper,test-other,cer_NEG_LP,micro,pp,1.4764720089890473,1.1945587565717148,1.8155055350246734,True,10000,33,984,18499
confirmation,whisper,test-other,wer_NEG_CODEC,micro,pp,3.692091464403481,3.0817162061075245,4.419614450776822,True,10000,33,984,18499
confirmation,whisper,test-other,cer_NEG_CODEC,micro,pp,1.4575698068825018,1.1783770438422114,1.8020214383661612,True,10000,33,984,18499
confirmation,whisper,test-other,delta_bw,micro,pp,0.3675874371587652,0.16108413791164375,0.5898516992883577,True,10000,33,984,18499
confirmation,whisper,test-other,delta_bw,micro_cer,pp,0.277232297562666,0.16140975677881833,0.39855136204428365,True,10000,33,984,18499
confirmation,whisper,test-other,delta_bw,macro,pp,0.707532129896819,0.3434695698042249,1.1037763614603409,True,10000,33,984,18499
confirmation,whisper,test-other,delta_bw_S,micro_error_type,pp,0.2378506946321423,0.06191098600946028,0.43210659898477144,True,10000,33,984,18499
confirmation,whisper,test-other,delta_bw_D,micro_error_type,pp,0.08108546407913941,0.016434583228476376,0.14649653571255886,True,10000,33,984,18499
confirmation,whisper,test-other,delta_bw_I,micro_error_type,pp,0.04865127844748365,-0.00534161640317471,0.11049861183684326,False,10000,33,984,18499
confirmation,whisper,test-other,delta_opus_residual,micro,pp,1.2162819611870914,0.7480077794213943,1.7671719643906905,True,10000,33,984,18499
confirmation,whisper,test-other,delta_opus_residual,micro_cer,pp,0.6069707120879585,0.3631172038191156,0.8953754284045338,True,10000,33,984,18499
confirmation,whisper,test-other,delta_opus_residual,macro,pp,1.7583457532071938,1.018371757278111,2.578526076469628,True,10000,33,984,18499
confirmation,whisper,test-other,delta_opus_residual_S,micro_error_type,pp,0.8811287096599816,0.5286670271286793,1.3142817255609638,True,10000,33,984,18499
confirmation,whisper,test-other,delta_opus_residual_D,micro_error_type,pp,0.1783880209741067,0.07353240553238082,0.30454254084302074,True,10000,33,984,18499
confirmation,whisper,test-other,delta_opus_residual_I,micro_error_type,pp,0.15676523055300287,0.058908505722928814,0.27502339267590803,True,10000,33,984,18499
confirmation,whisper,test-other,delta_silk_residual,micro,pp,0.04865127844748407,-0.08041609593697621,0.18341469532918134,False,10000,33,984,18499
confirmation,whisper,test-other,delta_silk_residual,micro_cer,pp,-0.005250611696262439,-0.0647563384092082,0.0541275869858318,False,10000,33,984,18499
confirmation,whisper,test-other,delta_silk_residual,macro,pp,-0.018508987617724064,-0.31556454567127684,0.23749797081569243,False,10000,33,984,18499
confirmation,whisper,test-other,delta_silk_residual_S,micro_error_type,pp,0.07567976647386344,-0.03237273086304462,0.19817170021931,False,10000,33,984,18499
confirmation,whisper,test-other,delta_silk_residual_D,micro_error_type,pp,-0.021622790421103846,-0.053856241549704045,0.005385348626635442,False,10000,33,984,18499
confirmation,whisper,test-other,delta_silk_residual_I,micro_error_type,pp,-0.005405697605275961,-0.04756202993166517,0.03268178570894038,False,10000,33,984,18499
confirmation,whisper,test-other,opus_minus_silk,micro,pp,1.1676306827396072,0.7400872290733995,1.6568659250250977,True,10000,33,984,18499
confirmation,whisper,test-other,opus_minus_silk,micro_cer,pp,0.6122213237842209,0.3806211575027762,0.8852250173943083,True,10000,33,984,18499
confirmation,whisper,test-other,opus_minus_silk,macro,pp,1.7768547408249176,1.039081365263936,2.5874835049519653,True,10000,33,984,18499
confirmation,whisper,test-other,opus_minus_silk_S,micro_error_type,pp,0.8054489431861181,0.4916846446182247,1.1734099018733273,True,10000,33,984,18499
confirmation,whisper,test-other,opus_minus_silk_D,micro_error_type,pp,0.20001081139521057,0.0951720564278254,0.32824984153003134,True,10000,33,984,18499
confirmation,whisper,test-other,opus_minus_silk_I,micro_error_type,pp,0.16217092815827883,0.05924530084402329,0.2829106273438942,True,10000,33,984,18499
confirmation,whisper,test-other,delta_opus_total,micro,pp,1.5838693983458565,1.0359497635892687,2.1975226242721706,True,10000,33,984,18499
confirmation,whisper,test-other,delta_opus_total,micro_cer,pp,0.8842030096506245,0.5796485244519972,1.238503050217464,True,10000,33,984,18499
confirmation,whisper,test-other,delta_opus_total,macro,pp,2.4658778831040133,1.6087952717325367,3.3929677605927093,True,10000,33,984,18499
confirmation,whisper,test-other,delta_opus_total_S,micro_error_type,pp,1.118979404292124,0.7044117735045147,1.6018206373775679,True,10000,33,984,18499
confirmation,whisper,test-other,delta_opus_total_D,micro_error_type,pp,0.25947348505324613,0.1455224320335424,0.40512810302654034,True,10000,33,984,18499
confirmation,whisper,test-other,delta_opus_total_I,micro_error_type,pp,0.20541650900048652,0.09156806454546265,0.33971085841021453,True,10000,33,984,18499
confirmation,whisper,test-other,delta_silk_total,micro,pp,0.41623871560624925,0.2284261060725876,0.6300722509167829,True,10000,33,984,18499
confirmation,whisper,test-other,delta_silk_total,micro_cer,pp,0.2719816858664036,0.15976967271180592,0.3958376943208435,True,10000,33,984,18499
confirmation,whisper,test-other,delta_silk_total,macro,pp,0.689023142279095,0.41502243191935645,1.0226284769495868,True,10000,33,984,18499
confirmation,whisper,test-other,delta_silk_total_S,micro_error_type,pp,0.31353046110600574,0.15510382637239076,0.49102466068955547,True,10000,33,984,18499
confirmation,whisper,test-other,delta_silk_total_D,micro_error_type,pp,0.05946267365803558,0.0,0.12248708006958547,False,10000,33,984,18499
confirmation,whisper,test-other,delta_silk_total_I,micro_error_type,pp,0.04324558084220769,-0.005743867565087913,0.10142878160180308,False,10000,33,984,18499
confirmation,whisper,test-other,neg_lp_minus_ref,micro,pp,-0.07567976647386357,-0.2190891888862529,0.06484681825945081,False,10000,33,984,18499
confirmation,whisper,test-other,neg_lp_minus_ref,micro_cer,pp,0.014701712749535384,-0.056080156995879045,0.08913316843929556,False,10000,33,984,18499
confirmation,whisper,test-other,neg_lp_minus_ref,macro,pp,-0.006857690292833547,-0.16711740658459298,0.1543256248949348,False,10000,33,984,18499
confirmation,whisper,test-other,neg_lp_minus_ref_S,micro_error_type,pp,-0.08649116168441538,-0.2143861935692434,0.04701297880711055,False,10000,33,984,18499
confirmation,whisper,test-other,neg_lp_minus_ref_D,micro_error_type,pp,0.016217092815827883,-0.02637176510095035,0.060110166037835054,False,10000,33,984,18499
confirmation,whisper,test-other,neg_lp_minus_ref_I,micro_error_type,pp,-0.005405697605275961,-0.05543899383015544,0.046010411202850744,False,10000,33,984,18499
confirmation,whisper,test-other,neg_codec_minus_ref,micro,pp,0.010811395210551938,-0.07611144457668341,0.10087371221591876,False,10000,33,984,18499
confirmation,whisper,test-other,neg_codec_minus_ref,micro_cer,pp,-0.004200489357009986,-0.059827004534802296,0.05055241316066459,False,10000,33,984,18499
confirmation,whisper,test-other,neg_codec_minus_ref,macro,pp,0.05921958822263186,-0.07514757519398105,0.20312361511511548,False,10000,33,984,18499
confirmation,whisper,test-other,neg_codec_minus_ref_S,micro_error_type,pp,0.010811395210551923,-0.06238013540447835,0.08253602563667774,False,10000,33,984,18499
confirmation,whisper,test-other,neg_codec_minus_ref_D,micro_error_type,pp,-0.005405697605275961,-0.038499985701656046,0.024051800645299985,False,10000,33,984,18499
confirmation,whisper,test-other,neg_codec_minus_ref_I,micro_error_type,pp,0.005405697605275961,-0.03312803986628572,0.04406317590398623,False,10000,33,984,18499
confirmation,whisper,test-other,bw_share_of_opus_total,ratio,fraction,0.23208191126279856,0.11674915397631142,0.36000297619047616,True,10000,33,984,18499
confirmation,whisper,test-other,bw_share_of_silk_total,ratio,fraction,0.8831168831168822,0.5492888704777682,1.2206290849673203,True,10000,33,984,18499
confirmation,wav2vec2,pooled,wer_REF,micro,pp,5.359651749314785,4.72533194412052,6.080577788940398,True,10000,73,2174,43417
confirmation,wav2vec2,pooled,cer_REF,micro,pp,1.8069728822619584,1.5519210140747843,2.1093656986539946,True,10000,73,2174,43417
confirmation,wav2vec2,pooled,wer_LP,micro,pp,6.764631365594122,5.886536498903172,7.73973834906699,True,10000,73,2174,43417
confirmation,wav2vec2,pooled,cer_LP,micro,pp,2.4002418644595074,2.0290812442704,2.8250456517094467,True,10000,73,2174,43417
confirmation,wav2vec2,pooled,wer_OPUS,micro,pp,8.835248865651703,7.716023503638021,10.171154939913132,True,10000,73,2174,43417
confirmation,wav2vec2,pooled,cer_OPUS,micro,pp,3.495204336033861,2.9384356658393584,4.150890478484253,True,10000,73,2174,43417
confirmation,wav2vec2,pooled,wer_SILK,micro,pp,6.677108045235737,5.8470565106366905,7.604737418868775,True,10000,73,2174,43417
confirmation,wav2vec2,pooled,cer_SILK,micro,pp,2.3787720120756966,2.0201665173418646,2.7921948121530713,True,10000,73,2174,43417
confirmation,wav2vec2,pooled,wer_NEG_LP,micro,pp,5.460994541308704,4.799714437077754,6.216836284369322,True,10000,73,2174,43417
confirmation,wav2vec2,pooled,cer_NEG_LP,micro,pp,1.8591139523369278,1.5937750914884279,2.173323909441028,True,10000,73,2174,43417
confirmation,wav2vec2,pooled,wer_NEG_CODEC,micro,pp,5.361954994587373,4.711139523153486,6.102585024019771,True,10000,73,2174,43417
confirmation,wav2vec2,pooled,cer_NEG_CODEC,micro,pp,1.8122308052947285,1.5548062649163228,2.120075205579786,True,10000,73,2174,43417
confirmation,wav2vec2,pooled,delta_bw,micro,pp,1.4049796162793373,0.9898874753179487,1.9228030749432747,True,10000,73,2174,43417
confirmation,wav2vec2,pooled,delta_bw,micro_cer,pp,0.5932689821975489,0.41544018868905297,0.81229500336952,True,10000,73,2174,43417
confirmation,wav2vec2,pooled,delta_bw,macro,pp,1.8976569450252527,1.3928590069852234,2.4439877914179045,True,10000,73,2174,43417
confirmation,wav2vec2,pooled,delta_bw_S,micro_error_type,pp,1.1608356173848953,0.8320800877469537,1.5752403805348794,True,10000,73,2174,43417
confirmation,wav2vec2,pooled,delta_bw_D,micro_error_type,pp,0.22571803671372964,0.1396489727676459,0.3264796295880728,True,10000,73,2174,43417
confirmation,wav2vec2,pooled,delta_bw_I,micro_error_type,pp,0.018425962180712623,-0.033101522762539574,0.0725973554495494,False,10000,73,2174,43417
confirmation,wav2vec2,pooled,delta_opus_residual,micro,pp,2.070617500057581,1.679111733009272,2.567087421302722,True,10000,73,2174,43417
confirmation,wav2vec2,pooled,delta_opus_residual,micro_cer,pp,1.0949624715743536,0.8657325310701249,1.3974934160403307,True,10000,73,2174,43417
confirmation,wav2vec2,pooled,delta_opus_residual,macro,pp,2.606407803239166,2.119437614965015,3.1288195752652443,True,10000,73,2174,43417
confirmation,wav2vec2,pooled,delta_opus_residual_S,micro_error_type,pp,1.7896215768017136,1.4625552354136258,2.206618172313862,True,10000,73,2174,43417
confirmation,wav2vec2,pooled,delta_opus_residual_D,micro_error_type,pp,0.13358822581016652,0.046870750749817315,0.22267098340821675,True,10000,73,2174,43417
confirmation,wav2vec2,pooled,delta_opus_residual_I,micro_error_type,pp,0.14740769744570098,0.09240104456526393,0.20365836247153443,True,10000,73,2174,43417
confirmation,wav2vec2,pooled,delta_silk_residual,micro,pp,-0.08752332035838473,-0.20182520846598376,0.023504922585975745,False,10000,73,2174,43417
confirmation,wav2vec2,pooled,delta_silk_residual,micro_cer,pp,-0.02146985238381076,-0.06147920263289734,0.017265155183679697,False,10000,73,2174,43417
confirmation,wav2vec2,pooled,delta_silk_residual,macro,pp,-0.1275929565668385,-0.29860257272509466,0.04717422607069527,False,10000,73,2174,43417
confirmation,wav2vec2,pooled,delta_silk_residual_S,micro_error_type,pp,-0.07831033926802866,-0.17721165837432118,0.02000748958884475,False,10000,73,2174,43417
confirmation,wav2vec2,pooled,delta_silk_residual_D,micro_error_type,pp,-0.02533569799847986,-0.05921904884604008,0.009400773545082978,False,10000,73,2174,43417
confirmation,wav2vec2,pooled,delta_silk_residual_I,micro_error_type,pp,0.016122716908123544,-0.011460254331761852,0.04478486441561387,False,10000,73,2174,43417
confirmation,wav2vec2,pooled,opus_minus_silk,micro,pp,2.1581408204159658,1.7271147485948888,2.710697550278757,True,10000,73,2174,43417
confirmation,wav2vec2,pooled,opus_minus_silk,micro_cer,pp,1.1164323239581644,0.8746820474262241,1.4292040887756823,True,10000,73,2174,43417
confirmation,wav2vec2,pooled,opus_minus_silk,macro,pp,2.7340007598060048,2.1756805903218797,3.3290640613116143,True,10000,73,2174,43417
confirmation,wav2vec2,pooled,opus_minus_silk_S,micro_error_type,pp,1.8679319160697423,1.5139098505484798,2.333257257663097,True,10000,73,2174,43417
confirmation,wav2vec2,pooled,opus_minus_silk_D,micro_error_type,pp,0.1589239238086464,0.0689241763420849,0.25426642727917254,True,10000,73,2174,43417
confirmation,wav2vec2,pooled,opus_minus_silk_I,micro_error_type,pp,0.13128498053757742,0.07281435100490705,0.18990964353041942,True,10000,73,2174,43417
confirmation,wav2vec2,pooled,delta_opus_total,micro,pp,3.4755971163369184,2.7320382456995875,4.452608987427618,True,10000,73,2174,43417
confirmation,wav2vec2,pooled,delta_opus_total,micro_cer,pp,1.6882314537719025,1.3016426039741908,2.1951878314968254,True,10000,73,2174,43417
confirmation,wav2vec2,pooled,delta_opus_total,macro,pp,4.504064748264419,3.6520188883021802,5.47346247164135,True,10000,73,2174,43417
confirmation,wav2vec2,pooled,delta_opus_total_S,micro_error_type,pp,2.9504571941866087,2.340691183633507,3.7509862374882768,True,10000,73,2174,43417
confirmation,wav2vec2,pooled,delta_opus_total_D,micro_error_type,pp,0.3593062625238962,0.23263765399538788,0.5057054785303752,True,10000,73,2174,43417
confirmation,wav2vec2,pooled,delta_opus_total_I,micro_error_type,pp,0.1658336596264136,0.0916689084346756,0.24410974016916265,True,10000,73,2174,43417
confirmation,wav2vec2,pooled,delta_silk_total,micro,pp,1.3174562959209526,0.9399524269498972,1.7785279488968804,True,10000,73,2174,43417
confirmation,wav2vec2,pooled,delta_silk_total,micro_cer,pp,0.5717991298137381,0.4111679972135919,0.7741586749383742,True,10000,73,2174,43417
confirmation,wav2vec2,pooled,delta_silk_total,macro,pp,1.7700639884584146,1.2868475622567428,2.2929431232770567,True,10000,73,2174,43417
confirmation,wav2vec2,pooled,delta_silk_total_S,micro_error_type,pp,1.0825252781168666,0.7833536637678968,1.4499497564056,True,10000,73,2174,43417
confirmation,wav2vec2,pooled,delta_silk_total_D,micro_error_type,pp,0.2003823387152498,0.12271019343869824,0.2870945243782863,True,10000,73,2174,43417
confirmation,wav2vec2,pooled,delta_silk_total_I,micro_error_type,pp,0.034548679088836166,-0.02031331070691798,0.09346295060456543,False,10000,73,2174,43417
confirmation,wav2vec2,pooled,neg_lp_minus_ref,micro,pp,0.10134279199391916,0.020366460549425067,0.19038283339809134,True,10000,73,2174,43417
confirmation,wav2vec2,pooled,neg_lp_minus_ref,micro_cer,pp,0.05214107007496943,0.022822054567220976,0.08315568166732684,True,10000,73,2174,43417
confirmation,wav2vec2,pooled,neg_lp_minus_ref,macro,pp,0.15090035837466634,0.030979459049351298,0.282303535383652,True,10000,73,2174,43417
confirmation,wav2vec2,pooled,neg_lp_minus_ref_S,micro_error_type,pp,0.06909735817767233,-0.009183012715047883,0.1602595312285203,False,10000,73,2174,43417
confirmation,wav2vec2,pooled,neg_lp_minus_ref_D,micro_error_type,pp,0.029942188543658012,0.0,0.05990889276766879,False,10000,73,2174,43417
confirmation,wav2vec2,pooled,neg_lp_minus_ref_I,micro_error_type,pp,0.002303245272589078,-0.02318837935124908,0.02796324602427036,False,10000,73,2174,43417
confirmation,wav2vec2,pooled,neg_codec_minus_ref,micro,pp,0.0023032452725890717,-0.05697518750636404,0.06507318737798948,False,10000,73,2174,43417
confirmation,wav2vec2,pooled,neg_codec_minus_ref,micro_cer,pp,0.005257923032770187,-0.01754784805313121,0.026926118882245158,False,10000,73,2174,43417
confirmation,wav2vec2,pooled,neg_codec_minus_ref,macro,pp,0.002395805178825597,-0.07850739013920915,0.08383812580801955,False,10000,73,2174,43417
confirmation,wav2vec2,pooled,neg_codec_minus_ref_S,micro_error_type,pp,0.013819471635534469,-0.05117742992018206,0.08681652640897512,False,10000,73,2174,43417
confirmation,wav2vec2,pooled,neg_codec_minus_ref_D,micro_error_type,pp,0.0,-0.02538539700146806,0.02028132452176857,False,10000,73,2174,43417
confirmation,wav2vec2,pooled,neg_codec_minus_ref_I,micro_error_type,pp,-0.01151622636294539,-0.031737809632810435,0.00708691274764779,False,10000,73,2174,43417
confirmation,wav2vec2,pooled,bw_share_of_opus_total,ratio,fraction,0.40424121935056323,0.3481568923749244,0.4501501349341851,True,10000,73,2174,43417
confirmation,wav2vec2,pooled,bw_share_of_silk_total,ratio,fraction,1.0664335664335662,0.9806377658825185,1.1479032146799113,True,10000,73,2174,43417
confirmation,wav2vec2,test-clean,wer_REF,micro,pp,3.3028332932017013,2.8620089217103293,3.726151296636237,True,10000,40,1190,24918
confirmation,wav2vec2,test-clean,cer_REF,micro,pp,0.9609022556390977,0.8098186735271505,1.1084978572178,True,10000,40,1190,24918
confirmation,wav2vec2,test-clean,wer_LP,micro,pp,3.7121759370736016,3.2521697941881302,4.182072206536342,True,10000,40,1190,24918
confirmation,wav2vec2,test-clean,cer_LP,micro,pp,1.0984962406015037,0.935364831336034,1.264374378988447,True,10000,40,1190,24918
confirmation,wav2vec2,test-clean,wer_OPUS,micro,pp,4.647242956898627,4.084399641975383,5.243479445332741,True,10000,40,1190,24918
confirmation,wav2vec2,test-clean,cer_OPUS,micro,pp,1.5105263157894737,1.2730122967577877,1.7685113754776918,True,10000,40,1190,24918
confirmation,wav2vec2,test-clean,wer_SILK,micro,pp,3.73625491612489,3.266849850781356,4.209170736713038,True,10000,40,1190,24918
confirmation,wav2vec2,test-clean,cer_SILK,micro,pp,1.1165413533834587,0.9450738606567433,1.2933813811971993,True,10000,40,1190,24918
confirmation,wav2vec2,test-clean,wer_NEG_LP,micro,pp,3.306846456376916,2.8572517061118066,3.7340364414891667,True,10000,40,1190,24918
confirmation,wav2vec2,test-clean,cer_NEG_LP,micro,pp,0.9714285714285713,0.8181771569963598,1.1212263451828675,True,10000,40,1190,24918
confirmation,wav2vec2,test-clean,wer_NEG_CODEC,micro,pp,3.290793803676057,2.8576753278462412,3.710092685301131,True,10000,40,1190,24918
confirmation,wav2vec2,test-clean,cer_NEG_CODEC,micro,pp,0.9639097744360902,0.8130531294387038,1.1139779762231248,True,10000,40,1190,24918
confirmation,wav2vec2,test-clean,delta_bw,micro,pp,0.4093426438719003,0.196854523457624,0.6418729129936677,True,10000,40,1190,24918
confirmation,wav2vec2,test-clean,delta_bw,micro_cer,pp,0.13759398496240616,0.07551814211495267,0.2093785560777707,True,10000,40,1190,24918
confirmation,wav2vec2,test-clean,delta_bw,macro,pp,0.592815688323956,0.3090783428231602,0.8997735872292143,True,10000,40,1190,24918
confirmation,wav2vec2,test-clean,delta_bw_S,micro_error_type,pp,0.4133558070471145,0.22810648182289178,0.6206197940270163,True,10000,40,1190,24918
confirmation,wav2vec2,test-clean,delta_bw_D,micro_error_type,pp,0.02006581587607352,-0.02029908690401547,0.06520754062147179,False,10000,40,1190,24918
confirmation,wav2vec2,test-clean,delta_bw_I,micro_error_type,pp,-0.024078979051288224,-0.06727599921939982,0.020152146234033202,False,10000,40,1190,24918
confirmation,wav2vec2,test-clean,delta_opus_residual,micro,pp,0.9350670198250262,0.718846334584443,1.178391692443927,True,10000,40,1190,24918
confirmation,wav2vec2,test-clean,delta_opus_residual,micro_cer,pp,0.41203007518796975,0.3002722967685027,0.539623620371514,True,10000,40,1190,24918
confirmation,wav2vec2,test-clean,delta_opus_residual,macro,pp,1.2422018280603124,0.9224417478521352,1.5992220986086418,True,10000,40,1190,24918
confirmation,wav2vec2,test-clean,delta_opus_residual_S,micro_error_type,pp,0.8588169194959466,0.6529012993068574,1.0942927175431145,True,10000,40,1190,24918
confirmation,wav2vec2,test-clean,delta_opus_residual_D,micro_error_type,pp,0.004013163175214704,-0.050462312534707815,0.057495338922071634,False,10000,40,1190,24918
confirmation,wav2vec2,test-clean,delta_opus_residual_I,micro_error_type,pp,0.07223693715386469,0.028069387596351594,0.11815107840378561,True,10000,40,1190,24918
confirmation,wav2vec2,test-clean,delta_silk_residual,micro,pp,0.024078979051288252,-0.056322453614832346,0.10419397395968763,False,10000,40,1190,24918
confirmation,wav2vec2,test-clean,delta_silk_residual,micro_cer,pp,0.018045112781954822,-0.0038496433706331178,0.042705299273886395,False,10000,40,1190,24918
confirmation,wav2vec2,test-clean,delta_silk_residual,macro,pp,-0.005259394931062053,-0.15470512016512777,0.13710540118010947,False,10000,40,1190,24918
confirmation,wav2vec2,test-clean,delta_silk_residual_S,micro_error_type,pp,0.016052652700858816,-0.06080235094163937,0.09328926693229239,False,10000,40,1190,24918
confirmation,wav2vec2,test-clean,delta_silk_residual_D,micro_error_type,pp,0.016052652700858816,-0.004224261851533773,0.038097173296275794,False,10000,40,1190,24918
confirmation,wav2vec2,test-clean,delta_silk_residual_I,micro_error_type,pp,-0.008026326350429408,-0.031075232167115753,0.012570209861805518,False,10000,40,1190,24918
confirmation,wav2vec2,test-clean,opus_minus_silk,micro,pp,0.910988040773738,0.6936702805345315,1.1479756698572672,True,10000,40,1190,24918
confirmation,wav2vec2,test-clean,opus_minus_silk,micro_cer,pp,0.39398496240601494,0.28858205192735586,0.5122229677105622,True,10000,40,1190,24918
confirmation,wav2vec2,test-clean,opus_minus_silk,macro,pp,1.2474612229913744,0.9239610489013641,1.6269935351220128,True,10000,40,1190,24918
confirmation,wav2vec2,test-clean,opus_minus_silk_S,micro_error_type,pp,0.842764266795088,0.6469123315513465,1.0567743685275885,True,10000,40,1190,24918
confirmation,wav2vec2,test-clean,opus_minus_silk_D,micro_error_type,pp,-0.012039489525644112,-0.06374873707862286,0.03858054469257772,False,10000,40,1190,24918
confirmation,wav2vec2,test-clean,opus_minus_silk_I,micro_error_type,pp,0.08026326350429408,0.0331307593537513,0.13025318422879537,True,10000,40,1190,24918
confirmation,wav2vec2,test-clean,delta_opus_total,micro,pp,1.3444096636969265,0.9661956173957365,1.7700538552218488,True,10000,40,1190,24918
confirmation,wav2vec2,test-clean,delta_opus_total,micro_cer,pp,0.5496240601503759,0.39893660484574545,0.7242205865866657,True,10000,40,1190,24918
confirmation,wav2vec2,test-clean,delta_opus_total,macro,pp,1.8350175163842681,1.3404294855456735,2.3873329064240645,True,10000,40,1190,24918
confirmation,wav2vec2,test-clean,delta_opus_total_S,micro_error_type,pp,1.2721727265430611,0.9215115419292914,1.6720780984051125,True,10000,40,1190,24918
confirmation,wav2vec2,test-clean,delta_opus_total_D,micro_error_type,pp,0.024078979051288224,-0.03481928635149302,0.08441673163859822,False,10000,40,1190,24918
confirmation,wav2vec2,test-clean,delta_opus_total_I,micro_error_type,pp,0.04815795810257645,-0.012314917131905887,0.10849655352076977,False,10000,40,1190,24918
confirmation,wav2vec2,test-clean,delta_silk_total,micro,pp,0.43342162292318853,0.21592896005380494,0.6799201575265308,True,10000,40,1190,24918
confirmation,wav2vec2,test-clean,delta_silk_total,micro_cer,pp,0.155639097744361,0.08789407225056162,0.23430260395554084,True,10000,40,1190,24918
confirmation,wav2vec2,test-clean,delta_silk_total,macro,pp,0.5875562933928941,0.2923408862033949,0.9139957214663444,True,10000,40,1190,24918
confirmation,wav2vec2,test-clean,delta_silk_total_S,micro_error_type,pp,0.4294084597479733,0.23792541894880573,0.6464714256660564,True,10000,40,1190,24918
confirmation,wav2vec2,test-clean,delta_silk_total_D,micro_error_type,pp,0.03611846857693234,-0.004213209469533444,0.0805906385092692,False,10000,40,1190,24918
confirmation,wav2vec2,test-clean,delta_silk_total_I,micro_error_type,pp,-0.03210530540171763,-0.07653364059131666,0.012771745874988402,False,10000,40,1190,24918
confirmation,wav2vec2,test-clean,neg_lp_minus_ref,micro,pp,0.00401316317521494,-0.05529807720108285,0.06861122327769967,False,10000,40,1190,24918
confirmation,wav2vec2,test-clean,neg_lp_minus_ref,micro_cer,pp,0.010526315789473675,-0.007743890536688319,0.030991563694629076,False,10000,40,1190,24918
confirmation,wav2vec2,test-clean,neg_lp_minus_ref,macro,pp,0.014273475761475645,-0.09822575935540412,0.13766992161096464,False,10000,40,1190,24918
confirmation,wav2vec2,test-clean,neg_lp_minus_ref_S,micro_error_type,pp,0.016052652700858816,-0.043598143029227,0.07993780989289692,False,10000,40,1190,24918
confirmation,wav2vec2,test-clean,neg_lp_minus_ref_D,micro_error_type,pp,0.0,-0.021806406384028663,0.022236082714852487,False,10000,40,1190,24918
confirmation,wav2vec2,test-clean,neg_lp_minus_ref_I,micro_error_type,pp,-0.012039489525644112,-0.03845307155877458,0.012207205195970908,False,10000,40,1190,24918
confirmation,wav2vec2,test-clean,neg_codec_minus_ref,micro,pp,-0.012039489525644126,-0.06024011462877144,0.04080966372837086,False,10000,40,1190,24918
confirmation,wav2vec2,test-clean,neg_codec_minus_ref,micro_cer,pp,0.0030075187969925282,-0.011779105010987079,0.02067645617025257,False,10000,40,1190,24918
confirmation,wav2vec2,test-clean,neg_codec_minus_ref,macro,pp,-0.021810529431187622,-0.10164951274285734,0.05639172471189313,False,10000,40,1190,24918
confirmation,wav2vec2,test-clean,neg_codec_minus_ref_S,micro_error_type,pp,-0.008026326350429408,-0.06254456304355333,0.059981565290777375,False,10000,40,1190,24918
confirmation,wav2vec2,test-clean,neg_codec_minus_ref_D,micro_error_type,pp,0.008026326350429408,-0.007830723410311892,0.02454655423924333,False,10000,40,1190,24918
confirmation,wav2vec2,test-clean,neg_codec_minus_ref_I,micro_error_type,pp,-0.012039489525644112,-0.03475789724034314,0.004487081917612091,False,10000,40,1190,24918
confirmation,wav2vec2,test-clean,bw_share_of_opus_total,ratio,fraction,0.3044776119402987,0.19230427046263338,0.3895357754315883,True,10000,40,1190,24918
confirmation,wav2vec2,test-clean,bw_share_of_silk_total,ratio,fraction,0.9444444444444444,0.7559032228529573,1.1686746987951804,True,10000,40,1190,24918
confirmation,wav2vec2,test-other,wer_REF,micro,pp,8.130169198335045,6.701046337387475,9.820439364373396,True,10000,33,984,18499
confirmation,wav2vec2,test-other,cer_REF,micro,pp,2.98864817751268,2.397233425124905,3.7110816440513776,True,10000,33,984,18499
confirmation,wav2vec2,test-other,wer_LP,micro,pp,10.876263581815234,8.91550116383944,13.1385059830765,True,10000,33,984,18499
confirmation,wav2vec2,test-other,cer_LP,micro,pp,4.218341436777385,3.348835992109327,5.220443115629514,True,10000,33,984,18499
confirmation,wav2vec2,test-other,wer_OPUS,micro,pp,14.476458186929023,11.954427700824597,17.524661016579277,True,10000,33,984,18499
confirmation,wav2vec2,test-other,cer_OPUS,micro,pp,6.267130120659056,4.984023799306597,7.821072619204287,True,10000,33,984,18499
confirmation,wav2vec2,test-other,wer_SILK,micro,pp,10.63841288718309,8.807563817449589,12.763665199804779,True,10000,33,984,18499
confirmation,wav2vec2,test-other,cer_SILK,micro,pp,4.14168250601195,3.317694183897532,5.11362595549606,True,10000,33,984,18499
confirmation,wav2vec2,test-other,wer_NEG_LP,micro,pp,8.362614195361912,6.894833089842453,10.151644291173348,True,10000,33,984,18499
confirmation,wav2vec2,test-other,cer_NEG_LP,micro,pp,3.098911023134195,2.4912126683454083,3.858886437157827,True,10000,33,984,18499
confirmation,wav2vec2,test-other,wer_NEG_CODEC,micro,pp,8.151791988756148,6.679792251983313,9.889444416150852,True,10000,33,984,18499
confirmation,wav2vec2,test-other,cer_NEG_CODEC,micro,pp,2.9970491562267005,2.4076512289118326,3.7321678160667973,True,10000,33,984,18499
confirmation,wav2vec2,test-other,delta_bw,micro,pp,2.7460943834801883,1.8312312105132467,3.9182472691228027,True,10000,33,984,18499
confirmation,wav2vec2,test-other,delta_bw,micro_cer,pp,1.2296932592647045,0.8210332412746145,1.7481794399232227,True,10000,33,984,18499
confirmation,wav2vec2,test-other,delta_bw,macro,pp,3.4756661883936917,2.432426386975587,4.680823781387809,True,10000,33,984,18499
confirmation,wav2vec2,test-other,delta_bw_S,micro_error_type,pp,2.1676847397156602,1.4509807007787279,3.0958685882188504,True,10000,33,984,18499
confirmation,wav2vec2,test-other,delta_bw_D,micro_error_type,pp,0.5027298772906643,0.3125141472320338,0.7330423357511765,True,10000,33,984,18499
confirmation,wav2vec2,test-other,delta_bw_I,micro_error_type,pp,0.07567976647386344,-0.029710558201752488,0.18985699579022516,False,10000,33,984,18499
confirmation,wav2vec2,test-other,delta_opus_residual,micro,pp,3.6001946051137894,2.777937319373321,4.675821506638377,True,10000,33,984,18499
confirmation,wav2vec2,test-other,delta_opus_residual,micro_cer,pp,2.0487886838816713,1.5540008967945314,2.7186192280612063,True,10000,33,984,18499
confirmation,wav2vec2,test-other,delta_opus_residual,macro,pp,4.256209744766439,3.2719767120744265,5.336971131639938,True,10000,33,984,18499
confirmation,wav2vec2,test-other,delta_opus_residual_S,micro_error_type,pp,3.0434077517703657,2.3867520097050283,3.928592151223311,True,10000,33,984,18499
confirmation,wav2vec2,test-other,delta_opus_residual_D,micro_error_type,pp,0.30812476350072976,0.11779035592522374,0.5109958030260758,True,10000,33,984,18499
confirmation,wav2vec2,test-other,delta_opus_residual_I,micro_error_type,pp,0.2486620898426942,0.1387570698393702,0.3662800526846105,True,10000,33,984,18499
confirmation,wav2vec2,test-other,delta_silk_residual,micro,pp,-0.23785069463214265,-0.497483382293224,-0.0052739610889045285,True,10000,33,984,18499
confirmation,wav2vec2,test-other,delta_silk_residual,micro_cer,pp,-0.07665893076543445,-0.17189226973184965,0.00948032914742451,False,10000,33,984,18499
confirmation,wav2vec2,test-other,delta_silk_residual,macro,pp,-0.27553699960197475,-0.6055296129608098,0.06740183621091374,False,10000,33,984,18499
confirmation,wav2vec2,test-other,delta_silk_residual_S,micro_error_type,pp,-0.20541650900048652,-0.42779496224231756,-0.005260361602931963,True,10000,33,984,18499
confirmation,wav2vec2,test-other,delta_silk_residual_D,micro_error_type,pp,-0.08108546407913941,-0.15462230513322145,-0.005582670499009315,True,10000,33,984,18499
confirmation,wav2vec2,test-other,delta_silk_residual_I,micro_error_type,pp,0.04865127844748365,-0.00599269789813637,0.10794109287519085,False,10000,33,984,18499
confirmation,wav2vec2,test-other,opus_minus_silk,micro,pp,3.838045299745932,2.9066852705172788,5.083565975947739,True,10000,33,984,18499
confirmation,wav2vec2,test-other,opus_minus_silk,micro_cer,pp,2.125447614647106,1.593011912568157,2.8422040354899205,True,10000,33,984,18499
confirmation,wav2vec2,test-other,opus_minus_silk,macro,pp,4.531746744368414,3.3949910283654456,5.803064632765726,True,10000,33,984,18499
confirmation,wav2vec2,test-other,opus_minus_silk_S,micro_error_type,pp,3.2488242607708524,2.505065152143944,4.2633422125665605,True,10000,33,984,18499
confirmation,wav2vec2,test-other,opus_minus_silk_D,micro_error_type,pp,0.3892102275798692,0.1894889950493639,0.6122182816154338,True,10000,33,984,18499
confirmation,wav2vec2,test-other,opus_minus_silk_I,micro_error_type,pp,0.20001081139521057,0.08417442012424657,0.32038984458240627,True,10000,33,984,18499
confirmation,wav2vec2,test-other,delta_opus_total,micro,pp,6.346288988593978,4.761892519245461,8.54168143788996,True,10000,33,984,18499
confirmation,wav2vec2,test-other,delta_opus_total,micro_cer,pp,3.278481943146376,2.421173613919135,4.44448087702518,True,10000,33,984,18499
confirmation,wav2vec2,test-other,delta_opus_total,macro,pp,7.731875933160132,6.016977348956948,9.873497422465947,True,10000,33,984,18499
confirmation,wav2vec2,test-other,delta_opus_total_S,micro_error_type,pp,5.211092491486026,3.9364638497534985,6.9843254721403785,True,10000,33,984,18499
confirmation,wav2vec2,test-other,delta_opus_total_D,micro_error_type,pp,0.8108546407913941,0.5332880849867819,1.150432273652302,True,10000,33,984,18499
confirmation,wav2vec2,test-other,delta_opus_total_I,micro_error_type,pp,0.32434185631655765,0.17457755361318653,0.4975984582221349,True,10000,33,984,18499
confirmation,wav2vec2,test-other,delta_silk_total,micro,pp,2.5082436888480455,1.705165490257677,3.5239305637164406,True,10000,33,984,18499
confirmation,wav2vec2,test-other,delta_silk_total,micro_cer,pp,1.1530343284992701,0.792152511280147,1.6219013521673806,True,10000,33,984,18499
confirmation,wav2vec2,test-other,delta_silk_total,macro,pp,3.200129188791717,2.2039473357036448,4.323477118913704,True,10000,33,984,18499
confirmation,wav2vec2,test-other,delta_silk_total_S,micro_error_type,pp,1.9622682307151738,1.3342954521301436,2.769923798955353,True,10000,33,984,18499
confirmation,wav2vec2,test-other,delta_silk_total_D,micro_error_type,pp,0.4216444132115249,0.24931285266088068,0.6176098991788087,True,10000,33,984,18499
confirmation,wav2vec2,test-other,delta_silk_total_I,micro_error_type,pp,0.1243310449213471,0.015196728240326878,0.24901190395507397,True,10000,33,984,18499
confirmation,wav2vec2,test-other,neg_lp_minus_ref,micro,pp,0.23244499702686633,0.061709190314196,0.4183652082762323,True,10000,33,984,18499
confirmation,wav2vec2,test-other,neg_lp_minus_ref,micro_cer,pp,0.11026284562151503,0.046190201763606394,0.1802037757640439,True,10000,33,984,18499
confirmation,wav2vec2,test-other,neg_lp_minus_ref,macro,pp,0.3161300233235454,0.09613014674524925,0.5630978619932504,True,10000,33,984,18499
confirmation,wav2vec2,test-other,neg_lp_minus_ref_S,micro_error_type,pp,0.14054813773717498,-0.01826731419291822,0.33095251616032284,False,10000,33,984,18499
confirmation,wav2vec2,test-other,neg_lp_minus_ref_D,micro_error_type,pp,0.07027406886858749,0.005589949313764097,0.13473332545789582,True,10000,33,984,18499
confirmation,wav2vec2,test-other,neg_lp_minus_ref_I,micro_error_type,pp,0.021622790421103846,-0.026794530842363797,0.07145228254147075,False,10000,33,984,18499
confirmation,wav2vec2,test-other,neg_codec_minus_ref,micro,pp,0.021622790421103877,-0.10099365811771638,0.14841808621022215,False,10000,33,984,18499
confirmation,wav2vec2,test-other,neg_codec_minus_ref,micro_cer,pp,0.008400978714020318,-0.042028541607227826,0.053570880911225444,False,10000,33,984,18499
confirmation,wav2vec2,test-other,neg_codec_minus_ref,macro,pp,0.031669726099471676,-0.1219205347124065,0.1837901799420973,False,10000,33,984,18499
confirmation,wav2vec2,test-other,neg_codec_minus_ref_S,micro_error_type,pp,0.04324558084220769,-0.08994477447876531,0.19062215810998295,False,10000,33,984,18499
confirmation,wav2vec2,test-other,neg_codec_minus_ref_D,micro_error_type,pp,-0.010811395210551923,-0.0671669749525586,0.03187568752023413,False,10000,33,984,18499
confirmation,wav2vec2,test-other,neg_codec_minus_ref_I,micro_error_type,pp,-0.010811395210551923,-0.047788964145541755,0.0237168097806333,False,10000,33,984,18499
confirmation,wav2vec2,test-other,bw_share_of_opus_total,ratio,fraction,0.4327086882453152,0.36808883192880515,0.4868799621075424,True,10000,33,984,18499
confirmation,wav2vec2,test-other,bw_share_of_silk_total,ratio,fraction,1.0948275862068968,1.0023571319885225,1.186747573953401,True,10000,33,984,18499
pilot,whisper,pooled,wer_REF,micro,pp,2.112919986144787,1.4121455610251454,2.941203513402418,True,10000,69,138,2887
pilot,whisper,pooled,cer_REF,micro,pp,0.8777179333732297,0.572727001355371,1.2307090319686311,True,10000,69,138,2887
pilot,whisper,pooled,wer_LP,micro,pp,2.3207481815032907,1.5744778016860108,3.1262529118325975,True,10000,69,138,2887
pilot,whisper,pooled,cer_LP,micro,pp,1.0173548773189707,0.675314173081297,1.405260825345755,True,10000,69,138,2887
pilot,whisper,pooled,wer_OPUS,micro,pp,2.667128507100797,1.8524567268077168,3.5642494752332627,True,10000,69,138,2887
pilot,whisper,pooled,cer_OPUS,micro,pp,1.2500831172285392,0.836683466861577,1.7269338029490275,True,10000,69,138,2887
pilot,whisper,pooled,wer_SILK,micro,pp,2.390024246622792,1.6336413332111508,3.247935695003704,True,10000,69,138,2887
pilot,whisper,pooled,cer_SILK,micro,pp,1.0639005253008844,0.7183405375949607,1.468788833398877,True,10000,69,138,2887
pilot,whisper,pooled,wer_NEG_LP,micro,pp,2.0782819535850363,1.3836433366575864,2.8863845113333215,True,10000,69,138,2887
pilot,whisper,pooled,cer_NEG_LP,micro,pp,0.8644191768069684,0.5612963590608357,1.2130356911689733,True,10000,69,138,2887
pilot,whisper,pooled,wer_NEG_CODEC,micro,pp,2.182196051264288,1.4902137049762012,3.005671760038083,True,10000,69,138,2887
pilot,whisper,pooled,cer_NEG_CODEC,micro,pp,0.9641598510539264,0.6532557544492531,1.3276842648160825,True,10000,69,138,2887
pilot,whisper,pooled,delta_bw,micro,pp,0.20782819535850386,-0.22771263947518164,0.6656817691768637,False,10000,69,138,2887
pilot,whisper,pooled,delta_bw,micro_cer,pp,0.13963694394574094,-0.08733338832054093,0.3736669361346951,False,10000,69,138,2887
pilot,whisper,pooled,delta_bw,macro,pp,0.2761274582411025,-0.5251372758579336,1.1810660149884262,False,10000,69,138,2887
pilot,whisper,pooled,delta_bw_S,micro_error_type,pp,0.17319016279875304,-0.18809013394558408,0.5511582431371367,False,10000,69,138,2887
pilot,whisper,pooled,delta_bw_D,micro_error_type,pp,0.0,-0.1387022770947879,0.13527911129212591,False,10000,69,138,2887
pilot,whisper,pooled,delta_bw_I,micro_error_type,pp,0.034638032559750606,0.0,0.10783608914450035,False,10000,69,138,2887
pilot,whisper,pooled,delta_opus_residual,micro,pp,0.34638032559750587,0.07269490936102337,0.6393131148529166,True,10000,69,138,2887
pilot,whisper,pooled,delta_opus_residual,micro_cer,pp,0.23272823990956854,0.025109467570498485,0.47671603265941714,True,10000,69,138,2887
pilot,whisper,pooled,delta_opus_residual,macro,pp,0.5239051582884312,-0.0862641093852109,1.1061108896786644,False,10000,69,138,2887
pilot,whisper,pooled,delta_opus_residual_S,micro_error_type,pp,0.20782819535850364,0.0,0.41914442269657476,False,10000,69,138,2887
pilot,whisper,pooled,delta_opus_residual_D,micro_error_type,pp,0.13855213023900242,0.03232062055591467,0.29101491451436884,True,10000,69,138,2887
pilot,whisper,pooled,delta_opus_residual_I,micro_error_type,pp,0.0,-0.1034857460400507,0.10320361958124315,False,10000,69,138,2887
pilot,whisper,pooled,delta_silk_residual,micro,pp,0.06927606511950117,-0.20711438132354199,0.30406594975256895,False,10000,69,138,2887
pilot,whisper,pooled,delta_silk_residual,micro_cer,pp,0.046545647981913706,-0.0875188941174439,0.1775860377871885,False,10000,69,138,2887
pilot,whisper,pooled,delta_silk_residual,macro,pp,0.22259175767459982,-0.11347209445730518,0.6028498355864084,False,10000,69,138,2887
pilot,whisper,pooled,delta_silk_residual_S,micro_error_type,pp,0.10391409767925182,-0.1114847931185021,0.3467436447720941,False,10000,69,138,2887
pilot,whisper,pooled,delta_silk_residual_D,micro_error_type,pp,-0.034638032559750606,-0.15389528275532638,0.07331445510142412,False,10000,69,138,2887
pilot,whisper,pooled,delta_silk_residual_I,micro_error_type,pp,0.0,0.0,0.0,False,10000,69,138,2887
pilot,whisper,pooled,opus_minus_silk,micro,pp,0.2771042604780047,-0.06712771657690882,0.640631301787173,False,10000,69,138,2887
pilot,whisper,pooled,opus_minus_silk,micro_cer,pp,0.18618259192765482,-0.013693213941204827,0.4140980704482673,False,10000,69,138,2887
pilot,whisper,pooled,opus_minus_silk,macro,pp,0.3013134006138314,-0.39717608199570725,0.9321678979111611,False,10000,69,138,2887
pilot,whisper,pooled,opus_minus_silk_S,micro_error_type,pp,0.10391409767925182,-0.20353472877706322,0.3951011054873591,False,10000,69,138,2887
pilot,whisper,pooled,opus_minus_silk_D,micro_error_type,pp,0.17319016279875304,0.03261578604044357,0.381550309394635,True,10000,69,138,2887
pilot,whisper,pooled,opus_minus_silk_I,micro_error_type,pp,0.0,-0.1034857460400507,0.10320361958124315,False,10000,69,138,2887
pilot,whisper,pooled,delta_opus_total,micro,pp,0.5542085209560097,0.03722938938233504,1.0952604331362,True,10000,69,138,2887
pilot,whisper,pooled,delta_opus_total,micro_cer,pp,0.3723651838553095,0.07615724209366038,0.7046446671692231,True,10000,69,138,2887
pilot,whisper,pooled,delta_opus_total,macro,pp,0.8000326165295338,-0.43884743775327123,2.0457976021564246,False,10000,69,138,2887
pilot,whisper,pooled,delta_opus_total_S,micro_error_type,pp,0.38101835815725665,0.0,0.7782170011097617,False,10000,69,138,2887
pilot,whisper,pooled,delta_opus_total_D,micro_error_type,pp,0.13855213023900242,0.0,0.33277870216306155,False,10000,69,138,2887
pilot,whisper,pooled,delta_opus_total_I,micro_error_type,pp,0.034638032559750606,-0.07336824463036878,0.15145921540279736,False,10000,69,138,2887
pilot,whisper,pooled,delta_silk_total,micro,pp,0.277104260478005,-0.13564611304165375,0.744622452556276,False,10000,69,138,2887
pilot,whisper,pooled,delta_silk_total,micro_cer,pp,0.18618259192765466,-0.04321007662598695,0.44769029805416305,False,10000,69,138,2887
pilot,whisper,pooled,delta_silk_total,macro,pp,0.49871921591570234,-0.3564675655164433,1.5959880856989253,False,10000,69,138,2887
pilot,whisper,pooled,delta_silk_total_S,micro_error_type,pp,0.27710426047800485,-0.1000383578132236,0.728157348399392,False,10000,69,138,2887
pilot,whisper,pooled,delta_silk_total_D,micro_error_type,pp,-0.034638032559750606,-0.11420196981161852,0.0,False,10000,69,138,2887
pilot,whisper,pooled,delta_silk_total_I,micro_error_type,pp,0.034638032559750606,0.0,0.10783608914450035,False,10000,69,138,2887
pilot,whisper,pooled,neg_lp_minus_ref,micro,pp,-0.03463803255975041,-0.32121062306664433,0.2512252584729088,False,10000,69,138,2887
pilot,whisper,pooled,neg_lp_minus_ref,micro_cer,pp,-0.013298756566261158,-0.15921424162642717,0.13039670487661692,False,10000,69,138,2887
pilot,whisper,pooled,neg_lp_minus_ref,macro,pp,0.04012061396971892,-0.3169535645159045,0.47029068100839205,False,10000,69,138,2887
pilot,whisper,pooled,neg_lp_minus_ref_S,micro_error_type,pp,0.034638032559750606,-0.19724190283400808,0.2965159377316531,False,10000,69,138,2887
pilot,whisper,pooled,neg_lp_minus_ref_D,micro_error_type,pp,-0.06927606511950121,-0.1834862385321101,0.0,False,10000,69,138,2887
pilot,whisper,pooled,neg_lp_minus_ref_I,micro_error_type,pp,0.0,0.0,0.0,False,10000,69,138,2887
pilot,whisper,pooled,neg_codec_minus_ref,micro,pp,0.06927606511950117,-0.07294079126004253,0.25234546173564165,False,10000,69,138,2887
pilot,whisper,pooled,neg_codec_minus_ref,micro_cer,pp,0.08644191768069684,0.006756642699417785,0.1853497851445294,True,10000,69,138,2887
pilot,whisper,pooled,neg_codec_minus_ref,macro,pp,0.11788364191110184,-0.06587615283267463,0.4197437764371372,False,10000,69,138,2887
pilot,whisper,pooled,neg_codec_minus_ref_S,micro_error_type,pp,0.0,0.0,0.0,False,10000,69,138,2887
pilot,whisper,pooled,neg_codec_minus_ref_D,micro_error_type,pp,0.0,-0.10406188702213703,0.09930486593843098,False,10000,69,138,2887
pilot,whisper,pooled,neg_codec_minus_ref_I,micro_error_type,pp,0.06927606511950121,0.0,0.2260759811517069,False,10000,69,138,2887
pilot,whisper,pooled,bw_share_of_opus_total,ratio,fraction,0.3750000000000004,-1.125446428571425,0.7777777777777779,False,9800,69,138,2887
pilot,whisper,pooled,bw_share_of_silk_total,ratio,fraction,0.7500000000000003,-1.3333333333333304,2.4999999999999982,False,8853,69,138,2887
pilot,whisper,dev-clean,wer_REF,micro,pp,1.2223515715948778,0.5148741418764302,2.2373380179359548,True,10000,36,72,1718
pilot,whisper,dev-clean,cer_REF,micro,pp,0.444592641991775,0.16700677042938392,0.8724808673123485,True,10000,36,72,1718
pilot,whisper,dev-clean,wer_LP,micro,pp,1.2223515715948778,0.6169554867360427,1.9863033134824999,True,10000,36,72,1718
pilot,whisper,dev-clean,cer_LP,micro,pp,0.5668556185395132,0.2495894819206737,0.9888176585255319,True,10000,36,72,1718
pilot,whisper,dev-clean,wer_OPUS,micro,pp,1.3969732246798603,0.7970191497559179,2.100074544447323,True,10000,36,72,1718
pilot,whisper,dev-clean,cer_OPUS,micro,pp,0.678003779037457,0.3489323706651639,1.1033395249153257,True,10000,36,72,1718
pilot,whisper,dev-clean,wer_SILK,micro,pp,1.3387660069848661,0.6806729097130678,2.224784656425807,True,10000,36,72,1718
pilot,whisper,dev-clean,cer_SILK,micro,pp,0.6335445148382794,0.29268210885470075,1.0864144617065177,True,10000,36,72,1718
pilot,whisper,dev-clean,wer_NEG_LP,micro,pp,1.2223515715948778,0.5175035708323288,2.2092708960581415,True,10000,36,72,1718
pilot,whisper,dev-clean,cer_NEG_LP,micro,pp,0.47793709014115815,0.17332975124154926,0.9199247344621783,True,10000,36,72,1718
pilot,whisper,dev-clean,wer_NEG_CODEC,micro,pp,1.1641443538998837,0.49695614731168253,2.1573604060913705,True,10000,36,72,1718
pilot,whisper,dev-clean,cer_NEG_CODEC,micro,pp,0.4557074580415694,0.17266909247742396,0.887254151788459,True,10000,36,72,1718
pilot,whisper,dev-clean,delta_bw,micro,pp,0.0,-0.4947586690178464,0.4350638234238343,False,10000,36,72,1718
pilot,whisper,dev-clean,delta_bw,micro_cer,pp,0.12226297654773814,-0.12123103380838267,0.38967693454782587,False,10000,36,72,1718
pilot,whisper,dev-clean,delta_bw,macro,pp,-0.22405292663913345,-1.327788195999403,0.6891392371995818,False,10000,36,72,1718
pilot,whisper,dev-clean,delta_bw_S,micro_error_type,pp,0.11641443538998836,-0.29378067325637647,0.5025298036385033,False,10000,36,72,1718
pilot,whisper,dev-clean,delta_bw_D,micro_error_type,pp,-0.11641443538998836,-0.3115313352133684,0.0,False,10000,36,72,1718
pilot,whisper,dev-clean,delta_bw_I,micro_error_type,pp,0.0,0.0,0.0,False,10000,36,72,1718
pilot,whisper,dev-clean,delta_opus_residual,micro,pp,0.17462165308498243,-0.07052186177715081,0.49323347186068084,False,10000,36,72,1718
pilot,whisper,dev-clean,delta_opus_residual,micro_cer,pp,0.11114816049794382,-0.10942749038351178,0.40335232733945287,False,10000,36,72,1718
pilot,whisper,dev-clean,delta_opus_residual,macro,pp,-0.00397886427298193,-0.9010536032594836,0.7236957282913155,False,10000,36,72,1718
pilot,whisper,dev-clean,delta_opus_residual_S,micro_error_type,pp,0.05820721769499418,0.0,0.1864541107390332,False,10000,36,72,1718
pilot,whisper,dev-clean,delta_opus_residual_D,micro_error_type,pp,0.17462165308498254,0.0,0.39473684210526316,False,10000,36,72,1718
pilot,whisper,dev-clean,delta_opus_residual_I,micro_error_type,pp,-0.05820721769499418,-0.1977587343441002,0.0,False,10000,36,72,1718
pilot,whisper,dev-clean,delta_silk_residual,micro,pp,0.11641443538998822,0.0,0.31152647975077885,False,10000,36,72,1718
pilot,whisper,dev-clean,delta_silk_residual,micro_cer,pp,0.06668889629876627,0.0,0.20545283965234096,False,10000,36,72,1718
pilot,whisper,dev-clean,delta_silk_residual,macro,pp,0.12926887926887917,0.0,0.32467532467532445,False,10000,36,72,1718
pilot,whisper,dev-clean,delta_silk_residual_S,micro_error_type,pp,0.05820721769499418,0.0,0.1977587343441002,False,10000,36,72,1718
pilot,whisper,dev-clean,delta_silk_residual_D,micro_error_type,pp,0.05820721769499418,0.0,0.19789244755610122,False,10000,36,72,1718
pilot,whisper,dev-clean,delta_silk_residual_I,micro_error_type,pp,0.0,0.0,0.0,False,10000,36,72,1718
pilot,whisper,dev-clean,opus_minus_silk,micro,pp,0.0582072176949942,-0.2925730359866417,0.39894778842374723,False,10000,36,72,1718
pilot,whisper,dev-clean,opus_minus_silk,micro_cer,pp,0.04445926419917755,-0.1844339883717669,0.3219981991812955,False,10000,36,72,1718
pilot,whisper,dev-clean,opus_minus_silk,macro,pp,-0.13324774354186114,-1.1583800186741362,0.6419234360410833,False,10000,36,72,1718
pilot,whisper,dev-clean,opus_minus_silk_S,micro_error_type,pp,0.0,-0.17605892253107605,0.16411603123102403,False,10000,36,72,1718
pilot,whisper,dev-clean,opus_minus_silk_D,micro_error_type,pp,0.11641443538998836,0.0,0.2985074626865672,False,10000,36,72,1718
pilot,whisper,dev-clean,opus_minus_silk_I,micro_error_type,pp,-0.05820721769499418,-0.1977587343441002,0.0,False,10000,36,72,1718
pilot,whisper,dev-clean,delta_opus_total,micro,pp,0.17462165308498243,-0.38195282795691027,0.6575211682142863,False,10000,36,72,1718
pilot,whisper,dev-clean,delta_opus_total,micro_cer,pp,0.23341113704568195,-0.08037056607880746,0.5726447610542252,False,10000,36,72,1718
pilot,whisper,dev-clean,delta_opus_total,macro,pp,-0.22803179091211534,-2.0790087194752513,1.015599690764498,False,10000,36,72,1718
pilot,whisper,dev-clean,delta_opus_total_S,micro_error_type,pp,0.17462165308498254,-0.24876008879064537,0.5672149744753261,False,10000,36,72,1718
pilot,whisper,dev-clean,delta_opus_total_D,micro_error_type,pp,0.05820721769499418,0.0,0.1864541107390332,False,10000,36,72,1718
pilot,whisper,dev-clean,delta_opus_total_I,micro_error_type,pp,-0.05820721769499418,-0.1977587343441002,0.0,False,10000,36,72,1718
pilot,whisper,dev-clean,delta_silk_total,micro,pp,0.11641443538998822,-0.2953337271116361,0.4978297780336804,False,10000,36,72,1718
pilot,whisper,dev-clean,delta_silk_total,micro_cer,pp,0.18895187284650442,0.0,0.44058744513802583,False,10000,36,72,1718
pilot,whisper,dev-clean,delta_silk_total,macro,pp,-0.09478404737025428,-1.0632499564611633,0.7549634273772204,False,10000,36,72,1718
pilot,whisper,dev-clean,delta_silk_total_S,micro_error_type,pp,0.17462165308498254,-0.13282208507320067,0.5249429999844897,False,10000,36,72,1718
pilot,whisper,dev-clean,delta_silk_total_D,micro_error_type,pp,-0.05820721769499418,-0.19776199553694887,0.0,False,10000,36,72,1718
pilot,whisper,dev-clean,delta_silk_total_I,micro_error_type,pp,0.0,0.0,0.0,False,10000,36,72,1718
pilot,whisper,dev-clean,neg_lp_minus_ref,micro,pp,0.0,-0.38610660149616993,0.36477807404251755,False,10000,36,72,1718
pilot,whisper,dev-clean,neg_lp_minus_ref,micro_cer,pp,0.03334444814938314,-0.15446997622839548,0.24822242321497234,False,10000,36,72,1718
pilot,whisper,dev-clean,neg_lp_minus_ref,macro,pp,0.11363636363636376,-0.4166666666666664,0.8207070707070709,False,10000,36,72,1718
pilot,whisper,dev-clean,neg_lp_minus_ref_S,micro_error_type,pp,0.11641443538998836,-0.12437810945273632,0.4322788820793424,False,10000,36,72,1718
pilot,whisper,dev-clean,neg_lp_minus_ref_D,micro_error_type,pp,-0.11641443538998836,-0.3115313352133684,0.0,False,10000,36,72,1718
pilot,whisper,dev-clean,neg_lp_minus_ref_I,micro_error_type,pp,0.0,0.0,0.0,False,10000,36,72,1718
pilot,whisper,dev-clean,neg_codec_minus_ref,micro,pp,-0.0582072176949942,-0.19776199553694873,0.0,False,10000,36,72,1718
pilot,whisper,dev-clean,neg_codec_minus_ref,micro_cer,pp,0.011114816049794408,0.0,0.037689152956130866,False,10000,36,72,1718
pilot,whisper,dev-clean,neg_codec_minus_ref,macro,pp,-0.06313131313131319,-0.18939393939393956,0.0,False,10000,36,72,1718
pilot,whisper,dev-clean,neg_codec_minus_ref_S,micro_error_type,pp,0.0,0.0,0.0,False,10000,36,72,1718
pilot,whisper,dev-clean,neg_codec_minus_ref_D,micro_error_type,pp,-0.05820721769499418,-0.19776199553694887,0.0,False,10000,36,72,1718
pilot,whisper,dev-clean,neg_codec_minus_ref_I,micro_error_type,pp,0.0,0.0,0.0,False,10000,36,72,1718
pilot,whisper,dev-clean,bw_share_of_opus_total,ratio,fraction,0.0,-3.0,1.1949999999999812,False,7207,36,72,1718
pilot,whisper,dev-clean,bw_share_of_silk_total,ratio,fraction,0.0,-2.0000000000000058,1.0,False,6713,36,72,1718
pilot,whisper,dev-other,wer_REF,micro,pp,3.4217279726261762,2.158273381294964,4.909030295453597,True,10000,33,66,1169
pilot,whisper,dev-other,cer_REF,micro,pp,1.5226746110559417,0.9530348761474372,2.176813877130303,True,10000,33,66,1169
pilot,whisper,dev-other,wer_LP,micro,pp,3.9349871685201028,2.431817014603431,5.703391941220876,True,10000,33,66,1169
pilot,whisper,dev-other,cer_LP,micro,pp,1.6881827209533267,1.0438912433075858,2.4566101252966632,True,10000,33,66,1169
pilot,whisper,dev-other,wer_OPUS,micro,pp,4.533789563729684,2.7868787198496396,6.589819764946207,True,10000,33,66,1169
pilot,whisper,dev-other,cer_OPUS,micro,pp,2.1019529956967893,1.2552993282016884,3.152805649218765,True,10000,33,66,1169
pilot,whisper,dev-other,wer_SILK,micro,pp,3.9349871685201028,2.4326464379761408,5.714285714285714,True,10000,33,66,1169
pilot,whisper,dev-other,cer_SILK,micro,pp,1.7047335319430652,1.058513093897942,2.490065373130955,True,10000,33,66,1169
pilot,whisper,dev-other,wer_NEG_LP,micro,pp,3.3361847733105217,2.070750647109577,4.818183739337585,True,10000,33,66,1169
pilot,whisper,dev-other,cer_NEG_LP,micro,pp,1.4399205561072492,0.9027406153354064,2.058573848250178,True,10000,33,66,1169
pilot,whisper,dev-other,wer_NEG_CODEC,micro,pp,3.6783575705731395,2.3848620951417008,5.202936194138622,True,10000,33,66,1169
pilot,whisper,dev-other,cer_NEG_CODEC,micro,pp,1.7212843429328037,1.1309039691925364,2.398367919147625,True,10000,33,66,1169
pilot,whisper,dev-other,delta_bw,micro,pp,0.5132591958939268,-0.2888208488106136,1.4987822647793505,False,10000,33,66,1169
pilot,whisper,dev-other,delta_bw,micro_cer,pp,0.1655081098973851,-0.2507335168438977,0.6021091091233677,False,10000,33,66,1169
pilot,whisper,dev-other,delta_bw,macro,pp,0.8217787872013599,-0.28833986256718047,2.4268567856044547,False,10000,33,66,1169
pilot,whisper,dev-other,delta_bw_S,micro_error_type,pp,0.2566295979469632,-0.3955774502139771,1.0338439326239224,False,10000,33,66,1169
pilot,whisper,dev-other,delta_bw_D,micro_error_type,pp,0.1710863986313088,0.0,0.4576921462011627,False,10000,33,66,1169
pilot,whisper,dev-other,delta_bw_I,micro_error_type,pp,0.0855431993156544,0.0,0.2654867256637168,False,10000,33,66,1169
pilot,whisper,dev-other,delta_opus_residual,micro,pp,0.5988023952095807,0.08244023083264634,1.1676396997497909,True,10000,33,66,1169
pilot,whisper,dev-other,delta_opus_residual,micro_cer,pp,0.41377027474346245,0.03158834694981795,0.8729444660381125,True,10000,33,66,1169
pilot,whisper,dev-other,delta_opus_residual,macro,pp,1.0997786374463363,0.306620172435446,2.032004972820247,True,10000,33,66,1169
pilot,whisper,dev-other,delta_opus_residual_S,micro_error_type,pp,0.42771599657827203,0.0,0.9302423956242867,False,10000,33,66,1169
pilot,whisper,dev-other,delta_opus_residual_D,micro_error_type,pp,0.0855431993156544,0.0,0.2976338398182332,False,10000,33,66,1169
pilot,whisper,dev-other,delta_opus_residual_I,micro_error_type,pp,0.0855431993156544,0.0,0.29881222865268725,False,10000,33,66,1169
pilot,whisper,dev-other,delta_silk_residual,micro,pp,0.0,-0.6711570418271521,0.5007287532135059,False,10000,33,66,1169
pilot,whisper,dev-other,delta_silk_residual,micro_cer,pp,0.016550810989738457,-0.2958127069037825,0.27487141772776513,False,10000,33,66,1169
pilot,whisper,dev-other,delta_silk_residual,macro,pp,0.3243985341172042,-0.3952569169960473,1.082251082251082,False,10000,33,66,1169
pilot,whisper,dev-other,delta_silk_residual_S,micro_error_type,pp,0.1710863986313088,-0.3669893416082028,0.7319472232555487,False,10000,33,66,1169
pilot,whisper,dev-other,delta_silk_residual_D,micro_error_type,pp,-0.1710863986313088,-0.45769214620116283,0.0,False,10000,33,66,1169
pilot,whisper,dev-other,delta_silk_residual_I,micro_error_type,pp,0.0,0.0,0.0,False,10000,33,66,1169
pilot,whisper,dev-other,opus_minus_silk,micro,pp,0.5988023952095807,0.0,1.3805082694584343,False,10000,33,66,1169
pilot,whisper,dev-other,opus_minus_silk,micro_cer,pp,0.397219463753724,0.032338988091759446,0.8270191399064383,True,10000,33,66,1169
pilot,whisper,dev-other,opus_minus_silk,macro,pp,0.7753801033291322,-0.1482353172105039,1.7722582341721305,False,10000,33,66,1169
pilot,whisper,dev-other,opus_minus_silk_S,micro_error_type,pp,0.2566295979469632,-0.44603198816776046,0.9409863775139498,False,10000,33,66,1169
pilot,whisper,dev-other,opus_minus_silk_D,micro_error_type,pp,0.2566295979469632,0.0,0.7187780772686434,False,10000,33,66,1169
pilot,whisper,dev-other,opus_minus_silk_I,micro_error_type,pp,0.0855431993156544,0.0,0.29881222865268725,False,10000,33,66,1169
pilot,whisper,dev-other,delta_opus_total,micro,pp,1.1120615911035074,0.15733792874847466,2.290124936818776,True,10000,33,66,1169
pilot,whisper,dev-other,delta_opus_total,micro_cer,pp,0.5792783846408476,0.0173968837315571,1.2534471206900424,True,10000,33,66,1169
pilot,whisper,dev-other,delta_opus_total,macro,pp,1.9215574246476967,0.3798584751573044,4.105404475153695,True,10000,33,66,1169
pilot,whisper,dev-other,delta_opus_total_S,micro_error_type,pp,0.6843455945252352,0.0,1.503776033002861,False,10000,33,66,1169
pilot,whisper,dev-other,delta_opus_total_D,micro_error_type,pp,0.2566295979469632,0.0,0.7187780772686434,False,10000,33,66,1169
pilot,whisper,dev-other,delta_opus_total_I,micro_error_type,pp,0.1710863986313088,0.0,0.4374644887180511,False,10000,33,66,1169
pilot,whisper,dev-other,delta_silk_total,micro,pp,0.5132591958939268,-0.29851489564131556,1.5590353691179173,False,10000,33,66,1169
pilot,whisper,dev-other,delta_silk_total,micro_cer,pp,0.18205892088712355,-0.28778476737994424,0.7417771379375911,False,10000,33,66,1169
pilot,whisper,dev-other,delta_silk_total,macro,pp,1.146177321318564,-0.21383414229874811,3.2284939236999723,False,10000,33,66,1169
pilot,whisper,dev-other,delta_silk_total_S,micro_error_type,pp,0.42771599657827203,-0.33815209387728445,1.44320784619339,False,10000,33,66,1169
pilot,whisper,dev-other,delta_silk_total_D,micro_error_type,pp,0.0,0.0,0.0,False,10000,33,66,1169
pilot,whisper,dev-other,delta_silk_total_I,micro_error_type,pp,0.0855431993156544,0.0,0.2654867256637168,False,10000,33,66,1169
pilot,whisper,dev-other,neg_lp_minus_ref,micro,pp,-0.08554319931565468,-0.5065398488176475,0.4158133987442895,False,10000,33,66,1169
pilot,whisper,dev-other,neg_lp_minus_ref,micro_cer,pp,-0.08275405494869245,-0.307154902283442,0.10543566035469147,False,10000,33,66,1169
pilot,whisper,dev-other,neg_lp_minus_ref,macro,pp,-0.040078385666620905,-0.48419717537364576,0.5113636363636362,False,10000,33,66,1169
pilot,whisper,dev-other,neg_lp_minus_ref_S,micro_error_type,pp,-0.0855431993156544,-0.5065398488176479,0.4158133987442895,False,10000,33,66,1169
pilot,whisper,dev-other,neg_lp_minus_ref_D,micro_error_type,pp,0.0,0.0,0.0,False,10000,33,66,1169
pilot,whisper,dev-other,neg_lp_minus_ref_I,micro_error_type,pp,0.0,0.0,0.0,False,10000,33,66,1169
pilot,whisper,dev-other,neg_codec_minus_ref,micro,pp,0.2566295979469634,0.0,0.690850549079582,False,10000,33,66,1169
pilot,whisper,dev-other,neg_codec_minus_ref,micro_cer,pp,0.198609731876862,0.0,0.4494382022471911,False,10000,33,66,1169
pilot,whisper,dev-other,neg_codec_minus_ref,macro,pp,0.3153545019573728,0.0,0.9061910975786572,False,10000,33,66,1169
pilot,whisper,dev-other,neg_codec_minus_ref_S,micro_error_type,pp,0.0,0.0,0.0,False,10000,33,66,1169
pilot,whisper,dev-other,neg_codec_minus_ref_D,micro_error_type,pp,0.0855431993156544,0.0,0.27297543221110104,False,10000,33,66,1169
pilot,whisper,dev-other,neg_codec_minus_ref_I,micro_error_type,pp,0.1710863986313088,0.0,0.5847953216374269,False,10000,33,66,1169
pilot,whisper,dev-other,bw_share_of_opus_total,ratio,fraction,0.46153846153846173,-0.7500000000000022,0.8749999999999998,False,9872,33,66,1169
pilot,whisper,dev-other,bw_share_of_silk_total,ratio,fraction,1.0,-0.4999999999999978,3.999999999999996,False,8499,33,66,1169
pilot,wav2vec2,pooled,wer_REF,micro,pp,5.16106685140284,3.9002031142123768,6.620097450338484,True,10000,69,138,2887
pilot,wav2vec2,pooled,cer_REF,micro,pp,1.7354877318970678,1.290884397764901,2.236427488024932,True,10000,69,138,2887
pilot,wav2vec2,pooled,wer_LP,micro,pp,7.204710772428126,5.371206713068539,9.383403175293255,True,10000,69,138,2887
pilot,wav2vec2,pooled,cer_LP,micro,pp,2.480218099607687,1.7862524613522255,3.308823470440607,True,10000,69,138,2887
pilot,wav2vec2,pooled,wer_OPUS,micro,pp,8.694146172497403,6.755399698836302,10.963236049591304,True,10000,69,138,2887
pilot,wav2vec2,pooled,cer_OPUS,micro,pp,3.2980916284327413,2.4716719355735233,4.269947338791688,True,10000,69,138,2887
pilot,wav2vec2,pooled,wer_SILK,micro,pp,6.789054381711118,4.991986074785463,8.886184936792608,True,10000,69,138,2887
pilot,wav2vec2,pooled,cer_SILK,micro,pp,2.4868674778908173,1.7808686344985787,3.2927402738554097,True,10000,69,138,2887
pilot,wav2vec2,pooled,wer_NEG_LP,micro,pp,5.16106685140284,3.851346940935714,6.685547578888463,True,10000,69,138,2887
pilot,wav2vec2,pooled,cer_NEG_LP,micro,pp,1.7155395970476761,1.2605345866949906,2.2283623043572125,True,10000,69,138,2887
pilot,wav2vec2,pooled,wer_NEG_CODEC,micro,pp,5.230342916522342,3.897348272398122,6.754826119333149,True,10000,69,138,2887
pilot,wav2vec2,pooled,cer_NEG_CODEC,micro,pp,1.7421371101801981,1.2795611747702507,2.25944257525131,True,10000,69,138,2887
pilot,wav2vec2,pooled,delta_bw,micro,pp,2.0436439210252857,1.1235862258400984,3.16850895182524,True,10000,69,138,2887
pilot,wav2vec2,pooled,delta_bw,micro_cer,pp,0.744730367710619,0.4036707561374278,1.17659000909603,True,10000,69,138,2887
pilot,wav2vec2,pooled,delta_bw,macro,pp,2.4369891569361335,1.3886731598015996,3.5927768231855897,True,10000,69,138,2887
pilot,wav2vec2,pooled,delta_bw_S,micro_error_type,pp,1.662625562868029,0.8818689514031012,2.6387936943111723,True,10000,69,138,2887
pilot,wav2vec2,pooled,delta_bw_D,micro_error_type,pp,0.31174229303775547,0.10023387905111927,0.5510676077320505,True,10000,69,138,2887
pilot,wav2vec2,pooled,delta_bw_I,micro_error_type,pp,0.06927606511950121,-0.06729588391768741,0.20805160656495597,False,10000,69,138,2887
pilot,wav2vec2,pooled,delta_opus_residual,micro,pp,1.4894354000692764,0.73574043185441,2.250604880949966,True,10000,69,138,2887
pilot,wav2vec2,pooled,delta_opus_residual,micro_cer,pp,0.8178735288250548,0.5171081582278225,1.1443061845068772,True,10000,69,138,2887
pilot,wav2vec2,pooled,delta_opus_residual,macro,pp,1.7345425942479078,0.5000063892848186,2.949820499244641,True,10000,69,138,2887
pilot,wav2vec2,pooled,delta_opus_residual_S,micro_error_type,pp,1.3855213023900244,0.6462960907618455,2.1162391748304574,True,10000,69,138,2887
pilot,wav2vec2,pooled,delta_opus_residual_D,micro_error_type,pp,0.034638032559750606,-0.20891364902506965,0.2806131531933099,False,10000,69,138,2887
pilot,wav2vec2,pooled,delta_opus_residual_I,micro_error_type,pp,0.06927606511950121,-0.1105379513633014,0.2580657055856884,False,10000,69,138,2887
pilot,wav2vec2,pooled,delta_silk_residual,micro,pp,-0.4156563907170077,-0.8400561476505758,0.03477233187789829,False,10000,69,138,2887
pilot,wav2vec2,pooled,delta_silk_residual,micro_cer,pp,0.0066493782831304055,-0.13255465295032673,0.15692377420295545,False,10000,69,138,2887
pilot,wav2vec2,pooled,delta_silk_residual,macro,pp,-0.11661814977986147,-0.661606005306007,0.5019210703007424,False,10000,69,138,2887
pilot,wav2vec2,pooled,delta_silk_residual_S,micro_error_type,pp,-0.48493245583650846,-0.8768881978600648,-0.10423724519342138,True,10000,69,138,2887
pilot,wav2vec2,pooled,delta_silk_residual_D,micro_error_type,pp,0.034638032559750606,-0.07032410643656563,0.16474634279783515,False,10000,69,138,2887
pilot,wav2vec2,pooled,delta_silk_residual_I,micro_error_type,pp,0.034638032559750606,-0.07382798080472498,0.15630220531127548,False,10000,69,138,2887
pilot,wav2vec2,pooled,opus_minus_silk,micro,pp,1.905091790786284,1.0936906916016638,2.705702036302663,True,10000,69,138,2887
pilot,wav2vec2,pooled,opus_minus_silk,micro_cer,pp,0.8112241505419244,0.47093861097187756,1.1690713563334636,True,10000,69,138,2887
pilot,wav2vec2,pooled,opus_minus_silk,macro,pp,1.8511607440277695,0.6179328721329433,3.021107233421013,True,10000,69,138,2887
pilot,wav2vec2,pooled,opus_minus_silk_S,micro_error_type,pp,1.8704537582265326,1.1417000352405593,2.6238016587693043,True,10000,69,138,2887
pilot,wav2vec2,pooled,opus_minus_silk_D,micro_error_type,pp,0.0,-0.2372087311416642,0.23801428085685142,False,10000,69,138,2887
pilot,wav2vec2,pooled,opus_minus_silk_I,micro_error_type,pp,0.034638032559750606,-0.14765732475532892,0.21104652760227163,False,10000,69,138,2887
pilot,wav2vec2,pooled,delta_opus_total,micro,pp,3.5330793210945624,2.3424612339162003,4.94839832504482,True,10000,69,138,2887
pilot,wav2vec2,pooled,delta_opus_total,micro_cer,pp,1.5626038965356737,1.0681816149284167,2.152854015147216,True,10000,69,138,2887
pilot,wav2vec2,pooled,delta_opus_total,macro,pp,4.171531751184042,2.6939732223087165,5.69631616037964,True,10000,69,138,2887
pilot,wav2vec2,pooled,delta_opus_total_S,micro_error_type,pp,3.0481468652580532,1.947815926506075,4.351226598445185,True,10000,69,138,2887
pilot,wav2vec2,pooled,delta_opus_total_D,micro_error_type,pp,0.3463803255975061,0.10266589565195426,0.6020076957307017,True,10000,69,138,2887
pilot,wav2vec2,pooled,delta_opus_total_I,micro_error_type,pp,0.13855213023900242,0.0,0.3031473649967469,False,10000,69,138,2887
pilot,wav2vec2,pooled,delta_silk_total,micro,pp,1.627987530308278,0.756835196924888,2.6741792547010785,True,10000,69,138,2887
pilot,wav2vec2,pooled,delta_silk_total,micro_cer,pp,0.7513797459937493,0.4116472165435625,1.1496773974191197,True,10000,69,138,2887
pilot,wav2vec2,pooled,delta_silk_total,macro,pp,2.320371007156272,1.19747398774706,3.541330275865027,True,10000,69,138,2887
pilot,wav2vec2,pooled,delta_silk_total_S,micro_error_type,pp,1.1776931070315206,0.47843465794952367,2.0325820046847367,True,10000,69,138,2887
pilot,wav2vec2,pooled,delta_silk_total_D,micro_error_type,pp,0.3463803255975061,0.12569823874146357,0.5998588567395907,True,10000,69,138,2887
pilot,wav2vec2,pooled,delta_silk_total_I,micro_error_type,pp,0.10391409767925182,-0.03566365617030459,0.25991114354694733,False,10000,69,138,2887
pilot,wav2vec2,pooled,neg_lp_minus_ref,micro,pp,0.0,-0.26395578039733525,0.24280895912822284,False,10000,69,138,2887
pilot,wav2vec2,pooled,neg_lp_minus_ref,micro_cer,pp,-0.019948134849391563,-0.10502995315480063,0.05686539034324374,False,10000,69,138,2887
pilot,wav2vec2,pooled,neg_lp_minus_ref,macro,pp,-0.07807980528187884,-0.4461951183484261,0.25630400936465025,False,10000,69,138,2887
pilot,wav2vec2,pooled,neg_lp_minus_ref_S,micro_error_type,pp,0.0,-0.24528055799954881,0.2243841459071874,False,10000,69,138,2887
pilot,wav2vec2,pooled,neg_lp_minus_ref_D,micro_error_type,pp,0.0,-0.10593313885612676,0.0997357014694016,False,10000,69,138,2887
pilot,wav2vec2,pooled,neg_lp_minus_ref_I,micro_error_type,pp,0.0,-0.10225560206329473,0.09778516700388071,False,10000,69,138,2887
pilot,wav2vec2,pooled,neg_codec_minus_ref,micro,pp,0.06927606511950152,-0.19350282415300404,0.3458911031971681,False,10000,69,138,2887
pilot,wav2vec2,pooled,neg_codec_minus_ref,micro_cer,pp,0.0066493782831304055,-0.05865973504899759,0.07119305787428112,False,10000,69,138,2887
pilot,wav2vec2,pooled,neg_codec_minus_ref,macro,pp,0.09076546067817055,-0.23972372805997785,0.4357853320022727,False,10000,69,138,2887
pilot,wav2vec2,pooled,neg_codec_minus_ref_S,micro_error_type,pp,0.034638032559750606,-0.20732908550241302,0.2823911504705043,False,10000,69,138,2887
pilot,wav2vec2,pooled,neg_codec_minus_ref_D,micro_error_type,pp,0.034638032559750606,0.0,0.1101776705506765,False,10000,69,138,2887
pilot,wav2vec2,pooled,neg_codec_minus_ref_I,micro_error_type,pp,0.0,0.0,0.0,False,10000,69,138,2887
pilot,wav2vec2,pooled,bw_share_of_opus_total,ratio,fraction,0.5784313725490196,0.40403554778554795,0.7558139534883718,True,10000,69,138,2887
pilot,wav2vec2,pooled,bw_share_of_silk_total,ratio,fraction,1.2553191489361706,0.9811320754716982,1.7567772317772319,True,10000,69,138,2887
pilot,wav2vec2,dev-clean,wer_REF,micro,pp,3.026775320139697,2.020186565780201,4.123726745583277,True,10000,36,72,1718
pilot,wav2vec2,dev-clean,cer_REF,micro,pp,0.88918528398355,0.5747695557575869,1.2160420327815398,True,10000,36,72,1718
pilot,wav2vec2,dev-clean,wer_LP,micro,pp,4.016298020954599,2.7480784944310206,5.537677513401673,True,10000,36,72,1718
pilot,wav2vec2,dev-clean,cer_LP,micro,pp,1.211514949427587,0.7963270680705103,1.6955426859227152,True,10000,36,72,1718
pilot,wav2vec2,dev-clean,wer_OPUS,micro,pp,4.016298020954599,2.8788854260379897,5.263157894736842,True,10000,36,72,1718
pilot,wav2vec2,dev-clean,cer_OPUS,micro,pp,1.2559742136267644,0.8855534300269855,1.6428288154391653,True,10000,36,72,1718
pilot,wav2vec2,dev-clean,wer_SILK,micro,pp,3.608847497089639,2.4546169287493926,5.011936777235885,True,10000,36,72,1718
pilot,wav2vec2,dev-clean,cer_SILK,micro,pp,1.1448260531288208,0.7292913653676019,1.6228760490363257,True,10000,36,72,1718
pilot,wav2vec2,dev-clean,wer_NEG_LP,micro,pp,3.026775320139697,2.0231051503539654,4.136702885922073,True,10000,36,72,1718
pilot,wav2vec2,dev-clean,cer_NEG_LP,micro,pp,0.8780704679337556,0.5673572197017019,1.2016410988593553,True,10000,36,72,1718
pilot,wav2vec2,dev-clean,wer_NEG_CODEC,micro,pp,2.9685681024447033,2.002163076649378,4.029104173200424,True,10000,36,72,1718
pilot,wav2vec2,dev-clean,cer_NEG_CODEC,micro,pp,0.8669556518839614,0.5619834372596194,1.183872840527916,True,10000,36,72,1718
pilot,wav2vec2,dev-clean,delta_bw,micro,pp,0.9895227008149012,0.3366909000317079,1.8496666519440899,True,10000,36,72,1718
pilot,wav2vec2,dev-clean,delta_bw,micro_cer,pp,0.32232966544403685,0.10637733206848267,0.6259869123295453,True,10000,36,72,1718
pilot,wav2vec2,dev-clean,delta_bw,macro,pp,1.8190214403449694,0.6213601713601713,3.261112805873833,True,10000,36,72,1718
pilot,wav2vec2,dev-clean,delta_bw_S,micro_error_type,pp,0.6984866123399301,0.15350973145710128,1.374383408805896,True,10000,36,72,1718
pilot,wav2vec2,dev-clean,delta_bw_D,micro_error_type,pp,0.23282887077997672,0.0,0.5390835579514826,False,10000,36,72,1718
pilot,wav2vec2,dev-clean,delta_bw_I,micro_error_type,pp,0.05820721769499418,0.0,0.20053811278235828,False,10000,36,72,1718
pilot,wav2vec2,dev-clean,delta_opus_residual,micro,pp,0.0,-0.9369144284821989,0.8281602079767881,False,10000,36,72,1718
pilot,wav2vec2,dev-clean,delta_opus_residual,micro_cer,pp,0.04445926419917763,-0.2511950964763956,0.29853725040094337,False,10000,36,72,1718
pilot,wav2vec2,dev-clean,delta_opus_residual,macro,pp,-0.7171599440199716,-2.313969848744503,0.6367668027345349,False,10000,36,72,1718
pilot,wav2vec2,dev-clean,delta_opus_residual_S,micro_error_type,pp,0.11641443538998836,-0.7624745294838433,0.9243848618584123,False,10000,36,72,1718
pilot,wav2vec2,dev-clean,delta_opus_residual_D,micro_error_type,pp,-0.05820721769499418,-0.2677376171352075,0.12399256044637322,False,10000,36,72,1718
pilot,wav2vec2,dev-clean,delta_opus_residual_I,micro_error_type,pp,-0.05820721769499418,-0.2726839407498108,0.12262603769752453,False,10000,36,72,1718
pilot,wav2vec2,dev-clean,delta_silk_residual,micro,pp,-0.4074505238649592,-0.8348303150944306,-0.05646368149126941,True,10000,36,72,1718
pilot,wav2vec2,dev-clean,delta_silk_residual,micro_cer,pp,-0.06668889629876609,-0.150328379035489,0.0,False,10000,36,72,1718
pilot,wav2vec2,dev-clean,delta_silk_residual,macro,pp,-0.41272366129392246,-0.8649859968538477,0.004592886537331107,False,10000,36,72,1718
pilot,wav2vec2,dev-clean,delta_silk_residual_S,micro_error_type,pp,-0.3492433061699651,-0.7304116865869853,-0.05143834769540987,True,10000,36,72,1718
pilot,wav2vec2,dev-clean,delta_silk_residual_D,micro_error_type,pp,0.0,0.0,0.0,False,10000,36,72,1718
pilot,wav2vec2,dev-clean,delta_silk_residual_I,micro_error_type,pp,-0.05820721769499418,-0.18773760719998303,0.0,False,10000,36,72,1718
pilot,wav2vec2,dev-clean,opus_minus_silk,micro,pp,0.4074505238649592,-0.5840475463094816,1.3001879720884308,False,10000,36,72,1718
pilot,wav2vec2,dev-clean,opus_minus_silk,micro_cer,pp,0.11114816049794374,-0.21058544550604275,0.38796920180141237,False,10000,36,72,1718
pilot,wav2vec2,dev-clean,opus_minus_silk,macro,pp,-0.3044362827260492,-2.0136875161706014,1.1193221692833386,False,10000,36,72,1718
pilot,wav2vec2,dev-clean,opus_minus_silk_S,micro_error_type,pp,0.46565774155995343,-0.42767058306154154,1.3237167696493184,False,10000,36,72,1718
pilot,wav2vec2,dev-clean,opus_minus_silk_D,micro_error_type,pp,-0.05820721769499418,-0.2677376171352075,0.12399256044637322,False,10000,36,72,1718
pilot,wav2vec2,dev-clean,opus_minus_silk_I,micro_error_type,pp,0.0,-0.18315298019024345,0.16287309169939043,False,10000,36,72,1718
pilot,wav2vec2,dev-clean,delta_opus_total,micro,pp,0.9895227008149012,0.2686619462516115,1.7890467323173465,True,10000,36,72,1718
pilot,wav2vec2,dev-clean,delta_opus_total,micro_cer,pp,0.3667889296432145,0.16655592887483028,0.598433476938467,True,10000,36,72,1718
pilot,wav2vec2,dev-clean,delta_opus_total,macro,pp,1.101861496324998,0.2518194999687443,2.0661031263222496,True,10000,36,72,1718
pilot,wav2vec2,dev-clean,delta_opus_total_S,micro_error_type,pp,0.8149010477299184,0.0,1.6736582855817637,False,10000,36,72,1718
pilot,wav2vec2,dev-clean,delta_opus_total_D,micro_error_type,pp,0.17462165308498254,0.0,0.37155482679421303,False,10000,36,72,1718
pilot,wav2vec2,dev-clean,delta_opus_total_I,micro_error_type,pp,0.0,-0.1676937924152445,0.16759776536312848,False,10000,36,72,1718
pilot,wav2vec2,dev-clean,delta_silk_total,micro,pp,0.582072176949942,-0.052662073220039574,1.411927403177993,False,10000,36,72,1718
pilot,wav2vec2,dev-clean,delta_silk_total,micro_cer,pp,0.2556407691452708,0.04876061851051664,0.5524909588831953,True,10000,36,72,1718
pilot,wav2vec2,dev-clean,delta_silk_total,macro,pp,1.4062977790510471,0.20556510192948105,2.926691726370035,True,10000,36,72,1718
pilot,wav2vec2,dev-clean,delta_silk_total_S,micro_error_type,pp,0.3492433061699651,-0.12070736222905916,0.9762139404743745,False,10000,36,72,1718
pilot,wav2vec2,dev-clean,delta_silk_total_D,micro_error_type,pp,0.23282887077997672,0.0,0.5390835579514826,False,10000,36,72,1718
pilot,wav2vec2,dev-clean,delta_silk_total_I,micro_error_type,pp,0.0,-0.165936098105067,0.18182093830971935,False,10000,36,72,1718
pilot,wav2vec2,dev-clean,neg_lp_minus_ref,micro,pp,0.0,-0.1664839979762139,0.16611295681063093,False,10000,36,72,1718
pilot,wav2vec2,dev-clean,neg_lp_minus_ref,micro_cer,pp,-0.011114816049794321,-0.07063082212151406,0.042915464267908314,False,10000,36,72,1718
pilot,wav2vec2,dev-clean,neg_lp_minus_ref,macro,pp,-0.02265617523207947,-0.1426213034740162,0.10243055555555554,False,10000,36,72,1718
pilot,wav2vec2,dev-clean,neg_lp_minus_ref_S,micro_error_type,pp,0.0,-0.1664839979762137,0.16611295681063123,False,10000,36,72,1718
pilot,wav2vec2,dev-clean,neg_lp_minus_ref_D,micro_error_type,pp,0.05820721769499418,0.0,0.18773760719998303,False,10000,36,72,1718
pilot,wav2vec2,dev-clean,neg_lp_minus_ref_I,micro_error_type,pp,-0.05820721769499418,-0.18773760719998303,0.0,False,10000,36,72,1718
pilot,wav2vec2,dev-clean,neg_codec_minus_ref,micro,pp,-0.058207217694994026,-0.1842751842751844,0.0,False,10000,36,72,1718
pilot,wav2vec2,dev-clean,neg_codec_minus_ref,micro_cer,pp,-0.022229632099588642,-0.0706297822248382,0.0,False,10000,36,72,1718
pilot,wav2vec2,dev-clean,neg_codec_minus_ref,macro,pp,-0.027777777777777783,-0.08333333333333334,0.0,False,10000,36,72,1718
pilot,wav2vec2,dev-clean,neg_codec_minus_ref_S,micro_error_type,pp,-0.05820721769499418,-0.18427518427518427,0.0,False,10000,36,72,1718
pilot,wav2vec2,dev-clean,neg_codec_minus_ref_D,micro_error_type,pp,0.0,0.0,0.0,False,10000,36,72,1718
pilot,wav2vec2,dev-clean,neg_codec_minus_ref_I,micro_error_type,pp,0.0,0.0,0.0,False,10000,36,72,1718
pilot,wav2vec2,dev-clean,bw_share_of_opus_total,ratio,fraction,1.0,0.36842105263157904,3.1666666666666665,True,9961,36,72,1718
pilot,wav2vec2,dev-clean,bw_share_of_silk_total,ratio,fraction,1.6999999999999997,1.0548976608187137,6.5000000000000036,True,9552,36,72,1718
pilot,wav2vec2,dev-other,wer_REF,micro,pp,8.297690333618478,5.534495830174375,11.775213219171802,True,10000,33,66,1169
pilot,wav2vec2,dev-other,cer_REF,micro,pp,2.995696789142668,1.9917897777796991,4.202542085476705,True,10000,33,66,1169
pilot,wav2vec2,dev-other,wer_LP,micro,pp,11.890504704875962,7.909910418522559,16.745163991940114,True,10000,33,66,1169
pilot,wav2vec2,dev-other,cer_LP,micro,pp,4.369414101290963,2.7819885808236866,6.312840184052751,True,10000,33,66,1169
pilot,wav2vec2,dev-other,wer_OPUS,micro,pp,15.568862275449103,11.169608177315443,20.943547966511947,True,10000,33,66,1169
pilot,wav2vec2,dev-other,cer_OPUS,micro,pp,6.338960609069845,4.358120926850256,8.706647081517625,True,10000,33,66,1169
pilot,wav2vec2,dev-other,wer_SILK,micro,pp,11.46278870829769,7.384310618644885,16.31762652705061,True,10000,33,66,1169
pilot,wav2vec2,dev-other,cer_SILK,micro,pp,4.485269778219133,2.8241183391588396,6.44929726538948,True,10000,33,66,1169
pilot,wav2vec2,dev-other,wer_NEG_LP,micro,pp,8.297690333618478,5.438969130557916,11.847932668736721,True,10000,33,66,1169
pilot,wav2vec2,dev-other,cer_NEG_LP,micro,pp,2.962595167163191,1.930275868043462,4.203824770171168,True,10000,33,66,1169
pilot,wav2vec2,dev-other,wer_NEG_CODEC,micro,pp,8.554319931565441,5.606043620057074,12.164724751167505,True,10000,33,66,1169
pilot,wav2vec2,dev-other,cer_NEG_CODEC,micro,pp,3.0453492221118834,1.9926223473302143,4.293978216454017,True,10000,33,66,1169
pilot,wav2vec2,dev-other,delta_bw,micro,pp,3.592814371257484,1.720944456895265,5.912749688882428,True,10000,33,66,1169
pilot,wav2vec2,dev-other,delta_bw,micro_cer,pp,1.373717312148295,0.607244499560809,2.326824113907667,True,10000,33,66,1169
pilot,wav2vec2,dev-other,delta_bw,macro,pp,3.1111357568537676,1.4231642256154093,4.9511402393479855,True,10000,33,66,1169
pilot,wav2vec2,dev-other,delta_bw_S,micro_error_type,pp,3.0795551753635584,1.430753968535362,5.114103812072818,True,10000,33,66,1169
pilot,wav2vec2,dev-other,delta_bw_D,micro_error_type,pp,0.42771599657827203,0.0,0.8430148546326798,False,10000,33,66,1169
pilot,wav2vec2,dev-other,delta_bw_I,micro_error_type,pp,0.0855431993156544,-0.1951219512195122,0.3477293932569446,False,10000,33,66,1169
pilot,wav2vec2,dev-other,delta_opus_residual,micro,pp,3.6783575705731404,2.316890881913304,5.186749827418551,True,10000,33,66,1169
pilot,wav2vec2,dev-other,delta_opus_residual,micro_cer,pp,1.9695465077788818,1.3301076486944228,2.7455146089789073,True,10000,33,66,1169
pilot,wav2vec2,dev-other,delta_opus_residual,macro,pp,4.409127181449231,2.5326391073885812,6.49040609827219,True,10000,33,66,1169
pilot,wav2vec2,dev-other,delta_opus_residual_S,micro_error_type,pp,3.2506415739948675,1.954103091625298,4.700004051863857,True,10000,33,66,1169
pilot,wav2vec2,dev-other,delta_opus_residual_D,micro_error_type,pp,0.1710863986313088,-0.36598200531169506,0.7329970941768326,False,10000,33,66,1169
pilot,wav2vec2,dev-other,delta_opus_residual_I,micro_error_type,pp,0.2566295979469632,-0.08598822582305551,0.6446674327961969,False,10000,33,66,1169
pilot,wav2vec2,dev-other,delta_silk_residual,micro,pp,-0.42771599657827203,-1.2009933264857982,0.5862707967992442,False,10000,33,66,1169
pilot,wav2vec2,dev-other,delta_silk_residual,micro_cer,pp,0.11585567692816989,-0.2113469328311704,0.5088205802965264,False,10000,33,66,1169
pilot,wav2vec2,dev-other,delta_silk_residual,macro,pp,0.20640604459911419,-0.7988610218069772,1.4201878268746637,False,10000,33,66,1169
pilot,wav2vec2,dev-other,delta_silk_residual_S,micro_error_type,pp,-0.6843455945252352,-1.4297077860263965,0.17183611802346227,False,10000,33,66,1169
pilot,wav2vec2,dev-other,delta_silk_residual_D,micro_error_type,pp,0.0855431993156544,-0.176223128531623,0.4149485313443896,False,10000,33,66,1169
pilot,wav2vec2,dev-other,delta_silk_residual_I,micro_error_type,pp,0.1710863986313088,0.0,0.4444543297746143,False,10000,33,66,1169
pilot,wav2vec2,dev-other,opus_minus_silk,micro,pp,4.106073567151412,2.671747228321087,5.571578291533029,True,10000,33,66,1169
pilot,wav2vec2,dev-other,opus_minus_silk,micro_cer,pp,1.853690830850712,1.153609522599229,2.6300340256021557,True,10000,33,66,1169
pilot,wav2vec2,dev-other,opus_minus_silk,macro,pp,4.202721136850117,2.3820842201271555,6.028700199256201,True,10000,33,66,1169
pilot,wav2vec2,dev-other,opus_minus_silk_S,micro_error_type,pp,3.9349871685201028,2.706558057691929,5.283410651109392,True,10000,33,66,1169
pilot,wav2vec2,dev-other,opus_minus_silk_D,micro_error_type,pp,0.0855431993156544,-0.44366557341911195,0.5856546003663384,False,10000,33,66,1169
pilot,wav2vec2,dev-other,opus_minus_silk_I,micro_error_type,pp,0.0855431993156544,-0.27625583576277735,0.47097612629957614,False,10000,33,66,1169
pilot,wav2vec2,dev-other,delta_opus_total,micro,pp,7.271171941830625,4.70296480624105,10.356619818445397,True,10000,33,66,1169
pilot,wav2vec2,dev-other,delta_opus_total,micro_cer,pp,3.3432638199271767,2.173512420306918,4.753867340952204,True,10000,33,66,1169
pilot,wav2vec2,dev-other,delta_opus_total,macro,pp,7.520262938302999,4.5759540489767705,10.469923292903589,True,10000,33,66,1169
pilot,wav2vec2,dev-other,delta_opus_total_S,micro_error_type,pp,6.330196749358426,4.017838064713065,9.155487152503728,True,10000,33,66,1169
pilot,wav2vec2,dev-other,delta_opus_total_D,micro_error_type,pp,0.5988023952095809,0.0,1.182295158422479,False,10000,33,66,1169
pilot,wav2vec2,dev-other,delta_opus_total_I,micro_error_type,pp,0.3421727972626176,0.08285004142502071,0.6598361493428114,True,10000,33,66,1169
pilot,wav2vec2,dev-other,delta_silk_total,micro,pp,3.165098374679212,1.2999018254921506,5.400787746685113,True,10000,33,66,1169
pilot,wav2vec2,dev-other,delta_silk_total,micro_cer,pp,1.4895729890764648,0.7170954551386424,2.4038303133607664,True,10000,33,66,1169
pilot,wav2vec2,dev-other,delta_silk_total,macro,pp,3.3175418014528812,1.4535678882456282,5.29031463697578,True,10000,33,66,1169
pilot,wav2vec2,dev-other,delta_silk_total_S,micro_error_type,pp,2.3952095808383236,0.8546805819101837,4.267703290058399,True,10000,33,66,1169
pilot,wav2vec2,dev-other,delta_silk_total_D,micro_error_type,pp,0.5132591958939264,0.08763858505416888,1.008249312557287,True,10000,33,66,1169
pilot,wav2vec2,dev-other,delta_silk_total_I,micro_error_type,pp,0.2566295979469632,0.0,0.5281806477632311,False,10000,33,66,1169
pilot,wav2vec2,dev-other,neg_lp_minus_ref,micro,pp,0.0,-0.6311992786293956,0.5468856895035191,False,10000,33,66,1169
pilot,wav2vec2,dev-other,neg_lp_minus_ref,micro_cer,pp,-0.033101621979476914,-0.23733238666549902,0.14057358921168828,False,10000,33,66,1169
pilot,wav2vec2,dev-other,neg_lp_minus_ref,macro,pp,-0.13854194715438728,-0.8796182950489169,0.5486685032139581,False,10000,33,66,1169
pilot,wav2vec2,dev-other,neg_lp_minus_ref_S,micro_error_type,pp,0.0,-0.5560704355885079,0.5221980826935817,False,10000,33,66,1169
pilot,wav2vec2,dev-other,neg_lp_minus_ref_D,micro_error_type,pp,-0.0855431993156544,-0.2976338398182333,0.0,False,10000,33,66,1169
pilot,wav2vec2,dev-other,neg_lp_minus_ref_I,micro_error_type,pp,0.0855431993156544,0.0,0.2557544757033248,False,10000,33,66,1169
pilot,wav2vec2,dev-other,neg_codec_minus_ref,micro,pp,0.25662959794696266,-0.35656219275317136,0.9314206299535611,False,10000,33,66,1169
pilot,wav2vec2,dev-other,neg_codec_minus_ref,micro_cer,pp,0.04965243296921537,-0.0971884380100677,0.19461608506017253,False,10000,33,66,1169
pilot,wav2vec2,dev-other,neg_codec_minus_ref,macro,pp,0.2200853571755687,-0.44299183788347873,0.9449979951004799,False,10000,33,66,1169
pilot,wav2vec2,dev-other,neg_codec_minus_ref_S,micro_error_type,pp,0.1710863986313088,-0.39370078740157477,0.7675532153763246,False,10000,33,66,1169
pilot,wav2vec2,dev-other,neg_codec_minus_ref_D,micro_error_type,pp,0.0855431993156544,0.0,0.28517110266159695,False,10000,33,66,1169
pilot,wav2vec2,dev-other,neg_codec_minus_ref_I,micro_error_type,pp,0.0,0.0,0.0,False,10000,33,66,1169
pilot,wav2vec2,dev-other,bw_share_of_opus_total,ratio,fraction,0.49411764705882344,0.3174603174603177,0.6301369863013697,True,10000,33,66,1169
pilot,wav2vec2,dev-other,bw_share_of_silk_total,ratio,fraction,1.135135135135135,0.8292334494773519,1.6086956521739126,True,9999,33,66,1169
