utterance,subset,speaker_id,condition,sample_rate,num_samples,length_equals_ref,input_rms_dbfs,output_rms_dbfs,rms_change_db,peak,clip_count,nonfinite_count,lag_vs_ref_samples,waveform_sha256,stage3_counterpart,equals_stage3_counterpart,decoded_sample_rate,num_packets,packet_configs,share_expected_config,any_stereo,frame_count_codes,libopus_bandwidths,payload_bytes,payload_kbps,ogg_bytes,container_kbps,ogg_sha256,nominal_kbps,packet_modes,packet_frame_ms,lookahead_samples,readback_mismatches,codec_calls,codec_calls_expected,frozen_path_calls_identical,frozen_path_ogg_identical,frozen_path_waveform_identical,readback_differs_across_rates
777-126732-0023,dev-clean,777,LP,16000,112320,True,-31.84773735598835,-31.93411707241795,-0.0863797164295994,0.216195210814476,0,0,0,9ca194119b1f56dc10a8831fcd89f2469e5d79411cc5cc2581e4cdeb13ecfafc,LP,True,,,,,,,,,,,,,,,,,,,,,,,
777-126732-0023,dev-clean,777,SILK8,16000,112320,True,-31.84773735598835,-32.7370291621122,-0.8892918061238524,0.1755281686782837,0,0,2,204ed80464bb0af8119c63da6c9188f3fa8e027e18c8546156e08d994dbc1702,OPUS,True,48000.0,352.0,1:352,1.0,False,0,NB,6267.0,7.141880341880343,6969.0,7.941880341880343,ae49cc3575278d7d918dccfc9d8e6ffc77772de6d7587084074d2f32c82ad6ab,8.0,SILK-NB:352,20.0:352,104.0,,"{""decode"": [{""decoded_rate"": 48000}], ""encode"": [{""application"": ""audio"", ""bandwidth"": ""NB"", ""bitrate_bps"": 8000, ""channels"": 1, ""complexity"": 10, ""dtx"": false, ""expert_frame_duration"": ""arg"", ""force_channels"": ""auto"", ""frame_ms"": 20.0, ""inband_fec"": false, ""lsb_depth"": 24, ""max_bandwidth"": ""FB"", ""packet_loss_perc"": 0, ""prediction_disabled"": false, ""sample_rate"": 16000, ""signal"": ""voice"", ""vbr"": true, ""vbr_constraint"": false}], ""resample"": [{""keyword_arguments"": [], ""new_freq"": 16000, ""orig_freq"": 48000}]}",True,True,True,True,bitrate
777-126732-0023,dev-clean,777,SILK12,16000,112320,True,-31.84773735598835,-32.38972535522496,-0.5419879992366063,0.18177874386310577,0,0,2,0c4516196bffdff6816a97ea3ab96eda75d0ae10380e595697e74d0ba62e834b,,False,48000.0,352.0,1:352,1.0,False,0,NB,9929.0,11.315099715099716,10631.0,12.115099715099715,936e89398c55ab96247802f0c952648344cff17f880feb845ed83f103762816d,12.0,SILK-NB:352,20.0:352,104.0,,"{""decode"": [{""decoded_rate"": 48000}], ""encode"": [{""application"": ""audio"", ""bandwidth"": ""NB"", ""bitrate_bps"": 12000, ""channels"": 1, ""complexity"": 10, ""dtx"": false, ""expert_frame_duration"": ""arg"", ""force_channels"": ""auto"", ""frame_ms"": 20.0, ""inband_fec"": false, ""lsb_depth"": 24, ""max_bandwidth"": ""FB"", ""packet_loss_perc"": 0, ""prediction_disabled"": false, ""sample_rate"": 16000, ""signal"": ""voice"", ""vbr"": true, ""vbr_constraint"": false}], ""resample"": [{""keyword_arguments"": [], ""new_freq"": 16000, ""orig_freq"": 48000}]}",True,True,True,True,bitrate
777-126732-0023,dev-clean,777,SILK16,16000,112320,True,-31.84773735598835,-32.19026974823118,-0.34253239224283055,0.20390041172504425,0,0,2,a3957fea4917c93533f5f4ebcc545ae3fea4e281ab7fd05f7147dcd4191b6d6c,,False,48000.0,352.0,1:352,1.0,False,0,NB,13570.0,15.464387464387466,14272.0,16.264387464387465,99719430addf21d94992948893a7769fc95420c86a89b3466e24911fd030c44a,16.0,SILK-NB:352,20.0:352,104.0,,"{""decode"": [{""decoded_rate"": 48000}], ""encode"": [{""application"": ""audio"", ""bandwidth"": ""NB"", ""bitrate_bps"": 16000, ""channels"": 1, ""complexity"": 10, ""dtx"": false, ""expert_frame_duration"": ""arg"", ""force_channels"": ""auto"", ""frame_ms"": 20.0, ""inband_fec"": false, ""lsb_depth"": 24, ""max_bandwidth"": ""FB"", ""packet_loss_perc"": 0, ""prediction_disabled"": false, ""sample_rate"": 16000, ""signal"": ""voice"", ""vbr"": true, ""vbr_constraint"": false}], ""resample"": [{""keyword_arguments"": [], ""new_freq"": 16000, ""orig_freq"": 48000}]}",True,True,True,True,bitrate
777-126732-0023,dev-clean,777,SILK24,16000,112320,True,-31.84773735598835,-32.06916062005974,-0.2214232640713902,0.2120111882686615,0,0,2,7e82d629d60560b51617f6d943a3aeed0fa9bba25ebbfe52e0c3342ad44ade30,,False,48000.0,352.0,1:352,1.0,False,0,NB,20496.0,23.357264957264956,21198.0,24.157264957264957,6bc73b49aad834a2e8b8b6f35e184fa7b719f7a87f3f5a736588d33d5acf7515,24.0,SILK-NB:352,20.0:352,104.0,,"{""decode"": [{""decoded_rate"": 48000}], ""encode"": [{""application"": ""audio"", ""bandwidth"": ""NB"", ""bitrate_bps"": 24000, ""channels"": 1, ""complexity"": 10, ""dtx"": false, ""expert_frame_duration"": ""arg"", ""force_channels"": ""auto"", ""frame_ms"": 20.0, ""inband_fec"": false, ""lsb_depth"": 24, ""max_bandwidth"": ""FB"", ""packet_loss_perc"": 0, ""prediction_disabled"": false, ""sample_rate"": 16000, ""signal"": ""voice"", ""vbr"": true, ""vbr_constraint"": false}], ""resample"": [{""keyword_arguments"": [], ""new_freq"": 16000, ""orig_freq"": 48000}]}",True,True,True,True,bitrate
777-126732-0023,dev-clean,777,SILK40,16000,112320,True,-31.84773735598835,-31.976098239787696,-0.1283608837993427,0.21658232808113098,0,0,2,b269754ec8100aa89de120ee7cd006df9e3a5e129824357c02ee5f7ea00c160f,SILK,True,48000.0,352.0,1:352,1.0,False,0,NB,33808.0,38.52763532763533,34510.0,39.327635327635335,3aea8c2ece3ddfd84ee53e6b55b30f1117fabb611dad880d15a0f87a67ff5376,40.0,SILK-NB:352,20.0:352,104.0,,"{""decode"": [{""decoded_rate"": 48000}], ""encode"": [{""application"": ""audio"", ""bandwidth"": ""NB"", ""bitrate_bps"": 40000, ""channels"": 1, ""complexity"": 10, ""dtx"": false, ""expert_frame_duration"": ""arg"", ""force_channels"": ""auto"", ""frame_ms"": 20.0, ""inband_fec"": false, ""lsb_depth"": 24, ""max_bandwidth"": ""FB"", ""packet_loss_perc"": 0, ""prediction_disabled"": false, ""sample_rate"": 16000, ""signal"": ""voice"", ""vbr"": true, ""vbr_constraint"": false}], ""resample"": [{""keyword_arguments"": [], ""new_freq"": 16000, ""orig_freq"": 48000}]}",True,True,True,True,bitrate
777-126732-0026,dev-clean,777,LP,16000,31520,True,-34.24107034626316,-34.37204669870017,-0.13097635243701633,0.15394766628742218,0,0,0,00d8a657f11f2807b5bf9105bcdb4e70a3861c28d2765b968768315cfaa3d0fe,LP,True,,,,,,,,,,,,,,,,,,,,,,,
777-126732-0026,dev-clean,777,SILK8,16000,31520,True,-34.24107034626316,-35.03483262543967,-0.7937622791765181,0.14639566838741302,0,0,2,f2c06a32b0e2014d417f9c7526a5a4cd7510a1a7f872ffccac20adb6e259aeeb,OPUS,True,48000.0,99.0,1:99,1.0,False,0,NB,1698.0,6.895431472081218,1985.0,8.060913705583756,a960952d7583bae4b743982cfeb6f5bfde67f79581fc5a56f6e30f81f52f0c2e,8.0,SILK-NB:99,20.0:99,104.0,,"{""decode"": [{""decoded_rate"": 48000}], ""encode"": [{""application"": ""audio"", ""bandwidth"": ""NB"", ""bitrate_bps"": 8000, ""channels"": 1, ""complexity"": 10, ""dtx"": false, ""expert_frame_duration"": ""arg"", ""force_channels"": ""auto"", ""frame_ms"": 20.0, ""inband_fec"": false, ""lsb_depth"": 24, ""max_bandwidth"": ""FB"", ""packet_loss_perc"": 0, ""prediction_disabled"": false, ""sample_rate"": 16000, ""signal"": ""voice"", ""vbr"": true, ""vbr_constraint"": false}], ""resample"": [{""keyword_arguments"": [], ""new_freq"": 16000, ""orig_freq"": 48000}]}",True,True,True,True,bitrate
777-126732-0026,dev-clean,777,SILK12,16000,31520,True,-34.24107034626316,-34.72096345000314,-0.47989310373998695,0.1465151309967041,0,0,2,8ddba70715030ad1236893399fa11cd14c1559f236ab7bd2acb1d19983f0e1ff,,False,48000.0,99.0,1:99,1.0,False,0,NB,2638.0,10.712690355329949,2925.0,11.878172588832488,2876300065d10b2c8888023d79444308a5598a585079215f42fd592839117b07,12.0,SILK-NB:99,20.0:99,104.0,,"{""decode"": [{""decoded_rate"": 48000}], ""encode"": [{""application"": ""audio"", ""bandwidth"": ""NB"", ""bitrate_bps"": 12000, ""channels"": 1, ""complexity"": 10, ""dtx"": false, ""expert_frame_duration"": ""arg"", ""force_channels"": ""auto"", ""frame_ms"": 20.0, ""inband_fec"": false, ""lsb_depth"": 24, ""max_bandwidth"": ""FB"", ""packet_loss_perc"": 0, ""prediction_disabled"": false, ""sample_rate"": 16000, ""signal"": ""voice"", ""vbr"": true, ""vbr_constraint"": false}], ""resample"": [{""keyword_arguments"": [], ""new_freq"": 16000, ""orig_freq"": 48000}]}",True,True,True,True,bitrate
777-126732-0026,dev-clean,777,SILK16,16000,31520,True,-34.24107034626316,-34.63453923189862,-0.39346888563547056,0.14395955204963684,0,0,2,b5687f2b5f61fbc8f1d31be2792decfc1af62e79a457eeea82cd4640d1554221,,False,48000.0,99.0,1:99,1.0,False,0,NB,3661.0,14.867005076142132,3948.0,16.03248730964467,462763b255cad356e465886d376974fc05d69f9b968a8e2300b78f8e0f41ac61,16.0,SILK-NB:99,20.0:99,104.0,,"{""decode"": [{""decoded_rate"": 48000}], ""encode"": [{""application"": ""audio"", ""bandwidth"": ""NB"", ""bitrate_bps"": 16000, ""channels"": 1, ""complexity"": 10, ""dtx"": false, ""expert_frame_duration"": ""arg"", ""force_channels"": ""auto"", ""frame_ms"": 20.0, ""inband_fec"": false, ""lsb_depth"": 24, ""max_bandwidth"": ""FB"", ""packet_loss_perc"": 0, ""prediction_disabled"": false, ""sample_rate"": 16000, ""signal"": ""voice"", ""vbr"": true, ""vbr_constraint"": false}], ""resample"": [{""keyword_arguments"": [], ""new_freq"": 16000, ""orig_freq"": 48000}]}",True,True,True,True,bitrate
777-126732-0026,dev-clean,777,SILK24,16000,31520,True,-34.24107034626316,-34.48013234820095,-0.23906200193779437,0.15041154623031616,0,0,2,96d90768dbcb46bb63203c077373c3f1d94629b894cf14f0ba52a9d8c1a58b05,,False,48000.0,99.0,1:99,1.0,False,0,NB,5542.0,22.505583756345178,5829.0,23.671065989847715,c2c50fb068068542d9cf4715106b6f7f8f092900c11b21a3f4c85bb4f2b8eb69,24.0,SILK-NB:99,20.0:99,104.0,,"{""decode"": [{""decoded_rate"": 48000}], ""encode"": [{""application"": ""audio"", ""bandwidth"": ""NB"", ""bitrate_bps"": 24000, ""channels"": 1, ""complexity"": 10, ""dtx"": false, ""expert_frame_duration"": ""arg"", ""force_channels"": ""auto"", ""frame_ms"": 20.0, ""inband_fec"": false, ""lsb_depth"": 24, ""max_bandwidth"": ""FB"", ""packet_loss_perc"": 0, ""prediction_disabled"": false, ""sample_rate"": 16000, ""signal"": ""voice"", ""vbr"": true, ""vbr_constraint"": false}], ""resample"": [{""keyword_arguments"": [], ""new_freq"": 16000, ""orig_freq"": 48000}]}",True,True,True,True,bitrate
777-126732-0026,dev-clean,777,SILK40,16000,31520,True,-34.24107034626316,-34.40346199899067,-0.1623916527275242,0.16144387423992157,0,0,2,05ba7d2ef08e926eea6bcf2162955d3920ee1790915f89435f7b40399a8be080,SILK,True,48000.0,99.0,1:99,1.0,False,0,NB,9058.0,36.783756345177665,9345.0,37.9492385786802,a88e62b668c0b0f572b0381c8c82f43e0fdd214783d1b55fea66f546eb7bec8b,40.0,SILK-NB:99,20.0:99,104.0,,"{""decode"": [{""decoded_rate"": 48000}], ""encode"": [{""application"": ""audio"", ""bandwidth"": ""NB"", ""bitrate_bps"": 40000, ""channels"": 1, ""complexity"": 10, ""dtx"": false, ""expert_frame_duration"": ""arg"", ""force_channels"": ""auto"", ""frame_ms"": 20.0, ""inband_fec"": false, ""lsb_depth"": 24, ""max_bandwidth"": ""FB"", ""packet_loss_perc"": 0, ""prediction_disabled"": false, ""sample_rate"": 16000, ""signal"": ""voice"", ""vbr"": true, ""vbr_constraint"": false}], ""resample"": [{""keyword_arguments"": [], ""new_freq"": 16000, ""orig_freq"": 48000}]}",True,True,True,True,bitrate
777-126732-0034,dev-clean,777,LP,16000,55680,True,-33.99438002982808,-34.23591605685263,-0.24153602702455373,0.16741691529750824,0,0,0,c5f684eaab6df96698a269bcb77a2dfbc63e7fb047dbbfb7b4ffa3aa7852c868,LP,True,,,,,,,,,,,,,,,,,,,,,,,
777-126732-0034,dev-clean,777,SILK8,16000,55680,True,-33.99438002982808,-35.05719778930852,-1.0628177594804393,0.18414387106895447,0,0,2,640082bd9b9967407b7ee98b2b247b11f8888496151b44761390ff5a100ba830,OPUS,True,48000.0,175.0,1:175,1.0,False,0,NB,2945.0,6.7701149425287355,3362.0,7.728735632183908,369233409c97ccc8cd4fe3561b4a851d7a7960e737dac291312cab7446cb0995,8.0,SILK-NB:175,20.0:175,104.0,,"{""decode"": [{""decoded_rate"": 48000}], ""encode"": [{""application"": ""audio"", ""bandwidth"": ""NB"", ""bitrate_bps"": 8000, ""channels"": 1, ""complexity"": 10, ""dtx"": false, ""expert_frame_duration"": ""arg"", ""force_channels"": ""auto"", ""frame_ms"": 20.0, ""inband_fec"": false, ""lsb_depth"": 24, ""max_bandwidth"": ""FB"", ""packet_loss_perc"": 0, ""prediction_disabled"": false, ""sample_rate"": 16000, ""signal"": ""voice"", ""vbr"": true, ""vbr_constraint"": false}], ""resample"": [{""keyword_arguments"": [], ""new_freq"": 16000, ""orig_freq"": 48000}]}",True,True,True,True,bitrate
777-126732-0034,dev-clean,777,SILK12,16000,55680,True,-33.99438002982808,-34.73139671277682,-0.7370166829487463,0.16186057031154633,0,0,2,6e68dfe3e7b597b7055d7ba88cee430c215c2bcb63b9cad59e083b4daeed61b2,,False,48000.0,175.0,1:175,1.0,False,0,NB,4617.0,10.613793103448275,5034.0,11.572413793103447,d76d4efcb63bfd28a8067349763971bd96e587fdb548cc20aa584fac288b0614,12.0,SILK-NB:175,20.0:175,104.0,,"{""decode"": [{""decoded_rate"": 48000}], ""encode"": [{""application"": ""audio"", ""bandwidth"": ""NB"", ""bitrate_bps"": 12000, ""channels"": 1, ""complexity"": 10, ""dtx"": false, ""expert_frame_duration"": ""arg"", ""force_channels"": ""auto"", ""frame_ms"": 20.0, ""inband_fec"": false, ""lsb_depth"": 24, ""max_bandwidth"": ""FB"", ""packet_loss_perc"": 0, ""prediction_disabled"": false, ""sample_rate"": 16000, ""signal"": ""voice"", ""vbr"": true, ""vbr_constraint"": false}], ""resample"": [{""keyword_arguments"": [], ""new_freq"": 16000, ""orig_freq"": 48000}]}",True,True,True,True,bitrate
777-126732-0034,dev-clean,777,SILK16,16000,55680,True,-33.99438002982808,-34.54198504793713,-0.5476050181090538,0.16031868755817413,0,0,2,fdf23c403124501aa6121d81c9ab70c0c1d4eaa1867d0ca0c89e464a51e988dd,,False,48000.0,175.0,1:175,1.0,False,0,NB,6445.0,14.816091954022989,6862.0,15.774712643678162,bd7995c103f5347e0a43ba5c0b95769a439d84978f2750772fc109e686664a14,16.0,SILK-NB:175,20.0:175,104.0,,"{""decode"": [{""decoded_rate"": 48000}], ""encode"": [{""application"": ""audio"", ""bandwidth"": ""NB"", ""bitrate_bps"": 16000, ""channels"": 1, ""complexity"": 10, ""dtx"": false, ""expert_frame_duration"": ""arg"", ""force_channels"": ""auto"", ""frame_ms"": 20.0, ""inband_fec"": false, ""lsb_depth"": 24, ""max_bandwidth"": ""FB"", ""packet_loss_perc"": 0, ""prediction_disabled"": false, ""sample_rate"": 16000, ""signal"": ""voice"", ""vbr"": true, ""vbr_constraint"": false}], ""resample"": [{""keyword_arguments"": [], ""new_freq"": 16000, ""orig_freq"": 48000}]}",True,True,True,True,bitrate
777-126732-0034,dev-clean,777,SILK24,16000,55680,True,-33.99438002982808,-34.396924171159355,-0.40254414133128147,0.1591670662164688,0,0,2,d3dd317c5fcd67befdc223d1e2fa9aec7bd69b1dd5c7a63f40a6f9f09a6fd99e,,False,48000.0,175.0,1:175,1.0,False,0,NB,9664.0,22.21609195402299,10081.0,23.174712643678163,322f1d0a594ff774233f3172c274532efca1bcd036962418695cc673a64c3ca8,24.0,SILK-NB:175,20.0:175,104.0,,"{""decode"": [{""decoded_rate"": 48000}], ""encode"": [{""application"": ""audio"", ""bandwidth"": ""NB"", ""bitrate_bps"": 24000, ""channels"": 1, ""complexity"": 10, ""dtx"": false, ""expert_frame_duration"": ""arg"", ""force_channels"": ""auto"", ""frame_ms"": 20.0, ""inband_fec"": false, ""lsb_depth"": 24, ""max_bandwidth"": ""FB"", ""packet_loss_perc"": 0, ""prediction_disabled"": false, ""sample_rate"": 16000, ""signal"": ""voice"", ""vbr"": true, ""vbr_constraint"": false}], ""resample"": [{""keyword_arguments"": [], ""new_freq"": 16000, ""orig_freq"": 48000}]}",True,True,True,True,bitrate
777-126732-0034,dev-clean,777,SILK40,16000,55680,True,-33.99438002982808,-34.28370350049839,-0.2893234706703136,0.16548502445220947,0,0,2,2d65317414418f4a9de33d43416c83db09d8c2192e56ef22f2dce1c5a1ecc43e,SILK,True,48000.0,175.0,1:175,1.0,False,0,NB,15704.0,36.10114942528736,16121.0,37.05977011494252,f450ad44e0f017b2a14e73da57e8f5afb162a5ca0d437a3b9d0599146a063115,40.0,SILK-NB:175,20.0:175,104.0,,"{""decode"": [{""decoded_rate"": 48000}], ""encode"": [{""application"": ""audio"", ""bandwidth"": ""NB"", ""bitrate_bps"": 40000, ""channels"": 1, ""complexity"": 10, ""dtx"": false, ""expert_frame_duration"": ""arg"", ""force_channels"": ""auto"", ""frame_ms"": 20.0, ""inband_fec"": false, ""lsb_depth"": 24, ""max_bandwidth"": ""FB"", ""packet_loss_perc"": 0, ""prediction_disabled"": false, ""sample_rate"": 16000, ""signal"": ""voice"", ""vbr"": true, ""vbr_constraint"": false}], ""resample"": [{""keyword_arguments"": [], ""new_freq"": 16000, ""orig_freq"": 48000}]}",True,True,True,True,bitrate
777-126732-0052,dev-clean,777,LP,16000,79200,True,-31.249200501520402,-31.460468884955908,-0.21126838343550933,0.21318189799785614,0,0,0,88300a37d529ad0aac436a228d1af931ea519d74b8f40e224775bc7f2e75168d,LP,True,,,,,,,,,,,,,,,,,,,,,,,
777-126732-0052,dev-clean,777,SILK8,16000,79200,True,-31.249200501520402,-32.424573540965994,-1.1753730394455888,0.2418467402458191,0,0,2,9aa264f274785d3897d2ffecd9ec4adeb01d94393082abcec0e5cd452c9dcc9c,OPUS,True,48000.0,248.0,1:248,1.0,False,0,NB,4413.0,7.132121212121212,4930.0,7.9676767676767675,d650d5b6b963f2fc5d0f160c140c2135b3f70e0b0043358d73a7cda83d101f8d,8.0,SILK-NB:248,20.0:248,104.0,,"{""decode"": [{""decoded_rate"": 48000}], ""encode"": [{""application"": ""audio"", ""bandwidth"": ""NB"", ""bitrate_bps"": 8000, ""channels"": 1, ""complexity"": 10, ""dtx"": false, ""expert_frame_duration"": ""arg"", ""force_channels"": ""auto"", ""frame_ms"": 20.0, ""inband_fec"": false, ""lsb_depth"": 24, ""max_bandwidth"": ""FB"", ""packet_loss_perc"": 0, ""prediction_disabled"": false, ""sample_rate"": 16000, ""signal"": ""voice"", ""vbr"": true, ""vbr_constraint"": false}], ""resample"": [{""keyword_arguments"": [], ""new_freq"": 16000, ""orig_freq"": 48000}]}",True,True,True,True,bitrate
777-126732-0052,dev-clean,777,SILK12,16000,79200,True,-31.249200501520402,-31.833134673467328,-0.5839341719469289,0.2099720686674118,0,0,2,851a3b4d93d3a1738b8de0f451ce728d4126447d15c13c38f41d1047efcdea7e,,False,48000.0,248.0,1:248,1.0,False,0,NB,6906.0,11.16121212121212,7423.0,11.996767676767677,c6d692fbb4a22f74ff2e044bcc7634f2644fb59e7b97ba8d14318e87efc3794d,12.0,SILK-NB:248,20.0:248,104.0,,"{""decode"": [{""decoded_rate"": 48000}], ""encode"": [{""application"": ""audio"", ""bandwidth"": ""NB"", ""bitrate_bps"": 12000, ""channels"": 1, ""complexity"": 10, ""dtx"": false, ""expert_frame_duration"": ""arg"", ""force_channels"": ""auto"", ""frame_ms"": 20.0, ""inband_fec"": false, ""lsb_depth"": 24, ""max_bandwidth"": ""FB"", ""packet_loss_perc"": 0, ""prediction_disabled"": false, ""sample_rate"": 16000, ""signal"": ""voice"", ""vbr"": true, ""vbr_constraint"": false}], ""resample"": [{""keyword_arguments"": [], ""new_freq"": 16000, ""orig_freq"": 48000}]}",True,True,True,True,bitrate
777-126732-0052,dev-clean,777,SILK16,16000,79200,True,-31.249200501520402,-31.74272415690234,-0.49352365538193976,0.2144925892353058,0,0,2,839c6697d6e266d93402b25d77f26cb9f9a24281ae66b930043b1000a9365866,,False,48000.0,248.0,1:248,1.0,False,0,NB,9438.0,15.253333333333332,9955.0,16.08888888888889,1bfc7342335ced9a7ff2e9e82163c1d8d857d1e4ecb8dd76879b5328128ccef4,16.0,SILK-NB:248,20.0:248,104.0,,"{""decode"": [{""decoded_rate"": 48000}], ""encode"": [{""application"": ""audio"", ""bandwidth"": ""NB"", ""bitrate_bps"": 16000, ""channels"": 1, ""complexity"": 10, ""dtx"": false, ""expert_frame_duration"": ""arg"", ""force_channels"": ""auto"", ""frame_ms"": 20.0, ""inband_fec"": false, ""lsb_depth"": 24, ""max_bandwidth"": ""FB"", ""packet_loss_perc"": 0, ""prediction_disabled"": false, ""sample_rate"": 16000, ""signal"": ""voice"", ""vbr"": true, ""vbr_constraint"": false}], ""resample"": [{""keyword_arguments"": [], ""new_freq"": 16000, ""orig_freq"": 48000}]}",True,True,True,True,bitrate
777-126732-0052,dev-clean,777,SILK24,16000,79200,True,-31.249200501520402,-31.573414545814124,-0.324214044293722,0.22100947797298431,0,0,2,d6c6b75e3622ee4c3ae099588d5bd3597a71cc903c38964591346f4b9c22a207,,False,48000.0,248.0,1:248,1.0,False,0,NB,14119.0,22.81858585858586,14636.0,23.654141414141414,db1f7c71d1b6cfa2e287e5933ed8e0058ac7e9a23642812b2d772b0fb6abebb6,24.0,SILK-NB:248,20.0:248,104.0,,"{""decode"": [{""decoded_rate"": 48000}], ""encode"": [{""application"": ""audio"", ""bandwidth"": ""NB"", ""bitrate_bps"": 24000, ""channels"": 1, ""complexity"": 10, ""dtx"": false, ""expert_frame_duration"": ""arg"", ""force_channels"": ""auto"", ""frame_ms"": 20.0, ""inband_fec"": false, ""lsb_depth"": 24, ""max_bandwidth"": ""FB"", ""packet_loss_perc"": 0, ""prediction_disabled"": false, ""sample_rate"": 16000, ""signal"": ""voice"", ""vbr"": true, ""vbr_constraint"": false}], ""resample"": [{""keyword_arguments"": [], ""new_freq"": 16000, ""orig_freq"": 48000}]}",True,True,True,True,bitrate
777-126732-0052,dev-clean,777,SILK40,16000,79200,True,-31.249200501520402,-31.49854743597988,-0.24934693445947714,0.21639060974121094,0,0,2,78c2864b7fbca417eb9eccce47d0b71d3dc6e9e44e7b8ef236b28d00fe5457cb,SILK,True,48000.0,248.0,1:248,1.0,False,0,NB,23170.0,37.44646464646464,23687.0,38.2820202020202,7a8f376917f2b2c87a75584603d48907a8a4101645cb8811e1d46bdaa67d3002,40.0,SILK-NB:248,20.0:248,104.0,,"{""decode"": [{""decoded_rate"": 48000}], ""encode"": [{""application"": ""audio"", ""bandwidth"": ""NB"", ""bitrate_bps"": 40000, ""channels"": 1, ""complexity"": 10, ""dtx"": false, ""expert_frame_duration"": ""arg"", ""force_channels"": ""auto"", ""frame_ms"": 20.0, ""inband_fec"": false, ""lsb_depth"": 24, ""max_bandwidth"": ""FB"", ""packet_loss_perc"": 0, ""prediction_disabled"": false, ""sample_rate"": 16000, ""signal"": ""voice"", ""vbr"": true, ""vbr_constraint"": false}], ""resample"": [{""keyword_arguments"": [], ""new_freq"": 16000, ""orig_freq"": 48000}]}",True,True,True,True,bitrate
777-126732-0076,dev-clean,777,LP,16000,68160,True,-32.36565383170794,-32.61822176846458,-0.25256793675664047,0.20726534724235535,0,0,0,239198aec3bb2cb5309b91f5bffbeeda64f57edb94a6019a786576ccef8cb051,LP,True,,,,,,,,,,,,,,,,,,,,,,,
777-126732-0076,dev-clean,777,SILK8,16000,68160,True,-32.36565383170794,-33.39019001357069,-1.0245361818627465,0.1950538456439972,0,0,2,1e90d30ce7b98258711021c7e416e90aff14ee622686f2fd7b01fc1323346555,OPUS,True,48000.0,214.0,1:214,1.0,False,0,NB,3810.0,7.154929577464789,4293.0,8.061971830985916,80a3e6c576fb1e0a95a259b9d8ffc09045db887f6193160ca682ac659643c186,8.0,SILK-NB:214,20.0:214,104.0,,"{""decode"": [{""decoded_rate"": 48000}], ""encode"": [{""application"": ""audio"", ""bandwidth"": ""NB"", ""bitrate_bps"": 8000, ""channels"": 1, ""complexity"": 10, ""dtx"": false, ""expert_frame_duration"": ""arg"", ""force_channels"": ""auto"", ""frame_ms"": 20.0, ""inband_fec"": false, ""lsb_depth"": 24, ""max_bandwidth"": ""FB"", ""packet_loss_perc"": 0, ""prediction_disabled"": false, ""sample_rate"": 16000, ""signal"": ""voice"", ""vbr"": true, ""vbr_constraint"": false}], ""resample"": [{""keyword_arguments"": [], ""new_freq"": 16000, ""orig_freq"": 48000}]}",True,True,True,True,bitrate
777-126732-0076,dev-clean,777,SILK12,16000,68160,True,-32.36565383170794,-33.022209185589396,-0.6565553538814557,0.1798073798418045,0,0,2,416def304b674fd0c4583fa5e5e3f8572c074252a9e3286ed44e8266f5d83821,,False,48000.0,214.0,1:214,1.0,False,0,NB,5962.0,11.1962441314554,6445.0,12.103286384976528,bb57a2785cba076ee0ed12a5e3f57bf165d5d84a9e3ecaa5297cc8cfde031616,12.0,SILK-NB:214,20.0:214,104.0,,"{""decode"": [{""decoded_rate"": 48000}], ""encode"": [{""application"": ""audio"", ""bandwidth"": ""NB"", ""bitrate_bps"": 12000, ""channels"": 1, ""complexity"": 10, ""dtx"": false, ""expert_frame_duration"": ""arg"", ""force_channels"": ""auto"", ""frame_ms"": 20.0, ""inband_fec"": false, ""lsb_depth"": 24, ""max_bandwidth"": ""FB"", ""packet_loss_perc"": 0, ""prediction_disabled"": false, ""sample_rate"": 16000, ""signal"": ""voice"", ""vbr"": true, ""vbr_constraint"": false}], ""resample"": [{""keyword_arguments"": [], ""new_freq"": 16000, ""orig_freq"": 48000}]}",True,True,True,True,bitrate
777-126732-0076,dev-clean,777,SILK16,16000,68160,True,-32.36565383170794,-32.87086226206034,-0.5052084303524014,0.19799233973026276,0,0,2,c2c30ba0cb33e50738e4cf17ba46260305757911bfda82b7653c907866fef3b2,,False,48000.0,214.0,1:214,1.0,False,0,NB,8131.0,15.269483568075119,8614.0,16.176525821596247,a7b4cba9189ddeaabf17c2acd8d842d6fa65731c4a12da229b6f7d06451d8125,16.0,SILK-NB:214,20.0:214,104.0,,"{""decode"": [{""decoded_rate"": 48000}], ""encode"": [{""application"": ""audio"", ""bandwidth"": ""NB"", ""bitrate_bps"": 16000, ""channels"": 1, ""complexity"": 10, ""dtx"": false, ""expert_frame_duration"": ""arg"", ""force_channels"": ""auto"", ""frame_ms"": 20.0, ""inband_fec"": false, ""lsb_depth"": 24, ""max_bandwidth"": ""FB"", ""packet_loss_perc"": 0, ""prediction_disabled"": false, ""sample_rate"": 16000, ""signal"": ""voice"", ""vbr"": true, ""vbr_constraint"": false}], ""resample"": [{""keyword_arguments"": [], ""new_freq"": 16000, ""orig_freq"": 48000}]}",True,True,True,True,bitrate
777-126732-0076,dev-clean,777,SILK24,16000,68160,True,-32.36565383170794,-32.75151042596459,-0.38585659425664764,0.20101416110992432,0,0,2,8200ca7e164ee1f9524130292e83fa307fb6bd737da6bb68cb59e798a6cc9fc6,,False,48000.0,214.0,1:214,1.0,False,0,NB,12187.0,22.886384976525825,12670.0,23.793427230046948,9188bc4eb9c495e86c832317260f7c3d0d33942d7290286df40488df8a596641,24.0,SILK-NB:214,20.0:214,104.0,,"{""decode"": [{""decoded_rate"": 48000}], ""encode"": [{""application"": ""audio"", ""bandwidth"": ""NB"", ""bitrate_bps"": 24000, ""channels"": 1, ""complexity"": 10, ""dtx"": false, ""expert_frame_duration"": ""arg"", ""force_channels"": ""auto"", ""frame_ms"": 20.0, ""inband_fec"": false, ""lsb_depth"": 24, ""max_bandwidth"": ""FB"", ""packet_loss_perc"": 0, ""prediction_disabled"": false, ""sample_rate"": 16000, ""signal"": ""voice"", ""vbr"": true, ""vbr_constraint"": false}], ""resample"": [{""keyword_arguments"": [], ""new_freq"": 16000, ""orig_freq"": 48000}]}",True,True,True,True,bitrate
777-126732-0076,dev-clean,777,SILK40,16000,68160,True,-32.36565383170794,-32.65165027378829,-0.2859964420803495,0.20362205803394318,0,0,2,83c83d07a2e6f14f8c9617341204057a84b44fe90445c071cb970bdee83a1790,SILK,True,48000.0,214.0,1:214,1.0,False,0,NB,19991.0,37.54178403755869,20474.0,38.44882629107981,7a7e78d0e85dc4f6f2d190022af035092acfde60c4a7955b5df91327d2d8ff75,40.0,SILK-NB:214,20.0:214,104.0,,"{""decode"": [{""decoded_rate"": 48000}], ""encode"": [{""application"": ""audio"", ""bandwidth"": ""NB"", ""bitrate_bps"": 40000, ""channels"": 1, ""complexity"": 10, ""dtx"": false, ""expert_frame_duration"": ""arg"", ""force_channels"": ""auto"", ""frame_ms"": 20.0, ""inband_fec"": false, ""lsb_depth"": 24, ""max_bandwidth"": ""FB"", ""packet_loss_perc"": 0, ""prediction_disabled"": false, ""sample_rate"": 16000, ""signal"": ""voice"", ""vbr"": true, ""vbr_constraint"": false}], ""resample"": [{""keyword_arguments"": [], ""new_freq"": 16000, ""orig_freq"": 48000}]}",True,True,True,True,bitrate
1993-147149-0006,dev-clean,1993,LP,16000,446080,True,-43.53455510874956,-43.76336836722488,-0.22881325847532652,0.04501638561487198,0,0,0,08a8254817bbd95ed5ffaf42e161ba2c53bfdf7b84423fbdbfcfa9e2577fd6bb,LP,True,,,,,,,,,,,,,,,,,,,,,,,
1993-147149-0006,dev-clean,1993,SILK8,16000,446080,True,-43.53455510874956,-44.99708655152047,-1.4625314427709055,0.03903789073228836,0,0,2,e5665e314050069f66ab3d4a70f157e13cf19a11a0b4934a37db11bd45f13ecb,OPUS,True,48000.0,1395.0,1:1395,1.0,False,0,NB,22877.0,6.564418938307031,25162.0,7.220086083213773,085b9d8f8fc3b2bf1b6b6d484deedd88e0fc7953988cddf32121cc3240ad32ce,8.0,SILK-NB:1395,20.0:1395,104.0,,"{""decode"": [{""decoded_rate"": 48000}], ""encode"": [{""application"": ""audio"", ""bandwidth"": ""NB"", ""bitrate_bps"": 8000, ""channels"": 1, ""complexity"": 10, ""dtx"": false, ""expert_frame_duration"": ""arg"", ""force_channels"": ""auto"", ""frame_ms"": 20.0, ""inband_fec"": false, ""lsb_depth"": 24, ""max_bandwidth"": ""FB"", ""packet_loss_perc"": 0, ""prediction_disabled"": false, ""sample_rate"": 16000, ""signal"": ""voice"", ""vbr"": true, ""vbr_constraint"": false}], ""resample"": [{""keyword_arguments"": [], ""new_freq"": 16000, ""orig_freq"": 48000}]}",True,True,True,True,bitrate
1993-147149-0006,dev-clean,1993,SILK12,16000,446080,True,-43.53455510874956,-44.241644119132445,-0.7070890103828888,0.043873999267816544,0,0,2,6e10c4b90399283252c618636f2b861498eb444e7ddbfde30fb418491bc2a137,,False,48000.0,1395.0,1:1395,1.0,False,0,NB,36183.0,10.382496413199426,38468.0,11.038163558106168,ab8eaac9ed90430ee9f1b91602debbd6ae164df27a6768fc0222e7dc17c89099,12.0,SILK-NB:1395,20.0:1395,104.0,,"{""decode"": [{""decoded_rate"": 48000}], ""encode"": [{""application"": ""audio"", ""bandwidth"": ""NB"", ""bitrate_bps"": 12000, ""channels"": 1, ""complexity"": 10, ""dtx"": false, ""expert_frame_duration"": ""arg"", ""force_channels"": ""auto"", ""frame_ms"": 20.0, ""inband_fec"": false, ""lsb_depth"": 24, ""max_bandwidth"": ""FB"", ""packet_loss_perc"": 0, ""prediction_disabled"": false, ""sample_rate"": 16000, ""signal"": ""voice"", ""vbr"": true, ""vbr_constraint"": false}], ""resample"": [{""keyword_arguments"": [], ""new_freq"": 16000, ""orig_freq"": 48000}]}",True,True,True,True,bitrate
1993-147149-0006,dev-clean,1993,SILK16,16000,446080,True,-43.53455510874956,-44.02776287289142,-0.4932077641418644,0.046277452260255814,0,0,2,218ccef3b3d96d20ffab7a27a3ab70834a936e2d0b4ce3e28441b75db271070a,,False,48000.0,1395.0,1:1395,1.0,False,0,NB,49926.0,14.32596843615495,52211.0,14.981635581061694,92b62aac2d913079ef52f238634b4df60feeb1e41bce2ac56a188efce374c10d,16.0,SILK-NB:1395,20.0:1395,104.0,,"{""decode"": [{""decoded_rate"": 48000}], ""encode"": [{""application"": ""audio"", ""bandwidth"": ""NB"", ""bitrate_bps"": 16000, ""channels"": 1, ""complexity"": 10, ""dtx"": false, ""expert_frame_duration"": ""arg"", ""force_channels"": ""auto"", ""frame_ms"": 20.0, ""inband_fec"": false, ""lsb_depth"": 24, ""max_bandwidth"": ""FB"", ""packet_loss_perc"": 0, ""prediction_disabled"": false, ""sample_rate"": 16000, ""signal"": ""voice"", ""vbr"": true, ""vbr_constraint"": false}], ""resample"": [{""keyword_arguments"": [], ""new_freq"": 16000, ""orig_freq"": 48000}]}",True,True,True,True,bitrate
1993-147149-0006,dev-clean,1993,SILK24,16000,446080,True,-43.53455510874956,-43.879532576475235,-0.34497746772567867,0.046825408935546875,0,0,2,da86f802556b4c79c42dc8a779d3d1668db1c9ed1dff2712aa352a423303611b,,False,48000.0,1395.0,1:1395,1.0,False,0,NB,75277.0,21.600286944045912,77562.0,22.255954088952656,5a9a32ee95084a66a3d2b9ac7e64570917ec1aac8f4ec9be016b7c26e49b9c61,24.0,SILK-NB:1395,20.0:1395,104.0,,"{""decode"": [{""decoded_rate"": 48000}], ""encode"": [{""application"": ""audio"", ""bandwidth"": ""NB"", ""bitrate_bps"": 24000, ""channels"": 1, ""complexity"": 10, ""dtx"": false, ""expert_frame_duration"": ""arg"", ""force_channels"": ""auto"", ""frame_ms"": 20.0, ""inband_fec"": false, ""lsb_depth"": 24, ""max_bandwidth"": ""FB"", ""packet_loss_perc"": 0, ""prediction_disabled"": false, ""sample_rate"": 16000, ""signal"": ""voice"", ""vbr"": true, ""vbr_constraint"": false}], ""resample"": [{""keyword_arguments"": [], ""new_freq"": 16000, ""orig_freq"": 48000}]}",True,True,True,True,bitrate
1993-147149-0006,dev-clean,1993,SILK40,16000,446080,True,-43.53455510874956,-43.793833680543656,-0.2592785717941022,0.047166649252176285,0,0,2,204045aaea8ea89db546de002a5909f112670ea7067634a85b01571aefc76dd5,SILK,True,48000.0,1395.0,1:1395,1.0,False,0,NB,120691.0,34.631563845050216,122976.0,35.28723098995696,99b53a8e317661b6a8fd3d4f8298d480818a02389e7adb4e5ebe1206355ac918,40.0,SILK-NB:1395,20.0:1395,104.0,,"{""decode"": [{""decoded_rate"": 48000}], ""encode"": [{""application"": ""audio"", ""bandwidth"": ""NB"", ""bitrate_bps"": 40000, ""channels"": 1, ""complexity"": 10, ""dtx"": false, ""expert_frame_duration"": ""arg"", ""force_channels"": ""auto"", ""frame_ms"": 20.0, ""inband_fec"": false, ""lsb_depth"": 24, ""max_bandwidth"": ""FB"", ""packet_loss_perc"": 0, ""prediction_disabled"": false, ""sample_rate"": 16000, ""signal"": ""voice"", ""vbr"": true, ""vbr_constraint"": false}], ""resample"": [{""keyword_arguments"": [], ""new_freq"": 16000, ""orig_freq"": 48000}]}",True,True,True,True,bitrate
1993-147149-0014,dev-clean,1993,LP,16000,48880,True,-44.36099447261317,-44.65257209414144,-0.2915776215282715,0.03624678775668144,0,0,0,db874f479b3122e32dbba9bda0ca9630c42fe16f365c406fa8d20d5d3feb84f3,LP,True,,,,,,,,,,,,,,,,,,,,,,,
1993-147149-0014,dev-clean,1993,SILK8,16000,48880,True,-44.36099447261317,-46.19040649259673,-1.8294120199835586,0.034030310809612274,0,0,2,9d42f78c383decc346a464af2c7f272ce682caee36c1726901d725b4d0d405cd,OPUS,True,48000.0,154.0,1:154,1.0,False,0,NB,2355.0,6.166939443535187,2751.0,7.203927986906709,a72d67288deb2f36319632d68653281c4ce2094b7765a8fd71e6fe9962924776,8.0,SILK-NB:154,20.0:154,104.0,,"{""decode"": [{""decoded_rate"": 48000}], ""encode"": [{""application"": ""audio"", ""bandwidth"": ""NB"", ""bitrate_bps"": 8000, ""channels"": 1, ""complexity"": 10, ""dtx"": false, ""expert_frame_duration"": ""arg"", ""force_channels"": ""auto"", ""frame_ms"": 20.0, ""inband_fec"": false, ""lsb_depth"": 24, ""max_bandwidth"": ""FB"", ""packet_loss_perc"": 0, ""prediction_disabled"": false, ""sample_rate"": 16000, ""signal"": ""voice"", ""vbr"": true, ""vbr_constraint"": false}], ""resample"": [{""keyword_arguments"": [], ""new_freq"": 16000, ""orig_freq"": 48000}]}",True,True,True,True,bitrate
1993-147149-0014,dev-clean,1993,SILK12,16000,48880,True,-44.36099447261317,-45.23464667001974,-0.8736521974065713,0.033785123378038406,0,0,2,8443d0ece9c97d3db4cd53689a6df7055df686ddbbdf19a033c9ad8f53c7ef39,,False,48000.0,154.0,1:154,1.0,False,0,NB,3815.0,9.990180032733225,4211.0,11.027168576104746,fd60daddb35cb3d01687fb9f5c4f8379d10e173c02a54af494d25532cd4f9db4,12.0,SILK-NB:154,20.0:154,104.0,,"{""decode"": [{""decoded_rate"": 48000}], ""encode"": [{""application"": ""audio"", ""bandwidth"": ""NB"", ""bitrate_bps"": 12000, ""channels"": 1, ""complexity"": 10, ""dtx"": false, ""expert_frame_duration"": ""arg"", ""force_channels"": ""auto"", ""frame_ms"": 20.0, ""inband_fec"": false, ""lsb_depth"": 24, ""max_bandwidth"": ""FB"", ""packet_loss_perc"": 0, ""prediction_disabled"": false, ""sample_rate"": 16000, ""signal"": ""voice"", ""vbr"": true, ""vbr_constraint"": false}], ""resample"": [{""keyword_arguments"": [], ""new_freq"": 16000, ""orig_freq"": 48000}]}",True,True,True,True,bitrate
1993-147149-0014,dev-clean,1993,SILK16,16000,48880,True,-44.36099447261317,-44.963031321609456,-0.6020368489962825,0.03535856306552887,0,0,2,6b00693a406c92db5ec3c4b4ce1f29e078d63b1f1b250826d8b06e8dd6c222d1,,False,48000.0,154.0,1:154,1.0,False,0,NB,5262.0,13.77937806873977,5658.0,14.816366612111294,62a0bd171d79b8e7995d2cc6901450ba2539e8fb0d199aefe8f1fae6add605b5,16.0,SILK-NB:154,20.0:154,104.0,,"{""decode"": [{""decoded_rate"": 48000}], ""encode"": [{""application"": ""audio"", ""bandwidth"": ""NB"", ""bitrate_bps"": 16000, ""channels"": 1, ""complexity"": 10, ""dtx"": false, ""expert_frame_duration"": ""arg"", ""force_channels"": ""auto"", ""frame_ms"": 20.0, ""inband_fec"": false, ""lsb_depth"": 24, ""max_bandwidth"": ""FB"", ""packet_loss_perc"": 0, ""prediction_disabled"": false, ""sample_rate"": 16000, ""signal"": ""voice"", ""vbr"": true, ""vbr_constraint"": false}], ""resample"": [{""keyword_arguments"": [], ""new_freq"": 16000, ""orig_freq"": 48000}]}",True,True,True,True,bitrate
1993-147149-0014,dev-clean,1993,SILK24,16000,48880,True,-44.36099447261317,-44.79090635777388,-0.4299118851607061,0.034896016120910645,0,0,2,203059448ee3b414b07a1a84299c8c4db13d58a9007efe59b55bcb650dcc7622,,False,48000.0,154.0,1:154,1.0,False,0,NB,7870.0,20.608837970540097,8266.0,21.64582651391162,fad5d1646fbc03dae4990ad2b5a68b01ada40d123056cf5a74090d8ced714e4a,24.0,SILK-NB:154,20.0:154,104.0,,"{""decode"": [{""decoded_rate"": 48000}], ""encode"": [{""application"": ""audio"", ""bandwidth"": ""NB"", ""bitrate_bps"": 24000, ""channels"": 1, ""complexity"": 10, ""dtx"": false, ""expert_frame_duration"": ""arg"", ""force_channels"": ""auto"", ""frame_ms"": 20.0, ""inband_fec"": false, ""lsb_depth"": 24, ""max_bandwidth"": ""FB"", ""packet_loss_perc"": 0, ""prediction_disabled"": false, ""sample_rate"": 16000, ""signal"": ""voice"", ""vbr"": true, ""vbr_constraint"": false}], ""resample"": [{""keyword_arguments"": [], ""new_freq"": 16000, ""orig_freq"": 48000}]}",True,True,True,True,bitrate
1993-147149-0014,dev-clean,1993,SILK40,16000,48880,True,-44.36099447261317,-44.688420633220424,-0.32742616060725405,0.035547830164432526,0,0,2,db0322df381c2d4536e809cb44e18ffbb772efaf7d7fa2001e011990bdadb7ba,SILK,True,48000.0,154.0,1:154,1.0,False,0,NB,12531.0,32.81440261865794,12927.0,33.85139116202946,f7aef0187a962ff65806d7969aa94855c1fbdcee12ad00bd93208810a61b4ec4,40.0,SILK-NB:154,20.0:154,104.0,,"{""decode"": [{""decoded_rate"": 48000}], ""encode"": [{""application"": ""audio"", ""bandwidth"": ""NB"", ""bitrate_bps"": 40000, ""channels"": 1, ""complexity"": 10, ""dtx"": false, ""expert_frame_duration"": ""arg"", ""force_channels"": ""auto"", ""frame_ms"": 20.0, ""inband_fec"": false, ""lsb_depth"": 24, ""max_bandwidth"": ""FB"", ""packet_loss_perc"": 0, ""prediction_disabled"": false, ""sample_rate"": 16000, ""signal"": ""voice"", ""vbr"": true, ""vbr_constraint"": false}], ""resample"": [{""keyword_arguments"": [], ""new_freq"": 16000, ""orig_freq"": 48000}]}",True,True,True,True,bitrate
1993-147149-0020,dev-clean,1993,LP,16000,271680,True,-38.38180007126723,-38.4382271968502,-0.0564271255829719,0.09207320958375931,0,0,0,8ea9f644fcff59eb355a683ece6bc5a4d42d54ce6b141f2af869463760bde93e,LP,True,,,,,,,,,,,,,,,,,,,,,,,
1993-147149-0020,dev-clean,1993,SILK8,16000,271680,True,-38.38180007126723,-39.20459318595427,-0.8227931146870481,0.09315882623195648,0,0,2,3bb8b064621d4c82b790aa7a9ab14697715ca5119a41744c3da29a5a4836edca,OPUS,True,48000.0,850.0,1:850,1.0,False,0,NB,14304.0,6.7392226148409895,15747.0,7.419081272084806,4e4a69007e851e28fa2785251feaf02730332efb125adeb29a3c6642cfffc538,8.0,SILK-NB:850,20.0:850,104.0,,"{""decode"": [{""decoded_rate"": 48000}], ""encode"": [{""application"": ""audio"", ""bandwidth"": ""NB"", ""bitrate_bps"": 8000, ""channels"": 1, ""complexity"": 10, ""dtx"": false, ""expert_frame_duration"": ""arg"", ""force_channels"": ""auto"", ""frame_ms"": 20.0, ""inband_fec"": false, ""lsb_depth"": 24, ""max_bandwidth"": ""FB"", ""packet_loss_perc"": 0, ""prediction_disabled"": false, ""sample_rate"": 16000, ""signal"": ""voice"", ""vbr"": true, ""vbr_constraint"": false}], ""resample"": [{""keyword_arguments"": [], ""new_freq"": 16000, ""orig_freq"": 48000}]}",True,True,True,True,bitrate
1993-147149-0020,dev-clean,1993,SILK12,16000,271680,True,-38.38180007126723,-38.74782606071178,-0.36602598944455694,0.08455100655555725,0,0,2,8a7dc69acd938a26632c70a791d7e061e6246022fcb681043f4f127dc384feba,,False,48000.0,850.0,1:850,1.0,False,0,NB,22530.0,10.614840989399294,23973.0,11.29469964664311,bd66a2db6429346f2004db180a43c9d2d84cd1a4948e40cbf8da7bc4828b031a,12.0,SILK-NB:850,20.0:850,104.0,,"{""decode"": [{""decoded_rate"": 48000}], ""encode"": [{""application"": ""audio"", ""bandwidth"": ""NB"", ""bitrate_bps"": 12000, ""channels"": 1, ""complexity"": 10, ""dtx"": false, ""expert_frame_duration"": ""arg"", ""force_channels"": ""auto"", ""frame_ms"": 20.0, ""inband_fec"": false, ""lsb_depth"": 24, ""max_bandwidth"": ""FB"", ""packet_loss_perc"": 0, ""prediction_disabled"": false, ""sample_rate"": 16000, ""signal"": ""voice"", ""vbr"": true, ""vbr_constraint"": false}], ""resample"": [{""keyword_arguments"": [], ""new_freq"": 16000, ""orig_freq"": 48000}]}",True,True,True,True,bitrate
1993-147149-0020,dev-clean,1993,SILK16,16000,271680,True,-38.38180007126723,-38.6059238688518,-0.22412379758456674,0.08490456640720367,0,0,2,4da5625cf03504f087b68038a9697c0edaaedd82e3bd79b05df1faddf3c5a25a,,False,48000.0,850.0,1:850,1.0,False,0,NB,31090.0,14.647820965842168,32533.0,15.327679623085984,a8e7d1273ff4f9710a1efd4e97958e712b96e69ed25049ce193d04e56ae2c878,16.0,SILK-NB:850,20.0:850,104.0,,"{""decode"": [{""decoded_rate"": 48000}], ""encode"": [{""application"": ""audio"", ""bandwidth"": ""NB"", ""bitrate_bps"": 16000, ""channels"": 1, ""complexity"": 10, ""dtx"": false, ""expert_frame_duration"": ""arg"", ""force_channels"": ""auto"", ""frame_ms"": 20.0, ""inband_fec"": false, ""lsb_depth"": 24, ""max_bandwidth"": ""FB"", ""packet_loss_perc"": 0, ""prediction_disabled"": false, ""sample_rate"": 16000, ""signal"": ""voice"", ""vbr"": true, ""vbr_constraint"": false}], ""resample"": [{""keyword_arguments"": [], ""new_freq"": 16000, ""orig_freq"": 48000}]}",True,True,True,True,bitrate
1993-147149-0020,dev-clean,1993,SILK24,16000,271680,True,-38.38180007126723,-38.513676061471585,-0.1318759902043563,0.08808717876672745,0,0,2,0edfd29fe818b69f397fdd6baccdd4577cc8f16ac4871d0965a52326a1047eff,,False,48000.0,850.0,1:850,1.0,False,0,NB,46932.0,22.111660777385158,48375.0,22.791519434628974,6029ef78de94a690d18b4b1c2c5486de98f26d2741f68e0899485b39f6346dd7,24.0,SILK-NB:850,20.0:850,104.0,,"{""decode"": [{""decoded_rate"": 48000}], ""encode"": [{""application"": ""audio"", ""bandwidth"": ""NB"", ""bitrate_bps"": 24000, ""channels"": 1, ""complexity"": 10, ""dtx"": false, ""expert_frame_duration"": ""arg"", ""force_channels"": ""auto"", ""frame_ms"": 20.0, ""inband_fec"": false, ""lsb_depth"": 24, ""max_bandwidth"": ""FB"", ""packet_loss_perc"": 0, ""prediction_disabled"": false, ""sample_rate"": 16000, ""signal"": ""voice"", ""vbr"": true, ""vbr_constraint"": false}], ""resample"": [{""keyword_arguments"": [], ""new_freq"": 16000, ""orig_freq"": 48000}]}",True,True,True,True,bitrate
1993-147149-0020,dev-clean,1993,SILK40,16000,271680,True,-38.38180007126723,-38.44553350591497,-0.06373343464774855,0.09046871960163116,0,0,2,32170dec4eec6a06a01a6f9ec9a648ff545b611b3c15b20976b282b407d72759,SILK,True,48000.0,850.0,1:850,1.0,False,0,NB,76232.0,35.91613663133098,77675.0,36.59599528857479,5ebff9566793216f49fc61d7b8e3d0541b728711601c20a8437577ccf8719ac5,40.0,SILK-NB:850,20.0:850,104.0,,"{""decode"": [{""decoded_rate"": 48000}], ""encode"": [{""application"": ""audio"", ""bandwidth"": ""NB"", ""bitrate_bps"": 40000, ""channels"": 1, ""complexity"": 10, ""dtx"": false, ""expert_frame_duration"": ""arg"", ""force_channels"": ""auto"", ""frame_ms"": 20.0, ""inband_fec"": false, ""lsb_depth"": 24, ""max_bandwidth"": ""FB"", ""packet_loss_perc"": 0, ""prediction_disabled"": false, ""sample_rate"": 16000, ""signal"": ""voice"", ""vbr"": true, ""vbr_constraint"": false}], ""resample"": [{""keyword_arguments"": [], ""new_freq"": 16000, ""orig_freq"": 48000}]}",True,True,True,True,bitrate
1993-147964-0004,dev-clean,1993,LP,16000,116800,True,-23.70782720513086,-23.920470911511025,-0.21264370638016353,0.4018819332122803,0,0,0,743ab7b6c805da4cbb5863e4d3ec91bc678f4a84de7f6035a7abdcaee968104a,LP,True,,,,,,,,,,,,,,,,,,,,,,,
1993-147964-0004,dev-clean,1993,SILK8,16000,116800,True,-23.70782720513086,-24.49239824904051,-0.7845710439096456,0.471420556306839,0,0,2,a96aa492ce6b09f7cdb284942c75cf3da51a2645484ef8163dad124548cafeba,OPUS,True,48000.0,366.0,1:366,1.0,False,0,NB,6788.0,7.438904109589042,7504.0,8.223561643835618,fb03daf6a98758ec1179938e582336627420bfff7fcda366897b68db81d17e03,8.0,SILK-NB:366,20.0:366,104.0,,"{""decode"": [{""decoded_rate"": 48000}], ""encode"": [{""application"": ""audio"", ""bandwidth"": ""NB"", ""bitrate_bps"": 8000, ""channels"": 1, ""complexity"": 10, ""dtx"": false, ""expert_frame_duration"": ""arg"", ""force_channels"": ""auto"", ""frame_ms"": 20.0, ""inband_fec"": false, ""lsb_depth"": 24, ""max_bandwidth"": ""FB"", ""packet_loss_perc"": 0, ""prediction_disabled"": false, ""sample_rate"": 16000, ""signal"": ""voice"", ""vbr"": true, ""vbr_constraint"": false}], ""resample"": [{""keyword_arguments"": [], ""new_freq"": 16000, ""orig_freq"": 48000}]}",True,True,True,True,bitrate
1993-147964-0004,dev-clean,1993,SILK12,16000,116800,True,-23.70782720513086,-24.24440957010425,-0.5365823649733901,0.4055538773536682,0,0,2,160bcd6e381ac23915df05265d045de44c51d614dc29561e9f98c17fef417607,,False,48000.0,366.0,1:366,1.0,False,0,NB,10509.0,11.516712328767124,11225.0,12.301369863013699,df291daaed07c674e1de3b3d16a1ec961f935db617a085c58e53a29fcf41edfe,12.0,SILK-NB:366,20.0:366,104.0,,"{""decode"": [{""decoded_rate"": 48000}], ""encode"": [{""application"": ""audio"", ""bandwidth"": ""NB"", ""bitrate_bps"": 12000, ""channels"": 1, ""complexity"": 10, ""dtx"": false, ""expert_frame_duration"": ""arg"", ""force_channels"": ""auto"", ""frame_ms"": 20.0, ""inband_fec"": false, ""lsb_depth"": 24, ""max_bandwidth"": ""FB"", ""packet_loss_perc"": 0, ""prediction_disabled"": false, ""sample_rate"": 16000, ""signal"": ""voice"", ""vbr"": true, ""vbr_constraint"": false}], ""resample"": [{""keyword_arguments"": [], ""new_freq"": 16000, ""orig_freq"": 48000}]}",True,True,True,True,bitrate
1993-147964-0004,dev-clean,1993,SILK16,16000,116800,True,-23.70782720513086,-24.13891333680304,-0.4310861316721797,0.39369747042655945,0,0,2,ffd1ede4ec895845a3bfaae45c4e59fbfc56a26e39c872510ad7fbcf1d6e6476,,False,48000.0,366.0,1:366,1.0,False,0,NB,14327.0,15.70082191780822,15043.0,16.485479452054793,5deb8b9d34bafc6ee0c417cd971d18d64c7408996b19ac9d783c97e47c7a258a,16.0,SILK-NB:366,20.0:366,104.0,,"{""decode"": [{""decoded_rate"": 48000}], ""encode"": [{""application"": ""audio"", ""bandwidth"": ""NB"", ""bitrate_bps"": 16000, ""channels"": 1, ""complexity"": 10, ""dtx"": false, ""expert_frame_duration"": ""arg"", ""force_channels"": ""auto"", ""frame_ms"": 20.0, ""inband_fec"": false, ""lsb_depth"": 24, ""max_bandwidth"": ""FB"", ""packet_loss_perc"": 0, ""prediction_disabled"": false, ""sample_rate"": 16000, ""signal"": ""voice"", ""vbr"": true, ""vbr_constraint"": false}], ""resample"": [{""keyword_arguments"": [], ""new_freq"": 16000, ""orig_freq"": 48000}]}",True,True,True,True,bitrate
1993-147964-0004,dev-clean,1993,SILK24,16000,116800,True,-23.70782720513086,-24.03074515766244,-0.3229179525315794,0.40291276574134827,0,0,2,bcd1345d65e3516b4ab5cc55fac8518e8475b34618261c337b91b583621915f3,,False,48000.0,366.0,1:366,1.0,False,0,NB,21809.0,23.90027397260274,22525.0,24.684931506849317,3e6ddd7a874c82ab6ce6c68ff548ebed716816a96590f7ac9c995575ac0c18c9,24.0,SILK-NB:366,20.0:366,104.0,,"{""decode"": [{""decoded_rate"": 48000}], ""encode"": [{""application"": ""audio"", ""bandwidth"": ""NB"", ""bitrate_bps"": 24000, ""channels"": 1, ""complexity"": 10, ""dtx"": false, ""expert_frame_duration"": ""arg"", ""force_channels"": ""auto"", ""frame_ms"": 20.0, ""inband_fec"": false, ""lsb_depth"": 24, ""max_bandwidth"": ""FB"", ""packet_loss_perc"": 0, ""prediction_disabled"": false, ""sample_rate"": 16000, ""signal"": ""voice"", ""vbr"": true, ""vbr_constraint"": false}], ""resample"": [{""keyword_arguments"": [], ""new_freq"": 16000, ""orig_freq"": 48000}]}",True,True,True,True,bitrate
1993-147964-0004,dev-clean,1993,SILK40,16000,116800,True,-23.70782720513086,-23.939223990089474,-0.23139678495861626,0.4572167694568634,0,0,2,f3478d92721549b9392126539eca7edda8705a35ee7633cef96d21a2a80b81e1,SILK,True,48000.0,366.0,1:366,1.0,False,0,NB,36473.0,39.97041095890411,37189.0,40.75506849315068,d0afd4d33c99318b31d686a96e5a3943c5534b5ec4e6175634c172c43a147dfa,40.0,SILK-NB:366,20.0:366,104.0,,"{""decode"": [{""decoded_rate"": 48000}], ""encode"": [{""application"": ""audio"", ""bandwidth"": ""NB"", ""bitrate_bps"": 40000, ""channels"": 1, ""complexity"": 10, ""dtx"": false, ""expert_frame_duration"": ""arg"", ""force_channels"": ""auto"", ""frame_ms"": 20.0, ""inband_fec"": false, ""lsb_depth"": 24, ""max_bandwidth"": ""FB"", ""packet_loss_perc"": 0, ""prediction_disabled"": false, ""sample_rate"": 16000, ""signal"": ""voice"", ""vbr"": true, ""vbr_constraint"": false}], ""resample"": [{""keyword_arguments"": [], ""new_freq"": 16000, ""orig_freq"": 48000}]}",True,True,True,True,bitrate
1993-147965-0003,dev-clean,1993,LP,16000,118000,True,-22.547620341412294,-22.597307863513105,-0.04968752210080922,0.49454355239868164,0,0,0,445d238e8486ea63b8b8ad420aea4e28537a401ef3eb85ad380fbd5d0f96f80d,LP,True,,,,,,,,,,,,,,,,,,,,,,,
1993-147965-0003,dev-clean,1993,SILK8,16000,118000,True,-22.547620341412294,-22.973815565181937,-0.4261952237696419,0.48866117000579834,0,0,2,8b90f251ea30b99e35d38e3fdc313b7fcbc741a0eb9bff0e6c0edf75b7d621a8,OPUS,True,48000.0,370.0,1:370,1.0,False,0,NB,6956.0,7.545491525423729,7676.0,8.32650847457627,8c80d410aaf5f2a4be2895f82e25e1d54c4bb6c42a5f0c0fe3b309e305d52f40,8.0,SILK-NB:370,20.0:370,104.0,,"{""decode"": [{""decoded_rate"": 48000}], ""encode"": [{""application"": ""audio"", ""bandwidth"": ""NB"", ""bitrate_bps"": 8000, ""channels"": 1, ""complexity"": 10, ""dtx"": false, ""expert_frame_duration"": ""arg"", ""force_channels"": ""auto"", ""frame_ms"": 20.0, ""inband_fec"": false, ""lsb_depth"": 24, ""max_bandwidth"": ""FB"", ""packet_loss_perc"": 0, ""prediction_disabled"": false, ""sample_rate"": 16000, ""signal"": ""voice"", ""vbr"": true, ""vbr_constraint"": false}], ""resample"": [{""keyword_arguments"": [], ""new_freq"": 16000, ""orig_freq"": 48000}]}",True,True,True,True,bitrate
1993-147965-0003,dev-clean,1993,SILK12,16000,118000,True,-22.547620341412294,-22.72394669413156,-0.1763263527192619,0.48933887481689453,0,0,2,5c73515981a68a87e0a92638571f0553be4fa4cbcb8e8f7aac87fc9b37ade6e6,,False,48000.0,370.0,1:370,1.0,False,0,NB,10732.0,11.64149152542373,11452.0,12.42250847457627,9524f0cb49547b233d56f79a6afddebbf33a9896ef945b2737eb82ed38f70c41,12.0,SILK-NB:370,20.0:370,104.0,,"{""decode"": [{""decoded_rate"": 48000}], ""encode"": [{""application"": ""audio"", ""bandwidth"": ""NB"", ""bitrate_bps"": 12000, ""channels"": 1, ""complexity"": 10, ""dtx"": false, ""expert_frame_duration"": ""arg"", ""force_channels"": ""auto"", ""frame_ms"": 20.0, ""inband_fec"": false, ""lsb_depth"": 24, ""max_bandwidth"": ""FB"", ""packet_loss_perc"": 0, ""prediction_disabled"": false, ""sample_rate"": 16000, ""signal"": ""voice"", ""vbr"": true, ""vbr_constraint"": false}], ""resample"": [{""keyword_arguments"": [], ""new_freq"": 16000, ""orig_freq"": 48000}]}",True,True,True,True,bitrate
1993-147965-0003,dev-clean,1993,SILK16,16000,118000,True,-22.547620341412294,-22.65657581521174,-0.10895547379944426,0.4783802330493927,0,0,2,d637e5e861406c72c6d80e9ba34b6cde5b530a93455355de65edf730cf4a194f,,False,48000.0,370.0,1:370,1.0,False,0,NB,14558.0,15.791728813559322,15278.0,16.572745762711865,9ee4cb0294de48f5072291c30c2d9aea666d6975d45f83d6d1d67229f6e394eb,16.0,SILK-NB:370,20.0:370,104.0,,"{""decode"": [{""decoded_rate"": 48000}], ""encode"": [{""application"": ""audio"", ""bandwidth"": ""NB"", ""bitrate_bps"": 16000, ""channels"": 1, ""complexity"": 10, ""dtx"": false, ""expert_frame_duration"": ""arg"", ""force_channels"": ""auto"", ""frame_ms"": 20.0, ""inband_fec"": false, ""lsb_depth"": 24, ""max_bandwidth"": ""FB"", ""packet_loss_perc"": 0, ""prediction_disabled"": false, ""sample_rate"": 16000, ""signal"": ""voice"", ""vbr"": true, ""vbr_constraint"": false}], ""resample"": [{""keyword_arguments"": [], ""new_freq"": 16000, ""orig_freq"": 48000}]}",True,True,True,True,bitrate
1993-147965-0003,dev-clean,1993,SILK24,16000,118000,True,-22.547620341412294,-22.62869462970278,-0.08107428829048335,0.4824260175228119,0,0,2,094d7a8414281a59b8eaa33b1e70c806719ff80cfe8f814eeea7530e86687d06,,False,48000.0,370.0,1:370,1.0,False,0,NB,21977.0,23.839457627118644,22697.0,24.620474576271185,a65cda5e6cf4a14a42ed780628847e83ea04062ccd795a68af229dc3b9a600fc,24.0,SILK-NB:370,20.0:370,104.0,,"{""decode"": [{""decoded_rate"": 48000}], ""encode"": [{""application"": ""audio"", ""bandwidth"": ""NB"", ""bitrate_bps"": 24000, ""channels"": 1, ""complexity"": 10, ""dtx"": false, ""expert_frame_duration"": ""arg"", ""force_channels"": ""auto"", ""frame_ms"": 20.0, ""inband_fec"": false, ""lsb_depth"": 24, ""max_bandwidth"": ""FB"", ""packet_loss_perc"": 0, ""prediction_disabled"": false, ""sample_rate"": 16000, ""signal"": ""voice"", ""vbr"": true, ""vbr_constraint"": false}], ""resample"": [{""keyword_arguments"": [], ""new_freq"": 16000, ""orig_freq"": 48000}]}",True,True,True,True,bitrate
1993-147965-0003,dev-clean,1993,SILK40,16000,118000,True,-22.547620341412294,-22.592569773933388,-0.04494943252109546,0.4909197688102722,0,0,2,b8cfa3c89de02958e96428212c0f66fdc425e5882b3b4583f92f4bdb5c249b51,SILK,True,48000.0,370.0,1:370,1.0,False,0,NB,36402.0,39.48691525423729,37122.0,40.267932203389826,daf95f3f6660024cac41853912fbab047cf95547996b68921e139d493e188008,40.0,SILK-NB:370,20.0:370,104.0,,"{""decode"": [{""decoded_rate"": 48000}], ""encode"": [{""application"": ""audio"", ""bandwidth"": ""NB"", ""bitrate_bps"": 40000, ""channels"": 1, ""complexity"": 10, ""dtx"": false, ""expert_frame_duration"": ""arg"", ""force_channels"": ""auto"", ""frame_ms"": 20.0, ""inband_fec"": false, ""lsb_depth"": 24, ""max_bandwidth"": ""FB"", ""packet_loss_perc"": 0, ""prediction_disabled"": false, ""sample_rate"": 16000, ""signal"": ""voice"", ""vbr"": true, ""vbr_constraint"": false}], ""resample"": [{""keyword_arguments"": [], ""new_freq"": 16000, ""orig_freq"": 48000}]}",True,True,True,True,bitrate
3170-137482-0012,dev-clean,3170,LP,16000,47760,True,-24.302543090387218,-24.376240070477856,-0.07369698009063592,0.3820153474807739,0,0,0,c823c38b55e71a40c83e700d8f15f85ba1ecd6b64ef98f8a79487ab4a6b8b34d,LP,True,,,,,,,,,,,,,,,,,,,,,,,
3170-137482-0012,dev-clean,3170,SILK8,16000,47760,True,-24.302543090387218,-25.075064868448983,-0.7725217780617621,0.40460699796676636,0,0,2,7f5bb43dbd69d814865b6532ec3d150a93fdf4b55157574707722d45bee2e619,OPUS,True,48000.0,150.0,1:150,1.0,False,0,NB,2805.0,7.517587939698493,3170.0,8.495812395309883,85ec80bd3d93a5132ff5781dbfd1ab1637de701aba9baa77cfe663fd36a87e57,8.0,SILK-NB:150,20.0:150,104.0,,"{""decode"": [{""decoded_rate"": 48000}], ""encode"": [{""application"": ""audio"", ""bandwidth"": ""NB"", ""bitrate_bps"": 8000, ""channels"": 1, ""complexity"": 10, ""dtx"": false, ""expert_frame_duration"": ""arg"", ""force_channels"": ""auto"", ""frame_ms"": 20.0, ""inband_fec"": false, ""lsb_depth"": 24, ""max_bandwidth"": ""FB"", ""packet_loss_perc"": 0, ""prediction_disabled"": false, ""sample_rate"": 16000, ""signal"": ""voice"", ""vbr"": true, ""vbr_constraint"": false}], ""resample"": [{""keyword_arguments"": [], ""new_freq"": 16000, ""orig_freq"": 48000}]}",True,True,True,True,bitrate
3170-137482-0012,dev-clean,3170,SILK12,16000,47760,True,-24.302543090387218,-24.66086136126714,-0.3583182708799204,0.39035406708717346,0,0,2,7a51be25eb61ac74709e58878f919169813449595293f91603c2c4df330e0891,,False,48000.0,150.0,1:150,1.0,False,0,NB,4341.0,11.634170854271357,4706.0,12.612395309882748,c0f2362efdec7facd281bf30f291d87591d4ea41e0e0063120f26d61aa5e6a94,12.0,SILK-NB:150,20.0:150,104.0,,"{""decode"": [{""decoded_rate"": 48000}], ""encode"": [{""application"": ""audio"", ""bandwidth"": ""NB"", ""bitrate_bps"": 12000, ""channels"": 1, ""complexity"": 10, ""dtx"": false, ""expert_frame_duration"": ""arg"", ""force_channels"": ""auto"", ""frame_ms"": 20.0, ""inband_fec"": false, ""lsb_depth"": 24, ""max_bandwidth"": ""FB"", ""packet_loss_perc"": 0, ""prediction_disabled"": false, ""sample_rate"": 16000, ""signal"": ""voice"", ""vbr"": true, ""vbr_constraint"": false}], ""resample"": [{""keyword_arguments"": [], ""new_freq"": 16000, ""orig_freq"": 48000}]}",True,True,True,True,bitrate
3170-137482-0012,dev-clean,3170,SILK16,16000,47760,True,-24.302543090387218,-24.53980373108298,-0.23726064069575975,0.382773756980896,0,0,2,4b376e8f11609e01eb72181a8416697838dc49ffdc5018530bd258b2aafe6719,,False,48000.0,150.0,1:150,1.0,False,0,NB,5842.0,15.656951423785594,6207.0,16.635175879396986,607fe976de49b1f1539296e478533275f9d84268d006adddd1a6e28266ee082f,16.0,SILK-NB:150,20.0:150,104.0,,"{""decode"": [{""decoded_rate"": 48000}], ""encode"": [{""application"": ""audio"", ""bandwidth"": ""NB"", ""bitrate_bps"": 16000, ""channels"": 1, ""complexity"": 10, ""dtx"": false, ""expert_frame_duration"": ""arg"", ""force_channels"": ""auto"", ""frame_ms"": 20.0, ""inband_fec"": false, ""lsb_depth"": 24, ""max_bandwidth"": ""FB"", ""packet_loss_perc"": 0, ""prediction_disabled"": false, ""sample_rate"": 16000, ""signal"": ""voice"", ""vbr"": true, ""vbr_constraint"": false}], ""resample"": [{""keyword_arguments"": [], ""new_freq"": 16000, ""orig_freq"": 48000}]}",True,True,True,True,bitrate
3170-137482-0012,dev-clean,3170,SILK24,16000,47760,True,-24.302543090387218,-24.438939454095493,-0.13639636370827127,0.3872710168361664,0,0,2,f978bf7e29213ab4154a7e8df84f77f30702d7fab1767fafc31c47d2d4b75e12,,False,48000.0,150.0,1:150,1.0,False,0,NB,8863.0,23.753433835845897,9228.0,24.731658291457286,dedb7afa667a1006aa52a6c127a1af59388122649389c2c80b0bc26ee68bbda4,24.0,SILK-NB:150,20.0:150,104.0,,"{""decode"": [{""decoded_rate"": 48000}], ""encode"": [{""application"": ""audio"", ""bandwidth"": ""NB"", ""bitrate_bps"": 24000, ""channels"": 1, ""complexity"": 10, ""dtx"": false, ""expert_frame_duration"": ""arg"", ""force_channels"": ""auto"", ""frame_ms"": 20.0, ""inband_fec"": false, ""lsb_depth"": 24, ""max_bandwidth"": ""FB"", ""packet_loss_perc"": 0, ""prediction_disabled"": false, ""sample_rate"": 16000, ""signal"": ""voice"", ""vbr"": true, ""vbr_constraint"": false}], ""resample"": [{""keyword_arguments"": [], ""new_freq"": 16000, ""orig_freq"": 48000}]}",True,True,True,True,bitrate
3170-137482-0012,dev-clean,3170,SILK40,16000,47760,True,-24.302543090387218,-24.396365789015057,-0.09382269862783543,0.38458573818206787,0,0,2,72d134b633444a64945328bd4c5fc5b7c1a340bd6e367f0ed2d28110be73444c,SILK,True,48000.0,150.0,1:150,1.0,False,0,NB,14626.0,39.198659966499164,14991.0,40.176884422110554,d335a2040d5e88f6fabf63e98a9e9c45da958fa1b6bcf985ee2eae060e5ba261,40.0,SILK-NB:150,20.0:150,104.0,,"{""decode"": [{""decoded_rate"": 48000}], ""encode"": [{""application"": ""audio"", ""bandwidth"": ""NB"", ""bitrate_bps"": 40000, ""channels"": 1, ""complexity"": 10, ""dtx"": false, ""expert_frame_duration"": ""arg"", ""force_channels"": ""auto"", ""frame_ms"": 20.0, ""inband_fec"": false, ""lsb_depth"": 24, ""max_bandwidth"": ""FB"", ""packet_loss_perc"": 0, ""prediction_disabled"": false, ""sample_rate"": 16000, ""signal"": ""voice"", ""vbr"": true, ""vbr_constraint"": false}], ""resample"": [{""keyword_arguments"": [], ""new_freq"": 16000, ""orig_freq"": 48000}]}",True,True,True,True,bitrate
3170-137482-0019,dev-clean,3170,LP,16000,85280,True,-24.706195765284512,-24.812368633861354,-0.10617286857683988,0.40654027462005615,0,0,0,96024786abc8ad9114c6c2d0edd579f119f482a2162586148235f2f22b5cdbf8,LP,True,,,,,,,,,,,,,,,,,,,,,,,
3170-137482-0019,dev-clean,3170,SILK8,16000,85280,True,-24.706195765284512,-25.436284221007064,-0.730088455722549,0.4322141706943512,0,0,2,629c5200f3b1de4381f065913c918f0b637a225443edc7e5b0d1c24ad808d3ce,OPUS,True,48000.0,267.0,1:267,1.0,False,0,NB,4985.0,7.48217636022514,5548.0,8.327204502814258,a0a406b76aab28cc2da727db071b136152960a76a3ae134f74c5001aa4448ea0,8.0,SILK-NB:267,20.0:267,104.0,,"{""decode"": [{""decoded_rate"": 48000}], ""encode"": [{""application"": ""audio"", ""bandwidth"": ""NB"", ""bitrate_bps"": 8000, ""channels"": 1, ""complexity"": 10, ""dtx"": false, ""expert_frame_duration"": ""arg"", ""force_channels"": ""auto"", ""frame_ms"": 20.0, ""inband_fec"": false, ""lsb_depth"": 24, ""max_bandwidth"": ""FB"", ""packet_loss_perc"": 0, ""prediction_disabled"": false, ""sample_rate"": 16000, ""signal"": ""voice"", ""vbr"": true, ""vbr_constraint"": false}], ""resample"": [{""keyword_arguments"": [], ""new_freq"": 16000, ""orig_freq"": 48000}]}",True,True,True,True,bitrate
3170-137482-0019,dev-clean,3170,SILK12,16000,85280,True,-24.706195765284512,-25.081074217230572,-0.3748784519460564,0.4277240037918091,0,0,2,c1ea5edd123346f2f7e4bc98ba29cb0161a81cc776a8a09a6983a7fbc9583e14,,False,48000.0,267.0,1:267,1.0,False,0,NB,7712.0,11.575234521575986,8275.0,12.420262664165103,77d79cc3507998f3e98274190e0908e52e5af43e13715db5da0a238cdfe554c9,12.0,SILK-NB:267,20.0:267,104.0,,"{""decode"": [{""decoded_rate"": 48000}], ""encode"": [{""application"": ""audio"", ""bandwidth"": ""NB"", ""bitrate_bps"": 12000, ""channels"": 1, ""complexity"": 10, ""dtx"": false, ""expert_frame_duration"": ""arg"", ""force_channels"": ""auto"", ""frame_ms"": 20.0, ""inband_fec"": false, ""lsb_depth"": 24, ""max_bandwidth"": ""FB"", ""packet_loss_perc"": 0, ""prediction_disabled"": false, ""sample_rate"": 16000, ""signal"": ""voice"", ""vbr"": true, ""vbr_constraint"": false}], ""resample"": [{""keyword_arguments"": [], ""new_freq"": 16000, ""orig_freq"": 48000}]}",True,True,True,True,bitrate
3170-137482-0019,dev-clean,3170,SILK16,16000,85280,True,-24.706195765284512,-25.023059356891196,-0.31686359160668415,0.41674870252609253,0,0,2,bca3d344388a4b9fa767e715ded32a4303604c1c0188f1e22aafda3c63d87a3d,,False,48000.0,267.0,1:267,1.0,False,0,NB,10399.0,15.608255159474671,10962.0,16.453283302063788,22ac42a557b17fbb093d2d60c2ff2d7e5d3e32c5ff873a5e12c41f89e8005c45,16.0,SILK-NB:267,20.0:267,104.0,,"{""decode"": [{""decoded_rate"": 48000}], ""encode"": [{""application"": ""audio"", ""bandwidth"": ""NB"", ""bitrate_bps"": 16000, ""channels"": 1, ""complexity"": 10, ""dtx"": false, ""expert_frame_duration"": ""arg"", ""force_channels"": ""auto"", ""frame_ms"": 20.0, ""inband_fec"": false, ""lsb_depth"": 24, ""max_bandwidth"": ""FB"", ""packet_loss_perc"": 0, ""prediction_disabled"": false, ""sample_rate"": 16000, ""signal"": ""voice"", ""vbr"": true, ""vbr_constraint"": false}], ""resample"": [{""keyword_arguments"": [], ""new_freq"": 16000, ""orig_freq"": 48000}]}",True,True,True,True,bitrate
3170-137482-0019,dev-clean,3170,SILK24,16000,85280,True,-24.706195765284512,-24.91139796583009,-0.20520220054557395,0.4118240475654602,0,0,2,348423a696fcc5547927c3f090108513fe3e045bc3a871336cfde8fd2c7befd1,,False,48000.0,267.0,1:267,1.0,False,0,NB,15691.0,23.55121951219512,16254.0,24.39624765478424,734bacc776507e0a755d02050577ddb06872812a9f2487b9fcddc8acbab9d5f7,24.0,SILK-NB:267,20.0:267,104.0,,"{""decode"": [{""decoded_rate"": 48000}], ""encode"": [{""application"": ""audio"", ""bandwidth"": ""NB"", ""bitrate_bps"": 24000, ""channels"": 1, ""complexity"": 10, ""dtx"": false, ""expert_frame_duration"": ""arg"", ""force_channels"": ""auto"", ""frame_ms"": 20.0, ""inband_fec"": false, ""lsb_depth"": 24, ""max_bandwidth"": ""FB"", ""packet_loss_perc"": 0, ""prediction_disabled"": false, ""sample_rate"": 16000, ""signal"": ""voice"", ""vbr"": true, ""vbr_constraint"": false}], ""resample"": [{""keyword_arguments"": [], ""new_freq"": 16000, ""orig_freq"": 48000}]}",True,True,True,True,bitrate
3170-137482-0019,dev-clean,3170,SILK40,16000,85280,True,-24.706195765284512,-24.838093049017242,-0.13189728373272872,0.41174638271331787,0,0,2,f18f7d0a1f35501ae6bb0ac38a9986f6e718a67cd9394fce2666bb76551dd73a,SILK,True,48000.0,267.0,1:267,1.0,False,0,NB,25944.0,38.94033771106942,26507.0,39.78536585365853,895a830f7ac5db90b091e45803f9761bf93f6d94bee7e2b9282fbab4030ac3be,40.0,SILK-NB:267,20.0:267,104.0,,"{""decode"": [{""decoded_rate"": 48000}], ""encode"": [{""application"": ""audio"", ""bandwidth"": ""NB"", ""bitrate_bps"": 40000, ""channels"": 1, ""complexity"": 10, ""dtx"": false, ""expert_frame_duration"": ""arg"", ""force_channels"": ""auto"", ""frame_ms"": 20.0, ""inband_fec"": false, ""lsb_depth"": 24, ""max_bandwidth"": ""FB"", ""packet_loss_perc"": 0, ""prediction_disabled"": false, ""sample_rate"": 16000, ""signal"": ""voice"", ""vbr"": true, ""vbr_constraint"": false}], ""resample"": [{""keyword_arguments"": [], ""new_freq"": 16000, ""orig_freq"": 48000}]}",True,True,True,True,bitrate
3170-137482-0025,dev-clean,3170,LP,16000,119120,True,-22.71365793551489,-22.820225237059205,-0.10656730154430964,0.41497480869293213,0,0,0,6b2b7b3c38fec5f1dfe7553a0cbcb3bfa61d218293a5c05266608dc5d4dc5a5c,LP,True,,,,,,,,,,,,,,,,,,,,,,,
3170-137482-0025,dev-clean,3170,SILK8,16000,119120,True,-22.71365793551489,-23.59803326721073,-0.8843753316958378,0.431122750043869,0,0,2,733cd6edc4204e882963d35045c688bf34278e50ca098b5de1e40727e335376a,OPUS,True,48000.0,373.0,1:373,1.0,False,0,NB,6964.0,7.483143049026192,7687.0,8.260040295500335,e705716a3546987eedc294837407625ffb11166f91a900ce59d9d360747ce4d1,8.0,SILK-NB:373,20.0:373,104.0,,"{""decode"": [{""decoded_rate"": 48000}], ""encode"": [{""application"": ""audio"", ""bandwidth"": ""NB"", ""bitrate_bps"": 8000, ""channels"": 1, ""complexity"": 10, ""dtx"": false, ""expert_frame_duration"": ""arg"", ""force_channels"": ""auto"", ""frame_ms"": 20.0, ""inband_fec"": false, ""lsb_depth"": 24, ""max_bandwidth"": ""FB"", ""packet_loss_perc"": 0, ""prediction_disabled"": false, ""sample_rate"": 16000, ""signal"": ""voice"", ""vbr"": true, ""vbr_constraint"": false}], ""resample"": [{""keyword_arguments"": [], ""new_freq"": 16000, ""orig_freq"": 48000}]}",True,True,True,True,bitrate
3170-137482-0025,dev-clean,3170,SILK12,16000,119120,True,-22.71365793551489,-23.1143822085954,-0.4007242730805096,0.45619502663612366,0,0,2,a29a6574f68d6aac664d6dfa44f8a2d04a715c045fb23df01547b8aa2b5ea899,,False,48000.0,373.0,1:373,1.0,False,0,NB,10730.0,11.529885829415715,11453.0,12.306783075889857,d391d28c77aebe4be2239764ad2123149952fa1c55718557b018271da157264e,12.0,SILK-NB:373,20.0:373,104.0,,"{""decode"": [{""decoded_rate"": 48000}], ""encode"": [{""application"": ""audio"", ""bandwidth"": ""NB"", ""bitrate_bps"": 12000, ""channels"": 1, ""complexity"": 10, ""dtx"": false, ""expert_frame_duration"": ""arg"", ""force_channels"": ""auto"", ""frame_ms"": 20.0, ""inband_fec"": false, ""lsb_depth"": 24, ""max_bandwidth"": ""FB"", ""packet_loss_perc"": 0, ""prediction_disabled"": false, ""sample_rate"": 16000, ""signal"": ""voice"", ""vbr"": true, ""vbr_constraint"": false}], ""resample"": [{""keyword_arguments"": [], ""new_freq"": 16000, ""orig_freq"": 48000}]}",True,True,True,True,bitrate
3170-137482-0025,dev-clean,3170,SILK16,16000,119120,True,-22.71365793551489,-22.984659152611325,-0.27100121709643027,0.41962867975234985,0,0,2,0f90003abc8d92eebf147ba83f1de3fd877ed2a97de3d3caf37fc6dc1224fe28,,False,48000.0,373.0,1:373,1.0,False,0,NB,14479.0,15.558361316319678,15202.0,16.335258562793822,0ab5b290d2b5992c6a652835a0d141a4e868732edb3bbe9a388d454eb5e5fa4a,16.0,SILK-NB:373,20.0:373,104.0,,"{""decode"": [{""decoded_rate"": 48000}], ""encode"": [{""application"": ""audio"", ""bandwidth"": ""NB"", ""bitrate_bps"": 16000, ""channels"": 1, ""complexity"": 10, ""dtx"": false, ""expert_frame_duration"": ""arg"", ""force_channels"": ""auto"", ""frame_ms"": 20.0, ""inband_fec"": false, ""lsb_depth"": 24, ""max_bandwidth"": ""FB"", ""packet_loss_perc"": 0, ""prediction_disabled"": false, ""sample_rate"": 16000, ""signal"": ""voice"", ""vbr"": true, ""vbr_constraint"": false}], ""resample"": [{""keyword_arguments"": [], ""new_freq"": 16000, ""orig_freq"": 48000}]}",True,True,True,True,bitrate
3170-137482-0025,dev-clean,3170,SILK24,16000,119120,True,-22.71365793551489,-22.91006849387738,-0.1964105583624816,0.4197142720222473,0,0,2,08331c49ace9825ddaf4edcc3f365b5801766141c909bdfd5117903eab86e280,,False,48000.0,373.0,1:373,1.0,False,0,NB,21854.0,23.483143049026193,22577.0,24.260040295500335,57533e417f209e4543a57ab087e1ab9985bbd8fc9737c50a80a20be6174d7889,24.0,SILK-NB:373,20.0:373,104.0,,"{""decode"": [{""decoded_rate"": 48000}], ""encode"": [{""application"": ""audio"", ""bandwidth"": ""NB"", ""bitrate_bps"": 24000, ""channels"": 1, ""complexity"": 10, ""dtx"": false, ""expert_frame_duration"": ""arg"", ""force_channels"": ""auto"", ""frame_ms"": 20.0, ""inband_fec"": false, ""lsb_depth"": 24, ""max_bandwidth"": ""FB"", ""packet_loss_perc"": 0, ""prediction_disabled"": false, ""sample_rate"": 16000, ""signal"": ""voice"", ""vbr"": true, ""vbr_constraint"": false}], ""resample"": [{""keyword_arguments"": [], ""new_freq"": 16000, ""orig_freq"": 48000}]}",True,True,True,True,bitrate
3170-137482-0025,dev-clean,3170,SILK40,16000,119120,True,-22.71365793551489,-22.844446850780628,-0.13078891526573375,0.4162614047527313,0,0,2,c5ca9960f369fbed34d1889d4615ca7f2c5a34f28e9936b9648a2726798f9355,SILK,True,48000.0,373.0,1:373,1.0,False,0,NB,35975.0,38.65681665547347,36698.0,39.43371390194762,0f9678f565916cb1040dec5836c5ef6ad3bb117f872be95995ecc69603ed7ec8,40.0,SILK-NB:373,20.0:373,104.0,,"{""decode"": [{""decoded_rate"": 48000}], ""encode"": [{""application"": ""audio"", ""bandwidth"": ""NB"", ""bitrate_bps"": 40000, ""channels"": 1, ""complexity"": 10, ""dtx"": false, ""expert_frame_duration"": ""arg"", ""force_channels"": ""auto"", ""frame_ms"": 20.0, ""inband_fec"": false, ""lsb_depth"": 24, ""max_bandwidth"": ""FB"", ""packet_loss_perc"": 0, ""prediction_disabled"": false, ""sample_rate"": 16000, ""signal"": ""voice"", ""vbr"": true, ""vbr_constraint"": false}], ""resample"": [{""keyword_arguments"": [], ""new_freq"": 16000, ""orig_freq"": 48000}]}",True,True,True,True,bitrate
3170-137482-0033,dev-clean,3170,LP,16000,39440,True,-23.240519638935083,-23.454866371945094,-0.214346733010005,0.3945383131504059,0,0,0,63616747e1adf790cab9b8532c299caec9bd0070973fabb77057c01db83264c7,LP,True,,,,,,,,,,,,,,,,,,,,,,,
3170-137482-0033,dev-clean,3170,SILK8,16000,39440,True,-23.240519638935083,-24.135323439446292,-0.8948038005112037,0.4019469916820526,0,0,2,701eac5e1615ee56352f463ce0db78c47e92fd1328f3224f05fba0ab6378c8e0,OPUS,True,48000.0,124.0,1:124,1.0,False,0,NB,2236.0,7.256795131845842,2575.0,8.356997971602436,bcccc1f5fd0419db82e49236770f81491121c26b097396bc76d4c1408a20adaf,8.0,SILK-NB:124,20.0:124,104.0,,"{""decode"": [{""decoded_rate"": 48000}], ""encode"": [{""application"": ""audio"", ""bandwidth"": ""NB"", ""bitrate_bps"": 8000, ""channels"": 1, ""complexity"": 10, ""dtx"": false, ""expert_frame_duration"": ""arg"", ""force_channels"": ""auto"", ""frame_ms"": 20.0, ""inband_fec"": false, ""lsb_depth"": 24, ""max_bandwidth"": ""FB"", ""packet_loss_perc"": 0, ""prediction_disabled"": false, ""sample_rate"": 16000, ""signal"": ""voice"", ""vbr"": true, ""vbr_constraint"": false}], ""resample"": [{""keyword_arguments"": [], ""new_freq"": 16000, ""orig_freq"": 48000}]}",True,True,True,True,bitrate
3170-137482-0033,dev-clean,3170,SILK12,16000,39440,True,-23.240519638935083,-23.78204388022633,-0.5415242412912438,0.3945412337779999,0,0,2,c4af90accaac3f46ca6d125b319eae81b918c4d7de1e8ac6cd9d0dbbc1c2745a,,False,48000.0,124.0,1:124,1.0,False,0,NB,3534.0,11.469371196754564,3873.0,12.569574036511156,bfe270bc8cd1afb7ff605d3b8455b8e380dd3fb2d1a5bc845f985b2f86246192,12.0,SILK-NB:124,20.0:124,104.0,,"{""decode"": [{""decoded_rate"": 48000}], ""encode"": [{""application"": ""audio"", ""bandwidth"": ""NB"", ""bitrate_bps"": 12000, ""channels"": 1, ""complexity"": 10, ""dtx"": false, ""expert_frame_duration"": ""arg"", ""force_channels"": ""auto"", ""frame_ms"": 20.0, ""inband_fec"": false, ""lsb_depth"": 24, ""max_bandwidth"": ""FB"", ""packet_loss_perc"": 0, ""prediction_disabled"": false, ""sample_rate"": 16000, ""signal"": ""voice"", ""vbr"": true, ""vbr_constraint"": false}], ""resample"": [{""keyword_arguments"": [], ""new_freq"": 16000, ""orig_freq"": 48000}]}",True,True,True,True,bitrate
3170-137482-0033,dev-clean,3170,SILK16,16000,39440,True,-23.240519638935083,-23.636394413609754,-0.3958747746746657,0.37907320261001587,0,0,2,a3373ce1aca0934132781ce01be3e092f829d59a02d3cc53130953e412dd9487,,False,48000.0,124.0,1:124,1.0,False,0,NB,4774.0,15.49371196754564,5113.0,16.593914807302234,3bce91c10f40424538f95ea194c94d79c9e8d29cb2f457cf4db706510d81f3d4,16.0,SILK-NB:124,20.0:124,104.0,,"{""decode"": [{""decoded_rate"": 48000}], ""encode"": [{""application"": ""audio"", ""bandwidth"": ""NB"", ""bitrate_bps"": 16000, ""channels"": 1, ""complexity"": 10, ""dtx"": false, ""expert_frame_duration"": ""arg"", ""force_channels"": ""auto"", ""frame_ms"": 20.0, ""inband_fec"": false, ""lsb_depth"": 24, ""max_bandwidth"": ""FB"", ""packet_loss_perc"": 0, ""prediction_disabled"": false, ""sample_rate"": 16000, ""signal"": ""voice"", ""vbr"": true, ""vbr_constraint"": false}], ""resample"": [{""keyword_arguments"": [], ""new_freq"": 16000, ""orig_freq"": 48000}]}",True,True,True,True,bitrate
3170-137482-0033,dev-clean,3170,SILK24,16000,39440,True,-23.240519638935083,-23.519459732927128,-0.27894009399204395,0.3864801526069641,0,0,2,acfc6b030379d631b23fdde85ab3bc6930e9a5076197c5a1cf1504a70cfe5eb1,,False,48000.0,124.0,1:124,1.0,False,0,NB,7239.0,23.493711967545643,7578.0,24.593914807302234,348beaf144000d59437b7c17207a2644f71c1f6c31bde14a9df136e5a2f8cc2f,24.0,SILK-NB:124,20.0:124,104.0,,"{""decode"": [{""decoded_rate"": 48000}], ""encode"": [{""application"": ""audio"", ""bandwidth"": ""NB"", ""bitrate_bps"": 24000, ""channels"": 1, ""complexity"": 10, ""dtx"": false, ""expert_frame_duration"": ""arg"", ""force_channels"": ""auto"", ""frame_ms"": 20.0, ""inband_fec"": false, ""lsb_depth"": 24, ""max_bandwidth"": ""FB"", ""packet_loss_perc"": 0, ""prediction_disabled"": false, ""sample_rate"": 16000, ""signal"": ""voice"", ""vbr"": true, ""vbr_constraint"": false}], ""resample"": [{""keyword_arguments"": [], ""new_freq"": 16000, ""orig_freq"": 48000}]}",True,True,True,True,bitrate
3170-137482-0033,dev-clean,3170,SILK40,16000,39440,True,-23.240519638935083,-23.475881793629636,-0.23536215469454835,0.3911447823047638,0,0,2,1bef023370988de175e3f7a0a16a936054ce1e14c918256db144d7e8fc9a0bd0,SILK,True,48000.0,124.0,1:124,1.0,False,0,NB,11825.0,38.37728194726167,12164.0,39.477484787018255,11306e4110c02e0c98e34f7f592a2366af9773c04d4795b961f5f6b49c118365,40.0,SILK-NB:124,20.0:124,104.0,,"{""decode"": [{""decoded_rate"": 48000}], ""encode"": [{""application"": ""audio"", ""bandwidth"": ""NB"", ""bitrate_bps"": 40000, ""channels"": 1, ""complexity"": 10, ""dtx"": false, ""expert_frame_duration"": ""arg"", ""force_channels"": ""auto"", ""frame_ms"": 20.0, ""inband_fec"": false, ""lsb_depth"": 24, ""max_bandwidth"": ""FB"", ""packet_loss_perc"": 0, ""prediction_disabled"": false, ""sample_rate"": 16000, ""signal"": ""voice"", ""vbr"": true, ""vbr_constraint"": false}], ""resample"": [{""keyword_arguments"": [], ""new_freq"": 16000, ""orig_freq"": 48000}]}",True,True,True,True,bitrate
3170-137482-0040,dev-clean,3170,LP,16000,212080,True,-23.110561961451253,-23.225756808158792,-0.11519484670754121,0.4146049916744232,0,0,0,56f3171d2e8e6ce78424bdd31307cf8fd226437d0dbcf8952b6df30188d38f23,LP,True,,,,,,,,,,,,,,,,,,,,,,,
3170-137482-0040,dev-clean,3170,SILK8,16000,212080,True,-23.110561961451253,-23.807871464112477,-0.6973095026612253,0.45493948459625244,0,0,2,4cb17310908838d425f6691f4ccc0c09d39999641b40dd3d0ebc46ce0585ec5a,OPUS,True,48000.0,664.0,1:664,1.0,False,0,NB,12527.0,7.560618634477555,13703.0,8.270388532629196,f88bc28725ba3ecf5e8d0e793c0ba9616ee3a46d285ba0fa65883a76f0af4ec6,8.0,SILK-NB:664,20.0:664,104.0,,"{""decode"": [{""decoded_rate"": 48000}], ""encode"": [{""application"": ""audio"", ""bandwidth"": ""NB"", ""bitrate_bps"": 8000, ""channels"": 1, ""complexity"": 10, ""dtx"": false, ""expert_frame_duration"": ""arg"", ""force_channels"": ""auto"", ""frame_ms"": 20.0, ""inband_fec"": false, ""lsb_depth"": 24, ""max_bandwidth"": ""FB"", ""packet_loss_perc"": 0, ""prediction_disabled"": false, ""sample_rate"": 16000, ""signal"": ""voice"", ""vbr"": true, ""vbr_constraint"": false}], ""resample"": [{""keyword_arguments"": [], ""new_freq"": 16000, ""orig_freq"": 48000}]}",True,True,True,True,bitrate
3170-137482-0040,dev-clean,3170,SILK12,16000,212080,True,-23.110561961451253,-23.480709375328065,-0.37014741387681405,0.42422327399253845,0,0,2,b14cddc62d5b2a01287c22cfd8b562744531fb4a2295e161c1f269d0f97dc3b8,,False,48000.0,664.0,1:664,1.0,False,0,NB,19165.0,11.566955865711051,20341.0,12.276725763862693,e515f6bd8668a8286adad002bf7400590a5bb6e73556b48e669892345ad9c119,12.0,SILK-NB:664,20.0:664,104.0,,"{""decode"": [{""decoded_rate"": 48000}], ""encode"": [{""application"": ""audio"", ""bandwidth"": ""NB"", ""bitrate_bps"": 12000, ""channels"": 1, ""complexity"": 10, ""dtx"": false, ""expert_frame_duration"": ""arg"", ""force_channels"": ""auto"", ""frame_ms"": 20.0, ""inband_fec"": false, ""lsb_depth"": 24, ""max_bandwidth"": ""FB"", ""packet_loss_perc"": 0, ""prediction_disabled"": false, ""sample_rate"": 16000, ""signal"": ""voice"", ""vbr"": true, ""vbr_constraint"": false}], ""resample"": [{""keyword_arguments"": [], ""new_freq"": 16000, ""orig_freq"": 48000}]}",True,True,True,True,bitrate
3170-137482-0040,dev-clean,3170,SILK16,16000,212080,True,-23.110561961451253,-23.379115444651394,-0.26855348320014055,0.4061514437198639,0,0,2,0a9864ccfc3e9f9760e73ec1c44323d339d096fd26689d52cb1e274b26bcfcc8,,False,48000.0,664.0,1:664,1.0,False,0,NB,25801.0,15.572086005281026,26977.0,16.281855903432668,31e5e359067a447d1a42f768ba5df65278ab549245db24702e6dbb5783b13d6c,16.0,SILK-NB:664,20.0:664,104.0,,"{""decode"": [{""decoded_rate"": 48000}], ""encode"": [{""application"": ""audio"", ""bandwidth"": ""NB"", ""bitrate_bps"": 16000, ""channels"": 1, ""complexity"": 10, ""dtx"": false, ""expert_frame_duration"": ""arg"", ""force_channels"": ""auto"", ""frame_ms"": 20.0, ""inband_fec"": false, ""lsb_depth"": 24, ""max_bandwidth"": ""FB"", ""packet_loss_perc"": 0, ""prediction_disabled"": false, ""sample_rate"": 16000, ""signal"": ""voice"", ""vbr"": true, ""vbr_constraint"": false}], ""resample"": [{""keyword_arguments"": [], ""new_freq"": 16000, ""orig_freq"": 48000}]}",True,True,True,True,bitrate
3170-137482-0040,dev-clean,3170,SILK24,16000,212080,True,-23.110561961451253,-23.2960794349587,-0.18551747350744915,0.4211159646511078,0,0,2,57bee14f7caf210244d38ceac28ad4e266ea669525f828d93764a11d18a62739,,False,48000.0,664.0,1:664,1.0,False,0,NB,38822.0,23.43085628064881,39998.0,24.140626178800453,aa5db35f59532d69e99f3070271cc352ee606475aad0fb64ea2273c90198e549,24.0,SILK-NB:664,20.0:664,104.0,,"{""decode"": [{""decoded_rate"": 48000}], ""encode"": [{""application"": ""audio"", ""bandwidth"": ""NB"", ""bitrate_bps"": 24000, ""channels"": 1, ""complexity"": 10, ""dtx"": false, ""expert_frame_duration"": ""arg"", ""force_channels"": ""auto"", ""frame_ms"": 20.0, ""inband_fec"": false, ""lsb_depth"": 24, ""max_bandwidth"": ""FB"", ""packet_loss_perc"": 0, ""prediction_disabled"": false, ""sample_rate"": 16000, ""signal"": ""voice"", ""vbr"": true, ""vbr_constraint"": false}], ""resample"": [{""keyword_arguments"": [], ""new_freq"": 16000, ""orig_freq"": 48000}]}",True,True,True,True,bitrate
3170-137482-0040,dev-clean,3170,SILK40,16000,212080,True,-23.110561961451253,-23.2471720588291,-0.13661009737784774,0.42451077699661255,0,0,2,b94ed21da96d091bfd19a6ffb42945d8f70f17d375939157f4a064778efafdbc,SILK,True,48000.0,664.0,1:664,1.0,False,0,NB,63718.0,38.45673330818559,64894.0,39.166503206337225,ffb10c295756f4ad9ec31092d2c8ce8d01acec133db5b79be91c8d7c04d8637e,40.0,SILK-NB:664,20.0:664,104.0,,"{""decode"": [{""decoded_rate"": 48000}], ""encode"": [{""application"": ""audio"", ""bandwidth"": ""NB"", ""bitrate_bps"": 40000, ""channels"": 1, ""complexity"": 10, ""dtx"": false, ""expert_frame_duration"": ""arg"", ""force_channels"": ""auto"", ""frame_ms"": 20.0, ""inband_fec"": false, ""lsb_depth"": 24, ""max_bandwidth"": ""FB"", ""packet_loss_perc"": 0, ""prediction_disabled"": false, ""sample_rate"": 16000, ""signal"": ""voice"", ""vbr"": true, ""vbr_constraint"": false}], ""resample"": [{""keyword_arguments"": [], ""new_freq"": 16000, ""orig_freq"": 48000}]}",True,True,True,True,bitrate
3536-23268-0001,dev-clean,3536,LP,16000,254480,True,-23.284947043817873,-23.354647425677733,-0.06970038185986463,0.894396185874939,0,0,0,74fa927e8c983a530bd453e763f32deaf628140ff8158c2631aa0f916fbe2ddd,LP,True,,,,,,,,,,,,,,,,,,,,,,,
3536-23268-0001,dev-clean,3536,SILK8,16000,254480,True,-23.284947043817873,-23.651017156293296,-0.36607011247542787,0.8881027102470398,0,0,2,675131acb6def329476073b86172b0cb5ad97671a8742c0a061aa268a21b5d0c,OPUS,True,48000.0,796.0,1:796,1.0,False,0,NB,15178.0,7.634328827412763,16540.0,8.319396416221315,4bac45685868577d2bd235bcf64a9f5b4ec543600d9d0cc6ba54dd661f3bd6a0,8.0,SILK-NB:796,20.0:796,104.0,,"{""decode"": [{""decoded_rate"": 48000}], ""encode"": [{""application"": ""audio"", ""bandwidth"": ""NB"", ""bitrate_bps"": 8000, ""channels"": 1, ""complexity"": 10, ""dtx"": false, ""expert_frame_duration"": ""arg"", ""force_channels"": ""auto"", ""frame_ms"": 20.0, ""inband_fec"": false, ""lsb_depth"": 24, ""max_bandwidth"": ""FB"", ""packet_loss_perc"": 0, ""prediction_disabled"": false, ""sample_rate"": 16000, ""signal"": ""voice"", ""vbr"": true, ""vbr_constraint"": false}], ""resample"": [{""keyword_arguments"": [], ""new_freq"": 16000, ""orig_freq"": 48000}]}",True,True,True,True,bitrate
3536-23268-0001,dev-clean,3536,SILK12,16000,254480,True,-23.284947043817873,-23.585616288837528,-0.3006692450196614,0.8638896942138672,0,0,2,7500954144d74796daf2eae2321df8c15cf53c0ce32985eb428a9663927e414b,,False,48000.0,796.0,1:796,1.0,False,0,NB,23268.0,11.703489468720528,24630.0,12.388557057529079,8919fa8f40b7070d92b8a9de772f9ff20a88a9a51976060df5d7e5861d15ecc8,12.0,SILK-NB:796,20.0:796,104.0,,"{""decode"": [{""decoded_rate"": 48000}], ""encode"": [{""application"": ""audio"", ""bandwidth"": ""NB"", ""bitrate_bps"": 12000, ""channels"": 1, ""complexity"": 10, ""dtx"": false, ""expert_frame_duration"": ""arg"", ""force_channels"": ""auto"", ""frame_ms"": 20.0, ""inband_fec"": false, ""lsb_depth"": 24, ""max_bandwidth"": ""FB"", ""packet_loss_perc"": 0, ""prediction_disabled"": false, ""sample_rate"": 16000, ""signal"": ""voice"", ""vbr"": true, ""vbr_constraint"": false}], ""resample"": [{""keyword_arguments"": [], ""new_freq"": 16000, ""orig_freq"": 48000}]}",True,True,True,True,bitrate
3536-23268-0001,dev-clean,3536,SILK16,16000,254480,True,-23.284947043817873,-23.51818286011873,-0.23323581630085854,0.8502199053764343,0,0,2,52f2d880bfa55ac53ae72c38fb3506b6e27152ce1940e2630a8791c67e8be1bc,,False,48000.0,796.0,1:796,1.0,False,0,NB,31392.0,15.789751650424396,32754.0,16.474819239232946,e80a202713d5b741ed7a871a506e0a4a5f30b71172dbe4f637f233a2975d113b,16.0,SILK-NB:796,20.0:796,104.0,,"{""decode"": [{""decoded_rate"": 48000}], ""encode"": [{""application"": ""audio"", ""bandwidth"": ""NB"", ""bitrate_bps"": 16000, ""channels"": 1, ""complexity"": 10, ""dtx"": false, ""expert_frame_duration"": ""arg"", ""force_channels"": ""auto"", ""frame_ms"": 20.0, ""inband_fec"": false, ""lsb_depth"": 24, ""max_bandwidth"": ""FB"", ""packet_loss_perc"": 0, ""prediction_disabled"": false, ""sample_rate"": 16000, ""signal"": ""voice"", ""vbr"": true, ""vbr_constraint"": false}], ""resample"": [{""keyword_arguments"": [], ""new_freq"": 16000, ""orig_freq"": 48000}]}",True,True,True,True,bitrate
3536-23268-0001,dev-clean,3536,SILK24,16000,254480,True,-23.284947043817873,-23.464179096755416,-0.17923205293754937,0.8646743893623352,0,0,2,a1361a6189d5c50803f833f3e267dfb58ec3ddbba4f17f78649af4a09bf588e5,,False,48000.0,796.0,1:796,1.0,False,0,NB,47390.0,23.836529393272556,48752.0,24.521596982081107,8d24a0f33036d390dd5fadf305ad8eca7ccfe7d074ec98eb79c7bdf2886d5c49,24.0,SILK-NB:796,20.0:796,104.0,,"{""decode"": [{""decoded_rate"": 48000}], ""encode"": [{""application"": ""audio"", ""bandwidth"": ""NB"", ""bitrate_bps"": 24000, ""channels"": 1, ""complexity"": 10, ""dtx"": false, ""expert_frame_duration"": ""arg"", ""force_channels"": ""auto"", ""frame_ms"": 20.0, ""inband_fec"": false, ""lsb_depth"": 24, ""max_bandwidth"": ""FB"", ""packet_loss_perc"": 0, ""prediction_disabled"": false, ""sample_rate"": 16000, ""signal"": ""voice"", ""vbr"": true, ""vbr_constraint"": false}], ""resample"": [{""keyword_arguments"": [], ""new_freq"": 16000, ""orig_freq"": 48000}]}",True,True,True,True,bitrate
3536-23268-0001,dev-clean,3536,SILK40,16000,254480,True,-23.284947043817873,-23.3906774726508,-0.10573042883293074,0.8938280344009399,0,0,2,b0863ae2823b430b760fa1eaa18fdb92526d11448bbc6c93dbf864f78b20488c,SILK,True,48000.0,796.0,1:796,1.0,False,0,NB,79095.0,39.78371581263754,80457.0,40.46878340144609,c9253eca2902fd76450dcaf6d22a27615195aff2cd6487fe44fedea62c85c677,40.0,SILK-NB:796,20.0:796,104.0,,"{""decode"": [{""decoded_rate"": 48000}], ""encode"": [{""application"": ""audio"", ""bandwidth"": ""NB"", ""bitrate_bps"": 40000, ""channels"": 1, ""complexity"": 10, ""dtx"": false, ""expert_frame_duration"": ""arg"", ""force_channels"": ""auto"", ""frame_ms"": 20.0, ""inband_fec"": false, ""lsb_depth"": 24, ""max_bandwidth"": ""FB"", ""packet_loss_perc"": 0, ""prediction_disabled"": false, ""sample_rate"": 16000, ""signal"": ""voice"", ""vbr"": true, ""vbr_constraint"": false}], ""resample"": [{""keyword_arguments"": [], ""new_freq"": 16000, ""orig_freq"": 48000}]}",True,True,True,True,bitrate
3536-23268-0019,dev-clean,3536,LP,16000,162640,True,-25.856211839450246,-25.996293892277095,-0.1400820528268469,0.49137017130851746,0,0,0,eac4edc107384a222da271f119e1902758cbc00ddab19a691962f6f84ee0198e,LP,True,,,,,,,,,,,,,,,,,,,,,,,
3536-23268-0019,dev-clean,3536,SILK8,16000,162640,True,-25.856211839450246,-26.38029599975873,-0.5240841603084814,0.45939093828201294,0,0,2,d00e6a7415564524ab8b55689b20165682bb1af6c930a0512758be669af45ee5,OPUS,True,48000.0,509.0,1:509,1.0,False,0,NB,9750.0,7.6733890801770785,10690.0,8.413182488932613,9a1729850bfc6818ad9f85a3de021d48c357ad2f8623d1bd32deabdadaa7fa9c,8.0,SILK-NB:509,20.0:509,104.0,,"{""decode"": [{""decoded_rate"": 48000}], ""encode"": [{""application"": ""audio"", ""bandwidth"": ""NB"", ""bitrate_bps"": 8000, ""channels"": 1, ""complexity"": 10, ""dtx"": false, ""expert_frame_duration"": ""arg"", ""force_channels"": ""auto"", ""frame_ms"": 20.0, ""inband_fec"": false, ""lsb_depth"": 24, ""max_bandwidth"": ""FB"", ""packet_loss_perc"": 0, ""prediction_disabled"": false, ""sample_rate"": 16000, ""signal"": ""voice"", ""vbr"": true, ""vbr_constraint"": false}], ""resample"": [{""keyword_arguments"": [], ""new_freq"": 16000, ""orig_freq"": 48000}]}",True,True,True,True,bitrate
3536-23268-0019,dev-clean,3536,SILK12,16000,162640,True,-25.856211839450246,-26.291853341817472,-0.4356415023672255,0.46971821784973145,0,0,2,f9959fa90355c07136f5253e1ec1c877cabdcaa7fbdd859740a765ec038fc438,,False,48000.0,509.0,1:509,1.0,False,0,NB,14882.0,11.71234628627644,15822.0,12.452139695031974,b7d7b38b9aff00497b768c3adec1138496127d3ac3fc6e82f639b7edf69fb1bb,12.0,SILK-NB:509,20.0:509,104.0,,"{""decode"": [{""decoded_rate"": 48000}], ""encode"": [{""application"": ""audio"", ""bandwidth"": ""NB"", ""bitrate_bps"": 12000, ""channels"": 1, ""complexity"": 10, ""dtx"": false, ""expert_frame_duration"": ""arg"", ""force_channels"": ""auto"", ""frame_ms"": 20.0, ""inband_fec"": false, ""lsb_depth"": 24, ""max_bandwidth"": ""FB"", ""packet_loss_perc"": 0, ""prediction_disabled"": false, ""sample_rate"": 16000, ""signal"": ""voice"", ""vbr"": true, ""vbr_constraint"": false}], ""resample"": [{""keyword_arguments"": [], ""new_freq"": 16000, ""orig_freq"": 48000}]}",True,True,True,True,bitrate
3536-23268-0019,dev-clean,3536,SILK16,16000,162640,True,-25.856211839450246,-26.225014131632708,-0.36880229218245936,0.47649359703063965,0,0,2,602b4a3676c2ae2ecf8ac87dd0551c574f9ff3cdda648d6e4ce537a1cdf46efc,,False,48000.0,509.0,1:509,1.0,False,0,NB,20087.0,15.80875553369405,21027.0,16.54854894244958,31eecb9c20ce77c2f409668a61412d1321cbce807b48d9ae37392b13cf102fd2,16.0,SILK-NB:509,20.0:509,104.0,,"{""decode"": [{""decoded_rate"": 48000}], ""encode"": [{""application"": ""audio"", ""bandwidth"": ""NB"", ""bitrate_bps"": 16000, ""channels"": 1, ""complexity"": 10, ""dtx"": false, ""expert_frame_duration"": ""arg"", ""force_channels"": ""auto"", ""frame_ms"": 20.0, ""inband_fec"": false, ""lsb_depth"": 24, ""max_bandwidth"": ""FB"", ""packet_loss_perc"": 0, ""prediction_disabled"": false, ""sample_rate"": 16000, ""signal"": ""voice"", ""vbr"": true, ""vbr_constraint"": false}], ""resample"": [{""keyword_arguments"": [], ""new_freq"": 16000, ""orig_freq"": 48000}]}",True,True,True,True,bitrate
3536-23268-0019,dev-clean,3536,SILK24,16000,162640,True,-25.856211839450246,-26.111821087842753,-0.25560924839250454,0.47657158970832825,0,0,2,63a5d2c652c6431101857bf095bbfd661ad036e0fc87a29fa599ef31d939e8d8,,False,48000.0,509.0,1:509,1.0,False,0,NB,30364.0,23.89690113133301,31304.0,24.63669454008854,f3f7f05febe993913538e5e3fa8229ddeb07f84eddc24f61507d2739ce5266d3,24.0,SILK-NB:509,20.0:509,104.0,,"{""decode"": [{""decoded_rate"": 48000}], ""encode"": [{""application"": ""audio"", ""bandwidth"": ""NB"", ""bitrate_bps"": 24000, ""channels"": 1, ""complexity"": 10, ""dtx"": false, ""expert_frame_duration"": ""arg"", ""force_channels"": ""auto"", ""frame_ms"": 20.0, ""inband_fec"": false, ""lsb_depth"": 24, ""max_bandwidth"": ""FB"", ""packet_loss_perc"": 0, ""prediction_disabled"": false, ""sample_rate"": 16000, ""signal"": ""voice"", ""vbr"": true, ""vbr_constraint"": false}], ""resample"": [{""keyword_arguments"": [], ""new_freq"": 16000, ""orig_freq"": 48000}]}",True,True,True,True,bitrate
3536-23268-0019,dev-clean,3536,SILK40,16000,162640,True,-25.856211839450246,-26.049522012401184,-0.19331017295093259,0.4879976511001587,0,0,2,880393f32b5af061f7cd3d9f28bdf5d639736a4590aecef10243c84dfca5476b,SILK,True,48000.0,509.0,1:509,1.0,False,0,NB,50682.0,39.8874569601574,51622.0,40.62725036891294,9b6862ad0271c71cd628c4cabc536aece20912cc98e7150213bdb93e12a3070f,40.0,SILK-NB:509,20.0:509,104.0,,"{""decode"": [{""decoded_rate"": 48000}], ""encode"": [{""application"": ""audio"", ""bandwidth"": ""NB"", ""bitrate_bps"": 40000, ""channels"": 1, ""complexity"": 10, ""dtx"": false, ""expert_frame_duration"": ""arg"", ""force_channels"": ""auto"", ""frame_ms"": 20.0, ""inband_fec"": false, ""lsb_depth"": 24, ""max_bandwidth"": ""FB"", ""packet_loss_perc"": 0, ""prediction_disabled"": false, ""sample_rate"": 16000, ""signal"": ""voice"", ""vbr"": true, ""vbr_constraint"": false}], ""resample"": [{""keyword_arguments"": [], ""new_freq"": 16000, ""orig_freq"": 48000}]}",True,True,True,True,bitrate
3536-8226-0004,dev-clean,3536,LP,16000,234000,True,-30.59923152611472,-30.69619723781891,-0.09696571170418941,0.3185915946960449,0,0,0,38f3e98e6ec1275881483a742947d70108e0031d7b1f1f454f68062bd0dd1d02,LP,True,,,,,,,,,,,,,,,,,,,,,,,
3536-8226-0004,dev-clean,3536,SILK8,16000,234000,True,-30.59923152611472,-31.121766755950592,-0.5225352298358714,0.32525935769081116,0,0,2,9ea95f08115f53bda9da78a0dd657939f08c053edc1254b004c6ea870aae6bea,OPUS,True,48000.0,732.0,1:732,1.0,False,0,NB,13708.0,7.498393162393162,14979.0,8.193641025641025,1215cd155f54059bb1a50e91406f051b07fe61f6a704d5e7c7863698d4798fff,8.0,SILK-NB:732,20.0:732,104.0,,"{""decode"": [{""decoded_rate"": 48000}], ""encode"": [{""application"": ""audio"", ""bandwidth"": ""NB"", ""bitrate_bps"": 8000, ""channels"": 1, ""complexity"": 10, ""dtx"": false, ""expert_frame_duration"": ""arg"", ""force_channels"": ""auto"", ""frame_ms"": 20.0, ""inband_fec"": false, ""lsb_depth"": 24, ""max_bandwidth"": ""FB"", ""packet_loss_perc"": 0, ""prediction_disabled"": false, ""sample_rate"": 16000, ""signal"": ""voice"", ""vbr"": true, ""vbr_constraint"": false}], ""resample"": [{""keyword_arguments"": [], ""new_freq"": 16000, ""orig_freq"": 48000}]}",True,True,True,True,bitrate
3536-8226-0004,dev-clean,3536,SILK12,16000,234000,True,-30.59923152611472,-30.948605033083417,-0.34937350696869574,0.32751497626304626,0,0,2,320587f312528ce389cc713773740cbd1e5c6479db1cd38c405cdf7d4b321516,,False,48000.0,732.0,1:732,1.0,False,0,NB,21018.0,11.49702564102564,22289.0,12.192273504273503,7acffacaa94344fd402b402977e966ea4780061704b0f3dcd80ef3d2bec5ceee,12.0,SILK-NB:732,20.0:732,104.0,,"{""decode"": [{""decoded_rate"": 48000}], ""encode"": [{""application"": ""audio"", ""bandwidth"": ""NB"", ""bitrate_bps"": 12000, ""channels"": 1, ""complexity"": 10, ""dtx"": false, ""expert_frame_duration"": ""arg"", ""force_channels"": ""auto"", ""frame_ms"": 20.0, ""inband_fec"": false, ""lsb_depth"": 24, ""max_bandwidth"": ""FB"", ""packet_loss_perc"": 0, ""prediction_disabled"": false, ""sample_rate"": 16000, ""signal"": ""voice"", ""vbr"": true, ""vbr_constraint"": false}], ""resample"": [{""keyword_arguments"": [], ""new_freq"": 16000, ""orig_freq"": 48000}]}",True,True,True,True,bitrate
3536-8226-0004,dev-clean,3536,SILK16,16000,234000,True,-30.59923152611472,-30.893088172386378,-0.2938566462716527,0.30631592869758606,0,0,2,fb87d196eed4f0b0fceff93b667ffabb44fa623190135304f43c4435becd5b71,,False,48000.0,732.0,1:732,1.0,False,0,NB,28345.0,15.504957264957266,29616.0,16.20020512820513,88ca271021d706b40fe256a3241f188543ebb32b89feb798f57b75778374e2db,16.0,SILK-NB:732,20.0:732,104.0,,"{""decode"": [{""decoded_rate"": 48000}], ""encode"": [{""application"": ""audio"", ""bandwidth"": ""NB"", ""bitrate_bps"": 16000, ""channels"": 1, ""complexity"": 10, ""dtx"": false, ""expert_frame_duration"": ""arg"", ""force_channels"": ""auto"", ""frame_ms"": 20.0, ""inband_fec"": false, ""lsb_depth"": 24, ""max_bandwidth"": ""FB"", ""packet_loss_perc"": 0, ""prediction_disabled"": false, ""sample_rate"": 16000, ""signal"": ""voice"", ""vbr"": true, ""vbr_constraint"": false}], ""resample"": [{""keyword_arguments"": [], ""new_freq"": 16000, ""orig_freq"": 48000}]}",True,True,True,True,bitrate
3536-8226-0004,dev-clean,3536,SILK24,16000,234000,True,-30.59923152611472,-30.785039247601862,-0.18580772148714075,0.31327515840530396,0,0,2,5dfee7796f983e83e0da5cca753ffbd7e3c5b3c01255df96a55fd7b6a9fd71a3,,False,48000.0,732.0,1:732,1.0,False,0,NB,42538.0,23.268649572649576,43809.0,23.963897435897437,9fd472795e29dd010ae6a7ada7ec2b1e2c40d75bc3f89b468de224947e5a16a5,24.0,SILK-NB:732,20.0:732,104.0,,"{""decode"": [{""decoded_rate"": 48000}], ""encode"": [{""application"": ""audio"", ""bandwidth"": ""NB"", ""bitrate_bps"": 24000, ""channels"": 1, ""complexity"": 10, ""dtx"": false, ""expert_frame_duration"": ""arg"", ""force_channels"": ""auto"", ""frame_ms"": 20.0, ""inband_fec"": false, ""lsb_depth"": 24, ""max_bandwidth"": ""FB"", ""packet_loss_perc"": 0, ""prediction_disabled"": false, ""sample_rate"": 16000, ""signal"": ""voice"", ""vbr"": true, ""vbr_constraint"": false}], ""resample"": [{""keyword_arguments"": [], ""new_freq"": 16000, ""orig_freq"": 48000}]}",True,True,True,True,bitrate
3536-8226-0004,dev-clean,3536,SILK40,16000,234000,True,-30.59923152611472,-30.73114295898172,-0.13191143286699905,0.3123592436313629,0,0,2,995c6336738f58df9ae5403b1d038f2edc22cf8be8f92c2c2b498b5d7bc8e4f9,SILK,True,48000.0,732.0,1:732,1.0,False,0,NB,70477.0,38.55152136752137,71748.0,39.24676923076923,5a4ec4e16ab06e0e3a926eb395d9f1b34e79db2e3652525e539879ac42b0d155,40.0,SILK-NB:732,20.0:732,104.0,,"{""decode"": [{""decoded_rate"": 48000}], ""encode"": [{""application"": ""audio"", ""bandwidth"": ""NB"", ""bitrate_bps"": 40000, ""channels"": 1, ""complexity"": 10, ""dtx"": false, ""expert_frame_duration"": ""arg"", ""force_channels"": ""auto"", ""frame_ms"": 20.0, ""inband_fec"": false, ""lsb_depth"": 24, ""max_bandwidth"": ""FB"", ""packet_loss_perc"": 0, ""prediction_disabled"": false, ""sample_rate"": 16000, ""signal"": ""voice"", ""vbr"": true, ""vbr_constraint"": false}], ""resample"": [{""keyword_arguments"": [], ""new_freq"": 16000, ""orig_freq"": 48000}]}",True,True,True,True,bitrate
3536-8226-0007,dev-clean,3536,LP,16000,37360,True,-31.549212031106684,-31.63895235642116,-0.08974032531447794,0.2871798872947693,0,0,0,501ab803ad98af320394965d47acee9fefee86d038087e04dbb00794ac56b9af,LP,True,,,,,,,,,,,,,,,,,,,,,,,
3536-8226-0007,dev-clean,3536,SILK8,16000,37360,True,-31.549212031106684,-31.811910371130452,-0.26269834002376846,0.33104002475738525,0,0,2,6e7df82ef8e4571440cfa6622d458f0eb58773188d79aa10657b41c7f4e1f4ee,OPUS,True,48000.0,118.0,1:118,1.0,False,0,NB,2129.0,7.294218415417559,2462.0,8.435117773019272,c93327f775268119d8874b1bdeb35ae0d86e13e00dd26e678007eda542a52cda,8.0,SILK-NB:118,20.0:118,104.0,,"{""decode"": [{""decoded_rate"": 48000}], ""encode"": [{""application"": ""audio"", ""bandwidth"": ""NB"", ""bitrate_bps"": 8000, ""channels"": 1, ""complexity"": 10, ""dtx"": false, ""expert_frame_duration"": ""arg"", ""force_channels"": ""auto"", ""frame_ms"": 20.0, ""inband_fec"": false, ""lsb_depth"": 24, ""max_bandwidth"": ""FB"", ""packet_loss_perc"": 0, ""prediction_disabled"": false, ""sample_rate"": 16000, ""signal"": ""voice"", ""vbr"": true, ""vbr_constraint"": false}], ""resample"": [{""keyword_arguments"": [], ""new_freq"": 16000, ""orig_freq"": 48000}]}",True,True,True,True,bitrate
3536-8226-0007,dev-clean,3536,SILK12,16000,37360,True,-31.549212031106684,-31.81336455268989,-0.26415252158320607,0.28388288617134094,0,0,2,44fc283f8b43bd272c144fcfa91639f6a9128adda47a2edf913d250b7cc832e6,,False,48000.0,118.0,1:118,1.0,False,0,NB,3277.0,11.227408993576017,3610.0,12.36830835117773,456da5269dc218ece984776c2a780cbeedfd76b608654e2c302a744e327f62d2,12.0,SILK-NB:118,20.0:118,104.0,,"{""decode"": [{""decoded_rate"": 48000}], ""encode"": [{""application"": ""audio"", ""bandwidth"": ""NB"", ""bitrate_bps"": 12000, ""channels"": 1, ""complexity"": 10, ""dtx"": false, ""expert_frame_duration"": ""arg"", ""force_channels"": ""auto"", ""frame_ms"": 20.0, ""inband_fec"": false, ""lsb_depth"": 24, ""max_bandwidth"": ""FB"", ""packet_loss_perc"": 0, ""prediction_disabled"": false, ""sample_rate"": 16000, ""signal"": ""voice"", ""vbr"": true, ""vbr_constraint"": false}], ""resample"": [{""keyword_arguments"": [], ""new_freq"": 16000, ""orig_freq"": 48000}]}",True,True,True,True,bitrate
3536-8226-0007,dev-clean,3536,SILK16,16000,37360,True,-31.549212031106684,-31.72865430598832,-0.17944227488163284,0.2857109010219574,0,0,2,03e104099b2ee6354c589e6e79bc4c5f70b8b5ddd776b49762f18459f11224ce,,False,48000.0,118.0,1:118,1.0,False,0,NB,4446.0,15.232548179871522,4779.0,16.373447537473233,b382b677d1488c056c1d33cab423406ec1816b5faf16ea6ff4da85d33fe9c393,16.0,SILK-NB:118,20.0:118,104.0,,"{""decode"": [{""decoded_rate"": 48000}], ""encode"": [{""application"": ""audio"", ""bandwidth"": ""NB"", ""bitrate_bps"": 16000, ""channels"": 1, ""complexity"": 10, ""dtx"": false, ""expert_frame_duration"": ""arg"", ""force_channels"": ""auto"", ""frame_ms"": 20.0, ""inband_fec"": false, ""lsb_depth"": 24, ""max_bandwidth"": ""FB"", ""packet_loss_perc"": 0, ""prediction_disabled"": false, ""sample_rate"": 16000, ""signal"": ""voice"", ""vbr"": true, ""vbr_constraint"": false}], ""resample"": [{""keyword_arguments"": [], ""new_freq"": 16000, ""orig_freq"": 48000}]}",True,True,True,True,bitrate
3536-8226-0007,dev-clean,3536,SILK24,16000,37360,True,-31.549212031106684,-31.70811979529573,-0.15890776418904543,0.28729432821273804,0,0,2,cb4a454886eda0caa795d54dc0b9c964b5aa754c96dbd0228f2095d00e1c38a5,,False,48000.0,118.0,1:118,1.0,False,0,NB,6699.0,22.951605995717344,7032.0,24.09250535331906,b19a6eb4eee1bb523e7c8d22e3693c8f0d5ed05d33d03732097dbcf448d2d31d,24.0,SILK-NB:118,20.0:118,104.0,,"{""decode"": [{""decoded_rate"": 48000}], ""encode"": [{""application"": ""audio"", ""bandwidth"": ""NB"", ""bitrate_bps"": 24000, ""channels"": 1, ""complexity"": 10, ""dtx"": false, ""expert_frame_duration"": ""arg"", ""force_channels"": ""auto"", ""frame_ms"": 20.0, ""inband_fec"": false, ""lsb_depth"": 24, ""max_bandwidth"": ""FB"", ""packet_loss_perc"": 0, ""prediction_disabled"": false, ""sample_rate"": 16000, ""signal"": ""voice"", ""vbr"": true, ""vbr_constraint"": false}], ""resample"": [{""keyword_arguments"": [], ""new_freq"": 16000, ""orig_freq"": 48000}]}",True,True,True,True,bitrate
3536-8226-0007,dev-clean,3536,SILK40,16000,37360,True,-31.549212031106684,-31.6687861588095,-0.11957412770281464,0.295276015996933,0,0,2,713629b462f3c380597a8edf08a85900061bfcdbaf5d0dbc72b13a869aa8df65,SILK,True,48000.0,118.0,1:118,1.0,False,0,NB,10917.0,37.40299785867238,11250.0,38.54389721627409,d4be50593b5d6f65177b81cb55778d88a596739272c742d8236e186c92e51412,40.0,SILK-NB:118,20.0:118,104.0,,"{""decode"": [{""decoded_rate"": 48000}], ""encode"": [{""application"": ""audio"", ""bandwidth"": ""NB"", ""bitrate_bps"": 40000, ""channels"": 1, ""complexity"": 10, ""dtx"": false, ""expert_frame_duration"": ""arg"", ""force_channels"": ""auto"", ""frame_ms"": 20.0, ""inband_fec"": false, ""lsb_depth"": 24, ""max_bandwidth"": ""FB"", ""packet_loss_perc"": 0, ""prediction_disabled"": false, ""sample_rate"": 16000, ""signal"": ""voice"", ""vbr"": true, ""vbr_constraint"": false}], ""resample"": [{""keyword_arguments"": [], ""new_freq"": 16000, ""orig_freq"": 48000}]}",True,True,True,True,bitrate
3536-8226-0019,dev-clean,3536,LP,16000,85280,True,-28.19614257449226,-28.238686462654922,-0.042543888162660394,0.4365790784358978,0,0,0,57b11578f96edb42301ae1708b93a0a70d6f98b313b22a4dbde9857eee34f130,LP,True,,,,,,,,,,,,,,,,,,,,,,,
3536-8226-0019,dev-clean,3536,SILK8,16000,85280,True,-28.19614257449226,-28.756634870092547,-0.5604922956002845,0.473074734210968,0,0,2,7a671c29ef9cb7c469dfecc10a81c0ff5450bfd567ff550f05399ca9f7b06b97,OPUS,True,48000.0,267.0,1:267,1.0,False,0,NB,5021.0,7.536210131332083,5584.0,8.3812382739212,1655968ada9f1d0ae43d39fc6f6629bdee887ce19111da6ade6b19bb3659f612,8.0,SILK-NB:267,20.0:267,104.0,,"{""decode"": [{""decoded_rate"": 48000}], ""encode"": [{""application"": ""audio"", ""bandwidth"": ""NB"", ""bitrate_bps"": 8000, ""channels"": 1, ""complexity"": 10, ""dtx"": false, ""expert_frame_duration"": ""arg"", ""force_channels"": ""auto"", ""frame_ms"": 20.0, ""inband_fec"": false, ""lsb_depth"": 24, ""max_bandwidth"": ""FB"", ""packet_loss_perc"": 0, ""prediction_disabled"": false, ""sample_rate"": 16000, ""signal"": ""voice"", ""vbr"": true, ""vbr_constraint"": false}], ""resample"": [{""keyword_arguments"": [], ""new_freq"": 16000, ""orig_freq"": 48000}]}",True,True,True,True,bitrate
3536-8226-0019,dev-clean,3536,SILK12,16000,85280,True,-28.19614257449226,-28.580076408604693,-0.383933834112432,0.446280300617218,0,0,2,ed85d6c52a597c288e5730f02f550b8f91122114400d5aa1dd19a9b10a0f6260,,False,48000.0,267.0,1:267,1.0,False,0,NB,7691.0,11.543714821763603,8254.0,12.388742964352721,51bb6dc0a40b0517c31c2772bf9a038faed37f651b6793bd62df76149459619e,12.0,SILK-NB:267,20.0:267,104.0,,"{""decode"": [{""decoded_rate"": 48000}], ""encode"": [{""application"": ""audio"", ""bandwidth"": ""NB"", ""bitrate_bps"": 12000, ""channels"": 1, ""complexity"": 10, ""dtx"": false, ""expert_frame_duration"": ""arg"", ""force_channels"": ""auto"", ""frame_ms"": 20.0, ""inband_fec"": false, ""lsb_depth"": 24, ""max_bandwidth"": ""FB"", ""packet_loss_perc"": 0, ""prediction_disabled"": false, ""sample_rate"": 16000, ""signal"": ""voice"", ""vbr"": true, ""vbr_constraint"": false}], ""resample"": [{""keyword_arguments"": [], ""new_freq"": 16000, ""orig_freq"": 48000}]}",True,True,True,True,bitrate
3536-8226-0019,dev-clean,3536,SILK16,16000,85280,True,-28.19614257449226,-28.45335749758558,-0.257214923093316,0.4046091139316559,0,0,2,87e3c1aff513b10c98965d4887cf0c9e5056743735eba4edadff80759e9f489d,,False,48000.0,267.0,1:267,1.0,False,0,NB,10351.0,15.536210131332082,10914.0,16.381238273921202,ea7e8e4e35ee399021e0417dba410e35ec37f81095dea187a654bcb66e70e103,16.0,SILK-NB:267,20.0:267,104.0,,"{""decode"": [{""decoded_rate"": 48000}], ""encode"": [{""application"": ""audio"", ""bandwidth"": ""NB"", ""bitrate_bps"": 16000, ""channels"": 1, ""complexity"": 10, ""dtx"": false, ""expert_frame_duration"": ""arg"", ""force_channels"": ""auto"", ""frame_ms"": 20.0, ""inband_fec"": false, ""lsb_depth"": 24, ""max_bandwidth"": ""FB"", ""packet_loss_perc"": 0, ""prediction_disabled"": false, ""sample_rate"": 16000, ""signal"": ""voice"", ""vbr"": true, ""vbr_constraint"": false}], ""resample"": [{""keyword_arguments"": [], ""new_freq"": 16000, ""orig_freq"": 48000}]}",True,True,True,True,bitrate
3536-8226-0019,dev-clean,3536,SILK24,16000,85280,True,-28.19614257449226,-28.34063768632486,-0.1444951118325982,0.4247770309448242,0,0,2,ac3fddd676b27eac8b60029b38c344e6d211ffaab33727ea1ad4e34a9421cd14,,False,48000.0,267.0,1:267,1.0,False,0,NB,15629.0,23.45816135084428,16192.0,24.303189493433393,ed82bb1516ecb9bf08458c642fd8d5f0608a20eb82053f513ad8947655d3f43f,24.0,SILK-NB:267,20.0:267,104.0,,"{""decode"": [{""decoded_rate"": 48000}], ""encode"": [{""application"": ""audio"", ""bandwidth"": ""NB"", ""bitrate_bps"": 24000, ""channels"": 1, ""complexity"": 10, ""dtx"": false, ""expert_frame_duration"": ""arg"", ""force_channels"": ""auto"", ""frame_ms"": 20.0, ""inband_fec"": false, ""lsb_depth"": 24, ""max_bandwidth"": ""FB"", ""packet_loss_perc"": 0, ""prediction_disabled"": false, ""sample_rate"": 16000, ""signal"": ""voice"", ""vbr"": true, ""vbr_constraint"": false}], ""resample"": [{""keyword_arguments"": [], ""new_freq"": 16000, ""orig_freq"": 48000}]}",True,True,True,True,bitrate
3536-8226-0019,dev-clean,3536,SILK40,16000,85280,True,-28.19614257449226,-28.29980472395566,-0.10366214946339897,0.43737953901290894,0,0,2,1a0c938dd6f9eb3ac7a15903e58b5cb3cb4706e0f97e111ea7bed8d1e1d14e97,SILK,True,48000.0,267.0,1:267,1.0,False,0,NB,25891.0,38.86078799249531,26454.0,39.705816135084426,6eb60328fdecb105874a3828134ddd7d339fae96592f7517d86aff90a15ab47e,40.0,SILK-NB:267,20.0:267,104.0,,"{""decode"": [{""decoded_rate"": 48000}], ""encode"": [{""application"": ""audio"", ""bandwidth"": ""NB"", ""bitrate_bps"": 40000, ""channels"": 1, ""complexity"": 10, ""dtx"": false, ""expert_frame_duration"": ""arg"", ""force_channels"": ""auto"", ""frame_ms"": 20.0, ""inband_fec"": false, ""lsb_depth"": 24, ""max_bandwidth"": ""FB"", ""packet_loss_perc"": 0, ""prediction_disabled"": false, ""sample_rate"": 16000, ""signal"": ""voice"", ""vbr"": true, ""vbr_constraint"": false}], ""resample"": [{""keyword_arguments"": [], ""new_freq"": 16000, ""orig_freq"": 48000}]}",True,True,True,True,bitrate
