set,utterance,subset,speaker_id,condition,sample_rate,num_samples,length_equals_ref,input_rms_dbfs,output_rms_dbfs,rms_change_db,peak,clip_count,nonfinite_count,lag_vs_ref_samples,waveform_sha256,ogg_sha256,payload_kbps
confirmation,61-70968-0000,test-clean,61,OPUS_VOIP8,16000,78480,True,-28.95857745067225,-30.18343457394782,-1.2248571232755683,0.299081414937973,0,0,1,036c45d520f755aa81d4afc4e6abe8ea4528f8693ea430b4aa1dc63dd75627fb,d1cde1a4bbb630ae0f48549f8274e5b1803b4f6dd714e6e61b668aa2b8c9df32,7.270948012232416
confirmation,61-70968-0002,test-clean,61,OPUS_VOIP8,16000,47520,True,-26.663265711472985,-27.71613319384809,-1.0528674823751052,0.4652599096298218,0,0,1,aa20d33c13ca5fe66c60b68125137df0d2652e581f43852cac5fed46e78ee375,d507824dace8ec77c3bd4c2895f8484c54731a783bf85f3e8b8a2bb698fb4de5,7.148821548821548
confirmation,61-70968-0003,test-clean,61,OPUS_VOIP8,16000,69040,True,-26.580208585066067,-27.824787298239446,-1.2445787131733779,0.35204359889030457,0,0,1,be378bbbee1b16b1d77caf8fe69c54193e2e33ac17cd0aff54985d59a36ca9da,21e4eb1ec4c85f6c283868e8c72ffa2bda32247d011367c3d6781a8d66d96c5a,7.4178447276940895
confirmation,61-70968-0012,test-clean,61,OPUS_VOIP8,16000,41760,True,-22.82051200458637,-23.803198588283966,-0.9826865836975952,0.7020974159240723,0,0,1,521c5b7d328356b1205d207c9826365e3ff5975546cc80a28bfcc0f52c987da5,a26bd12f801c7d4301c888f150302ed3c7bed5be7449e693a9c9684cb77c0985,7.39616858237548
confirmation,61-70968-0014,test-clean,61,OPUS_VOIP8,16000,119760,True,-25.460197596992323,-26.19860210946985,-0.7384045124775258,0.9397048354148865,0,0,1,0810ac264e8550a2dc2f13c05241d9c097bec6c5e7605d63059933c7c5f5db4b,828114e766536b1c75620823b267a4b26360ec88a75a5abb838b30dccac21c02,7.35123580494322
confirmation,61-70968-0015,test-clean,61,OPUS_VOIP8,16000,86000,True,-23.836950067640124,-24.62298890841414,-0.7860388407740215,0.7743138670921326,0,0,1,077fda678c1972040092373e1983f9e6583521679b6e8a1f809d4c8beed41e02,9235c36b010f482b47a81094e795f8bc021bb3c83dfbaa3cb5feb8a5d0ef4fc8,7.571348837209302
confirmation,61-70968-0016,test-clean,61,OPUS_VOIP8,16000,59520,True,-24.87540899452369,-25.991933092597044,-1.11652409807336,0.7145423293113708,0,0,1,5751a53e6919bb2588f090d63c5ecb3cd26e36d0a0e3ecb2e7095965c75b65d3,1d8c99ee042ddb9f8b83e66dccc709ce03fff014b449e7bf3efed3630f8d46bd,7.501075268817204
confirmation,61-70968-0026,test-clean,61,OPUS_VOIP8,16000,78720,True,-25.22907736444786,-26.19162765930271,-0.9625502948548464,0.4963637888431549,0,0,1,05fac1ff0e48a15bfd7b3539792ba56a06d0a3f7edef65cbb6ab809a768dc296,e473219dc535d454dee3a734c0e0c5219b4a892a8f06bb6226f47874e4a07299,7.479674796747968
confirmation,61-70968-0027,test-clean,61,OPUS_VOIP8,16000,109920,True,-25.141241452327687,-26.112605776204315,-0.9713643238766311,0.6366361379623413,0,0,1,ef573806899a798e2b7bf2af828e2ee50e5b5ebef83eab94d021cdd3f38d0d76,2a6392f2eca0a3bad3a1307230d410ebf9077c79a4a7f75ccb347a5fa3c4cab8,7.521397379912663
confirmation,61-70968-0033,test-clean,61,OPUS_VOIP8,16000,90960,True,-25.24826315713486,-26.30098185836185,-1.0527187012269899,0.6933526992797852,0,0,1,eaf8c29b914119667b6796e96d3fa8d2dece1aaef8cfeb1ab73f50ef33a812f6,9103e568ec29b440fe93ad362567603867011b16f65056d673a541c9701fdeac,7.354089709762534
confirmation,61-70968-0039,test-clean,61,OPUS_VOIP8,16000,60880,True,-26.158153225873697,-27.380237314733385,-1.2220840888596882,0.4529913365840912,0,0,1,36a54859ad5b27ffe1c2c6788f85c6891705e12e7b2d6c09162785521484efb4,fd0119f1f46f54649561ff5eccbe72b7e4f3fada224d7b938b2864dcd4d95002,7.215768725361366
confirmation,61-70968-0040,test-clean,61,OPUS_VOIP8,16000,63200,True,-25.387173645024014,-26.10114987476717,-0.7139762297431606,0.4043262004852295,0,0,1,12b98932297fc3cae9c36319bb1a34da468896a4872213c171fb9bb0c328c222,1c01f1cbcfeb2d8b72d7a395031ea1df7e65d06514134b0f38c0cf12cf519069,7.422784810126582
confirmation,61-70968-0044,test-clean,61,OPUS_VOIP8,16000,44320,True,-28.275945076262133,-29.696968179628133,-1.4210231033660006,0.33288127183914185,0,0,1,0fec6569e9b3dcc2a71060a4623760dfd2393556696d1e6797113dbf3d96a015,c7fefd81c4736123ff906a0b96b7324d0f9082668f7d13c3eef6d41a2ad858ca,7.2
confirmation,61-70968-0045,test-clean,61,OPUS_VOIP8,16000,55600,True,-26.33565666747193,-27.53330613086534,-1.197649463393413,0.49676159024238586,0,0,1,d4470203e0ec5a63d5ee32357a5663efb38b93941f9ab24ea44c2b0d45cb38d8,74226946c318d4ce20ce58c4548fc2160ca83fc1569f3b4d9d512897277b6251,7.311654676258993
confirmation,61-70968-0050,test-clean,61,OPUS_VOIP8,16000,89280,True,-27.15852934540959,-28.192992504080504,-1.0344631586709114,0.4201735258102417,0,0,1,a1d202ebefa00d54d91139a1106380ab4d2f7446a378ba5b6b7567f9c89420f8,438a56b74917f7c630653c358d73500d230d77f31c916d6246c47e06b651857a,7.35483870967742
confirmation,61-70968-0052,test-clean,61,OPUS_VOIP8,16000,42400,True,-23.860010028425492,-24.252358941875094,-0.3923489134496044,0.6489869952201843,0,0,1,9fc2fa5700b2a92f60691c34d1270014e17202b713b74a22a191c85a01112f90,3132c7f7719f447200bb967eb813f3b58d8e6ec68a57ab395a399334a76af30a,7.402264150943396
confirmation,61-70968-0053,test-clean,61,OPUS_VOIP8,16000,67520,True,-27.29524346111486,-28.369337736574877,-1.0740942754600142,0.42681238055229187,0,0,1,57a69eca27473cccbbd3921d5edde9ce4a51414e1dafde21b38e550b61af2783,be1a7dcf015ab76ec9099dbf6053f27430734917a7630f9ecb0c1b1a1f9d5604,7.2037914691943135
confirmation,61-70968-0056,test-clean,61,OPUS_VOIP8,16000,57040,True,-25.519870020386076,-26.700573440945643,-1.1807034205595646,0.5280283689498901,0,0,1,cb7909048a8bec7e905e28ae63aa2eb985c577d5ee3894ca57cf191bd360749a,6c67c738aec318eac0d2dde3be483d21f50a3a8ef6cb7f0bde13cfea17fac8e5,7.421037868162693
confirmation,61-70970-0001,test-clean,61,OPUS_VOIP8,16000,98480,True,-23.898591375480507,-24.802708684154886,-0.9041173086743801,0.6149640679359436,0,0,1,5a2282dd8600e21f0eb75e8de12e2d86602e15a21359f7cb0215162ab15c9583,ba33aa1db81ff402a9ae8f9e5caf11ba5cd8670b52d4d9ef8ea1ea3620061317,7.439805036555645
confirmation,61-70970-0005,test-clean,61,OPUS_VOIP8,16000,32320,True,-24.289245773983303,-25.51034500960946,-1.2210992356261576,0.6875870227813721,0,0,1,3920a6754f7ef1c4598c8fd8c208d2ef75b2ee2ee912106586070701939eeefe,1989f3042bf27c94d62cbcb5f3fbd51daf1d76a3462a188a0a7a0db9ec40d829,6.982178217821782
confirmation,61-70970-0006,test-clean,61,OPUS_VOIP8,16000,37360,True,-26.419788623942303,-27.522678772573567,-1.1028901486312648,0.40495723485946655,0,0,1,bfe3910631f9a4a1242c08d9e3b201453635d4f3fb795d0c4de4a8c9355908de,5c181c4bba634eeb858a289717eda3c347fe732b98f520ad5c9e8eb68b0944f6,7.208565310492506
confirmation,61-70970-0009,test-clean,61,OPUS_VOIP8,16000,54480,True,-24.991801365703953,-26.060746540590337,-1.0689451748863805,0.592384934425354,0,0,1,c8c0a69e3b5a4ec36dbdc1e85efe3130df765d54d554433026b41e5ed255c099,af80ded7f60793d46a34632bff3aaea50e3fbaa335223238cc2ac2f58b00273a,7.292804698972101
confirmation,61-70970-0011,test-clean,61,OPUS_VOIP8,16000,97200,True,-24.87950380126232,-25.806929104973996,-0.9274253037116784,0.7264313101768494,0,0,1,605503089ca1deda16e1a2fb31667a6bacef44c8c168d51a44eda934513459a0,2f108f32b365a642644efd5527da34af843c49dea6c76d9426ac69d2be43184a,7.304691358024691
confirmation,61-70970-0014,test-clean,61,OPUS_VOIP8,16000,54480,True,-24.97690127337492,-26.23338290638024,-1.25648163300532,0.5058179497718811,0,0,1,3ebb3fd314118f34d5d9ec06f212baa2d7052abcf7e5169c1b2cd098058ba29d,b747daf4f1fcc6ec09da9701a2edcfb800d734d7e0be42be46c31b7109e30f52,7.196475770925111
confirmation,61-70970-0016,test-clean,61,OPUS_VOIP8,16000,69920,True,-24.498331653022127,-25.557061313182786,-1.0587296601606602,0.48730170726776123,0,0,1,a44b3b93e0776c7b6bfebcfa7a9d0bf59ef02023cb0a1b824cd013793e37f970,80ba77575cb25fa6f36a9965e980808bd7854f7d376b9d1f17c3e7e6ff1f941a,7.5075514874141875
confirmation,61-70970-0020,test-clean,61,OPUS_VOIP8,16000,80400,True,-26.20283965403706,-27.100385533418635,-0.897545879381577,0.3948032557964325,0,0,1,b961cd0ebd05afaf502f84d7244221cb0d0ad97ade6711d072e5d8b3daa94c72,34f0b449588538cc456b45a3620d72f69651e10059fc5e49f91c3ae24214fb5f,7.270845771144278
confirmation,61-70970-0025,test-clean,61,OPUS_VOIP8,16000,118960,True,-23.527451522506606,-24.604370963982298,-1.0769194414756909,0.6524569392204285,0,0,1,3cc9dad99d5ec4148535c54455d149ed7dd5b4168534534efb2dcc4c9ae9eede,0f7794cc748ecc76250ce8182780e3fb7829b4089820cfc999daac6fd374a689,7.412508406186954
confirmation,61-70970-0031,test-clean,61,OPUS_VOIP8,16000,82160,True,-26.91277503361202,-28.297153225661944,-1.3843781920499234,0.5276951789855957,0,0,1,050ee552eb7eed384d37c30c1a3b6aeac2aecfc8c713a0070acf316bf91b8c8b,b228d6a5d1ba0efbf035f871a1f9d97f852c0f1ba2a6e77b07a6f685da66ad03,7.370593962999026
confirmation,61-70970-0035,test-clean,61,OPUS_VOIP8,16000,118480,True,-22.79046652777929,-24.009111549148933,-1.2186450213696407,0.7809632420539856,0,0,1,17c7de4888615b63bf155ff63d29fcf247914386249dc7907eafdd6847ad4362,af73fb3f383387acecd7d15bf94aec1e24f680e280e8c3081bbcf2b204184309,7.463065496286292
confirmation,61-70970-0037,test-clean,61,OPUS_VOIP8,16000,95680,True,-23.800929576322073,-24.84304205604022,-1.0421124797181454,0.5862948298454285,0,0,1,3048f6498a6066420432c89d808f721f95d94e0536961404a9c24457e20f52d1,efd0f724dfad3ea66cd06468e66418bd9c83d308632c9cd661dee1b454088ec0,7.458193979933109
confirmation,121-121726-0001,test-clean,121,OPUS_VOIP8,16000,94800,True,-24.530127876818714,-25.32366675329847,-0.7935388764797567,0.8626944422721863,0,0,2,704837e2ff50dc8bb4baf1a5cfb05bccc4a1269dd2b090aa2e3ac7c61ad42f96,f76f6065a67ae32535da49155e99439ac59ebf4df44fe06a4df4eaf8edf8779d,6.070548523206751
confirmation,121-121726-0005,test-clean,121,OPUS_VOIP8,16000,49600,True,-28.12166528492127,-28.79630864535491,-0.6746433604336388,0.4791088104248047,0,0,1,207a41d12173dfd16da456f79d118e40f91a456be2dd180f1f9e681870c2a6c1,06fe90e328f572bc7cd46f4cf6a2688b6cce24a8f03c94e3d70328652f290f4e,4.96
confirmation,121-121726-0006,test-clean,121,OPUS_VOIP8,16000,62320,True,-23.986518142981094,-24.786171670574348,-0.7996535275932554,0.5930347442626953,0,0,1,3ea7abea70b8c6d655e841626ebcd70abd1e8c36d89fcf77a7efc460b4503742,21afd9a101c47b2b75e4b14ef56429d518d348eb706b43d079a458cbc39763ed,6.104236200256739
confirmation,121-121726-0007,test-clean,121,OPUS_VOIP8,16000,107680,True,-26.53667361839268,-27.120546294570435,-0.5838726761777595,0.5649236440658569,0,0,1,078f647abd4d24f56e01df56200f32ce5666dd166615dd1872218346e1fe832d,e7c77bfd0f6c37f158a47322aa8aa02171c3a9820f789aac121670cb04915c2e,6.20148588410104
confirmation,121-121726-0008,test-clean,121,OPUS_VOIP8,16000,79840,True,-25.964021848759735,-26.517942909453723,-0.5539210606939905,0.6161041259765625,0,0,1,c7ace11d23861b5ed970950859f781040108a8cb3dbaa3a752753a169294e547,66f9438b4ec718321473f249beb2d0282a9b4583e139e041acd34fc9e7193d4f,5.657715430861723
confirmation,121-121726-0009,test-clean,121,OPUS_VOIP8,16000,116160,True,-26.510082748714588,-27.34466763485829,-0.8345848861436994,0.4614461362361908,0,0,1,9739b356baf2e8e1cd535a7ca50b4724da03bf3eecd13f84dfaed8f3a889b91f,c9b48aa697e0672b55675e7e3ae532cc1c18ddac0052cff4df6575bebe0b7160,6.352617079889807
confirmation,121-121726-0012,test-clean,121,OPUS_VOIP8,16000,64720,True,-24.740950707596877,-25.578471341532428,-0.8375206339355562,0.6360223889350891,0,0,1,3590e5bd532df2b5462e51f62c95d78c67f243dbfc311a5fd02eb32350afd1b5,98dfed7c3e7ae2aa524d14cc4b4dafa281c2ef7dc5c61a650e2c94434d12cc1f,6.504820766378245
confirmation,121-123852-0003,test-clean,121,OPUS_VOIP8,16000,376080,True,-29.44225561015547,-31.252642898247633,-1.810387288092161,0.4323095381259918,0,0,2,768eaf0ed3f42f68894a017a181136d7dbac7410e74d6b795ae54aee8152288f,fa16ead1df578607134049528b67388caacd0f7e39d74650325f4f98e8107c78,6.947287811104021
confirmation,121-123852-0004,test-clean,121,OPUS_VOIP8,16000,260640,True,-27.09769195350596,-28.54680893120775,-1.4491169777017858,0.5257176160812378,0,0,2,8bcb17967f44e408a6309eb7770dafdef8afd86ddaea90999d732f082a02bdfa,0dadc546fa88bf14abebf106741b33aa43944135e81d662ce522cc1ac473649b,6.983916513198282
confirmation,121-123859-0000,test-clean,121,OPUS_VOIP8,16000,278240,True,-28.24467700775152,-30.090112961838532,-1.8454359540870104,0.42674610018730164,0,0,2,c5c5ab4b92daeb8a4c8abb40c0d0ffd0eb9b1d0198a1bcb4b7897fc1e3fb9f92,00172351a8ec38d770e2ea81094bc486e4799ff1089719b388d7926256473e23,6.935940195514664
confirmation,121-123859-0001,test-clean,121,OPUS_VOIP8,16000,406320,True,-26.86075797635294,-28.5476606646994,-1.6869026883464566,0.5010082125663757,0,0,2,c408f937587bc825a4003af73cfe0b5da74d72424b5ed3ffbe7303d076dd11d4,c16301ef34af5ee5cb0eecfbfe4ce6bd9d0d7c99dae4cb7a774973ef0f7d2a34,6.978696593817681
confirmation,121-127105-0000,test-clean,121,OPUS_VOIP8,16000,158000,True,-28.272914687062727,-29.59327287739383,-1.3203581903311061,0.35682132840156555,0,0,1,1833c3843fb4e276cb02c8cd32c4d2a1c8fdba3e97d5c3bc6b41312831098641,8fc097f743407d514fe8426ea5c3f82951e71a1f38142c06a9564dc3296e06f7,6.9030886075949365
confirmation,121-127105-0002,test-clean,121,OPUS_VOIP8,16000,119920,True,-27.315266960203267,-28.80966249842983,-1.4943955382265646,0.38558337092399597,0,0,1,eac63b501fd926cabbc3c71be7e899388f15eeeaef6aab8cb66b50211e47116f,cba217c1db8b241d29abf87744b369e154d0d8858bc32d3a08b3b595efd5908e,6.9625083388925955
confirmation,121-127105-0003,test-clean,121,OPUS_VOIP8,16000,123600,True,-26.5748256318224,-27.841477724513215,-1.2666520926908147,0.4827251136302948,0,0,1,489f64c90e39e564b55197ae8e50dac9107150231ee39bd28da890c9be330b62,b47c0fbd8d1747628b3758717c85bbe338bf04b033778e13ded9aaa691a00a33,6.6961812297734635
confirmation,121-127105-0004,test-clean,121,OPUS_VOIP8,16000,33760,True,-30.47524326147315,-32.912771215078095,-2.4375279536049383,0.19844025373458862,0,0,1,d6d4a40340e25b190a0d9b43b65a30cb684e7cdb2abc325de782ca24f0fd8f0e,12e2b6baf784e535ef7b3adb9bf06af951606bb087ae8ce98cc72ac5d127600e,5.7478672985782
confirmation,121-127105-0006,test-clean,121,OPUS_VOIP8,16000,75600,True,-28.86895949050631,-30.71368874511044,-1.844729254604129,0.3215671181678772,0,0,1,a4222f27299eac35c04c34a9ac2b8437a80bfe9f16e16ab0f3c5d5611ec62f3c,41f6e3a17c63d4b014684f8a6e6d7833599feda61f2e34ca22792a82ae141835,6.682751322751324
confirmation,121-127105-0008,test-clean,121,OPUS_VOIP8,16000,44160,True,-28.230543295112277,-29.08338854561212,-0.8528452504998435,0.43146321177482605,0,0,1,866c570c824095e2e7147ba42aa9811a6e0c114bbce529cf2cc36c6492520e71,4ca12ab9dc651f79c5fdc686f498933adcf705e366cf4b9eb97f2439456bf938,6.544927536231885
confirmation,121-127105-0009,test-clean,121,OPUS_VOIP8,16000,36640,True,-26.348867092070407,-27.392255982641352,-1.043388890570946,0.2629210650920868,0,0,1,abb59cc2d908a898205ace10ac397fc30d8f609a1ea75a9909d547bdcc9fdb35,b5166d04dff735f2c67c65e01ddf207118e5f57d61a82b53c3836d792adf3a3c,7.02882096069869
confirmation,121-127105-0011,test-clean,121,OPUS_VOIP8,16000,92480,True,-27.324420158743724,-28.29568440801022,-0.971264249266498,0.35681983828544617,0,0,1,c403441c1f8b0e5db3d548ff40a9f7323d944fc98f9054864b51e2fe93e4b664,a503931ec8cf1914891a14c1ee26215c506439353d061e0172662aa547e0ccda,7.346712802768166
confirmation,121-127105-0013,test-clean,121,OPUS_VOIP8,16000,94320,True,-27.219984920522005,-28.540058020071143,-1.3200730995491405,0.450065553188324,0,0,1,1c7dc8d4c213ef48f9b5011e5291d4f6f49f57d406fb12ccaf6390400ac0d1c9,ea888f97520bf531f060a0f9f87a81d3667e075a4b6d4e116bd3118ff7cb58a3,6.972688719253605
confirmation,121-127105-0014,test-clean,121,OPUS_VOIP8,16000,36080,True,-28.119527336961983,-29.62097540075453,-1.50144806379255,0.2978067994117737,0,0,1,cafe89c75f30717bdb5226a3563616c5943aa260dd5db538549f6c39f73bf68b,1dffa894ca6b9ad5a9dc35af5d00a2e2bf7c5adb3c47d9df543cb8ed0cb42bdb,6.126829268292683
confirmation,121-127105-0015,test-clean,121,OPUS_VOIP8,16000,47360,True,-30.41863319561225,-31.976747361450954,-1.5581141658387,0.26182821393013,0,0,2,ae6502384566aeacb4401781f745cfd0ae963324905db7129482478f0e6d8930,3e64cd9a4259001f62d0d51cecfd0db0777c98862426502acca052fe0d3b05af,6.710810810810811
confirmation,121-127105-0016,test-clean,121,OPUS_VOIP8,16000,32480,True,-27.64165131025389,-28.952186737099264,-1.3105354268453715,0.3572724461555481,0,0,1,377454138a23da7fc55043e33b67d19493aee698ec7ba61f0e16ce079d0930ca,2c62ff6b6333060d2442507f97536e54c3e6a36e86af705c9aed68566022ea86,7.097536945812809
confirmation,121-127105-0023,test-clean,121,OPUS_VOIP8,16000,174560,True,-26.934334852570302,-28.259977952032216,-1.325643099461914,0.43921327590942383,0,0,1,afec4aee705ce1f35af76270840234240458632c9b356922f41a247b2388bf90,89bacf48a7b56333630ad257898b6b23ba1358703281014e56304d1d135f8c36,7.054812098991751
confirmation,121-127105-0024,test-clean,121,OPUS_VOIP8,16000,231200,True,-27.635419022850677,-28.925347648801324,-1.2899286259506515,0.4305867850780487,0,0,1,d3e462e4522291c6d9451161640c390bced9f1ba12a2954be7b4984744e1e2a8,4df1e7a21a614c174a03606f9e5b5060ed35ceba0e35107d346303be68638e4d,6.991833910034602
confirmation,121-127105-0026,test-clean,121,OPUS_VOIP8,16000,120480,True,-27.524118936011913,-28.82158940968395,-1.2974704736720397,0.38550636172294617,0,0,1,d2ef462c35373c18b4f1638f9254e4ad38a82fed56e5768e95f1e8e9af32d7c1,992e10b0f12ed319d32e430eb2bba92625d357d4213a1026f8ecf6310beae3fe,7.030013280212484
confirmation,121-127105-0029,test-clean,121,OPUS_VOIP8,16000,116960,True,-26.745199319110146,-27.770730839453538,-1.0255315203433955,0.4412095844745636,0,0,1,e70eea5ce62687c92f74d31fb1324cbbeba4b941132c12cfae1977e83a8be1f7,6777c706dbd0117918023c1992a5c22faad7afa57bc3524d7ba2e0c6b456cc70,6.879343365253079
confirmation,121-127105-0031,test-clean,121,OPUS_VOIP8,16000,172240,True,-28.46212157553889,-30.096376037852938,-1.6342544623140491,0.4336150586605072,0,0,1,09afb3a46313e379f51529f65b234bab0159209bb09a3c6b916fd7ae9d4b50a4,091753da08a4447b863d1af679193c7a957ca8fc85e321d16bf4a2047cef80e9,6.475058058522991
confirmation,121-127105-0034,test-clean,121,OPUS_VOIP8,16000,118560,True,-27.363632016067104,-28.757181625047444,-1.3935496089803396,0.4262861907482147,0,0,1,3a3ccccbd0d3f80503ed070539a653b00df3de0bd6060ba7a51e9f6d4d52e6d1,053f8238d66b7e42ee7c7aecfcd940af77858f293ee7e2a4385b14e19ba283f6,6.4010796221322535
confirmation,121-127105-0035,test-clean,121,OPUS_VOIP8,16000,226400,True,-29.41904633729958,-30.972612330295973,-1.5535659929963948,0.36160314083099365,0,0,1,43b126f48c6bf2ac6cb8244eb344106ec3318f77753d757ff68de0ce4f44dc6c,82aa1537b83c5af8e4d25be419442bf0f24bf17b49ecdcfe09afb1a6f92e82ce,6.023462897526501
confirmation,237-126133-0003,test-clean,237,OPUS_VOIP8,16000,104960,True,-30.67749030229475,-31.28730815363095,-0.6098178513362019,0.23591308295726776,0,0,1,03c15f89c9be4c6c019e1a451e7e6cbb0e94a2f79ba64b0466525aa30aa7f3ce,af91b5c2e9f2f8ccb260e407c4bf082a9873639d9be886ce5e52fb38ed87a40d,7.209756097560976
confirmation,237-126133-0004,test-clean,237,OPUS_VOIP8,16000,52720,True,-29.91646630775579,-30.515285432829696,-0.5988191250739049,0.17758578062057495,0,0,1,09fac968c541f0fcda92a58512b350a601f903ac0898f24a24a1a7e4ffb3b3ea,a0d4bb5a1af19f53694c12175d8f9c303843a432ac622b0fcff71b9fc4f008bf,7.135660091047042
confirmation,237-126133-0008,test-clean,237,OPUS_VOIP8,16000,61840,True,-31.48722296667307,-32.408499168102,-0.9212762014289267,0.23121953010559082,0,0,1,cd0e87dc0a3fca67f6d2a3fe90f7f0faff6619577e0f7fe0b09d329970e398c2,11913ea87363de68760983c34799b34759f0eca0e12ecec7c96a65ad442a177d,6.93195342820181
confirmation,237-126133-0012,test-clean,237,OPUS_VOIP8,16000,71200,True,-32.32805907302792,-32.78805823705743,-0.4599991640295045,0.21136024594306946,0,0,1,00c3d98b4e0e38e69fa05f5d80366c157d993b0ad8c0164283f942a1d202b872,7bef1a15ca01e53d1153a6028bbdbf04ce7281b2b38081c6ddb97420d8bddce9,6.7901123595505615
confirmation,237-126133-0013,test-clean,237,OPUS_VOIP8,16000,109040,True,-29.465391974452416,-29.936708600884508,-0.4713166264320965,0.3478444814682007,0,0,1,38552219c6934b16a82739387e9daea0285ed537114136393b257a2fd8271c79,073d86e7398d86a5e460361ffa12ca2628f0746d36694862a2bcf0771f163b17,6.910638297872341
confirmation,237-126133-0015,test-clean,237,OPUS_VOIP8,16000,149440,True,-30.26458342188679,-30.7907564648908,-0.5261730430040065,0.33078697323799133,0,0,1,7ca18f4e6b925f2819d844df799f2a16a6db59354b96cf0a24c8c2a38cc4b6a1,07172473e3b23536650529d7d82eda4afb57426c1c1ca442df9334c393048488,7.1057815845824415
confirmation,237-126133-0025,test-clean,237,OPUS_VOIP8,16000,60080,True,-30.27748138637042,-30.838370089980515,-0.5608887036100928,0.32868725061416626,0,0,1,39555dbda228e5030ce9a8fa0995e6c8581ef301c380540f56aaf7cef8187b1c,ba12fd97e2eecb9e18504e9408a1aa3f39871ac95da1020afefcbb9a2dff5877,6.988015978695073
confirmation,237-134493-0000,test-clean,237,OPUS_VOIP8,16000,65680,True,-22.400368159223945,-23.330810265854645,-0.9304421066306987,0.6872069239616394,0,0,2,315dd982167cc179a4699d38412a15a0a34ef2e793bb94adf6f4523bf7f00926,1b638ff25ac43e696b9b6484ca3e570a01c319748277053ce3ec427072c4d6fe,7.107429963459195
confirmation,237-134493-0001,test-clean,237,OPUS_VOIP8,16000,118080,True,-21.3519351302349,-22.081461604037806,-0.7295264738029061,0.7130176424980164,0,0,1,7746905d0b831ed34787855d0b2bc52aaa8c75b675fbfb9c5ccbd7e4ea79c025,dd8779d8daaee8723672a72681b7cb371838f98007122da721e1df8e2e67b1f2,7.242276422764228
confirmation,237-134493-0006,test-clean,237,OPUS_VOIP8,16000,70320,True,-16.45490096350859,-16.97376789698423,-0.5188669334756404,1.2327642440795898,12,0,1,51ea6809d2ca9c997ffa2773dd0d325a8da78d2019565ac8b060ec860ddec88c,bc1e1b127d5564d5af4d8d703244ae2769e13e9d832f71aaa3ab0616cb7a86b5,7.415699658703073
confirmation,237-134493-0010,test-clean,237,OPUS_VOIP8,16000,46000,True,-20.340463324412433,-20.69810293910139,-0.3576396146889522,0.8137414455413818,0,0,1,24bdc672703be3e7201a1a234c92b0bb87d6aa47edec53e0f5e4dcdcb84da6cc,f55a082bd3d6282c48f1ac97bc1bd175eaaea804a4ac24d11b109400126b45ce,7.042782608695652
confirmation,237-134493-0012,test-clean,237,OPUS_VOIP8,16000,58560,True,-19.181140451719138,-19.682490993534103,-0.5013505418149634,0.8744240999221802,0,0,1,77155c60b60632b5d138502673b837306e28a8fabd0e2f17b2c6f34469e923b1,fe02891bd565afb13669d70c6a9f70301eacbd1af4cf074cbeb54ad8b63d1231,7.269945355191257
confirmation,237-134493-0016,test-clean,237,OPUS_VOIP8,16000,161360,True,-18.314180539019397,-18.8076058913037,-0.4934253522843012,1.02647864818573,3,0,1,9e0feec4086dc71cda668976d91eae6c0c64fdea462c0d1ba7d11f992e50deff,7fc1ca5befc952d9e3f1223a8e41dd5a59560f9e50d6d60e295bce9f2b5b8e55,7.3987109568666325
confirmation,237-134493-0017,test-clean,237,OPUS_VOIP8,16000,145680,True,-18.632541007416535,-19.06833002097612,-0.4357890135595842,1.1234080791473389,4,0,1,b707a474dd977577643e47db00f3328a00d4ce0749e612f9efc0686b54313b27,eaf5e60534490adb257e9c20e02bcb7a396dd8cb2d4a4a813249a9532e05cc9e,7.453487095002745
confirmation,237-134493-0018,test-clean,237,OPUS_VOIP8,16000,76640,True,-18.656839874845048,-19.028319786318725,-0.3714799114736788,1.0109213590621948,2,0,1,131fc96292e6e9d991302e5c59720ffa660800fd804cac7c1b16c028b7af839c,4975cc27f614d9595619eb9d0019ca8f81dcd2253ab13aefe3cdfd4756a7503a,7.458872651356994
confirmation,237-134500-0007,test-clean,237,OPUS_VOIP8,16000,38240,True,-20.903718145586573,-21.27913476356808,-0.37541661798150683,0.5034665465354919,0,0,1,c540489e397e5f27cc5ca41817896eac5c87303aa086eaf697b33adea89db340,d7ad22a3148a1fee2dd4e61c31964981907de94e498e32915736fd90ab59e3e9,7.481171548117154
confirmation,237-134500-0015,test-clean,237,OPUS_VOIP8,16000,173040,True,-21.328320979870597,-21.809360121644797,-0.48103914177419527,0.7745553255081177,0,0,1,4f124613aabc7746005e7aee65d25119dca7560bd695077f3904adbd69fbe863,b8691cbc51e6cf48e338629f0371ee5c9a00a60358cf0e0c436dfa6bfc2f8d9d,7.455570966250578
confirmation,237-134500-0016,test-clean,237,OPUS_VOIP8,16000,50560,True,-23.425868859072565,-23.80235029775829,-0.3764814386857246,0.5183877348899841,0,0,1,3a72f033b4b30786761e5cf28d2c62317e0faace89462bed9b725889c5adf472,ecbea03c127c2546e02a7fd671c8902e249feedcd9d06d857988db28d6a6933c,7.283544303797468
confirmation,237-134500-0019,test-clean,237,OPUS_VOIP8,16000,45760,True,-25.21304571497524,-25.813610661482222,-0.6005649465069831,0.6393107175827026,0,0,1,2fac9ea3f02bd8187cb47dfb620b61a98c2c65ff4dead6cda1ce2f1a70ed2cf4,ceab1841f7d79f5cefe12791282be0c555772229003253817f653da60813b3a3,6.8
confirmation,237-134500-0024,test-clean,237,OPUS_VOIP8,16000,70560,True,-23.83676582910114,-24.287674914688044,-0.45090908558690657,0.7859458923339844,0,0,1,9b092117ec70ec1312fcb3c7af866a81eff5d025a393c56634b986d953ec09ff,2b94bebe806e55f30aadd30d1734a3ea1b34dbc7cbacb9bce98883acfa4c259a,7.198185941043083
confirmation,237-134500-0025,test-clean,237,OPUS_VOIP8,16000,26080,True,-25.57513593395338,-25.88478341386957,-0.3096474799161939,0.3284606337547302,0,0,1,4c7df3c694cc6b9a925bdc5e490414e41ad0b55d852a628f5a9f62e4c6cd7c06,9403942e93855d15886b8715fcc4336d107391ac7e4feb3744811e814063c2e2,6.615950920245399
confirmation,237-134500-0031,test-clean,237,OPUS_VOIP8,16000,169760,True,-21.801426992576367,-22.352780929002456,-0.5513539364260904,0.6514998078346252,0,0,1,0358af2c38588ef063d0e8a549e1cfaa7c1d3e516d866e7bc8b4eb5a7f684317,1b39e5d334284d345e3b2b4f3e3ff4b1c4369132bd83d44314284845991fe051,7.313854853911405
confirmation,237-134500-0032,test-clean,237,OPUS_VOIP8,16000,80400,True,-24.720261996393496,-25.00106596860292,-0.280803972209425,0.5843001008033752,0,0,1,ca815ff70b5e91c296d1fd07ccce85a0a4f5d6ff124c62adae86fe84220dfc06,591b8f907e014a7980816c20605d94f72118da3445ff95db4ebc6923f353fd9f,7.057512437810945
confirmation,237-134500-0033,test-clean,237,OPUS_VOIP8,16000,101600,True,-24.29575713758306,-24.708655319853506,-0.4128981822704472,0.5995200872421265,0,0,1,d94e82c9403ffd1ef4b838cab973aac251645e841996e5c4c3aa07c957cd932d,bcb48d373ecf164ccc9847f56702462e82784e531175534f2d25c979554b3d44,6.968188976377952
confirmation,237-134500-0035,test-clean,237,OPUS_VOIP8,16000,40880,True,-23.089636941707155,-23.237638678489812,-0.14800173678265505,0.47064173221588135,0,0,1,0bce5d38898576fe3669bd4904a70e415015952169e89470e3372f9bdb49c04c,9627238b760ce78623994f55947556157738ca7b76409e3d2a3ae3e2d51e9e1a,6.954207436399217
confirmation,237-134500-0036,test-clean,237,OPUS_VOIP8,16000,105600,True,-25.094991570794182,-25.514924685341562,-0.41993311454737864,0.6618238091468811,0,0,1,fb81445f2ddcd9d2ed68b98c9076dba17d80eb454ce452cdc78edf7e8fcd45cd,5826eca1d64d373095980411cff06820ca18a4687b5d1a0aef5ab09b56815a4b,7.143030303030303
confirmation,237-134500-0037,test-clean,237,OPUS_VOIP8,16000,113680,True,-20.815452716869743,-21.184901076420715,-0.3694483595509709,0.5803786516189575,0,0,1,5ba9dd6fd25aa41b3f0c918734ed5f3f12f2cde20eca00cbbab7ce461b864657,a30b3b66285e43d25bfbe7b076e41e2e6ec07617c155f2e49d862bf01296f0f9,7.483180858550316
confirmation,237-134500-0038,test-clean,237,OPUS_VOIP8,16000,38960,True,-21.148822296925573,-21.514470221615596,-0.365647924690028,0.5692815780639648,0,0,1,390acce2bf01973145e7c1d3b7162e9ba835bc7ff28a21704f3e41ca0b62735a,7793ac41ce9d45260caeb10545788cb83623a7268495bcd94a691e03098a4426,7.408624229979465
confirmation,237-134500-0039,test-clean,237,OPUS_VOIP8,16000,74080,True,-22.088550396572955,-22.41325523114345,-0.3247048345704953,0.45926493406295776,0,0,1,17904508ad68322ed4ef00c5bd1726c223a426b67cda8edfe268eafe6c4a26b2,0da8e478b105d4e395d20af6c5d363b4efa4147e3e59fefe7cbdab20385c2b84,7.428077753779697
confirmation,237-134500-0041,test-clean,237,OPUS_VOIP8,16000,142720,True,-24.50694980976086,-25.130423695387037,-0.6234738856261783,0.7375872135162354,0,0,1,bbf37c32abfb43383e6ebfa8aaade82d4c2d7e16736f510846f5df87c0c1337f,1918a7439561c3a4d96ddb828d0ff7768589001f4d8ea11c4e49c849fd073597,6.850224215246637
confirmation,260-123286-0000,test-clean,260,OPUS_VOIP8,16000,112640,True,-24.6509745483244,-25.29208648926259,-0.6411119409381895,0.5299967527389526,0,0,1,21a3f2b21a62eb4d958a8c42b3d6d1e0d758e445b1dc30e0095deeadc789e1ea,45dabdcfebf9c93d98c6a82d4241ad3a76a3567c1e73e869743730c9aa997c60,6.451136363636364
confirmation,260-123286-0001,test-clean,260,OPUS_VOIP8,16000,49120,True,-24.92380120788255,-25.664248046661925,-0.7404468387793705,0.45409372448921204,0,0,1,1d78ad43cb75ad920e0209a79dee0f6a9627b9d03fba8a992fc12c6e8aba578b,c0ed23ccb3039f8ef803210c141108c851b8d022cccbcd5754a248c50ac3aca4,6.715309446254072
confirmation,260-123286-0002,test-clean,260,OPUS_VOIP8,16000,159760,True,-23.596346064785173,-24.23946319221828,-0.6431171274331077,0.410470575094223,0,0,1,437aba71c8e750ab5ee8d688b64f7cdd73a3d9558c4413c656313e3e0ee9157e,fba699ecc163099614201a70b2c6d5bdb23eb040bbb29211acc729b68a8e37c4,7.105858788182274
confirmation,260-123286-0004,test-clean,260,OPUS_VOIP8,16000,55440,True,-23.93745919357855,-24.550468083055556,-0.6130088894770054,0.44278791546821594,0,0,1,ef43402acdb29c48f4a9a2ceef24ba2025274b9757cc4f7a403c4be6d313905f,8c70fd088c076735af729077e302b8ceb151d81dbd17240435c929e689d53db8,6.7555555555555555
confirmation,260-123286-0005,test-clean,260,OPUS_VOIP8,16000,76960,True,-25.216470329634948,-25.90063297907626,-0.6841626494413113,0.40114668011665344,0,0,1,128c910408c411e49f6fbbd7d3d2437dde7cc5f79c8d8db1e57d0e288d565a96,6a7b915d4b9e423246474e0e8a889e6de652b74f3439ac714f2383ad8c2f80d8,7.311434511434513
confirmation,260-123286-0007,test-clean,260,OPUS_VOIP8,16000,72800,True,-24.386802080102473,-25.034721365877903,-0.6479192857754303,0.4116319417953491,0,0,1,a2ce39bae7d8e25f1d0b8541c227af602dead891e4e767a09107ac9cb00ff90c,1fa36ddf20cffadf090b5b99ac155995c1968f8292be00085e53eb365f2e0163,7.307252747252747
confirmation,260-123286-0011,test-clean,260,OPUS_VOIP8,16000,68080,True,-24.303912897650015,-24.721130550045185,-0.4172176523951724,0.452976793050766,0,0,1,1d3567d573f94cc5648229daf674d5b356d8fb4238a511bc343a93a2b5b0b0d0,31c71ae1899e88f1a931a6d45476f9fc7eafb28e3da8e78f41cbb783e41df021,6.894477085781434
confirmation,260-123286-0015,test-clean,260,OPUS_VOIP8,16000,83360,True,-23.331785112194172,-23.756968171347005,-0.4251830591528334,0.43678513169288635,0,0,1,ed10f2047b08c7ed0ff81bcaf21b0d240520c2b0b13094c5d1e836e6b6c16c62,7de9f21df8e1d453dce762feb6c191d795e077165c6507e6365ea479c828c32a,6.911324376199617
confirmation,260-123286-0019,test-clean,260,OPUS_VOIP8,16000,190480,True,-23.73867339923958,-24.90343673912414,-1.1647633398845583,0.4580088257789612,0,0,1,a6be810994374220da686f2b5f2aa046e8c0b1d299d85dc003f73020d9149a98,ce2cba3b440cd55b17ad7123d59a951ab90f95ca6dc650bc2d7ba1046e78a674,7.205039899202016
confirmation,260-123286-0022,test-clean,260,OPUS_VOIP8,16000,51760,True,-24.592107694978708,-25.30049868294588,-0.7083909879671689,0.4870200455188751,0,0,1,d77f61437803f5d6969114a98731faf58df733530938152e316bca6f874ca2c3,0c7f3bec77dae53426bb21b4e11d6d6050c2c5091e7fd2b68186f7f8cd10bc12,6.993508500772798
confirmation,260-123286-0024,test-clean,260,OPUS_VOIP8,16000,48640,True,-20.969645229072768,-21.40460974543519,-0.43496451636242434,0.4581809341907501,0,0,1,f1864b03cff21bfbc1724e27f1e92692eec5dc260ed74ff6696c0db4ca3ef4b2,9f7f22cd68397044d2bbfcb98530e1419e98efe67b0116715d3f08e2f4c4803d,7.165789473684211
confirmation,260-123286-0028,test-clean,260,OPUS_VOIP8,16000,119440,True,-23.165428571460534,-23.818096149290085,-0.6526675778295511,0.4606782793998718,0,0,1,c964f0f7cb4b1a68b6cbd6d7cf622ae88dda54e86f8bf385199d936d7fbaa2aa,c2cf1d06adaec6d09fa2ecdbfd9091e3cf5cf68aa3a174e8a79d7e48f6e88a33,7.299129269926323
confirmation,260-123286-0029,test-clean,260,OPUS_VOIP8,16000,72720,True,-24.756349433363923,-25.307536583834587,-0.5511871504706621,0.5034350156784058,0,0,1,43ad4885d34c1ec777f4cbd4a3389fcea2d73ad2a8a47e010568efc366bb225b,a2eda15c07e886af138b12ca529ef62890e202b2c82460a85fa18bed808b09ae,7.112871287128713
confirmation,260-123286-0030,test-clean,260,OPUS_VOIP8,16000,120480,True,-24.222044644955105,-24.960894312322253,-0.7388496673671492,0.42469456791877747,0,0,1,44a9f0f54df5933e236d60eb4a867b8655f116851f2bdabefb8aa4e60d55b15c,b5351168b855365595cfcbce889ccbf4f8f0549ccab2f8b9371b09976aad5390,7.330677290836653
confirmation,260-123288-0008,test-clean,260,OPUS_VOIP8,16000,88240,True,-22.709530955123096,-23.26317031707542,-0.5536393619523219,0.42882707715034485,0,0,1,242b4878a6935ca966f8ff4d07fb69a665da11f8e8af4484ab27c196f0daef6e,e1b2a84fc2c31e866350e427de57ea0a3cba0520457259c16b2e2ad5fc99ed63,7.437171350861288
confirmation,260-123288-0012,test-clean,260,OPUS_VOIP8,16000,56720,True,-21.82179926212095,-22.359635107430826,-0.5378358453098738,0.4151669442653656,0,0,1,49a9e623b8d03676d1c270c680b25c5b00e05809c250c4e682cdc7e9001d6873,a6681452393d4addbcf0a343776338cf85ce6c13e38a918de36648ee5145a835,6.882933709449929
confirmation,260-123288-0015,test-clean,260,OPUS_VOIP8,16000,338960,True,-24.773353330701955,-25.377158709108198,-0.6038053784062397,0.368452787399292,0,0,1,9c9cec791484eab30543dd76e33abc44b0f8376cd0555c583c8c768e22ffb23e,219c561470e766804234101169746315ba52beb9bb997c78e7a8d94115954580,7.214916214302574
confirmation,260-123288-0016,test-clean,260,OPUS_VOIP8,16000,77840,True,-25.62224597864831,-26.25770541571039,-0.6354594370620805,0.3317353427410126,0,0,1,37b99f100715aabbe693511a0241779b17988d9f255c5f836f9915516d40130f,17b4d72ca687995ec97b2826d31af2ef728e89e5b499a9e489972702e1676c75,6.9344295991777996
confirmation,260-123288-0017,test-clean,260,OPUS_VOIP8,16000,83600,True,-24.14699132726344,-24.64333651740919,-0.4963451901457511,0.36882221698760986,0,0,1,5a288b70873c25cfde74797b7101de7f359b5653714e22bae5644bc3f9f50169,74cc67fdd83e6bf854d238a81fcfad1e9b4812db3c5fe9a1a1fd5006e8f70eff,7.312535885167464
confirmation,260-123288-0018,test-clean,260,OPUS_VOIP8,16000,51920,True,-23.507362271870058,-24.057684451603777,-0.5503221797337231,0.390207439661026,0,0,1,93c17827cdcd52f70585d58b757e35831baf3af9a861a9e22d956e5f269f2dbf,da11f19c94fbc929e09b5da16b1208907c8018e71e91da6f906848c15271c95d,7.314637904468412
confirmation,260-123288-0020,test-clean,260,OPUS_VOIP8,16000,46400,True,-25.411752643239574,-26.03174560124492,-0.619992958005349,0.3221224546432495,0,0,1,f354294da814bd79863fafc8b651bd7e706d5e74edc9139b0e214db6bc1e65b3,7499521e3b23eb19d71fee44366707d11d81dacc6d1b7abd6f3cbed10f20ee80,7.056551724137931
confirmation,260-123288-0022,test-clean,260,OPUS_VOIP8,16000,59280,True,-24.985844563235315,-25.663130129125044,-0.6772855658897334,0.34191280603408813,0,0,1,46c54afdac4811599eafc3daf3942beef7cfdb7730993c9a2ec8cd2ce24ccaa1,79c293e126d65f9c032ebee317175a5a996b82ed1c29c038a6ae7717cbc4af4e,7.030499325236168
confirmation,260-123288-0024,test-clean,260,OPUS_VOIP8,16000,233520,True,-23.94650650518961,-24.65074294602449,-0.7042364408348845,0.4395016133785248,0,0,1,010cc87a1124d5c8fa85d6e3908ccb4bc142934a33df01971f17d24310764ec1,758abd5285e0159c7362a7207ae72046a8b032fd04755d52c6da2ca2d7dd2e8d,7.49133264816718
confirmation,260-123288-0025,test-clean,260,OPUS_VOIP8,16000,215120,True,-24.070612082812097,-24.686061728556467,-0.6154496457443657,0.3988085389137268,0,0,1,36d5f07fe3976591994dc7401bd19aea5825eb3ccd9e91a4134fd809354ebd67,af976a008c07896d0a1c43dcc005a443567f689cba0202186375915a55aae8bb,7.323465972480476
confirmation,260-123440-0003,test-clean,260,OPUS_VOIP8,16000,57360,True,-22.58501535763375,-23.01921242999851,-0.43419707236476324,0.42198482155799866,0,0,1,d2d2f9a609dec52b7bc82b72166ed71760e3ea69d898950f81b1cb41ea2ff037,64917bbc54ee5b05dff77dd208a9ec16ddb20cbe5541d7c7bad2c7487215c3ea,7.54700139470014
confirmation,260-123440-0008,test-clean,260,OPUS_VOIP8,16000,59920,True,-23.69703646487062,-24.260428344804108,-0.5633918799334874,0.33043769001960754,0,0,0,7870b6c9f6aba31f1753177562175807cb265895905701d5d94426ef8e090d14,4ef4785c27db5467f9244c4106c66ba196ad1e30c427768f53fd989c272449e1,7.570627503337783
confirmation,260-123440-0014,test-clean,260,OPUS_VOIP8,16000,61040,True,-22.623019150454073,-22.93576798343231,-0.3127488329782374,0.41440531611442566,0,0,1,067bf5faa4f00aa6fe78cabe78c5f835577c331f6dde3fd5298b96fc2c0e2045,b57d091ff147edd4181611b7b16bd43890c2a5e3b5da7587c8931c82742d16c3,7.251376146788991
confirmation,260-123440-0016,test-clean,260,OPUS_VOIP8,16000,78320,True,-22.68036022803606,-23.10957644078225,-0.429216212746184,0.4331257939338684,0,0,1,1807aec316a7e094a38637f5e18dda5503f921d82d9cca237c2c99a01284ec23,9d2015331f8587097fbcd92766c34ee316818ba429e923721f96f1b7b77af154,7.643718079673136
confirmation,260-123440-0019,test-clean,260,OPUS_VOIP8,16000,106080,True,-24.183518769635093,-25.152158823787182,-0.9686400541520865,0.4316873550415039,0,0,1,cf784ac786a7f24477bbb36fd64fa2961d5eedc3bd35ed4d34c1fdd983289c62,7102721ff5e16aa646aec2bd4dd10bdbe63098772aea7ee9e05b8871fd913aca,7.533031674208145
confirmation,260-123440-0020,test-clean,260,OPUS_VOIP8,16000,79920,True,-22.68064988825362,-22.940748332619556,-0.260098444365935,0.4333844780921936,0,0,1,e5533de6b63fd0f78e259cad072d2c42cd1c47d823e62cede67a407deec403d4,292950347fbf53e6d2c3101553fe22ddaf9e61a98498ad87eda00da7a4b678fd,7.506706706706707
confirmation,672-122797-0005,test-clean,672,OPUS_VOIP8,16000,52160,True,-31.294293018304664,-33.2685275132553,-1.9742344949506352,0.2542498707771301,0,0,1,423e631c71fdb44b63e4111fa8b0619657a8930ee13a18a40cf070e641bf484b,956c8e3e02f42d0446b3a71de0245fe6587358c5913e35491f3d2d02a6331bdd,6.883435582822086
confirmation,672-122797-0011,test-clean,672,OPUS_VOIP8,16000,40640,True,-24.897134886273506,-25.76694268683717,-0.8698078005636638,0.4488508999347687,0,0,1,957f9def98ddcd59884082f445f6656fa7008381fd00cd73fefd007c6e882ea6,32599040e701e053122d72b963b78264fe9c991759078c1f58212ad803733b9e,7.880314960629921
confirmation,672-122797-0012,test-clean,672,OPUS_VOIP8,16000,124240,True,-28.81199340613359,-30.69999753320202,-1.888004127068432,0.2415069043636322,0,0,1,b7a2eb85e7d71f12163531c868b2f302373fa47bd4c0a514f25eccf0fbd9332c,cb81279321eb8136e51cff8e74eb970357e728fc782dc4a860537e00be6f0756,7.552865421764327
confirmation,672-122797-0014,test-clean,672,OPUS_VOIP8,16000,40880,True,-25.16502246395988,-26.03360281691657,-0.8685803529566896,0.46465060114860535,0,0,1,69cf1e3354f917b332855139b2e27f920bfad12297ba2518d702fcd4ae170f82,c069f831dc7fac4c1f11cdb58abcae85a7f2eeb960d67aa03582aeb943d1c2d2,7.317416829745596
confirmation,672-122797-0016,test-clean,672,OPUS_VOIP8,16000,147440,True,-26.05328793723938,-27.940545727831626,-1.887257790592252,0.3975183367729187,0,0,1,c81eef03c992e6e6b5cf7d5aaa609fbaa978cc49a526e756c7e7aaab0a2254a5,5d5dec9407283f4c2a2ee683033b848dd956931a60001ae0938072bc472e56d5,7.279435702658708
confirmation,672-122797-0017,test-clean,672,OPUS_VOIP8,16000,77120,True,-22.66937779543714,-24.380241834297884,-1.7108640388607417,0.5775741338729858,0,0,1,b69a9940084cc035eac3181d05e6146701be0d6a6efd4764d0788a645c35946a,0863d0381fbdd443866f52e74fc3c04b8483cfb5102ded32030a9afa4991b431,7.604979253112033
confirmation,672-122797-0019,test-clean,672,OPUS_VOIP8,16000,65760,True,-28.247081002329466,-29.89387147789873,-1.646790475569266,0.2117212414741516,0,0,1,63a029129326fe3ddf5a5cd25134db0b14d23905666cbcd57d04e6ceec460b5e,4a02879ed30ced2a7dcf077f41084de8bb8fcc84f6cb43b6d037bf992c8de4dd,7.227250608272506
confirmation,672-122797-0023,test-clean,672,OPUS_VOIP8,16000,155121,True,-29.033192952392305,-30.946181528821,-1.9129885764286945,0.3225198984146118,0,0,1,eb4f02621b97a4ea315b6f1688301228f0a31af3c55f760562d2c243531f925d,286a6a87bde9b5425da4860050ec292016489ec134e077f0625c97ca3cce0bb4,7.259777850839022
confirmation,672-122797-0030,test-clean,672,OPUS_VOIP8,16000,73200,True,-26.83354563051383,-28.513021659929443,-1.6794760294156155,0.6018799543380737,0,0,1,64f1ae14e37b42cdeae39a1cf30a67c98b01766503a833df51c707ceb4b33505,f75a413b359bd5760c8b2aab685cb4412afb173f3ba8c46e85798861639066eb,7.31103825136612
confirmation,672-122797-0032,test-clean,672,OPUS_VOIP8,16000,64000,True,-31.70892654495244,-34.199607396008766,-2.490680851056328,0.2028106153011322,0,0,1,70c2b42b9cb2cd5dc80a7cb8b866721b9c0dfa053b3b4822a7c64762d9e60374,c40444b3e3f48e759de927afd335c1217ddd5c8a5a2fd123dd59f853abb44cb4,6.832
confirmation,672-122797-0038,test-clean,672,OPUS_VOIP8,16000,140800,True,-27.02639252082968,-28.97341157257596,-1.9470190517462749,0.34495681524276733,0,0,2,7fc3bc61b29a8031b35c3f9726d45ddc50a0a84ab04989c864aa762e60e578a7,34eb137874216ff55e398c018179fd13721c5bcb11e0eb7266ac577597938867,7.127272727272727
confirmation,672-122797-0039,test-clean,672,OPUS_VOIP8,16000,64400,True,-23.433079168320123,-24.993679792541137,-1.5606006242210158,0.5460571050643921,0,0,1,549f1be0fa18cd8ec1c93e9c1aea719a2035d87dc5d91500fa0a8fe332556c06,a6c7bd626df23852b2950a1f69149815ab9f1fcaee9f36f70633220ab0fb73a7,7.415652173913043
confirmation,672-122797-0041,test-clean,672,OPUS_VOIP8,16000,62080,True,-29.436431320668333,-31.702724970773332,-2.266293650105002,0.30365774035453796,0,0,1,9ecae106e011014edd5877b08b61e3bd2bf69661e4e6c75603ee93528000fca9,7b570697e72aa9675dc8a79ec97a7b0aae7d5ceff1199c504994a64fd18e4775,6.804123711340207
confirmation,672-122797-0042,test-clean,672,OPUS_VOIP8,16000,244960,True,-32.15128883676048,-33.667586656943634,-1.5162978201831503,0.2892875671386719,0,0,2,a45744ed22da8bf820e3fca9c0e19a39aae31458cfa990d0b7eac42b92869fe8,621bc0a1e657a48791d604f9ca8570e0da73fc8d9973041b8b6285fd33814568,6.546832135858915
confirmation,672-122797-0043,test-clean,672,OPUS_VOIP8,16000,60480,True,-27.716310946680814,-29.094362986946148,-1.3780520402653313,0.3018084466457367,0,0,1,03358debcce6e7fe6b5c77fa8912109adf1c23abb8dfb70739eae34ddbc24bfc,dc8fae862f4990296213ad1c9c98926818d8da030dcf3cdd658c0930b8eb6dd5,7.034920634920635
confirmation,672-122797-0047,test-clean,672,OPUS_VOIP8,16000,53200,True,-20.00555405578406,-20.73908108959724,-0.7335270338131771,0.7884489297866821,0,0,1,f4633cbd01af6a86e98fb8365e751b1739b9540a7a2658e5eea74d1dbb336625,b8c9cc7e2463c982f5c4ab0e856fc20a9abe23cd5f17162f1fc4326fabfe8555,7.487518796992481
confirmation,672-122797-0048,test-clean,672,OPUS_VOIP8,16000,104880,True,-28.3375876144089,-29.56511095139212,-1.2275233369832197,0.36119985580444336,0,0,1,d5421db9adae2546dcddfedfc0aa54a673867ae8e675b7fa472634938c0f9514,d830215e3d449633ae706f0dc0ce4fe49b7b0f6425e46e7d2ef93a73b2298237,6.993135011441648
confirmation,672-122797-0049,test-clean,672,OPUS_VOIP8,16000,32320,True,-29.700110025770773,-30.47493214369968,-0.7748221179289074,0.2509918212890625,0,0,1,6b30422abc1d02d829540bfdd736de8721e599e2354d9eb68a8764b8973be1a3,3b75c2001942dc979aa4eb87f2e678324a4f4e072af3bb9b3c294cc633f94d28,6.34059405940594
confirmation,672-122797-0052,test-clean,672,OPUS_VOIP8,16000,68560,True,-24.87705920472934,-25.706043763356057,-0.8289845586267198,0.44242149591445923,0,0,1,dbc78dc8af89df81cb2a6572af5782a3f52aba314f7d4b70e574ef822803080e,997c82d8813fe4e19405239ccca5824552b108f468a00fc2af8da1d713da5e08,7.568728121353559
confirmation,672-122797-0053,test-clean,672,OPUS_VOIP8,16000,47280,True,-30.06794726851721,-34.78944645390887,-4.721499185391667,0.1763317734003067,0,0,2,e16055d46738cf1a3ff1a4e1a848c7c94ea01820f31d76dd8b166e50f97ce6a6,a6274f2970c361ea3ea01431ed4f7783ff8c4eef1d6632bcc575a1c63435c283,6.825042301184433
confirmation,672-122797-0057,test-clean,672,OPUS_VOIP8,16000,104960,True,-27.534281442246183,-28.890258949919335,-1.3559775076731497,0.40599119663238525,0,0,1,bb60eadf8f80695b2cb8ba3a0f662e579dd4b938c894401bebee437db2999744,fb444619802eafafef9eebb1989aba5584bb6238493e198cd0f80a92178b46e6,6.959756097560976
confirmation,672-122797-0059,test-clean,672,OPUS_VOIP8,16000,56320,True,-29.49942509037985,-30.351851247918603,-0.8524261575387497,0.3837750256061554,0,0,1,c49497188fdc83b5f2dcedd90f0972b65228f0180ea13c2cbff7c5652450a5e2,bdc59ef4adaf92c9433e58ca12ef525c8a4718ba1eabd98682c7456e8eca04d6,6.975
confirmation,672-122797-0060,test-clean,672,OPUS_VOIP8,16000,53600,True,-26.42003285924377,-27.54838783318491,-1.1283549739411463,0.521321177482605,0,0,1,3f2928412f3312dae3b43009ade4a6fcc210c49b10544f9f713016bead08bb6c,d035391e386dce48eaf87ce9233aff3f2adfb97a395fed4d9b5d2b9c2a9cbec0,7.04
confirmation,672-122797-0062,test-clean,672,OPUS_VOIP8,16000,42800,True,-31.23932196295694,-32.43835231601486,-1.199030353057911,0.26056012511253357,0,0,1,06fac525b839c18646abc33db36aac3026723ceae74a61125624e4fa2c87eedd,1dac980ac832ed3dafcf5848c6c9b3aa058ab21f9bfa4db5d482d9850aaae0fc,6.711028037383178
confirmation,672-122797-0063,test-clean,672,OPUS_VOIP8,16000,81200,True,-27.503941981335494,-28.297083188506843,-0.7931412071713462,0.5484824776649475,0,0,2,fe9d26afa80c668cc2a90d05938fe20d8d1d74e7c0abafd7d08aaa06f0308a3a,f58f0ee8c37971f9ec6b7a4489e3ebe22c00a76b930601a0eefdc8e89b19d4a7,6.8350738916256155
confirmation,672-122797-0065,test-clean,672,OPUS_VOIP8,16000,48480,True,-30.753903337535917,-32.25741078635461,-1.5035074488186932,0.1514555662870407,0,0,1,8c95a8eed932068b83224031f7c9b11a9721ceb0d29edc67ca2bc36301f8cb69,5ca4155da33fa972d81ed57e4994c02b074c49e2e167c2eb816d889c2c545c28,7.062706270627063
confirmation,672-122797-0066,test-clean,672,OPUS_VOIP8,16000,77040,True,-27.376835699479276,-28.953703264902828,-1.5768675654235516,0.5203805565834045,0,0,1,02eccb6ecdcc5c04f1b1f4464c98a4412f2e46b744e6c8f03a03a6cf8497b69d,aee13d451115fda8b5cc481d6a331e660c2723de9f5a0ade5d2aa7f56e2b3533,7.25233644859813
confirmation,672-122797-0069,test-clean,672,OPUS_VOIP8,16000,80160,True,-29.672456941003876,-31.403605426523598,-1.7311484855197234,0.39726969599723816,0,0,1,ef3dd563181f92ced5b4fcdef00b097eb4223545d2e8866fad268c23b21cb3b1,f21cc98506bd4fd71bedb25d0104cb21c8f2257dfd63867da6e6244964d7f8b0,6.914171656686627
confirmation,672-122797-0070,test-clean,672,OPUS_VOIP8,16000,100320,True,-26.83114560787597,-28.88913746165951,-2.05799185378354,0.3379702866077423,0,0,1,c7f987a0eb2ac63d764370f964f3df76252fdd0c99d26e8bed9f57379364cff1,616e0d15fa6a968c7bb161b7d271c86f33eb411e0354df59145c82c365cc62b0,7.1196172248803835
confirmation,672-122797-0072,test-clean,672,OPUS_VOIP8,16000,127040,True,-28.865094354502578,-30.920882822260104,-2.055788467757527,0.5018510818481445,0,0,1,acdfb4be2f12feeeee83c86ed30483c61b30dc9d0c4d9f0e7816bbbe558479d0,bbece724d61ed3578ae057a5c08e6b7dafa56c5f15da7d8c10320f656e8419d9,7.022670025188917
confirmation,908-157963-0001,test-clean,908,OPUS_VOIP8,16000,46160,True,-20.904433685135743,-21.224513064620844,-0.3200793794851007,0.8230404853820801,0,0,1,b1281ac531a4570b094bf500b8644da79863396a12fc997d3a1ca9933628b5cf,6f6e40eb2ae38bb339e52aa4426b2515aef0e93a6b44b47dd015e7fccf142acf,7.403812824956672
confirmation,908-157963-0002,test-clean,908,OPUS_VOIP8,16000,44080,True,-20.688377399797293,-21.36829142253071,-0.6799140227334156,0.6136988401412964,0,0,1,11e0fa717c63027c90867253596415cbddf2ac81132d191bc8ebc67fcdaccbc0,bb85bacaeb152690a642b413d5d5888794c648c7742a68a2d15f3e990f5fc459,7.372776769509982
confirmation,908-157963-0006,test-clean,908,OPUS_VOIP8,16000,129760,True,-22.96617795133098,-23.503645497514107,-0.5374675461831225,0.5800343751907349,0,0,1,3d0ba937e34b99d686a616e17555bd1cb51805b5493876a4be6bca9d5eccc04e,69ab69886daa07ec91b239b2a31e706bdeed2f429b77a564c94a9a1105b8f6a6,7.3972872996300865
confirmation,908-157963-0008,test-clean,908,OPUS_VOIP8,16000,319200,True,-23.44417065317011,-23.995312277132,-0.5511416239618875,0.672716498374939,0,0,1,f22ae8d7b9a7e2e486eeab9bd13d035398b9de8f316bd1677e9e31584ddf7c60,aac86a5f0cd91746804e1d9e52ade46f105ebd90aba6780c5ef38abd7fcd8453,7.400501253132832
confirmation,908-157963-0009,test-clean,908,OPUS_VOIP8,16000,64960,True,-23.74989057435801,-24.511455329338446,-0.7615647549804385,0.6586447358131409,0,0,1,694911ad5e4a7f03732bde3a218b4ec9d1824670a5a88916f790d989ca26ad23,1cdafee5832991a379232a1ce5f29a0a5f4595d80b512c8c62708f0d6fb0d8df,7.25320197044335
confirmation,908-157963-0014,test-clean,908,OPUS_VOIP8,16000,72320,True,-22.84213633125905,-23.279765409892917,-0.43762907863386413,0.6252248287200928,0,0,1,4fd87b25e927f1a9ef8067df21d9aa770693f0bc48fec9f125ecbd290a68fb41,d3bea1a4e0a64cff55b007fbdd7c86f6dd15126a9d916aaf6472f5a36c51c757,7.4070796460177
confirmation,908-157963-0018,test-clean,908,OPUS_VOIP8,16000,68080,True,-23.538819799676702,-24.32011530659661,-0.7812955069199059,0.4826267957687378,0,0,1,fc679a25cbe2f5eec75717d967b7f915f6f25485567ec3edc15c7c420072a845,61240a410c6bf0899ef84e5961b0f6b92f3ff2a04fd97b3b341c022a894c108f,7.426556991774383
confirmation,908-157963-0019,test-clean,908,OPUS_VOIP8,16000,343040,True,-22.63764733916954,-23.18977378816495,-0.5521264489954094,0.8125549554824829,0,0,1,972f958c5a2c6d725e9d9e0a9f0a4793c132e8b4104c6d22e26bbc9b2e835569,6d861aa901ac7db2956c931dc9c10529f35d3612e88a046d47c6d7c3de76815c,7.276865671641791
confirmation,908-157963-0020,test-clean,908,OPUS_VOIP8,16000,156800,True,-22.91896930761666,-23.36450107058407,-0.44553176296740776,0.9290897250175476,0,0,1,d8335c05b916a2d15df10cfd6413b4d7860e1489af1366da79bc1e1ea6ffcefd,9a63d3bbc99ddbf90a88c6a75c839b76fafffaffc7769db8d31ea78268c74196,7.218775510204081
confirmation,908-157963-0021,test-clean,908,OPUS_VOIP8,16000,163840,True,-22.99017012685113,-23.608057020964722,-0.6178868941135887,0.5473381876945496,0,0,1,cdde1fdccfcc1f5bf6799ce90785c24b3d8430c7c3997e86d39eceb35784a7f7,8987a190e732e470ee011431132cbccfa57056b00cb8b96c5759c7f796aca34f,7.296875
confirmation,908-157963-0022,test-clean,908,OPUS_VOIP8,16000,73760,True,-26.644622608402567,-27.331663383436513,-0.6870407750339479,0.40655264258384705,0,0,1,9837e4cf7bf0fab59b3a90366e94298e936da414c41898148e2abdcdbbe96bf1,465d2fde8ba96fee0973e430913760cb93b52ca9c94caf8b5266c19d964d9618,7.144468546637743
confirmation,908-157963-0023,test-clean,908,OPUS_VOIP8,16000,154000,True,-24.291043851412176,-25.005043322895414,-0.7139994714832378,0.59574955701828,0,0,1,2b961f470a54f3729def09b977cec319091741da5ddf70ac7b08bc2818e7e979,0ff9804bf2590509d192fb33637a0b1d06b7775b763a5a91e3df214d3c118de0,7.286025974025974
confirmation,908-157963-0025,test-clean,908,OPUS_VOIP8,16000,148240,True,-24.709884307787977,-25.405318772247366,-0.6954344644593873,0.5554748177528381,0,0,1,275b8fbaf78d55b482430b41970f89bb69c0442cfaac917c006594061474df26,51537328e1b8f81da919051c66e3f811fd17d6f2ee642448b630e021394d61e4,7.135671883432272
confirmation,908-157963-0026,test-clean,908,OPUS_VOIP8,16000,129600,True,-24.834719476615813,-25.49413757031745,-0.6594180937016353,0.53627610206604,0,0,1,6c0850c03e4c80b4f8c887abdb53cb41456d055b393224eb366f61341e1f4ac9,e308a815c0716b30479c0e0114c944a633ebcd9e69dc7d334621b9f29cc5677b,7.184197530864198
confirmation,908-157963-0028,test-clean,908,OPUS_VOIP8,16000,79280,True,-21.367515922843417,-22.059620366078917,-0.6921044432355034,0.708134651184082,0,0,1,4cac9a301b47d5ae3724fb9093064031c71260271a59cb0540f2409fd8c0f74a,6e08c7ec8d0b019aa96c3f14e8caafe59ec10947167045eb051607b7c6b7f6fa,7.462361251261352
confirmation,908-157963-0030,test-clean,908,OPUS_VOIP8,16000,72320,True,-20.450295324497148,-21.03043752692319,-0.580142202426039,0.5535770058631897,0,0,1,92cdae991d1ff5000b3038dc67387a359c552647dc8a4ba68dca912763ca447b,049598dee9049b0d2c51678470d013d108e80a2b1efcbc79c6ee7c09dbad4037,7.557522123893806
confirmation,908-31957-0001,test-clean,908,OPUS_VOIP8,16000,181040,True,-24.26226221137789,-25.037559667758682,-0.7752974563807931,0.6236463189125061,0,0,1,10dc65c5145f754f3651012fe1a0ee49aa2e6148c90a56067b1e6fbac824fc90,0e049bcf8371a99de27ee14d7c85af5ea8effea1139b01249e35c541043d9eb6,7.390543526292532
confirmation,908-31957-0002,test-clean,908,OPUS_VOIP8,16000,76640,True,-25.537578974520407,-26.466765135057283,-0.9291861605368767,0.40783798694610596,0,0,1,b7b9b4e22ab2d6a5a8b6498569b8b09c78d1effea953dd148bb5ff0992e36ef2,4179c6433ad1b4ff01ad07cebb305e4882ba7a4a850d966c23dec9c8fc6572b7,7.263465553235909
confirmation,908-31957-0003,test-clean,908,OPUS_VOIP8,16000,105040,True,-24.2146065197903,-24.965288147851282,-0.7506816280609823,0.4712774157524109,0,0,1,0534570ea72cd11ad8b6c90902ec47aa69a127ea9a2eb658ab1a2b29ccf87bc7,1574e1e8ecde12315cd90bcedf65f8a5c9bacef36ea0f2bad8a03db8dc17ce5b,7.5588728103579585
confirmation,908-31957-0004,test-clean,908,OPUS_VOIP8,16000,236080,True,-23.283785649858245,-24.00075394377494,-0.7169682939166906,0.6406005620956421,0,0,1,fa4a185db0c94a131f1069d29bfa309a7b715c03ca34b4bf2c211e5850b43545,6723d6ff9a946c0564bee5a739ad3217eb5245c4203fdb0c8be4310504b9810e,7.445340562521179
confirmation,908-31957-0005,test-clean,908,OPUS_VOIP8,16000,71840,True,-25.295791227573346,-26.201639253282487,-0.9058480257091405,0.5558135509490967,0,0,1,a6c46c278251864f0342df162f8771c2b343046870b8f5878b389daf4ad4b420,78d497f8045301cd86a5e8309d9621722e650131b47c3ceea939b63ecb7558b5,6.8668151447661465
confirmation,908-31957-0007,test-clean,908,OPUS_VOIP8,16000,92800,True,-22.270710710208462,-22.926588645075846,-0.6558779348673816,0.577028214931488,0,0,1,95b78637d1ac700d3666d0977caa14981ee44d7c62d56c7431783c3f3130c2aa,9d389be48ce95b19360330eb3486cdd2b7534592c1803e5ebfea6396b0a74d33,7.347586206896552
confirmation,908-31957-0009,test-clean,908,OPUS_VOIP8,16000,123280,True,-24.11462431641708,-24.92131209070159,-0.8066877742845124,0.6386693716049194,0,0,1,1d1ac99f362091c6a3b732043a15434359c8cf4d305ede33671be220735fc0e4,66a1647e3c76bac9b5bc447415ae4b40c0630d8d01350715404d4d1f4363318b,7.377027903958468
confirmation,908-31957-0012,test-clean,908,OPUS_VOIP8,16000,121840,True,-22.898566497405298,-23.36102187834895,-0.46245538094365424,0.5823143124580383,0,0,1,fb811f6dc06805f9617c66276eb0076fbd4206d550ff857f18bf9fab281683f7,087a600c21196b67c51d42fe194fd49e73f46062cc27cd2353ab74802f08fceb,7.2782665791201575
confirmation,908-31957-0015,test-clean,908,OPUS_VOIP8,16000,343440,True,-26.627244791068097,-27.355226049483868,-0.7279812584157752,0.60081547498703,0,0,1,0a2a40ad0a5a1dc9a1b01c98ecc80ea2b3fea8376e4f8d0dec1452ac0cd00df0,34643788c4ec455de9f31c11bd6c1bc79388c03e6c37abe66fc495d1aafb0d30,7.02799906825064
confirmation,908-31957-0017,test-clean,908,OPUS_VOIP8,16000,124720,True,-26.058704060773984,-26.924035244865916,-0.8653311840919298,0.426717072725296,0,0,1,554cae2317e0c5de4ba1ef06e65f735a522916ef6c4364e74eea544dbc498b8e,e5d07a56b1204402d4443708f6ee4b0ac9f63ed7afba5a4f0a8dbedc2cc890d8,7.129698524695317
confirmation,908-31957-0019,test-clean,908,OPUS_VOIP8,16000,152640,True,-23.678009943111928,-24.770267198400976,-1.0922572552890497,0.5754415392875671,0,0,1,6d4aeecf0889fdeee5fe9051f3ca0b7399fd5096d1043d4e2480cb8516ee09ed,cad54665b9856e2d73a781d12d53638b9856f069165b99854d8efa9636daaa29,7.179035639412999
confirmation,908-31957-0020,test-clean,908,OPUS_VOIP8,16000,94320,True,-24.272314524511454,-24.990058659842703,-0.7177441353312479,0.6580402851104736,0,0,1,01a1e02a60d30a7f484070494c6e2df49846da6dd374b4fc45bad62ef9d500e5,244307ba480845e234c38926a013af15989546f56c950b957c636a8beeb9bdbe,7.176251060220527
confirmation,908-31957-0021,test-clean,908,OPUS_VOIP8,16000,174480,True,-23.394384606328032,-23.992399223587174,-0.5980146172591402,0.5933883190155029,0,0,1,f9ca9fc3dd526f53fada6fd0d09498dd1e1c7e4a78df308ed96313bdd9f1b40c,60bf69a526356891ba880c104caf7baceca026c704bea2b3886c5f4196c8dea4,7.256121045392022
confirmation,908-31957-0023,test-clean,908,OPUS_VOIP8,16000,136240,True,-24.34446176800984,-25.097459176285728,-0.7529974082758893,0.48984622955322266,0,0,1,d3d3af643c3da7422adb24d4643ddc9e4bb879b8773730c9d6df2a2e6e57e2a9,66d7b6db808c863cde5e6ef04fe97b28f6938a458d5ada2dbe548d52bcbc65f6,7.1102759835584255
confirmation,1089-134686-0000,test-clean,1089,OPUS_VOIP8,16000,166960,True,-26.623367031397315,-27.169967832625886,-0.5466008012285658,0.7251536846160889,0,0,1,c0e8ac79432b1ea3a1b2131b8aaf3072847f5506500a6cf8e60d1080195d23cb,8d0cd55d670c4808e1f098cb24aefa0ef5e50389685239fc5d6d960d1735e221,7.24638236703402
confirmation,1089-134686-0001,test-clean,1089,OPUS_VOIP8,16000,52400,True,-31.146460100032222,-31.916358924130435,-0.769898824098215,0.426035612821579,0,0,1,d1f536ac305d7cbc234fd87a73e6263cb1881a5a6c2d9e881d2ff049a9f5694d,43e9a681ab2ee3d3d9eccd5b162b6f4b6aa1a05ce095a0fdab1f41a36567f600,6.754198473282443
confirmation,1089-134686-0003,test-clean,1089,OPUS_VOIP8,16000,42880,True,-21.45697241081666,-21.920219441732904,-0.4632470309162429,0.7027402520179749,0,0,1,f7180ed894fb93928e8d4ee64372d0a97637a8082beaca07f8efa1ec54b76b11,5cb13c7c09a417103046e7ff2953422a7af8b1da0a3006a7f3909f4fd93bc0b1,7.414925373134328
confirmation,1089-134686-0006,test-clean,1089,OPUS_VOIP8,16000,168880,True,-26.53613255391024,-27.11695172693205,-0.5808191730218106,0.5397571921348572,0,0,1,d4f5293210c5069a5729542f64d5818cca934ed2c2a629e8b4341d46509e25f8,6052b924b8824ce5157e42ecdbae0612d64ae7f49bcaac253772dc6d85b91387,7.2792041686404545
confirmation,1089-134686-0007,test-clean,1089,OPUS_VOIP8,16000,68400,True,-28.019339825108894,-28.68060242683939,-0.6612626017304952,0.34564903378486633,0,0,1,312533e3d485ba216f9d88bb04cfc3ddeb187ee482ecda258b886417dcb8d631,1d64884307bc624e36d441962ddcbf54912a095f809576493c6c94882a0afcdf,7.006315789473684
confirmation,1089-134686-0008,test-clean,1089,OPUS_VOIP8,16000,107680,True,-27.66783655128933,-28.37134926323088,-0.7035127119415457,0.4910399317741394,0,0,1,230b195eb204b8cd5a856459534b68416dab1c2f1d592b408dc28b771a7f48c0,6a9c74ff4bdf158c68c7b14a07c0d2047227b9fba4eac6595d450aef90fc081d,7.093016344725111
confirmation,1089-134686-0012,test-clean,1089,OPUS_VOIP8,16000,186240,True,-27.308870032563,-27.890184591621733,-0.581314559058727,0.4668847918510437,0,0,1,9acbd2b6b4686e32cce95ef8281af9e84d4991830c2eb40bc1e90c577d38251a,b0d3c49e0a3b15eac8c1cb962e354435e08bf12463775065f94eb75926f16994,7.103092783505154
confirmation,1089-134686-0014,test-clean,1089,OPUS_VOIP8,16000,35600,True,-25.678066947074413,-26.35959645478563,-0.6815295077112178,0.5171896815299988,0,0,1,26ab9749661e18ae90cd881bd8605222190269d18ec7b4f0303ccb003b916e90,5d511fc12de0994ec2bac87f0d1815a016c7b8adb23b463b839153097f42da0e,6.892584269662921
confirmation,1089-134686-0015,test-clean,1089,OPUS_VOIP8,16000,93040,True,-27.91057077174027,-28.535811748670227,-0.6252409769299556,0.4222129285335541,0,0,1,c3aec73e43e49960b59738c8748cd31b0cd57f2bb85dfa9d2dccc42b6ca5e836,cd54ba9d11001c66a07f870c0dcbe7a508b6e140b63662c449c8ae4b928cc0a6,6.735683576956148
confirmation,1089-134686-0018,test-clean,1089,OPUS_VOIP8,16000,251520,True,-27.64715962130479,-28.12596874537478,-0.4788091240699869,0.475929856300354,0,0,1,bba875d645f248d853ed8abb8fddc5367069161f99568ccd6b42a5f71ba1ada4,dc6db1fdd91b118d0ad84bc56ac7a1e1e510e99c1260b8bb7a84c7218b3499ba,7.272773536895674
confirmation,1089-134686-0019,test-clean,1089,OPUS_VOIP8,16000,222320,True,-26.804751632588907,-27.370357667719595,-0.5656060351306841,0.4749816656112671,0,0,1,f1c7ff2642042d34c70447f2c2cf5b3858167a536001c747cd056125df7de260,bc9c367114a2d52471857a5deffcd9c9e8ca5215bd247b2d132d7d5db3782b9e,7.270528967254409
confirmation,1089-134686-0023,test-clean,1089,OPUS_VOIP8,16000,212400,True,-27.268433984244233,-27.82751315653276,-0.5590791722885284,0.6380336284637451,0,0,1,ca286ffbb8d20789103e858102a336f82e786bb968933c88115680bf0eb7b908,0f7a34cadc565fb30c7226d11c0fc4b65a557bde91ce9c1cdf71e1f431adc38b,7.2834651600753295
confirmation,1089-134686-0025,test-clean,1089,OPUS_VOIP8,16000,105760,True,-27.84045788422698,-28.560759137395525,-0.7203012531685484,0.35889244079589844,0,0,1,675adc273d24c214fa801faf1dde7b4ecab86e383ed2650d4253139235c61366,10cf888dc39fa2974613fcf7f33617ae9ff415d821060b306fdf2ce344da102c,6.933736762481089
confirmation,1089-134686-0026,test-clean,1089,OPUS_VOIP8,16000,64160,True,-27.93965170234301,-28.567971824098436,-0.6283201217554273,0.5995147824287415,0,0,1,6674813dbd85d17e534d8b10ce7de436ab621f09e6c1fe0d7904c0ec5617cc25,481da6654564d8b88e31f3177f40c6b53e611e05a44d9558fe0394f68ac64975,7.04638403990025
confirmation,1089-134686-0029,test-clean,1089,OPUS_VOIP8,16000,74720,True,-23.385948345737695,-24.023116206775967,-0.6371678610382676,0.6775692105293274,0,0,1,9d9fe70c6b70410a85726dee16458e59572f4eb303d41a309d4a064f507dfcf1,3a53591710d3fb1c8b44009c55db7e9ee019ab269f5e9ee57fb9022337c426e9,7.170877944325482
confirmation,1089-134686-0030,test-clean,1089,OPUS_VOIP8,16000,43440,True,-21.23041333425593,-21.866732875175934,-0.636319540920012,0.5941694378852844,0,0,1,720177719fd66b42aa896b96bda1a0b3f9057aff3df77ec94cd9904158276336,fbeceba81148af4455c8604339e651fbf36e132bc25546be96ed3c9a2bfd49a6,7.384162062615101
confirmation,1089-134686-0034,test-clean,1089,OPUS_VOIP8,16000,92960,True,-28.711013846257607,-29.124666906196982,-0.4136530599393706,0.49145594239234924,0,0,1,b4df7d9dc8b90c0e2dc33a301050abc0466830bc98e20a8e87b45b6a8a5c3902,1b77fe96a88c909222355c5c4ab823c0411c3462e8cb26ba6831bf267f169619,6.762134251290878
confirmation,1089-134686-0035,test-clean,1089,OPUS_VOIP8,16000,55120,True,-23.679728368916276,-24.165272000344796,-0.4855436314285228,0.7583535313606262,0,0,1,d42214df6bfda2c54aab22c4ba991ed2d86095e8624bfacb22533ba63f84eb36,9ed4e54fecfd78b8f23dae25610984ad103beb7703acd81d99ec5662e2d4d80b,7.082728592162554
confirmation,1089-134686-0036,test-clean,1089,OPUS_VOIP8,16000,52000,True,-26.86602111778974,-27.63766947995625,-0.7716483621665139,0.4869737923145294,0,0,1,79c0f1f92d8b08786658e1d4eb4b5e647b2b9006832d5b6ccc4d79f74bffb504,a50b9ed27f33f047dedaeaaa80fc69d8da5e01395f55cb79dc576fc63f28116d,7.128615384615385
confirmation,1089-134691-0000,test-clean,1089,OPUS_VOIP8,16000,33360,True,-24.416923633381234,-24.852965746939102,-0.43604211355786954,0.831474781036377,0,0,1,07b6fbd792d937018c7663d06bef209ada58d00ccee900c25d85bdbbc87c0173,549cae51cd50fad13b185f233b483cbab3d8edc1eaa7ec0025ec646d5e6223c0,6.783693045563549
confirmation,1089-134691-0003,test-clean,1089,OPUS_VOIP8,16000,34800,True,-27.43642616236441,-28.461470674930673,-1.0250445125662646,0.4561013877391815,0,0,1,3f5acbffcf60f781deb5ac6eac0dda57abc7a934c954907c90fe20289fe7afb9,29dbc58ac57446feb295f74ca91c7b3645e2b8c8b52ceb33dd13e7dcfe6cd315,6.6096551724137935
confirmation,1089-134691-0004,test-clean,1089,OPUS_VOIP8,16000,82801,True,-25.530518118516316,-26.18599181170424,-0.6554736931879221,0.7954782247543335,0,0,1,97edce2e50beab1960d86d841f0bf7771737583f08ccf72be0f643f77a121934,400064dad16b542645e6de13e60b9dc697a67d59b1f05c94dbdc172c0633a58b,7.294984360092269
confirmation,1089-134691-0006,test-clean,1089,OPUS_VOIP8,16000,94320,True,-25.79178296244182,-26.568535254816233,-0.7767522923744152,0.6118243932723999,0,0,1,efee9b6124683271f2d0f2cf43bff54be827d48f5e7e75b5a4ea78ee7941c1dd,6084edead1b87a5e6f6c518b0398af8c837a3c4df3a0c295d386e05c47f9d32b,7.408312128922817
confirmation,1089-134691-0007,test-clean,1089,OPUS_VOIP8,16000,55040,True,-25.581377848461045,-26.279429208040703,-0.698051359579656,0.4952203929424286,0,0,1,d10f3c9c5edea7b4cd493f48663f30f9ae671779c6f0a512bb6056b828b30836,3bce673f404e1695b50a3ab2b787d2028798a4018b912982db087d66de0bfc29,7.265116279069767
confirmation,1089-134691-0010,test-clean,1089,OPUS_VOIP8,16000,51120,True,-25.482415845707568,-25.99027411392996,-0.5078582682223932,0.6413774490356445,0,0,1,9db8bf198a12f345c8b86ea0857f4c83d06da0e82ab8f269b0c1227fe758cb43,9e7924045df1ba95f285f3a41ea8994312c103592af580679fa469981fdc4d5d,6.374960876369328
confirmation,1089-134691-0011,test-clean,1089,OPUS_VOIP8,16000,320160,True,-25.778378238277575,-26.40396334531151,-0.6255851070339351,0.6638379096984863,0,0,1,5ea678daece0875be3ccb89a073389ab5c243153dd3b1fc66cac461dbdeb7452,22034fc910a6dce42b63965439fdda39c213ae742deb71f364f55bc93c2acf31,7.232783608195901
confirmation,1089-134691-0012,test-clean,1089,OPUS_VOIP8,16000,240480,True,-26.156163274002413,-26.828502860917855,-0.6723395869154437,0.9265785217285156,0,0,1,5ef63e584f2c7f21a814f542e778051cd5c2761c240697b87195b819b00ea6ee,16f41a4cba529bba157c7f71562d9d7ea0d1364bb31a41b29e23043508132909,7.301131071190952
confirmation,1089-134691-0021,test-clean,1089,OPUS_VOIP8,16000,213920,True,-25.087188816614244,-25.71736750381342,-0.6301786871991745,0.6612333655357361,0,0,1,46f5ba6c95c79b136a58b842a2985a7ee947c543252e6bdd52f9fe60772aac53,17c12501021c0b7b6facc56b7fbad32dba5ee2c1693216d0e5b1dee2f5f5c1a0,7.393268511593119
confirmation,1089-134691-0022,test-clean,1089,OPUS_VOIP8,16000,90160,True,-24.972984141514925,-25.420136656127053,-0.4471525146121268,0.951378583908081,0,0,1,0058be39661a85459db2433a09ba619556fd9812841423b6ca5cd569554e3402,6b4c0c60b0c87e39d783ef8832f4b4328b236d14e0736028bb40294bf04ed12e,7.260337178349602
confirmation,1089-134691-0023,test-clean,1089,OPUS_VOIP8,16000,123760,True,-26.962186334605217,-27.752834837077135,-0.790648502471913,0.5941461324691772,0,0,1,32e217a18ae07623179af0a27310160a1d914228dc80b02a8b4530084dd3a807,20bfb393bbcbbc8e8e3cfba86837446ea4d2e80e4764e5cab376a70afbbc473b,7.264641241111829
confirmation,1188-133604-0000,test-clean,1188,OPUS_VOIP8,16000,171600,True,-30.519259962999257,-31.30302679005641,-0.7837668270571492,0.25298264622688293,0,0,1,5639953dd29fdb0164ffae833a108b29d1df37c99ded629989ad88937598de15,93449098a2accfcf9016aba79aff4373f54f25c369986d54b732e155a5a3aa86,6.714032634032635
confirmation,1188-133604-0001,test-clean,1188,OPUS_VOIP8,16000,144640,True,-29.730428534463623,-30.611527591600133,-0.881099057136512,0.244633749127388,0,0,1,44bc3d3ac63d49dbbced5bf7945ccf05de6a869a6b67f393c34502239177d633,d9cbe6dd310f61daa1001cc730efb13df04ebac4a2f36689431a0cdf681315f5,6.8327433628318595
confirmation,1188-133604-0005,test-clean,1188,OPUS_VOIP8,16000,136960,True,-30.11448331626967,-30.895190440065377,-0.7807071237957073,0.3461589813232422,0,0,1,0d4185c5052299a5c2a79411f7b3ed03dff5fb0a429d14ac0e1c0cbef61aec26,94f7782b6ab5471492df9de92bc4f86fce602517eab478657184642cfc08bcb6,7.059813084112149
confirmation,1188-133604-0006,test-clean,1188,OPUS_VOIP8,16000,38400,True,-31.367938091945348,-32.18504474662224,-0.8171066546768841,0.18487901985645294,0,0,0,c83ed392510c86d9bbb3cc8e2441657446b29797e7430312fdb34078c1a54eb7,ef9be03fdbc3f90d2d1fbc499b2e3b7e695dc99f9c76cea2f391c82d217189a4,6.786666666666667
confirmation,1188-133604-0007,test-clean,1188,OPUS_VOIP8,16000,227840,True,-29.30990815564625,-30.198080947485685,-0.8881727918394346,0.31851908564567566,0,0,1,6aa79a8626af55caf54fbe174580f33608e225295ad6bde4647276c4d049104f,ef097276069c1e49c66161c5eff5742ddfbb55e8cd7fff599ea4d0e11c085d22,7.147191011235955
confirmation,1188-133604-0009,test-clean,1188,OPUS_VOIP8,16000,368960,True,-27.509662594040112,-28.3111475582243,-0.801484964184186,0.37135329842567444,0,0,1,4c411d50654d21a0ed435ff30af27e0a680428458511728dee973ee7db68cc35,910f31c1ee8e92badfcb20589e00643a36a322a86c0c6fe637b75bf95d69a44d,7.269037294015612
confirmation,1188-133604-0010,test-clean,1188,OPUS_VOIP8,16000,97520,True,-28.22685700531408,-28.925928679038257,-0.6990716737241807,0.34788599610328674,0,0,1,79cdac3de7b86cbdcfc59a0498f2716c58435e947eb3fc7f1721c09bdefd6e33,0b4d008567b785ddc047a02c8b566e04c2d6700a66cc5170038d9bd4ffbc2a51,6.821328958162429
confirmation,1188-133604-0012,test-clean,1188,OPUS_VOIP8,16000,234400,True,-28.124776766981544,-28.90090629538294,-0.7761295284013956,0.32382434606552124,0,0,1,3ffda414b373251445b9ff7b2497f0ae70bc4adf87101ac69b953142446384ec,4c2cd5d316ba6bf01e7419681a721748a8cae8eb53253a9fbaaeee9daf0b0f73,7.176518771331058
confirmation,1188-133604-0013,test-clean,1188,OPUS_VOIP8,16000,48320,True,-27.013240124504154,-27.504137657398516,-0.49089753289436167,0.38055533170700073,0,0,1,b84b923724600d4977bc63fab00b2e1fc0e84de7f8e4adddca8d283cbf0cb661,470fda1048ae0737bc1ed7e8ecb795c1af2b1c2b902753c6c896ddc32edb681e,7.078145695364238
confirmation,1188-133604-0016,test-clean,1188,OPUS_VOIP8,16000,265520,True,-27.956603752070027,-28.680952343605014,-0.7243485915349861,0.4022418260574341,0,0,1,8180d8d6a1d4d14a38dc5be34b097729816675d056325981c21f58e7bb2392da,cc0840cc06f50608620419b1b16d21dd20af9c4570ea3412b47afbd0692e99e7,7.182404338656222
confirmation,1188-133604-0017,test-clean,1188,OPUS_VOIP8,16000,73840,True,-22.47353003246905,-23.1299241872101,-0.6563941547410558,0.6191197037696838,0,0,1,1a02e025c0f7a616bf4ae8d12ed3db7a8a80a9725436e6c89c3f2b196da313ba,7c6ed6cabb3a6255e902bad93773f6baf05f98e5d72c971147a123f4a1075e69,7.505958829902491
confirmation,1188-133604-0018,test-clean,1188,OPUS_VOIP8,16000,184799,True,-24.353425311438826,-25.166472735933173,-0.8130474244943449,0.6616432666778564,0,0,1,79eac421987ebbb6d75554676d8c6c312615ec33bb6a5f9d45b44aed54282f7d,04acf7a3309004b081ba50372cd3f4418475a044b59e79d1d71160621ca637c3,7.456317404314959
confirmation,1188-133604-0019,test-clean,1188,OPUS_VOIP8,16000,222880,True,-24.80352446753997,-25.660544079831094,-0.8570196122911234,0.8014105558395386,0,0,1,9356e236aee634e09155f7cdf3352415923a14c2795ff98c7757aca41784f204,e421ae23cb609508864d7bfbd8dad54fedfae65ab86c716f5a940c3f580d5254,7.127063890882987
confirmation,1188-133604-0020,test-clean,1188,OPUS_VOIP8,16000,164160,True,-24.827817594570938,-25.63827189153342,-0.810454296962486,0.6744624972343445,0,0,1,770dfa47d8e7a30fe494328078b428ba28651b29e87d32872ea27e78069daa78,7ac06cceefcb801d8d254638885cf6da92c4d5f6d96909dda2a73f04ac8a2300,7.196881091617934
confirmation,1188-133604-0021,test-clean,1188,OPUS_VOIP8,16000,224320,True,-25.808799947780013,-26.719494457581057,-0.9106945098010416,0.3940865099430084,0,0,1,bda963d4752bf8fc1891fe54f31119b562c585ad2489f5d227be99107eb5dd7e,bc36d2213e794311ca57279bdbaa01c6af2e869e7c6f3d19e40f317a10240553,7.275320970042796
confirmation,1188-133604-0022,test-clean,1188,OPUS_VOIP8,16000,154080,True,-26.62202887750443,-27.345021444320395,-0.7229925668159667,0.4652378261089325,0,0,1,ae17c1b4af80f9463c62192ea77c8aec788336baf5c3072ca8bc5bbcf64b3949,f220e5af73a364765e016188f03dfa84ca649517a7e4d8ba69aad6e81ee4724c,6.939979231568016
confirmation,1188-133604-0024,test-clean,1188,OPUS_VOIP8,16000,243840,True,-25.401802719314645,-26.149925875954466,-0.7481231566398178,0.6802539229393005,0,0,1,b204dacf0e90139d23575782359b2796e93347199ab4ef490be256f16c9e0be8,358499c4a6db57df50b274bcbe2c50cb421798da9595806693498e4b92b62063,7.29763779527559
confirmation,1188-133604-0025,test-clean,1188,OPUS_VOIP8,16000,119200,True,-23.61169673849279,-24.456839394534292,-0.8451426560415054,0.6605732440948486,0,0,1,cd29c23536a72198f334607b096f0a6395ed61cfcb37713724c9dc97daf3d5d4,ba18655d0c9079cb2c807583ac8ebcce62a91fe018d761dcc78b53205bfc2d0a,7.304161073825503
confirmation,1188-133604-0026,test-clean,1188,OPUS_VOIP8,16000,322000,True,-26.78004636156046,-27.582064015977434,-0.8020176544169799,0.47094231843948364,0,0,1,72c74017c76c035eb7177e1d61e3a6f4825f6ed73df526a310d6b0f13b2c005b,3f0d09ed07fbe5bb01ddce83f9bc38e9f1f3234ba743192c4585ec3c698dfe37,7.175155279503105
confirmation,1188-133604-0027,test-clean,1188,OPUS_VOIP8,16000,179920,True,-25.91083216268469,-26.56061861685881,-0.6497864541741216,0.6537153124809265,0,0,1,af720414d4531c60a9d4f8ef8845f022285d6c6e767cba76b6e047740888e078,7b50d56d0b30bf9c5bddcc8f8bbfb5c0a739e41b2b15501dfaf61265126eb146,7.0922187638950644
confirmation,1188-133604-0028,test-clean,1188,OPUS_VOIP8,16000,304080,True,-26.47753480391556,-27.291948705330512,-0.8144139014149494,0.5498144030570984,0,0,1,3382e1a3453ba452e7cdb39d172de16c892cd599d8374cd90a7cf2f5a8ece69e,88162f4d3327e2953c6aca8aa54b3b71c53c15a16e240cd77580cc797ec88173,7.060036832412524
confirmation,1188-133604-0029,test-clean,1188,OPUS_VOIP8,16000,59280,True,-29.375038373560724,-30.34184267175975,-0.966804298199022,0.24838705360889435,0,0,0,afefc438ecfd268ccf72c140f289311b686a71d229a962a95d44c2fb361907ae,8869a7cd89effc08869e91790cafb17699b64e39ec2c1d71fda63d2a15601c45,6.728205128205128
confirmation,1188-133604-0032,test-clean,1188,OPUS_VOIP8,16000,175760,True,-27.349626528093406,-28.28729255915053,-0.937666031057117,0.4192407727241516,0,0,1,23599ede210768c89d3925bb428ae64c9b77c9f39ba09eff9e9dfb53173eebaa,3806ae8aba9843dccce7cd67885d174a85f6da632abd5bdd4f31603fc6619506,7.171233500227583
confirmation,1188-133604-0033,test-clean,1188,OPUS_VOIP8,16000,106000,True,-26.885710963328066,-27.70391886957798,-0.8182079062499168,0.3209053874015808,0,0,1,9693fc05241c8b1261d6e50d021b105491dbad9d3314f3a62ff7bb93f5f88ba3,0cfd85a0e2382a7e6d8b8dbae02594d06bd570c6c7f23ea8b74bd1f57546e56e,6.982037735849056
confirmation,1188-133604-0034,test-clean,1188,OPUS_VOIP8,16000,334480,True,-26.691536045319026,-27.514880014506975,-0.8233439691879506,0.5750468373298645,0,0,1,9b4c1ec55107b0cce08979786b20f8d4466283e7d610fcbebbc2a5fb6a96818c,587c99252493816151d34477ca18d01087c4b7f77e7808f469de8f16c55bc9ef,7.124802678784979
confirmation,1188-133604-0035,test-clean,1188,OPUS_VOIP8,16000,46800,True,-27.873535294951708,-28.744890886009106,-0.8713555910573996,0.35894066095352173,0,0,1,ce7ff60ce06f6f94bd44524d32bce3a96c76e3433eb4b6eab6910bc441bee939,17719a8d841018200d23548bb8e3826300448ab99e925cd95aefa0255465bb28,6.5832478632478635
confirmation,1188-133604-0036,test-clean,1188,OPUS_VOIP8,16000,127520,True,-27.086756321850153,-27.889019587261984,-0.8022632654118327,0.39138495922088623,0,0,1,28cc7e937315d39b121cfd4809982ffea3cd2052e36f4a32a749fd124078015d,ac99df80fface79341a5b435cd5fc07c337662076d9774f80debdec23b279fbe,7.123713927227102
confirmation,1188-133604-0038,test-clean,1188,OPUS_VOIP8,16000,85840,True,-25.00753559973886,-25.824418790934214,-0.8168831911953572,0.4152473509311676,0,0,1,ac1fdf572a748cb5d863da452c5026e1d0e0959453eeb6924bb56d8fa9a4f51f,8cf839ecc9ec9e349171ac1d37a41b4696d654d2f986c51d2e4e7cc6cea876e0,7.197763280521901
confirmation,1188-133604-0042,test-clean,1188,OPUS_VOIP8,16000,42560,True,-27.820671288588386,-28.764352442252704,-0.9436811536643176,0.2960784435272217,0,0,0,1b28fdb903eab22974f5879b2c122261586f9fe5e0e8f22943c0036100937909,e72cd5fac891c8e4fbca52ed53a5c2cadd2c9c1ec3addbb20d00383115f9252d,6.983458646616541
confirmation,1188-133604-0043,test-clean,1188,OPUS_VOIP8,16000,78160,True,-24.057207730898487,-24.93395653236927,-0.8767488014707792,0.49689769744873047,0,0,1,904dc428e53a5cec854f9e5c9830039da318d207a6fa2ae1b4bf3c9583f7cc2a,b63bfcfb5bd01d3eb3598eb6a33f9673fa66df4502c521bf15498195b6c6ac6f,7.354759467758445
confirmation,1221-135766-0001,test-clean,1221,OPUS_VOIP8,16000,267440,True,-30.292089399117014,-32.36536587715388,-2.0732764780368655,0.405123770236969,0,0,1,f0a20c59b73d9ebc61dce1e490df5e9ce0b26d5bec4104d8fd995d9200f3ee3d,5862b540c00a1e86087d3c85ab3e0c8c4552670252233f390dcca23397250394,7.233742147771462
confirmation,1221-135766-0002,test-clean,1221,OPUS_VOIP8,16000,77200,True,-29.78943191568698,-31.44078737553739,-1.6513554598504108,0.3137986958026886,0,0,1,39b2927223cf13f992ddfc1a0232bf9fe771f8b563337de120d0ddf7d24ac89e,d132c1f360f6a6cd29aed5a938672b9f446cafb1f602481d7aca5a6a5fa1c243,7.059896373056995
confirmation,1221-135766-0003,test-clean,1221,OPUS_VOIP8,16000,219520,True,-28.666059120668148,-30.467712009245854,-1.801652888577707,0.3700332045555115,0,0,1,e2bc9d385205f5eca7b80060afebcef10a3f9080256b5117c5861a6a03582375,9df664284cc63b6b0993fef18163353cf6ddd4d06c95d174465a0d90c5c6e7c1,7.198250728862973
confirmation,1221-135766-0004,test-clean,1221,OPUS_VOIP8,16000,119040,True,-28.437685037188132,-29.930010540617246,-1.4923255034291096,0.6758565306663513,0,0,1,8b7a523a988a87694b32a832cd39f09584aac21d3000e3d75a89f35829fd80db,a9c6228f8fbd4ea47aef037db53768670bfb69d32da659512f39692a6b8e53e0,7.12258064516129
confirmation,1221-135766-0005,test-clean,1221,OPUS_VOIP8,16000,266320,True,-29.831601026934123,-31.517458478711234,-1.6858574517771152,0.37173396348953247,0,0,1,225cc36c258f052a00f0962c566a8064ebf1f05a1bf64cb10c57dc5e66903070,dbd7e7b7f4f2b8558a0509de0f2d5badb9b28bfd71269d2d34dccd4793db6f3e,7.236287173325323
confirmation,1221-135766-0008,test-clean,1221,OPUS_VOIP8,16000,172480,True,-29.463340301079445,-31.842167826570666,-2.3788275254912197,0.28148871660232544,0,0,1,ecd5e045ab69a02c857ab04621d223edf2e5a9762cd12db5345554dd223e6359,712a2284384787d4e57f7035df15a8c3e61a0c8dee530f7f0c902d18bf55b20d,7.246753246753247
confirmation,1221-135766-0009,test-clean,1221,OPUS_VOIP8,16000,163040,True,-32.164872713798204,-33.936314900925524,-1.7714421871273134,0.26666924357414246,0,0,1,66e53fa9d960d1c3b3b9e99b26f3a6f2672ea6438e7d81315bc2a3a31a94bd41,d5d0d38bb99d3840ab7ce18d825a20509cfbcd8257ccdbf302d5efd3514490b0,7.100294406280668
confirmation,1221-135766-0011,test-clean,1221,OPUS_VOIP8,16000,341520,True,-29.81737496373158,-32.910885956038534,-3.093510992306951,0.297843873500824,0,0,1,9359c8e00ba9ea192f02e0249f214415c5e3103e44117f6376900bfa49fe2ad9,3aed9f3d48e4eb11b9603304bb2a5a52df5682bb55abf0c61a01484215f6b6f7,7.187444366362146
confirmation,1221-135766-0013,test-clean,1221,OPUS_VOIP8,16000,58320,True,-30.00080423528223,-31.477700951332956,-1.476896716050722,0.2126101851463318,0,0,1,16058f63a124bd7a873a449aeafbfd8ecf291a94d16e4977932a94741fa7789c,4dd1c6f061d914e51034931a4cb6980cfa34180828ab0ac01bc213a963fa2bdd,7.225240054869684
confirmation,1221-135766-0014,test-clean,1221,OPUS_VOIP8,16000,76000,True,-27.765672304468907,-29.364320264115612,-1.5986479596467058,0.31570374965667725,0,0,1,81ba6b0ee6a0b8df52bc0d3d33bc0dc045afc88452fc7cfcb03d3b1fde6d7948,0ae2ad055e70103434e5520ad4c8a35686477e18fc66d77e80b54070fbe58898,7.028210526315789
confirmation,1221-135766-0015,test-clean,1221,OPUS_VOIP8,16000,42080,True,-27.943658581061584,-30.119898351239772,-2.1762397701781895,0.26071834564208984,0,0,2,c1bbea25a77719d26e9a18f1ca7b020f61e56a1daea1d40aca919ef592bc1c43,20aec85e95af7eefb931b5b77a9f12e40d3a89ab95926289183e752ee49d91c0,7.206083650190114
confirmation,1221-135767-0001,test-clean,1221,OPUS_VOIP8,16000,214880,True,-30.05291995083388,-31.802505800136394,-1.7495858493025147,0.2813105285167694,0,0,1,64a04f34aa35158ec600abf6fc696bc3f84464a532044047a2a902dcb74183c7,65253e19bd1015a1502d51a4a775bad63969012a20e44d95c7214f0bbd07a39a,7.155919583023083
confirmation,1221-135767-0002,test-clean,1221,OPUS_VOIP8,16000,257920,True,-28.72427515949581,-30.976462760786326,-2.252187601290515,0.4178644120693207,0,0,1,8b53d7bc7ffc23f0c6d66fd44622bd7e31ef104d60158164c58fa571f12bcfe9,effeb41a7ac49aa7688607c87a5fd5dac288f71266a6f8372fb3e7c464d26c6f,7.140446650124069
confirmation,1221-135767-0003,test-clean,1221,OPUS_VOIP8,16000,298080,True,-29.61656597028732,-31.016902811746267,-1.4003368414589492,0.3029734492301941,0,0,1,2a04c75700f3150f09b90a2b5633f37e0aac788b575dd75b2e5f78f0b01af2d4,ea19d48a06edf6e08a03757d93ac4cc8a4b74025342df634d1fceb978257e4fd,7.284165324745035
confirmation,1221-135767-0004,test-clean,1221,OPUS_VOIP8,16000,305440,True,-30.170807386208075,-31.7505996402371,-1.5797922540290241,0.3015853464603424,0,0,1,c254580a6e94209be7053e186916e5b37f60c486290dbce209a5b1719b811754,a24eb880887d275a55cf203071f1ea04baa4d52195b86ae8e59bb6a3d8b7193c,7.112833944473547
confirmation,1221-135767-0005,test-clean,1221,OPUS_VOIP8,16000,93840,True,-28.836223754807442,-29.69450928825183,-0.8582855334443922,0.37273120880126953,0,0,1,f41086590da9b8e6ef5ea738db461cb8983319143585eb50339d71b05f3e01ed,dd577013069b28f7dd278dea3866f774ba2ff1a9b3fb91c9df090553f15c7a5f,6.945609548167092
confirmation,1221-135767-0006,test-clean,1221,OPUS_VOIP8,16000,328960,True,-29.808508935576647,-31.536405816378977,-1.7278968808023314,0.3697906732559204,0,0,1,d38a69d7d2635fd21498efad42914d7d85aed9f2b31e4f0e5cf62d54a1ce0189,316f9643cc1f3a12b44516aacb6aec75fe6b2615035c78d04efdd05079cfd415,7.282101167315175
confirmation,1221-135767-0007,test-clean,1221,OPUS_VOIP8,16000,204320,True,-31.90416576037272,-33.458122542363725,-1.5539567819910038,0.26914310455322266,0,0,1,80bc584c6cfabf3e4c8ef7ddcd4afe04c90e1fac5740a754cfd74b429eb68e3b,38a173d1a08e51224946f4d9e3dbead8f2bcf1e26b1c5032e83bef1a125ad49f,6.965700861393892
confirmation,1221-135767-0009,test-clean,1221,OPUS_VOIP8,16000,213440,True,-28.81085496437833,-30.012140399656545,-1.201285435278219,0.4404802918434143,0,0,1,f08544fba866c37bc540ade49bf08083461da756c1576bbb3d4fa1ccf49d0185,f4230d894fd9168fc372818542524b587754561e695e7a6e7ab7df59459486b0,7.140029985007496
confirmation,1221-135767-0010,test-clean,1221,OPUS_VOIP8,16000,131200,True,-27.420193360766632,-29.32492667127398,-1.904733310507346,0.46063232421875,0,0,1,776443c56ba5bf5666522b18ef511b06cf4295ccbb2e9ade76cfe9ba085c66b7,78093db8707b2404b514566984fdc1339df84a91dc69effd47851bec22ad9435,7.206829268292684
confirmation,1221-135767-0013,test-clean,1221,OPUS_VOIP8,16000,191760,True,-29.981807712805985,-31.773209051741247,-1.7914013389352594,0.27873969078063965,0,0,1,43e1772abc74ab0b72da88ad806be2cbc0b4de24113599311991bff2512c49f1,383fb8bdebc30b885cb0ef4f0c5f82af8ce8d155ca78bf4d6adbcb417ae2e3c9,7.183646224447226
confirmation,1221-135767-0014,test-clean,1221,OPUS_VOIP8,16000,113120,True,-26.12806581672067,-27.18243470109074,-1.0543688843700727,0.44577550888061523,0,0,1,33a87b1e130b22660bf033d80ca138cd18a00876603699241a61e617acb0ccc3,6624e9508f3858dbd5509bd80b4e138a60ce5a7f09d64e44cb27e9b32fc6240a,7.46025459688826
confirmation,1221-135767-0016,test-clean,1221,OPUS_VOIP8,16000,244080,True,-30.10647447178348,-31.619730582115345,-1.513256110331866,0.3581838607788086,0,0,1,b620ea0ce55101c8c2eab528db20a0c5c68be68dbe972b2adf0b8e17f2d48e71,7c874ac86f39b820bb5cd7d502413e6ca533660c49790a4f68f4615b502a9d2a,7.260570304818092
confirmation,1221-135767-0017,test-clean,1221,OPUS_VOIP8,16000,267520,True,-28.907041890891655,-30.333070731625313,-1.4260288407336565,0.41267240047454834,0,0,1,3cdf017574abdc7553c9c5a929cde6e7bdf769379a0169e056500b934ed2ee2e,5920f182db12eca3731b7a62dc6c48a582a63535fd4fdea55e4e6697b7f0729a,7.2622009569378
confirmation,1221-135767-0018,test-clean,1221,OPUS_VOIP8,16000,178560,True,-28.186283847867845,-29.782057388219766,-1.5957735403519182,0.2846747636795044,0,0,1,558aedce8aa227b7fb16d711253cf3cc78d73d327aba66ba06a45066921122bc,be23ea05059650831f30f9f6ad32b31458ce2bd775f70dcbd7efbe1514017396,7.274551971326165
confirmation,1221-135767-0020,test-clean,1221,OPUS_VOIP8,16000,53520,True,-27.157008554336898,-28.693212604756184,-1.536204050419283,0.47226482629776,0,0,1,873a74be396c60601434eb8bc633ff4063c9c42b326cd6f5186595588d6c05a2,6a54521b2be3f52a8386d4fd527a7cfa05d4b7a0210581bb4ffc7a2cd7dff840,7.330343796711509
confirmation,1221-135767-0021,test-clean,1221,OPUS_VOIP8,16000,203520,True,-29.093505655200843,-30.1614301721961,-1.0679245169952571,0.3596557378768921,0,0,1,68a9463aeefbe427a65093d4a784c25151b1e4ea2ae3b9f118f56494cc4ca87d,ad46de1fff630da2c241a4951e0d76fdeed430784daccd862fbce45af84d2ba6,7.361635220125786
confirmation,1221-135767-0022,test-clean,1221,OPUS_VOIP8,16000,230320,True,-29.393954573503926,-30.845461773897746,-1.4515072003938205,0.3797341287136078,0,0,1,7f02267d5cb2df238228831d00a4a453801d652e4f47e937ea8880a194651f3f,76eef0b71ae9c6107a42a1421763789f59219614946aa36e371554e153949540,7.20083362278569
confirmation,1221-135767-0023,test-clean,1221,OPUS_VOIP8,16000,260320,True,-29.015203921083597,-30.525604637813487,-1.5104007167298925,0.41779014468193054,0,0,1,8ed75652fe0782f8240f643f945583fa35eb7990c00d3728e78eab7626bbbcb7,87571d5c25528a2cb19a07e625babd0b5551788e76c647e7097316e3cbf6852d,7.259987707437
confirmation,1221-135767-0024,test-clean,1221,OPUS_VOIP8,16000,93600,True,-29.642690695443385,-30.737164483538336,-1.0944737880949478,0.2943820357322693,0,0,1,588791fd4fb5057f999a0b8e55825a3e4293a884f5304c195a0a4ce5b2a48da7,8d95c10aa8752b129fd8fc37683f593f89d7f36b30466666b4a1169573308ffd,7.057777777777778
confirmation,1284-1180-0001,test-clean,1284,OPUS_VOIP8,16000,124080,True,-23.7179244238741,-24.417742828922,-0.6998184050478999,0.454910010099411,0,0,1,df6c4ba8d7d8ed9d8bd3b38a8132b43e3008fdb2c4073a6449d78118f6547bac,593324d71611643ac96ed66b743d7f2d35fd5d82c98f8e182856c4b382985b07,7.645132172791747
confirmation,1284-1180-0004,test-clean,1284,OPUS_VOIP8,16000,68560,True,-24.44385764701572,-25.190733651531158,-0.7468760045154372,0.3154241442680359,0,0,1,9ca390921d94b8ef3e855d81898f14fc101135e6e0a049bf93d3c28619f19afb,a1af8afce47ea200e77b92e2ebd15bdfa848893d6e0332b916e046814f32bcfa,7.598599766627771
confirmation,1284-1180-0006,test-clean,1284,OPUS_VOIP8,16000,109840,True,-23.6967950502589,-24.257455602774485,-0.5606605525155834,0.4750514626502991,0,0,1,595361addf88af0e6efe5b9b7549923bcd79d6ac6a75a41d84dc46def65516d1,0aacc26bb553c1c0bbaa5f7fc2188b86336df826823431d92d243d55a2524198,7.564166059723234
confirmation,1284-1180-0009,test-clean,1284,OPUS_VOIP8,16000,100560,True,-23.877475418445172,-24.54761486645974,-0.670139448014563,0.37098392844200134,0,0,1,c56c49f3aeae04319fa83c69d369119daf8cd7e30cdabf31ff6b75324612aab0,4fe1a2f3419face1b7139386e6a429d1f056f16d52f456bd81916fe2c6f78d7d,7.466666666666666
confirmation,1284-1180-0010,test-clean,1284,OPUS_VOIP8,16000,138160,True,-24.241363639157527,-24.75842659820824,-0.5170629590507145,0.3734588027000427,0,0,1,cc0b6b0c88eacb26be78ce3375d47412e24bd65b59a2e0196850525bee1503e3,e38e3c2565820d2bb2ad7194ff11c41ebed6c4f3a6a2068a4ef3a6356938e85e,7.632194557035322
confirmation,1284-1180-0012,test-clean,1284,OPUS_VOIP8,16000,78080,True,-22.57294248966927,-23.097155918578785,-0.524213428909514,0.454679399728775,0,0,1,b5b266d61940b2784d2ff0f700971b43074fe2dfaa1beeb2a436316b82404399,e1e83de5a185ad4d90278998b54737946df43b513bc0092c3bc791b0269d8c4a,7.342622950819672
confirmation,1284-1180-0017,test-clean,1284,OPUS_VOIP8,16000,170880,True,-24.3350487838999,-24.860539339046348,-0.5254905551464459,0.3668316602706909,0,0,1,fe90d9a37b354f8c8483a0fcac8d2263d47dacc33c4e60a47c395137dd8862a0,bced207f4e7c2592e50a03ab603dea29c4627e53346186f356b09184384f57a2,7.75430711610487
confirmation,1284-1180-0018,test-clean,1284,OPUS_VOIP8,16000,192080,True,-23.03617527026566,-23.5056757820996,-0.4695005118339415,0.4383055567741394,0,0,1,8e25c8a8d1303f13c37abe541989cc4a2419d83c5eadc4e0022e949d8ae0b2b1,06091ea7e2f7dd241c5ae03f1950c96701b6a7bd43650868971309b4d85e71f7,7.826738858808829
confirmation,1284-1180-0019,test-clean,1284,OPUS_VOIP8,16000,240400,True,-24.838543586625995,-25.32153743344039,-0.48299384681439406,0.33178654313087463,0,0,1,8f9742769f580ac0f929c662f9c5e1472b9e77e5e49e92d75ffb7a51797804a5,d6709850232120780be1a5a3af8baa3106e1a35a4292b56ffb1bec4ac77e789f,7.76945091514143
confirmation,1284-1180-0021,test-clean,1284,OPUS_VOIP8,16000,157440,True,-25.3979248238881,-26.068078177359276,-0.6701533534711743,0.4068033695220947,0,0,1,d75b3ab8a90961756a245004b41f8fe1fd2e1e5fd9aac758f43fd91d68bd41d0,1c3c8b990bf2028b611a0d7252ff4ccf1b4bdcd7ab255f005de0ab589af791c1,7.583739837398374
confirmation,1284-1180-0026,test-clean,1284,OPUS_VOIP8,16000,132640,True,-24.767731668728192,-25.326630194078817,-0.5588985253506258,0.41535842418670654,0,0,1,7d818e16f169b5d5b121b107ab1debfaf051fd864dd62fa6f31cc410a4a534dc,b58fe9f0aa56466bf769cfd7f040aad7c90c5ce46de4389ef9952ad7dca834fb,7.7066344993968645
confirmation,1284-1180-0027,test-clean,1284,OPUS_VOIP8,16000,52320,True,-23.509845909817045,-24.260848200886052,-0.7510022910690108,0.3251035809516907,0,0,1,d76bebf5a72d47719c698eb1207ceb0da6dc77fff7b07fd1946aa4c19bae7deb,d6d20253bfe41f4df25cc78cc3ff9226076d168e2812d2d98b948a199a2fb574,7.564525993883792
confirmation,1284-1180-0028,test-clean,1284,OPUS_VOIP8,16000,96720,True,-25.041413930656645,-25.491554831284738,-0.45014090062809586,0.49071285128593445,0,0,1,c06c19e5054c7a6ecf8b183f9877bd846539c8213f7229ece336d29c85a35452,ec9775bcda2f49d439c31646be1696f7d59923dd2ef15cffb9fa31312d92e94e,7.704880066170389
confirmation,1284-1180-0032,test-clean,1284,OPUS_VOIP8,16000,92480,True,-25.584025687318025,-26.394396152881964,-0.8103704655639319,0.34910789132118225,0,0,1,e0cd790614ef337ee49b10649c103e6963b21c3fdd8ce8578601905aa34036da,a285b43426db87b7cf4ce24afe9fa749d717bb343744ec9cf85f279db25fcb2d,7.435294117647058
confirmation,1284-1181-0000,test-clean,1284,OPUS_VOIP8,16000,63440,True,-21.723346343164152,-22.169898347233904,-0.4465520040697497,0.5933979153633118,0,0,1,7e8efdb544848a7f7e3e5748a5ac0192a99387fe8caac5f58710d1ad2e8e51ff,b882973ec887f4d6a6ff1f6a9d85d6a9463b4a8d53d6b9162343a1b92e1db0c9,7.558133669609079
confirmation,1284-1181-0001,test-clean,1284,OPUS_VOIP8,16000,182880,True,-23.926104811236915,-24.42111397736893,-0.49500916613201507,0.36106109619140625,0,0,1,36bc90dd9082b47ef7032c52fffd3e34200bbffa7da9a140d1cef8e58c17b531,f2ad60ebbf57d05d8d5ad0056495292cecf2a237c7d4857109e6ee68879f9345,7.636045494313211
confirmation,1284-1181-0002,test-clean,1284,OPUS_VOIP8,16000,61360,True,-24.022142359851326,-24.539825692734418,-0.5176833328830914,0.3383391201496124,0,0,1,32912410f03e77406e42a7d98c4679bbfdfce90c943970358c23838f1c5ce4c7,e778e67624ddb2450d3252b73ed494a4b33af8ad3ec15cd71b03458bfcee6f20,7.443024771838331
confirmation,1284-1181-0005,test-clean,1284,OPUS_VOIP8,16000,61680,True,-20.90249076109749,-21.397059549285615,-0.4945687881881261,0.4857622981071472,0,0,1,2f85ba2b5b165edf58a4fce177cf942458e39af4325cefb2ba50b86af7c9574c,45ae493f4c40fbfc003943f78e4e7d378874fba39d868e4b9cb6fb891bb3f213,7.684565499351492
confirmation,1284-1181-0006,test-clean,1284,OPUS_VOIP8,16000,182480,True,-23.778170795603724,-24.325119992541907,-0.5469491969381833,0.4099304974079132,0,0,1,91ac8bbc17ffc939e0cb8d814c6a7f4d23ab92ad9d68655805d8c6e26fc9cb41,74813683153c8eb5d8454c679b77ab7de6d91c3c4b1faa8297f439c4112519bb,7.708899605436212
confirmation,1284-1181-0007,test-clean,1284,OPUS_VOIP8,16000,64640,True,-25.27525340474149,-25.78107086194037,-0.5058174571988749,0.31998342275619507,0,0,1,afd7bd06c6ceab0ed4fdbbe70747980cde15aa0b2e5585ef1fc1e5d19171056a,79e633c4f29a82abac93ac2d09b752b003cdf9a88d25d40ae14bf2140f411cc2,7.265346534653465
confirmation,1284-1181-0009,test-clean,1284,OPUS_VOIP8,16000,83920,True,-24.9518490544316,-25.757123542160237,-0.8052744877286373,0.38039931654930115,0,0,1,a1b529ed0f96f3921182d1e06761fc9a7f9fcd369ff885d78718328f97107592,1c8679ab49d2fb065dc95db4688954b473e9b6d283e696e1a66346b556b8645b,7.514966634890372
confirmation,1284-1181-0013,test-clean,1284,OPUS_VOIP8,16000,202560,True,-24.467495334465582,-25.045051077135994,-0.5775557426704148,0.41462692618370056,0,0,1,a5fdc496884c1493dbd95b73fdfab657e7df17d911d59f415085e5a578db14d7,a28397de63eb7fa87f8155f556fb02f59eb7a87db38f2b8722bcc1d55b4e0368,7.699842022116903
confirmation,1284-1181-0017,test-clean,1284,OPUS_VOIP8,16000,188400,True,-22.555082296508342,-23.109276606913784,-0.5541943104054434,0.5211973786354065,0,0,1,55b663e5e7d92eb32c9e4fb3111e0eb65a6c7a3a5b21ec356a18e5db65c1695d,198801f374b4f7fe5415fa2952664c925a4b51e957c254a0c55d9281785fa661,7.812484076433121
confirmation,1284-1181-0018,test-clean,1284,OPUS_VOIP8,16000,50560,True,-23.329192438288857,-23.85207651799911,-0.5228840797102522,0.3455318510532379,0,0,0,ab855e117c258c08eff79a1ce2b45f8d7abdb36e083720db2c7cd618e4fb6194,38ee108c463fe27b687eb4270d357ad9e3c9b4bcd39e4745077a7e3186c68389,7.422784810126582
confirmation,1284-1181-0020,test-clean,1284,OPUS_VOIP8,16000,107680,True,-24.363634752259934,-24.779759722955482,-0.416124970695553,0.38502347469329834,0,0,1,688b72ae3094f93a372d0b23eedc8d01dbd8f89bf9ff9eee134e16b46bf87635,1b29cf5ec61f6664c1d93ac349c268b942f8b67165001903996ac59d5450fe2f,7.519762258543833
confirmation,1284-134647-0001,test-clean,1284,OPUS_VOIP8,16000,164400,True,-23.317864615983623,-23.88653072854374,-0.5686661125601141,0.42796987295150757,0,0,1,1c18a39c01bc38bcd4613226cfe3bca907f2705ca67cd54543a0ddd28c6b9581,6cfb7c90be3b6ffd63ce4d001298ed5fcd2fb1a53334ae4d75be9bae202860ec,7.572554744525547
confirmation,1284-134647-0004,test-clean,1284,OPUS_VOIP8,16000,205360,True,-23.419215085245575,-23.987583385449,-0.5683683002034234,0.42656442523002625,0,0,1,6fb6fcef825c461195390b9722c3f717103f3008dd30a62c594fa8e1e6031607,75b3cbe74d8b2ad3de17e4d1c5ff03e557b2d43b31d5c6b1e807da3fbabfe0a8,7.581768601480326
confirmation,1284-134647-0005,test-clean,1284,OPUS_VOIP8,16000,373361,True,-24.33209091879389,-24.94616859911163,-0.6140776803177362,0.47455576062202454,0,0,1,977fd8939c02256e92bd3e129931e1f3c4fa435f1213934226f570749185727d,f7f16b982721272f0bdf7fc2926fb7390daf3e92e9ab1f5aff5ac11fa440e73b,7.647547547815654
confirmation,1284-134647-0006,test-clean,1284,OPUS_VOIP8,16000,162480,True,-25.06423920647885,-25.488373735520632,-0.42413452904178306,0.4665578007698059,0,0,0,013b77be694ba3373d0a839e1a22a65344d0a1b8996a479d064fd0dabe179e71,e25637f7777fe30cf995ff31d8af6ff112f551ef537d9acbbe05758f425ccacb,7.414672575086165
confirmation,1284-134647-0007,test-clean,1284,OPUS_VOIP8,16000,226720,True,-24.887767415551995,-25.52947008387058,-0.6417026683185857,0.34879809617996216,0,0,1,a612bc2eab198c9cd29c108696df5369045a710acf83bf33c7008c36f48be15f,598a8f6a5bdd94d06811ca6a41496f0f4bef3758ab246eec6c6c6cdc9881aca0,7.588990825688073
confirmation,1320-122612-0001,test-clean,1320,OPUS_VOIP8,16000,152320,True,-19.746499461878408,-20.528266491118753,-0.781767029240344,0.6400101184844971,0,0,0,c47ca911b01b969b51cd31a625ebd9b463c5f8e2d8590049e729a9a575c6eedd,7de3d394a141be693e7b86c390144fb1ade8182196cf7c0d2b1593fa74cdcb29,7.6420168067226895
confirmation,1320-122612-0002,test-clean,1320,OPUS_VOIP8,16000,119360,True,-20.588622207099657,-21.39888892914383,-0.8102667220441694,0.5411787033081055,0,0,0,33ad08a5060932c348206534350bcbea2bd58a142d99c28e349759da3798b666,2bffbfe420f15c973d16d48f595d0b6f469c3943633d5eb467e2c940953133ef,7.4713136729222525
confirmation,1320-122612-0004,test-clean,1320,OPUS_VOIP8,16000,102800,True,-19.969064183012602,-20.730598288518575,-0.7615341055059728,0.6105092763900757,0,0,0,fac228b7b4529d72b8524a4c8ea025e1a5b1a30ab4bbb10bc3d4d21e33544106,9f2f40ca94494f3ea97a8679a1fa9eb02f90e3ae735cde601f04afc645cc293b,7.482023346303502
confirmation,1320-122612-0005,test-clean,1320,OPUS_VOIP8,16000,94640,True,-21.727868973283762,-22.66985419848492,-0.9419852252011562,0.5215000510215759,0,0,1,8dac6aac697ae38755370099e0cc7994dd376fc55329770c46018f379c42d741,52818f65499767f56ea6f9a11ce8181fe489f1b2f937e45afc825d04519f77d2,7.564497041420118
confirmation,1320-122612-0006,test-clean,1320,OPUS_VOIP8,16000,77520,True,-20.687934578785917,-21.560281131971813,-0.8723465531858997,0.5342221856117249,0,0,1,d69ca6d41166b10e444cb930e3c26c23d62e32f28f4229bba28520c4a942465b,ebf8e4288155f1cb02f789900b6b3df0f65576e21ec976e4675cca0195d08c0d,7.588854489164087
confirmation,1320-122612-0007,test-clean,1320,OPUS_VOIP8,16000,88640,True,-23.007100290949566,-23.915924620545972,-0.9088243295964084,0.5200238227844238,0,0,1,e10fcf8dd44d32b410bab0d2be11287129231de729887fbd07f69942a00a9465,103bd9c5ed90a2817f83468fc654968adc95401fed8c2b60d2da0f55090ee7ab,7.24187725631769
confirmation,1320-122612-0008,test-clean,1320,OPUS_VOIP8,16000,126000,True,-22.596777612040864,-23.497042887804636,-0.9002652757637677,0.5733634233474731,0,0,1,ad6017fca986b7977614f99380aebf41f72f66c1bf8f05c322c68fa60931f362,661e70c17655cec8b76d5ef2cc3ffa6415d51075c82aecf4db6f7abfd33b0a96,7.402666666666667
confirmation,1320-122612-0011,test-clean,1320,OPUS_VOIP8,16000,219120,True,-24.489210186486513,-25.589512444818677,-1.100302258332161,0.35945308208465576,0,0,1,dd05feb7a0829349d3b611ced6928e82a4427972394b1c90dd98f774b4c5b42a,e405ac84edb4cdd57fccacd666dafe582767161c3267ebc08a3368fa54878bae,7.617378605330412
confirmation,1320-122612-0013,test-clean,1320,OPUS_VOIP8,16000,104800,True,-25.409311102522494,-26.500847316608855,-1.0915362140863558,0.31486108899116516,0,0,1,d914cf3141359bdb5a66b16771fbed2d4cc3ccb70a889e3981f80e209888e396,1a2728671929c8fb39e92a4487973ad90f7218f720aa9fafbbda8c3b459abe20,7.521221374045802
confirmation,1320-122612-0014,test-clean,1320,OPUS_VOIP8,16000,56240,True,-23.245782004361576,-24.077394730576497,-0.8316127262149208,0.3754682242870331,0,0,1,6b5ad262ec812948610c234392ca74248eda2f70f9f7408c9659564bf9a797b1,a8b7add0fd684fc402e876df97971dfbf14a22a0af3025f83f237f4fee72989d,7.483357041251778
confirmation,1320-122612-0015,test-clean,1320,OPUS_VOIP8,16000,102160,True,-26.763713248563732,-27.80356597564102,-1.0398527270772848,0.4074794054031372,0,0,1,281d1014d37a552039b0cf0f2a58e67bc5e133c2fc064f4ba3ed7b06b367b23a,c5c3993e70a6c17c0746e2b83b6d63983a01e1a1dd3960a1fe75ca49e4ee2650,7.398590446358653
confirmation,1320-122617-0000,test-clean,1320,OPUS_VOIP8,16000,125360,True,-23.697526161541617,-24.52471824823601,-0.8271920866943956,0.5199760794639587,0,0,1,538a3f77121b70dc8433354be540f8f7ecc108b75a970631cf16f4828c92e16c,6f6cd18a3568d456bb5166f5e2f334b6ce8f69930bae066884586d7f6e7ba477,7.602807913209956
confirmation,1320-122617-0002,test-clean,1320,OPUS_VOIP8,16000,217360,True,-22.90822581830493,-23.60751880223486,-0.699292983929928,0.47825658321380615,0,0,1,2bfcc9193f1bc55dc1eef327f3f6ecd120e8bcb4d261726753a41aa357e6a78b,15692922b2b09be20dc324cab367eb11a4a8a5bfa7d7c03d1203efc46b2399f7,7.633713654766286
confirmation,1320-122617-0005,test-clean,1320,OPUS_VOIP8,16000,70400,True,-22.259387990670675,-23.056026270794124,-0.7966382801234505,0.46998855471611023,0,0,1,66e5ec4fb61e5a62c6a89c9a24e0421b0511316a8fa48055fca69c845b2b62f1,910f87959734660d754309e27859391c073931e383c77c3e28911810396083bd,7.674545454545454
confirmation,1320-122617-0008,test-clean,1320,OPUS_VOIP8,16000,66960,True,-21.06756815557648,-21.79470967066436,-0.7271415150878789,0.46518173813819885,0,0,1,e4c21fb900414858e4bbb8ace4f9967c54705b92383eb427bd8a6807b937a707,040ba09c60796884cce42be7388d724972455ab605b76674b9d00b0d117ec3f8,7.71899641577061
confirmation,1320-122617-0010,test-clean,1320,OPUS_VOIP8,16000,160000,True,-22.43313541432372,-23.11019536550294,-0.6770599511792188,0.47896191477775574,0,0,1,d382daaa31069017b1455717f3577158886be608cc6865f24650e1c08dd7dc91,98da3f03f55fb7e145d8816f63432ed2f3a0e65ec1a87aadd06e799108324930,7.556
confirmation,1320-122617-0015,test-clean,1320,OPUS_VOIP8,16000,82000,True,-25.81033805400892,-26.696856537967278,-0.8865184839583578,0.2996159493923187,0,0,1,5edb87792f110da22c4905616433bdfeb3b020e94953b2d138eea7ff8b10fda2,ecad1ee6f0320c0594fcacad59a64b5a5bf5bfd70c35440421d6b25b6e475d78,7.311609756097561
confirmation,1320-122617-0019,test-clean,1320,OPUS_VOIP8,16000,131680,True,-21.522908425452997,-22.23135094949918,-0.7084425240461857,0.6059964895248413,0,0,1,f282822f0dc07cab5b3de409bbd7ba077d447ef3e434072f6887ef6c867e57db,e50642fd671286ae7a30b5a92de2591934b75942a1a193af79b53b025c6a8e27,7.554799513973268
confirmation,1320-122617-0021,test-clean,1320,OPUS_VOIP8,16000,85360,True,-22.071653523667848,-22.92516602483122,-0.8535125011633717,0.5124921202659607,0,0,0,8df842574446123e521788ede366964c1758467e1f5cbf232a4883db996b05a3,ef30e41e9026d261a1210553860129aec9ba166713ff9f739524d241f8f758af,7.529147141518276
confirmation,1320-122617-0024,test-clean,1320,OPUS_VOIP8,16000,120880,True,-22.475542386056574,-23.275559041638793,-0.800016655582218,0.5068999528884888,0,0,1,ee07822e24934018c5299f6c98b6d3d8a70fe960d4be8bcc983b3da597c71136,746e59a2fef734d1bce31e7739ab0b8615b37c009d61fd4b7c1726fb733ad42a,7.5933818663137
confirmation,1320-122617-0026,test-clean,1320,OPUS_VOIP8,16000,83600,True,-21.993920919319937,-22.83628941148543,-0.8423684921654964,0.4351850748062134,0,0,1,e35f98ada02e7d7ec59ef650d64636765081b7943937eab76cdec65019b3947f,312fde2f1e632afd937ab216da7e991211534e3ccace52117d5984d74b6606ab,7.522296650717704
confirmation,1320-122617-0028,test-clean,1320,OPUS_VOIP8,16000,255920,True,-22.709535428035576,-23.515216857227166,-0.8056814291915915,0.508851945400238,0,0,1,dcc0bf09f30ac1611f41110a32d1ccad778c49d0028ab6d3b169fade1127ffca,80f3817eb05a914681190c7a5992fe27bbf9953264168983d787da30e0008d94,7.662894654579556
confirmation,1320-122617-0029,test-clean,1320,OPUS_VOIP8,16000,126000,True,-21.089700366290586,-21.809244118447154,-0.719543752156569,0.5265846252441406,0,0,1,310e3fc5cbd1e64b795a6ef73169d4d1d0d5abc3853466109f719e0955225432,ee3dba486ed09b9458798b9d527a68e774913beca96743bf93e83c8c94023ad8,7.576380952380952
confirmation,1320-122617-0031,test-clean,1320,OPUS_VOIP8,16000,100560,True,-21.46961869641961,-22.22687623840948,-0.7572575419898757,0.44073694944381714,0,0,1,0a431ef4208966805ebb7b785e6d59e137fae7bf192a19bc80e50151831d41d0,e734cd4ae1d53488d6f3d12d2ff8477ed2fe9c4985fc1ee364dda8c8c389c496,7.50230708035004
confirmation,1320-122617-0033,test-clean,1320,OPUS_VOIP8,16000,176720,True,-22.59666031707324,-23.394340320089,-0.7976800030157603,0.4458761215209961,0,0,0,8dc1ab3f989587f1f0861dc5faa2ca871d11b057784444b421de3086a3ac5a54,02f085e3497c00d9926ec6acf8d0dc22241a7aa587508ca4e61e8fbf7d964f0d,7.6052512449071985
confirmation,1320-122617-0034,test-clean,1320,OPUS_VOIP8,16000,151760,True,-19.734644358119567,-20.43379805772078,-0.6991536996012118,0.6795273423194885,0,0,1,0822c23eca36474d6d662008ea35523fb6d45ca29caf068f18d0f74d6ddb2e27,1e15bf3a0b5df04352027864d6206c6fb5ab1faecbc127caf9e1ef42374f9618,7.728413284132842
confirmation,1320-122617-0035,test-clean,1320,OPUS_VOIP8,16000,291520,True,-21.148340043671418,-21.94726706069256,-0.7989270170211448,0.6141815185546875,0,0,0,97dc61ac41cae65eb2e7b78b69a7ea3c4872e9807a4a8343c0b32d3718a79e27,7df70dae70d22852050cd07c19b191c6273ff6edf34fb5ce562da25758d3a486,7.5521405049396275
confirmation,1320-122617-0036,test-clean,1320,OPUS_VOIP8,16000,197920,True,-23.0986046849983,-23.912167356567654,-0.8135626715693506,0.5954767465591431,0,0,1,298d8978af22aa64c890b33499da8260ad246e4908dcb41995ed7231ce22e17c,9b92ad0159e83583e4ff15bfd04e7827b08159255964450f88664bf7a9512268,7.544704931285369
confirmation,1320-122617-0038,test-clean,1320,OPUS_VOIP8,16000,35840,True,-22.758307276759673,-23.564051004013816,-0.8057437272541401,0.3249005675315857,0,0,0,cd9fb4ff1ae574982238c48a60b71280395f8430fe95692dc9290117372de547,67a2bbd517718e24e4db70c77b638216b88058f5057b044363dee2c2e1380656,7.403571428571428
confirmation,1320-122617-0039,test-clean,1320,OPUS_VOIP8,16000,112880,True,-21.698218264348213,-22.39137821665444,-0.6931599523062321,0.5345223546028137,0,0,1,44eb659660122ca1d814892dc18e2dfc519f065c0d4182bacf1fc6708a07e6bf,d98925a72958106b35fbba6918988ca46bf7b089ed7bd0b85e1590080d215c73,7.7074415308291995
confirmation,1580-141083-0004,test-clean,1580,OPUS_VOIP8,16000,72240,True,-30.56792151113054,-31.819811215479472,-1.2518897043489323,0.4249249994754791,0,0,2,803c108aa519c5001604e7281b9cd1389d4733e8fba85548be837222f38d0940,e7bfe1539295c1d433c36c3f656c44bfaf208f49560b9f69cc1a1dcde039acc5,7.085714285714286
confirmation,1580-141083-0010,test-clean,1580,OPUS_VOIP8,16000,85120,True,-25.39547002291151,-26.35588962367992,-0.9604196007684143,0.4720556437969208,0,0,2,acd908798c3acb1b5df85c7e070654bf733d8aa65c51a38083cfa4f82ae02113,63012dba3a01c3b0314728be3db4837cb474335cebe30fc171e979c80b2a1847,7.56390977443609
confirmation,1580-141083-0014,test-clean,1580,OPUS_VOIP8,16000,45680,True,-25.171147928168196,-26.25758588309194,-1.0864379549237428,0.5951744318008423,0,0,2,7b38cb14c6143f9b069291e8092d191b1d292ac392bf93924204a67021daf9f4,e426240a0d30b0cca641b2555e9559004be1ad2ce480ada1a0f77ce26f687ff2,6.974430823117338
confirmation,1580-141083-0016,test-clean,1580,OPUS_VOIP8,16000,68080,True,-26.19275150655406,-27.23934514495944,-1.046593638405379,0.5568793416023254,0,0,1,29b9814a4fc4857ba7995e73fb9e9b309d3adc6789e34031aea908657bd80077,051dbae0af537e3a2558a9a2db2b1ee31f49a9ef24e7f0c482bbef1ee9d97348,7.073090481786133
confirmation,1580-141083-0017,test-clean,1580,OPUS_VOIP8,16000,36480,True,-32.69471183988976,-36.38839259492464,-3.693680755034877,0.1836305856704712,0,0,2,71f8f5d474fa6607dc7fb451f191799ec63fad3ff302437e1abb029e216333c8,d4ad38df0e67c81feac106dd7f5a9f3b9bae4556ebacfa4b86b7a0fdee0e9b44,6.491228070175439
confirmation,1580-141083-0020,test-clean,1580,OPUS_VOIP8,16000,82160,True,-28.72204799928675,-29.929408305725364,-1.2073603064386143,0.4527885317802429,0,0,2,fce68b37ba5f04b917d5919dd4a6d7e0376eeb0d888529b2f6523552f171301c,de9ef0df1bbca8c4587ec77787c0fb0d8f4c0e2f8b91c40f1f271e3c7cb024d4,7.149367088607595
confirmation,1580-141083-0022,test-clean,1580,OPUS_VOIP8,16000,52720,True,-23.150904897994206,-23.704183361409193,-0.5532784634149875,0.6350586414337158,0,0,2,2252a63395a9cb742b817e017ea24eb01f234f8563f10ab96779455787cba1e1,d19bbad5215bb53151b0c300716d3ad0bc4269ad273a792b2d5549065eaa3ef5,7.019119878603946
confirmation,1580-141083-0024,test-clean,1580,OPUS_VOIP8,16000,71680,True,-24.771887192256937,-26.004344256329738,-1.232457064072798,0.5522006154060364,0,0,2,ad7fcb8a8c4d791d9b1df7c2b9b3d2f8f50caeec0431c9a22325b53a4ae84d80,694adf14dcc9c190ba71f4a8f49beab1adcaa22972aaf18742914ad403cd9166,7.108928571428571
confirmation,1580-141083-0027,test-clean,1580,OPUS_VOIP8,16000,83600,True,-26.85310276876836,-27.450815215155437,-0.5977124463870789,0.48903146386146545,0,0,1,d49783cdb78bd8523ab87d5fcdd1783f114004e7ebda8c3396edb90d10899507,08a9002895056cfac0f6e074071ef246f26671ef5d3b2f85ccbb6fbbaa146c10,7.435023923444977
confirmation,1580-141083-0039,test-clean,1580,OPUS_VOIP8,16000,59600,True,-24.213081314348123,-25.648548974307417,-1.4354676599592933,0.5663980841636658,0,0,1,7b543930966e38ac23b8cb29d187e7d191b01fe57cdb0a1ab6a0149f68cde3f5,2fd6126137c198acdb8d947d24d3d015451afea330a952041877e6a2cc35855a,6.868187919463088
confirmation,1580-141083-0040,test-clean,1580,OPUS_VOIP8,16000,60000,True,-24.129781205690833,-24.631318957907574,-0.5015377522167386,0.7006860375404358,0,0,2,b00016d02438cc004afbf6aaefe5077f09bcf9b5d134b2f8ef4cf10754d146fe,901841159967f067ca1068142920d90a6db065bec744025f610bd759bda76c4c,7.172266666666666
confirmation,1580-141083-0043,test-clean,1580,OPUS_VOIP8,16000,43840,True,-22.396818866123922,-23.38056010686392,-0.9837412407399948,0.6979020237922668,0,0,2,09e4d30f2d8f6244693bb298057443f94d0a9c83fc07b1154ee0e91e2b5085ba,a33aa832dabc1d141e9a577dd821a2bd848d41e2fb522aa599343f0765349b8d,7.144525547445255
confirmation,1580-141083-0046,test-clean,1580,OPUS_VOIP8,16000,56480,True,-29.02257061226056,-30.113965805120824,-1.0913951928602617,0.5006874799728394,0,0,2,372a479f2283e730610b5ed2ade29bd8cd5c3a56f614cc77206b086c13cb6b96,4b2c16b06d97678727e1251a453bf56713269d309287c8c6dbcab224f3c3144f,7.03229461756374
confirmation,1580-141083-0048,test-clean,1580,OPUS_VOIP8,16000,44560,True,-28.008837665606325,-29.63447213498982,-1.6256344693834934,0.5281245708465576,0,0,1,bfdce8c929165dfe7cfc597f6bdbf7f4214452c6b3301e0d9b0cc1c9d916117f,8b29e50ba79c82f865a9a1d2b50635b8e0b8f8431456ca4f720df0d7a7cdddfe,6.957271095152604
confirmation,1580-141083-0053,test-clean,1580,OPUS_VOIP8,16000,64240,True,-27.85874448860917,-29.06874144660403,-1.209996957994862,0.5514171719551086,0,0,2,9663cbccb079f32948cafe51a242fa8224422a89b7d51874c41b8c041f786932,3d5d6cf8dff2f8851dc52fab58e0365019d023952434734575aaeec65079d105,6.714819427148195
confirmation,1580-141084-0003,test-clean,1580,OPUS_VOIP8,16000,65600,True,-29.091981478280005,-31.392967978279724,-2.3009864999997176,0.5313941836357117,0,0,2,076d2bb7c5cf012059adcd318538a0f819abcd3454c2c5ee77949aaf40fa2691,c700e12268fbf748bb8c2077d0445fae7a644b99add7bcec26ea00d250816178,6.755121951219513
confirmation,1580-141084-0011,test-clean,1580,OPUS_VOIP8,16000,80000,True,-27.503320247789233,-28.62366737120424,-1.1203471234150104,0.5126489400863647,0,0,2,3c6485a6c12a6b030c7df325d5ca3ee52f352c7a61296133497425aee1023ebc,13d4b08cef851da7a4b9de3bd715fb210af2d9d3e32dbe4938e122ee3ec4a2ce,6.9168
confirmation,1580-141084-0017,test-clean,1580,OPUS_VOIP8,16000,32000,True,-23.700754289519335,-24.582942515134786,-0.8821882256154507,0.4984375536441803,0,0,2,33e33ef67707d6a84cd6b927452f0f69a32cec7ea60d94c9236bd36c78b5b896,6e7c639c26d40dbe79bfda1583aba84aea28a2d34edd06a132c20ca57aaa1c7a,7.016
confirmation,1580-141084-0018,test-clean,1580,OPUS_VOIP8,16000,53520,True,-28.24521423008092,-29.280877697199237,-1.0356634671183191,0.5688065886497498,0,0,2,d0c0b2978fb676aea1121511355cd27e0932af7b473fb4d5b80fee97193472b5,07125287e1b531e43fa590817c3af3a76be915b86e7292a749a0a19296e0fdc4,6.620029895366217
confirmation,1580-141084-0020,test-clean,1580,OPUS_VOIP8,16000,45760,True,-23.609666703019805,-24.34515290340812,-0.7354862003883174,0.6781401038169861,0,0,1,5f782efe8a9ee0d93163f0a2bf046da8769efc4385c32fc1efb4355760fd51cf,c5fd4f30a64c428fc124cd76bf6b5527086e5edf17be2229d5ea369445dbee19,6.758041958041958
confirmation,1580-141084-0021,test-clean,1580,OPUS_VOIP8,16000,64160,True,-30.86875870922953,-31.64793193502026,-0.779173225790727,0.3419704735279083,0,0,1,ceb19b019fb45cd5d79011ad89ff3b7e0c84b6f917592d9abb08758ac71b5704,3fd0ba0af07c2777602fe4d98012546bb5877e62ae9b085bfb2fd28fdc4e44c0,7.00847880299252
confirmation,1580-141084-0023,test-clean,1580,OPUS_VOIP8,16000,139760,True,-28.2747050428397,-29.695201045442218,-1.420496002602519,0.5533825159072876,0,0,2,a8645f2dca78d116b9c59d5fb86e1304aba9ff4f899879356422f46c3d2b8f14,960b4ff629cf3d46163f6ef430578936b9037fd42bef7a6f4e801531a1604e04,7.292959358900974
confirmation,1580-141084-0025,test-clean,1580,OPUS_VOIP8,16000,38000,True,-23.509228918515113,-24.162424234330455,-0.6531953158153404,0.6827237606048584,0,0,2,c1b151acf9721d3f1ff3b2a1a19ae589249c68f2b0f77293a3d5a95545b58a83,6587ce2528273e0faf5ea06f2c7e1d7bf508724f5dcc05dca5b31e11a570246a,6.709894736842105
confirmation,1580-141084-0026,test-clean,1580,OPUS_VOIP8,16000,111920,True,-25.50935139859253,-26.688786416471633,-1.1794350178791038,0.6665856838226318,0,0,1,078cda38ca625fe6fc587c133dc9de4820117af262cf10864c614a828733d2f1,445a1f41c59dc8b73aaec3f65d3c04fb7910ba73e67f85aaa0ee6192200551c1,7.537955682630451
confirmation,1580-141084-0032,test-clean,1580,OPUS_VOIP8,16000,79920,True,-28.312162394567338,-29.5153989621863,-1.2032365676189585,0.4138563275337219,0,0,2,2117486e53d90fb70b7a0c6766f547a5e0a7c00067e85362a1542961deec7155,4dd9e968ed7ca3188a900f4a15e4293e4a0f64b4ad4c56c50d7d01a78adc6e57,7.058258258258258
confirmation,1580-141084-0034,test-clean,1580,OPUS_VOIP8,16000,71840,True,-29.081712096807514,-31.337423100347582,-2.2557110035400676,0.28558802604675293,0,0,1,da369aec44a9a8c3900f127f3798ba01990de47967f97531bd4da70a9f96969a,9df5a88bd789b88056430422c8ce60b0c74b9d1d276eb2977b22f5776f44a72a,7.1429844097995545
confirmation,1580-141084-0035,test-clean,1580,OPUS_VOIP8,16000,42080,True,-30.810685972983777,-32.18933446592465,-1.3786484929408735,0.24682438373565674,0,0,2,2092cf59043c7274c2b3f5df5f309e3be8b0bc60d5305d1a185fa2a598ad14e1,b0a33e3b315a9bf6c7aaeb56f23ec32910a6f923f8e457f7fb16e5d612cba4c4,7.081368821292776
confirmation,1580-141084-0042,test-clean,1580,OPUS_VOIP8,16000,80960,True,-28.536849449091992,-30.779385807714576,-2.2425363586225853,0.5212145447731018,0,0,2,12d82f523a3de116d7154a171fd8c132e3c9fff33808b7e0db7601ed5cf29836,831c76080798c685aaafd8be9d5ee59d3f6c9415977aa41dcb633aba27d7c1f2,7.127272727272728
confirmation,1580-141084-0044,test-clean,1580,OPUS_VOIP8,16000,46320,True,-27.432453247324503,-28.818380038406517,-1.385926791082013,0.45128801465034485,0,0,1,43cb9459b1d93c88deff41953c6f27e839a02995c271023a866e76a77f37aa5a,5970f5040d246bc46cfb78f7d19f56c23fe34b01a557aa13fdd83f8a5f0aa78c,6.306044905008635
confirmation,1580-141084-0045,test-clean,1580,OPUS_VOIP8,16000,58000,True,-26.68939037176466,-27.79586472962178,-1.1064743578571206,0.4057493507862091,0,0,1,ebf916be82707ed28261c89e59d9fb8fc019514d42753cd0446198fdb34ca4d0,3d7f42b76fe51bcf0453b801f0b471de6583a76f1dc5c3629194a8cccc08775a,7.476965517241379
confirmation,1995-1826-0001,test-clean,1995,OPUS_VOIP8,16000,162720,True,-22.23503243042758,-22.68908223489502,-0.4540498044674446,0.3972775638103485,0,0,0,af9c839622c48acefa499083587b8f5f5f70e80dfdbf04d742ada85c99d5c921,d2984ffe0cb66e7f7638772914b50592ce4c9e24e336af0dd9816b3a348b09f6,7.44070796460177
confirmation,1995-1826-0002,test-clean,1995,OPUS_VOIP8,16000,73680,True,-24.298340694877687,-24.789895009635018,-0.4915543147573267,0.33217620849609375,0,0,0,06a1d2b5fd98bf1ae71d271a56b62355bf25fa043ffbc56d122f65288448730f,dc93b018b32baf53c45b041f4141f0677ce775e516efd4dffc2b198c3a96837f,7.282519001085776
confirmation,1995-1826-0005,test-clean,1995,OPUS_VOIP8,16000,82000,True,-25.407448787355055,-25.794114035068606,-0.3866652477135555,0.29885444045066833,0,0,-1,ffef718ef61685737938b466036d720ee6a0672747ce7f9902bbd757b4fe29da,4c4b08189fa373e009e2dd4c04b2a89c192956f517ebf35301cede8352ad4c1f,7.0634146341463415
confirmation,1995-1826-0008,test-clean,1995,OPUS_VOIP8,16000,46320,True,-24.140436403286124,-24.62855373214323,-0.48811732885711157,0.39522868394851685,0,0,1,dde736d6acbf30708415510689fe8cafe00080deccb26563394fae4360e7891c,26f74466554132b6f983b94cdbf1c1a732197c01b2f284f5ac415b4edfae1068,7.162694300518135
confirmation,1995-1826-0009,test-clean,1995,OPUS_VOIP8,16000,121120,True,-23.914581007377947,-24.280618793987223,-0.36603778660927705,0.27558183670043945,0,0,0,7a9adf94fc240670e705d24507265288a08ec323e331bebb955ea4b85ec7cd00,a46f088f61ebb69ae98802283aa15e138029b80bfb5a74eb6cd257ef45838eed,7.458916776750329
confirmation,1995-1826-0010,test-clean,1995,OPUS_VOIP8,16000,39120,True,-23.184658875655188,-23.545551320788476,-0.36089244513329166,0.38821494579315186,0,0,1,c15bcd097d9595e6277ada4cf6f729dc1ccf8b1867d932d976df3e8555434404,fea006908900e85fe34e807c95a8ff92dc31360d6119dcb62fc8d1dd35d3f362,7.110020449897751
confirmation,1995-1826-0019,test-clean,1995,OPUS_VOIP8,16000,84000,True,-25.367214589568068,-25.730352277549425,-0.3631376879813555,0.2720749080181122,0,0,0,ffa59e3a2f88d522a0cc40b834adad39c2224bb9426df32b1eb517890b9cb26a,a48a77c933bd4022e6fed286f7b019ef465d1593339d4f773c091ea5abc40a1e,7.254857142857143
confirmation,1995-1826-0024,test-clean,1995,OPUS_VOIP8,16000,81520,True,-25.06118932355909,-25.51735927546719,-0.45616995190809884,0.2753821313381195,0,0,-1,0c087c24251170070f66c326a2b6962b2354065a8834233aa6b4d7ef761f0a5a,76b786931ce0657bd9150b6651c5e0c21e5bb2c3220fcc99f5c1875fb77aa2d3,6.874190382728165
confirmation,1995-1826-0025,test-clean,1995,OPUS_VOIP8,16000,52720,True,-25.24645326467023,-25.5773473809139,-0.33089411624367293,0.3744260370731354,0,0,0,8de25ab08bdf53eed9fcfdfc837846471ce9fcdba7f0e7b76ea5c3fc6287487f,e704b81d63f64b75e04eb12eb2d39d01ddc5cb350fc9dc1d4723cee35ee4e833,7.006980273141123
confirmation,1995-1836-0001,test-clean,1995,OPUS_VOIP8,16000,96000,True,-23.406170116133808,-23.90448711608814,-0.4983169999543331,0.3882695436477661,0,0,1,bd80a005692a51c7abf11be8d07cff7da8580464fd0b2278ccf9e23c5286c89e,3fac8556825a43d63711fdfb44244959399294408d60fb72606fb96839e88dd1,7.456
confirmation,1995-1836-0008,test-clean,1995,OPUS_VOIP8,16000,111760,True,-23.5428633964018,-23.903515963278373,-0.3606525668765729,0.36947453022003174,0,0,0,0f3ea9e8910384248d460ad3781262463aed5fb19c9e2351d00b886d4bbb3315,e4b877947c43f5fb056a62436e2d0f69a680f0f3ccfe325b1869de8f07c630aa,7.615175375805296
confirmation,1995-1836-0012,test-clean,1995,OPUS_VOIP8,16000,59120,True,-22.5175163581253,-22.79884493517111,-0.28132857704581066,0.4272914230823517,0,0,1,c4d3b71a73100a2ac0f9a6f13aff29c418fd44a26c560fb8644baa22fee09d72,7768ba2c48b398fe3f9daff0218a4b10f0f170585c187cf0641835d96beeab5b,6.828687415426252
confirmation,1995-1836-0013,test-clean,1995,OPUS_VOIP8,16000,84800,True,-21.995470610676655,-22.43595952932391,-0.44048891864725137,0.3184162676334381,0,0,-1,bb66aef6a862b4a7b7186f5808b6fd4051259ebfca89903574c82d1ce07d0773,18a41b42cbac9b24cdce993ba7b03517610afb23c2dfd55bdbacba860de86929,7.675471698113208
confirmation,1995-1836-0014,test-clean,1995,OPUS_VOIP8,16000,144720,True,-22.041190562551304,-22.437584377743494,-0.3963938151921917,0.5301108956336975,0,0,1,b63040326d70284bce0f82bd790c62dbcc4a612f41d5866098aaa194f757d0e6,b3fe5d7c652341c9c5ef88b470ec697cb3af5ebe51ffbf3c799854ee761ec289,7.55599778883361
confirmation,1995-1837-0000,test-clean,1995,OPUS_VOIP8,16000,61840,True,-20.64484712947745,-21.061072922863325,-0.41622579338587684,0.4086160361766815,0,0,0,9879c2004ff2c3e8ec72345f48a8cb8cac837dd85570a6d0e8d8051628dae03b,3ef1a6d74a1368e858467085591c850116fe446182252b94923b708b9b1d017a,7.432858990944371
confirmation,1995-1837-0003,test-clean,1995,OPUS_VOIP8,16000,117760,True,-22.112520828686336,-22.86313434071554,-0.7506135120291996,0.32157260179519653,0,0,0,008f432e80f0d068cf3cbad837b9bbb9ce29b5fc05c4529f17e486d707911253,6b1b238635502ef07423b607e4d336b266f27dcd8ac18ca8e1c84f73c935781f,7.522826086956521
confirmation,1995-1837-0004,test-clean,1995,OPUS_VOIP8,16000,101760,True,-21.612512990143422,-22.021649941091567,-0.40913695094814356,0.33861154317855835,0,0,0,7d410e23786ff6728c0a927e89d63b7cba811313cfb0d51f97c35f90bc9e5d07,d7a830d1c878ba75623871d6e66acd07f9cfa3d3481df0d494df5f5cde1e4691,7.352201257861635
confirmation,1995-1837-0006,test-clean,1995,OPUS_VOIP8,16000,47280,True,-23.55962125042054,-24.523305860182138,-0.9636846097616004,0.2863515019416809,0,0,1,f175d13d173b3b00dbbe679cfff200c03ad64352e0d2854be27f87540dfe05bd,5f7bfbcb197c8e419fc617124bc18059aec5272e4960734d884c7b3fbc68432e,6.933333333333333
confirmation,1995-1837-0009,test-clean,1995,OPUS_VOIP8,16000,60160,True,-22.33046666556573,-22.832697178079297,-0.5022305125135702,0.3428722321987152,0,0,1,892ab614d83c45cab9e320c0e04873ea5010aa87a7df46dd3fbc0d5a8b46b6bc,316113ea453df054f0875142df8e4fdc7af3104f1e82fc295d94a9ae835c2645,7.440425531914895
confirmation,1995-1837-0010,test-clean,1995,OPUS_VOIP8,16000,55680,True,-23.799689302157844,-24.058404262859053,-0.25871496070121086,0.2910556495189667,0,0,1,3b8e402b3af4af13fcef72fc7842945df696d940457147731011b3041fa7bbb9,c6bb3f01aa92ef5c38f8db4ebad285cf823241d12fecef32aad931631db0b0f1,7.137931034482759
confirmation,1995-1837-0012,test-clean,1995,OPUS_VOIP8,16000,131920,True,-23.739429820486748,-24.35667033043545,-0.6172405099487018,0.3036973476409912,0,0,1,2eabd984ed7b8d9be133074f275fef6415b08c350d40b585fbe9389d4b3055b1,1f0b837834cabaca75d9c292d918792cf7e2f69a1747cafe1b75af7a0e70b4be,7.36737416616131
confirmation,1995-1837-0013,test-clean,1995,OPUS_VOIP8,16000,51120,True,-22.35659133056206,-22.7552607172455,-0.39866938668344254,0.32301226258277893,0,0,0,0c70b428f1b6b987c69216280076d54106ec27fd3cb68a164464c7a052545fbd,17142e829102c567ac408c0b6e0bd4395b9f250775b792a1cceca33a3c2f0c6e,7.168701095461659
confirmation,1995-1837-0018,test-clean,1995,OPUS_VOIP8,16000,205200,True,-23.181026192666998,-23.637935595935687,-0.456909403268689,0.34685221314430237,0,0,0,6a199ef96c6c6fbf9a21753e920785255bc887d9fdd53c5e22ae1b9ddccfec32,6143cfb7b3ae90fdf5b082de472c761488acdfa9b09af6e05a37796cdd9c8214,7.5795711500974665
confirmation,1995-1837-0019,test-clean,1995,OPUS_VOIP8,16000,86080,True,-22.87750745138007,-23.353247235603774,-0.47573978422370555,0.32213351130485535,0,0,0,ff54cdaca33c18cf66ba60ba0f538cf6efe08e606d4a209b2cac46f40684853b,1976d677c0eab76745364f500bc95b67bdbf701ede3d8ee9beb7ef8d0da888f7,7.311524163568773
confirmation,1995-1837-0020,test-clean,1995,OPUS_VOIP8,16000,51360,True,-24.07471117730795,-24.542280914197715,-0.4675697368897627,0.24793553352355957,0,0,0,2fd610812c74f62994a6ce62eec6875b62106074d366f6ec0194ab757ac995e3,01c4c3df1fc990c30e25c3cdc35b0d1810684902a927a4da93085c185e52383f,7.204984423676013
confirmation,1995-1837-0021,test-clean,1995,OPUS_VOIP8,16000,49440,True,-22.8772304905059,-23.319720744203877,-0.4424902536979763,0.2964474856853485,0,0,0,b95f108274a0ad053beb90140b9a5f3ef26c181ad8d48bd67ff9dba6ad922150,d42f759d5f3ac180170e938274e4ddc7a3e08e41f041ab6e4e0aaa8a1b199eb9,7.6323624595469255
confirmation,1995-1837-0022,test-clean,1995,OPUS_VOIP8,16000,54640,True,-21.862101661092236,-22.272690091027684,-0.41058842993544703,0.4279813766479492,0,0,0,a04ec26a84683f51a9a44b14296d19f35217602ad4f3e78bdcc86b02502c1085,55ee0ac99d4818eae48c221c6563f56df103bba5e9f9226d2ae73cc85a6eafaf,7.433089311859443
confirmation,1995-1837-0023,test-clean,1995,OPUS_VOIP8,16000,271440,True,-23.594041351148842,-24.064972544839826,-0.47093119369098413,0.35497117042541504,0,0,1,93112b21ff0f691e11e58fdcad0dde76e5f493d2c9a8d7ec425d254709fc28f3,265bf7bad952025fd731f42fa2708de9d30ef8ba49b7c08469b9b8a9edcfcf09,7.404892425582081
confirmation,1995-1837-0028,test-clean,1995,OPUS_VOIP8,16000,37440,True,-22.48254609621285,-22.74154516412423,-0.25899906791137506,0.3457086980342865,0,0,0,f6c8f856121c0fc76467c81c0d2d4373091d278262a52998bd8d777e008ff63f,3da6844eca171e9b68b84b8ca5935ba7dc05edee9b88ab205c5ea8bbf09de858,7.080341880341881
confirmation,1995-1837-0029,test-clean,1995,OPUS_VOIP8,16000,89280,True,-23.88498656948791,-24.500633493347927,-0.6156469238600144,0.2938196063041687,0,0,1,ea0efc8603796174adb74801559a76c11ac534334fd4c85453172036bde79c7c,2983a323b07a21ea61bcb207b4c661542dca4c9510961f8165b9795c8d079642,7.571326164874552
confirmation,2094-142345-0001,test-clean,2094,OPUS_VOIP8,16000,128480,True,-17.658919339860915,-19.43356741556121,-1.7746480757002954,1.0258039236068726,18,0,1,a839eba5730ad6a85d46bd5cb51712b71bbecb7b0e459b7572248650bc211d91,be482f5dc825035a8917108f3751571299e811ab180aeef4d4a8775eee5a8306,7.205977584059776
confirmation,2094-142345-0009,test-clean,2094,OPUS_VOIP8,16000,230480,True,-23.643338210503412,-24.549606553412524,-0.9062683429091052,0.49176234006881714,0,0,1,c35cf4d2ae63b4259fc498eaba386a0c0710e85594b31191bbe2a1464fb2f68a,005ca0b76cb8f3a867dff4e6071d6036eb7c886a6061ff6b3ec1af6129f16b65,7.436862200624783
confirmation,2094-142345-0012,test-clean,2094,OPUS_VOIP8,16000,258080,True,-20.79198963015773,-22.993425123463354,-2.2014354933056275,0.936785876750946,0,0,1,d70a2188f68464c08fc93ed61b4c88bcaf40c69b4094b54967b06def45e2605a,0e9b4729c20b029ac6b294e3cddbbf6db206aa638b5aea22b6178dba2795ee59,7.3815251084934905
confirmation,2094-142345-0013,test-clean,2094,OPUS_VOIP8,16000,228000,True,-22.762274959290366,-23.968128162855457,-1.2058532035650902,0.6711676120758057,0,0,1,9986ad1aac8bff94973e42843b8ee618e599d19f402c32c03571cfa196b4ba70,260966acfe84aed92ddfbc8a80c9d73c1ac7cf59d1db4d0c89ad01e7c061ac2d,7.33080701754386
confirmation,2094-142345-0014,test-clean,2094,OPUS_VOIP8,16000,207920,True,-25.34726547807412,-26.36309132556166,-1.0158258474875397,0.37650343775749207,0,0,1,8a76b319148d066c6ae417cc69120f76c80a43ec55de6198dc4343eaf17cca5e,d6db1d5ec6cb37a7361be375daecab2df0ecc2595cafa9a6fb81468eadf1cb3e,7.4459407464409395
confirmation,2094-142345-0016,test-clean,2094,OPUS_VOIP8,16000,36160,True,-21.943377423094013,-22.508069021029527,-0.5646915979355109,0.44968435168266296,0,0,1,7b897220c2fee838d39ccd6dc41cf25537bcbbfa89b70a65310feed8b17b77a8,2730059adc2d1787c7882829899a55690f02f4dab7932fb57b835255ce195fc5,6.96283185840708
confirmation,2094-142345-0020,test-clean,2094,OPUS_VOIP8,16000,38960,True,-24.450447534440013,-25.626008891699556,-1.175561357259542,0.4928151071071625,0,0,1,938804e58e36ad500d56d1f91c49021a2c93051631ee241507413240c2681547,d4572dbe400641f75e4ca08d75b6c3a90b6681e8a2aa5170bf917919f91deefe,7.083367556468173
confirmation,2094-142345-0021,test-clean,2094,OPUS_VOIP8,16000,85360,True,-22.422761667111505,-23.19084094260345,-0.7680792754919432,0.5430207848548889,0,0,1,842a4c422ba7b870e52f70dd5efaec4c208b55e91e13a416d16afda0c22a2d18,0352c4c8fa5fe61364ab19e9dddca1b6d5f8c54a3935c24639ce19492ff093e7,7.338706654170572
confirmation,2094-142345-0022,test-clean,2094,OPUS_VOIP8,16000,36480,True,-22.37977289189054,-23.525455664066598,-1.145682772176062,0.4568675756454468,0,0,1,b6b93868da7fd69f2af112e21a07fff1c840db431fe70275196b65f97c3a51ca,ac80b89d6e3a6d1ab1abcd79c385388beda5877905ea97579c85c616e0fc80d2,6.971929824561404
confirmation,2094-142345-0024,test-clean,2094,OPUS_VOIP8,16000,84320,True,-18.32792009751993,-20.647288500810408,-2.319368403290477,0.6658299565315247,0,0,1,8aed24ce203a9e40d038818e0544e8f4d4040682210c663ae387df5b9c61b2a2,cfd64ac0e6f052b89e6c212f8f646b3c2b5559e65fa8cd73b3e1f5449ccc9a24,7.256166982922202
confirmation,2094-142345-0027,test-clean,2094,OPUS_VOIP8,16000,90080,True,-21.946516420736735,-22.599390680467085,-0.6528742597303487,0.48489055037498474,0,0,1,da2d605bbf0695b494ff6f798ffd44eb3f309c910003064ecc4dcf5a5227b766,55e1d970bbf2a22dfa42b5f6c98e5f49aba9b7046bb484ee87012635f03cea00,7.471403197158081
confirmation,2094-142345-0028,test-clean,2094,OPUS_VOIP8,16000,109440,True,-19.698293441244495,-20.624865102118534,-0.9265716608740384,0.719356119632721,0,0,1,51a0c75defd238eaae4a160fc72e7d1b4452e71f14a3464c30dea172325a37b1,45077f54477a9ce6599f5452466db9669106c6272a2ad2e371ee0e05155d9f3d,7.383625730994152
confirmation,2094-142345-0029,test-clean,2094,OPUS_VOIP8,16000,136400,True,-19.14768720223249,-21.031186864235355,-1.8834996620028688,0.7683964371681213,0,0,1,f9ede39ed1f708581183f726cbd35dcb744cd85c5d1fc2b2133f8a2d168a9127,b5fee0ce499ab8e67aac9bb1274cf7ac33db16c0d193f01f7261db996d716b03,7.571143695014663
confirmation,2094-142345-0030,test-clean,2094,OPUS_VOIP8,16000,257920,True,-20.75821930958131,-21.75352054275889,-0.9953012331775773,0.6451004147529602,0,0,1,2a59b5177194b340981c3bbef1a0b72472eaa2a38cbc74b1ddd6989803689b42,2b0e81de5e31c064545111e7d70641ec448bc5d6a82f7bcd4d854b93b9483c4f,7.557320099255583
confirmation,2094-142345-0031,test-clean,2094,OPUS_VOIP8,16000,44480,True,-20.638583102578195,-21.484386237075643,-0.8458031344974428,0.5102081894874573,0,0,1,f6e74973709ec7d2864c6fb958e13f65c310418f94e73a36ca99bf8e91530c43,9c2defc4226704af37b1374384dfd428e163267c52d42f004744a362379b9094,7.23453237410072
confirmation,2094-142345-0032,test-clean,2094,OPUS_VOIP8,16000,51840,True,-21.689633787280776,-22.484116649570897,-0.7944828622901239,0.4316602647304535,0,0,1,c77a81e592c2b001ab2cf17aa9a4fde40447e42e6ed984e07f914106cb2b5c1c,7532b529e19775180b95596eb029cd4ac345e95ddae878678f21f71397160c75,7.432098765432098
confirmation,2094-142345-0033,test-clean,2094,OPUS_VOIP8,16000,205840,True,-21.029416713192557,-21.81572430104509,-0.7863075878525329,0.6111158132553101,0,0,1,68de80bdabc2d76fb683b530f70893393e3b09088b54256fed2188197783ce98,e309007601fbaabe3737763ddd5a46c3eb1d119923e9bef1e647cea286d51883,7.432879906723668
confirmation,2094-142345-0036,test-clean,2094,OPUS_VOIP8,16000,110640,True,-24.493480992185184,-25.263536330568606,-0.7700553383834208,0.39320647716522217,0,0,1,8f55899ae3cf738f471cf8ced3eb4d13757eed496cad5a56e9fb14d513560bf7,fbf555bd007ec3a32c10536ef37421845bfbec542bfd81e843c2d62d79341c02,7.3058568329718
confirmation,2094-142345-0037,test-clean,2094,OPUS_VOIP8,16000,167840,True,-22.305983405269068,-23.15282489720644,-0.8468414919373722,0.6198445558547974,0,0,1,6e68bd34109443e3615e5a1b4f9cd71bc26d1cd8617e6428c9d1ff65963c3a7f,0df504033ca80b2e01401acf2815412d06c8e4f9598e56b127886ced87e3e005,7.252621544327932
confirmation,2094-142345-0039,test-clean,2094,OPUS_VOIP8,16000,100480,True,-21.820289782161527,-22.63198306322746,-0.8116932810659284,0.4373247027397156,0,0,1,fce672921f78ca86f58d74c98031f6a20608e3214afb2d7749aa9928a306c879,46b82d4b1159ac90e82b2cf2f33e6e6046fe1f5e2cb1c40bb3e7acda27e2f8c4,7.554140127388535
confirmation,2094-142345-0040,test-clean,2094,OPUS_VOIP8,16000,38160,True,-22.307817294696616,-24.827595954034454,-2.519778659337837,0.4515259861946106,0,0,1,5849d1acc8bc0180a4906fac63b7be696832e1fe480cff63fc3ffb79cbce2bdc,e251352b276ad0664888e72838275d3330be321309726b164c09821c361c0d5e,6.9467505241090155
confirmation,2094-142345-0041,test-clean,2094,OPUS_VOIP8,16000,22720,True,-25.74364303758844,-26.689785648033304,-0.9461426104448638,0.46283191442489624,0,0,1,fe57f6f755f3189afafe3578736729c1c2cbd9d9e67e2245e14822ff53d5fd13,6836bc71f77970dc5d4c202e93fd46d085f25d3e66e5e2f7a4e1c32052ecb768,6.72112676056338
confirmation,2094-142345-0042,test-clean,2094,OPUS_VOIP8,16000,39280,True,-23.76239391763473,-24.622476534354565,-0.8600826167198392,0.3792673647403717,0,0,1,c76103f0e158b59c1d9eedc8736925afe1ea7c7557952123cc5dcd8e3a547090,6700a96ab4c1fb576f4386cc13e9ce7f6c4f8e6d5dbb2b3caea0ce02a8ab2d83,6.911608961303462
confirmation,2094-142345-0044,test-clean,2094,OPUS_VOIP8,16000,56320,True,-26.259503924214933,-26.933917582831857,-0.6744136586169235,0.39743074774742126,0,0,1,b6f91c9a89873d6927d557f015c4f19dbd5c3b32a3a16dd1553bdb6952c94ef6,68410c29e941f68aec6010054091fa36106999fe2f8b0ae533cda43338448d48,7.177272727272727
confirmation,2094-142345-0050,test-clean,2094,OPUS_VOIP8,16000,64720,True,-27.54983482905834,-28.44732049173099,-0.8974856626726511,0.2500177323818207,0,0,1,0dcf1667dfcde51c7ea5a7c703c35aebe93cd93ec3722288ad278fc19c237631,2ea3cbcf7c8d3c6818d15bdb7560236d6900b2909f86f3eb8841c3d546b44a81,7.062546353522868
confirmation,2094-142345-0052,test-clean,2094,OPUS_VOIP8,16000,104480,True,-24.408895482338593,-25.14858615068972,-0.7396906683511267,0.39870449900627136,0,0,1,e92f3b4cb284fece9535f8842c4db950709a628ad80d15b09fa4a7fa3a3ef6b1,e4e7d89a8f334b85c1c8c80458363e2543560a23fcf6d48cd4b8c2e79c76f7b7,7.111791730474732
confirmation,2094-142345-0053,test-clean,2094,OPUS_VOIP8,16000,54320,True,-21.313581156495825,-21.692339754289097,-0.37875859779327087,0.5454679131507874,0,0,1,ac7c164238b32d28025d2c1cccf6163aa8d8ba41e807e62a6dd95b9231bcfeb6,309b473126e6d3c17ccf513f5fa2d88d8d1b804b50137a77f0f8da5649be4179,7.472164948453608
confirmation,2094-142345-0055,test-clean,2094,OPUS_VOIP8,16000,42480,True,-22.544192183693312,-22.905519839305178,-0.3613276556118681,0.41606605052948,0,0,1,b51be3902d9bd5296aa5733803504f2fc01172b27f676b26f6895b9c12b6c853,05357cf72e635c4d392831d425cfc14d9162a81d2c2f815c50c6ba658fded097,7.2738229755178905
confirmation,2094-142345-0056,test-clean,2094,OPUS_VOIP8,16000,61440,True,-24.193709326284957,-25.028158330031985,-0.8344490037470289,0.3172551691532135,0,0,1,64b429aff64e8c701e1101ee1adab402c8dd634a4772ba192ba14b483422a556,17396e40e1c796ca5fbf5463afedc5ed1aed732cef059ecda82b625499a65a1f,7.254166666666667
confirmation,2094-142345-0058,test-clean,2094,OPUS_VOIP8,16000,78880,True,-23.493386859040918,-24.09436315886118,-0.6009762998202646,0.5497985482215881,0,0,1,1a8e6bac2a742139f867bdc0440f5300f1d6bad5aaec9dc6ed87e6ddedb2a02e,8cf3ce63354462de1557ecd5a8392ab15c1ed240377b7e222c0420de0e80f468,7.2178498985801225
confirmation,2300-131720-0000,test-clean,2300,OPUS_VOIP8,16000,81280,True,-20.587329416957164,-21.274521890086305,-0.6871924731291388,0.7510377168655396,0,0,1,69237785a61331689d6d1d4aa0a15a0ff05031e5d4b47d95ffd8e73262df9a8f,3e53c9218488482dc7c95da8761780a9e1e518847a1868b7d1e592dfb21b8c9f,7.508661417322834
confirmation,2300-131720-0001,test-clean,2300,OPUS_VOIP8,16000,234080,True,-20.511670353175745,-21.229030034100514,-0.7173596809247675,0.6317955255508423,0,0,1,b006946ad110e4ea860a4563172909abcd40e25f146a19b2e680b39f482c5e8a,3874fd30873577145b13b0ec1a58ef2557e19f58c5f58c3b4b4723ee8e01e85d,7.401230348598769
confirmation,2300-131720-0002,test-clean,2300,OPUS_VOIP8,16000,209840,True,-20.572344161575117,-21.26435006608203,-0.6920059045069126,0.5836511850357056,0,0,1,5b210db31b6a3cb5e5835dad4e67a2e886717a52a5a1155104a64f168a5a968a,3a93d90f8ca66ed5a0fdc71b52a63e2c4d9683cb71bd121486e618bd399b56ca,7.32413267251239
confirmation,2300-131720-0003,test-clean,2300,OPUS_VOIP8,16000,268160,True,-20.718524096166245,-21.31927263844771,-0.6007485422814656,0.7494990229606628,0,0,1,56a7a8fe2d8ef543bfa4a62ff1b073a21c2512651973c338301deeb4ec384f46,0c35f794a4ec1ac0e383513f38c39fb3cfdfa08614a4b05d7f945db40cc673ef,7.495942720763723
confirmation,2300-131720-0004,test-clean,2300,OPUS_VOIP8,16000,318560,True,-19.54161550357573,-20.256966485649393,-0.7153509820736613,0.6525323987007141,0,0,1,a8e6e32ca63f09bfcc3e505254703a051e922bb80d3cd51a8963b16049137641,87b450185b741c0c5b3f797e48cf3b59d250812e428ee914837487a310f291c7,7.416172777498744
confirmation,2300-131720-0005,test-clean,2300,OPUS_VOIP8,16000,110400,True,-18.802186936414504,-19.23402399151689,-0.4318370551023829,0.6513645648956299,0,0,1,a504d571d49a92c06d1a39d7b524c5f17740c2816204363e7430d94e4183a1f6,db195b035c52d98e52205ad8858b6a89ebb9b08a332d1afb0bd5b58f17a5d3da,7.386666666666666
confirmation,2300-131720-0006,test-clean,2300,OPUS_VOIP8,16000,65920,True,-22.539004093029394,-23.22390447800059,-0.6849003849711979,0.5380467772483826,0,0,1,f7366b3ec5af229081a1fdc48782da114963218f16bb58174194c8908b8869ba,01a236fde6aa5815239e4f52cb2226d7c48ed22b88ba4c1713f20acbf3234adb,7.297087378640777
confirmation,2300-131720-0011,test-clean,2300,OPUS_VOIP8,16000,254000,True,-17.89449754429532,-18.64451601053672,-0.750018466241401,0.7117056846618652,0,0,1,55991a3280dd16f84c5e9ef7b4d3b16b12c4cb4660bc8bb37b1fee1a209d41ac,6a1282f6e80bae4966e3bbcb20a47fd67d08b9f69bb717066588ef73367518af,7.724346456692913
confirmation,2300-131720-0012,test-clean,2300,OPUS_VOIP8,16000,178320,True,-20.079795747764692,-20.94841024976233,-0.8686145019976361,0.6040326952934265,0,0,1,54f999285cff1baf2c970ba9c472c657c1e3705efd43f8b0b3093d9b83c85801,d4163ffb4d625722581b151d5a8cf336201b5db4d53e50ad71dc25d3c643b77c,7.496814715118888
confirmation,2300-131720-0014,test-clean,2300,OPUS_VOIP8,16000,60000,True,-23.672003181586167,-24.35147881337036,-0.679475631784191,0.4114067256450653,0,0,1,78509dda809ebd26ee580349f9860e5dd07245bc8030b901a7b0e1caec629fc4,7ab8a995cd3316309df885dfd5f0d0231eba5ed3f3c3d530b63d105fdd5afb8e,7.278933333333334
confirmation,2300-131720-0015,test-clean,2300,OPUS_VOIP8,16000,142000,True,-21.21008777083571,-21.764936964434693,-0.5548491935989837,0.6262874603271484,0,0,1,5bc1b11971c6797a1b7a592ff68e03ae858acef1766683b46877e44c5d4307bd,99a4e77895bc196b9be8898b04a5d7939c7541a1fafdecb4e1334df9bdc690ab,7.577239436619719
confirmation,2300-131720-0016,test-clean,2300,OPUS_VOIP8,16000,320240,True,-20.639124538167053,-21.366204464470343,-0.7270799263032874,0.5798131823539734,0,0,1,e3477ff757f31275ef830b4558a8a7a95214b6a98ca93241f2c9603e8a0bbb39,c816cefebc3af49755c0f76303966896b2d48e9a4a2fb3a3fae94b3665564d04,7.685036222832875
confirmation,2300-131720-0017,test-clean,2300,OPUS_VOIP8,16000,318640,True,-21.727571818508483,-22.521432792703763,-0.7938609741952816,0.5879366993904114,0,0,1,656fa66759a61a9ee5ef1cbcebb9757ab5957d717ce0c553d3a52df941d9946c,dcf9ed214a279fa76d741fa8b435d6e5508f4234594480f1c37b1b7234cf7228,7.546472508159679
confirmation,2300-131720-0018,test-clean,2300,OPUS_VOIP8,16000,200640,True,-21.57891699760569,-22.372203815770625,-0.7932868181649394,0.45816469192504883,0,0,1,616689ad93a427fe04ffe22c73e1230f75f48ffc751ffb8a372ed6f50f1e228f,7915a1da033a4747e981c892b0b0175a2f42a0b0fc0f5a3afe4201227df4f558,7.592344497607656
confirmation,2300-131720-0019,test-clean,2300,OPUS_VOIP8,16000,237120,True,-22.93265528836647,-23.63524445172796,-0.7025891633614898,0.4586431384086609,0,0,1,3deb7857c5504417ad96466631d48bf5a9a8840f6b593285969db83a2f4ac60f,343aaa16c856398e982b1d64372cec81a2ecf6ecc629b4a334619c39ac9b195a,7.567071524966262
confirmation,2300-131720-0020,test-clean,2300,OPUS_VOIP8,16000,165600,True,-22.869128585429756,-23.648857771222023,-0.7797291857922688,0.520054817199707,0,0,1,51797b603e75a91526cba60cd463f884f1da7f03d8e0dcc27faa4205917e102b,18e6f52f6280665be6b7e9a644181f0f77fa8259d7238d4dab90244c5488642a,7.4566183574879235
confirmation,2300-131720-0022,test-clean,2300,OPUS_VOIP8,16000,218640,True,-22.580480288302475,-23.244453738133505,-0.6639734498310267,0.5968921184539795,0,0,1,2d19f67e4536d120b2e8d2ba2933c4a8b0676e9a1c0a7d8706b707c333cfb2ce,a540cec7abfbd85cb2792ad3cabcf5d54707f6cc256cc3b3878b103a44db8066,7.500622027076473
confirmation,2300-131720-0024,test-clean,2300,OPUS_VOIP8,16000,76320,True,-22.16157464417541,-22.951641454373103,-0.790066810197694,0.5315085649490356,0,0,1,1ee46b0a198a8852378f561a6f55b745154acdef3b6f5d63fc85d800392b56f3,3630249c07fc4ab88d49fdc9ba00498ab07e1d43851211c045d27484ed98eeda,7.349266247379456
confirmation,2300-131720-0025,test-clean,2300,OPUS_VOIP8,16000,244480,True,-22.455517099571303,-23.19197472104078,-0.7364576214694764,0.7309791445732117,0,0,1,2d5a0a2319b1a63d29649f5e85ea95c70dcff49759473504920877ef2bbeeba5,20c36d6e02d7ce57d1bdae934b672a9afa1ceb07908d64bc2a83a07a878ecc06,7.354450261780105
confirmation,2300-131720-0026,test-clean,2300,OPUS_VOIP8,16000,281520,True,-23.339475938517715,-24.0722357009545,-0.7327597624367832,0.4671129584312439,0,0,1,d55bb2d9bf7ed7c43973fa4a1b6aa041dc3642070d2b9f1993781182b6cc4674,3f3c2a626af3a0feff20cf29c37262286ad7c21ddf74976d58709e1f8a35a0d7,7.558056265984655
confirmation,2300-131720-0027,test-clean,2300,OPUS_VOIP8,16000,137920,True,-23.643317100545673,-24.483170087304124,-0.8398529867584542,0.49575936794281006,0,0,1,f1093322d12d89292b086b9ed9153dc89b7d694ba3ec15f4ff8eec268e6369b1,874f39649471e9a9eafbacbaf61d06a608f543611ca9773b26ad5a91f0b4bb07,7.443155452436195
confirmation,2300-131720-0028,test-clean,2300,OPUS_VOIP8,16000,415040,True,-23.395115497521118,-24.079133338314573,-0.684017840793455,0.6289308071136475,0,0,1,2b4e0bd7550058b18b57f076a7f5b6e13acc588b429d5a4b54041815784d176d,4591fe2e4fe74236b2d589e20e044c1176754b40ccc0a4463a785a0c7fbb8b84,7.48804934464148
confirmation,2300-131720-0031,test-clean,2300,OPUS_VOIP8,16000,265360,True,-22.433547030651518,-23.125481563416805,-0.6919345327652854,0.6062503457069397,0,0,1,515f83a7e8706d32377109c0077c14bc6220993397802bd20211063d5c78c989,9ba22712df8cf6559f902005c76efcbe526f003a27733fe48d96faaf5137ed1f,7.54947241483268
confirmation,2300-131720-0032,test-clean,2300,OPUS_VOIP8,16000,187040,True,-22.87080472515887,-23.67173736176404,-0.8009326366051718,0.5344666242599487,0,0,1,c1286e2ba0e4b2ae06282bb5d42a454777e1476466ac9671db46b8c0f69a9f01,3088cc3def47f2183bd438cc74eb11b3e35329e1458c6d3718915374a6b744a2,7.2205303678357575
confirmation,2300-131720-0033,test-clean,2300,OPUS_VOIP8,16000,281680,True,-21.724500597377986,-22.407904656034553,-0.6834040586565683,0.5656526684761047,0,0,1,72040b3a3c085e3f650508a85e92ba8e86c3b37e2e6acf7a9df8eb889aee6bad,a18492cd145286bc2a3e4fa22d288d95cfc8b2f0e1c96c209cc07c12763dabf8,7.575575120704345
confirmation,2300-131720-0035,test-clean,2300,OPUS_VOIP8,16000,407840,True,-21.82907491810333,-22.610323935720956,-0.781249017617623,0.6003232002258301,0,0,1,05c7474462f9ae0a103697d5277951cd33d0fae9fe4a7e954dcc4bd198747e24,a91695f0b04ab174b1ee3b01304e41f210dbd79f335fde86f16aaf9c00c2ab30,7.504746959591998
confirmation,2300-131720-0036,test-clean,2300,OPUS_VOIP8,16000,113360,True,-21.983829132434156,-22.69455588398671,-0.7107267515525489,0.5850996971130371,0,0,1,3b2cccc0702b220ac5a7bcfc0461e54da592d20aa7c761d4c554d3f438231c11,f34f2ffbe858b7a8c7deae6b93d3793d5119b1db8980ceaecf35416b861b0603,7.18362738179252
confirmation,2300-131720-0038,test-clean,2300,OPUS_VOIP8,16000,89760,True,-22.54795936053008,-23.315897841324876,-0.7679384807947948,0.46796947717666626,0,0,1,ea07d17fc2e0ac33eb18da5ddf0ae1c225fc1ecbee5698c6df8957775b522f37,8410bd52b71a2be14602ccfd039639c96379f0909e67009a40f399f3cef89dee,7.10873440285205
confirmation,2300-131720-0040,test-clean,2300,OPUS_VOIP8,16000,87280,True,-24.506231234600648,-25.16257987877376,-0.656348644173115,0.36824363470077515,0,0,1,a254ccc20e44966c0c904705841431cce942a174da8aaca71b10f210560251dc,80c09aa0ff5c4d4c277bb535078b45111183c7df496dc73a53cb398634f59f8b,7.315123739688359
confirmation,2300-131720-0041,test-clean,2300,OPUS_VOIP8,16000,60000,True,-23.37033603041045,-24.070789821777396,-0.7004537913669466,0.3882516920566559,0,0,1,925ee5027df7dbf92cdf32f79363e8a9c7f03575acab20fba5d6302e02c50b27,447439628d315b5e7bcde8e71d2002e8b87c81f691f2416d6133a221a1744e2a,7.001600000000001
confirmation,2830-3979-0004,test-clean,2830,OPUS_VOIP8,16000,31120,True,-26.490158979325187,-27.188645880381834,-0.6984869010566476,0.31480279564857483,0,0,1,d2365e381aded0ea0d3d221560a5dc5abbbee59592b909444f502d843f6be717,c6564462ae975a18aef7ea610bf9a2c5a5c315f4499033bd60abb03b60231685,6.70025706940874
confirmation,2830-3979-0005,test-clean,2830,OPUS_VOIP8,16000,33680,True,-23.04080871704542,-24.834272524190176,-1.793463807144754,0.4371565878391266,0,0,1,6c8a492fcb712019184832e4aecceea9ba888f90284df705cad2ca33a3ac8dd0,adde610cc94a49b0fc146a66eaa84ef36eb0537bd0488d1539cf062e31bdb878,6.799049881235154
confirmation,2830-3979-0006,test-clean,2830,OPUS_VOIP8,16000,72800,True,-23.293377600791437,-24.08986113355426,-0.7964835327628227,0.4691314399242401,0,0,1,e4e973814f91e369d0c1e431979acee2a9a48796c0421caa093f91a43431e246,cd366309fe91803d652fd1fdb87e168cdd299eb4c4438e57244f114ddd95c779,7.236923076923077
confirmation,2830-3979-0008,test-clean,2830,OPUS_VOIP8,16000,151040,True,-24.528859034275285,-25.403999742712855,-0.8751407084375715,0.649022102355957,0,0,1,715f6b172b66766f1cd7f8054812258da16074c1a58720043e9531f75e87c82f,2ec780551fc3294fcbacb66f074774d497625e600b59c78e88261d66277eb490,7.239830508474577
confirmation,2830-3980-0000,test-clean,2830,OPUS_VOIP8,16000,59680,True,-16.80410950587789,-17.302331031317138,-0.4982215254392517,0.9039967060089111,0,0,1,d3e58e47c5a07a315525b9077b677a91629eff5bf9eb4723b8b74ed048e67308,baac4ed92cb30a300ab03ba2f88f54a6e11dd5510d74020a1150200fd9d9b320,7.431635388739946
confirmation,2830-3980-0001,test-clean,2830,OPUS_VOIP8,16000,63120,True,-17.250775424261356,-18.163686116534468,-0.9129106922731077,0.7364829778671265,0,0,1,b0d0e14c9665523f65404926d782fc6f3b50ee880b03406f374ece795cfd008c,2d1d234fb551aab1f43d75a25de3d674406c20194368248e29e29a8bf3d59bc9,7.482889733840305
confirmation,2830-3980-0002,test-clean,2830,OPUS_VOIP8,16000,32400,True,-18.53740025859944,-19.54123043886742,-1.0038301802679819,0.7838850021362305,0,0,1,76aad9ef255b3339c79a7c54b83010ac8c28c51bcaf2de7af750cfa643b65cc9,f026e826e8fe44e56cecfa2b1bb573fc860d17603d9c19d9cabe3e75516b3656,7.300740740740741
confirmation,2830-3980-0003,test-clean,2830,OPUS_VOIP8,16000,39680,True,-17.10700010212237,-17.523881468753455,-0.4168813666310839,0.6936310529708862,0,0,0,699fe71c7870e3dd90745be9485b7010fe5e82171f7bafc2ca507d386971af07,c978789e9d3237bd45245e28a799144bc5e1485b41976bd7da2c917cc98739a0,7.141935483870967
confirmation,2830-3980-0004,test-clean,2830,OPUS_VOIP8,16000,60960,True,-21.05816794065194,-21.714554181482384,-0.6563862408304478,0.64557945728302,0,0,0,f5fa1b23de9ddae7589c5a278fedafde3eaebfcde4d204a4a7f88de32d25d64c,5dab28cafc75b629af3a259916098d8d226aa2582b629a37bf3130c7f42273f4,7.168503937007874
confirmation,2830-3980-0008,test-clean,2830,OPUS_VOIP8,16000,77440,True,-24.478167387521875,-25.446453545596036,-0.968286158074161,0.673502504825592,0,0,1,77d8399e568f63189e0239af4b8f43818fc2706c1ee2c5abeebe1d04d4c985f9,2fe6d7e5689f91590f1d09d32887ccd44aca02520f8ed0105db28cb450373a2e,7.089256198347107
confirmation,2830-3980-0009,test-clean,2830,OPUS_VOIP8,16000,62160,True,-24.330083775376924,-25.114479725723537,-0.784395950346617,0.4834541976451874,0,0,1,f5195a4b660786c7e0f32261d9b0f49cf634ad8a0805c859e7008711710bf52d,8d99076c6d55a77c646079d6ff0b22e0b997f65c7b6bc14a3e26b1f0d9b54ad9,6.7027027027027035
confirmation,2830-3980-0014,test-clean,2830,OPUS_VOIP8,16000,40400,True,-24.466785418434686,-25.671671924195483,-1.2048865057607947,0.4499783515930176,0,0,1,c8e6819d78bec20953123bd7d577f1087f75fa73b756c0e74a1df51d88277943,859d21279cf693c8e31e8a73326838086c86a62f933a3fe6f5a8d1a1cc6d9036,6.913267326732673
confirmation,2830-3980-0016,test-clean,2830,OPUS_VOIP8,16000,37920,True,-25.79693370460786,-27.514718472005086,-1.7177847673972233,0.32523760199546814,0,0,1,ae3b034cb886d40478b358e7b92c910a2ae3997555a08b96f23a09d85fed1b74,345ef890cc4684e2358b01ea746f41d4399bcc56ad4dcd6bbd1c323b2814848c,6.896202531645569
confirmation,2830-3980-0018,test-clean,2830,OPUS_VOIP8,16000,54720,True,-23.94804044019235,-24.957616355827415,-1.0095759156350623,0.4360189437866211,0,0,1,3e1c235f7ffeca682eb5d5f259a15706f39d062c88f9387960e6f9707521a23f,43323782259e5aea6f0fb9fa3a5836f79dca3698c8f9fc24ebd70e2c6d1e8ef6,7.35906432748538
confirmation,2830-3980-0025,test-clean,2830,OPUS_VOIP8,16000,140720,True,-21.96330456035328,-22.81131754050659,-0.8480129801533143,0.5299347639083862,0,0,1,b42079f2b3c1fc7f00b691fde096ea4ddf0e9f923da05152ff860065199bbf7a,d8e65a9ae75719284fa7b52ba2c1b2ef17579bcbf00663ccf9a31d692421fbea,7.445139283683911
confirmation,2830-3980-0026,test-clean,2830,OPUS_VOIP8,16000,23760,True,-26.27687644472365,-27.306210638277705,-1.029334193554052,0.3993776738643646,0,0,1,187216afab80cd94e1c6d6828c08d560e7748309687008a1d6181b29a41ad7ff,faf23cf65abdd82cc42be432113fe23ffa446423b48dc5f72ab592669047325a,6.599326599326599
confirmation,2830-3980-0029,test-clean,2830,OPUS_VOIP8,16000,145200,True,-22.488798457124748,-23.236157538025655,-0.7473590809009077,0.6314774751663208,0,0,1,b142c90faaebe601913c9c37ca0780a652abb7a1af86ebcdc4799fc38d70a05f,5c8f351282b16e4177a1ead6f337eace0ed134d1ced2a03a20359403c3790bea,7.236584022038568
confirmation,2830-3980-0030,test-clean,2830,OPUS_VOIP8,16000,84000,True,-21.805498613199795,-22.622447862934774,-0.8169492497349835,0.5759989619255066,0,0,1,2f82d7561f01fd86290f76e7e8d385ce585d78334724a47db559ac1d61344f1b,65453010da6273af24084698dbd4e22db43da1c7831d5e896a382dd4ba86e1da,7.317333333333333
confirmation,2830-3980-0035,test-clean,2830,OPUS_VOIP8,16000,53360,True,-21.348910113434233,-22.06162417056597,-0.7127140571317435,0.5005834698677063,0,0,1,675411fa64122198d69a7294de3b1fdc36021cd9d460d17d85b7535c2f47a0dc,ea127b076c83b878b0ee46922708e966f523d99d935ea5007d6d544423e83307,7.232383808095952
confirmation,2830-3980-0040,test-clean,2830,OPUS_VOIP8,16000,41920,True,-24.990423800549806,-25.616096834786212,-0.6256730342364042,0.34386858344078064,0,0,1,b252a550e09dd30c9b18bcc4803f72ba4f10bc5ad20f2ceb97604567d2172dd9,0c2aec4e7d6127d030e782ce4747b3f9d9608323a9a17f22a0fc711e77c61780,7.26412213740458
confirmation,2830-3980-0041,test-clean,2830,OPUS_VOIP8,16000,78240,True,-22.925173041831496,-23.86688200182562,-0.9417089599941246,0.42709776759147644,0,0,1,2f0f8dd34d49391f37613803e7585eefce9648ca2e2a83d0066d68dcc3785f1b,06544472f0d10adc8a95d194f8d49ebef7dde26c7cf6b0ed5002cd4ac2e4dfb9,7.188548057259714
confirmation,2830-3980-0044,test-clean,2830,OPUS_VOIP8,16000,55840,True,-23.627877751428784,-24.711030593681595,-1.0831528422528152,0.4408281743526459,0,0,1,4055a6b92d065cd4cf56d633da443ab2d5441dc83eee7b6ddf37eeefc9f9a6c3,a99aefe7743e7df18d05dd19fdc6dd5a71cb85cfcc1c22a667fe7186fc0bbd7b,7.2320916905444115
confirmation,2830-3980-0045,test-clean,2830,OPUS_VOIP8,16000,56160,True,-23.493824868245596,-24.38580098506105,-0.891976116815455,0.5113232135772705,0,0,1,672d709376ae42fadb9e9ebad1976959f79ad2798b8a16ca7f7b8ba563a0522f,3e22f24e9e1077a2a6bed0c7644a02f398e722e2a1a99c4ab4d8c98e7105b8cf,7.0997150997151
confirmation,2830-3980-0048,test-clean,2830,OPUS_VOIP8,16000,167040,True,-23.230718649537323,-24.152920211370006,-0.9222015618326829,0.5320925116539001,0,0,1,b8193e5c485a8ab666e95e302fbed03747b2db2cd6728dc3fc86575c8a1e273e,0993af57ea042cd7205568f2a6aabc2e4fbb0b867842bb350cd711bbc3a3613a,7.3517241379310345
confirmation,2830-3980-0050,test-clean,2830,OPUS_VOIP8,16000,119600,True,-22.571158762266677,-23.42383424086862,-0.8526754786019384,0.5113760828971863,0,0,1,5e4415a29984194b912b48cf44674eec61fe6e52f7d6763ec316026cff06b3e7,7f6c08a3ac37bb4dcd0271b0a20dde9ddfeed76180c3442188ca16b372a76e52,7.5141137123745825
confirmation,2830-3980-0053,test-clean,2830,OPUS_VOIP8,16000,80240,True,-23.265667693492276,-24.509081243941804,-1.2434135504495285,0.6116640567779541,0,0,1,0abff9a77804c9fb60aa8df2881ca507b0346a27f993861a128107f37b1a3721,325fe4dc80ff61f0ddfaceff73bdb48b108f9238ab0c5d8b357b761dc81cca7e,7.192821535393819
confirmation,2830-3980-0059,test-clean,2830,OPUS_VOIP8,16000,29200,True,-24.08846461297168,-25.16867252488604,-1.08020791191436,0.3579106628894806,0,0,1,04c286bb7e32a35a122894d350329d7bd91145269f38733522d8772d7e9775b5,2959d76212eca6d8916436757a604a164dd247cfc471901f22fe2158a7e2d850,6.939178082191781
confirmation,2830-3980-0060,test-clean,2830,OPUS_VOIP8,16000,42800,True,-23.258962725440515,-24.20737847261583,-0.9484157471753153,0.4953993558883667,0,0,1,05db13640536d869044e9fc5f650b7904b57371738aa0c5d00b96bdfb8d6aa14,03e74b6b7ea791f65dfa61450e8cde54ec0bedba4060980f27815a8e30a2f7b7,7.2044859813084114
confirmation,2830-3980-0064,test-clean,2830,OPUS_VOIP8,16000,46080,True,-23.660612654812844,-24.446234712649215,-0.7856220578363736,0.45601287484169006,0,0,1,8509499dd6c8fafb4df6cb74f223306b6e4302d8c0581dfee5670700582bfc48,99d4a4d2252a529feffb4d3ec2b92e5afb4dda2c1c66cd0c07cf29c722d6d116,7.116666666666667
confirmation,2830-3980-0072,test-clean,2830,OPUS_VOIP8,16000,77680,True,-24.547234136497277,-25.501389348422663,-0.9541552119253864,0.4915957450866699,0,0,1,977331ff57ddb88ad3ee412f28b3ef93f016128eb325a899e3f5fdb8966194ca,465595430e099f021b4ce621e5e43e78fb97bf56fad2ec136e5ac0c6f599e216,7.233779608650875
confirmation,2961-960-0000,test-clean,2961,OPUS_VOIP8,16000,434880,True,-27.606290382675024,-28.475144923529015,-0.8688545408539926,0.5165029168128967,0,0,1,6f08d7e5f3b8a0bc655ab4970876117ee6d7c14d4e08200a08cf28ef06b73b73,ae737f76e149efebdb8d2f6f4efec488d99cea6f4a5f909457a479bc1026d0b5,7.186460632818249
confirmation,2961-960-0002,test-clean,2961,OPUS_VOIP8,16000,245600,True,-26.85296010015027,-27.622808781118092,-0.7698486809678157,0.5519343018531799,0,0,1,14bdbb8b057dcb8df9650878d78f6f3233a169f43b3ca007038d4c165db33e1d,bbf6601a5cc7062b74b88ed5364787082de72336068b1db1626c5b3ab2410bf7,7.136938110749186
confirmation,2961-960-0003,test-clean,2961,OPUS_VOIP8,16000,277040,True,-25.856174507738473,-26.79673814893855,-0.9405636412000816,0.5845353007316589,0,0,1,d0815f1371ac5a6b740c5f1cc9b40de4667f70c4e6eaef2e15f813b60c9424d0,c410c0d306b68498df6b89b23d47f87d42c3af8801bf0511f65743ed62845fe3,7.228876696505919
confirmation,2961-960-0005,test-clean,2961,OPUS_VOIP8,16000,165680,True,-25.270375417778233,-25.78202689413032,-0.511651476352083,0.5165912508964539,0,0,1,b834d8119b0858568de23f26235a7570ad196f687d8dea88fe5e5bddf9e96602,66f63eb966d68bf550c7e963f9e523160468661aba0e198d1148cabd2722519d,7.2606470304200865
confirmation,2961-960-0006,test-clean,2961,OPUS_VOIP8,16000,251600,True,-28.175429885495124,-29.000618267738638,-0.8251883822435124,0.5445906519889832,0,0,1,2fe7a16a228deb7e981e1219ccfbf6c01e39ad173e3ef6ebf3e52b4f18947d01,c21b52fa96a8757ea604ba92da8ed5d2b2738de4e479bd8ed6b10fd854a979de,7.176343402225755
confirmation,2961-960-0007,test-clean,2961,OPUS_VOIP8,16000,122240,True,-28.486064161662465,-29.32146693546091,-0.8354027737984437,0.3903547525405884,0,0,1,b1d20fa5aeaeb4fecd5033d4aa4835c20c1c1d13113d487b4b37631508d3c04d,8c7cf185980590f53cb6275e7c3aec9743ec3e29e18c79d0dd107d253205e1f1,7.093193717277487
confirmation,2961-960-0009,test-clean,2961,OPUS_VOIP8,16000,189760,True,-26.76128053525499,-27.58926252520276,-0.8279819899477697,0.4219665825366974,0,0,1,e4c192d85238b7735247a07fa8cf73c9c9655801d367c9737678d75aedcba250,643bf479e45b1f6445bced0727ba1bcf018b5ff33a76f78154806d393233e63d,7.185160202360877
confirmation,2961-960-0011,test-clean,2961,OPUS_VOIP8,16000,334000,True,-24.979647762606856,-25.70618301411455,-0.726535251507694,0.75874924659729,0,0,1,eec8dad776764725487e23d70425aee08940e22f537bd1048391c5872686c3e3,cb57dbc5791e84fb593f2cbee268399d531eababaf7405b2d70dc9d843a9576d,7.302514970059881
confirmation,2961-960-0013,test-clean,2961,OPUS_VOIP8,16000,169200,True,-25.35639156546881,-25.970124207712782,-0.6137326422439716,0.5415147542953491,0,0,1,02a7677c921c246e0883aaf63b91cc90bc5ac46b11de9c80fce13f7118352a0a,c84e2dbc260e3e6a725f9ccc73eee943e15aa14c9d0af98d57d67aa280e0560f,7.2994799054373525
confirmation,2961-960-0014,test-clean,2961,OPUS_VOIP8,16000,140400,True,-24.958708488438788,-25.450726790398782,-0.49201830195999635,0.6444793939590454,0,0,1,bd0b859f4ed956d9fe47acf3e7e6844a45a60d1d29039d0f57b4bd80c8d31639,115d393dcee82d79610dd555df0f267c05594336e7f3e49104493c8fdd900db6,7.220512820512821
confirmation,2961-960-0017,test-clean,2961,OPUS_VOIP8,16000,125920,True,-26.68144046312714,-27.515393056886236,-0.8339525937590969,0.5688216090202332,0,0,1,70ca6ed02d6adc1c1ce72c2b89327d11cdb01aba7757cc7fc58257704de888e5,8ea1346d490bdf14eec58cb57b37bc6781059149c053f730564b4466bbe2c7ae,7.25997458703939
confirmation,2961-960-0022,test-clean,2961,OPUS_VOIP8,16000,118800,True,-27.023930658443888,-28.067747613568237,-1.0438169551243444,0.40809503197669983,0,0,1,c602eeb06c907e85e9046f76dee8c73fba05cbbd9fd17677b2bfdae41c1a6e8e,756c0a095b81491ce035a8c43f9eb440e923deede89600c390ead3542ba8439f,7.209158249158249
confirmation,2961-961-0000,test-clean,2961,OPUS_VOIP8,16000,74640,True,-28.71762609067463,-29.2965298001997,-0.5789037095250709,0.41348740458488464,0,0,1,3c7920f160da6da622bf6fd11433764c9e8770d80e997589d334b0bc7da3cd96,5bfb93a448831d63a60f3782cd4c6d041188484f024abb4d38e08fc9e07b1634,6.941907824222937
confirmation,2961-961-0001,test-clean,2961,OPUS_VOIP8,16000,146960,True,-28.76778717803401,-29.63178131485309,-0.8639941368190783,0.41683852672576904,0,0,1,358dfda5a455f40d7bba380ec0043088ee446cf56cdbad603c33f67da05656cb,d73cf294932e0554fb3e240595e9ce7389ade3d6a1057d918994bf69a7aada03,7.187370713119216
confirmation,2961-961-0002,test-clean,2961,OPUS_VOIP8,16000,319840,True,-27.503483531856045,-28.027802883917214,-0.5243193520611727,0.7303724884986877,0,0,1,79692a17905c501e11c295f3880cb7f987e1629723de7f0c92b727bd55d66498,34e736318ecbcd197f9d575f666c557b4e8de3ba99fb08978981dcd86410cc96,7.253626813406704
confirmation,2961-961-0003,test-clean,2961,OPUS_VOIP8,16000,75680,True,-32.42751505983537,-33.007861025951094,-0.5803459661157249,0.23809270560741425,0,0,1,b4762f8966ac521a11abcfe45d3cbc25da05a13c281b8d5f40bd27547bce528c,ecc636e78e2e7eb4775408cfbf05a74ba3f1c59f2ade8017dbfbe32c25148cb9,6.42198731501057
confirmation,2961-961-0004,test-clean,2961,OPUS_VOIP8,16000,183680,True,-29.582806458340784,-30.2770519007247,-0.6942454423839134,0.2743019461631775,0,0,1,9b59a54ff9e2baa8da48e63ecf21fd6705113a749f4f5defde5d5589f9cd3a0c,f113d6491b21f81878fabb2225bb289ddd00a4fe65d7d6ff12edae9024208b48,7.1658536585365855
confirmation,2961-961-0005,test-clean,2961,OPUS_VOIP8,16000,60400,True,-29.53816743148703,-30.25560187635555,-0.7174344448685168,0.26760944724082947,0,0,1,d1f34d68e001254f62236890f9bbd5b1626591727ff4a97e3ef3db56b6b1c7e5,8cc505e1328231eda97a2acc0c947896a8da0bd75f75b4de98f96cd1bb953ab3,7.152317880794702
confirmation,2961-961-0006,test-clean,2961,OPUS_VOIP8,16000,73600,True,-29.553115676225463,-29.908037879205345,-0.35492220297988625,0.6619192361831665,0,0,1,a6f2abf41d843b7f1a20b8fdde0b6dc3240aabd0a4a84061c6231aaebd98dbdb,ad7e7329b93414dcd06d88b5e9f13927292164692d754fcb8ea60217f6257b30,7.074782608695653
confirmation,2961-961-0007,test-clean,2961,OPUS_VOIP8,16000,136080,True,-29.349562873092907,-30.089422134243186,-0.7398592611502819,0.37468284368515015,0,0,1,99b44d853bee7b14a4760e4eeae38efe0a18d680e53597fdb771a93ba315f50e,8e07ffc4819c6e89e1d9b0f8b15769e35b5a55d7809533c520b41f5e6eb24131,7.0781893004115215
confirmation,2961-961-0008,test-clean,2961,OPUS_VOIP8,16000,114480,True,-29.870927190615333,-30.57340561103407,-0.702478420418732,0.26627933979034424,0,0,1,ee5b348335bb4f9443332c193415633c192b1f91451360ca66a226a9ced10565,8e4d04f4505f81c68794752a846e495718785c7ac87db1920e2e2d4cbe86f03b,7.190496156533892
confirmation,2961-961-0011,test-clean,2961,OPUS_VOIP8,16000,125040,True,-27.948512195945238,-28.896384036089316,-0.9478718401440767,0.46644654870033264,0,0,1,5ce840c88d42fcf4c17e98aad7353d4dbb661031a0df9aa10c6af8f9e61e1387,dcd459e0b710fad5ec1f01324647d5ac8914a53588a294a80d3f63437a8be031,7.141138835572617
confirmation,2961-961-0012,test-clean,2961,OPUS_VOIP8,16000,208240,True,-29.66346890848172,-30.546947029811378,-0.883478121329663,0.5041221380233765,0,0,1,4423c877cec3e6e036825497806d6828b94f0bfc3b76b5592214e0ce69a7462a,96d16f165c428d54702266df668bf378f1852448efc6e156c02151fc21ba7cfd,7.114867460622358
confirmation,2961-961-0013,test-clean,2961,OPUS_VOIP8,16000,81920,True,-29.34123527531428,-30.270123149881304,-0.9288878745670228,0.37372133135795593,0,0,1,65ba1d11b79ed6519ad5b8812c05964cc39a0b28877e6425fecd9478954484d5,4a2df03e683b3d461c0b6eb5592a69d9f500eae3056370f9209d0bc7b55223d4,7.04375
confirmation,2961-961-0016,test-clean,2961,OPUS_VOIP8,16000,125040,True,-29.981729029006452,-30.90633332774796,-0.9246042987415015,0.5130840539932251,0,0,1,8f37e079becd0eb3dc218121a87034b9b89fc64f047e9c6951c5a6d7ed74834d,53f1435ca95ae3d2c08a65cafff011b4ffcffa293f5dea919355bdabdbeaf691,7.200511836212411
confirmation,2961-961-0017,test-clean,2961,OPUS_VOIP8,16000,155680,True,-28.329262838912967,-28.98861941890404,-0.6593565799910756,0.40406161546707153,0,0,1,09e8ab9b275c7bad109712789a89b176d046c22ac6f922ceebbd86fe947f3065,ed902fc2856ce5f0cb5ecda1c489c5ae6c856d1e070b6dec3266628ae1db6dd3,7.066803699897225
confirmation,2961-961-0018,test-clean,2961,OPUS_VOIP8,16000,84640,True,-30.194163953683613,-30.91428313392509,-0.7201191802414766,0.2844482362270355,0,0,1,008978475723c79f828dcbcbb0a37afb56f5715d002f026f1ddcf884334ccf10,dfc183bd571019291f88c0a96f482f5f35f48cef335040a8eafe1df00824fecb,7.13194706994329
confirmation,2961-961-0019,test-clean,2961,OPUS_VOIP8,16000,196080,True,-26.7282815899923,-27.464651752164425,-0.7363701621721285,0.5600695013999939,0,0,1,90eadaef49b53c282d2352ddf0372a9b84adbc4c4c4c2fde721849e72122ecb3,929f11bd481989a1607a7e13655b3ac247bdb4e4b8a1ccc1448ed558b7615799,7.362872297021623
confirmation,2961-961-0020,test-clean,2961,OPUS_VOIP8,16000,98000,True,-27.800352825963067,-28.86082014412947,-1.0604673181664035,0.3739316761493683,0,0,1,b296323a8eb27c2eee6f134b62434fdf64a4fc1f7d21b83b12a90123b9ed3d06,5d8b09f2f42be1ab940c34321b2b1054ea19e9a50295912b4df5d5cfcf7a1e08,7.190204081632653
confirmation,2961-961-0022,test-clean,2961,OPUS_VOIP8,16000,415760,True,-28.329931220599065,-29.08598290706605,-0.7560516864669866,0.465374231338501,0,0,1,612e232367aa8404d66fa115dc82b6ab4825f1d2e052cdc57701260319cfe0ab,3e3be4a25f793d09a3189917c088d6c407469b79b97dbb670d2abaf174e3b37c,7.250336732730421
confirmation,3570-5694-0000,test-clean,3570,OPUS_VOIP8,16000,193360,True,-22.59085754845835,-23.033058051230398,-0.44220050277204903,0.5375524163246155,0,0,1,a6d33268eb96fba6fc1a3df1047b078f8a860d7920b949f58603b7cb6d4db1b8,23185cfaea363d48856f2c94902a1d6582321596e76cb3a2d60e026c327d766b,7.497558957385188
confirmation,3570-5694-0002,test-clean,3570,OPUS_VOIP8,16000,169840,True,-25.047481991676186,-25.48695073393654,-0.4394687422603544,0.4539503753185272,0,0,0,90df330dc52c9b0aabc79f7c79ebea06a47062a8510a8ba713ab78c2ae78ab4a,2a81cca09b381c89f2c766162504801f594fdc0d6b2aa959eb6a655c87f7ac02,7.418181818181818
confirmation,3570-5694-0004,test-clean,3570,OPUS_VOIP8,16000,85280,True,-23.986191830522884,-24.47904420069948,-0.49285237017659156,0.5511597990989685,0,0,1,9f4326130fe16afb04cccd10e1e4c7d0e15b8180f23743339ce9fe642bb7ff7b,1d426db3ce76af8408a94d2c2da5469f5681ce0f13dd1a50355d392243af53b1,7.2405253283302065
confirmation,3570-5694-0005,test-clean,3570,OPUS_VOIP8,16000,134480,True,-25.54754806654604,-26.003851094917326,-0.45630302837128706,0.4718646705150604,0,0,1,6d6d598e3368eeefa0e3f498831852f1602215c5ebd1b9c76e3dad48b9f63810,26aaf24f6a48b208ec273bb07d40bdc9f596a15c2176abba4aa48ab4044a7d9a,7.147174301011304
confirmation,3570-5694-0006,test-clean,3570,OPUS_VOIP8,16000,232080,True,-24.734786118485964,-25.24792722669456,-0.5131411082085942,0.47150561213493347,0,0,1,b6b54ca742c7e5b204cec5fac0ec2b585227ed033bc673cd0e020bb0d149e1a9,7dd7eef6c827e976ea1aa89cf3fbdb6813b8ab1ddb80d5d6d565e1d869beab12,7.260944501895898
confirmation,3570-5694-0007,test-clean,3570,OPUS_VOIP8,16000,168720,True,-23.794737845570204,-24.317108532178736,-0.5223706866085343,0.5319499969482422,0,0,1,f070f6ca59b60274ecaddfeef6f248512016034877aa130ab6c6420624814bc0,bcb74b64852775ac8993a2a63f89959e489f5398e90e3db0b33cea22813385c3,7.4112849691797065
confirmation,3570-5694-0011,test-clean,3570,OPUS_VOIP8,16000,176480,True,-23.75393664882835,-24.08439442318563,-0.3304577743572802,0.48371219635009766,0,0,0,0d2a14622d803c0de011c62098a5df88d535075833c144ab3ddeab306d5e2acf,6eb8b38a597517d9370dbd651fbc9e427b6ce081b913dc44135e57946050bd26,7.5532184950136
confirmation,3570-5694-0012,test-clean,3570,OPUS_VOIP8,16000,51280,True,-22.77749689420269,-23.062083279828393,-0.28458638562570227,0.524380087852478,0,0,1,94027bed4f6be8275cdea988e2d15b505c47fd557223fcb0380b3843f5f98d3d,957f1d43de483eed42a511a12a68816a9b42d2bb2793270d36ac9ea6c0432bc8,7.368486739469579
confirmation,3570-5694-0013,test-clean,3570,OPUS_VOIP8,16000,89760,True,-24.168804930706784,-24.464606641351914,-0.2958017106451265,0.4211941957473755,0,0,1,864b43cebe8d3f52fcd4fa0b946b05461e87d353700c0491e4fdfe9330d5fc36,baaebb69f817a8bbb08e50a8947342b3a06e217f09ce2a19c2b7f5812948ce16,7.560784313725489
confirmation,3570-5694-0014,test-clean,3570,OPUS_VOIP8,16000,180080,True,-22.67833203556494,-22.957686086188236,-0.2793540506232963,0.5899450778961182,0,0,1,016adba8eee3e3036f0db217e1aa2558a11849d4e210baeb1edde15df553f83b,8bcb8600122dce5128bc069a087ce5557dd69fced012a9d64ebac67ee82731b1,7.572101288316303
confirmation,3570-5694-0016,test-clean,3570,OPUS_VOIP8,16000,226400,True,-23.588874629481108,-23.915507278057042,-0.32663264857593305,0.4535350203514099,0,0,1,fdd96e8fc8a4e84ff5f1cec5494d61873eae4e9d4c9f4dbfc891fbc20f5bb331,4df67a549a36b8eff4117f7c336df81efe98d52c6c1d65fbf612397fa528945e,7.494558303886925
confirmation,3570-5694-0017,test-clean,3570,OPUS_VOIP8,16000,133360,True,-21.99072343821795,-22.334871847385376,-0.3441484091674264,0.503665566444397,0,0,0,6c806d10041f2de9721538002e1920b239f7610ef9572dc45a053a39f568fbc7,7b15447e58f951a03069f6fccf040852c199e07098029a6a873589a3eca0771f,7.488422315536892
confirmation,3570-5694-0020,test-clean,3570,OPUS_VOIP8,16000,224560,True,-22.688119301968435,-23.03268183497054,-0.34456253300210576,0.5987789630889893,0,0,1,89d6c73f78856c42dd5528eb76194e389e8f86c8ab1d959cab95e336a1005023,ea7c5911fd0bc168bd80ad2cec324852e42230b6a57815388b5c27e972f123fd,7.443106519415746
confirmation,3570-5694-0021,test-clean,3570,OPUS_VOIP8,16000,168880,True,-22.26663738028551,-22.64867582021838,-0.3820384399328699,0.5823031663894653,0,0,0,2939559071b800b5b3a698e34e84ae4b18b55df2c378900b54005865274698bc,17f9e710799493eeb67a3c4c113451f230a8f1ebba8ec422bd307a829558def3,7.609663666508763
confirmation,3570-5695-0001,test-clean,3570,OPUS_VOIP8,16000,235440,True,-22.223249261232603,-22.645492282187366,-0.4222430209547591,0.8607043623924255,0,0,1,00826fa64da62c9988ac1a73f3af8f8f745431d060b0805c5d36a240de913c64,ee15ed5009ad63098fa67d195f2d2ddd44aa8eb0b827f4980371a6a2a21904eb,7.422086306489976
confirmation,3570-5695-0005,test-clean,3570,OPUS_VOIP8,16000,320480,True,-22.67169802212947,-23.109730220262716,-0.43803219813324695,0.7134277820587158,0,0,1,8f050d6bc5780b5a7dc0263be5bbd2d244d516620a94fb69dfdf6e596a361bfe,d8b46d6ce8c18aa20ee0a9a1641fdd1e834ca77011f6f800236ccacd7485f8af,7.563055416874688
confirmation,3570-5695-0006,test-clean,3570,OPUS_VOIP8,16000,119520,True,-22.255095504772573,-22.72305722745468,-0.467961722682104,0.5758526921272278,0,0,1,9605682c253cfc0b8c015f989044196d934a505f08204342d85615c085c6e07f,0f82fbb0afbceebf5f42384e1cea85c10d54a43b75b903eba4fc43a15d12d39a,7.394912985274431
confirmation,3570-5695-0008,test-clean,3570,OPUS_VOIP8,16000,109520,True,-25.803379940356365,-26.322096278947274,-0.5187163385909079,0.3373059034347534,0,0,0,4322a3f1d99b42883cc3e242587fdcb78c14660a955d3a6b3712bc32c85add01,4cfa7572539f8df238d73351d350bd947c13271818ca3200019cb3842e5c366c,7.247333820306793
confirmation,3570-5695-0010,test-clean,3570,OPUS_VOIP8,16000,74640,True,-21.686729253775216,-22.134994179016413,-0.4482649252411972,0.48244449496269226,0,0,0,ee65495baaf80df60b0f999791f03b02b56d3652d49cb0b7271bf0e065eb3f25,4fa07213c5c0dd7b043281d9451696db303bc6ad25b4d643e93e6d00d000605c,7.416934619506967
confirmation,3570-5695-0011,test-clean,3570,OPUS_VOIP8,16000,132160,True,-22.334945316182505,-22.728997224277286,-0.3940519080947822,0.6442098021507263,0,0,0,e90672dee3cbcb1b4f080ab1d97bd0f8b9e560108480fa8970646e5f26963a0a,5186ffc2f14f6224485c3a22d49d5cc2259df100365fcdfc3a7598b60ff1db2c,7.45859564164649
confirmation,3570-5695-0012,test-clean,3570,OPUS_VOIP8,16000,236160,True,-22.661260219989742,-23.069080087255696,-0.4078198672659538,0.41770413517951965,0,0,-2,1b7445ed6882ddfe7ea95bfc3be43a98ab6ac4056346796ca30ec7d0a9844655,c30cf6751700a96c13f6c6ff81378bf90ef807a9e126edacdb84c0dd496fd9c1,7.538753387533876
confirmation,3570-5695-0013,test-clean,3570,OPUS_VOIP8,16000,74240,True,-21.738014944180136,-22.180452435632944,-0.44243749145280975,0.43868130445480347,0,0,0,74bdbe4b61b9c12353109ff8fa45a31c344c65649386ac0db12fc5c09006d680,61d1df9437e25aec660ee66f631de7299095d3af09dd79c07458651ec8e39f3d,7.472413793103448
confirmation,3570-5695-0014,test-clean,3570,OPUS_VOIP8,16000,168640,True,-23.175582907680678,-23.626020816856744,-0.4504379091760657,0.3739820718765259,0,0,-1,001bd2270701c7a9c744e8e252193b741c176019b7bfbdd852c47f758a811170,10cf74180905d0b1935385ab36241c393e45a30f252f1015861185845a3e87e7,7.453510436432638
confirmation,3570-5696-0001,test-clean,3570,OPUS_VOIP8,16000,267760,True,-22.16166151108242,-22.537142779698407,-0.37548126861598247,0.6360293030738831,0,0,0,33b2a334d2c6de77975b033a6f70a439b8ff716a245692c520eb70fdd04f1010,779050661e7a0bcb0f5df8a79151a3b4a10f1ed9e979961327deef247af28073,7.634299372572453
confirmation,3570-5696-0002,test-clean,3570,OPUS_VOIP8,16000,120160,True,-22.38864162096518,-22.771850292360337,-0.3832086713951619,0.5580897927284241,0,0,0,a0c73c2f0eed2af55e10d81cef2fdd0545297a7edaf54b2c3491f1c8b25380fc,5a8ca8718ceb45a29ba376962851ad411419b5a80ed4b7bcd7730ab96d7fc431,7.536617842876165
confirmation,3570-5696-0003,test-clean,3570,OPUS_VOIP8,16000,401840,True,-21.873270733394826,-22.266772634620892,-0.3935019012260627,0.669014036655426,0,0,1,e7a95cab669a0cab2f98e318e183559cb00be3566519fd426203577194f8dfae,076fa60de6475ea225c55801a268e371c53adc82b6003feae33e8ddc82086b24,7.678279912402947
confirmation,3570-5696-0005,test-clean,3570,OPUS_VOIP8,16000,208400,True,-22.655193262018255,-23.042932582412043,-0.3877393203937887,0.52677983045578,0,0,1,41a9a6be38fd4c14f302ca201ef7690bfdb1c4e1d75173b022c871009d560365,d59262964125e6927cc167ccd06f544e74db163689425255892b4431ef390fd2,7.591554702495201
confirmation,3570-5696-0006,test-clean,3570,OPUS_VOIP8,16000,66560,True,-23.21740239276151,-23.777720471442883,-0.5603180786813728,0.40064337849617004,0,0,1,d677e146ff5b97a973c6268f48b7e0a4b4fdda3c45fed8772ddfa0b52b70b7fa,3cc70091f82bfc17e7ce2dcc51ba6329d81af1522e0ac1d8b811b1af3c4b4263,7.588461538461538
confirmation,3570-5696-0007,test-clean,3570,OPUS_VOIP8,16000,152000,True,-22.25960749592332,-22.69722797834977,-0.43762048242645035,0.5638648271560669,0,0,0,3cbd0e017f91ea6360b657ffabc12b0d4efebd2d14370f8e58f0cbfc8a05c31d,878f986476e110d6bebbe76848294dce73c4dd6b91a126de3a3c7d298f6a4929,7.534315789473684
confirmation,3570-5696-0009,test-clean,3570,OPUS_VOIP8,16000,141760,True,-23.895608147200797,-24.295955407163696,-0.4003472599628987,0.5282732248306274,0,0,0,d9065977900e987575e32b775dd641c960232f984d99249c0569e3278c5cbc67,0d46b7f8bdbf41ca3a6d526a27602097213f919ec5877d66bd21907f3e740472,7.565688487584651
confirmation,3575-170457-0004,test-clean,3575,OPUS_VOIP8,16000,49680,True,-24.120952940123246,-24.75316460016407,-0.6322116600408223,0.42184802889823914,0,0,1,349bbb388fba407bf9f4619f0c76369e135b91193735e8f98259c25210ffa043,bb0e49d8666aea809a9d986d98e8ad338f641068bfea7ec9942c7835436ede95,6.990016103059581
confirmation,3575-170457-0006,test-clean,3575,OPUS_VOIP8,16000,132800,True,-25.55661439935988,-26.12709576880934,-0.5704813694494606,0.47112029790878296,0,0,1,1836125cc5e0ac6973b8d77b701df1a1dfc7eb6d09aa8d47ff287f024b79fba8,c048b3bb9594db9aa3aeae03ea423b4889c03414dac07417de8d45e6f43e36e3,7.573012048192771
confirmation,3575-170457-0007,test-clean,3575,OPUS_VOIP8,16000,124400,True,-24.96460873852918,-25.344054753821304,-0.3794460152921232,0.5269147157669067,0,0,1,81b39b4bab9d07244f3d4d0990bac9aa80aa29333c6397ad9b7c1e89a26dc052,00d09df9fdeaede3b6e074b61608d638235dc26201ecaddb365aeda68bc9e692,7.209774919614148
confirmation,3575-170457-0008,test-clean,3575,OPUS_VOIP8,16000,216880,True,-24.696000522649637,-25.09816980204723,-0.40216927939758995,0.4647611379623413,0,0,1,d13c37edadbb10d329692858a01206dbe341df54a186985ebea86f97a23db4cd,3222ac864c258124039e0e269355c11361dfa0396a755e854ffbb1b6113a3f41,7.362006639616378
confirmation,3575-170457-0012,test-clean,3575,OPUS_VOIP8,16000,93601,True,-23.525971456345715,-23.92566393976225,-0.39969248341653413,0.4764051139354706,0,0,1,760025949a2b919d2601024ed58b972bebd48edce1dad7758f8d964d7c24056e,fd4c42737151486b1f7b0eb873d522e8e46cdec59f8894dc9be13c5847eb77ef,7.262828388585592
confirmation,3575-170457-0014,test-clean,3575,OPUS_VOIP8,16000,106880,True,-24.702243608703107,-25.208847082888532,-0.5066034741854262,0.44807952642440796,0,0,1,dc55a39d25615c88593e60cbd20010e6a6de8695d8867c8d3f2e8227f842e338,5280a11dfbfe884df488571344893cb311e7b8cd1b8d81a20c85119529b5eca0,7.552095808383234
confirmation,3575-170457-0015,test-clean,3575,OPUS_VOIP8,16000,230800,True,-24.752279805455192,-25.349994386063898,-0.5977145806087065,0.46499618887901306,0,0,1,2a55e6cc0e3dce916bda8ec6a9beee5f45a8bc7a231302f904b8695ea2e7dd62,7e169c9ab8402117d82c5fffeaafa63a02eb46559ae6a6e23b9ccf9af327f832,7.43320623916811
confirmation,3575-170457-0017,test-clean,3575,OPUS_VOIP8,16000,203680,True,-24.42758492505689,-24.94317861715171,-0.5155936920948158,0.5995398163795471,0,0,1,9017b7b84ffab35e9f92d4871740d003c01d71ab6ef12a89a2dacbc82b8ae192,b2034d3afc069005a659d90dbf5398e0c965e689bebe5f93adb2b182049075b3,7.31249018067557
confirmation,3575-170457-0018,test-clean,3575,OPUS_VOIP8,16000,46720,True,-24.774033459085814,-25.184767307788654,-0.410733848702838,0.6559950113296509,0,0,1,fea12d3e5051151b59d643d105d9b0868d393b40981b265473c17506ccc4583b,ce044abe80105ecaacb7ffbe7485e4ded16b669b2a4a3ea5a4a1eb2d46db025a,6.583561643835616
confirmation,3575-170457-0020,test-clean,3575,OPUS_VOIP8,16000,138320,True,-23.479969457937848,-24.197236821021054,-0.7172673630832036,0.5203171372413635,0,0,1,ef3bfeb5ef1a4b67493f2b8def2a564ee6052f25f667d0dec0d374b9c1a989f6,304abc4fe011c8af54b93935c669f7dcdbe2093bde11f58a51ce16249f38870b,7.543782533256218
confirmation,3575-170457-0021,test-clean,3575,OPUS_VOIP8,16000,66880,True,-24.208006514211174,-24.8284967485371,-0.6204902343259243,0.490153968334198,0,0,1,1e070a5b4662a056958b34a697940cc63f63fbaeb2cdd6bdb9ed85294bcbc9cb,1c3e572aecd7ea5eed8e6cad25a84aad10855b7755f1e9f3f0026ca032e60473,7.188516746411484
confirmation,3575-170457-0024,test-clean,3575,OPUS_VOIP8,16000,196080,True,-25.234744646777045,-25.90621765014925,-0.6714730033722066,0.5419691801071167,0,0,1,3f4d8cbe75e846a42675fac5d27b580e0ff7ccb67dc00637e58ed435dbcf0593,45ef7ec24a8ecce311a9b7ef0c551f383e4408b4f8928b8acf4a27d29d4e2e4b,7.450999592003264
confirmation,3575-170457-0028,test-clean,3575,OPUS_VOIP8,16000,88480,True,-28.070771509688846,-28.724339792068623,-0.6535682823797766,0.36120617389678955,0,0,1,aaa74463eb0a7d8cc727f950f80d675be693dd77b0a0363ec61ca163a0226b35,0093515afffa9218a23e98e155183c4fb18451982fcf7ae36846fb64330a8a40,6.848462929475588
confirmation,3575-170457-0030,test-clean,3575,OPUS_VOIP8,16000,143121,True,-23.65532154734047,-24.16468526972575,-0.5093637223852802,0.7258312702178955,0,0,1,56cf8f98cf767ca1a60fc8384c91ab710fb7bce54fb81155fa0439a49ae8891c,efdf18f9ab033b162672b27bcf7282d14bbb795c28851f4678533a17a78a8af0,7.443659560791217
confirmation,3575-170457-0033,test-clean,3575,OPUS_VOIP8,16000,136000,True,-20.690234358408084,-21.138816161861406,-0.44858180345332005,0.7017562985420227,0,0,1,a0002bfa7fb220f6a94d466d59f3193781e909dbfb25ad2b3eea78c285d0bb1f,955a53cfc029b8c6c5325a624133334f02aae64509835e0e9e76bf9d73098ed5,7.493647058823529
confirmation,3575-170457-0034,test-clean,3575,OPUS_VOIP8,16000,55920,True,-19.712774707346266,-20.593929149655853,-0.8811544423095845,0.5853635668754578,0,0,1,b09034d92d34e8c2f4e9416d034726531d7a5440630959aa61347b070a3663ff,4906f3040bc518138202093266f145cff1df88732fd69deb2ed7750a12e6f92b,7.553648068669528
confirmation,3575-170457-0035,test-clean,3575,OPUS_VOIP8,16000,149920,True,-23.061606642834352,-23.692623398804148,-0.6310167559697979,0.5423122048377991,0,0,1,77a2108b2f693f25ff2ee3f8e8f6005efa5b8794990f82f1b3e78c9fc69dfb79,ee603e46eacf8022b051e46c2cb42371aa3d246c9c22fd919e9fe66c97a67c4e,7.3237993596584845
confirmation,3575-170457-0037,test-clean,3575,OPUS_VOIP8,16000,227200,True,-23.56697973759454,-24.12517855023864,-0.5581988126440989,0.5809615850448608,0,0,1,05ed3fd7ae044e026cd34c0183ca7fd63f4d2a4e6ad529a37efca11b5b7f2ff6,1d872e8c98e3b5d87cd78abc7a1178ab51625876d902b9f8860b51dcd282bbe5,7.2219718309859156
confirmation,3575-170457-0038,test-clean,3575,OPUS_VOIP8,16000,184560,True,-24.070001964604117,-24.577175367042482,-0.5071734024383723,0.46215569972991943,0,0,1,6189087419291b388ed6a7044b55ea9ad38b52afca6b72444b4f969a3d776c07,45c1f5ebed0979d530ee6ff5cf12f0eeda86d8ab3e35c557756c24504001ca35,7.13446033810143
confirmation,3575-170457-0039,test-clean,3575,OPUS_VOIP8,16000,203520,True,-23.4727605279738,-24.090962338240427,-0.618201810266627,0.5377452373504639,0,0,1,106a9a7f2541139cdf2ef5db640ba05bdc3a8e631936cb7fbc2d021d920a5c6d,7ac78956cb18fdcb8b32b1a43c3075fbc83dd71adf8a6c4267eba14ffc9b9bab,7.2937106918238985
confirmation,3575-170457-0040,test-clean,3575,OPUS_VOIP8,16000,110480,True,-22.704029584932975,-23.115393057621677,-0.4113634726887041,0.4632114768028259,0,0,1,d2c62a8a987e761dbdf593e33d27e4732ce2006cab0e11935c3f16fe6b56556e,4c158c247bb7dfa404b09fb024ca99b7e32fb7830008153ae5bfc4f545fc6823,7.499493120926864
confirmation,3575-170457-0041,test-clean,3575,OPUS_VOIP8,16000,224160,True,-21.83040488145807,-22.38840785484141,-0.5580029733833414,0.7313777208328247,0,0,1,81e6a30f4ed3ee0b4868df77a33a3e599a71ac9099b2b0b57e5ca5a9b3f4f835,c9b3c37386e3e226576c1880a14669a5bfa407aebcd497b5c51c9b0332afd518,7.512919343326195
confirmation,3575-170457-0042,test-clean,3575,OPUS_VOIP8,16000,195360,True,-24.387001660751597,-24.943372163155292,-0.5563705024036976,0.5561097264289856,0,0,1,3e09f83c63d8f02178385f956ba5001e54443e660337dea1d25c327cf6ccc74b,6fa94a2cc8522cb46f975b980a51d93f6e90db94b7faf704e0299b55198b6a74,7.2766584766584765
confirmation,3575-170457-0045,test-clean,3575,OPUS_VOIP8,16000,104320,True,-25.632610483120814,-26.111008993858626,-0.47839851073781253,0.4205877482891083,0,0,1,d90f53f88aec5927c96e26797e4e491d9babc9bd51547a133ec138aafec6010f,c951b3c2b220467c82920f72c4510c08877742f894e6a14112efacf6f7fdd5fc,7.138650306748467
confirmation,3575-170457-0049,test-clean,3575,OPUS_VOIP8,16000,43440,True,-25.89341939425619,-26.57073781701612,-0.677318422759931,0.2764904797077179,0,0,1,eddb94c37167ec7e7f1abbd73699ac882e60944afaf8fae2a8dec0c08abd8aa5,0db6e5bac205618609cfd838595ad5361c877bd652ba0014e032b2093380c583,7.25451197053407
confirmation,3575-170457-0050,test-clean,3575,OPUS_VOIP8,16000,102480,True,-23.37561704581598,-23.93172200288636,-0.5561049570703818,0.4308983385562897,0,0,1,12f7be4290ba0f9b9538059a3ff8d5cfc83408215353706d01fa6f74132e9d4f,061325398770862e573e3900896d2bd71a9861062e34a1a4587bf6968a64b5d8,7.609055425448868
confirmation,3575-170457-0051,test-clean,3575,OPUS_VOIP8,16000,78640,True,-23.55488571989328,-24.292218635688982,-0.7373329157956993,0.4201264977455139,0,0,1,b9ecf027173c91b4d1053728e902a83699b94a902efd0daee7b2a9bceb9d65a9,f8a28f0c8257a1cb9b48e032e0f2a8f26ac4d80048d4cbfa785eb5e6ec3d0a95,7.523092573753814
confirmation,3575-170457-0054,test-clean,3575,OPUS_VOIP8,16000,128080,True,-23.47235016030915,-23.875651783332493,-0.4033016230233413,0.753913164138794,0,0,1,2b3e548a154491449bcbbd4868629dbed49c50242087c8e5a66a95ff3289ed2f,1c780e4f1fab552a332fb26a11a94333d26f8720cb5b424e83854ad55abfefd8,7.371392879450343
confirmation,3575-170457-0055,test-clean,3575,OPUS_VOIP8,16000,189600,True,-22.198649753679135,-22.805918620604388,-0.6072688669252555,0.7480165958404541,0,0,1,e1044cef0dc2effb60ec5da7f5faea3d959727716e78fbb47fa1e29868176207,eaccf15ba75194750fd84944287e78ccc8db3d0c3f05b024536772d2bb2d2336,7.453839662447258
confirmation,3575-170457-0056,test-clean,3575,OPUS_VOIP8,16000,53921,True,-23.418105406338032,-23.913415333693777,-0.4953099273557459,0.5115066766738892,0,0,1,e5571440037a973826fe95e4218591790949b381b6178a6ae31a1b0e58ee653c,d3e8988193a5766b3192e7890de3fcc4e6b2b41bc7c4ed86096c9c827daf986a,7.4230077335360996
confirmation,3729-6852-0000,test-clean,3729,OPUS_VOIP8,16000,178720,True,-26.96578233204508,-27.521087833522046,-0.5553055014769684,0.3818435072898865,0,0,1,ba2bca8a21b4e2f23722333fb5598ef318dbbc07b356c24ecf74893cd6437be4,1404f01d9ca003a1f6ba640df597accd0a6ef81f6548c7e96ec1b2e994d86cde,7.3833482542524616
confirmation,3729-6852-0002,test-clean,3729,OPUS_VOIP8,16000,140480,True,-26.43141691413911,-26.851619124093936,-0.4202022099548281,0.5203632116317749,0,0,1,12d8b254f62fdf05aeea45278156acec7cf5af3c544ad5c8178737d58b7b221e,81783c376b59a197adacd46fd553dc71c0e0cb4638425f48cf43f5e9d19b59f9,7.33120728929385
confirmation,3729-6852-0003,test-clean,3729,OPUS_VOIP8,16000,343680,True,-26.33223781310559,-26.825131742779455,-0.4928939296738657,0.48146384954452515,0,0,1,ca33d95b394889651b19dc1b8985d06906d74facd0d81fd4734ac14635ad52c3,30cf4ad0b3e1206d7f30ab4da119e36ce2c90a609ede8a50595c3dd61d19e5da,7.567597765363128
confirmation,3729-6852-0005,test-clean,3729,OPUS_VOIP8,16000,296640,True,-31.642459260882227,-32.37608691343078,-0.7336276525485559,0.35650983452796936,0,0,1,b0ca3b5209c2ba631b8110de68033f513f3ae10f3bcab0ec9a32bfc0e585915e,86f30fa7a42d8beefe21c9cf569c47e8671e91cd52e54b0351eba2ec0e23accb,7.341963322545848
confirmation,3729-6852-0006,test-clean,3729,OPUS_VOIP8,16000,379840,True,-29.282118246579707,-29.94509220893263,-0.6629739623529239,0.3151286244392395,0,0,1,fda13026dd6a45928baaacd7bd6e93026e1309cd82e41c8e61e5df404230bfa3,c6dc3bffb332aa478f2e95bebfe8660677e91b3cf947572a8017bd896f12b232,7.524515585509689
confirmation,3729-6852-0007,test-clean,3729,OPUS_VOIP8,16000,199840,True,-28.592297306892682,-29.19244730508408,-0.6001499981913968,0.4806797504425049,0,0,1,f28656ec2855ecad1853b0c01cb5f79472aa1e3bd2e7851d0d561484dc9b36ac,8909e37763791fa77c91a7225bbb0c0f4db06aceda06d46077be01b07fa1044e,7.239711769415532
confirmation,3729-6852-0010,test-clean,3729,OPUS_VOIP8,16000,44080,True,-37.43102142221402,-38.86468131029348,-1.4336598880794553,0.1234859749674797,0,0,1,22da8f5f2d2a726fa54d4acdb7a9ed9e2da4274accb0ee06f8dea807a5e1d949,752e30cef940b4d6917dce731ae9cf1c568209794b92c726d1e9583474480960,6.838475499092559
confirmation,3729-6852-0011,test-clean,3729,OPUS_VOIP8,16000,117920,True,-28.00976298941241,-29.23642788213116,-1.2266648927187538,0.3976258337497711,0,0,1,ca061042162a4e515b16442269ea2acb8337f57bf12d44d09c43321a754fae97,fcf334843468e1c1ff2010009b209f16fda305e6e6da4330679307305cd92fd2,7.333514246947083
confirmation,3729-6852-0012,test-clean,3729,OPUS_VOIP8,16000,45760,True,-25.528706648350706,-26.113643102088396,-0.5849364537376882,0.317142128944397,0,0,1,b0b3c2e8a88b3c46489466d7bf9633ca5e6807995d55aec1758150ec65465e3a,8062b6c0e5dbb91f909dc44e6d6987132221743d04190e6d00abe9512f9196cb,6.8783216783216785
confirmation,3729-6852-0013,test-clean,3729,OPUS_VOIP8,16000,52800,True,-36.49272364288357,-37.53311994961508,-1.0403963067315083,0.15999437868595123,0,0,1,06d6c00d332735b7ea4e71fd0a0f0f8b8cd1c544a43970cb2cd63cb8336d75af,520a6b1a6a8819cbfb345ae74ecf2e00b41b841d14827ac0888f536a9f4f41ec,6.80969696969697
confirmation,3729-6852-0014,test-clean,3729,OPUS_VOIP8,16000,91360,True,-25.869238976835014,-26.38343671628202,-0.514197739447006,0.5249748826026917,0,0,1,194ce5260e90f0e37fba36618298a8326fa0c789a20752159f6e74cfd025122d,834c6840aae7f5148ab3c1421bbc5b47bc13f7fc053a8367227f9b056261df4c,6.929597197898423
confirmation,3729-6852-0016,test-clean,3729,OPUS_VOIP8,16000,67120,True,-30.542150882427542,-31.594138916005523,-1.051988033577982,0.2954276204109192,0,0,1,ed6bb7e275570200bbaede5e3317e8195a313d7616575f69b45f63de0284baf7,32219115bb1b10bb12301b9e643d11a3db72bdcd23068d3de86885a8e84eb05a,7.269606674612634
confirmation,3729-6852-0017,test-clean,3729,OPUS_VOIP8,16000,287840,True,-28.259280515739242,-28.868318486334495,-0.6090379705952546,0.36144644021987915,0,0,1,650235d9ff5c88a0c0d636357bac26239cb3f9a8018e3d6ed5a018e5571044fc,6ec8e1691069849c93b84c5f53e41d7dbff0aa4f065ca5f67d9a9731cc72730a,7.389883268482491
confirmation,3729-6852-0020,test-clean,3729,OPUS_VOIP8,16000,211440,True,-25.597200739708143,-26.06034940517976,-0.46314866547161815,0.5431569218635559,0,0,1,47e591eee76819fe6dffa4344d9de14f80c65ff796e1ab40d452e2673e4f204a,9ee3ad7d2622018867a0e4f221fcf0da3aca44866af59bd8e1e5a18757ceeff4,7.679152478244419
confirmation,3729-6852-0021,test-clean,3729,OPUS_VOIP8,16000,47360,True,-36.38359539127339,-37.43673206594083,-1.0531366746674433,0.11946525424718857,0,0,1,274a49468b5421d2b1ab01ffdfd2640ddbd9832f3f09817942f360442593b15b,d48655263f45d9c3937be25b0bf75a1fe2530c1e8cd5230198d6a4fd075b5407,6.77027027027027
confirmation,3729-6852-0022,test-clean,3729,OPUS_VOIP8,16000,133040,True,-28.65263411625879,-29.229154783377016,-0.5765206671182252,0.2913602888584137,0,0,1,aef6cdf1a14605319fafe3b52d9de2669c5619f15336804c9ad2f0fd9d77f129,7af414402dcd4dce6dad49f844794124cff7735cd95b68e6cafb104c64feb38f,7.415995189416717
confirmation,3729-6852-0025,test-clean,3729,OPUS_VOIP8,16000,48000,True,-31.037028971231813,-31.674096115678246,-0.6370671444464326,0.2951168417930603,0,0,1,c9c36d00cb29121b40c9884a4009aae7604a1f0c7bad409af10f47cd77686f7e,8404d67507104ed684f0db653fa08edbc151c2ba725496437d3146a2069c09c8,7.021333333333333
confirmation,3729-6852-0028,test-clean,3729,OPUS_VOIP8,16000,84240,True,-28.969107624470922,-29.550008737647893,-0.5809011131769729,0.38883480429649353,0,0,1,0abd98bb209b65f762d44a91cf89c8491d73ef48c81e3eb4fca433e7c2a2fcde,f3c665cfa9581bee90f14d9d527979c4f48f6dd08966490ae15eb6d771e1baa8,7.200759734093068
confirmation,3729-6852-0029,test-clean,3729,OPUS_VOIP8,16000,137680,True,-27.66460824164685,-28.29664941049692,-0.6320411688500687,0.43380436301231384,0,0,1,caa6aef8b7aaefbc137972a4a7e3d80bcf5441598e0c6d0f0df5ea04591ab383,4a77642b7c0e153dfea7fe1d7f407cf5648a08c8994b93219657a94255160422,7.160488088320744
confirmation,3729-6852-0030,test-clean,3729,OPUS_VOIP8,16000,45440,True,-33.27941181456049,-34.2546853581598,-0.9752735435993121,0.12137146294116974,0,0,1,e98b412a24a230d63e229aeb1efedfd0bec70e2336009ef183fc44966dfab18b,88d2770134de401b41928b3b37c6acf4cc8cf47dc80bdd3aa737e1444c681ef1,6.794366197183098
confirmation,3729-6852-0031,test-clean,3729,OPUS_VOIP8,16000,70400,True,-31.44604565078541,-32.5413995986824,-1.0953539478969923,0.3020663857460022,0,0,2,2faa02cc30acdbe8874c184e7586ea9bf70a70fe92a6f6537fc90a8da9557c43,cbc1e3ed61ae63d1d70006d1f08b72a926cf1282f6872587aae79af908cd5752,6.959999999999999
confirmation,3729-6852-0036,test-clean,3729,OPUS_VOIP8,16000,83840,True,-24.39808117001074,-24.970339914813703,-0.5722587448029668,0.43869978189468384,0,0,1,1821df86177265025c66648734b839a0d406e1515797a25770c46a1df395d90e,1a6cac3ea9dcf0ab34e3e4bd64f4d1c9adbfdc02ec7d3cec86370bd3273da1d2,7.593893129770993
confirmation,3729-6852-0037,test-clean,3729,OPUS_VOIP8,16000,94240,True,-27.392491741420116,-27.962203568888555,-0.5697118274684372,0.36613842844963074,0,0,1,7bbb947aa973ce33e143907241616e2994bca4eae7be4217044f3e87f247d763,482c8473af311e10a225eeb4a7b4b349194baeb9b9979ca369b3ab1645c53f66,7.452631578947369
confirmation,3729-6852-0038,test-clean,3729,OPUS_VOIP8,16000,92320,True,-27.134199194837898,-27.77340768941443,-0.6392084945765326,0.3508144021034241,0,0,1,4beeccfd0d2b4a54badddc4a9dae818d289c874d312eee2dbe787dc0b9103d03,5b97a3e6dd4da4135d029d5cdb94580d0fe734a503c00ed93c96191fc539070b,7.323396880415945
confirmation,3729-6852-0039,test-clean,3729,OPUS_VOIP8,16000,141200,True,-28.760667120438566,-29.47146685311886,-0.7107997326802963,0.31464383006095886,0,0,1,7e544ba83e6f0c4e08d2c8c554d6e722d2cff0dffa82846c7d789e4bfda47c72,ed06ee91a16e9d1172668d508edc2c48e94c816c005cadf4d9b011774daf485d,7.592067988668556
confirmation,3729-6852-0040,test-clean,3729,OPUS_VOIP8,16000,170560,True,-28.03107381262725,-28.705447269795002,-0.6743734571677535,0.37094447016716003,0,0,1,b8a769bcdffa58ebd4cbcd9e459d0f98e760c596206c93fdafe7604b7f690946,ef2aed4a21f9f2b09eae5e3cfb221b11484ada827cca3e680383652e39c7d5ec,7.202251407129455
confirmation,3729-6852-0043,test-clean,3729,OPUS_VOIP8,16000,67280,True,-31.221786735706594,-31.91621878196957,-0.694432046262971,0.22487932443618774,0,0,1,ca97df0b24ee2d1b81df8b89073304c07d028c755567c330f13b2afcdcd4654d,8e16fc13d4e9bbd8ee71a22a2cde2b97ecbd1e2ec992dc8d412f4449af91704e,6.953626634958383
confirmation,3729-6852-0044,test-clean,3729,OPUS_VOIP8,16000,111680,True,-29.660485453521503,-30.342449790457312,-0.6819643369358108,0.37155088782310486,0,0,1,640e306afefb41cb7795dca7f3e54913efb45ce7a9cd7b66ae6d20e194133fc3,7bda89d43072e21ee86e4640d1ee9610e5780d49c12bfae7708bd71548a4ddea,7.378796561604584
confirmation,3729-6852-0045,test-clean,3729,OPUS_VOIP8,16000,326000,True,-27.937680522250673,-28.374579293118494,-0.4368987708678216,0.555902898311615,0,0,1,b813e6d497ec2d9ecc5d1da2b883e06bea83e90ff4349a36dceedf79d2b7ebb4,ea463fb82b7d36e07fdeb24c0a3b5a9ea1d90fc6bd5390f7fe55ad36a347afb0,7.5119509202454
confirmation,3729-6852-0046,test-clean,3729,OPUS_VOIP8,16000,201680,True,-27.511167445470686,-28.08500598160769,-0.5738385361370034,0.6662513017654419,0,0,1,ef10fc6ed91e21f4764dcb589701d323dc986212e44442004a210b3edcfbf336,978dc69146fbb72cedf0bdaa54d8e4ac88c0bad3e527c0a3d0e4a7ed43f71476,7.392621975406584
confirmation,4077-13751-0000,test-clean,4077,OPUS_VOIP8,16000,152960,True,-24.82869729538139,-26.44526541827421,-1.6165681228928213,0.6417408585548401,0,0,1,2d8c31edbcfe0424d79816ef5d6df8d136fa0e3f3f72aeb3986b68639b27ecbf,89b36daf1416634c6aa7907075c5fb2d9fb0552bc563e981485bd7592da02c08,7.53807531380753
confirmation,4077-13751-0001,test-clean,4077,OPUS_VOIP8,16000,139920,True,-23.904775017352993,-25.174060512596984,-1.2692854952439898,0.692566454410553,0,0,1,9b8057b50c13a5ec29555c2c9fdaf19eb45f25ae34662928fb1734ec5cb8fa64,e25dcf9a09a77811699c02cff6aa26722161597b31a039533ddead4370ecf977,7.319382504288165
confirmation,4077-13751-0002,test-clean,4077,OPUS_VOIP8,16000,156000,True,-21.98446064357117,-23.177580976042425,-1.1931203324712572,0.7869448661804199,0,0,1,f4b32d1c4408bfaac25445bb981717234884c1f50484d8058be8a3d84c901ddc,715253636a4d185602b0f6eeabd45ac40f01c9a1ae0b787b19cc97609f81ef8d,7.560205128205128
confirmation,4077-13751-0003,test-clean,4077,OPUS_VOIP8,16000,267520,True,-23.951313120850006,-25.36939725190967,-1.4180841310596626,0.6105928421020508,0,0,1,3432cc69be31cadfb251ff871ffccaedbe568f4ce5e7d47d8fb05c5347edead6,84f65c473b6cc23518f32b80852898cd929759894149cd8a0f2c3c38aaa0e2a0,7.563636363636364
confirmation,4077-13751-0004,test-clean,4077,OPUS_VOIP8,16000,266880,True,-23.487874140492515,-24.8943998306185,-1.406525690125988,0.9625266194343567,0,0,1,ec02665fa882bfed5b0b942f200976e5a2b4a9df7ff2508dee33f6bce83644d8,e3db15d4694993f8a5c5e98ceb9d46982201bed0eed1bec93e8a43eb71706075,7.5299760191846525
confirmation,4077-13751-0005,test-clean,4077,OPUS_VOIP8,16000,313760,True,-24.267422860678288,-25.39434547611514,-1.1269226154368523,0.801883339881897,0,0,1,f9a0c9b3b865d98ea8287046a0734ee2d4c8cea8aa96296720bafdc0bffc77ee,b22894de6722f845fbe8c634fe4f9d81fbe3b9dca17ea78b2bf722f407a89e23,7.338296787353392
confirmation,4077-13751-0006,test-clean,4077,OPUS_VOIP8,16000,209040,True,-23.78334432114075,-25.055668240226492,-1.272323919085745,0.9474065899848938,0,0,1,ffe12ffe626e62cda564cafc9e155375f09c35f7341ab01118b57f47be82633c,c0c9856017d2c6903ed59f2d187093e22926f22936a1298c0a083a2c174c95fb,7.40849598163031
confirmation,4077-13751-0007,test-clean,4077,OPUS_VOIP8,16000,275520,True,-25.474928011930018,-26.60217922616994,-1.1272512142399238,0.6707719564437866,0,0,1,2f9169010feaaa36df91c0cbf13cc63e9a5843ea0972b7d4308463723bd70e97,d4c107f2f4d2f937862c99123498f4ee042216d177c9e9cdaaa989f8787ff1d9,7.372357723577236
confirmation,4077-13751-0008,test-clean,4077,OPUS_VOIP8,16000,168880,True,-25.825290773063784,-26.970988960243908,-1.1456981871801282,0.5380261540412903,0,0,1,fe03588e95003c7ca74391f3950e339c487ff21d7e13de6f684aa970f32f85cf,0237eae75c547ab7701c50758c8f41781a8978dc60f1c1bd54a8fa025ba086f3,7.405021316911417
confirmation,4077-13751-0010,test-clean,4077,OPUS_VOIP8,16000,107520,True,-23.85840051485815,-25.489766729300733,-1.6313662144425767,0.6273388862609863,0,0,1,e7b01f9b605e65a08cef99c98221c9efdf0e0eb07d5e85a31883175d81282e5c,9d20f9f68ae1389d7631ca33419bc6bf1a1f1405dab23d50b719f6f5a5a9ae0a,7.408333333333334
confirmation,4077-13751-0011,test-clean,4077,OPUS_VOIP8,16000,182800,True,-24.63280512460308,-26.052138736317673,-1.4193336117145907,1.0180623531341553,1,0,1,40083c1288f7aa2439200dc638bb68f8fe7d6bc4403bc89a873e3343b9dcb3bb,bb5e3dcc63b4e8f59e8a6f57982217cd3f51b0ba4b58be48e95a753b89485d3d,7.305382932166301
confirmation,4077-13751-0013,test-clean,4077,OPUS_VOIP8,16000,69040,True,-24.72184552904606,-26.163138190686517,-1.4412926616404598,0.5037555694580078,0,0,1,d446fbb865013b04d9aba6e131a6155abcf24c72673d84c9fd33fa2cfdde33e8,e438540e73a858790211ce94aa4329a73812d38128fade4f96b63c148229f567,7.406720741599073
confirmation,4077-13751-0014,test-clean,4077,OPUS_VOIP8,16000,201760,True,-24.99603045047241,-26.361575355205154,-1.3655449047327428,0.8444530367851257,0,0,1,41a1217ebdcf02c1579b322db153ee27e6a2abf7b707009e4aebe3819cd5748c,e9f2aafd0b0a35469d4af083ea5caac5346a88463a6d9a394e71535f3eb1a52d,7.442981760507534
confirmation,4077-13751-0015,test-clean,4077,OPUS_VOIP8,16000,215600,True,-24.52073353430614,-25.593743693241816,-1.0730101589356758,0.8585662245750427,0,0,1,d7a1ea401f372a8d38387e765fe80f8421e0c4c8d5eba76865d3ff451d1b0fcb,c8a61c670ff3b2469f7629b5bf648361bfd9f34f7ace7ccd1c94558f52834583,7.553543599257885
confirmation,4077-13751-0016,test-clean,4077,OPUS_VOIP8,16000,232240,True,-22.9320493172859,-24.006187864817274,-1.074138547531376,0.7514291405677795,0,0,1,3d39e285d027335eb77ac55e785222886a87a1c4f31f37ba94f1868e30cb9806,bce8365e58c6f3170236b3ea8b699fbc78e27e173bc657c3dd73d5b98ba8fd94,7.443334481570789
confirmation,4077-13751-0017,test-clean,4077,OPUS_VOIP8,16000,81520,True,-25.812781754432756,-26.732379847250378,-0.9195980928176233,0.5933152437210083,0,0,1,1ab842ab72286cb9f6f38353e8cb07691f642c5c3b49269f53876fed011a1669,9c69048219fa256479c3d032b9adcab27e9e9977deeedf8d07153aa6c2c15ea3,7.087733071638862
confirmation,4077-13751-0019,test-clean,4077,OPUS_VOIP8,16000,46720,True,-24.361057833786074,-25.295596811721563,-0.9345389779354886,0.5109022259712219,0,0,1,8a4472622d5dae1c969edd4ae010d7d7365025556a1a3d8ba5a4707351e6cc60,a8e83d0516af768df4dc3134747e37571544ba5a1805a5a03d544e6a8a608984,7.120547945205479
confirmation,4077-13751-0020,test-clean,4077,OPUS_VOIP8,16000,164720,True,-23.68102277693181,-25.45497653490617,-1.7739537579743627,0.6248032450675964,0,0,1,6b7232425771a579a92b33a15248327ebf04e0e7447cd433d1b7d1a0fa0402a0,83e0babd0a693ec720c0bf880e98b39d97c9688b5c4619757e6bdd67648e7ce6,7.435065565808645
confirmation,4077-13751-0021,test-clean,4077,OPUS_VOIP8,16000,315280,True,-21.993593648370048,-23.0175972154196,-1.024003567049551,0.7535874843597412,0,0,1,cb81a5c9fbc01444b5de435df5090b123354411846f0e3079e55ede43ec452b6,5d701612c43ffc892fa51ea51721e96128c7aa3664c8ac199425363bf42d6fb5,7.539203247906623
confirmation,4077-13754-0001,test-clean,4077,OPUS_VOIP8,16000,60320,True,-25.978185150540682,-27.174041265256133,-1.1958561147154525,0.4773922264575958,0,0,2,c24e863a6c94bb29b333ad1c84e992a504eb5f1ca3ce20e3baffc39e4320442e,bdae4b67206874d30e7e7052109a667c5710686f6b8daf0ef4585b5864b265ed,7.2381962864721485
confirmation,4077-13754-0002,test-clean,4077,OPUS_VOIP8,16000,284480,True,-25.576833348040676,-27.07216672075606,-1.4953333727153841,0.709464967250824,0,0,2,4ff9495dc22747af8facb870499b4e3193891a79fae416fb7e6823b9c02a0467,fa405e39b361d43a095c795431dd95fb646dd4028bc8717cf0442f5b1cf52aeb,7.422272215973003
confirmation,4077-13754-0003,test-clean,4077,OPUS_VOIP8,16000,90880,True,-25.966017260854414,-26.70208855457117,-0.7360712937167555,0.6267392039299011,0,0,1,44948cdc817bdbae1dee931b30a9f7ff7b4993c397d7338a24573cca1df99b2b,1aa19cb7481cf020df97d051d72d3aeb78a4c9a43f1452a03080328764cd0a60,7.476056338028169
confirmation,4077-13754-0004,test-clean,4077,OPUS_VOIP8,16000,79760,True,-25.92136390494668,-27.173214450137433,-1.2518505451907531,0.5225910544395447,0,0,1,fd8e52afb3d408f726cf6c4fe538c666f9ddbc6246e0e298bf5335a2858820a4,15833dc32cb488c6a29ea2d06219c2f94a144788ae76a3ce0afa016df67038b2,7.186359077231694
confirmation,4077-13754-0005,test-clean,4077,OPUS_VOIP8,16000,285440,True,-27.35008271376513,-29.108569564933617,-1.7584868511684904,0.46238574385643005,0,0,2,961bf57f5ef1587282884ab21d6dd05637b880c395c76bc64de0b42061d7d312,e5918bfcd433247341826fe1b2e1c412696e5ec9e66355ed625101992148c439,7.4125560538116595
confirmation,4077-13754-0008,test-clean,4077,OPUS_VOIP8,16000,318560,True,-29.049117686846003,-30.636959786273927,-1.587842099427922,0.3829345703125,0,0,1,f1e89e36942dd9a3078b43de88163ba24550437fe04adf9b950e22cf465b45b3,41e09e5e73ae9ae070b3ebe3b06f7b4eb516bc1ac939413523088453da454f30,7.310095429432446
confirmation,4077-13754-0009,test-clean,4077,OPUS_VOIP8,16000,122400,True,-26.865546275313932,-28.87564194668414,-2.0100956713702054,0.40436476469039917,0,0,2,5d93f5f33270c124cac69e72a14cabbcbf9a193fe747cb7de7de43f592a70b16,539f503c1e93fb415756738277d66d1a2b363adbd8e1807ad062aafbc730f175,7.090196078431372
confirmation,4077-13754-0010,test-clean,4077,OPUS_VOIP8,16000,191280,True,-27.44514822270284,-29.309081630636477,-1.8639334079336347,0.4262949824333191,0,0,1,e506227cfdec887b898c1c9ad577229c21f93be2d441e0e1857fba25192e141c,21148340ea281207bc93c825d1ee93d9387c65f752f44fbafe81e8249717179d,7.3328314512756165
confirmation,4077-13754-0012,test-clean,4077,OPUS_VOIP8,16000,353520,True,-27.828520650204958,-29.50683885961864,-1.6783182094136853,0.42517074942588806,0,0,2,223321419b3510d0c88b93cefc5c320ef1c0894945f440dafe994e3ea891eda3,43a1eec28b132bd2c93662f687b5befcc74dc03f71968f2f6e2d96a931c8bf87,7.285268160217244
confirmation,4077-13754-0013,test-clean,4077,OPUS_VOIP8,16000,205920,True,-27.950183960183523,-29.32048442097242,-1.3703004607888993,0.383766770362854,0,0,1,eec49f0b297a4a65f324133f28776ceb500baf80f6c82166dc48c028fdfb5b11,6c712f59c9d6b6d37f5642ef63c88146a24ced0b7ea5e1520da68850b6849d6c,7.326806526806528
confirmation,4077-13754-0016,test-clean,4077,OPUS_VOIP8,16000,190320,True,-27.681501513644754,-29.832775465582042,-2.15127395193729,0.39775681495666504,0,0,2,93fb72f36f5c1226b33374a5322389a6817f1d2f4483bfdbba3c8c20db685642,88e8d50fcc4b0454357163cb4c697decc545332b09d046cdb1a77f5d1252822e,7.109541824295923
confirmation,4446-2271-0001,test-clean,4446,OPUS_VOIP8,16000,101600,True,-22.736537835217412,-23.27264329186025,-0.536105456642837,0.5013571381568909,0,0,1,682c1714d49f6db0c94c213a618c052b627ab0a3d385a4965e2779c1cb8974a1,7739402fbe15815904986bafca8f1a2c70a2990b07f5f75768c9b4e2caefec50,7.474645669291339
confirmation,4446-2271-0005,test-clean,4446,OPUS_VOIP8,16000,54320,True,-22.761414791621842,-23.173923221891425,-0.41250843026958245,0.4208579361438751,0,0,1,f0d948d8a49549cce5936c4d475a1af67347582be7907ea06465568ef122b949,fcd02368fcbd5cbd653c13279e22f068e33b9f75fce1449df866292f90b4056e,7.413254786450662
confirmation,4446-2271-0007,test-clean,4446,OPUS_VOIP8,16000,33600,True,-23.664447647393988,-24.25871315918066,-0.594265511786675,0.35688087344169617,0,0,1,7b8523452ffc53dc765d1c7215f7a0c0030557ed96468a81debf564d43affa20,12ec9e54edff1ad649878b3fd15b653edfe559f75adb26ea2aa87fe53317fdfb,7.39047619047619
confirmation,4446-2271-0010,test-clean,4446,OPUS_VOIP8,16000,50160,True,-22.83104551075846,-23.354200630489565,-0.5231551197311014,0.4140147566795349,0,0,1,2f4b541e3958fe9fecc78d174cfd4cae2e4811c822dd20a6af84dcbc952e8074,a8fcff039d8dcce943b467343e746562f4acc27af4ca67afaf05cb494a55a2d2,7.566188197767145
confirmation,4446-2271-0011,test-clean,4446,OPUS_VOIP8,16000,63120,True,-23.178247554249403,-23.793910724348404,-0.6156631700989973,0.5112202763557434,0,0,1,8316cc5668878f9c0be75f0b3700f6fe7655ba2008f44231814540a3bd71fb09,a0ca035d444ac9360ed428ad0ea140a907e960b227372c8e1e355b4109665017,7.491001267427123
confirmation,4446-2271-0018,test-clean,4446,OPUS_VOIP8,16000,91440,True,-26.11036336342984,-26.712136424862763,-0.6017730614329222,0.2837379574775696,0,0,0,f6634c5cd41d2c06d7cba95d851f2a7a4ffc0410d7bc17ff534b1adf6bf62c66,8cebde0f6e6a8a79ff4ae059c588344770e15ae50e829424deb23b3b1236219f,6.994925634295713
confirmation,4446-2273-0001,test-clean,4446,OPUS_VOIP8,16000,74560,True,-27.62567217432516,-28.992063367243304,-1.3663911929181443,0.614890456199646,0,0,2,edfe56ba694331c93489234d5479e61fbe38ba05815828ee431145cda137fb98,706bed31e89681b64c061b345979a603b8d67d0bac79ee9b6e97c5e012cf647f,7.04549356223176
confirmation,4446-2273-0004,test-clean,4446,OPUS_VOIP8,16000,86960,True,-25.40178594170017,-26.72407821313451,-1.3222922714343448,0.6086150407791138,0,0,1,b7709abe3082be640c70bd29b07a14ac3aac16fb7de78af947c9c344c12e468b,ddb8a43933f0313da1c62f81da64d492a50d99dee005d22e035a42c7ef49a353,7.283164673413063
confirmation,4446-2273-0013,test-clean,4446,OPUS_VOIP8,16000,42000,True,-27.416629716438816,-28.841967274591347,-1.425337558152531,0.6399412155151367,0,0,1,7320b489bf24b710bfacad0c8dd41e2457ad7d87f42415eee47e41c0ca42c7e2,b6ef2b36131b08f50f244f0ec16de6afe6eafed70ea1ec4633aac7adf89b3f94,7.003428571428572
confirmation,4446-2273-0014,test-clean,4446,OPUS_VOIP8,16000,38240,True,-29.312889340624942,-30.71487214134087,-1.4019828007159232,0.2770577669143677,0,0,2,673b55ceb105ba5223b4599dd6a5e06a57de9e4cb944c36e33c5f92657ab9d01,2a83ee05bfb33dd3b6b3ab6cce23cf41edb64936b7f39bb00a020fe16966e2ad,7.159832635983263
confirmation,4446-2273-0016,test-clean,4446,OPUS_VOIP8,16000,154320,True,-29.003565435258274,-30.284569296420216,-1.2810038611619445,0.37296056747436523,0,0,1,d7168bfe2e691b31aebdb0055c0536ab6f0552f89f7789f04a11125ef6185e36,812c710681549c57a3ae3938b476fc9e36c3199e2e7abff9bd5b352df92515f0,7.142353551062727
confirmation,4446-2273-0017,test-clean,4446,OPUS_VOIP8,16000,43840,True,-30.862446890909844,-32.271423970962914,-1.4089770800530677,0.24602147936820984,0,0,1,729bf2273861e5ea3516cbb54952486b86f421db3bcd5a3a47300535b89df3e2,dce4ab0bf133c75ccae6076bfd94bac4e2485d82842503301003cd512646566c,6.84963503649635
confirmation,4446-2273-0018,test-clean,4446,OPUS_VOIP8,16000,54400,True,-28.516648564602495,-29.878873188929433,-1.362224624326938,0.383462131023407,0,0,1,85571ad870930eea60d9a17e99e9cafe06caf4cbc166a545ad498bead382da38,05e62c3f3098370440422a563d70b1a1ee0c94f0be2dd6166f620787d6db07f3,6.814117647058824
confirmation,4446-2273-0020,test-clean,4446,OPUS_VOIP8,16000,43840,True,-31.4186281676424,-33.505227649224786,-2.0865994815823856,0.21317529678344727,0,0,2,9490502c343d3a38cb9f237c063c51ef3dbbb34ed8fe9ce44217949cf09b18c5,54965a3ff60c516c1e700b8629386ed5e6b492d7174a318b913df8530f3ebc32,6.881751824817518
confirmation,4446-2273-0023,test-clean,4446,OPUS_VOIP8,16000,97600,True,-28.82353147197381,-30.923629182653663,-2.100097710679855,0.43286603689193726,0,0,2,bf8a60682b3b6599c6bb92a8e1449806bad499378125c472b125d572bd428b55,5733bb0135ccbfc91bd7822a9632ef707e8f78012360ad72ab99f61ace8250fa,6.8891803278688535
confirmation,4446-2273-0029,test-clean,4446,OPUS_VOIP8,16000,52800,True,-31.096607971260738,-33.10042833097947,-2.0038203597187363,0.22636914253234863,0,0,2,395a955e6043a06422f174d10a95a4c9ccae28ccc3270de98cc2892166149e5a,02237380641b3eda11eeb6f7c73fc773e32d58ab349a876f51774ba0fa69c1ac,6.918787878787879
confirmation,4446-2273-0034,test-clean,4446,OPUS_VOIP8,16000,57440,True,-32.188630675670055,-33.610160311621186,-1.421529635951131,0.2994704842567444,0,0,1,cf289488b1183e0245e04e69194658f0880e37ad8591811826427e35d361406c,6a347e689b96a2aa2b0ce0b5141d05d7501cfa2f29e9a83c0e85035d6d23ca69,6.827855153203343
confirmation,4446-2275-0003,test-clean,4446,OPUS_VOIP8,16000,32960,True,-28.20501907202353,-29.32213725965982,-1.1171181876362903,0.42533501982688904,0,0,1,f391c273c2c060269f9960f59c626ff9e4cd4b5b3456630f86fae67a0eebe97b,c8fc929c83edba1161ced4898b7df9451d33a56facf69604d9959b7e639e8f2c,6.753398058252428
confirmation,4446-2275-0005,test-clean,4446,OPUS_VOIP8,16000,71120,True,-22.240691620699916,-23.521304129694567,-1.2806125089946472,0.682284951210022,0,0,2,7bb55d5b28171320f7931346b7af0d26bbe2a73376e8b6f7da305f32c910773e,8d6001aa035727d6f7f86da313dbc315c5b5645e89b159264a159361419bccdc,7.429471316085489
confirmation,4446-2275-0006,test-clean,4446,OPUS_VOIP8,16000,56640,True,-22.636112144669085,-24.044868740693506,-1.4087565960244222,0.6618478894233704,0,0,2,c7efc1139ece6d5f96ca9c0ff457c5647049c00de2c2bdfeab59026a0d309880,7c6ef66f8da048065a940e924d38e3fff9cb32dccd3ce4f7f112be653da7cd6d,7.593220338983051
confirmation,4446-2275-0008,test-clean,4446,OPUS_VOIP8,16000,66080,True,-24.553431118243758,-25.35152916379138,-0.7980980455476238,0.4965953230857849,0,0,1,4a34932187b384c3586c24e704e75dfb0eeba6b9ab36eae92f31202ca8690b43,94c03a268ae0c66542b94f6f8f7b862f91a0bc446afca37a2faf15e3545e7499,7.277481840193705
confirmation,4446-2275-0018,test-clean,4446,OPUS_VOIP8,16000,37040,True,-26.146812934521577,-27.72883235541615,-1.5820194208945741,0.42590346932411194,0,0,2,7930f259a031a9469e1830046c76c3b88cc8ad8a13caf4060a5d7014011930ff,1dbe7960e9c45ad580c29e3699a6954e568a51a3e5b386cab6c49615f102f69e,7.295032397408208
confirmation,4446-2275-0020,test-clean,4446,OPUS_VOIP8,16000,43520,True,-24.450037930071318,-26.014356443678757,-1.564318513607439,0.4362337291240692,0,0,1,c62ec713c2567bf73b454e379debf7f6cc0ec3e8ebc0e62bbdfb2021fd0b82c7,cf0d6a8e55dd1bddfb6c05c9e3ee0ce05b0a21c4529bb3df8a6d64b5246c382a,6.847058823529411
confirmation,4446-2275-0022,test-clean,4446,OPUS_VOIP8,16000,52480,True,-29.866162340582378,-32.615729795506745,-2.749567454924367,0.21269169449806213,0,0,1,a368d26d0df532def279eb5e61e26c93f61f605b31487eaf639ea5a4239069df,ea494ec6131b347d566dc6d62b425629cbcc0830a6ad4a11bf74c774657bb174,6.885365853658537
confirmation,4446-2275-0024,test-clean,4446,OPUS_VOIP8,16000,38320,True,-28.42314865281633,-31.35701399054932,-2.9338653377329864,0.25165101885795593,0,0,2,39b67db281de16c8ae4b5476efedd3047d6fa7311aefa988386a36d59045aa1f,f7be5acc4d8283b9afa18b87c5e693bcc42d88abb11f53ed48ae21c831d79e64,6.997912317327766
confirmation,4446-2275-0028,test-clean,4446,OPUS_VOIP8,16000,57200,True,-27.07662497992962,-29.605887993502197,-2.529263013572577,0.3097449839115143,0,0,2,fd1fc616b3b8898fa7528cd5a4db2a0de484d63ab2140b895ab47d0b556cdd82,a415faf315c72e346522d1c9d62707fa31b397b9ec2cfc5b4f5120050fa603c2,7.118321678321678
confirmation,4446-2275-0031,test-clean,4446,OPUS_VOIP8,16000,48880,True,-27.027779916682007,-28.591682627941033,-1.563902711259027,0.4170114994049072,0,0,1,da6f9e5dea7bc296c186292d7cc39c2b010434142938387fb87ffb5f2bb56ce5,fd8577ea7ab7ceca4bdb6bb94fca704599f59f25f13bc8449d9deb38eb8c3032,6.69328968903437
confirmation,4446-2275-0038,test-clean,4446,OPUS_VOIP8,16000,72480,True,-21.51272756308876,-22.649149405702364,-1.1364218426136061,0.7150493264198303,0,0,1,a617498d37e0f64729edffddc69af7032f1aac85b0906071578a976f2c462ae8,ada1b43cf53bf74f10f55678180d5080df08cea5ad8a1cff31ecee460be5506f,7.3271523178807945
confirmation,4446-2275-0041,test-clean,4446,OPUS_VOIP8,16000,76080,True,-28.58304625177624,-30.642417522324223,-2.0593712705479805,0.34265124797821045,0,0,1,b704bc8898467c8624eb0aad1b618948315058c69076b7db823812f736c2e38d,1feead5f6887ab99bad61d07c058cd2c505d5566cc99943a0b50e551d670b2c4,7.106624605678234
confirmation,4446-2275-0043,test-clean,4446,OPUS_VOIP8,16000,94080,True,-32.164364646932256,-34.75196170930462,-2.5875970623723625,0.20452584326267242,0,0,2,5a8bd3884d44cb0992a9459272fbcd062cf36460865cf6fbf8fcdda2c91466aa,972f10a28fccbfd3263985ec88a22c227f119bfb97739682102b096a6c6cc59e,6.723809523809524
confirmation,4507-16021-0005,test-clean,4507,OPUS_VOIP8,16000,67360,True,-26.24629645232139,-26.68313230962301,-0.43683585730161784,0.39099356532096863,0,0,1,b522b149cb0b384651c5b31370113413fd96d980ca7036d8369213d92f07bb28,e7943a61c6ff9a5043a549404ba5637559ec8c0a40abb2d6db836b497e093e4b,7.076484560570071
confirmation,4507-16021-0006,test-clean,4507,OPUS_VOIP8,16000,33760,True,-22.323253813597127,-22.430565782580004,-0.10731196898287976,0.398048460483551,0,0,1,3044aa9efcadcbcfa18d6dd15f7460d8996de569b9034007e231a19e94dc7136,19612af79216efd2917117428949687777aa190aee26bfc3ee8fa00fec455fc3,7.154502369668246
confirmation,4507-16021-0009,test-clean,4507,OPUS_VOIP8,16000,180880,True,-24.444451226572372,-24.749856274298978,-0.3054050477266013,0.44068631529808044,0,0,1,d2204ad671b20959e17d28952e5ecd01ff68fbc2f0794008613360939728a00c,f83df4e0586e62a012a70494cbc5bcf7bb5c57cd1ddce9b1a8d34bd61842e59d,7.2711189739053514
confirmation,4507-16021-0010,test-clean,4507,OPUS_VOIP8,16000,242640,True,-26.539826831574697,-26.901967925905677,-0.36214109433097985,0.3194807469844818,0,0,1,85c1717bd23c3f8f7cea20b3f1a853cdc7ec93ec98c1f040b6860b7a95328e4d,55401f59a8769b80aed6f5c2fb3565fb8b0eeba9382211b0614c842ff5d2b8fe,7.295219254863172
confirmation,4507-16021-0013,test-clean,4507,OPUS_VOIP8,16000,167040,True,-26.304687076026802,-26.621344880223077,-0.3166578041962771,0.35000258684158325,0,0,1,bbfccd5b5bcb2b979796ecb703baa330ccfbfb0a86d929f56242654cb132fb08,36ec856be52f56d6195cd6138a261a943dd55548712bc0bd7b1886a374a4e31e,7.301149425287356
confirmation,4507-16021-0015,test-clean,4507,OPUS_VOIP8,16000,61760,True,-27.699290371745526,-28.239459880459634,-0.5401695087141057,0.26018810272216797,0,0,1,14256964f725ac59e0aea68d3d71ec77ca71a152b324be58e96fd27d413d0b21,06c8acf2797659af5f75e350b5d5f335c800e7cca287ecb182276153cda83436,7.092227979274611
confirmation,4507-16021-0016,test-clean,4507,OPUS_VOIP8,16000,276240,True,-26.075574977060356,-26.48546099687819,-0.4098860198178351,0.565363883972168,0,0,1,7c7c19814afcfeff462591870966e49d65e741ee556f1420afd865468da4697c,dc7b0fc2511ba6cf9c023cfce7cde9354daa841f4765447c90d0fa200ce6be0c,7.055661743411526
confirmation,4507-16021-0018,test-clean,4507,OPUS_VOIP8,16000,54000,True,-27.795643755534215,-28.14856977471621,-0.3529260191820005,0.25328758358955383,0,0,1,c2ae1909b2e963989eb5af2a58cdeb8ea2690172934b8a61605c8ae0b5069283,755900b66ad018fe7c78c95762e9f4d65d5856e722ae4999fd6296b1c8522923,7.070814814814815
confirmation,4507-16021-0019,test-clean,4507,OPUS_VOIP8,16000,46880,True,-29.665746072662568,-30.000066968373872,-0.33432089571130413,0.21573977172374725,0,0,1,f479a525b9af1f95bbf32e042c477803f059dd066cd1eb4c697b0f224e951a66,de114a705871924db000f415fd5424bff6b334b0177241c73fa57dbb4b77da74,6.809556313993173
confirmation,4507-16021-0021,test-clean,4507,OPUS_VOIP8,16000,231680,True,-27.7219790350653,-28.125456382836415,-0.40347734777111455,0.3262137174606323,0,0,1,740ad6b242c82a037eef1f4a3927f2b101cf01f5da5e271e552fa01c71dc0091,3b35ee1e51b919f03652340c548efcdc18fa281707aada7bc399f76db1932cb7,7.024861878453038
confirmation,4507-16021-0023,test-clean,4507,OPUS_VOIP8,16000,193120,True,-25.070376937888604,-25.448871040653383,-0.3784941027647762,0.565130352973938,0,0,1,82d34d72cdd1ffe01bb8ccff8ba98e2c3cd2a344e6d2263d75a0909f2a606734,ea1bb3d342a464d153989a4c900ea0aa402a2e3d37c74a309df4bf6b7bf3752d,7.070753935376967
confirmation,4507-16021-0024,test-clean,4507,OPUS_VOIP8,16000,82240,True,-27.811751446376576,-28.553789525404092,-0.7420380790275182,0.3872073292732239,0,0,1,3faab93360689658392cf297631b7032062ce2ad4c6f09dc3b98bf3ae2cebb86,144a84eac107599f9375189f59bee68c4a262eb8dd90f899da6e2e8269935b79,6.947859922178989
confirmation,4507-16021-0028,test-clean,4507,OPUS_VOIP8,16000,52240,True,-22.942487837377804,-23.146664471937086,-0.2041766345592783,0.7440308928489685,0,0,1,58fa9eac4c2583f606280180852ef71dd2aa625bd1e7335328d4268c72dfb54d,f500f36a5a7e489aca043f9d32932ad5cee3d2a0b10a2c83d7a7848a9ae94719,7.076263399693721
confirmation,4507-16021-0030,test-clean,4507,OPUS_VOIP8,16000,236640,True,-25.213954751265142,-25.534361351798903,-0.3204066005337624,0.4448666572570801,0,0,1,8acfd0ea7ad4d11603f5eddcd93a846cc59264e387cb61fd7207f2140d6e0256,422dccc5a5cd2a81dc5f2532e466111ad0be49f311a594c647894d88ffb453ec,7.349290060851928
confirmation,4507-16021-0032,test-clean,4507,OPUS_VOIP8,16000,449440,True,-25.686727205489255,-26.173442073916952,-0.48671486842769496,0.43233534693717957,0,0,1,abe53818dcea1c2ea552c3467c9e0872efdb51451eef5545cd2e33143a9fb7db,566239048e8ca24091ef6a61ccdf433f071e7b3b9689b0f2cc899642914d4f2e,7.345817016731933
confirmation,4507-16021-0033,test-clean,4507,OPUS_VOIP8,16000,88720,True,-28.47487375317681,-28.961317683549176,-0.4864439303723658,0.2929229140281677,0,0,1,cb7a6a7d0986e21250f9b2b7175270bf91f12ee67aba5a92338aed6b14eab88d,9289a416c85d68c730e30813f18e9e04ad90197da9a7229610e7fe511e223bf5,7.372407574391343
confirmation,4507-16021-0034,test-clean,4507,OPUS_VOIP8,16000,180320,True,-28.90993545564095,-29.31571826569278,-0.4057828100518289,0.3536083400249481,0,0,1,b0d0cc23f816a9c0a58554d5fcf0414a593f68bf4b85c223ebdc5b0f4558d8f6,465addda190ee20fc38b0d987147f397049222e72a2d657d8440a9db8c657d40,7.224844720496894
confirmation,4507-16021-0035,test-clean,4507,OPUS_VOIP8,16000,120560,True,-28.35142926912793,-28.77033395295448,-0.4189046838265459,0.2718886733055115,0,0,1,fd0ad2626f041c74ec9a80ce283dcf5b3c50ebe73ecd5d843293789e9cdce83f,c3e45708ed4397d01fd29bfc8972cfd26098a5773c7821e1bb0617fa632a9f7a,7.237690776376907
confirmation,4507-16021-0038,test-clean,4507,OPUS_VOIP8,16000,62160,True,-28.30041274920735,-28.568669984898843,-0.2682572356914893,0.3041982650756836,0,0,1,e8edf2304a576f815458cf0b355278be22d388de6e29db820e364b3405f6f51c,00291cd0346288da88c86bddb06a13443b5cb02a6338611cd812187e898cddf6,6.8633204633204645
confirmation,4507-16021-0039,test-clean,4507,OPUS_VOIP8,16000,246720,True,-29.187757287274888,-29.67658628813264,-0.4888290008577504,0.427508145570755,0,0,1,892d724bdac092ad799e394e0f31444fea2efb22db6cd8e8d2be77b276a65b9d,5102ef50400a17dc33784bd2bb5fa3d4b117d1a097d37eade7018fdcf0b42b21,7.101426718547341
confirmation,4507-16021-0041,test-clean,4507,OPUS_VOIP8,16000,47600,True,-25.40909761438092,-25.78748801728706,-0.3783904029061424,0.31633809208869934,0,0,1,8fca33f8c67a5489d0f35718f2d029faa43153b23378c0590779181d1bf1c9de,a81735b76370ef5f2286549dba43fe74da71a112187ecc6b050f0b4a89ea3b35,7.204033613445378
confirmation,4507-16021-0045,test-clean,4507,OPUS_VOIP8,16000,78240,True,-25.788181877969095,-26.326372205600116,-0.5381903276310195,0.4669046998023987,0,0,1,52ff845e75d2f9e43e6e2f3b3d4cfb6ead528b4c6fb9abe1209cbfce29111683,573fc3db3c8346cc87af89258e3bfd59c490cf50309f57aea53b226e69623fd6,7.206543967280164
confirmation,4507-16021-0046,test-clean,4507,OPUS_VOIP8,16000,73440,True,-24.550798787550182,-25.093563076612014,-0.5427642890618322,0.34609776735305786,0,0,1,98d40ab3cd60f7bd944c8ad0090f298266c12e28a62497d03c24feec1dd07cac,1578c62ae7fa40200d713ed14c2b2c4901a9d6e334f15730cf67561b9f53dc46,7.281917211328976
confirmation,4507-16021-0048,test-clean,4507,OPUS_VOIP8,16000,83440,True,-27.47834079489836,-27.913716419052676,-0.4353756241543127,0.365527480840683,0,0,1,aa1f8f55e048bbdbb8eea0714810caa53adb292ee8d3f26a133e45618ed9c253,b67d98c52edcd065c32ccbac2c2119eb3c28888f7abf3f102adf7a38a76101ce,6.9844678811121765
confirmation,4507-16021-0050,test-clean,4507,OPUS_VOIP8,16000,62320,True,-19.93783630481791,-20.45690377135649,-0.519067466538581,0.702099621295929,0,0,1,75d101a22ccee3471f43c4249989056b35e0d580cafe3b3e7fac25287907927e,994d161cd10e807cc9d78cfdcac8e4f04b56c146048026572b7d0e10229e88ab,7.500898587933247
confirmation,4507-16021-0051,test-clean,4507,OPUS_VOIP8,16000,98720,True,-27.037037549335338,-27.46751140397821,-0.43047385464286947,0.34694454073905945,0,0,1,71fc786c1b3197e89896c911a78962564cbac909922fadfcf8031c8b49b002ea,bef6d38dcf9dc330fac7b419a4fb2e796ba776b3ecb5c09302cfdbcbc30f729d,7.218152350081037
confirmation,4507-16021-0053,test-clean,4507,OPUS_VOIP8,16000,129520,True,-24.78587023080913,-25.27432084530638,-0.48845061449724564,0.46814072132110596,0,0,1,3574f449006de152eb1248ae10e2df273955b65c7b1fdb7ace54b8d570221496,bda15515df2232a042fb49478e5dda21ee9ee4458a33a8c3a3388fe31b576713,7.438665843113032
confirmation,4507-16021-0054,test-clean,4507,OPUS_VOIP8,16000,69040,True,-23.215640240454498,-23.66158378709703,-0.4459435466425326,0.45279112458229065,0,0,1,11e779182a79ca5a437a2bcc0a03930b67f14af90c47620bf5db1c67b698e1c7,b0ba6928ab69bac9acf83484be69131c278795b3bc96ae2ab06276ca643bdf8d,7.358516801853997
confirmation,4507-16021-0058,test-clean,4507,OPUS_VOIP8,16000,49760,True,-27.378874735147896,-27.787930821928562,-0.409056086780667,0.38368791341781616,0,0,1,fe2ba6bb984c079d5670dbbb0b41a06931ce1084bb70b4af4adfa8ff01caa655,bbd5d303c3d9598254e5b3484ec52470ace187e1205267b0f3ca7feb977a0fb6,6.99935691318328
confirmation,4507-16021-0059,test-clean,4507,OPUS_VOIP8,16000,99280,True,-28.41637225606343,-28.911315907599718,-0.4949436515362893,0.30193912982940674,0,0,1,233a4aa833d3f5ccdc6b53a2dca248aebac14c2958dcc3230c5cb2717d3fa8a4,45fa55a3b472d7cfdc1559538f83f8d340eb4eb9553a9e9dca3b6b66f6fd36f6,6.852538275584206
confirmation,4970-29093-0000,test-clean,4970,OPUS_VOIP8,16000,48480,True,-21.179298171697898,-22.006036514295253,-0.8267383425973573,0.7594614624977112,0,0,2,908780eff0b70ca729e5191cfc776431cd9c4ded0605bfed311beb6926607487,a58b980438859479860706a9396627c77aa157b124efb9b316061c63f259e5ac,6.965016501650165
confirmation,4970-29093-0002,test-clean,4970,OPUS_VOIP8,16000,171680,True,-25.39555732481585,-26.442239347856095,-1.0466820230402443,0.7232804298400879,0,0,1,9cac98d5fdc0fb56b839e5834665a8381628d0fd8da4debeef43cca9cea13d8c,37f758f7877ff9832ef17b35d66ea858c4b196e2e0757087fc6b28c65815dabc,7.094128611369991
confirmation,4970-29093-0003,test-clean,4970,OPUS_VOIP8,16000,245680,True,-26.39470788991354,-27.380828554459868,-0.986120664546326,0.6489418745040894,0,0,2,bbf595623491b67e8d3fd824beb839b30fda218e2dcebee5fcd8e7086de0c0f5,8ce2aa4290b8f323b631973fec33a0839ac12372a6639daaa99cd39c7a166309,6.930901986323673
confirmation,4970-29093-0005,test-clean,4970,OPUS_VOIP8,16000,354560,True,-25.92844507815476,-26.959852093727932,-1.031407015573174,0.6935645341873169,0,0,2,ed5e443134378cc1afbef0c6dae84741507910093d8a3699167d11555ef01e5d,83f030c67c0e586757172f684045d658d7ea8720d66497c45f9b4a43da9df5ab,6.920216606498195
confirmation,4970-29093-0006,test-clean,4970,OPUS_VOIP8,16000,473600,True,-25.973202824859317,-26.753531545525853,-0.780328720666531,0.6041683554649353,0,0,2,fa22efd401a9e8d4e6f743d4f6fd8c1de8d7591c45e94b7e162864c95b0c1ee4,6209e947b260dd6760922d88b6e9186b01efda710d3fc8575f6e48b3cea6d9d5,6.977297297297296
confirmation,4970-29093-0007,test-clean,4970,OPUS_VOIP8,16000,111920,True,-26.4006542389177,-27.148084504922025,-0.747430266004322,0.6035651564598083,0,0,1,bebae212ae8398f74911b82084aee7c644496a9639b5dcaa2fcf750ff668ff10,a12b38fa7c9b29758b6637509a8d0e12cc0505947ecf84ff26a30638ea6cbe45,6.879199428162973
confirmation,4970-29093-0008,test-clean,4970,OPUS_VOIP8,16000,57280,True,-28.355270990748906,-29.186577151477128,-0.8313061607282203,0.38642051815986633,0,0,2,2651f45976c78b581b4841cbb90041d5477bbea5e22736782614b9d75e410051,161ffdabb828b27c363dd9a17e3ced76fb3639abc2a48da5e385acc7c53b7ed7,6.4268156424581
confirmation,4970-29093-0011,test-clean,4970,OPUS_VOIP8,16000,183200,True,-25.95772900755136,-26.714705517287598,-0.7569765097362373,0.7635341286659241,0,0,2,73b5f11393f683f0070f1c2dafe42cc1e7e8eb0612cf327f3c8f92ca6bc8c04d,473d079aa3f082078588defb122a3242aa0156612a1fd513af2c872080a24a70,6.838777292576419
confirmation,4970-29093-0019,test-clean,4970,OPUS_VOIP8,16000,119520,True,-26.990323557894058,-27.813516880452678,-0.8231933225586208,0.6995136141777039,0,0,2,32d34ddf0ece7977373ee7f1096c9daf5866a0925488e402ab5b32e140e6a852,d392a1d2c39fdad469a17b86ba34c63a65f995dcdd9a4d3b53b2212b4a980041,6.731994645247658
confirmation,4970-29093-0020,test-clean,4970,OPUS_VOIP8,16000,89280,True,-21.32291296378826,-22.10905451217863,-0.7861415483903705,0.7687332630157471,0,0,2,9f220185433422085039abafdba2f2e13debc4f417e8c52dc4086c5d90307dce,ed552c36c24c840b6f53580e27a3048ed2b2412c76bea0663eddda90749beb98,6.6480286738351255
confirmation,4970-29095-0001,test-clean,4970,OPUS_VOIP8,16000,222560,True,-26.091166472256248,-26.917301814112797,-0.8261353418565499,0.4887404441833496,0,0,1,b7d8e0105777b8c91cbf3ed8a8c5e9d474ddf5b73be7333dec486765533718f7,a85a2cf200956decff052dabea36c305c416f949aa7370a81930ebb2633ed614,7.017685118619698
confirmation,4970-29095-0002,test-clean,4970,OPUS_VOIP8,16000,87680,True,-28.10668770726302,-28.937081171531403,-0.8303934642683807,0.370421826839447,0,0,1,77e9fa47735d168823ddcf9cafc7b492d115c2b0cce68380add5b3a5e2783587,765a7a60bdd61e303c0c758687ad4b33f9f2e6715a59f0184a94263d2377ff2c,6.64963503649635
confirmation,4970-29095-0007,test-clean,4970,OPUS_VOIP8,16000,236960,True,-25.80909574220879,-26.583478149995035,-0.7743824077862438,0.517031729221344,0,0,1,6ba288c9fe24500161e1b700dfd62c2bc09ab5f2d244ea6f422650fd1f239b2d,76c8a8e356f221babcdf31a3e5e4122002a70bfbad3e4a678d0f4c8cf40d50a7,6.960702228224172
confirmation,4970-29095-0008,test-clean,4970,OPUS_VOIP8,16000,48640,True,-28.408655353194106,-29.148941631084636,-0.7402862778905308,0.2967676818370819,0,0,1,17ac2f9e7bd0d3e841da15fe82aa9d03756ca6fd552fcfee123cf7b3d4b40df5,133acc1da5cee566ae953fa779156cc66198f9b5f08382f6590d7571c2177be7,6.792105263157895
confirmation,4970-29095-0012,test-clean,4970,OPUS_VOIP8,16000,74880,True,-24.3713175226023,-24.755136215280118,-0.38381869267781366,0.5390110611915588,0,0,1,a1c3ce70e9c5e90cd234370afc061e8a660f97cd045bb690157d4ccd6460a46b,cca3d89a0ee82d44b142bcdfb2dfac171f0117562117a2ff29767d0daeb1a5d3,6.796581196581197
confirmation,4970-29095-0013,test-clean,4970,OPUS_VOIP8,16000,31680,True,-32.871191977231085,-33.44150674084682,-0.5703147636157331,0.17025133967399597,0,0,1,2d74a0f838069a790797f6baa9fd2229bf69da02caf2fb92300662e742f086d1,42ddb62c7b624ec7ae741e45e6d01eaab5c81817cad78c16913c6cf121f21aa6,5.975757575757576
confirmation,4970-29095-0014,test-clean,4970,OPUS_VOIP8,16000,52160,True,-23.84674622841441,-24.235403415841827,-0.3886571874274161,0.5470921397209167,0,0,1,2ab237e2b07a7412ded857fd6ee05339fe97702ed1637d0d17d64b823a13dccd,8a5231d119a41690887bc4179f3377cf5cd7b8c8e263a199fa3ce2b65cdb74ae,7.038036809815951
confirmation,4970-29095-0015,test-clean,4970,OPUS_VOIP8,16000,37760,True,-27.993280851632598,-28.895610831321644,-0.9023299796890466,0.464163601398468,0,0,1,b441b00c27d83a9643a98ef5e9785b7ae4baff611976aa0a1726a2157becf063,5bf3fe427b24b885dae65cceaf338e5b9107d9edfabd7987a62a4ee9d730551f,6.420338983050848
confirmation,4970-29095-0016,test-clean,4970,OPUS_VOIP8,16000,111120,True,-25.299061515358808,-26.0678187973977,-0.7687572820388919,0.7162756323814392,0,0,1,c8fb35647e878446ad9adf787d905e3c0e8686072e22ca904c4ffd5325a23efb,b44f3f48ad32e86bcf43ecf387c9bd1c31e1b24ff7b10e350ffac285aeed0f32,6.768610511159107
confirmation,4970-29095-0019,test-clean,4970,OPUS_VOIP8,16000,43600,True,-20.775691644666978,-21.345809378685946,-0.5701177340189713,0.6099216938018799,0,0,1,94157afc503cb8b13b82f2c60227d6ae982700225286e19ec1104c308547d513,b8d421fa3d11c6456d8a082287f7a82503b10cb9e64bb1281e6713174d94ad5f,7.092844036697247
confirmation,4970-29095-0020,test-clean,4970,OPUS_VOIP8,16000,197840,True,-25.33746188208915,-26.060581565938303,-0.7231196838491531,0.5005027651786804,0,0,1,3aec5209e575d35f7d3227ebe191f35149273ae00e557fa41a16e2f527f3728d,835a80d7a309714793a56bf42c86e0df0e564d2d8431450aee3447dc8802393a,7.118803073190456
confirmation,4970-29095-0023,test-clean,4970,OPUS_VOIP8,16000,62480,True,-24.63998828981253,-25.25752888177336,-0.6175405919608319,0.6102079749107361,0,0,1,fe9fd707202642c496b9febdc3191c572bf33b61d70cd02ca5ee182ab176bf5a,19ac198937c842ed595fa8d09e4be8cfc6ece9f35a72177118627f263f540d2b,6.951088348271447
confirmation,4970-29095-0024,test-clean,4970,OPUS_VOIP8,16000,96640,True,-23.81780314741382,-24.343657806889215,-0.5258546594753987,0.5805240869522095,0,0,1,45b2695ba2f4f3b6eb4c76ed22de810adb31a8ff81f583ad8e75f3a206618b22,8b8a0ccc1edd9cbb34d0ec436e8f9803f0daf7a275a8bcb54ae6baa3366f4e4d,7.1735099337748345
confirmation,4970-29095-0025,test-clean,4970,OPUS_VOIP8,16000,61280,True,-23.9758749122552,-24.4731705763561,-0.497295664100902,0.4275246858596802,0,0,1,698acba0f470516287e6e14777a0e012bd08565febfd7fb61e309c20f70819a0,78a9c3a1f9c2932236de43530b0139015ee5e5f0aff2231bd0a83af058f8c212,6.5650130548302865
confirmation,4970-29095-0026,test-clean,4970,OPUS_VOIP8,16000,174880,True,-24.492565292044056,-25.20648429622774,-0.7139190041836824,0.5285676717758179,0,0,1,a50707d43f2b37ae8879f1cf0d1c796704294f589341d2ecaf37592b1f6e3c10,cdccb809b1de3067f4bfe3ee26fb9969af66b15262a66238defdfdcd74c7decd,7.186093321134493
confirmation,4970-29095-0028,test-clean,4970,OPUS_VOIP8,16000,234720,True,-25.042857664890086,-25.770095217994026,-0.727237553103937,0.5790285468101501,0,0,1,07644a30ca1b5c185d12c4525db78919715a3a3669acb7edd3ac6291d1f227fe,43c84935d1aed0084c79120152135cd533cfcd3da8a7c823e8a3b33c65e58bde,7.1078391274710295
confirmation,4970-29095-0029,test-clean,4970,OPUS_VOIP8,16000,62240,True,-22.56755993090392,-23.029759802390398,-0.4621998714864795,0.580050528049469,0,0,1,f2e0fc53a20f2619c43af8b52c18dbda73f3c21ccaa8abfdbba533f47ae73be9,42e928bf52195616886d6e80423ae6fea4ced826cb34e30459c9f47890572bcc,7.2719794344473
confirmation,4970-29095-0030,test-clean,4970,OPUS_VOIP8,16000,74720,True,-24.79112374291799,-25.65928040625707,-0.8681566633390783,0.6809684634208679,0,0,1,58cff84f6f7a0895af3123df69a25eda20be7dc5f01c4c076231d9a76a10e185,20f0e5fd2054bcdb2c2662b1d2d3d2dff38ce11bfbfa1416be924e5ff8ba4f53,6.860813704496788
confirmation,4970-29095-0031,test-clean,4970,OPUS_VOIP8,16000,240800,True,-24.21558587826777,-24.828853690677363,-0.6132678124095897,0.7442218065261841,0,0,1,57c9d0cc07fca930e50c9a3f69304fa695464a0ef836a21e874ae040658c3579,4c91423deb049d105ab4e32e0ffcee201b73f76462235892f700ea4adb4b40b6,7.202126245847175
confirmation,4970-29095-0033,test-clean,4970,OPUS_VOIP8,16000,192400,True,-23.803077393464154,-24.191532729459098,-0.3884553359949425,0.6424946188926697,0,0,1,88ca8535465885a393a638fcbdcbe09f32f0d9976ac462fb2ec4419b7594b3bb,d567fea299f58afb80adf99c01310953af443925f3cb378b9cc5dfb57ba88623,7.169729729729729
confirmation,4992-23283-0000,test-clean,4992,OPUS_VOIP8,16000,106320,True,-24.650911187461592,-25.36110998871213,-0.7101988012505417,0.5143025517463684,0,0,1,427f99f9eb658bd28b8d58bd0971b8865cab1589dc3674ffb90daf82a9168fe2,6cda64d9389c978fc34834f0df061169a27e11e18b885bd82cfddde24fd9be67,7.5389014296463515
confirmation,4992-23283-0004,test-clean,4992,OPUS_VOIP8,16000,128960,True,-26.435591941174398,-26.880918224477682,-0.44532628330328416,0.28944453597068787,0,0,1,43783e4fe58dba79d767961789c1b2bc1403a15c7e40f3fa14ad47b4bca26471,715aa6ce8cf061720ef45066d3aee7687b3389ada62857ad0b4cef955efd906e,7.539454094292803
confirmation,4992-23283-0005,test-clean,4992,OPUS_VOIP8,16000,171840,True,-26.04286758603262,-26.67188071738029,-0.6290131313476741,0.3189634084701538,0,0,1,447627d4e6f5b4c12c5951ab3c9769f30e89b4b74074750a2c11438e312e4ac5,5ac67732774a58cb417f1ad331b16ed8721b4f69312e35ea21dcaebd6b1e2038,7.603724394785847
confirmation,4992-23283-0006,test-clean,4992,OPUS_VOIP8,16000,47440,True,-28.369701654786205,-28.85402650888274,-0.48432485409653003,0.2781486511230469,0,0,1,d3d9979e5bc2ddcf4f7e332c45105ed91f651201b3807ba9470d27014cd4373d,4e6fa5795abbf1512c08bdb5af181cff605a08cae059b65afb501c154a54bf9e,7.036762225969646
confirmation,4992-23283-0008,test-clean,4992,OPUS_VOIP8,16000,78560,True,-29.062873690797126,-29.584939404267185,-0.5220657134700597,0.23659230768680573,0,0,1,c3ee519852e57b0bc588913dfe8dd7c8338e7fefea5f436a78d71cb76456ec49,d699ab8915ae67a1514bfd402661264231c98a8e8a5577c80613b767ee8bd0da,7.384114052953157
confirmation,4992-23283-0009,test-clean,4992,OPUS_VOIP8,16000,134320,True,-25.221301176497608,-25.703502797369975,-0.4822016208723675,0.5393931269645691,0,0,1,06264ff24f3e690ff2b11c521afd07bc60cd86b1cb1997ea4c6a7e80177ce367,a03aa1531f237fb8c1af58e6cec9d7a406948a102e11f54df904cfa7b24c995c,7.443478260869566
confirmation,4992-23283-0013,test-clean,4992,OPUS_VOIP8,16000,106080,True,-25.355523758018485,-25.899923134790516,-0.5443993767720351,0.39480602741241455,0,0,1,c78de68de91f438231227f04020436aa593bda72a1c345fed39fc747c7d163fa,9c9cc5ed0721b8694cd271997a5e64a67750596b0dc1b8d815d08fd02f9cce44,7.3713423831070894
confirmation,4992-23283-0016,test-clean,4992,OPUS_VOIP8,16000,71920,True,-28.34849352834874,-28.929784935616787,-0.5812914072680493,0.33249038457870483,0,0,1,7cbcbb506216a7c38e3061625eb08767c1976bd041cc9fd23c20fde29dfad1bd,6dfe088e458e19427e6c57152d40e80a94fd2ed5cb889999a1c03b5a47b93a8c,7.380645161290322
confirmation,4992-23283-0017,test-clean,4992,OPUS_VOIP8,16000,229040,True,-29.65569626649025,-30.141718568814348,-0.48602230232410065,0.2526393532752991,0,0,1,ee7bc060b42c6b1e5c50b60d00945bffc4f155fe693e618e7eb987b6b44c6cc1,ee0dbbcd388a5b8450a6eed4d381ac5d6985d8991a6b0e96726406e4140c4ea9,7.453440447083479
confirmation,4992-23283-0019,test-clean,4992,OPUS_VOIP8,16000,105360,True,-28.54895158785059,-29.156131725629262,-0.6071801377786721,0.37477242946624756,0,0,1,c0707da672a4ae959a41fa56be54f67abaccad61c21ca510c653c6ed461da1d4,473f971427233089cba345a44b11f62ab916a89d5f0e95f8009020fa42602eb7,7.2662110858010625
confirmation,4992-23283-0020,test-clean,4992,OPUS_VOIP8,16000,166720,True,-25.73383487433211,-26.254702597108427,-0.5208677227763152,0.45722275972366333,0,0,1,2d10b3c876e88bf8b14ae38d807ee0d26e366b060147b8ba0b9030711c3e6afe,1ff3d127f6eceb98a7cb7d88e517612c5c8b31c5e00f75cc9ce156df4ba18468,7.633013435700575
confirmation,4992-41797-0000,test-clean,4992,OPUS_VOIP8,16000,87760,True,-23.74627112170186,-24.002598013139416,-0.25632689143755855,0.45095986127853394,0,0,1,b367f5a6f05af22f987dfe00379c222d6b025152416c7f64ea98fa3365faaa04,10c195aaf262874a0b759106e4715d3c80c32adad6ee09342151495eddfb231e,7.505560619872379
confirmation,4992-41797-0002,test-clean,4992,OPUS_VOIP8,16000,90000,True,-26.477562560084948,-27.11049183313921,-0.6329292730542647,0.2791643738746643,0,0,1,b1c9f4d85d334036a65c235427e1a09684f851c23d465a53d5d717dc83c3c24c,6b689ab5c898f29c4ad47efde234a9b773281f177bf67c7d0d17a4266f39e659,7.493688888888889
confirmation,4992-41797-0004,test-clean,4992,OPUS_VOIP8,16000,117040,True,-23.144149621747147,-23.55629987053655,-0.4121502487894016,0.5541860461235046,0,0,1,2a54c709d7f56845e1a01e8d0f3798b3c2b752c0065ab3d7cd0f1b89cb343401,4fd4325b47a2d9ddece4ad3f8da266a744c72c3ef977901cb48c3a4fe263f40b,7.728776486671223
confirmation,4992-41797-0006,test-clean,4992,OPUS_VOIP8,16000,72800,True,-23.868473864049626,-24.314654916499315,-0.4461810524496887,0.6160388588905334,0,0,1,8dedfcf3d0b95f0a1bb5c6ccf856a471405336c950caccdc008ede9f8ba24b7a,562c167c3c43411c31d3521bc2a97310e27871a848799c8df982203e60b90141,7.6958241758241765
confirmation,4992-41797-0010,test-clean,4992,OPUS_VOIP8,16000,109120,True,-26.44550726526034,-26.791466319498344,-0.3459590542380072,0.4515466094017029,0,0,1,c22bdf1908990e5af13f18390c37098df4068094dcda247c25bc1a1d8ca68859,5e719f02aa2e60906d48b359ce3c938ca9cd4c128535cff0680fcecd582fd29b,7.480351906158358
confirmation,4992-41797-0011,test-clean,4992,OPUS_VOIP8,16000,87120,True,-29.371813168693755,-29.740716155110963,-0.36890298641720715,0.3040309548377991,0,0,1,5bd790d1f8be6a7a213d942514472585da47bdb72f449a8d227bd452def4021e,bc7de31a0f17ecdb45decc077459bac6165dfa7e680e5e97d01a3b61a58f4f0c,7.562167125803489
confirmation,4992-41797-0015,test-clean,4992,OPUS_VOIP8,16000,138400,True,-24.968358007255063,-25.175205572810636,-0.206847565555571,0.49459388852119446,0,0,1,b518556b3268ebccb3c40f09319bf306ac1a54352bcee3390d947cb9e5c88abf,05e1521c1d982ec1b3ffa6d8e2245c91a16db1a4ad4dd83e68a34801a035a799,7.647630057803468
confirmation,4992-41797-0016,test-clean,4992,OPUS_VOIP8,16000,52800,True,-26.742771814274,-26.891346461591993,-0.14857464731799028,0.2694093585014343,0,0,1,b2b4505bb417c4c222668258e923af32e143a70229b9670690dbe99cc0fbaf10,a612dd2b725c7f2192ffc6393bc724a6cf685563fa1bbe7cbb92d9e0fc82f2a4,7.386666666666667
confirmation,4992-41797-0017,test-clean,4992,OPUS_VOIP8,16000,139040,True,-30.533116823028482,-30.879781578578182,-0.3466647555496971,0.23371809720993042,0,0,1,a2f15cb8eb6f968c2eff10fa497ac2718585478169d7580e786a6db4ac5f58ea,f33ede7ca1479fab161a0cd3f0e4f5ecdcf96afef93c86994df277f136dd5a95,7.445799769850403
confirmation,4992-41797-0018,test-clean,4992,OPUS_VOIP8,16000,146480,True,-27.375822144001752,-27.68603233374815,-0.31021018974639997,0.2734014689922333,0,0,1,d7c0714c232a0d208e41503a08253929bd9c6f4f41d9343ef717cbafacc478ed,4a170cf227429176ed5c0ffa306d6d944d2a2ad2c34e410c6f690eba94ed4b30,7.6391043145821955
confirmation,4992-41806-0001,test-clean,4992,OPUS_VOIP8,16000,132960,True,-24.198702900290066,-24.445913510277464,-0.24721060998739813,0.4834650158882141,0,0,1,644c2603a4e62d08dceb0fb9ab5957f8e37784268bfe74a92a813354a23b0aa4,f8eb932bd35bc691c60f56822b3d67447ee2b32f53e136b7e4069764ebf3bf1b,7.612033694344164
confirmation,4992-41806-0003,test-clean,4992,OPUS_VOIP8,16000,147840,True,-26.097000672859757,-26.42561169157424,-0.3286110187144822,0.4777958393096924,0,0,1,ccef28291957f24d918aa8c5b1baeb14a8ce4c4fedd57539b865726459556720,b2f14cde16496d46d806b517ff8d929d96ad9a41b0f5e88528858d7cf85b5f87,7.607792207792207
confirmation,4992-41806-0004,test-clean,4992,OPUS_VOIP8,16000,59200,True,-25.153486325386506,-25.23990006470353,-0.08641373931702238,0.34948959946632385,0,0,1,a013eed2f594c9246eae40dd44c205cbc6149ed119c3df320bbe12fcfdbc9106,49b637d42f57c3a920f05c0735acb6bc316986c118be329ec5a6c73bc51acee1,7.18054054054054
confirmation,4992-41806-0007,test-clean,4992,OPUS_VOIP8,16000,182640,True,-25.78953793663196,-26.25677456740381,-0.46723663077185396,0.37245801091194153,0,0,1,c6e6c514eebc521b0dc130e235d204952bf7ab38f0dff2aedc523d5d61a91928,cb897ad5167e56f110d6c7645a0a696b41e107cfaac2a87f53630e5290dc9a3d,7.650284713096803
confirmation,4992-41806-0009,test-clean,4992,OPUS_VOIP8,16000,69680,True,-31.052591044055774,-31.702060206769268,-0.6494691627134943,0.20120003819465637,0,0,1,6d0f398b5a508786551af49f2c4b9c57a4214443bffdc099912471a64247843f,1963c41e73eecf8f2bd202adcdff4c6a22eafc9eb7f99bd45ed7780b3701c539,7.432376578645235
confirmation,4992-41806-0010,test-clean,4992,OPUS_VOIP8,16000,34240,True,-25.74115946753227,-26.11763507102971,-0.37647560349744114,0.2809731960296631,0,0,1,d840d9a216a3f263f7a8acceea83dd0ef2c7efc8975259d1719232fb7e0c8d5e,34a1fca73656b84cf2e29c28db44b1238a23e4e649a08e5e01478390b68a4938,7.147663551401869
confirmation,4992-41806-0011,test-clean,4992,OPUS_VOIP8,16000,125440,True,-25.56683331095758,-25.93973897986091,-0.3729056689033297,0.4078809320926666,0,0,1,f864baac634aa2c83363851ca23e09f3e78d56a6b69f0f134379730b608834a3,a6e91538ded73aec5af94267d3a007f5c01d022661cd3b689d173f5cec71f154,7.465306122448979
confirmation,4992-41806-0012,test-clean,4992,OPUS_VOIP8,16000,107680,True,-24.540052535498575,-24.901001274170756,-0.360948738672177,0.4153178334236145,0,0,1,e71bb5c14100d30225002ad6aada961b0e9a54e31dbec3f7385bbe977676a072,04d51b91ecb851b6fd540e3a38a9d7d109295e4d9e7dec3c9de9b96064725750,7.369985141158989
confirmation,4992-41806-0014,test-clean,4992,OPUS_VOIP8,16000,243360,True,-22.10507594963159,-22.42837798830664,-0.3233020386750502,0.6365904808044434,0,0,1,d76ae6dd5e15a26910c3f03a67786f177cc90e678214a35feb3a57ad2e3fa4bd,745ca36382544638be4c9e6284dd6de6e22005e05f5cbee429e3234c81249b92,7.745956607495069
confirmation,5105-28233-0004,test-clean,5105,OPUS_VOIP8,16000,75760,True,-27.099307838959547,-27.84740308950588,-0.7480952505463366,0.9681912660598755,0,0,2,520ce42acd91214d2f8b002c253a4f5a48dd700e2baba90b90ecd63e26c9104b,f9d6c325c12c934ce66c267f35ff00f2e67f8f67d254014387fb8a9174c78f50,7.221119324181625
confirmation,5105-28233-0005,test-clean,5105,OPUS_VOIP8,16000,182240,True,-25.62288680354004,-26.414726730541616,-0.7918399270015751,0.758043646812439,0,0,1,81c01354c66c8cb3316dd3aa6f62fd4eb98b1f2cd7effb4276a9e6ec0037625c,917fc1469ec2d16ffac4805d3f5765dbde324717b604264e0c4354360ed9801d,7.312379280070237
confirmation,5105-28233-0006,test-clean,5105,OPUS_VOIP8,16000,88080,True,-25.299951225836608,-26.018861506019007,-0.7189102801823972,0.7296664118766785,0,0,1,3c8b5bb65d132ac47b2c4a87f5fd9ba97ad46a38c65e3784c756ff0700f418fe,45bda77ea26fd2110469a059b4b0f96637c39620a9a809bef81afc26addfe30f,7.091734786557675
confirmation,5105-28233-0008,test-clean,5105,OPUS_VOIP8,16000,171680,True,-25.314750788509244,-25.882751077888926,-0.5680002893796838,0.9760821461677551,0,0,2,2abf9980d1173ba26145c2db425f63ef3ee116d7388facf52b6135a4c817b17a,864d6f25f671f6213726873d117c0879e57a6884d6d227478d3907ae0c8070f9,7.3960857409133265
confirmation,5105-28240-0003,test-clean,5105,OPUS_VOIP8,16000,88240,True,-24.65676164687769,-25.613417117112796,-0.9566554702351081,0.8829461336135864,0,0,1,b8915aa24ee263749916a34bb8a2a8d0c84edc9fbdfd04a984a947366a38a04e,869648dc2e18a57d01defadfbd57322c385c2a9bdb3bb6cb4af8ac8051e57618,6.9700815956482325
confirmation,5105-28240-0004,test-clean,5105,OPUS_VOIP8,16000,96240,True,-25.45109905698315,-26.398337044775054,-0.9472379877919063,0.6289355754852295,0,0,2,ddbd2e413322c867c0deb51765e9394c9e52f79d018995ac20f6dece601551b3,fb5b82e965715890b18a8c292d5a2ba96b5c17de26243502ca15f75454780aaf,7.248545303408147
confirmation,5105-28240-0005,test-clean,5105,OPUS_VOIP8,16000,118400,True,-25.667645452416096,-26.709290497150402,-1.0416450447343026,0.8041251301765442,0,0,2,d48888843f86c864a9fc82388afc43983d09d7462f1fd022d760f25c7bfaad04,3626f0c3555851ba6eb3020a4ec3b466a7e56c36103554cbd58d18f39f9909a0,7.184864864864864
confirmation,5105-28240-0006,test-clean,5105,OPUS_VOIP8,16000,222080,True,-24.240193380301477,-25.217762722721805,-0.977569342420328,0.9354304075241089,0,0,1,0171209e348ec434a6aa01e364fcf4aad0060a6dd88a3d51d38da0fa98561716,5d7573e9a562f0ea37382fa5186442fd710a8b3631d367172cbe4eff50d067f6,7.1965417867435155
confirmation,5105-28240-0007,test-clean,5105,OPUS_VOIP8,16000,74000,True,-22.672179247890018,-23.87744876364282,-1.2052695157528015,0.9572144150733948,0,0,1,bf90363dc3bfc230265310b5756b03783d694550d8c43dd807542b6f6737f120,1a9f1fb3e585511850f67d6a5ba1f30ee99101b890a53b39da0b46170dc70f46,7.0936216216216215
confirmation,5105-28240-0008,test-clean,5105,OPUS_VOIP8,16000,183680,True,-25.42693875168176,-26.395517871567765,-0.9685791198860088,0.93690425157547,0,0,2,b8b01c56edfc2a98d42536e6322a18c53fbefbb09d9b781fb85131d204676708,8e82a3ba25ccfc96c24e86bb7052c14e9b4520a59262aaff613d84fd4d4b9eaf,7.328222996515679
confirmation,5105-28240-0010,test-clean,5105,OPUS_VOIP8,16000,46960,True,-25.945114375656186,-27.21171340876659,-1.266599033110407,0.9189526438713074,0,0,1,bd7f881cb35107adbc0fe221450affb854324915f7c99cece8d89eebfcabb65c,601c88d2d36b7d33d520dc32ff0896855f8bea4583d028f2de717118994ed08e,6.811584327086883
confirmation,5105-28240-0011,test-clean,5105,OPUS_VOIP8,16000,96320,True,-24.990381079106882,-25.9471982123099,-0.9568171332030158,0.5744637846946716,0,0,1,48f771b416f50a5d53236fa0b3477e9e955f039d51798f53c6f25b1ee77ee1f1,735967543deed1e513a883c93209aece17cc1e243036492062f9dfa772cfaf5a,7.165448504983389
confirmation,5105-28240-0012,test-clean,5105,OPUS_VOIP8,16000,75680,True,-24.270153546174814,-25.08831218437846,-0.8181586382036453,0.6981131434440613,0,0,1,10fa3f228aa9fda3d82c33e33e192160cb8b63bb60363fe1230370536285178a,225696cfb59fed952191fbda894ec8f25462153776349b520de591ac2b8dd19e,7.178012684989429
confirmation,5105-28240-0013,test-clean,5105,OPUS_VOIP8,16000,47360,True,-27.472291175541216,-28.773975436656613,-1.3016842611153976,0.41557177901268005,0,0,1,ea3b9a69a87cf73b856f44efae46ab60a632863301e9627e462cff743292de40,ef6c838488af14823357cdefa6b8c4c851083c422cbc7eeb6c9ce12e6d2132f1,6.72972972972973
confirmation,5105-28240-0015,test-clean,5105,OPUS_VOIP8,16000,136400,True,-25.79367917490426,-26.795736201003926,-1.0020570260996668,0.5553830862045288,0,0,1,45a0e764c5d7e75c56fc1ac2a4534f108f13e1c590a32bf3935f380cfc1a4fa4,a757f0f77163826644aa2193d986881463054a01fc61c07072894e61b2d4d944,7.294310850439882
confirmation,5105-28240-0016,test-clean,5105,OPUS_VOIP8,16000,66720,True,-28.172682067285777,-29.251801049413352,-1.0791189821275768,0.33295735716819763,0,0,1,aafc014450779736199315be0a280be1cbac4dfe686704e77aaa42c73e993791,1f47418669d4892ab28215c9f234efee29f20685fa383ac493ecdaf36cb1e98d,6.77410071942446
confirmation,5105-28240-0019,test-clean,5105,OPUS_VOIP8,16000,99841,True,-24.455246927669098,-25.499535219040613,-1.044288291371514,0.8032690286636353,0,0,1,81b27a609e4001b4c2a401b414ebbf3273f8d55cfddd98a69ecf80969cc8b1fe,1d9e878b68ad2cecd6d398e2fa41875c20eacc47759349175aac49d5b1c9d570,7.233260884806843
confirmation,5105-28240-0021,test-clean,5105,OPUS_VOIP8,16000,199280,True,-26.05807610716132,-27.091043879419196,-1.0329677722578738,0.6974953413009644,0,0,1,09606057791e8e67974de9814632e64e1bbb7b329863d81d8c032b24a94ee497,f35a0f30f9b4b187866204162d944c26c5407c5f566bdcace530a5d30f69ae90,7.371818546768366
confirmation,5105-28240-0022,test-clean,5105,OPUS_VOIP8,16000,75600,True,-25.402093815653792,-26.90476596764478,-1.5026721519909896,0.4324559271335602,0,0,2,26eeb10772f5f94527c0b97c961332573384a1c703aa0da9f808bc0aab252191,7d71b929fcbcd5523660a0d22037dd5ab58f16f2157817ec2afaa0edbe938df5,7.23978835978836
confirmation,5105-28240-0023,test-clean,5105,OPUS_VOIP8,16000,281120,True,-25.966688378844793,-27.1090955714349,-1.1424071925901087,0.713519811630249,0,0,1,32b59697942181ab31b3cdf4beee489d3fc34e74e62353760ef079235d45ac6b,71b08c3e3805175b0897ab004cb9014647e4ddffd3f33243df794a545e6380d6,7.381217985202049
confirmation,5105-28240-0024,test-clean,5105,OPUS_VOIP8,16000,131200,True,-23.918990173881454,-24.8821467622388,-0.9631565883573479,0.8803521990776062,0,0,1,0690a52f39084096574b5c1898e5812c18dcc1918e6175ed9ef760232b642f1b,06eed3d439768533b63d8dde0afa6590108e7aac497c3c40cb4a8918d9ca5011,7.1990243902439035
confirmation,5105-28241-0001,test-clean,5105,OPUS_VOIP8,16000,336240,True,-28.05154818982541,-28.83399183172219,-0.7824436418967768,0.8854549527168274,0,0,1,0475f41b15b9558383afbeca87c4a9e684fcaf42d257f91a007e83d3d7780dad,c078b18b0915f98311cf2f45ce16684fa9024ddf0fa97d375026f65d8003909f,7.172400666190816
confirmation,5105-28241-0003,test-clean,5105,OPUS_VOIP8,16000,63680,True,-27.914325164172435,-30.407541292809007,-2.493216128636573,0.4046558439731598,0,0,2,bb00f36528c0df7f3dfe14adf6e3b116d9804a910a8cb441d938923fddc15902,388da0aff86179ccc612826cd3389a2402ec709d7bf4efbdf71b0b2de895fabd,7.093467336683417
confirmation,5105-28241-0007,test-clean,5105,OPUS_VOIP8,16000,30080,True,-25.327930273440757,-26.39558680335282,-1.067656529912064,0.7141029834747314,0,0,1,f9ec7bf61465f71872e679f1fba716509ac5a28a639be142a887fb5f3ae0b9a6,e2b2d49c1ce24be3f168f300d1dbffb45cea7c6068396ed0267392ee6572b583,6.795744680851064
confirmation,5105-28241-0008,test-clean,5105,OPUS_VOIP8,16000,136640,True,-25.303199798722527,-26.238551929164913,-0.9353521304423866,0.7283698320388794,0,0,1,79c47d4c8a3d04cfe08f862523f5055452962899f577d5eabe66738b55f6a5c8,549ba6ef8a807833357263449e6b42946ef8859d38aa3e41dbffbcdf6503414e,7.185948477751757
confirmation,5105-28241-0010,test-clean,5105,OPUS_VOIP8,16000,36960,True,-31.663463763035956,-33.36838667767797,-1.7049229146420122,0.2639412581920624,0,0,2,d25c22441dca39e3825cdf7bdfd5cf96a49026b3d6061639a5bb7d81f563f79b,b8a1cb526caf2599cc1bbac73180a69d5efd1a306bc2a1b3dde58cbe478cdb0a,6.7186147186147185
confirmation,5105-28241-0012,test-clean,5105,OPUS_VOIP8,16000,108400,True,-28.481568385181983,-29.85338649821265,-1.3718181130306608,0.545525312423706,0,0,1,6159c3d87ff3610297364ab54a825958e001f595bf556d5ed632bda0dabea481,0ec0c2e10c5e0b1801534d8db32ecb812263255c197ad2722a302229bb4d841e,6.967970479704797
confirmation,5105-28241-0017,test-clean,5105,OPUS_VOIP8,16000,204080,True,-25.995118101726824,-26.710053826734217,-0.7149357250073962,0.7301322221755981,0,0,2,de7d3d159efae0923691dda31ecddec7d728a8d35d87d8100900c7189c80fd8e,aeb62ca83b9ef2d3b8e3c17a8c778292c6e143ce0edea9bc349b4e3accdca955,6.9952175617404935
confirmation,5105-28241-0018,test-clean,5105,OPUS_VOIP8,16000,205280,True,-26.94092015894119,-27.902177180099997,-0.9612570211588091,0.5663846135139465,0,0,1,13add1b4949e93391b4b5d734e2512ecc16ea0d43a328d2d6d3407720a7b5449,604f9c826cd302c927f9b6b33079067ecf4f867595b6128876a563da0625c1c3,7.069056897895557
confirmation,5105-28241-0019,test-clean,5105,OPUS_VOIP8,16000,84640,True,-29.753814832387818,-30.677055648331546,-0.9232408159437271,0.5835245251655579,0,0,1,ea3c0db0ac8ac6dbcccc3a9b8ffa1002e95a1f6356f2cee3ef0cc767bf147aed,6b113010897e0f00e4487faaaf5832b8c9dac6d929923f0fc16db1e39674bf87,6.885444234404536
confirmation,5142-33396-0000,test-clean,5142,OPUS_VOIP8,16000,32080,True,-24.9446656763022,-25.780161864976918,-0.835496188674713,0.4349778890609741,0,0,1,9caacc1c38825be40607624dacc3f2504012619ce172b7e80e456058c19bdd64,3d115ff4f624652e51152d1f130f63732d3ac3de7e4c73a89f24aef8ac28c5ff,6.994513715710724
confirmation,5142-33396-0001,test-clean,5142,OPUS_VOIP8,16000,80320,True,-28.658502656089947,-29.449066441657408,-0.7905637855674562,0.38607048988342285,0,0,2,d32802e393bb894161b99f34fbc57d60b4650a72be379479dfdc24fe05ea6b2e,40ec415d310b1be20972358bf7fe10077080f4efc5b07dbfa9297a4ec50485e3,7.193625498007968
confirmation,5142-33396-0002,test-clean,5142,OPUS_VOIP8,16000,58720,True,-30.045802422810148,-31.314020801484332,-1.2682183786741845,0.41284802556037903,0,0,2,98d16dc0b5b1d9a5ac82cf658e3968447c9fe7f718541a47fbce93bf869fd24b,de047f3540dd341d2988504b7f6ef219440ae602d639d3c9ca546d4766f0366d,7.114986376021799
confirmation,5142-33396-0003,test-clean,5142,OPUS_VOIP8,16000,55520,True,-27.27809628694715,-28.814077920877107,-1.5359816339299601,0.444406658411026,0,0,2,0fdf0d3fff46acfdf4aeef30c43809f027473bbb83b8dcaa1e156c984cd098e9,d6814b175ee754198e35c158b0aeeb4d31d61f232e9978bbd655991836c04819,7.0132564841498555
confirmation,5142-33396-0004,test-clean,5142,OPUS_VOIP8,16000,35440,True,-29.556098620362082,-30.806344136014793,-1.250245515652708,0.41422122716903687,0,0,2,d69e7cbab8bee3041e501f6ad4d19866f7de674b7bd2bdc681a051ad1e63eea7,f2c4dd886b1daefd51c6bcfa95cf7a2ffd7f63bcb1d2b49170ae791eac056dd2,6.909255079006773
confirmation,5142-33396-0005,test-clean,5142,OPUS_VOIP8,16000,35600,True,-27.031930779690367,-27.47235328740625,-0.440422507715879,0.5459229946136475,0,0,2,e6f4b091a80c099793c3c7d00eb03be37bc078eabc1d513d44b8576f36ab1436,00167581148a52ffdc4a1eec31ffa4a0830c7181231a667b4956628455c66a57,7.144269662921348
confirmation,5142-33396-0008,test-clean,5142,OPUS_VOIP8,16000,33760,True,-27.517505134452527,-28.868822278273434,-1.351317143820909,0.30999112129211426,0,0,2,962f5dc2e67fd6a98f098609baf309011c2474ceeda2fb8cd5c749aef29dc95d,e73d95d61f9a0c1a72e3a36b7d6ae8c3afb1373caeccad0350b1c72fd861ee97,7.067298578199053
confirmation,5142-33396-0012,test-clean,5142,OPUS_VOIP8,16000,73440,True,-25.515071883026682,-26.368545266086613,-0.8534733830599285,0.5730875134468079,0,0,2,d60c6c8f59343dcf687d4e854d9cd9b409223399c6651267cc9dcb587d3ad495,3fc30dd900cc3184b9a36da7b4c8baefd7132ccb4c8b5e654097096aac9ae42e,7.313289760348584
confirmation,5142-33396-0016,test-clean,5142,OPUS_VOIP8,16000,34640,True,-30.601198001913993,-31.909157222880307,-1.3079592209663153,0.2374105304479599,0,0,2,fc2c83515876a7e1cce5b92d2d05ecf4d9b62c68e9ecbf7ac5ca49b983986729,92f568572de1b142a936bc014ee3f247b23b8089e17981245bb2372cb319de21,7.249884526558891
confirmation,5142-33396-0018,test-clean,5142,OPUS_VOIP8,16000,63040,True,-29.08157259794943,-30.227741241490694,-1.1461686435412615,0.39364176988601685,0,0,2,d4feb13b0e418f82ced4f84f412751782ccba62fdef1895bd5ec9ec40f1a2676,6a6095f28be20b6ddd70b4747c0832cf2842e0839665e8c5a3c00da34b2f0cb2,7.208121827411168
confirmation,5142-33396-0022,test-clean,5142,OPUS_VOIP8,16000,76320,True,-26.32955574420107,-27.062344002870198,-0.7327882586691282,0.5268998742103577,0,0,1,855d58fa11d409ef7ea0a4c45a340788afa882c8122ea2c73f32d0fe61091c9d,d7d5343e6c5136566c09f25dba8c417180cdadd30919855a9c9aa70d899e8201,7.315723270440253
confirmation,5142-33396-0024,test-clean,5142,OPUS_VOIP8,16000,85520,True,-29.20060015831467,-30.335156848576336,-1.1345566902616637,0.3816523551940918,0,0,2,aac2009452355b01c6967bb68c91571a6dbda7cfe45c57784b767ec57dfc126c,da1b6f39d062eccdeb809265dc255ba97188bf9c262efdb0c74daac7e6aea654,7.14087932647334
confirmation,5142-33396-0027,test-clean,5142,OPUS_VOIP8,16000,35760,True,-22.700508506232833,-23.545797455171297,-0.8452889489384635,0.5861309170722961,0,0,2,fe02620093c461917f6787cb99f4f0ac97b3793ff304d76e30525db3f7afcfe9,e5808ba8783410659569aeb89382c9e42326ec820eb4b2a45e54f9b5ffe57211,7.3986577181208055
confirmation,5142-33396-0028,test-clean,5142,OPUS_VOIP8,16000,60080,True,-29.067488378898453,-29.766419144785495,-0.6989307658870432,0.28770342469215393,0,0,2,a4aade940302fa1de2ecbbe7e83d6bcded617a56445ec8e2595d1451d1490a9c,7551ef1ad2234da696ddf65a1c29cd292f77e6f3d578cbd2acf8479f588dc281,7.318242343541944
confirmation,5142-33396-0029,test-clean,5142,OPUS_VOIP8,16000,34160,True,-23.687173738435515,-25.66872514946767,-1.981551411032155,0.4875265955924988,0,0,2,7f3e595f60d183b03d63e7fbcc114b66142845d1e7aca361afd71e8fbc6a36a5,a175d9247e12ee1c2c9a40862c4cbc1ccfa1d7b0b3535030aea65f6c5f275b3b,7.183138173302108
confirmation,5142-33396-0032,test-clean,5142,OPUS_VOIP8,16000,156560,True,-27.28974477361242,-28.1390510424667,-0.8493062688542823,0.3894321024417877,0,0,2,34a3a7eabfd407e3a36b98d899a1361d858b796bd7f337d2ff4bbf3596394a4e,e30dd22dee0c29ee0e1fe35d335bcc77afa3d8264cd6011d708fbcd895d4197e,7.440776699029126
confirmation,5142-33396-0043,test-clean,5142,OPUS_VOIP8,16000,60320,True,-26.480666398327422,-27.826416881283404,-1.345750482955978,0.4394717216491699,0,0,2,68a3f179d38585bb7f142836799616cb35499903430e4d1739514b900171d56d,8a3bd4f79c97c585f4add27634024b4870f91a793539f6b229d7cf4795c13815,7.149071618037135
confirmation,5142-33396-0045,test-clean,5142,OPUS_VOIP8,16000,38160,True,-24.440304422869076,-25.56653609686339,-1.1262316739943117,0.7281062006950378,0,0,1,7793f6ac4c4194fc7518882f84a72ca68cd594879ee15a5076028c9ada381b27,8da5f2c48c245a646b134258706de210264b5bf4135406a7fe185f2c2fa390ae,7.013836477987422
confirmation,5142-33396-0046,test-clean,5142,OPUS_VOIP8,16000,59920,True,-25.08485930426974,-26.0055265815782,-0.9206672773084562,0.5208794474601746,0,0,2,2a7f1f950510ab54861f8fc9e98af14788d5f67ce0fda81ecd60c94653340cd0,15353ff2e25cec07c6277436dd96e246299d41438820da513e1e96f4b24f0c42,7.474499332443257
confirmation,5142-33396-0057,test-clean,5142,OPUS_VOIP8,16000,49200,True,-27.879893777916,-29.26718959442946,-1.3872958165134661,0.30751386284828186,0,0,2,7f383ceedd9688fe2258f0c08dc67bfc52b8c649f532dd50e8f9c2bbed4c624b,16cf3755860ab1e88d508187858bbd731fda3d4a7dafbd46079f7eda9313c1e7,7.307967479674796
confirmation,5142-33396-0067,test-clean,5142,OPUS_VOIP8,16000,89040,True,-29.638001721350822,-30.620429229122927,-0.982427507772107,0.36079731583595276,0,0,2,08f8bc8a3fdc0d22964a1de89afee698e0e9970612235dd77741b176a2af342b,a261130f053c8b84268df389c6f7bfe6632e1cf6a15a83f60cd04fb0beb01b30,7.123090745732255
confirmation,5142-36377-0001,test-clean,5142,OPUS_VOIP8,16000,86240,True,-25.72576737512209,-26.525449581939196,-0.7996822068171089,0.3379972279071808,0,0,1,6ce2c55a1bbaf16f59fb266e858d6cf04ad1b9882a1866341af1b0ea5ac01f3f,33115c260ebf3dad3174b21c255bd119264936f1aef4889e80e2b117b842de95,7.753617810760669
confirmation,5142-36377-0009,test-clean,5142,OPUS_VOIP8,16000,82240,True,-24.714972557220307,-25.88646914213696,-1.1714965849166572,0.46295812726020813,0,0,2,d65e582adafeaa8cb20adedb8f4796d1c3cdee5b7813af7a2ca5b427115506a9,91eec9fdcf5587d2ebfba080c3715e954633e60ae7ad0fa812d97395adb54109,7.578210116731518
confirmation,5142-36377-0011,test-clean,5142,OPUS_VOIP8,16000,34641,True,-26.158563654914406,-27.59638231905356,-1.4378186641391553,0.3270052671432495,0,0,2,ebe6017e426a34202ef7113f5dff04b9ce7ec8c7421868c16672c435a7c5a7ac,83221dbd6d029d87fa859edb1103d6312c14713423fbbaaf498b2044900aac00,7.29032071822407
confirmation,5142-36377-0012,test-clean,5142,OPUS_VOIP8,16000,43440,True,-27.94844815390334,-29.73983632825778,-1.7913881743544429,0.35524553060531616,0,0,2,687c4de9f6576b39d425c7951f0d37130c9fbd20b14a583a60b729b17536b121,d638b6b2515e5595551815fad327b010dc2438c2531eb33ce8b912931abc7604,7.257458563535912
confirmation,5142-36377-0013,test-clean,5142,OPUS_VOIP8,16000,105360,True,-25.559086709046372,-26.38736326031374,-0.8282765512673694,0.4154318869113922,0,0,1,158c946464b9577c7ee413336552ba509f64ef2f2376b081fc233a6e0c4998d3,d33122d51f05d580944b66446caffff409797d575cf0fa3266e5ece483c90dfc,7.47881548974943
confirmation,5142-36377-0020,test-clean,5142,OPUS_VOIP8,16000,72480,True,-26.915203498036306,-28.060590353421926,-1.1453868553856175,0.38784781098365784,0,0,2,d3eb093d3f0b18b4f45e00e19469024181c14c66a07d805e2f60f51c18f06ef4,03b6398a4475fa1d9041e8fdbb6a69507a7f37da35315e9fa72403b2a159b275,7.584988962472406
confirmation,5142-36586-0001,test-clean,5142,OPUS_VOIP8,16000,35440,True,-24.874281418668247,-25.94928218090231,-1.0750007622340605,0.36035507917404175,0,0,1,c974c03e5701cd53e597106c85d0e27921fe7d0bbc17261b6dc88d5bb5a12bf4,ea016ba94d98644f99509abe1f6dc079461a560fbd48a1598378d75a88fade58,7.588261851015802
confirmation,5142-36586-0002,test-clean,5142,OPUS_VOIP8,16000,37360,True,-25.752717956363718,-26.604878724467387,-0.8521607681036683,0.39940446615219116,0,0,2,ee853b0d61b884930e484ffaa491c49c065df9f373d79fa335b621c723b549b5,b393ca05d9a4ee5d960f8c96ba4a9bbdf0ab49956bc80d32dc8e2f76822d0e59,7.181156316916488
confirmation,5142-36600-0000,test-clean,5142,OPUS_VOIP8,16000,40400,True,-27.51153195745092,-28.655579622896777,-1.1440476654458531,0.3016090989112854,0,0,2,8b494ca0d622393f7621af9abad228e814fad0b692405e1638fa07b9334e003d,a943992aaef1cba8f81ef764631eba9a95db54b14590700d89cc4f96ad1888e0,7.3631683168316835
confirmation,5639-40744-0000,test-clean,5639,OPUS_VOIP8,16000,252320,True,-28.05575215109036,-28.668843122519792,-0.6130909714294297,0.4177563488483429,0,0,1,591801e01e58a62e45d2425c2433192071aec8a32ab65cb57c4639bf764e54d0,71e6fe06c51a79924ed23297a05d0cb05fe671724186ad4fccbe63ef260b644f,7.3714648065948
confirmation,5639-40744-0001,test-clean,5639,OPUS_VOIP8,16000,199040,True,-30.349771692486694,-31.092351182576927,-0.7425794900902312,0.388468474149704,0,0,1,7140ca89cba181c9bc20d2cd8667dad7c2217de102b8eebf25ce5c7de594ae5e,45dd24673f0e6c1cbeec5dc8fee7c0a307a2c8490fd578e8f92ae4c102928cd9,7.345337620578778
confirmation,5639-40744-0002,test-clean,5639,OPUS_VOIP8,16000,142560,True,-28.16756644282951,-28.872083034000834,-0.7045165911713235,0.4100128412246704,0,0,1,e83215138930b4888d3d0b1d99bbe9d7225c61f42176f5e23c5288f8fee1696d,b7582dfb10df535abe20602af2462ffd906b844fa94f4787ecc459311eaf30be,7.3580246913580245
confirmation,5639-40744-0003,test-clean,5639,OPUS_VOIP8,16000,433920,True,-29.576524668445984,-30.20514466942872,-0.6286200009827365,0.49635371565818787,0,0,1,942971cda81926a41a083bfb3d2883b37893db1a661acc25766d103f429bd919,982abf3a0fd24705fb913e6b7f424de7151afa5376919e54542f8f316a8aeb4c,7.311504424778761
confirmation,5639-40744-0005,test-clean,5639,OPUS_VOIP8,16000,90320,True,-32.41396004723931,-33.5360315343755,-1.1220714871361912,0.3435298204421997,0,0,1,30d387c863fbbb82af66e632e2c1bb282bbb46e2f57300e8fa4834201ea44b15,557497e4a89d281974a4af70026eaa8781d7f6ba02d356b5aee01b0887fe7290,6.999468556244465
confirmation,5639-40744-0006,test-clean,5639,OPUS_VOIP8,16000,128720,True,-25.72125612555557,-26.379677578795338,-0.6584214532397692,0.5012535452842712,0,0,1,15c3f33c38e182fd3bf8d4986bb5729fe20862c1e8379a6315a2b3d07a1a60c5,6e36ca6a9979251e425f1c7f1eb570aa66072273b3ce55b3d2db90fb77c3c58d,7.332753262896209
confirmation,5639-40744-0007,test-clean,5639,OPUS_VOIP8,16000,93200,True,-26.72174374187929,-27.616721784681125,-0.8949780428018359,0.44862496852874756,0,0,1,2898ac5d2ae07f5e2eb5b0d1b43c9650e772ebedb8a0e79e257bbf44855bfd8f,2ddba7824c41e0c5e402ec616c84d22fcc38340c412775777dec0ebfd0b7ab1b,7.0290128755364805
confirmation,5639-40744-0008,test-clean,5639,OPUS_VOIP8,16000,35440,True,-30.66917836217892,-31.67492631885372,-1.0057479566748,0.2889282703399658,0,0,1,82893fa038cbac520740fdfaf2161316dc68c06d6ca0b5eea8a2284f05269c95,390878fa2350bbf1bade4f6d40e6b78d6f4acebfb453eafe5c85be50478b77a8,7.050112866817156
confirmation,5639-40744-0011,test-clean,5639,OPUS_VOIP8,16000,42640,True,-30.115466159888488,-31.107566852008922,-0.9921006921204369,0.4084275960922241,0,0,1,0821cfa62b89723711d50d6b4e03e831b7c53402d0fd088a1db38d6f515c7e50,198479c82e7d7cad43f7482d7a0b3a59269c11581f1421d45578d35d4524fdae,7.003377110694184
confirmation,5639-40744-0012,test-clean,5639,OPUS_VOIP8,16000,137520,True,-30.811976723343456,-31.58530625700756,-0.7733295336641048,0.25194841623306274,0,0,1,ca8e1b576be644f9ec2b1674f90bdbc7481fca821e1b8037c6d98ef68f303ddf,1b1fcb899712f5971135e6c6e9e5a1a339e41da61ed87373dd2a29c595e459c3,7.385689354275741
confirmation,5639-40744-0013,test-clean,5639,OPUS_VOIP8,16000,109840,True,-32.469388774245715,-33.20507267785066,-0.7356839036049381,0.2593250572681427,0,0,1,08c4e5baef3818bb5255a0304663b978b726fbcace01fdf41e7b8eaf07cc47b7,119f8f1b2c4053c59c66103346ee27f92be3e81f6b8740f10b11191c18887cbe,7.026948288419519
confirmation,5639-40744-0014,test-clean,5639,OPUS_VOIP8,16000,123520,True,-31.03962367123785,-31.869778046615373,-0.8301543753775164,0.33542951941490173,0,0,1,51aa0db08c8bffba19c26f08fdfda8354d0c9ebc80fac7a398236a77a133c621,5f05428c5e930336b21fd44e258323a47b0f363d2abd91766cbb6f3708108f20,7.138860103626943
confirmation,5639-40744-0015,test-clean,5639,OPUS_VOIP8,16000,176320,True,-29.61413640279108,-30.304399667491175,-0.6902632647001004,0.3982888460159302,0,0,1,5c4736319c56acf7c5646dd32f990dca5e42fa62b9714d3b24010d0fe1428d27,0224f626b9a58437d2442f7a09b62f7b868de42a8e7d918c01820ba1d820f5c1,7.254446460980036
confirmation,5639-40744-0017,test-clean,5639,OPUS_VOIP8,16000,94080,True,-30.99026555678606,-31.921444413138104,-0.931178856352043,0.317042738199234,0,0,1,cc95590f82ca7ce9c469357265b8e32278eed695ee48e38654f485c38871c7a6,63a3c251bed0211a8a2eed3e36abe7ca00a757c7f1079923f9dbacc3f7d780ac,7.057142857142857
confirmation,5639-40744-0019,test-clean,5639,OPUS_VOIP8,16000,192960,True,-33.46495499315935,-34.41760461001331,-0.9526496168539623,0.2070847898721695,0,0,1,ee807a354c79838b88ce9d42c584e6ed18febc3d69fbb5b8035cb5de54376e9b,93ddce75bd2cc7a1a9e87ad8bf6dda466febf7d9b7b6373de941fb7b84113f82,7.228524046434495
confirmation,5639-40744-0020,test-clean,5639,OPUS_VOIP8,16000,157120,True,-32.69421962234175,-33.63733936473375,-0.9431197423919985,0.22250737249851227,0,0,1,fdca2071a497dd39150a2efae2c76e04a5dd6712a8c3493873148660866edb38,120f6e7276fce0791f02c10bcb00b4ea2ccadbfa077337b98c9aa1b500dbb123,7.116089613034623
confirmation,5639-40744-0023,test-clean,5639,OPUS_VOIP8,16000,222720,True,-30.75070314546162,-31.39239999235009,-0.6416968468884633,0.24205443263053894,0,0,1,35ba837529d8e859610b19248ca3aad9f4aa37d0e1e210fc59188e04ed5a573a,1cccd87f2bbeb99075d6b1c7926577d901c8e95b35d927ac26a905098ab98cc8,7.236206896551724
confirmation,5639-40744-0025,test-clean,5639,OPUS_VOIP8,16000,140560,True,-32.37898377103263,-33.33567818112893,-0.9566944100962965,0.2787970006465912,0,0,1,031f490e85112e3d429b30d6665e38ffa0b4b8993bcd4598dba4d052288d1313,f3b6b3e6eb2b94358380d6a7f97908ec41fe8167dbcc1dfd2a43b8a2d2496800,7.138531587933978
confirmation,5639-40744-0026,test-clean,5639,OPUS_VOIP8,16000,232000,True,-31.126006900723844,-31.793927711409935,-0.66792081068609,0.2612413763999939,0,0,1,3d787b8ff1a9f516dea60a871f511e30b869a66bb338f2189215d6318fad4852,152260ae919c4389c3d733e35b036dd111eb819c07815a77f3a1858a1986c030,7.219862068965517
confirmation,5639-40744-0027,test-clean,5639,OPUS_VOIP8,16000,372160,True,-32.1610899379738,-32.89728919054714,-0.7361992525733456,0.35415247082710266,0,0,1,6d8183b03c7e1658c139d8601c15c20f3108e8020ec2cf5f303ba10a83d99b88,8f24a01c219e19e723cc1d0f2eb7c28989ce4922a69d687de812c363ac5fade0,7.270163370593293
confirmation,5639-40744-0028,test-clean,5639,OPUS_VOIP8,16000,196000,True,-35.6914438767746,-36.647348347867094,-0.9559044710924989,0.1540938913822174,0,0,1,9155ee15c473d3d3b8f2a0b7cba38d3c6585ef309d67c2d022a78c121677d695,9e3b404794605b5bf881e04a6fd443f95a97972281f1ae924120e9d872ac4bbf,6.966204081632654
confirmation,5639-40744-0029,test-clean,5639,OPUS_VOIP8,16000,116880,True,-36.55191743235304,-37.57958708432464,-1.027669651971603,0.2017778754234314,0,0,1,e188fdcf296e9a3c3f578731433ea46bf3a829a097d9853eddd65c3108eb2b9d,f0e70bc4418d30830b4851b77056049709576ae14289c4959820ee413a42b5bf,6.891718001368925
confirmation,5639-40744-0030,test-clean,5639,OPUS_VOIP8,16000,356560,True,-34.05232832381272,-34.77464346770139,-0.7223151438886631,0.2369346022605896,0,0,1,d3b75fcc10340952d57b44b991b2853483f2e58b6b7b2282602666cc1c638f80,9fb7bcaca605e5c16fa051079f11f6e1b9699f0ddcbcda2e8ab22ba0ed293170,6.991608705407225
confirmation,5639-40744-0031,test-clean,5639,OPUS_VOIP8,16000,454720,True,-30.793930646438504,-31.594572063074132,-0.800641416635627,0.286667138338089,0,0,1,1d8be62cf562109100eddf4c2ebd1bfb9cfd123b34a04a0aa15ee3b14907c218,130edd81a1317de470119a0894a642e153dc6458f7f89b352819aef1ea16ce56,7.361294862772694
confirmation,5639-40744-0032,test-clean,5639,OPUS_VOIP8,16000,278880,True,-32.926213102268996,-33.79196442080205,-0.8657513185330578,0.2571556568145752,0,0,1,c82522ffea840cc5f0e19cb1342d21681084b350fd22bd8001d45782803ed20d,78fcfd423d1298490555546839278a95779604fb20bcdd643184f4ad9c0d7535,7.345037292025244
confirmation,5639-40744-0033,test-clean,5639,OPUS_VOIP8,16000,146400,True,-29.791486854067287,-30.330486083734606,-0.5389992296673153,0.27809667587280273,0,0,1,a531335b888b4bccd12bf984fb85edca6f6a5b48a69132472c0d80acb4520568,741791659e3aaabefef392507d05110f25a9903054c203ba8a7389dfdf5835a0,7.172021857923497
confirmation,5639-40744-0034,test-clean,5639,OPUS_VOIP8,16000,208880,True,-29.576591223147798,-30.22268182400719,-0.6460906008593891,0.36611396074295044,0,0,1,33caf788b60d3f972bd455dee9fff49863130b44653804233252e8e101156716,06481a47651750e697ca5143df5768e31788025dae3fd48c34c8a7a0e06934e5,7.364534661049406
confirmation,5639-40744-0036,test-clean,5639,OPUS_VOIP8,16000,184560,True,-28.353265105037938,-28.98336691094776,-0.6301018059098213,0.4335520565509796,0,0,1,1babcad1dc26dbe9e45ec919b749ef3ae949c7d1ff9a8e87b3bde39e35644e7a,d9a7fa751862644802d9505ad54273e2af5d5a0ae04f2054528c81fdb16cbd9f,7.419505851755527
confirmation,5639-40744-0039,test-clean,5639,OPUS_VOIP8,16000,230000,True,-30.543839071020784,-31.365828831125523,-0.8219897601047401,0.35488349199295044,0,0,1,0a6aad2a378eba8820401b8c935690c79bd3eba06c0b355ef1cd8731290e3df2,ece9522632e2a0d11691cd2e4409315a07f8deb7a9f5b257c1cc9d3fb693efd8,7.232
confirmation,5639-40744-0041,test-clean,5639,OPUS_VOIP8,16000,275200,True,-30.69782267075942,-31.33163288551224,-0.6338102147528184,0.28864988684654236,0,0,1,490f349fe45ae74b16f614ffab77c4dca9a0f7b9fe76f40916b1cfef97f9d00c,160e31a5e19c63f722bbcde1c0ff88e77c884d1ac935f21cb0466faf5a8de1d5,7.232093023255814
confirmation,5683-32865-0000,test-clean,5683,OPUS_VOIP8,16000,35040,True,-27.395544400655286,-27.737796142026045,-0.34225174137075826,0.22976718842983246,0,0,1,e10eba1586079ed8e6605737f9966601ec4b812395610ce893986cabbfe93695,d179772e2a5d39054e38f61166e9b7c25872884be299e63c817c649435791825,6.933333333333334
confirmation,5683-32865-0002,test-clean,5683,OPUS_VOIP8,16000,44480,True,-34.78107919021418,-37.25336117391315,-2.472281983698971,0.10032770782709122,0,0,2,a10d3cf90d49e0cca6087bf1b43664f762bc2d3076fb9c637ddb62e264469086,cb75645b8799e3712d1b34efdea151dd17bc5d7ed9cbaf4a6e7e9bfade08aff8,6.894964028776979
confirmation,5683-32865-0003,test-clean,5683,OPUS_VOIP8,16000,56160,True,-29.642434336294343,-30.320423476571126,-0.6779891402767851,0.26081886887550354,0,0,1,51d823d08999cef2f62ebc006e9edfc93026d22ff24ecfcf218a8dd744318193,37032e37d1bbdf10c23b696f26c22427285f80ebeeb756fe83a97d2352dd19a2,6.96980056980057
confirmation,5683-32865-0005,test-clean,5683,OPUS_VOIP8,16000,161920,True,-28.535272090499213,-29.339148822273398,-0.8038767317741855,0.3440508544445038,0,0,1,9bbd3773930a18b7869fde1660e05fb7a28fd6a9186f35dde35a99828ad0cb8a,9c57c9f9302f2439c41e6b2b878cf9789b182d4a419221691e0f429f9c88970c,7.314624505928854
confirmation,5683-32865-0009,test-clean,5683,OPUS_VOIP8,16000,158240,True,-28.825027389224335,-29.542592444745527,-0.7175650555211903,0.493171751499176,0,0,1,a33c52d4c5d13579f269f1c334ca6d507db78d4303c41b11d927249ade157fa0,5834b3e6fa2058227096147d0e0e1d87f19080232318e9fa7ef5cbb604343da6,7.498483316481294
confirmation,5683-32865-0011,test-clean,5683,OPUS_VOIP8,16000,101680,True,-26.2224117775952,-26.745068444013732,-0.5226566664185286,0.5237979888916016,0,0,1,b320736232f8bbbf981ba83953645acadb7b693df0746c59f8a940155eb536b9,d28438db49a30d3396056d3e14bd152e5f45ea63a99a292c221b8080c92f71d7,7.364280094413847
confirmation,5683-32865-0013,test-clean,5683,OPUS_VOIP8,16000,113520,True,-23.89843264984231,-24.23369014027452,-0.33525749043220804,0.8904463052749634,0,0,1,8ac05e9a03909b699d34e87f39a718d5b5a54e15f558a19d4c68c66e84c8e03c,e5a013a536f4c4a5bb086be6043f66425719f1be8e060c0de3fe3e71f3e7d772,6.993093727977449
confirmation,5683-32865-0017,test-clean,5683,OPUS_VOIP8,16000,87280,True,-34.9940582978409,-36.49769736597029,-1.5036390681293845,0.11168906092643738,0,0,1,37ac402a6ffbe8ca1d7c2c4505859a672b69767e8cb632f199bf31a546b1fe5d,45dba9241a21a458e40bc9425ff64b8fbe4a5b615e34a9a5a2a4eb1a32da7a34,7.1186067827681025
confirmation,5683-32866-0002,test-clean,5683,OPUS_VOIP8,16000,82000,True,-28.24546556661874,-28.8771089616042,-0.631643394985456,0.29429471492767334,0,0,1,fb89209bd20526b3142807dd1f4f8aef11d0e9779ce31ae0329bb9e64b797e67,9b555d70ecc8e4015abb648de90e543ab3008ab04973c59b590b933854539446,7.370926829268293
confirmation,5683-32866-0004,test-clean,5683,OPUS_VOIP8,16000,147600,True,-23.89111340702444,-24.701342330459248,-0.8102289234348026,0.783755898475647,0,0,1,89c01e8ff0a73d03ae20fb6ab31bf567c2735d649f009ca89c25bb4a329bc540,7f9bbe9a430fb4c7f02128e66b19ba28c8c2862f763df6c6f6d6be6a0c3ef079,7.379078590785908
confirmation,5683-32866-0008,test-clean,5683,OPUS_VOIP8,16000,52800,True,-21.931370709503458,-22.818039380207964,-0.8866686707045042,0.7463912963867188,0,0,1,b08c093e0d454ee8d60adadf21839e8ccc99714fd6367ffa2b7d058fe6716111,a29d3fa12697b3aa423a82d1ffc7036ba261361ad6ca9c50c17539d968c588c0,7.464242424242425
confirmation,5683-32866-0009,test-clean,5683,OPUS_VOIP8,16000,212160,True,-23.202824085234198,-23.666064630609426,-0.46324054537522946,0.6339237093925476,0,0,1,14d11c6a076f7264c750b427899100b03f8c99f7ec4f9d1d2f299752ab7cb6e3,fc504a1b53dbb45452cbe28e938abaa6fccb3676aa687db22128c78eaf16d33a,7.627752639517346
confirmation,5683-32866-0014,test-clean,5683,OPUS_VOIP8,16000,63520,True,-23.820434751820695,-24.478571513695208,-0.6581367618745143,0.6293926239013672,0,0,1,9c2ffcc286c7a282765b19d8937a9264eb1274fb6711c199fbab2280e4bbdac3,e7dbe5cf73a42dfd379ad9868eeb180243ecad3509fd87604d087153005b4300,7.6574307304785885
confirmation,5683-32866-0015,test-clean,5683,OPUS_VOIP8,16000,45280,True,-22.892541588108312,-23.53883923116781,-0.6462976430594951,0.620844304561615,0,0,1,20e4357d0dd776e928cdece22bd7784c1a1ba468f4a3251126493fba8d4385db,5e093c1f2e454f7bb292894e663d35d1abe0811d4dc910790e82f945276c0943,7.725795053003533
confirmation,5683-32866-0016,test-clean,5683,OPUS_VOIP8,16000,78080,True,-19.213211477586572,-19.632236471736913,-0.4190249941503409,1.1124677658081055,3,0,1,8372a945215cddcd9ec50e8b5c8a926bd4087948a32d7899160066bf5b2ff36d,56098777519048ab5c52424c9acd95913c210bd523333f8d66bcca2f3180f7e6,7.7360655737704915
confirmation,5683-32866-0018,test-clean,5683,OPUS_VOIP8,16000,87280,True,-23.349568647031404,-24.093882080368484,-0.7443134333370833,0.9134370684623718,0,0,1,5ef60de082f31ae34c18ed2a56bcb72db10eb9c71ec7a79529132f06720ca6e0,b28a44debe561ed596d73b17b9874e487b8499c82002337e95eef7b79ded5488,7.5629697525206225
confirmation,5683-32866-0021,test-clean,5683,OPUS_VOIP8,16000,126400,True,-25.063534376521837,-25.77334452007463,-0.7098101435527933,0.6660006642341614,0,0,2,297763e4ff17934fb043ea8b4fdc3b1136de770eb462eb03c09128758616e68c,9cbae22c48b4fad76b558552e04975b94b4b1674c35dd0c47a6cceed98728138,7.432911392405063
confirmation,5683-32866-0025,test-clean,5683,OPUS_VOIP8,16000,55520,True,-27.643714913907615,-28.41185744038085,-0.7681425264732336,0.4496106207370758,0,0,2,32a0aad7f82ed6a23a21556d2f44f16d042ef690dfd080b3f8b1fcefb0413dfb,e7882741762b86fab210791b0c12f2467932621b4aaf00685f798242a0dbb5f3,7.561959654178674
confirmation,5683-32866-0026,test-clean,5683,OPUS_VOIP8,16000,37440,True,-20.682592348224173,-21.04449275368756,-0.3619004054633906,1.0182452201843262,2,0,2,a9c4c4b6e3efebfe9bc5cf4a1d8d39c3736c27614e7610d42c659c8d1ae4efc8,99c76c97f37f56d9ead460ce63059e7e71abbf09ff487970bf3ff6586eba3469,7.586324786324787
confirmation,5683-32866-0027,test-clean,5683,OPUS_VOIP8,16000,76080,True,-28.046685461056448,-29.206012377173597,-1.1593269161171482,0.3256203234195709,0,0,1,99689386cdea3d464fd63730bc0d828b9b8aba66a3f10a0c4a431d6657113f7f,bd21a03f7d6d8feb4a35dd0f7cb6c08d3b34852893fa4aff1601d59085a1044b,7.505362776025237
confirmation,5683-32866-0028,test-clean,5683,OPUS_VOIP8,16000,89920,True,-26.13734655251338,-26.73777319537614,-0.6004266428627576,0.620905339717865,0,0,1,576e34683c7dc158ffd151f4e08300ff3c3f60fdee403a5745559232773f9a9f,b971b739bba8583ea49d6748edbc8496148da617991c9464d811e4ecd7b3f865,7.143060498220641
confirmation,5683-32866-0030,test-clean,5683,OPUS_VOIP8,16000,77520,True,-26.015204470137437,-26.642588337108343,-0.6273838669709078,0.5935436487197876,0,0,1,82ad639ef0a1cfdf1fa64b904e7e2700db8d35d16749eb69d675e8e522b6973e,bb478c92c0cc2158ad678092f0ee3159725b92bdf11cfc15fce2c5ee0a463388,7.2817337461300315
confirmation,5683-32879-0001,test-clean,5683,OPUS_VOIP8,16000,58560,True,-22.989858962273377,-23.934522848750515,-0.9446638864771371,0.7865642309188843,0,0,2,292df969b49a8bdcf25913d8a051588f85e1dd6b0b9adff2da7646686df1603c,a435d5c920417b8827702bc519963248402b6ad2fb92fc871c060d400a472ad9,7.051366120218579
confirmation,5683-32879-0004,test-clean,5683,OPUS_VOIP8,16000,179360,True,-26.333873114272983,-27.310346735492494,-0.9764736212195135,0.5611017942428589,0,0,1,4c18784aa50b3569ae51f0d0b289a541333b749e8b54bc2bd69b2200d7a9567d,7a708194bfc5d4a8362204e3483bd87fc352274dab7418a0d4134a64b70b3b2c,7.4069580731489735
confirmation,5683-32879-0009,test-clean,5683,OPUS_VOIP8,16000,82160,True,-22.065935064466796,-22.758277678891425,-0.6923426144246299,0.8873717784881592,0,0,1,d9577d08eb30b7af67c3c64271811192be54c708b4548ccfe2e7d08eda9f2041,479541ce6c6433112d8751aaefe647b2a98aa0d1f4bc784b2486c2b3ef1139d6,7.4765335929892895
confirmation,5683-32879-0012,test-clean,5683,OPUS_VOIP8,16000,70080,True,-25.185918779246506,-25.816428032431848,-0.6305092531853436,0.6371814608573914,0,0,1,9672fe350190dd486221dd56f2f64eee6e3d7484bad3f1162972d81a242bd0bd,bda51568d3e1abee3b3bca8d0bf7546121784c4ce3a9a7d8a85592ca410e3789,7.442922374429224
confirmation,5683-32879-0015,test-clean,5683,OPUS_VOIP8,16000,32160,True,-33.662023334129394,-36.16555228864777,-2.5035289545183774,0.12891089916229248,0,0,1,99d5510b77645b7774a3e6225b6e46b5bd51ae510a1cf9bb66ac8309faa9e7e5,3433d7cecf3d1c2908bbd837dfed1339b3d9ecbdc106a861ffe5f83e5c4d83c1,6.817910447761195
confirmation,5683-32879-0016,test-clean,5683,OPUS_VOIP8,16000,162960,True,-25.29070918257014,-26.5646917681361,-1.2739825855659648,0.5525162220001221,0,0,1,d9d05f225bbaf7ed8fc120ca9679c448a1a5cb0df46458b7f6962a3b6757a06e,50998195b175c7029c694dd1800817db48646c074aebe51629a4b62265d537c7,7.395189003436426
confirmation,5683-32879-0021,test-clean,5683,OPUS_VOIP8,16000,65440,True,-28.98511359705821,-30.144689555602433,-1.159575958544229,0.27877968549728394,0,0,1,7a78af8c6f9bc41861db19ec92ba9c195dea366cfaea8e31e99bac4982e4ad85,c0b71545900100105d4cccbd28b72a544b5c9b792268f77905dbef8b3f024c3c,6.975061124694377
confirmation,5683-32879-0023,test-clean,5683,OPUS_VOIP8,16000,79600,True,-26.044137764237316,-26.683310038259457,-0.6391722740221375,0.6169460415840149,0,0,2,2abf5bbd3edd0b971fbdc5f4c8af92c29520455292582ef307d2de40ab0fc059,309d2f85a7c8a9236248ade0f1e80fabcba2f8b3137cc44ad03bd6e544bd9f1d,7.385728643216081
confirmation,6829-68769-0003,test-clean,6829,OPUS_VOIP8,16000,67440,True,-23.40589160276788,-23.98407379448503,-0.5781821917171536,0.46090760827064514,0,0,1,cd8f801f08965864e7f1e12c5df8bb3c234ee2cad7af915e29182693658bb987,54bf609a274a6217ecca46316592b2694f2d308a4ad3f55033e5532f9000017a,7.495136417556346
confirmation,6829-68769-0004,test-clean,6829,OPUS_VOIP8,16000,114320,True,-23.614104603179197,-24.140765682449327,-0.5266610792701296,0.4856563210487366,0,0,1,55a56d01f1bbc929d9f2312c98a1e1624ee340a5218e4f56505ce872bb649101,c496cc37aede670ff058855619139415b1d5fe713815711b9254374d740c1efc,7.618194541637509
confirmation,6829-68769-0005,test-clean,6829,OPUS_VOIP8,16000,107520,True,-24.847805367548798,-25.43408808199958,-0.586282714450778,0.5227196216583252,0,0,1,224c39ff7f1005c3ff87d93c89a8815ad34a4420a638581b4e238fed5e801d91,90d266f3253638170c450a91c0312e2908ba69c7cd36d4b085a8f13fbfb0f156,7.335714285714286
confirmation,6829-68769-0007,test-clean,6829,OPUS_VOIP8,16000,61840,True,-24.395010253977905,-24.898247772491985,-0.5032375185140759,0.4190257787704468,0,0,1,ef57b0b773cca10501abfffd7912eb53ca6b3ce3cb512aa34d5d18fdc21dd8b4,d3df681950623e300f1af1e98d0f261b638ed88b7f39a68e2bbaa687471f207e,7.379042690815005
confirmation,6829-68769-0011,test-clean,6829,OPUS_VOIP8,16000,74960,True,-24.020849698848224,-24.515881886712734,-0.495032187864506,0.49187493324279785,0,0,1,822b2e7f2c3515f6f5e8d706267c7708fd728d78427d16a17445c7172edcece0,e27c49f72c2874ceb1c95fd2d09adcd9354d8584de7a5f8ea40b91f4b5eb5b17,7.414300960512273
confirmation,6829-68769-0012,test-clean,6829,OPUS_VOIP8,16000,68720,True,-23.260339928654293,-23.947145638775456,-0.6868057101211642,0.5767828822135925,0,0,1,aefb953fd341229d2efc092c572b2b4b9562a3bfc5b7991352ded84a52b9c827,385acc7d6aa9ccc3d4a4c2793678ee0ed0b5d968be7594f4dcab46903f314efc,7.435622817229337
confirmation,6829-68769-0019,test-clean,6829,OPUS_VOIP8,16000,42640,True,-23.16717557684982,-23.807035107438974,-0.6398595305891506,0.4392494559288025,0,0,1,bdfdff1f53f62f3b02bb52c44dac43132caded0f4c73f4f7c5ba4a9d9840adfa,f5be905a730a0280f798dc3a6826c899281649a6d13ac2c6111e31b1ed545e8f,7.516697936210131
confirmation,6829-68769-0025,test-clean,6829,OPUS_VOIP8,16000,91760,True,-23.661074617718466,-24.21964296690067,-0.5585683491822014,0.45859935879707336,0,0,1,b590fc64cb4da8b240b61ab9a7df9d80d7e97792409e98afbadc1ca70f07eb58,751c6e2b19c7af304a2278c880f5c937123e1ec654ed61b6c32dc2b2ffdf4d2d,7.584306887532693
confirmation,6829-68769-0032,test-clean,6829,OPUS_VOIP8,16000,91520,True,-22.732204491704792,-23.255841756964628,-0.5236372652598362,0.5377116799354553,0,0,1,b2ab92b1ddf61a66327d0d722c5a28af3fd7dca15979881ad4d75167ebcaff8c,efbd50038bc81e409ec087a32217e2da72b3645a2b443e72e466ee8ce5cb5f63,7.509090909090909
confirmation,6829-68769-0035,test-clean,6829,OPUS_VOIP8,16000,44080,True,-22.463628787250535,-22.975983910228802,-0.5123551229782629,0.5614659190177917,0,0,1,11698ba10f514237c55399b817d7a30782ca646d6036d4dfc44fe49895efb22f,1f42d3610a5dc96549db49b77f144d57d4f232158ec86707f913fe2b751f3566,7.486025408348458
confirmation,6829-68769-0037,test-clean,6829,OPUS_VOIP8,16000,40480,True,-22.55266222340113,-23.151832764868434,-0.5991705414673048,0.6137217283248901,0,0,1,126d6f25e1c9436d427e5b80e2d8db238f854caf0cdbd0e875484a9b0cf5b4eb,c5fcf1524461dfd9ac4de9fd6e13e803686ca2393340385847811dc140e5208a,7.320158102766799
confirmation,6829-68769-0038,test-clean,6829,OPUS_VOIP8,16000,40080,True,-24.099666920041205,-24.69526689477621,-0.5955999747350054,0.4292456805706024,0,0,1,07e65670f44fec0c05d1a10ee31a75e59211d4e0ee560801b855d5dd1cf3d4e1,afda8354b2e88fbc05ee03163e00575fb12850107130e729368b6957aa37e431,7.080239520958084
confirmation,6829-68769-0039,test-clean,6829,OPUS_VOIP8,16000,64720,True,-23.817301253616016,-24.42277901781068,-0.6054777641946613,0.46660372614860535,0,0,1,f2c05e5cd2d308dcb6782d08167dede2a3920157aaec752436d1e5fea267659a,a2eb866de137d22bbe23c04ad33b4933a94e5c2c97eb6bafad5485d2e5f86a59,7.365142150803461
confirmation,6829-68769-0047,test-clean,6829,OPUS_VOIP8,16000,37200,True,-22.815263095332774,-23.503389232662514,-0.6881261373297345,0.6676167845726013,0,0,1,2fb1dfc554972ecdbdf24d13c80b81334d0bd0c5420946307516990428452da7,522c0bcb9452aecc6002d6b29132ea6a7174ff90e0287cf0a29163b04ac1bffc,7.2464516129032255
confirmation,6829-68769-0051,test-clean,6829,OPUS_VOIP8,16000,56720,True,-23.247532852542033,-23.865514115539877,-0.6179812629978438,0.4827551245689392,0,0,1,2da78da1b90fa94bed6cc3c9e094dbd40a11d2852293ce5acfb81009b4384cbc,8429cc257b4131b0ce8dd86aa378f1047a47e77d4a8a60ee171569eb41c6ab80,7.203385049365304
confirmation,6829-68769-0052,test-clean,6829,OPUS_VOIP8,16000,73600,True,-22.662562202059817,-23.263529491462837,-0.6009672894030216,0.4669969379901886,0,0,1,0a3b71b93c7022eaaa201b093b924f40b6de725f288af8142f96cdbb0e879510,322fa048a99390fbf722e28d66fb13c3a63d15df4a7b0bbea80834aa225823fe,7.267826086956522
confirmation,6829-68771-0003,test-clean,6829,OPUS_VOIP8,16000,64240,True,-24.563264787687388,-25.064059873625478,-0.5007950859380886,0.49555495381355286,0,0,1,d9ebe65bd6e57f76bb4a22f822ecf113ba665d096afb1120e67aec47a46451d0,e5ac17b3c7475b84d1791792e7b58ab73322192b40b2fb8b2a255a5455f2ef64,7.292652552926526
confirmation,6829-68771-0005,test-clean,6829,OPUS_VOIP8,16000,98640,True,-24.73197219269348,-25.357575305094826,-0.6256031124013489,0.5365350246429443,0,0,1,6ddef093066948427a804572aefb363c7af5ea973c7c2bfbc484868e7267342d,36f43695e18cd5785823d20ceb840877d939b6c4747df7770b7d831b6af9bd41,7.409570154095702
confirmation,6829-68771-0006,test-clean,6829,OPUS_VOIP8,16000,94720,True,-23.733645163018696,-24.33556503994545,-0.601919876926753,0.6424586176872253,0,0,1,f5510848cfa6b7512610fe1204807ac81366c632668a91564f4ecd60c4da4da2,ac6ae5fffdecec8ecbe7b2e3a89d81d1f04760a618a777d98b0a05bcaccae8e5,7.651351351351352
confirmation,6829-68771-0007,test-clean,6829,OPUS_VOIP8,16000,260560,True,-25.606351783550373,-26.08411433602498,-0.4777625524746104,0.4352663457393646,0,0,1,dcb95aa044b4a0df80f67412e36d0ae60351144e4064d784857c08208b27da3f,debbf60a97f83d8d686607cef49a22c54952cecd24fdda408ef742cea1c6700b,7.557875345409886
confirmation,6829-68771-0009,test-clean,6829,OPUS_VOIP8,16000,209840,True,-25.04925431175007,-25.556695798637694,-0.5074414868876297,0.42112240195274353,0,0,1,f4bf80a6587c9c2785c04d5d23f20100bcce790c9a661e89c29c3f3e1448fee3,d157c43a429bffbfb9236b6549e788e6e0bc202b5cc538bd0547e550bfbbd32d,7.52969881814716
confirmation,6829-68771-0012,test-clean,6829,OPUS_VOIP8,16000,199520,True,-24.67106125055157,-25.14277853664245,-0.47171728609087943,0.5141392350196838,0,0,1,47bbc1ee16068accc5939c5ceb207f939446c3800df34266b3886d59d77858d0,1139386cd4b8357d41df3419e5f85692f3ecbefe8d5223775df0db8a148c6e2d,7.628548516439454
confirmation,6829-68771-0013,test-clean,6829,OPUS_VOIP8,16000,115040,True,-25.223475468892985,-25.835798100633415,-0.6123226317404328,0.4454900622367859,0,0,1,ccc025277d2a76e359ef3158a92b99fa1dc9b3352ff045480362abe8eaba16b5,c4527ae876adc66c6e47c7c38143f6531fad6cbe4416ced8ef05aac5275fa570,7.310152990264255
confirmation,6829-68771-0016,test-clean,6829,OPUS_VOIP8,16000,111840,True,-24.31614052414624,-25.007765586107006,-0.6916250619607631,0.41469553112983704,0,0,1,2a4d6c355a80848f4d451e1dadb4a2a4e73e888b9eee86dd7d13a8e53755455f,8cf94e8a88deff6cdc9eea08452b508a418b0ce2cf3796eddbc1a8d362f2ec88,7.558226037195994
confirmation,6829-68771-0020,test-clean,6829,OPUS_VOIP8,16000,73840,True,-22.950027874224975,-23.356738620091882,-0.4067107458669095,0.4959472715854645,0,0,1,266cc0320e46ed6512fdec2db04d2de96743f63b46559f5f1ee327f7e455861a,abb07d5e427fe885f83d93bd6f7b1f944016c2d0a0d20707023c508896b56469,7.4747562296858066
confirmation,6829-68771-0022,test-clean,6829,OPUS_VOIP8,16000,60800,True,-22.73633675155391,-23.49027339770366,-0.7539366461497511,0.5226522088050842,0,0,1,e668bac1cd8754aa2046984692f71b88243766acb5f73259961a7eb3db10d077,834d93ff9faa4a51d6173ade3af183591098a3a74bf5ae5fc4a40f7130d53be8,7.698947368421053
confirmation,6829-68771-0025,test-clean,6829,OPUS_VOIP8,16000,125280,True,-24.069606722993054,-24.626401102107202,-0.5567943791141471,0.464704304933548,0,0,1,2077ac7da339e26b81096c93e2d601e3c1d19c7e077dacbb590168c2d15f52b7,c57d62559d474eb1e2cfaad612a7e3bb4190b6cd169395b3c49d8e4aa17bd63c,7.427841634738186
confirmation,6829-68771-0028,test-clean,6829,OPUS_VOIP8,16000,56880,True,-24.81661558883374,-25.653014806744334,-0.83639921791059,0.4336610436439514,0,0,1,8e2c4c97ee5af8d1c9460db01f4b0e0ed77ac286b040ab487bf7a29219838740,2281388c5667bb051eed70d6068f785a121fee7bf6b9b12de13486522e32fb5e,7.588185654008438
confirmation,6829-68771-0031,test-clean,6829,OPUS_VOIP8,16000,40240,True,-23.72778023179068,-24.22457161010485,-0.49679137831417264,0.38909831643104553,0,0,1,0293dad725465ec54fde122d0d21a43daf3444f062525ae5083eef8fd1bc88c7,fc491fb5e1b07f8f879c6dc03444924b877bd4c8c3c54c816ed2ec7a03f4d71a,7.258846918489065
confirmation,6829-68771-0036,test-clean,6829,OPUS_VOIP8,16000,83200,True,-23.961856396153944,-24.448073378295586,-0.48621698214164094,0.6154901385307312,0,0,1,554044b8403a0c6540084f872183d3332d3e4051f85133262ae4dabb9fd7fec8,ff05676e0c7f48fdea3374fa96e11d4c45fe2b94fbb7f9b896fc091a5189cb4d,7.4107692307692306
confirmation,6930-75918-0001,test-clean,6930,OPUS_VOIP8,16000,227600,True,-28.286040926637135,-31.492223292134568,-3.2061823654974315,0.3479961156845093,0,0,2,e614515f8aab07ba3bdf071dfe759e5b82d48dc8d3e1a5f7d6b0a64538040696,60178605ab5e8a39c48f6623587652b5a715313292ce2c8e204b95292853de75,7.564147627416521
confirmation,6930-75918-0007,test-clean,6930,OPUS_VOIP8,16000,53040,True,-30.77181694533547,-33.45037719460865,-2.67856024927318,0.2606923580169678,0,0,2,c4a10a7cc5bf622954b5891e4907c7a05a43f2a9233b1b4f1ad5db6acc10b159,b3967e85fb7b42afbf7cf586a7a528a4578d252097cd53ee53abe4d83e32de30,6.9743589743589745
confirmation,6930-75918-0010,test-clean,6930,OPUS_VOIP8,16000,48560,True,-29.276204529801465,-32.580097903297705,-3.303893373496241,0.219656303524971,0,0,2,6a1e56ac689cf5df6f54e4d3b91b598b38fd45a87f3265bb9fc387deaf113ff2,829178bb30fa90f53cc2d7e5760afafdc0f8bacbcebba104e00f619736f659a6,7.132784184514003
confirmation,6930-75918-0012,test-clean,6930,OPUS_VOIP8,16000,31040,True,-32.54578770849296,-34.89736874539189,-2.3515810368989296,0.2828201949596405,0,0,2,4aff3ceec1e293269422f5e7427e6785da9c1918521ee3b5bdb4decedb60d61b,468ce80ccf76fc2420d2837a0a7c2284b770a409c8a1e31c556076d20e25d36c,6.83298969072165
confirmation,6930-75918-0013,test-clean,6930,OPUS_VOIP8,16000,47040,True,-29.974578166391858,-33.093567409816686,-3.1189892434248283,0.24431012570858002,0,0,2,d7ff6421b969a03eff04576fa5709965abf34ed9703622d4d0f260aceea04ff1,125b7e303fef3d6bf68c9640c07ac8180d3c677bd1148c4129a06b0053266a5d,7.474829931972789
confirmation,6930-75918-0017,test-clean,6930,OPUS_VOIP8,16000,98560,True,-29.277631844334856,-32.629378008225814,-3.351746163890958,0.3317785859107971,0,0,2,b115293fed70087dc19633720164c6969d8586e87ad70ef3516068d060da2104,ceb31b9c8282a5c9d82e71eabd13acf2044c6df4a44d9e795f1db459d1ff198b,7.327272727272727
confirmation,6930-76324-0002,test-clean,6930,OPUS_VOIP8,16000,88960,True,-27.65649850131536,-30.65192696070662,-2.995428459391264,0.31487223505973816,0,0,2,26457a5c12c3faee5287e68a1c3b910a3576b41f65f1524c5a4e018209958405,530a6de91a5194f6db416c2b1d553d90ee7e2a1d65409399acbe9bacf92cd2b9,7.4661870503597125
confirmation,6930-76324-0004,test-clean,6930,OPUS_VOIP8,16000,98400,True,-28.83912465629063,-32.984181738656865,-4.145057082366238,0.29801514744758606,0,0,2,1f0b76389f252bac25aca8a561c2b1fc93415759425b32d6cbb6e20ea325a56d,5c708863a9aaf755731f8213d0362048ada3c7058cf672d42f767bcfc45d5e91,7.496585365853658
confirmation,6930-76324-0005,test-clean,6930,OPUS_VOIP8,16000,80560,True,-29.017400073463836,-32.55962787326927,-3.542227799805435,0.28246015310287476,0,0,2,1de0eac32b08c81d19b6c8b1b2a132f12182131919a40098d88c52af630ca65f,9bbf4d701cddf8413080257a1dff7a1d68e05ed7d130e1e550d3f4241b28d31e,7.4804369414101295
confirmation,6930-76324-0011,test-clean,6930,OPUS_VOIP8,16000,147840,True,-29.0188016119416,-33.74211130201805,-4.723309690076453,0.3131254017353058,0,0,2,b62c602732aa13a50ba80512f241481747e809b30d7dc5049e3c5d2dd1fa86de,653825d9dde43ecf180fe8c500d468b32d01549e731c7215eaa16ec2560e21a2,7.43030303030303
confirmation,6930-76324-0013,test-clean,6930,OPUS_VOIP8,16000,68880,True,-28.58737649734771,-31.96299598114097,-3.3756194837932645,0.41401955485343933,0,0,2,e60b9a884edc13b5380b383b8fd981a48391f86bdbd584e0c762d540ec14a3da,df0124fb84423a3b62d0e41e14a4bfecdfe2ddf7f9918bb940a0b07c5d85eeda,7.567015098722416
confirmation,6930-76324-0014,test-clean,6930,OPUS_VOIP8,16000,75520,True,-26.05921848133068,-29.061378315233014,-3.0021598339023328,0.3599676787853241,0,0,2,abe3f5dc7a15644b09f39a2a2feeff55f8b3b1c5b90bc224e4f1cc02d1758981,057111c859e8d37f3ad785d1b4cc56bd344e3c33cf20fbe871d9eabc88791b56,7.433898305084746
confirmation,6930-76324-0015,test-clean,6930,OPUS_VOIP8,16000,198480,True,-28.92007692378627,-33.22337061009494,-4.3032936863086695,0.35969358682632446,0,0,2,0335934a6b62ab35c5e1d0ecae275ac6279224cc38430f791c8c9787d5bf41c9,437d0491248349dc893f25b2a6314281290ffe9a4e6c9b36eff154d390cfe6a7,7.466666666666667
confirmation,6930-76324-0016,test-clean,6930,OPUS_VOIP8,16000,147280,True,-28.96206108523358,-33.21820969503503,-4.256148609801453,0.33260011672973633,0,0,2,0532be4bdffd395f1dc3673e4a37679984d7e5662cbd0c5854556cbb2aaddde1,f7a18ccde1dd903d5c3865dcb9247f02f800e4457f88f95aef3dd3248f92c6f5,7.4655078761542635
confirmation,6930-76324-0020,test-clean,6930,OPUS_VOIP8,16000,101040,True,-29.290468541737983,-32.07832486651828,-2.787856324780295,0.3184550404548645,0,0,2,f79b62134337aec2b653e4777c83206824fd228bb0e6702e302158cddcca4dc9,16eb7372aa485873dcefdde379799cbb07c0e8c616906f88e2e6dcf64895617a,7.514806017418843
confirmation,6930-76324-0023,test-clean,6930,OPUS_VOIP8,16000,77600,True,-29.357638358146048,-32.23282406827077,-2.8751857101247285,0.3101288974285126,0,0,2,e2a9b0be04ac51f48482b113ab8402bb665cf0fd881a27add903c3c719584d0e,2e9fa88a36374393010afe743a572b70d0b57740db97cf65d9122436870a5278,7.602474226804125
confirmation,6930-76324-0024,test-clean,6930,OPUS_VOIP8,16000,64800,True,-28.918530059065088,-33.10656029455119,-4.188030235486103,0.2555319368839264,0,0,2,f0c77fab6e0a006f80ff69e328ba97f4eb613b30ef573fc6e3fd543550e4d1be,3e800091e919bc63f3c15ba975e706ef09b70d9f2feb711eab7406f41e21576c,7.593086419753086
confirmation,6930-76324-0026,test-clean,6930,OPUS_VOIP8,16000,49360,True,-27.63461040721184,-31.01142661458526,-3.376816207373417,0.506271481513977,0,0,2,432972b8e2b9bd732023df09b5e55cf04446a2d9ba665c99c57b74007f8a8ac5,823692c6c2ee3400cedc48a68c8930a581e95fb306192cdc93275ff81ed219c7,7.437277147487845
confirmation,6930-76324-0027,test-clean,6930,OPUS_VOIP8,16000,132320,True,-27.460000540276184,-30.992483519778354,-3.5324829795021713,0.5468268394470215,0,0,2,81a12c84ef170c0dd463a54efd100ba8ae3a8175669a261497718712d2ba1cb3,b64bc674781b0954c23fd2854756c7356fc68e089dbca9c2f149eb760510edc7,7.655622732769045
confirmation,6930-81414-0001,test-clean,6930,OPUS_VOIP8,16000,279760,True,-27.03787846486148,-30.130234644424192,-3.0923561795627097,0.47662442922592163,0,0,2,a28a1c7f31e4b48a4b9cc54f186cfb5ff35b6c2cb8cb5104a767b833d008aed1,9afa46a79e07dece49bf5eda8d90eb13a3106a60b7a9c67cbb9ca4c89665b70b,7.545667715184444
confirmation,6930-81414-0003,test-clean,6930,OPUS_VOIP8,16000,52720,True,-27.50366023859497,-31.602590183439602,-4.098929944844628,0.35041630268096924,0,0,2,35c6e5262e4ef151fc5af6ebe3dde788642e93156d23f8c43e058221c6689a5f,2b59b20c8c32568f27492366cb5e843f423da0a5c9fe0d1a3a4af70ddf236db3,7.4658573596358115
confirmation,6930-81414-0009,test-clean,6930,OPUS_VOIP8,16000,192240,True,-26.92146876889694,-29.93937259133485,-3.017903822437906,0.5635432600975037,0,0,2,4dacadadfab48b675ef786f4e9aa55cb17609593cff751de243bdd22dfa1fff2,457935dd08978a23b1179528a7659a53a04ee9388c15648b3312c2b2a7f728eb,7.549895963379109
confirmation,6930-81414-0010,test-clean,6930,OPUS_VOIP8,16000,61360,True,-27.5981915423922,-31.535476354983018,-3.9372848125908186,0.4332522451877594,0,0,2,19186a142f6f3d41009c4f1fff5853a79d2908ceb850769cff151f5bdefedb59,bdf3c7795c83816efa636890ecbb75f34c13074dbadd00b4c7e8827a30e83669,7.178096479791395
confirmation,6930-81414-0011,test-clean,6930,OPUS_VOIP8,16000,75200,True,-28.041515973006593,-30.14952932205651,-2.1080133490499158,0.37872517108917236,0,0,2,8379ed1d47bda4d8d17ae88dac12939c0148a5f43b103c87e4152700413b6483,d88205bd8dd26fab9f2ff7b3ceca33d9da99d7fb78456c5a899e8007b878c9f2,7.13531914893617
confirmation,6930-81414-0017,test-clean,6930,OPUS_VOIP8,16000,37440,True,-26.238260905156793,-28.737770858038765,-2.4995099528819713,0.47125163674354553,0,0,2,9dacd424a35c33fbdaf9de8d31d878c6d6a3613680cf98e8171ed54805f09ed1,09f91609a4cd644b002487a3cb3e91e6f0f7159a649a96eede447d22310a2ba5,7.777777777777779
confirmation,6930-81414-0018,test-clean,6930,OPUS_VOIP8,16000,46880,True,-27.89058445547484,-29.71156195803427,-1.8209775025594308,0.40918296575546265,0,0,2,04ce7d72339256c83f5b6f5d6455e4a4b9a9aa6bc0f9e01666408623f2f4c153,0da2e69694c9635cdf12f6d463c5e5ba5db5ab0ae144563ca1d298d395e19bce,7.382935153583618
confirmation,6930-81414-0022,test-clean,6930,OPUS_VOIP8,16000,69440,True,-27.950311419959682,-30.486601719947775,-2.536290299988093,0.38460931181907654,0,0,2,8f2f4d9599dafe6ff0791393403eccdd41197f760226d9a0275fc543de0ccd22,a0f1c4ce89772db0d2dc445fda12c413adf64dee5878664444781d0bc7f1e273,7.35483870967742
confirmation,6930-81414-0025,test-clean,6930,OPUS_VOIP8,16000,40480,True,-24.95052329101332,-28.581192865338963,-3.6306695743256467,0.4739071726799011,0,0,2,af261c7edd1975360065f392c8896d886ae2d66f3194ad728225eb911943fa6a,aaa9264ef623290c6f81ba45bba96fc44b5b24716288296eacc2f20230547026,7.228458498023716
confirmation,6930-81414-0026,test-clean,6930,OPUS_VOIP8,16000,49200,True,-27.195611560424933,-29.579397599587892,-2.383786039162961,0.3532295227050781,0,0,2,3325525b3c3c3bad210be58f8370fc9c0dac23a152ee01af9ff525c31d545673,93816f880651a11e65341153ec26bc350a7f0c7f3da2dd4220eff9ce98d81f61,7.690406504065041
confirmation,6930-81414-0027,test-clean,6930,OPUS_VOIP8,16000,61600,True,-27.186138878901946,-30.377501542243838,-3.191362663341894,0.37404492497444153,0,0,2,aed2980504e3a9e494322d902104d4841e60592ffec249329fcc4059bf892bab,81b2cb832a317cf4744eb4b7d2276e2609108554cd207d08b54eb60bea95a91d,7.4929870129870135
confirmation,7021-79730-0000,test-clean,7021,OPUS_VOIP8,16000,39040,True,-22.185004676784242,-22.947361244378406,-0.7623565675941689,0.46976909041404724,0,0,-1,3ba6bd3ce4aa1e7e1730efa2635df47baf7dcf485ca2cabd21481fa0b985d04c,f9236c283fce5d989b4c294a71f1f394e1b0ad5a7c5fff1a23f2e1a1ff144ab7,6.940983606557377
confirmation,7021-79730-0001,test-clean,7021,OPUS_VOIP8,16000,183840,True,-22.499805755653576,-23.0122619820525,-0.5124562263989281,0.7000961303710938,0,0,1,24acd8839059deb809fa20d7fe804499be15458b41370d41a64f70c33c231403,c7c101bbf7d5fdccb0b56233c76922d4a075383ad5f92661a558e991fb2f0048,7.521671018276762
confirmation,7021-79730-0002,test-clean,7021,OPUS_VOIP8,16000,43040,True,-24.99296515404093,-25.660059404136433,-0.6670942500955055,0.4943676292896271,0,0,0,2033a0af662f7b217605ccd230b13d6591506ee590458d601ed198d6ab363072,da00e3dff61eabc28e9dad00526935dba8c4ed2877ceaef5f4f8afd91aafac86,6.7598513011152415
confirmation,7021-79730-0004,test-clean,7021,OPUS_VOIP8,16000,287120,True,-22.662359067602047,-23.257470038375597,-0.5951109707735542,0.6379312872886658,0,0,0,75ae5ac4fd05fcae3d0c3e06978cb12eeac5fb7554f940aa459c8cc34ce90cff,169a3857f78e81def63a48b122489c97dad58d2d1bda539d15142d280e94edc1,7.513624965171357
confirmation,7021-79730-0008,test-clean,7021,OPUS_VOIP8,16000,188240,True,-23.490813625485636,-24.108492913281946,-0.6176792877963101,0.5433380603790283,0,0,0,ed8a9fbe4a38c1796fcf31afae75297f1122d5a9b2e045b56fa734065ce149de,84c6b25e02a47db2607e7f785a1d4d56f877bf7bea0debf64ab03966125777a5,7.449213769655758
confirmation,7021-79730-0009,test-clean,7021,OPUS_VOIP8,16000,201360,True,-22.690074050342353,-23.27664624247511,-0.5865721921327577,0.6517155766487122,0,0,0,563b711f6a422d9038d8a9b65cfc3cb1c1bd8814e500f866956fdd84359380ca,9a82532e10e3ed0214bc0b156a9cef5ccc3b9013a31313f8e09406bc2dcac05d,7.546762018275724
confirmation,7021-79740-0000,test-clean,7021,OPUS_VOIP8,16000,178000,True,-22.687066659476862,-23.155404856620944,-0.468338197144083,0.6382059454917908,0,0,1,e8a8f9ad1f3222fa4ec37bac568076a416b2e281abe5b8155d3a28662a0b7ef7,53470c11a862329f43f57ef5e71d639edd07e14eec9643152e7528f57a08dde3,7.637573033707865
confirmation,7021-79740-0001,test-clean,7021,OPUS_VOIP8,16000,95920,True,-22.61383220253432,-23.25533140674942,-0.6414992042151001,0.44773462414741516,0,0,1,f92a2724c79ee558e8d8ea986eabe2f0baa9e3f40056632737e3452712995cc9,534aa8f2fa289982ad9ccc417e7a3f7926c079f051a115f9f4252165db3c1d51,7.149958298582152
confirmation,7021-79740-0004,test-clean,7021,OPUS_VOIP8,16000,103440,True,-23.87674825767066,-24.557163000281147,-0.6804147426104881,0.3925620913505554,0,0,0,c343c6cd0dbf72acf0746116fdee79d457ca582567c849c5b5616872879de2df,762c7117510ebc45a81a148a085c6f46d7901a35f6d2bb2ac69516bc2f319243,7.401082753286929
confirmation,7021-79740-0008,test-clean,7021,OPUS_VOIP8,16000,294640,True,-22.309726147814853,-22.850609236613884,-0.5408830887990311,0.6045138239860535,0,0,1,86fdd874643ea3f3a8bb4400116197d1b728b0b680b1d584abbafc8462c61ad6,daa8358c7a3ea690fed659fefcfcbd4d32d3fdf32e099c29c1a4ed529c11e678,7.4943252783057295
confirmation,7021-79740-0009,test-clean,7021,OPUS_VOIP8,16000,58160,True,-21.51672471259488,-22.00334019959145,-0.4866154869965674,0.5868196487426758,0,0,1,7d9bd3ad5fb4920adcc61b2f4932cb564df9b6c5a2dadae39d6b9cb33c52b22e,da0ca9989ca195e44f8b89356a7993dcb67004a970007644555ac53653353510,7.553232462173315
confirmation,7021-79740-0010,test-clean,7021,OPUS_VOIP8,16000,192400,True,-23.449272239986207,-23.970947928782266,-0.5216756887960595,0.4373205900192261,0,0,0,39da69c237b33c567f987400ea803c30e1ea791d2e359833ee13d7b19f6dd95c,bc9016e305152960c6680e80becd9ccef128cec7b29e39a6b02fdb0064aeb3bf,7.531642411642411
confirmation,7021-79740-0011,test-clean,7021,OPUS_VOIP8,16000,165040,True,-24.714389336771436,-25.286240068628693,-0.5718507318572528,0.4498508870601654,0,0,1,4891956c3e34be3dc955b170fabea48cd5cbcdb50d983da60ac7b1fca1e9f887,a0feb5c59583268a292593e13d80cadc6961cb48982ac9e897ead8d4f7cb8767,7.411342704798837
confirmation,7021-79740-0013,test-clean,7021,OPUS_VOIP8,16000,117840,True,-22.763146928500287,-23.31892453055329,-0.5557776020530032,0.47100040316581726,0,0,-1,de892ab21c77a2ad39b8cfce77ef6004a7efd141d1a51bf459b24457a4ce8dec,d32820bf7d20f59234b46f5fa900633e57cd6f46bfc871e1b3675354a2f0fbc3,7.537270875763747
confirmation,7021-79740-0014,test-clean,7021,OPUS_VOIP8,16000,226800,True,-23.166493963290577,-23.642274567083557,-0.47578060379297915,0.4471784830093384,0,0,0,6c647408799e5711576c9ca50cc57dbe1b7cc37a9e67d2ba2e3d761e6d750ef2,452fa6036ef96e2279796dfcf77df5beccf9c4388561883dfddfa56da5992ed9,7.786666666666666
confirmation,7021-79759-0000,test-clean,7021,OPUS_VOIP8,16000,76400,True,-24.382348992375245,-24.92937222083595,-0.5470232284607042,0.4739571511745453,0,0,0,90fd13bf1fec883a093aa21383478c8acbfbda932c52abff2058df66f7e95d7f,85e0dfdf2d5b332070c8cf177dc7c418aa52b5b4a7e251ae4f8f8d905e46d65c,6.8657591623036645
confirmation,7021-79759-0001,test-clean,7021,OPUS_VOIP8,16000,39680,True,-24.611538864108095,-25.300298440448028,-0.6887595763399308,0.49971821904182434,0,0,0,cffd47b30e29854cfca1155c55343c45adaa8d36d1ae67674a67f852d928f9f6,cab29322e0d712ad1f113d48133c2644ebc403099a16e111626341b992af789b,7.119354838709677
confirmation,7021-79759-0002,test-clean,7021,OPUS_VOIP8,16000,84000,True,-22.85889265600694,-23.39391930595614,-0.5350266499492008,0.6357499957084656,0,0,0,4f70ec5ed46adb4d36b8dff37118962bb2e02d11f177210a1a7f6eda6d22a44e,1ff31aa4b95e8dc6600886bd17a95a6872e200a7a256d9f5830d4ff1e121cf2a,7.648
confirmation,7021-79759-0004,test-clean,7021,OPUS_VOIP8,16000,391520,True,-23.456577943909394,-24.020419669917644,-0.5638417260082503,0.7026598453521729,0,0,1,283b87bbf444f1c92bccefcfb7bb0ba347f26186c051c3ec461c6dd77d99676c,f2e32b860b1a934d4e58796088823859a2176e38efa3ab9aba28afdd78f75678,7.568778095627299
confirmation,7021-85628-0001,test-clean,7021,OPUS_VOIP8,16000,181280,True,-20.566657513238155,-21.086647897219898,-0.5199903839817434,0.7911553978919983,0,0,1,a01361cbaf1463612ba302ffcdb0c6b9c30f56cb894123cea60d04c645ad873b,1bf23003d3190a69730aa8dada5831a6189d67004829f03068647e5f77dcfa6d,7.267078552515446
confirmation,7021-85628-0004,test-clean,7021,OPUS_VOIP8,16000,44880,True,-24.095865008523873,-24.863468942075837,-0.7676039335519658,0.4821338951587677,0,0,1,f3e3ff82b7b6f036ff05be2af2d4aee1eb7f9f1788dedf6daa811ba11072f2ec,14f2114acc1bb419cb99d17bae9e22f9b48f86384329d7823dda0243c43b67b7,6.9761140819964345
confirmation,7021-85628-0007,test-clean,7021,OPUS_VOIP8,16000,266800,True,-23.52578022150508,-24.09823917288316,-0.5724589513780834,0.5947209000587463,0,0,1,450e1efca37cb8a843bd47c584fb4ea98fbc6a9a075edd7a287e66bfb4dcc01b,088c3df0a85a89d8c7da6517dae4847be6ff68774b320c523a3f7a5c27bc9623,7.486656671664167
confirmation,7021-85628-0008,test-clean,7021,OPUS_VOIP8,16000,114000,True,-23.13539809101166,-23.673116723953115,-0.5377186329414518,0.6940436363220215,0,0,1,be7410a3df6e1d11f89956db21599d16b23d10218d887e74619b4ab3d1282142,1a70c4a3a5ed418a2d8b50b3f8382044b7e297d1c7259ca39aec88571d5a87c6,7.230877192982456
confirmation,7021-85628-0011,test-clean,7021,OPUS_VOIP8,16000,143920,True,-24.108060039603934,-24.786324844791345,-0.6782648051874081,0.549244225025177,0,0,0,70dfdde77b949a9c049f65422b415c320dfc24ff7e207d0034b31eb376cb857f,995bccbad6a2ca0679cf499d20571225d77feef449bd540446cf71faa3e8faae,7.571317398554753
confirmation,7021-85628-0012,test-clean,7021,OPUS_VOIP8,16000,85280,True,-24.06572892582924,-24.65071506585101,-0.5849861400217684,0.4490435719490051,0,0,0,7fab230373db467e5349eb7d39ca22e65abd00616f5c77e563f4143a6bb56893,c0bf36f40bde1837a96183e1c66329978a576355d5af7b2c501ff3e7901d4cd9,7.402626641651032
confirmation,7021-85628-0017,test-clean,7021,OPUS_VOIP8,16000,34480,True,-23.885052295096987,-24.543895905348432,-0.6588436102514451,0.47190168499946594,0,0,1,920fbc3fa921f6569087cd412d0cec1e10fde87bdf12cf4f7828f550d566dc13,b3fc74a6d18f36c0954bd1e0a4d225a73eb395e2e5dbbc317c2a615facfb8219,7.0719257540603255
confirmation,7021-85628-0021,test-clean,7021,OPUS_VOIP8,16000,85840,True,-24.387196964700202,-25.0109819751247,-0.6237850104244986,0.37420985102653503,0,0,0,b6f973fb64565b7a315039c843c53f727868f8305e7b30ba0b47290746ceb6b6,dad6bcdea913e18c1539829eca4d519c2c30d4a007e620354d54f4542340e3ab,7.445293569431501
confirmation,7021-85628-0024,test-clean,7021,OPUS_VOIP8,16000,34640,True,-24.97879503380179,-25.839208105508035,-0.8604130717062415,0.29904741048812866,0,0,-4,1b23f6e0268a14a7e6f33963df887aca1790174a846da7b7631247f718d335a4,4a1b035146123291018217b22fc5d5ba7448ccb1768b64164030fcc067470a8a,7.116859122401848
confirmation,7021-85628-0026,test-clean,7021,OPUS_VOIP8,16000,43840,True,-22.493034749026428,-23.06810525663643,-0.575070507610001,0.51292884349823,0,0,0,0b138dd7e5a68c09a4c6bebe2cecdd8dc5778ff518f3a9786b10f7d6c83add43,8215e24512363b06c8240c42f2dcc5c21c5065e718c571f68215040e2c26dc46,7.255474452554744
confirmation,7021-85628-0027,test-clean,7021,OPUS_VOIP8,16000,136000,True,-24.700492713396933,-25.272079064429978,-0.5715863510330406,0.4415855407714844,0,0,0,79d28dbc0e18e3b9e7ea51e81bf583ecc5c96b405a31cd5ee09b6cc95e00811b,881ea506134b1ec25754e638970d9e8ef3b43859e48165278d1000179ae23e14,7.309176470588235
confirmation,7127-75946-0003,test-clean,7127,OPUS_VOIP8,16000,76960,True,-24.426876130446207,-25.387662271422965,-0.9607861409767561,0.7401675581932068,0,0,1,bbf3fd37186bacab72c99f61d90412b6d32b580e607833d7ea5a3ad23000d7fd,11679a846bf8386aa03948a4f2317cc35a10069857ddd3596da02c3c50cd2882,7.088565488565489
confirmation,7127-75946-0006,test-clean,7127,OPUS_VOIP8,16000,127680,True,-26.57191565538865,-27.592898084940796,-1.0209824295521448,0.5366198420524597,0,0,2,77a5e3ffacd755ed8b234508ff0dd80e6acc820851ce102860d7a1f4994beebd,e169e869769485fa36151bc08b38935ce1f048e50cf761a8a75a4f543b6ee784,7.247117794486215
confirmation,7127-75946-0007,test-clean,7127,OPUS_VOIP8,16000,76080,True,-26.896788438443153,-27.98142190499755,-1.0846334665544006,0.42463982105255127,0,0,2,5cec66dc82d7c76bee370244dab3c8efe42a1afded3b7618a76fd0286ca3accd,eed06c963731f0b5698e8448143d06a88c25505f64df0a5f8c05fc30f37f430c,7.086435331230284
confirmation,7127-75946-0009,test-clean,7127,OPUS_VOIP8,16000,75520,True,-24.378267795409762,-25.248254515012462,-0.8699867196027006,0.3569684326648712,0,0,1,1d928cf2c81e748bda5d91afde4c229259d02f45822ba5ed7b150ce903396308,0851e046dd8d7e3ec2eb725b9b365128dcfcb747c54496db41c49abf9b91464c,7.379661016949154
confirmation,7127-75946-0010,test-clean,7127,OPUS_VOIP8,16000,57600,True,-26.710788944441475,-27.793358841276437,-1.082569896834958,0.38396725058555603,0,0,2,b397727ace71cdb853374b6cf2bdbba42cf1c7f688b650f71a8d06e9aa4d3889,553bdd8a127f9731d7d56f1435899ccfd2afad76d18d0150f1110a18cd49c215,7.308888888888888
confirmation,7127-75946-0011,test-clean,7127,OPUS_VOIP8,16000,50720,True,-25.999019035246228,-26.841959492509744,-0.8429404572635162,0.5139263868331909,0,0,2,093ddf1960422dcf092a8acbd7bf052dc8c85e6d1b1b07dd5b3ab702bedd5314,cba56e760c0e3d4e0e3b781529973a8ee32de1ad3682ab1ef9ac0560a4714962,7.096529968454258
confirmation,7127-75946-0017,test-clean,7127,OPUS_VOIP8,16000,197280,True,-27.71402023486465,-28.845087119291453,-1.1310668844268026,0.5517041683197021,0,0,2,ef4c83529066e222ac391a965794bec4c2c37ac7bdbee9253216d55c26c87434,37f2857dd2a3439fe19a3a6c2ea85c3638a267f75d67661baa8743b98e581588,7.334306569343065
confirmation,7127-75946-0020,test-clean,7127,OPUS_VOIP8,16000,104320,True,-27.392331277043258,-28.52326491917596,-1.1309336421327,0.398840993642807,0,0,2,78331d0f16ec310c8dc687abc05320f98a2863e8e938810d50d24cbe3a342027,7f3fb1a1f3cff191e8420651814b9f3db5817f7a96cab3fa2304631827a40b37,7.2613496932515345
confirmation,7127-75946-0022,test-clean,7127,OPUS_VOIP8,16000,175040,True,-26.048051286082377,-27.307025075351955,-1.2589737892695796,0.6000751256942749,0,0,2,7100d2181eb9f6ef317b6bb81f97af1f2fb1a665be7d0e5281a5779a8639b98c,330db066457b35b5a8c66a06cfb0799ca10dd29c21927c6a3f7805c986fa03bb,7.50347349177331
confirmation,7127-75946-0024,test-clean,7127,OPUS_VOIP8,16000,81440,True,-28.997533563960808,-29.937289382255656,-0.9397558182948502,0.34139683842658997,0,0,1,b29db1e4c6be9fcb66b1772e7f5d501d28fdf5ed89384897c6feea5d4e29c118,d6e4d5309f60ad244d20290094cc2b838acc14775c3460485c5cc8c366df6950,7.121414538310412
confirmation,7127-75946-0025,test-clean,7127,OPUS_VOIP8,16000,63360,True,-27.880302872591535,-28.805760331150946,-0.9254574585594146,0.530299186706543,0,0,2,9101da7587dfb307f8b8b4e6339088398974d71c45acc4ad735861a5d2b0e14e,5958ef63802a68a393cef977f3280d27c0170969d860747cfb4f328039b17dc2,6.878787878787879
confirmation,7127-75946-0028,test-clean,7127,OPUS_VOIP8,16000,257200,True,-27.60365691186514,-28.716682040432886,-1.1130251285677473,0.4861404597759247,0,0,1,fa9ca0da338c744225ac1f5953df7e1fdb619b15410476f4993be09dd8971891,1aeffb3f866687b992e144ea3dde70c5a5c311c7186647374a6c36f8e07c92d4,7.181337480559876
confirmation,7127-75946-0029,test-clean,7127,OPUS_VOIP8,16000,148560,True,-28.20061844499801,-29.223600522454003,-1.0229820774559921,0.42929479479789734,0,0,1,aea096bdef30c80152d3be8526246117c26764bdb099ce9e9ae9724cf003de83,9a5d1bb9be4d986c32ec7b5e4a6ec9a09136747dc0f494a4a10d9c5fe25bcd09,7.224555735056542
confirmation,7127-75947-0000,test-clean,7127,OPUS_VOIP8,16000,287520,True,-24.198144427309778,-25.052855528328422,-0.8547111010186431,0.5128378868103027,0,0,1,a62a718d866b0ffa9b242a31a60c3550f53e7ff9d5129f7b373fbd1767376a9d,9a75b664a1fb7bf6f5fe0372d4cde729c63d45d8b189b01894c4e5cdec4ed2bc,7.436393989983306
confirmation,7127-75947-0005,test-clean,7127,OPUS_VOIP8,16000,34320,True,-26.876828056147353,-27.94860408144555,-1.0717760252981936,0.4363536238670349,0,0,1,9d12ebb8e2a50046e4e251aaf86aee2699eb9931bf19d87c37d37748b3ca7b32,a35fc82a4afb3bc612970b2087f550d6cd8f4191217ce75acac7813a8850dcc4,6.586480186480187
confirmation,7127-75947-0006,test-clean,7127,OPUS_VOIP8,16000,52960,True,-32.04957842275921,-32.843202562247214,-0.7936241394880019,0.3158220052719116,0,0,1,a008fbb9c78d488e75094cf68fe2b90934bf8a295a9c551a3005e00bcf7c90e2,df858c9b5d64b77b854a4c2f78b01fe0c96a10c4cf44c9554a866c85aa0f5fbf,6.107552870090634
confirmation,7127-75947-0007,test-clean,7127,OPUS_VOIP8,16000,87360,True,-24.821725020883004,-25.7503719717569,-0.9286469508738953,0.384014368057251,0,0,1,b0118156c4445297aa75b369c25769f444d70f2d2752327c27e836ead808e82a,f38ad90c9bd0b129a791fa32b643025ec8db91f5a9d9769642fa7d6343d87a82,7.032967032967034
confirmation,7127-75947-0008,test-clean,7127,OPUS_VOIP8,16000,66480,True,-25.798879810885257,-26.742286102299452,-0.9434062914141895,0.46164077520370483,0,0,1,507f13cdd188f21f71555c89036f0934539bc3ed02180d157c573b64eeab7d0a,4cf242cfbfb57410bfb66b07a27e2dbe2d4a24f28265b05a9d49ee064316305c,6.902527075812274
confirmation,7127-75947-0011,test-clean,7127,OPUS_VOIP8,16000,57920,True,-25.11875836284418,-25.7763388367691,-0.6575804739249211,0.3915209174156189,0,0,1,b9088ead7ae3738fba43a6c521bdcc1ae78ed05fb36cf4b8c4c7c9fd6acb660e,ec9427e12b5eaf73b22fb104c54086cbbb0c6868e43b8c180c69ac9b67319545,7.149171270718232
confirmation,7127-75947-0013,test-clean,7127,OPUS_VOIP8,16000,80720,True,-22.668297078463162,-23.51104999408478,-0.842752915621618,0.6448396444320679,0,0,1,7a1017949dc45e77b53ab3e771b4cd5db5254e3d00fd5b02e193955cc824a4ec,b9bed1e361843e2b8bf62e98373906ac8fd43cf0020985af1ff8c6a6c34e4fdc,7.113577799801784
confirmation,7127-75947-0014,test-clean,7127,OPUS_VOIP8,16000,161840,True,-24.53567607533188,-25.552316470536493,-1.0166403952046128,0.573714017868042,0,0,1,4614c349f1c4697d529f8086f2b9876f862e1c3b525d0664d404cf749529103e,08789dac91e783c77fc5d12bebce1bf348c41d2b62a93a080edb246058f99d86,7.255758774097874
confirmation,7127-75947-0017,test-clean,7127,OPUS_VOIP8,16000,42640,True,-23.928989444391696,-24.760921659165213,-0.8319322147735142,0.43849992752075195,0,0,1,059a1242924bbbba45715f1879870fc8cf5f31c0f27adc3f05f7be7950aaf24e,3ab355846660f03121697dc3b454c4f5e29f6004ef12eb34414cab04dd52eb22,7.147467166979363
confirmation,7127-75947-0019,test-clean,7127,OPUS_VOIP8,16000,62000,True,-28.797145993973384,-29.59076108776655,-0.7936150937931685,0.37056398391723633,0,0,1,74e5a3ac78f076c2149827a219da95478d553931e9340b9dfbd2f80dcbec3453,f207790772ecbd22cdf251dc25d71729ad3b70e46065aab0aebb7c12bce06138,6.596129032258064
confirmation,7127-75947-0023,test-clean,7127,OPUS_VOIP8,16000,81760,True,-27.86182996728547,-28.86763720410917,-1.005807236823701,0.4091433882713318,0,0,2,aa1add972351ecac2c8b7d8b7b5bb0cca90178bcd89a4ebb0191fe6bd9e70e21,99351c1110f267fb95482496688cdbdfdb6d4e2cc35f64583bea39bad541d9a0,7.184344422700587
confirmation,7127-75947-0024,test-clean,7127,OPUS_VOIP8,16000,117280,True,-25.472523774732426,-26.285394725983473,-0.8128709512510436,0.3824516832828522,0,0,1,eadf4ca0f368d242d0e479b595dbe6750f016e1b3022770736525249b6508e9a,af84fe179bd94ad4b74ae8e754b7808f3a704c0b67b840818018fc74bbf07866,7.261118690313778
confirmation,7127-75947-0025,test-clean,7127,OPUS_VOIP8,16000,89120,True,-26.02119622455281,-27.038022323382457,-1.0168260988296423,0.5443389415740967,0,0,1,6c7d3162941df35c79ba74504b2c706cbf31a51788bfb0d6076215cae465c945,29c7e838534efa8d5ce0d83b2e1edb348f402a90164bba9ed69c10079b7275ff,7.2631956912028715
confirmation,7127-75947-0028,test-clean,7127,OPUS_VOIP8,16000,119360,True,-26.216257279750224,-27.057618124554956,-0.8413608448047333,0.3979038596153259,0,0,1,989a8d11c84e5f260c8f8ada02bab3c21eded8ccd263dd894bab02a70054a317,3be9a2884aa45ec73f5a8726ddf314679945a83b8c98cd2431f567dc13405a6f,7.180697050938338
confirmation,7127-75947-0032,test-clean,7127,OPUS_VOIP8,16000,75920,True,-30.057324700345,-30.766149271511335,-0.7088245711663341,0.3835158944129944,0,0,1,fb56fd5ca144108941ac664fc67a0477dd9ce6fd0fb5192d504dd97b6ff9c3b4,aef87a4df082bf8b011651eb1f7e8092963bc5cc7920d2738cb6cd27a35dada7,6.280295047418336
confirmation,7127-75947-0034,test-clean,7127,OPUS_VOIP8,16000,47440,True,-27.293791696992947,-28.127132407104902,-0.8333407101119551,0.317718505859375,0,0,2,1f0b89f130556e62cbfb64e35c25c813c4c73a63c9770eb8412288b406795cb4,b759402de6563f609934fde88645bfb9fe0db70bd45076198b9429a1f0173041,6.807419898819562
confirmation,7127-75947-0036,test-clean,7127,OPUS_VOIP8,16000,39040,True,-25.362394572431622,-26.272889961744763,-0.9104953893131401,0.42436298727989197,0,0,1,046ad81df57fa7f58bc2169da534d00b95ab05ce6069b06d41b31542563e8b70,6bb249a92b6b8f16f05d71c71f3f20fb45095e34c484012e0059b36a63d58241,6.695081967213115
confirmation,7176-88083-0000,test-clean,7176,OPUS_VOIP8,16000,91120,True,-21.424046232772135,-22.170438372242337,-0.7463921394702039,0.6286426186561584,0,0,1,37da1e6c3754adfb087cc3659cb09ffa8dd530044b8a82da50672d9588c65d31,246faf1a52427360708a0c02f974b6d2fdfb6c26959135ac68065beaba99bb9c,7.658647936786655
confirmation,7176-88083-0001,test-clean,7176,OPUS_VOIP8,16000,265200,True,-20.977313967597095,-21.518659085194013,-0.5413451175969192,0.6827965974807739,0,0,1,c8706a2f9ddc551afedc9cee9c35899a8997c048f9bb1b692fa200b30b338ca2,17228f0c3dc2ac74d9808eb802dfec1a4ba09a634bd1765909c46721ee8d9e6c,7.505761689291101
confirmation,7176-88083-0004,test-clean,7176,OPUS_VOIP8,16000,120000,True,-21.15699985941999,-21.793852671565066,-0.6368528121450734,0.6711178421974182,0,0,1,44fa830a2bab069c26827e42427f606bac6cdeb4f59d3551a137a187b991c059,49fb91ae2b114f2f1ff3727226f765ef92826735ee24078887c7618d350c1ad6,7.6117333333333335
confirmation,7176-88083-0006,test-clean,7176,OPUS_VOIP8,16000,68720,True,-21.066008196861482,-21.707523882946717,-0.6415156860852361,0.6739670634269714,0,0,1,c2af8a87bcb08487bb50caa0517c9334473b15752aa3072b1b5870f304a30c8b,995a14fbc68d86fbb76917cb4d572a9432d2a43dc1bb6275201f0c3534e191aa,7.605122235157159
confirmation,7176-88083-0007,test-clean,7176,OPUS_VOIP8,16000,228800,True,-21.303880906734097,-21.820665374374407,-0.5167844676403082,0.6779062747955322,0,0,1,3fe6eb86291e266508972b80c0cba12f7549289537a28db0ee26c12052d0511f,3d565587f60d6da7d76275469869102895bf9bc9a520d055d67d9ac9743a57d3,7.645874125874125
confirmation,7176-88083-0009,test-clean,7176,OPUS_VOIP8,16000,64720,True,-22.973464481683475,-23.604424511184654,-0.6309600295011748,0.6704089641571045,0,0,1,b77f24ec13a9113a7ae319b8e4d66c94658351f8cd790a2fd6dd0456cbafc9ff,db777c25f3d4b2b6643ca6c00eba561c4ea1d1a1696d82423fbf644c79a6defd,7.62027194066749
confirmation,7176-88083-0013,test-clean,7176,OPUS_VOIP8,16000,240000,True,-21.81470536521397,-22.462991472763242,-0.6482861075492672,0.6809113025665283,0,0,0,25c6286db3216348340a0916e3a43ccef2980f764e3819af282a9011e328b750,ffda122b9f0b52e092fe103df91a3f3028e8706b492526bf07a8218dc3311717,7.597333333333333
confirmation,7176-88083-0014,test-clean,7176,OPUS_VOIP8,16000,74720,True,-22.618289096086023,-22.99847331281987,-0.38018421673384784,0.6860532164573669,0,0,1,f66a27768f2406a695d98d90e7c5df78baee8d6ba7c782eaf9f311ac3d4b50fe,6ca5b70de6518bf7dafcda625134575efd3a055772d849fd70d32a9ab26f8e81,7.491220556745182
confirmation,7176-88083-0017,test-clean,7176,OPUS_VOIP8,16000,58560,True,-22.421881607078404,-23.15846859700317,-0.7365869899247661,0.6187067627906799,0,0,1,2abd7932f628e5ee7be94dd7a0146e0f523007d0e06d4394e49406eb3b493042,188a2d7dd756b62963a57f5f091edb13e1b82208771f4aee126de28c36a87693,7.801092896174863
confirmation,7176-88083-0019,test-clean,7176,OPUS_VOIP8,16000,92960,True,-21.54046641398342,-22.338277025256886,-0.7978106112734666,0.7163369059562683,0,0,0,33030004b525cd500ae8c817cd63e93797621aeaf3f6392ad0a789a63513665a,0c01c14eb7faf3da3561d46954387b6ab199079156557076bcfa6deea413b6ea,7.619965576592083
confirmation,7176-88083-0020,test-clean,7176,OPUS_VOIP8,16000,86640,True,-23.3376336663489,-24.016193003863997,-0.6785593375150998,0.7241445183753967,0,0,1,aa3a5be5dc2d28712225a9dda9c6a6334307af2707d463d1fc2a20c0e3f75572,0d239574bbd8f3f8d36de9a2607feed14cb3bc9b7b5ad2a7c8525736e11cbc82,7.516897506925208
confirmation,7176-88083-0021,test-clean,7176,OPUS_VOIP8,16000,201680,True,-22.742324552719204,-23.377320647050816,-0.6349960943316152,0.7136390209197998,0,0,0,36aba2ec23f101fe664e3f643f0ef635a204c4c983ae0d658a40e1087363fa13,c7ca617a5ca5b12142789e7b4548d2a77b635f586da3d997bd8efdfcddc6cf1d,7.561443871479572
confirmation,7176-88083-0022,test-clean,7176,OPUS_VOIP8,16000,151760,True,-22.038063089016937,-22.625598105233216,-0.5875350162162774,0.7159487009048462,0,0,1,47b08c3ee24b62e04d0d97ad210cc007e5170b395776ef807ce408ef9bf5d148,a9e3514f9c215a6f9c455401361421648c8910d50b9fef1f88eab46ec7999b2c,7.59430680021086
confirmation,7176-88083-0026,test-clean,7176,OPUS_VOIP8,16000,88480,True,-22.34407403080596,-23.000074821887377,-0.6560007910814172,0.6929569244384766,0,0,1,213b20423a3d56c71b112159990c752036115e1b6940c9ec82dfe4f0886b4d23,c8c251578ba7cd5c821c8eed09c07ac8af86a7cfa351ca49ef09b413b18bcec3,7.496564195298372
confirmation,7176-92135-0001,test-clean,7176,OPUS_VOIP8,16000,120960,True,-22.383960112817135,-22.98632967908112,-0.6023695662639816,0.654974639415741,0,0,0,e4881f4e1da1e5ae3212d3c3899f1c30fe83639403472b873f37a65caff98e53,bc1c073606b0e4034ecc2a2f6cc40508771fdc89770eb2309556f6ea7dabb382,7.401058201058201
confirmation,7176-92135-0004,test-clean,7176,OPUS_VOIP8,16000,38800,True,-21.958288600213525,-22.720324094623802,-0.7620354944102805,0.438686728477478,0,0,1,6a56df0c3b601a724768aea140b72d5ad1f4ffc84e590a6e35bee45b28ca0a26,0aaa9b61381aed0d93cf8b3bd7d2006c16360697ec448d76be05f6abbd65a39a,7.360000000000001
confirmation,7176-92135-0005,test-clean,7176,OPUS_VOIP8,16000,87520,True,-21.803432272460878,-22.453515635825475,-0.6500833633645957,0.5464358329772949,0,0,1,6f4085d7e0fd37ef6faec874b570279c5aab668ed7188ab3ae1e19f73b57825f,9b0696cdc074b8411c69a5354c6a2a3e0e8d9f266f5651f12a41a9aabf23178b,7.70164533820841
confirmation,7176-92135-0014,test-clean,7176,OPUS_VOIP8,16000,256320,True,-21.398885646910124,-22.044381163401738,-0.6454955164916161,0.7066701054573059,0,0,0,76fe3acdfd9e4b627018ed98bb4a8bbdf6bbe602ebba4559b206319129fe6d6b,5c087e137b2d6dd917a94c42aa88408f1ad9064320823e531a747fae010d4ee4,7.701872659176031
confirmation,7176-92135-0015,test-clean,7176,OPUS_VOIP8,16000,108080,True,-22.52361998373437,-23.225275876983478,-0.701655893249109,0.5469708442687988,0,0,0,4916e947e87ea2ba39c26a45367a992b615141f0be39027697c10d760d5fc213,72fff720a6f58d1b026b84f4a61a141aabf3c06d3ba7fdb34c4b8671ece50d33,7.499037749814952
confirmation,7176-92135-0018,test-clean,7176,OPUS_VOIP8,16000,143040,True,-21.919385415239738,-22.614319941542703,-0.6949345263029709,0.5379356145858765,0,0,0,dbbc3d2b478ab8f9bf6f0a2db8cf6ca357ba0ee9a342749063a815cdd5cd85af,f89c2569ffb9ff78dcf9a4e39d397894c00125769b6b8bd9b60d6575846f454a,7.619686800894855
confirmation,7176-92135-0019,test-clean,7176,OPUS_VOIP8,16000,38480,True,-22.601565173677525,-23.199384873579113,-0.597819699901593,0.45794424414634705,0,0,1,43665d17a59880406617047d4db4037487ccb38684334674bef9cb6359f09ae1,4dff166e5a6b88cc55cdf30c3c685d7b82517e8f447640b65c1042636b943a7e,7.244906444906445
confirmation,7176-92135-0021,test-clean,7176,OPUS_VOIP8,16000,41040,True,-23.26590096970866,-24.05677338510943,-0.79087241540077,0.40957358479499817,0,0,0,9e3213c1117de76c05b6f51e182594a7ef0610caf59be9735e441d6d3d93a7d2,242c8fb040056036d562d05126fd6bbce4878cf3d189d02db1cd99e0b991b51e,7.566471734892788
confirmation,7176-92135-0024,test-clean,7176,OPUS_VOIP8,16000,65600,True,-21.550471030071844,-22.10120091276746,-0.5507298826956184,0.5109335780143738,0,0,1,2bfb032a85b4378821800f11cefd6934b1182952ef2f182fa5fcabad78733a85,3e23f95c514428ccb048880dd0427e5ce122235081d79abf9ac8235dfd0489bb,7.551219512195122
confirmation,7176-92135-0028,test-clean,7176,OPUS_VOIP8,16000,53520,True,-20.902667134697257,-21.578648580639786,-0.6759814459425284,0.45165249705314636,0,0,1,0c8aba4f37e67710c6bbde41cbe3b645bfbfb8fe1194486ee1c0ebaad0a3fe70,70d4629f94109686c2db266d28215d37208e4699d0d61dab49ea41fc92521f9c,7.7608370702541105
confirmation,7176-92135-0030,test-clean,7176,OPUS_VOIP8,16000,35760,True,-22.390472864135514,-22.849888636234322,-0.45941577209880874,0.770399808883667,0,0,1,5169f59327c9a4f6965903a6f6cc010fe436d24c280a64ada05733fbc083d0fb,4cade5002da320c68e054a58b7588de07a6c09a9ca989720133d828b9eda3a73,7.180313199105146
confirmation,7176-92135-0031,test-clean,7176,OPUS_VOIP8,16000,154240,True,-21.656740072713273,-22.239481927882675,-0.5827418551694044,0.5574036240577698,0,0,0,3ee6912f1a197310db4cdc30eec0f2c9b30e1a8f1b29a38f76ee599047d1f737,655723c590d6b3d1e5968a8a5f27d5efefb8e90f85a90827700ab460433e00a4,7.609128630705393
confirmation,7176-92135-0032,test-clean,7176,OPUS_VOIP8,16000,53040,True,-22.944939587175355,-23.70403730833946,-0.7590977211641017,0.38426196575164795,0,0,0,b440d31724c5f6764b1219b66587a8ba0d6de569a47383465e403a23f0c12c12,ccf822ad9db6efbc00f299efa492216c0df745b83488408a26a168dc0ed5c856,7.4473604826546005
confirmation,7176-92135-0036,test-clean,7176,OPUS_VOIP8,16000,103520,True,-20.941230904558857,-21.724828109276704,-0.7835972047178459,0.5166308879852295,0,0,0,049541951b7021945eb23bcf47b1afd7d44de9e22ce90730fa43a1a4eab56a83,0f16da7fdb9b40a2a30130ce4b288ae777f99b99f33bb5719385327d514531df,7.695826893353941
confirmation,7176-92135-0038,test-clean,7176,OPUS_VOIP8,16000,147280,True,-21.298124346023286,-21.984759963822498,-0.6866356177992092,0.5789391994476318,0,0,1,4011bef4e20d309f9463471b53891c0e7752f75b72605193a79418ea35842b8e,62497f8e788990d46c6d8b020ce3a65d06ca35a6988c4fc8b9dcf70b976ba53b,7.687995654535578
confirmation,7176-92135-0045,test-clean,7176,OPUS_VOIP8,16000,83680,True,-21.898339359375825,-22.57749740781221,-0.6791580484363768,0.5665214657783508,0,0,1,ca4d92f446fd7f6bfa98d64c9b84d200ed34e4a043bcd1044f9077c8cfebff4a,d4e1b9ef0d0250b2fb9602132427ba99efa9d9983d536db1f13478d26ae7419c,7.49980879541109
confirmation,7729-102255-0000,test-clean,7729,OPUS_VOIP8,16000,52560,True,-24.149766742496837,-24.844549278577077,-0.694782536080233,0.5773239731788635,0,0,1,bc7d51085ce0011546b3a9e5c943e468dab722874d72b160ae906026a86de083,35754018a8d0ddb28390fa4ea11b5ea1ce20257dd2f8d511a734e169c54fbd3c,7.632267884322679
confirmation,7729-102255-0001,test-clean,7729,OPUS_VOIP8,16000,55200,True,-22.065400243988847,-22.69804827104982,-0.6326480270609719,0.7834288477897644,0,0,1,7b9b781aac47566ec73b0fc02a81c22987b6bced3b4e5bc095176ed9efe1701a,a312ad2577d1e948f4701110ca5a1c687d768816b1a2b465ab310974d8617d14,7.5431884057971015
confirmation,7729-102255-0002,test-clean,7729,OPUS_VOIP8,16000,132800,True,-23.113267136674814,-23.800235290148187,-0.6869681534733751,0.7315855622291565,0,0,1,b369c24370fb2596ed08a8ab37347e41a7ca27050b2159be68044dc6479f3a3f,9b90aafa8f8cf53a34613fd864690c19cde091ed1a473f25c0207ee1852f7a9e,7.513253012048192
confirmation,7729-102255-0005,test-clean,7729,OPUS_VOIP8,16000,82880,True,-21.93645285669092,-22.551787953962865,-0.6153350972719449,0.5967428088188171,0,0,1,9791863e80939227662526201f7115a8ffd8484db0b9ef3817c2e1b11a94c4bd,256409716a1bdbc31e85ae6fb5ff44fc31f352fdcc0f4a97aa39ce7e71bfecf9,7.576833976833978
confirmation,7729-102255-0007,test-clean,7729,OPUS_VOIP8,16000,184480,True,-22.966184085811005,-23.75181516415299,-0.7856310783419842,0.7168634533882141,0,0,1,8df800cc8d662ddcd12d68b22bff2abc13b17f31ba63bb38be64be7916c5b3d5,00aef40176ce2e7502b5b0c79a36fd052b2c7731f875a837b7e83d9fb1bc5644,7.688464874241111
confirmation,7729-102255-0010,test-clean,7729,OPUS_VOIP8,16000,136640,True,-23.022989713395408,-23.762853532227922,-0.7398638188325122,0.6079884767532349,0,0,1,507b8a1ffcbb772fc8e1283a2a699f5fcce1e3eb8e4a73ad0dba9e4e0d8739e4,94daf9fde995fd559bd4e37cc61c50cd2713693da2a22b9dcaf474cf0874a798,7.674941451990633
confirmation,7729-102255-0011,test-clean,7729,OPUS_VOIP8,16000,325680,True,-23.533889925413618,-24.140802049077866,-0.6069121236642492,0.6326721906661987,0,0,1,45e884b42e7bf12875d00c43323944dc5473f142d0baae2c86b248bd62f6d106,a7ff663000ed230b06f83bd9e119f6f3c6053141af9bae67a3183204c8963d37,7.734708916728076
confirmation,7729-102255-0012,test-clean,7729,OPUS_VOIP8,16000,65200,True,-23.623497012552882,-24.28738284760972,-0.6638858350568415,0.5933220386505127,0,0,1,3b2fc6c60761867365d8ef1f57cc89a137d3e1dd9369bbcc04d42bfe6094fa81,cfd0505169afbcce93edb027bf9d5c2cf8884f67fd6999b328248159d5dfef17,7.613251533742331
confirmation,7729-102255-0013,test-clean,7729,OPUS_VOIP8,16000,42800,True,-21.954945988809527,-22.65184077638988,-0.696894787580348,0.5752096176147461,0,0,1,788a5e472a6f538f49a1a57a0cb204016b9c1c13a25e2f45fe26c17820fb9d30,9b52bde4ba60efbb7eaab85272b323e4a816f229518e002001915946296e8e26,7.70392523364486
confirmation,7729-102255-0014,test-clean,7729,OPUS_VOIP8,16000,84720,True,-22.93393724896111,-23.592766427253345,-0.6588291782922335,0.5538116693496704,0,0,1,27872a01779efa82b9810f62660ecaa15699b78bab48d3d1431f5018fda63fd9,c34c45a0f9820f9c23e59d95e9dba8eaf738a8aeb5c04330b113ef5b762ef057,7.734088762983947
confirmation,7729-102255-0015,test-clean,7729,OPUS_VOIP8,16000,239840,True,-23.06291745627646,-23.72533703528525,-0.6624195790087912,0.6794582605361938,0,0,1,b8bdf87e25bdbfd79fd6a8b9c9915365551875778b635394bb96618701779546,67c3cb624934027bd7c2969f878324aeab3960fd6ddeb9d9a4ea9d2763c16108,7.708605737158106
confirmation,7729-102255-0017,test-clean,7729,OPUS_VOIP8,16000,241760,True,-25.345021216901195,-25.9308672803845,-0.585846063483302,0.6110668778419495,0,0,1,6eff59a0a93a9c3bf9ccc4282e089d308d1ad9521b7cfa8e9c9c8d0473e542dc,04a33c157c5af47fe38365066872fcb6bca0680f052cd7022304d947342ccbde,7.490138980807413
confirmation,7729-102255-0018,test-clean,7729,OPUS_VOIP8,16000,181600,True,-22.908175467106027,-23.564289480504904,-0.6561140133988747,0.6315973401069641,0,0,1,3777fbc96addd569b9ef05850065397d1be81334b67cadeb15ff0bb457853efa,57787fab09b418f181bce999f2bdc8855eb74ec795839ec7d0478f13d038cbca,7.656035242290749
confirmation,7729-102255-0020,test-clean,7729,OPUS_VOIP8,16000,175600,True,-24.71856714842537,-25.38975504623111,-0.67118789780574,0.5069946646690369,0,0,1,a19e20f44285847ecc7da648bf8351ddf0df326b72976fdea695c52c74eb94f1,8aca7e24ba80f9dd69e759c011fd3d5b6de962283a0a12fc7973cce15565b6db,7.595444191343964
confirmation,7729-102255-0021,test-clean,7729,OPUS_VOIP8,16000,126880,True,-23.937018998889783,-24.48872197548252,-0.5517029765927342,0.6337872743606567,0,0,1,3425f83b794bd0d6f554f36b17a7865761ef3de17cc60a8e6a6afb9fbfef275e,8399ac20e517ab584d50a849cb1303f5ca03b665a687a23b7def882aa057dcab,7.472383354350568
confirmation,7729-102255-0022,test-clean,7729,OPUS_VOIP8,16000,188720,True,-23.353566224116715,-23.96855130183907,-0.6149850777223563,0.5545480847358704,0,0,1,cdeafa2c8c3f518532312a35e069173fdc087c303cd6722e30ac717346d68e3d,116788fffc8cf86d417c2aeec525c73d4ae0bd048666959a98cfb579dba2191d,7.472997032640949
confirmation,7729-102255-0023,test-clean,7729,OPUS_VOIP8,16000,88000,True,-23.882105674415936,-24.55962202661643,-0.6775163522004929,0.6513339281082153,0,0,1,cfa91ce0210c046dc9b7dde3c42107b547568ef038119fcb1e2e01fe3588216e,2e6e405f678ac860868f0e721c10176648420e81fb57b3c8fc9e34ef1355ac2a,7.681454545454545
confirmation,7729-102255-0026,test-clean,7729,OPUS_VOIP8,16000,240960,True,-24.654988619418752,-25.356753693072708,-0.701765073653957,0.6240259408950806,0,0,1,a086d71006ed3589da9e1f37b65ba4f8a995aac903275f47a8fba9a14d83d44f,bd431c9f7591c825eb6f1c5f820acf42b4255a4640e39c5aa8d47fae2e642a59,7.613280212483399
confirmation,7729-102255-0031,test-clean,7729,OPUS_VOIP8,16000,108000,True,-23.653321287851917,-24.268477143269365,-0.6151558554174473,0.5372157692909241,0,0,1,4ccaff969e5a52f4fe31b150c7daf0daf991aa1a760d3dcc4cbb83a1e2b4842a,1b3715485065ff38bf752539f89a82fef7e73a8af856a99eb49d57b09b02ecaf,7.424
confirmation,7729-102255-0032,test-clean,7729,OPUS_VOIP8,16000,324480,True,-23.73825819830992,-24.27810998012269,-0.5398517818127689,0.808494508266449,0,0,1,3b81fc9527f7f442b8f727ac4d43d289c390899361e6977626328405a5283784,bf0cb48043c353340fc4acd9a6226d268236438671a98e9804a340a5f4dff942,7.632741617357002
confirmation,7729-102255-0035,test-clean,7729,OPUS_VOIP8,16000,90000,True,-22.91694304141626,-23.524636024210203,-0.6076929827939426,0.7438162565231323,0,0,1,7e6dd2d4e124a7f6dd14404ecb1b8579bdd410a959e7397a13296c18944c37f3,a173cdbc82e32f1d498b0fc12165f1ace92646135b13a24e390e9ebeb81cafc9,7.586133333333334
confirmation,7729-102255-0036,test-clean,7729,OPUS_VOIP8,16000,123280,True,-25.30911336819818,-26.186456268690566,-0.8773429004923876,0.42637646198272705,0,0,1,cc31d8333e7ef0ca0e728f3367a20b7c943e8336fdc51d30100b49ed94bd2020,703541c8efe009a941b39c1796bd0bf0cbc4653bdad779d08b8f43de00e98545,7.7632706035042185
confirmation,7729-102255-0037,test-clean,7729,OPUS_VOIP8,16000,176320,True,-23.901615610754018,-24.564555666923763,-0.6629400561697428,0.8007981181144714,0,0,1,29ae8f4601c184b6c75f8ab85e987bd3d6e8483ddd36028e75d0e60ba11fc530,3158e7ac1afb0929241d69459717b72b0c0778e348d7b9581df4164266b6afc0,7.570235934664247
confirmation,7729-102255-0038,test-clean,7729,OPUS_VOIP8,16000,126720,True,-23.868262038672686,-24.60608926962722,-0.7378272309545296,0.6083642244338989,0,0,1,fc9069da329fdd56ceb4a594f3bbdbedca650015a19cbdada1dc2fe11a2ad3d8,b4e7ec6a8c631ad5bf601d4647b6e37a9cb3b004df3296c22719d9c24bd19aa0,7.3717171717171714
confirmation,7729-102255-0039,test-clean,7729,OPUS_VOIP8,16000,109040,True,-24.49771344585219,-25.38613917315963,-0.8884257273074404,0.4042896032333374,0,0,1,8dec736d2de1b9e5c5b236b112b6b55b8f08fe6e030508f919aa31acc97aaaa3,d27b0793ec7b0577f9ac1db4c13934fccce983fcebd65acc5f53b42725681923,7.357887013939838
confirmation,7729-102255-0040,test-clean,7729,OPUS_VOIP8,16000,188160,True,-24.386271104191096,-25.091163871518425,-0.7048927673273298,0.7025606036186218,0,0,1,161f870d1d11472b8b5f06d94de7e5a16c1a4416368fa55914c9c23738c690b0,e2d9e98b43b3f44ac16ca46351f15e923ca1debc4bb7b832136cf24a2b2bdd3c,7.587755102040816
confirmation,7729-102255-0041,test-clean,7729,OPUS_VOIP8,16000,198640,True,-22.831168243476164,-23.52447572373059,-0.6933074802544247,0.6448764801025391,0,0,1,9268e502584336f251731957e2101c0b23288dd6456984180b214a808d362f29,f6e4e2d5e7eecdbe6705e5da894da42c872261a722de6b781f10070102a0d8c2,7.650100684655659
confirmation,7729-102255-0042,test-clean,7729,OPUS_VOIP8,16000,147600,True,-23.419483735767322,-24.18855151098405,-0.7690677752167252,0.5866394639015198,0,0,1,0b355b515fc5db40a20c808c455ffa37d81717275e804ed4a91f81561ed3df26,188bdded92efc90cfbcf651261cb91221836cd1f4fc49979eb69994f9d2c040e,7.514363143631436
confirmation,7729-102255-0045,test-clean,7729,OPUS_VOIP8,16000,108880,True,-25.655889667999745,-26.324545065493563,-0.6686553974938212,0.5653097629547119,0,0,1,433dcd8f7386a36301ee74b91147e4437be39ddc06f463087b4e93a361d98669,2f61826384f8509022d506c842ce9e02bbac63161379d2df70ece5b3bf30e12a,7.375753122703895
confirmation,7729-102255-0046,test-clean,7729,OPUS_VOIP8,16000,319120,True,-25.742596802101684,-26.48529108658415,-0.7426942844824664,0.7294443249702454,0,0,1,381e089427fda771505056de6410f30706bd7b5c2414f3e59c9bbe22c092f259,43cd8338c2a811ee9b36eac53df34f8850a34a18998dfc698164402a6a436181,7.575632990724492
confirmation,8224-274381-0000,test-clean,8224,OPUS_VOIP8,16000,283840,True,-21.946469516417288,-22.558996812655533,-0.6125272962382449,0.5747798085212708,0,0,0,f7fa3df17ee60ae38561d7bd2760f858b77105caccf1fd11e479dc44254c3d33,bff525d22740da9df366bcb839f76f2c1aa6940982525ca641c96359b6f4f323,7.552649379932357
confirmation,8224-274381-0002,test-clean,8224,OPUS_VOIP8,16000,392640,True,-25.29339670870479,-26.24189181511836,-0.9484951064135718,0.4088219404220581,0,0,0,404aaaf14da24f49edc3df4584a04911119f52e5bf5eab696a53c17a4322a109,f0e9c42156954346fa71f5d21384acfe0daf9c3a244786acf7b6be088f293b5d,7.54718826405868
confirmation,8224-274381-0003,test-clean,8224,OPUS_VOIP8,16000,209360,True,-23.37453412347053,-23.976513929150748,-0.6019798056802209,0.5040728449821472,0,0,0,bb7f9be66343ea7fa606b9313a7fd8b300f01955580e7fd0cc67029b785e25a5,62f0b24f6dabe7521a9f250bc239650e8c819b481181ab28e1b3b01e7f1cc5a9,7.614826136797859
confirmation,8224-274381-0004,test-clean,8224,OPUS_VOIP8,16000,340080,True,-24.91135317189775,-25.72028199436238,-0.8089288224646334,0.3511158525943756,0,0,0,50d1cc3ac89931a616840756657ad79ca6bb29e835135a8c211f0da7672bd63b,2a16f12ba8c7454f0082b4c06d7bbd32178b6f9c3acecaa59bb4cfd7743fc669,7.576570218772054
confirmation,8224-274381-0006,test-clean,8224,OPUS_VOIP8,16000,271680,True,-22.83473644607713,-23.607656742164743,-0.772920296087617,0.4116245210170746,0,0,0,868e386ed247022e1cd53419fec553c3d5231dcd4fa1faea64c80a7995916b95,811060bf40d584004c0dda708eb1ec180eae5422aca83c42ed556928ec1df5d7,7.457714958775029
confirmation,8224-274381-0008,test-clean,8224,OPUS_VOIP8,16000,335680,True,-22.725242333680782,-23.42273344706047,-0.6974911133796853,0.5294404625892639,0,0,0,f9c16ebbc50265bae74e7ec481a99158f4ebd75d43ae9c05064b9962868a6a34,353bfdc88cdb3ab4b9729a3f87850204997aee5f44c12c91fb1abee99a604c70,7.57254528122021
confirmation,8224-274381-0009,test-clean,8224,OPUS_VOIP8,16000,454560,True,-23.182348065226762,-23.976509416415745,-0.7941613511889839,0.48863065242767334,0,0,1,53df86aa1036f239aaca561f2388e6be398acc482087782eeb2eb7510c7fc04b,317f6d91a9c5dc4e3e920677140fdde2d702397f9690216e5a7af30eead078dd,7.555086237240408
confirmation,8224-274381-0011,test-clean,8224,OPUS_VOIP8,16000,103680,True,-22.575910533047136,-23.21810181792475,-0.6421912848776112,0.4245041608810425,0,0,0,bc0f552909fb7207af2e1d2594c54a97a35a1c8badd754e65522e4b1bb5bebed,09bfdaf56618347dabae58c78301c876ac2f1e8ca64111111cb5ddb1f3c117e6,7.423456790123456
confirmation,8224-274381-0012,test-clean,8224,OPUS_VOIP8,16000,318160,True,-22.223757151577125,-22.73477657945843,-0.5110194278813049,0.49954351782798767,0,0,0,55dab632437943fe3424fcd9a8a9b9e6683b0c5e33ff09606399353b04a10e0c,504c86d385e873516ac63995d2d21d71a7d9114dd89730c1d4ce893923ab2278,7.575157153633391
confirmation,8224-274381-0014,test-clean,8224,OPUS_VOIP8,16000,286080,True,-22.239731454460724,-22.881090214376858,-0.641358759916133,0.463447630405426,0,0,0,6dacaf67303dfb413f64bff353728a03b1dd576a5ef9adad9ea11b94df852fc4,60264de93d81f2de4d5992a669cc0f5f9b7d7f36b8da7c4077a6d9ad6a939ec9,7.5512304250559295
confirmation,8224-274381-0016,test-clean,8224,OPUS_VOIP8,16000,440400,True,-22.427288279254306,-23.209729615836082,-0.7824413365817756,0.5422242879867554,0,0,0,fd51c96e99cd404e97cc0db13ac8d04426d2183c697bb3d7382f9b3bba89d05c,3424df795cdd45fc8d6c3a5a36f766ee044511c2d197d8032b8f3194528f7f44,7.623905540417803
confirmation,8224-274384-0000,test-clean,8224,OPUS_VOIP8,16000,121680,True,-23.71283090651221,-24.293193788688843,-0.5803628821766368,0.4270128905773163,0,0,0,cc590adf735d4eb22549bc1609870aeb40d3d7a5e342271c7cdafc6f5ea5aa78,af66c96989f06ef9fb2ad59af8ee3836a30c9ebac4364a4d0dd9319d8efd46ec,7.2930966469428
confirmation,8224-274384-0004,test-clean,8224,OPUS_VOIP8,16000,330240,True,-22.475309212350062,-22.95999956097177,-0.48469034862170685,0.45846301317214966,0,0,1,5879e817e6548a8cde04073ff0773bd105bc5da5a059f69625d572543434e92b,7f7851b13223f5296ce391c3d916d1604c89941fd1280929db77fa172337d50a,7.3968992248062015
confirmation,8224-274384-0006,test-clean,8224,OPUS_VOIP8,16000,108960,True,-22.838328702830218,-23.461208654384688,-0.6228799515544715,0.4086165428161621,0,0,1,8a2166d9d6aad895c1fd9e49e798acdf382e60b398b6659a47c02d27a719f632,95ecf59e5a7dde2e9ef8274a2adfa502ca1ac5ce2cb57e8a8f62a229f4446da2,7.149486049926579
confirmation,8224-274384-0007,test-clean,8224,OPUS_VOIP8,16000,99680,True,-24.602093154876577,-25.157754401206045,-0.55566124632947,0.3108614981174469,0,0,1,41ca191bc6c21ba0d10fa4dcc3035086990f70c2c7f538ef97264b4f57f8c8bd,c2e8527deafba55db70469278ddbe5dc817c60b0e09a92bf0cca9fb79ede1dd0,7.199999999999999
confirmation,8224-274384-0008,test-clean,8224,OPUS_VOIP8,16000,214720,True,-23.26098033460562,-23.773218026459237,-0.5122376918536163,0.505595862865448,0,0,0,16d4f9034ef5687b0719fb7766a4f08f1447eed3df14cf8965e4072a58eff839,43f972d5c480989eff6d7f038e21c5b2e8d8844d43a51a748796100292e150ea,7.412816691505216
confirmation,8224-274384-0009,test-clean,8224,OPUS_VOIP8,16000,76880,True,-24.090001029598895,-24.82171623315835,-0.7317152035594582,0.314870685338974,0,0,0,2ee3fb03328c165950380aa3f8fef983c703f69a9291f6fc08b235482cd36ee2,7ea61e36a7e938f41ad57956abbe7eba0239d274d2501fec17f4353391f5c818,7.435587929240375
confirmation,8224-274384-0010,test-clean,8224,OPUS_VOIP8,16000,233600,True,-25.11362426001846,-25.69718201495278,-0.5835577549343217,0.36835071444511414,0,0,1,42af38d2671450b877183cfcca45818ddc54dc8a5f70971fd0a6ded7efbf6f33,cdc30ef503d69cce27132ed5161ef7ee54702049bb78ee6a8055e9b4f51ae52b,7.461917808219178
confirmation,8224-274384-0011,test-clean,8224,OPUS_VOIP8,16000,357760,True,-24.438118513628375,-24.995589227820773,-0.5574707141924025,0.5550991296768188,0,0,1,3da139fe38de149c7e205dc3314f3966dd44d26da1e914f3cf33e1c04d08fad0,d7f474075499f75e2a10fee8a619cc80292f8675904d19115fc60c13daf2ef54,7.399284436493739
confirmation,8224-274384-0013,test-clean,8224,OPUS_VOIP8,16000,87040,True,-24.732960432226,-25.483139888754643,-0.7501794565286444,0.43925049901008606,0,0,0,2c11b3dd21d9a297c3340f3dc40f3de212b9855a274c45381780c888e3026356,926353725df8f9d19328a003259ff7a859eec9d925a961d16205e4a030002b29,7.114705882352941
confirmation,8230-279154-0001,test-clean,8230,OPUS_VOIP8,16000,278080,True,-24.77146915931361,-25.566938934788812,-0.7954697754751969,0.7054697871208191,0,0,1,ac68951a03af752e3ec063155df58936083cffaf6b9b1186351a1af363057cfe,b60af4ecd0fc190b3f6adbd371db27f807146cbd5b105d21035caff9c6a75137,7.3017261219792875
confirmation,8230-279154-0002,test-clean,8230,OPUS_VOIP8,16000,263600,True,-24.809388848778553,-25.600714680861177,-0.7913258320826226,0.6012941002845764,0,0,1,271ea585224b78b8a124e6ec184668ff2c10f22fecc27d0443364b512590f44e,f0d296704a2dd52a6c48e1d15a6ee0679429f52e28312c2073435195f0640ec6,7.289104704097116
confirmation,8230-279154-0003,test-clean,8230,OPUS_VOIP8,16000,51120,True,-24.85852627480763,-25.687445193803594,-0.8289189189959633,0.4796179533004761,0,0,1,fdfb3e5c8686930222312ca17d7f8eb5dfdb1f255db8356ca8afb9076300c14d,f037d81cb4224c45c20a1326dff25a15a0d1f45bf1a181216c7b20555aea1faa,7.106103286384977
confirmation,8230-279154-0005,test-clean,8230,OPUS_VOIP8,16000,123520,True,-24.19574002900239,-24.874144697373776,-0.6784046683713846,0.5485367178916931,0,0,1,66dd4754c1479ee758cc5126127ec8f5ae76d317346138a527d2362496b1a088,5c7b24326717c9276b7d363847a5c5284a8ca17d765aaeb6842a4e94856bbe81,7.33678756476684
confirmation,8230-279154-0007,test-clean,8230,OPUS_VOIP8,16000,254480,True,-24.97431121578181,-25.775081978251116,-0.8007707624693063,0.5766547918319702,0,0,1,98f76848aa142c1ef8b6512a887e001868582e01489c735e3c7c9c214bdf7fa4,ebdc1d38877614abc9a15bba0500d98e0edac4bf8eac272d081c44afc5ce359c,7.263124803520905
confirmation,8230-279154-0008,test-clean,8230,OPUS_VOIP8,16000,57920,True,-25.685884275812043,-26.324122209583738,-0.6382379337716944,0.527903139591217,0,0,1,aa530e685d9fe4f20adaff35d257a4e6b3c225c0efa0e2dab8c0d874f6b64380,3a53f43b8644ad242ca723e60ab804481d8df784479b927d88b45e3bdcb7be41,6.791160220994475
confirmation,8230-279154-0009,test-clean,8230,OPUS_VOIP8,16000,270560,True,-25.285020881693214,-25.991925239756277,-0.7069043580630672,0.6754437685012817,0,0,1,5064c5e694fb3d5b2c1970b7d1a19e2b7e9aa062a9cc51f6d5e9674f8134a3b1,31c6077d371b4101b5d9ce052964f0690f7f7e60335e3fa3f08bbabbaebd7a7f,7.2832643406268485
confirmation,8230-279154-0010,test-clean,8230,OPUS_VOIP8,16000,243040,True,-23.050464300960265,-23.739123768424086,-0.6886594674638213,0.5955687165260315,0,0,1,5e44edb7876b01b53e79a4ab6e68eb40d376eb165c5800b55252633493986e05,006e6040a2855102ef8d23a3150c3387d34ec999bc5782e299199f7512f125e1,7.3479921000658335
confirmation,8230-279154-0011,test-clean,8230,OPUS_VOIP8,16000,100000,True,-23.86760823120508,-24.52851407772988,-0.660905846524803,0.7122322916984558,0,0,1,0c9d347dd1bf9ad194526c00f9860e51214fa497bc10ea64fec0ac6de99a33b3,6cac91ce1a94a00670d0d65d0fe4744333e974dda9229614f4b4a8babcadf7a0,7.33568
confirmation,8230-279154-0012,test-clean,8230,OPUS_VOIP8,16000,58240,True,-23.537738746601093,-24.1867079560362,-0.6489692094351123,0.5516284108161926,0,0,1,ced4ad65325f6808d90658af61d84efe466abe18a4fce6f722a30a3c7cd36e81,f4093810003911a7efc0b4d2a32804a7da9eca7262c83f4daf82f7dada0e8c24,7.257142857142857
confirmation,8230-279154-0013,test-clean,8230,OPUS_VOIP8,16000,232960,True,-24.071054819655878,-24.738275786077523,-0.6672209664216446,0.6947054862976074,0,0,1,349ba070e432e0e2ab8a92d92985d864c9a3393c7fea871069862f7ff40c9da3,384ab5e3528da2a6c65f1f696145ca3a451446d18749df11d10c7235119b7931,7.361538461538461
confirmation,8230-279154-0014,test-clean,8230,OPUS_VOIP8,16000,127040,True,-23.725897494354964,-24.396504878322254,-0.6706073839672924,0.5258076786994934,0,0,1,298d21cbc230c92c1a629044e480cebe6e3e60155a3ab97d8018c718949825c0,2097df7e679d513869fa8eb5881630d15ba0a86f739e33d0c0c73ffa5c441a1a,7.278589420654912
confirmation,8230-279154-0015,test-clean,8230,OPUS_VOIP8,16000,128800,True,-24.57904086273096,-25.285287859841898,-0.7062469971109371,0.422992467880249,0,0,1,af62f2ddb422f34e075837cda41ac66a2d5737762200f82da1ed37d440d25d99,fa603097a86737666e819bf8b21a9169b2d563427f1c353982cbaacfed914cdf,7.338136645962733
confirmation,8230-279154-0016,test-clean,8230,OPUS_VOIP8,16000,169600,True,-24.188262072102088,-24.78583314635442,-0.5975710742523316,0.5782593488693237,0,0,1,fb7001602be97e00ef603c6afd02942f554267fda3d6cb650a63e93e3612b811,91ae8a32d4df03a989fc1f2134210783e6e901272f6418a44a93b5bbad5f5356,7.245283018867925
confirmation,8230-279154-0017,test-clean,8230,OPUS_VOIP8,16000,126880,True,-23.867202554787635,-24.523546638741493,-0.6563440839538565,0.6149027347564697,0,0,1,4ae0717b64ebc47f8dfb5552b11edfa88721fb5a4a80125a8f5a4c6650b95594,f37941818d016585c232ccedd381152a511be9bced242bdc92158ddf0aef77b7,7.251450189155107
confirmation,8230-279154-0018,test-clean,8230,OPUS_VOIP8,16000,189520,True,-23.673484842402758,-24.35703363503538,-0.6835487926326238,0.5713198184967041,0,0,0,7cc0a854b4d9298f8e40a5228a14e133a5639b29503895fb9d5f8c409d5536f4,920a927f34490ea920bf2c2cae11976dfb9126f9a0fba9410bc32daf2e58d6fd,7.382017728999577
confirmation,8230-279154-0019,test-clean,8230,OPUS_VOIP8,16000,290320,True,-24.41482109080569,-25.06094221802847,-0.646121127222774,0.5695090889930725,0,0,1,2115979f0ec2a8a91faf47ba441d21f620a72a62c3b855933943144c58fea4d0,63495d42c2221319e4fd1a1abc5848c1feb0d74070740ce3c32547ae64e92fa0,7.26062276109121
confirmation,8230-279154-0020,test-clean,8230,OPUS_VOIP8,16000,125360,True,-23.826747983706092,-24.558950983025056,-0.7322029993189598,0.8058376312255859,0,0,1,8306b350c1d17645dec0d5e530703d278593457c7268ddb197a99712ebcddea3,c98ac4af4103aed1959e5c4c39a742290e9dad23623cb7c5b9379f8392e963ae,7.322016592214422
confirmation,8230-279154-0022,test-clean,8230,OPUS_VOIP8,16000,103040,True,-25.986503504978245,-26.766800667876858,-0.7802971628986116,0.3713468313217163,0,0,0,8b501d7b53b0b0f20c067bb0241b809fba4d26b5efee4a0de123e23db3afa127,a9bd2d237604833ed06c8c2b251850529f51ec8d51aa7c1d8fb28c96c1a95a60,7.154037267080745
confirmation,8230-279154-0026,test-clean,8230,OPUS_VOIP8,16000,148800,True,-23.4390951792005,-24.091512287036196,-0.6524171078356966,0.6926978230476379,0,0,1,0df79cdf82277e480da7de47efc741e62718c4f9c6a5663c4c401abfc67cdf69,71330637cb82ac2fe5c340531c233fc6abdb107a9b1efddd1c67cb33444d7797,7.381505376344085
confirmation,8230-279154-0028,test-clean,8230,OPUS_VOIP8,16000,184960,True,-21.43724271391919,-21.938915690277273,-0.5016729763580839,0.8788845539093018,0,0,1,5719b58f8219d379077c5716a733494fec36d94697c8fb599fabea886b5cd8cc,f85906f5ea9174d53f5d0ceaa3b33b2a731dd017155b2c8a6d1f76e8e1036838,7.49273356401384
confirmation,8230-279154-0029,test-clean,8230,OPUS_VOIP8,16000,136640,True,-24.500165635552964,-25.197515114377694,-0.6973494788247283,0.6513118147850037,0,0,1,5f7790b10bd1e6d5738f43a63fa6cf1a17caf1c140a55a59e8b4b420d027498e,b2a7bb39eb7029a8e30e30ff616ae264d81d344ef8d561818f58f6774ec563bf,7.3058548009367685
confirmation,8230-279154-0031,test-clean,8230,OPUS_VOIP8,16000,202640,True,-26.551401460011625,-27.29639119913436,-0.7449897391227334,0.4885428547859192,0,0,1,45179ec61fae8c2a3da42a213cbd1bd6b80035b9fb4b232ae0e2a3c8d3200919,870729ce8bdc3740bdbcecf71113844d99931ff27dec2df7dbb3fb690fecd748,7.2893801816028425
confirmation,8230-279154-0033,test-clean,8230,OPUS_VOIP8,16000,187040,True,-21.919399299890486,-22.613225066849353,-0.6938257669588643,0.8030227422714233,0,0,1,565187250e19413bca9d33b3d5c14b7e7130ddfb442ecb63678d1476e8504a60,58afc2456407db9746175ebc5ecc8578a4cdce6ff146b9a8410988fa8a556abb,7.295124037639008
confirmation,8230-279154-0034,test-clean,8230,OPUS_VOIP8,16000,232160,True,-24.799753837407046,-25.435208713725935,-0.6354548763188883,0.6471453905105591,0,0,1,052f31a05911b31be0b15617feee328ca842bf18cf658c8b6f5d701ea49ac1be,1c6f342552dac032592a7b25bc7d58a39eb3cbfe38b1f3693c2c1d5235dad3c8,7.2005513439007585
confirmation,8230-279154-0036,test-clean,8230,OPUS_VOIP8,16000,51760,True,-23.124860393103262,-23.562111168426544,-0.43725077532328116,0.6411768794059753,0,0,1,f2de2238df4dc4af4bd34d4eedb76cafc89b02201efd26d2b724d3db40e77b32,1ebaf903a2b6ee4046dc3be8f016035e95d6e4090af4d5b629182ba44069812e,6.953941267387944
confirmation,8230-279154-0038,test-clean,8230,OPUS_VOIP8,16000,359840,True,-24.682826116580998,-25.308237119344042,-0.6254110027630477,0.8233361840248108,0,0,1,aae9a07fa1c4853a23eeb7b5866b61bd1f7af1310d739c95a5419738bd033cd9,8dd8f3cfd5cbd6a399b0781a3ebbe69803f4a434f0d90dd995b026922638791d,7.28501556247221
confirmation,8230-279154-0041,test-clean,8230,OPUS_VOIP8,16000,239120,True,-23.325193951302374,-23.824935550247766,-0.49974159894539066,0.7967855334281921,0,0,1,c5b9ccc757ee8a176a84e0dd9f664fcaecdb282a815d36e1d80cbf17f24e369a,fa3b45a630913a6ac5b8aa38dca242072027af962ed1f5e41d75202f14c0c646,7.267714954834393
confirmation,8230-279154-0042,test-clean,8230,OPUS_VOIP8,16000,300160,True,-23.996790770294176,-24.61881890057907,-0.6220281302848947,0.6339846849441528,0,0,1,bf002f043b66dfe3f7b62819f9e3d62a2061120bf09fbec098a3d8925aed61f8,4f175696f9307ef7696cd2cf62663a5bd629b5b367d6de00bd1fcaed6c7fda95,7.173987206823027
confirmation,8230-279154-0043,test-clean,8230,OPUS_VOIP8,16000,391760,True,-22.45178852021319,-23.02494600455669,-0.5731574843435008,0.9159200191497803,0,0,1,f000ff1e56f33041fe8ceb1d900e6ab54ac49568c3a67e367e0e7e58cbebefcf,86433faeed4eea6edab90ca7dc297f3b2d797d3d997db85da9ff8ffaba19e720,7.348825811721463
confirmation,8455-210777-0004,test-clean,8455,OPUS_VOIP8,16000,125440,True,-20.59435217863115,-21.47014631771618,-0.8757941390850248,0.9776273965835571,0,0,1,888de98541a3a9bec616c8cf69e41e1d585d6152a8bd4d7441bc915032c3a177,f2ce3eddbd28fd4a103dc3b5136f6b0a95827df37c6d95c2f9819a2821e9df01,7.4
confirmation,8455-210777-0006,test-clean,8455,OPUS_VOIP8,16000,72320,True,-21.320705057374166,-21.827118426966155,-0.5064133695919892,0.9001805186271667,0,0,1,49d5266744b6544b58d54277ee426cdb317d730f1bd785409e00152325c3eb3a,6a5bda9c358bec913d080ae9f281fabe03edc963bc3c0ed8260f7b7e6dbfabb7,7.226548672566373
confirmation,8455-210777-0007,test-clean,8455,OPUS_VOIP8,16000,42720,True,-23.237298975910463,-23.84510079173804,-0.6078018158275819,0.7419026494026184,0,0,1,89b7f3ffa3d02daa768a1eacf7f476c0529ef6c331f78bafffd59c187d3345c8,e3f3cba056da84aaf444a60a7e7a162e34810b22bc58caae6a760c3b99582222,6.984269662921348
confirmation,8455-210777-0008,test-clean,8455,OPUS_VOIP8,16000,189360,True,-20.628475780139432,-21.19660257584868,-0.568126795709244,0.7352192401885986,0,0,1,1f035ca3584b1245ddf1d1ca1096684e9857f040187f371b50aa15ff9f5fa07e,4f21873ca2c6268f9e5af1f3258a5ba6e52b0d61e8197bd22f213bb955f0f353,7.236839881706801
confirmation,8455-210777-0009,test-clean,8455,OPUS_VOIP8,16000,73280,True,-22.3312772818632,-22.769200405231583,-0.4379231233683783,0.6961802244186401,0,0,1,5e6245790ad6b435df1d58fc6110c80de21450a2f6881104dc6989b8e7b7eb35,792cbc74cdb89ecbd84bb23336926832554e5fa025eae64dced615db1821f54e,7.025327510917031
confirmation,8455-210777-0010,test-clean,8455,OPUS_VOIP8,16000,49600,True,-24.180707212674086,-25.13241776053271,-0.9517105478586227,0.814816415309906,0,0,1,9a0fedd97c61b76a9ecdf684484e2f13beee22062c82c40b7745e008a84aaf0e,789001044949f01bc4c7e8ac530849bd423148afa47015d0c489c4e8a91694f3,7.101935483870967
confirmation,8455-210777-0011,test-clean,8455,OPUS_VOIP8,16000,106080,True,-22.479895878461946,-23.10607836641494,-0.6261824879529944,0.9437773823738098,0,0,1,eba63cc11826a6e720887d211c1ea1227039720c292ac4d23b733c10b5ef280b,256e712ff30233417ce5fc54a6c784e215530ee37feae12cd1df89271694c0e3,7.336349924585219
confirmation,8455-210777-0012,test-clean,8455,OPUS_VOIP8,16000,56400,True,-23.76852668467891,-24.5917656672218,-0.8232389825428853,0.4967883825302124,0,0,1,def2ba9d33543a48e2b29990af5304cbdbadecdfe7b45f2cca034af52acf286b,3fe99cc8a8c90d67918b0bf756e0381c1b2e6bae84193e6764ca014608cb52bf,7.128510638297873
confirmation,8455-210777-0025,test-clean,8455,OPUS_VOIP8,16000,58080,True,-20.045583890886782,-20.814564932990752,-0.7689810421039734,0.6189097762107849,0,0,1,d7c89f6d1cc50e9e0d17b1df44e3884481ec42f88d5f0380a7afea8f43e68257,95679b3108bdcea67cd0551df6cdbf4da4a9ec48563c085736d30bdfd2fd756d,7.261707988980716
confirmation,8455-210777-0029,test-clean,8455,OPUS_VOIP8,16000,49360,True,-20.40961419235677,-21.23212416623538,-0.8225099738786074,0.8802797794342041,0,0,1,e47c3ae958b0eb6511a7c97462ce45bfe2028fe93f50f9fcd12842ad2ed289dd,ea7fbcf43e8203772f10099a0d995e6b2a4a66569a8993d10872f51d7b0df98f,6.93160453808752
confirmation,8455-210777-0033,test-clean,8455,OPUS_VOIP8,16000,120160,True,-20.296449405019352,-21.028389551808324,-0.731940146788975,0.9826425909996033,0,0,1,c917ab028023dcee0b390e388fd04c4cca9d73b8899deca2badf9e3e9f6ffa04,eb427a05b21cd64a2a204f82b9dc51bbc2c699a5b607f8f76a592bc54e5405b1,7.4908122503328896
confirmation,8455-210777-0039,test-clean,8455,OPUS_VOIP8,16000,89440,True,-21.36043402932848,-22.029763249627727,-0.6693292202992476,0.763715386390686,0,0,1,9656e1d91923500f1bce1022fa4b7715bfc844cdeb38d12c503815acc18366cf,65ad731191df7ae2f95e9c999dd95691ca679f32fb33b4f90482bc0648b2a9bb,7.220035778175314
confirmation,8455-210777-0040,test-clean,8455,OPUS_VOIP8,16000,99120,True,-22.427942743573478,-23.11130807832603,-0.6833653347525532,0.6636411547660828,0,0,1,1d561507dc6ab99c1279f3713dae85f67a1ded43ae4587e5a24258ef1af7c3a1,7ef0097d5d0b899ac510e297d9e592ba9b3bf475e60fbcb94e71263d9a7b0fb0,7.079257465698143
confirmation,8455-210777-0041,test-clean,8455,OPUS_VOIP8,16000,101920,True,-24.09925547421681,-24.80633700322393,-0.7070815290071182,0.5004538297653198,0,0,1,97f8b0e8c9f8f791195acf3a4c4ef7e0c9fdfe9f1fa1d421d225b59597ba5ed7,8153fc7fc10e0802e475147374e1b85c565e960b77504fb9ea2343dd0b6da4ef,7.32182103610675
confirmation,8455-210777-0042,test-clean,8455,OPUS_VOIP8,16000,76480,True,-22.650816677583386,-23.552288237806593,-0.9014715602232038,0.5365859270095825,0,0,1,54e4be6c3a33f11d582205c7686222ed006ba0d5bb99cbccf46a4914ba834cc3,f958a574fd67c3212a3a83a2e22e7ac462178609532279c62cdde0fd7d4c555e,7.25020920502092
confirmation,8455-210777-0043,test-clean,8455,OPUS_VOIP8,16000,50320,True,-23.127992393256854,-23.964389878162947,-0.836397484906093,0.655887246131897,0,0,1,61553a69e2e61a354fdb1750cd5684b359df3e04b787ddcd643e2ca51ed0a651,076e3baf880fe12d6169839b30fe0a0ba4722402067c5ff54128f2d236451b9b,6.949443561208267
confirmation,8455-210777-0044,test-clean,8455,OPUS_VOIP8,16000,114720,True,-23.084268778884063,-23.864976504917035,-0.780707726032976,0.6298157572746277,0,0,1,9a24810beced2625db5d81dc4d479de79a94547b425a54e72703d1a9bb9ca065,995a6f240186e47fc17c7ab1bc1515ea7d5c1643074f14758e646a15ab61a450,7.301534170153417
confirmation,8455-210777-0047,test-clean,8455,OPUS_VOIP8,16000,40640,True,-23.25669274023347,-23.958766999423307,-0.7020742591898426,0.507404088973999,0,0,1,ad052f0dc36cf89b19b8def8e414f5060e732e8cee65d2b25bb8a056097f8098,1ce23d0427c3bc33f9b1885c971f2dcc29f8e1ee59b974ac4823139a9122ebe3,6.922834645669291
confirmation,8455-210777-0048,test-clean,8455,OPUS_VOIP8,16000,54880,True,-22.425903581748578,-23.30977273978396,-0.8838691580353795,0.488158255815506,0,0,1,2be24331be8c5dfc75e2b1950e66f49a02ebc9ee060c90829269d24ca415e02c,8d16f3f0dd246d5d9aaa059b87115a418a4189d231fac6d12ffad40d416998f2,7.155685131195335
confirmation,8455-210777-0050,test-clean,8455,OPUS_VOIP8,16000,63120,True,-22.53083617530232,-23.22126760922888,-0.6904314339265603,0.5373029708862305,0,0,1,662bca4f52715c8623945764d9101b0873a3e19ff6e2a16eeb0151001aba3346,59327a3cf63d753b3f66c6e8c64f5fe38626f97334c9a8ec363bda4b1f4ab97b,7.3490494296577955
confirmation,8455-210777-0052,test-clean,8455,OPUS_VOIP8,16000,79040,True,-20.89659573227213,-21.38567594364753,-0.48908021137540125,0.7110303044319153,0,0,1,593251266e3e4c770cee5530c6842df2a91a368d4ce2f0629e56d3ec0d1c4a4a,2892500948fa14f5657e83f9f6596a231ce2c87a99ede9835ab2736d9ce6a023,7.026720647773279
confirmation,8455-210777-0053,test-clean,8455,OPUS_VOIP8,16000,111280,True,-21.956537154471803,-22.829362952787303,-0.8728257983155031,0.6190439462661743,0,0,1,2bb887f160071eb55e47f3a1b648abecff19c3fc5aba033635ce1f9567034cf8,26f9184aeb783d8f7d8d83ea0ffbb92ba116040ab6f749becc71139d408bd6b2,7.415672178289001
confirmation,8455-210777-0055,test-clean,8455,OPUS_VOIP8,16000,152880,True,-24.412028296984886,-25.13359551771634,-0.7215672207314511,0.6434909701347351,0,0,1,a5f97324092c02319da66ea2165917b5f2e5b66db16d68a2891110823dc65ebf,930375c8c7083c9f902f7a8be026dda76a6a77c038a02bf5c17916bbb5d753a2,7.24646781789639
confirmation,8455-210777-0056,test-clean,8455,OPUS_VOIP8,16000,88720,True,-26.01733430060547,-26.816136669743408,-0.7988023691379381,0.35562559962272644,0,0,1,3a202ba1c677370900c7cc0d43482c4107c3496211d3bc9fdba8f2d87c1dbd2d,f0c65953d3d45094ec8335eff72e20bc17ade3e0d4a9d54ce497cd3234202b9b,7.301713255184851
confirmation,8455-210777-0060,test-clean,8455,OPUS_VOIP8,16000,113200,True,-21.874934111772994,-22.83061752495845,-0.9556834131854547,0.786918044090271,0,0,1,4275eb50d1256f60792a3ff9e9bf3ae8c6d563201b8ee7da59b9957e79e79a14,bdbc2bf384c0bca1a754de94869f3417be65ab9a8dfb4cb11ef23dca0559e44b,7.508127208480565
confirmation,8455-210777-0061,test-clean,8455,OPUS_VOIP8,16000,250320,True,-21.991684502468097,-22.808083816789598,-0.8163993143214998,0.6534361243247986,0,0,1,0eebd4ad78865cad57101d817fa21a2f66a5a97057c3fa0b5afd59da8f64df8c,93f3d408e9bfc5b985c95f517de4b298db888167e3d9e353b38ff7df8513d5d4,7.42320230105465
confirmation,8455-210777-0062,test-clean,8455,OPUS_VOIP8,16000,48800,True,-21.732403711022027,-22.452649155913168,-0.7202454448911438,0.5538486838340759,0,0,1,752296720612e2dfc7a7dd735441ac660bb594b0632e314eaf0752a5c857e1ce,a90eece604f8dcd1dfc4d6c5c1cfdf0aeaa0443a94c133df3f54608f00b07876,7.129180327868853
confirmation,8455-210777-0063,test-clean,8455,OPUS_VOIP8,16000,36160,True,-21.09199114882017,-21.480025670706098,-0.38803452188592874,0.6550447344779968,0,0,1,2dc92aa9e3dd3d48c00d20fe2b5b16bf36eadd0eae74e7e11ecdc77fc1302605,94584d1ca1b09665dbf8d6b6bbc2d4112b8a1a13b70fe1bfeadefcec2543958c,6.899115044247789
confirmation,8455-210777-0066,test-clean,8455,OPUS_VOIP8,16000,44160,True,-21.848115241055503,-22.56393651354541,-0.715821272489907,0.506385326385498,0,0,1,97e2ec28e49c0210c176f4306fa413c09ae605e43c2e59e99cc93274ed9368b3,e6ba7b627647cb81f488b7a4a1e148209bb396ce76183c6abb5b1bc9d24e422a,7.11304347826087
confirmation,8455-210777-0070,test-clean,8455,OPUS_VOIP8,16000,95120,True,-21.495226821914017,-22.53377113704471,-1.0385443151306901,0.8627848029136658,0,0,1,d6a699a7efefc20795b30179d64c4a555f49b2ba888e0a02a26fd0a5d44438b2,9bcb136ebf4ffdcd1f6819fcb9506b8f4f6ef26b591a219a73eb59a2f68174e7,7.37426408746846
confirmation,8463-287645-0000,test-clean,8463,OPUS_VOIP8,16000,75680,True,-22.385349245024887,-22.84921132856352,-0.46386208353863195,0.5634661316871643,0,0,1,709bf094609cf363c52e3fd1e179297ca81dcc08a7a7fa04cbf02cd98d3ad352,a6e29499d96ef527cc156b113b0cb38387ab7e2684769b30ed2aadc9e82dc8bc,7.734460887949259
confirmation,8463-287645-0003,test-clean,8463,OPUS_VOIP8,16000,126480,True,-23.77001735684974,-24.09346470915525,-0.3234473523055164,0.5789406895637512,0,0,1,74ea996d5843d57092be56fe7e37e0906279c050248a48fb12e0c4bbfbacadf3,cfc79860b8db6ee60cb21c2dc03928f4243d0fc3ce790c896d877c339c6453c5,7.681214421252371
confirmation,8463-287645-0004,test-clean,8463,OPUS_VOIP8,16000,97600,True,-26.859157259886413,-27.72468532754943,-0.8655280676630196,0.3396362066268921,0,0,1,3102b2d768e3c228a3063e2a676686e53dffd1e7411954297a1ffb5c75e05224,6092ea8577da8029674b532fe3b7b2a9ea221a515a8985ceb1a86f4b8c3c2e72,7.449180327868853
confirmation,8463-287645-0005,test-clean,8463,OPUS_VOIP8,16000,255600,True,-23.647016703285615,-24.33247255127918,-0.6854558479935619,0.655099630355835,0,0,1,be0c4f5dd67a21d25fded86615cd89c4617558ec13ad065f7e17f190ce322a5c,d8f1ac991e7e3470e7f5f1256b3fea369fc1de236dc340630c7e729a73ce1dad,7.590860719874805
confirmation,8463-287645-0008,test-clean,8463,OPUS_VOIP8,16000,53200,True,-26.486102353118607,-27.01877155378323,-0.5326692006646179,0.5058526992797852,0,0,1,61f2c60687a617148091d8436fd84a8efaa6fd89f554d9313fc917e8ff1a4e0e,2c3c4c5d77df56ff16e7799e069cacc45ae6c94358f81f52aae1a4616ef54b8a,7.381654135338345
confirmation,8463-287645-0010,test-clean,8463,OPUS_VOIP8,16000,69200,True,-22.536494323624016,-23.03452832661558,-0.4980340029915664,0.651704728603363,0,0,1,d37db07a5ea3ccc7bf90424a779c6ca9969279f5a1dfd1b8a621e9241c43c236,299cb14279aac5588fee3371160dbff68436d80d451b84804d107f16275ecc8b,7.4894797687861265
confirmation,8463-287645-0013,test-clean,8463,OPUS_VOIP8,16000,106640,True,-25.066213597342323,-25.97253376531119,-0.9063201679688704,0.5355215072631836,0,0,1,ed782b78e0999d71c8f741bf627a5f4ccb35b5cfda6b77ca2f1672e78243fae6,1456d5c949e00060e83b937f695165d14906fce999ce4cdf25c9e69c81ce4885,7.621905476369092
confirmation,8463-287645-0014,test-clean,8463,OPUS_VOIP8,16000,48320,True,-21.011282763074433,-21.684052362924543,-0.6727695998501118,0.5730663537979126,0,0,1,270e5327fe464414760643e4d59f81dc814aba65e0af628243b3774be99bec50,0f76e77a6cccc99f1cfea719a7b501e16ad3e0bcae6c6cb604ec8a1ed367b443,7.414569536423841
confirmation,8463-294825-0005,test-clean,8463,OPUS_VOIP8,16000,123200,True,-24.212357729058507,-25.370283693879596,-1.157925964821089,0.5893605351448059,0,0,1,05608a57057d2c44a971128032042dec69140b2863e6e8aca08dbf8083e1b989,48afd74475777a6807bea859810445fcb9f960764b0bbbe4db4324d4f09906ed,7.181298701298702
confirmation,8463-294825-0007,test-clean,8463,OPUS_VOIP8,16000,336800,True,-24.657220888764478,-25.746980962159473,-1.0897600733949984,0.5439282059669495,0,0,2,72fe2dac9c957569cf3cdc4f882fe3d2ee2ac85de77225db563baa3c69c1ad3d,32ac1a647d74d47ba40d17c7ddfbdbf6355bdb3993701672bf7c9d63c2c32463,7.136152019002375
confirmation,8463-294825-0010,test-clean,8463,OPUS_VOIP8,16000,73281,True,-24.71948582852445,-26.08554478517474,-1.3660589566502856,0.4436708092689514,0,0,2,4fa60669377e1c62ebf14abdf45c99b8e7e49a30ec265759cc2c7184f41e6041,7045bbe5a92a9683b1af3c09343c9d52d3e595bf6808c997496524a7aaef9a29,7.004271229923171
confirmation,8463-294825-0013,test-clean,8463,OPUS_VOIP8,16000,282240,True,-24.649442738360673,-25.783835064047143,-1.1343923256864712,0.5348303914070129,0,0,1,fcf4bdd1083fb4f6f24c20d6bdae47becacefb777eb82079b01c6fa51224533a,bc67d7e26283023652bb66d014cbbb17c79203061dd15998815b41d4f3ede143,7.346031746031746
confirmation,8463-294825-0014,test-clean,8463,OPUS_VOIP8,16000,38640,True,-27.054599900290167,-28.52659944300063,-1.4719995427104604,0.42275092005729675,0,0,2,77e46959f9a322243a37c4269bb36a48e70ca618801d764caafd54e6867040f4,787de6d819e6cd54dbead75e1132c520c4fc7f85474f8aa84b413f2ed7aaf916,6.648447204968944
confirmation,8463-294825-0015,test-clean,8463,OPUS_VOIP8,16000,52000,True,-26.10465456429634,-27.28320150564492,-1.1785469413485787,0.4193650484085083,0,0,2,a7be5e408d01ff0aebf63ce5718186ad55127f2947e26e039144f72362118669,70ca53ab97db0f6410f0cf391d9bcb63d1da48e6ca1e6b1791a0a7efed310155,6.875076923076923
confirmation,8463-294825-0017,test-clean,8463,OPUS_VOIP8,16000,37600,True,-24.082816192120294,-24.756642923790512,-0.6738267316702162,0.43273237347602844,0,0,1,0f261351f6f5ec2416ff69edca02341729435160a39baaec39644ed1f2f553cf,e9d032aef97c8d68a192d36d786b359da92780ffeecc2afac8fa073c3c09759c,7.203404255319149
confirmation,8463-294825-0018,test-clean,8463,OPUS_VOIP8,16000,46960,True,-24.717331069064908,-25.744105443396354,-1.0267743743314475,0.43951550126075745,0,0,2,647de6deab1b3122d5f8fd69e0d651e8a821a9dbba5f25d3a3756217a2916e3f,2218c667acdfa74c45c39ddf6f8ab06b63463a657845906f11570b511b8ef035,7.2449744463373085
confirmation,8463-294828-0004,test-clean,8463,OPUS_VOIP8,16000,37440,True,-23.362871237483294,-24.425358362383513,-1.0624871249002208,0.4176599383354187,0,0,1,72570855779e59f2a412794b0fc233663ce7e40dbc8e282cb49d22f7b9bc6aab,96146d386c3aff6604d42a4126933c470d3c7a21e9f478d5a014762162aff1c8,7.066666666666667
confirmation,8463-294828-0005,test-clean,8463,OPUS_VOIP8,16000,39040,True,-24.41755789624281,-25.755462750604977,-1.3379048543621677,0.524383008480072,0,0,1,3dc7cd3477609e6f64bec6a9e119180f9d421ecec336a5828967c27e516f988a,261d54c8361cd20e68ac59261a50d0ec108c723fc3608cd0ef5b4979eac40c12,7.177049180327869
confirmation,8463-294828-0006,test-clean,8463,OPUS_VOIP8,16000,117120,True,-23.208085167884136,-24.204787049938474,-0.9967018820543406,0.6115380525588989,0,0,1,ab79322ec5b8bc94c6145e081e11dba9de01376df51e2ce3834ea84b9c0dcf55,869f548e3db99fe525bab08f01920520ab1173bbb0880f9f9b86a059ea49ef38,7.379234972677596
confirmation,8463-294828-0007,test-clean,8463,OPUS_VOIP8,16000,207360,True,-22.734289152757867,-23.82171151640903,-1.087422363651161,0.5608152151107788,0,0,1,1930329b26d4f4f27bcc7c15a35cd43351f23075ec7977da11a58fe5d309b51b,6dde46f6ed7d95604e4cb9b030f167bbb17e498eb9049cd274bd68a4251078d3,7.318518518518518
confirmation,8463-294828-0012,test-clean,8463,OPUS_VOIP8,16000,78480,True,-26.408259568528933,-27.14660325445778,-0.7383436859288472,0.45984911918640137,0,0,1,5baf9cc7f5f93661c417d4681fb2372a14c4b67934b33f3224196c5ec7701a49,5bc5248a181042dd81b862909241455babbcf2ad176ce957607ba15a9fef0205,7.132313965341488
confirmation,8463-294828-0017,test-clean,8463,OPUS_VOIP8,16000,148800,True,-24.596174431595124,-25.645881064756566,-1.049706633161441,0.5440133810043335,0,0,1,9e6ae78f49d9fb54a6c40c82eef8dc186b6e5aea15672c38c688b0a8f6c4e72a,03efcd7f2e4680565c7b3daaed4236b98248b1418bbe775d59fe6d45b7df6e88,7.1974193548387095
confirmation,8463-294828-0022,test-clean,8463,OPUS_VOIP8,16000,37680,True,-24.863923522138165,-25.746923865797466,-0.883000343659298,0.381034255027771,0,0,1,c76f8e74971707107dd94f98394eb6843bc9c42b1b84a59cd7f0ec7c754d6f68,4da6b5c0d22058c783f0eb9563caaaf16a25e29a61ac4d027be38fbfa99e778d,7.194904458598725
confirmation,8463-294828-0028,test-clean,8463,OPUS_VOIP8,16000,126640,True,-23.786246928512572,-24.801526215635242,-1.0152792871226726,0.671303391456604,0,0,1,03ea2bfff71a1546f2013bead4ad8677e495a1aad169781b21a5a3190b32150d,6332f36275b520261531037fbeed5b75bf50ae212d1ecd382f1ba8c2269a431d,7.230827542640556
confirmation,8463-294828-0029,test-clean,8463,OPUS_VOIP8,16000,84560,True,-25.68618857755135,-27.00763778748052,-1.3214492099291735,0.5256242752075195,0,0,2,14d71dadc8822581b99883fcc3c9e34ab2a6e94203a6cfb8bf5c5610a7a4a853,05a52f653ca505a5102cedec6d82c67c0b210ddbcea19ef1e2f64d97722a279a,6.996404919583727
confirmation,8463-294828-0030,test-clean,8463,OPUS_VOIP8,16000,43120,True,-27.210536246931042,-28.4241181331912,-1.2135818862601546,0.350979745388031,0,0,1,d67f5566e8c423d0a07a64c366612561e412e81f5444ba3d9ffba63b1f993a5f,835ce482989a13e0290d03a69c746ee274b38b18b2e754aa26e2ae9cc72651b0,6.857142857142858
confirmation,8463-294828-0031,test-clean,8463,OPUS_VOIP8,16000,124240,True,-25.80207649691857,-27.185758758365314,-1.3836822614467454,0.47538092732429504,0,0,1,36c2e97db48fe9b5f08278c508e4bf9d020925ed0a8cf7fb548944481ee7fb79,68c18ece61bdfb78a2666dd28745f099818a23ece9d1413ecf101b2e2573cec3,7.2314230521571154
confirmation,8463-294828-0033,test-clean,8463,OPUS_VOIP8,16000,101840,True,-24.992859660322978,-26.020246789549766,-1.027387129226795,0.49243661761283875,0,0,1,a43c8c6479fc200fa0fbcd6436510222ebecbe1fa13abc6c55244f7a98e79956,62f7d1422ab509eabf340ad1eda7ff761f107deb35246ff88abba4b158dc824f,7.27478397486253
confirmation,8463-294828-0034,test-clean,8463,OPUS_VOIP8,16000,56080,True,-26.153256087777272,-27.38956381578564,-1.236307728008367,0.48990756273269653,0,0,1,16192b47d7b8f01d30f298b9fc78865dae025dd9c35d8e2f89e4543b5672da3b,a484712e372a6074c5d62f3fb47557864d6210da48ec92f9b87727527b261381,7.132667617689016
confirmation,8463-294828-0035,test-clean,8463,OPUS_VOIP8,16000,239280,True,-24.913018231296356,-26.14195939159189,-1.2289411602955371,0.5096556544303894,0,0,1,ea2c66b1c05f540a385dadd6caa5070ba29c3ec40624c1c894f3cfb3ca2a15be,f055b99fc07cde2b22c5ea97275b5ef243b95bcebfd6228f19dbe9e787386a3b,7.294416583082581
confirmation,8555-284447-0000,test-clean,8555,OPUS_VOIP8,16000,153680,True,-27.045264347489972,-27.710200613611665,-0.6649362661216918,0.27746421098709106,0,0,1,b282359d979752378fd89f72fb296aee29807b45188c709ffaefda6b0227060b,1d4354e143279b413fc0f8ddfea9f050c282e982ea4f6b678b74f77d38e9d51e,7.490265486725663
confirmation,8555-284447-0004,test-clean,8555,OPUS_VOIP8,16000,87760,True,-26.009457920146907,-26.570585911871447,-0.5611279917245429,0.307167649269104,0,0,1,f3ec5ce1b5dafab6abed51f20e8fd87f423c54cf412d6b155391634bcb3e38a7,7fe1a4aadccc83ab195a05fab7c53d4573bff097e58fd681fbdc798e63549c93,7.170100273473108
confirmation,8555-284447-0005,test-clean,8555,OPUS_VOIP8,16000,109280,True,-25.372805642852583,-25.81901642154982,-0.4462107786972325,0.33338406682014465,0,0,1,2894889bcd1cd5a0d773d385c076bf9c11574ae31abbbc0a2b35c2289d4ee474,2be45a8c484cd09663a5807d86b233c2b00dedd0f9d8238afff06343606b9353,7.374524158125915
confirmation,8555-284447-0006,test-clean,8555,OPUS_VOIP8,16000,207280,True,-26.65571588606926,-27.25402400560335,-0.5983081195340908,0.32587796449661255,0,0,1,140a765e552fc244ba34bda3b5a8a405372aa2a423402f7a2b8d190a9c81c4fe,2e273a31ac975d406547daceca5c495bae8eb8aef64623d25c418e4f6930848a,7.40409108452335
confirmation,8555-284447-0008,test-clean,8555,OPUS_VOIP8,16000,134240,True,-27.308497109699314,-27.745680244509167,-0.43718313480985255,0.2760608196258545,0,0,1,db521da40e75e2fff6afef720d311f04f48b3263429788a9e5406f95d51c31af,144cdd54da240551677472621647619997379c9de9902949c645108a2a0cc05b,7.345887961859355
confirmation,8555-284447-0018,test-clean,8555,OPUS_VOIP8,16000,87360,True,-27.973697087360335,-28.64346534842508,-0.6697682610647455,0.2202119678258896,0,0,1,026bddaa97be79327f64b8cbce23da028d6b146060234db87e04e56ee52222f0,8c8e99c0e30efb850f0f9662eadeb40a1985cee40e45bc70d2abdc28e54da63f,7.32014652014652
confirmation,8555-284447-0022,test-clean,8555,OPUS_VOIP8,16000,56960,True,-25.38875434561828,-26.120039577889244,-0.7312852322709626,0.4329248368740082,0,0,1,232d33c281af4c66abff87cdaeb078269caa06c32506bbd48d8b2cfac4c78eab,fe6dc0ea4bfece2dd98c476397c6e1c90baac0121785913329c51d918b1649bb,7.586516853932584
confirmation,8555-284449-0005,test-clean,8555,OPUS_VOIP8,16000,40880,True,-26.829367629559584,-27.444565254271886,-0.6151976247122958,0.2169334441423416,0,0,0,88e0e58c36caff88ba0a36b7ce0c33b6542bbc18192af54fdac89d1b63acb096,a86f99e9690e3e42ac4fdfec6d39e8a9c0445d2ca09e640d7d5fb067704957d5,7.110763209393347
confirmation,8555-284449-0006,test-clean,8555,OPUS_VOIP8,16000,62720,True,-22.782290352517848,-23.304780457402252,-0.5224901048844057,0.39583638310432434,0,0,1,d37760b35971fb995487d61ace361c6aca584c3551586cbd13d60575c0fb1e92,7d34eaf25c17413b605df4ff08126ec35f2c934537fce529e37ce09f471c5115,7.438775510204082
confirmation,8555-284449-0007,test-clean,8555,OPUS_VOIP8,16000,148960,True,-24.401752764813445,-24.84181218908962,-0.44005942427617584,0.3547385632991791,0,0,1,d1d513e4bf410063083f7b9d2eff6d67cb9b6e3958b02782fdefc5f4b5a8f3e1,9876aef774a9ee23d70a8d119c58f88b1673e77158ee49c3f6dbc7a60bccc99a,7.537701396348012
confirmation,8555-284449-0008,test-clean,8555,OPUS_VOIP8,16000,98160,True,-26.212800933918672,-26.948624462474452,-0.7358235285557775,0.292281836271286,0,0,1,775d2f3f9ef417f7de4e805aff93dded2bfbe43fda9d11fb443a4d8b731afaec,b29b14a04f11e75b5a1c1201d154a47a04f1be7c79d415b6d221bab0508c4762,7.260635696821516
confirmation,8555-284449-0009,test-clean,8555,OPUS_VOIP8,16000,52320,True,-23.448343418681734,-23.898936702108358,-0.45059328342662375,0.5321288704872131,0,0,1,c3234fdcd5c426c374988d384d5a838ea1351c2fbcb6c8b39a242e92cb1229c8,a2f37ec9d69ed26aba323088ef2e4920ce0e4a29d5f44523e28cbed29b6d8e23,6.725382262996942
confirmation,8555-284449-0010,test-clean,8555,OPUS_VOIP8,16000,40160,True,-25.221861211044025,-25.607655067208945,-0.38579385616491935,0.37448593974113464,0,0,1,2e9c69469977a9775252f0518c3159186d1809bf7e4a6c1bb800edd011eb49a0,f7fb124597b90ccfe189115ca679ed17e13cfa95214a93aee29b521348636135,7.308366533864542
confirmation,8555-284449-0011,test-clean,8555,OPUS_VOIP8,16000,264320,True,-23.919884124231526,-24.46449223248266,-0.5446081082511374,0.45262083411216736,0,0,1,1aaa4e4a29fd77c3f65c7beb06bef7dcbe9cd55deb097efd27e24742206c9518,4c1ca5bc94b6c7bd1b72bcf05acf7b817348f3f3e5f294e3a76e9020b8cca617,7.556900726392252
confirmation,8555-284449-0013,test-clean,8555,OPUS_VOIP8,16000,92400,True,-23.40960797234799,-23.773440179304327,-0.3638322069563357,0.39915984869003296,0,0,1,05403cb428f9a649d97f3faf826dca220fadc4965eebece8ccdafc09cae6a1db,6f908f2fcfed7955e1fdb25d9c59bb8b13c68f2829e3f574807ee08bd1071159,7.549783549783549
confirmation,8555-284449-0015,test-clean,8555,OPUS_VOIP8,16000,81920,True,-21.088271923826355,-21.63388910810031,-0.5456171842739539,0.42272499203681946,0,0,1,a936f3b8f6800babfb88ef12175f74ec6b3760348edbbc63b99f81fb49ae030a,f1194730b5c97aee32f9f04a717f78928a20742b2da393fdca62d1e668b58a9f,7.571875
confirmation,8555-284449-0016,test-clean,8555,OPUS_VOIP8,16000,94320,True,-21.846268751745903,-22.367200987915314,-0.5209322361694091,0.5081713795661926,0,0,1,adfaf1c4005c3efadbc24ae53e56bc30a9cbb73979e547e84ff9fcba95af749a,da59a93e6252b291140102873a0a90c97660bc6c4fbdb69012f6ef0375615e73,7.507379134860051
confirmation,8555-284449-0017,test-clean,8555,OPUS_VOIP8,16000,213360,True,-24.57761059469942,-25.16778483857108,-0.590174243871662,0.4471418559551239,0,0,1,1b1b3538280767c88d6009678beabad661ad98997d7d6aaca7cd805f1b5aa7c8,22bbe8de89bafe89db618069822b8745f13473a474b363819f1473194ee0d3c8,7.583052118485188
confirmation,8555-284449-0020,test-clean,8555,OPUS_VOIP8,16000,81520,True,-27.14678667416795,-27.71762120603809,-0.5708345318701425,0.2718168795108795,0,0,1,7b3bc038e4b3cddf2fc5fe16fd96bbfc16a215fb03f2e6857bd2c9855aac42ee,6c2a5188864b7237e15f15754fe4a71e406c5c042d9f755dc907d418be44025a,7.527379784102061
confirmation,8555-292519-0001,test-clean,8555,OPUS_VOIP8,16000,333120,True,-23.415033537556127,-23.742863206491933,-0.3278296689358049,0.547594428062439,0,0,0,9d2be2374f169edf134d8fc038f34b3fe4a7a3fe2d80e9373e830932307b1134,18d17ec548171e0fcc9ec3bae2d70351b460424fc20cf34731dd70b3d28852c0,7.406724303554274
confirmation,8555-292519-0002,test-clean,8555,OPUS_VOIP8,16000,28960,True,-26.04974310672128,-26.501593453698362,-0.4518503469770836,0.29689744114875793,0,0,-1,31e82a58cc089f83770f47a5c90b06270ad9f5d69dead0022683ab25bf3c6b72,72ddf2b82961a5c09b53d8cb1500f29b203f096d9738295dcab3179be7412b59,6.271823204419889
confirmation,8555-292519-0004,test-clean,8555,OPUS_VOIP8,16000,51920,True,-26.3099208006141,-26.879794753672353,-0.5698739530582533,0.3801545798778534,0,0,0,4f94f4ad4aaf1422babac2ecaffcbea581710759388e9e99164d184510161274,6bcb4180a2c2320bbdf2a44d2d713caee05056be64ff2c711a7d62f1189f224d,7.2036979969183355
confirmation,8555-292519-0006,test-clean,8555,OPUS_VOIP8,16000,162880,True,-25.428995443728823,-26.026681605158583,-0.5976861614297668,0.3307253122329712,0,0,0,c11dc1cc0fb9a7f7af409441d2f8a939f6f99f9a2c712032bc262c49da34763d,b10d00d985c13f28ea3683f6efb4c086aa351d4d4f701d707a39b2eeecfe828a,7.511984282907663
confirmation,8555-292519-0007,test-clean,8555,OPUS_VOIP8,16000,134480,True,-24.021343689499083,-24.417532757045116,-0.3961890675460311,0.424959659576416,0,0,0,ed0e3d360f27b8c53b04495caeffcb666c7ab3e3199fb6ebef06bf8b0d1e5ce5,0f1a2d725a03b6932b43eda54c35ce7fc53d0c2505e9d70151c0f451304945c9,7.4593694229625225
confirmation,8555-292519-0009,test-clean,8555,OPUS_VOIP8,16000,287440,True,-24.350398972157876,-24.842088374355047,-0.49168940219716983,0.33906668424606323,0,0,0,d67a39ee9a84451a8e765d6e3bb438b5dafd60a81a9b0e98652b7b8615cd5564,29cbf80032d35ba6b955815fce651b610a9ef2e66de352b223a60c5a1d56ae3f,7.535986640690231
confirmation,8555-292519-0011,test-clean,8555,OPUS_VOIP8,16000,49280,True,-24.986070677276683,-25.371047333632944,-0.3849766563562607,0.29801926016807556,0,0,0,741e9bcdf55461591f5ad86cae87713d2944df6c111d2bbde3b95c6f33c065b1,c2488f183662c3ae59959e9e1213c55e9c29feb3d12fb91e128caaf955b0ae67,6.989610389610389
confirmation,8555-292519-0012,test-clean,8555,OPUS_VOIP8,16000,82720,True,-25.079727625664074,-25.43697303343379,-0.35724540776971603,0.37889111042022705,0,0,-1,b037de67a23d004d25d82a692c4ab690b480f139df4be6f02e4f14deb2083a55,1434de126d193b541f8f5fcfcf82a738aa724c203eb2e405898240e4cef5805b,7.141199226305609
confirmation,8555-292519-0013,test-clean,8555,OPUS_VOIP8,16000,66960,True,-27.485592860015323,-28.1091274875702,-0.6235346275548753,0.24641484022140503,0,0,0,9585c2a10c75d6ed3480c08cc42dec8d708fd1bdba17ff6167b486a406371b39,cca2f1a2781a6f1f4ac0731b16f80cef173ee017197f757453718046a1b49e50,7.1416965352449235
confirmation,8555-292519-0014,test-clean,8555,OPUS_VOIP8,16000,38960,True,-25.136355717806698,-25.586983701551627,-0.4506279837449294,0.278568834066391,0,0,-1,6792e8233384a91e278603de3067af2985c6c1670b66dd8407998849a0ff822e,8dabc2757b45cb0248d7f537fa9954d27fdb044aeddbb0841f70a875fb54c472,6.928952772073922
confirmation,8555-292519-0015,test-clean,8555,OPUS_VOIP8,16000,45600,True,-25.351184156802656,-25.773423242075157,-0.4222390852725027,0.286996990442276,0,0,0,e78f058b46f2e1d637f633968a787ab1526ecfe57eb1cff506e4f2557244cb73,fc8de7ac7ef58a69a7f174ccfd25d0127c4bb89d9844f7824673fcfbec4393c0,7.36280701754386
confirmation,367-130732-0000,test-other,367,OPUS_VOIP8,16000,37840,True,-33.202330641274344,-35.45315474021988,-2.25082409894553,0.2138325721025467,0,0,2,84a0817c8152437665b91232da616f3f254511ebad3e6f61c77ae76592a90ef0,17113a41920c5466372e50e55b9ee1693333be905f420baf504532430bc20924,6.745031712473572
confirmation,367-130732-0003,test-other,367,OPUS_VOIP8,16000,240080,True,-38.629920721702014,-41.54916797589466,-2.9192472541926504,0.13506844639778137,0,0,2,2bb5ef3c1c74d9f7fa3403c654e8a058c66da443af00753eae10d3dcc63900f0,c24e8efe6824428e4cbef96413f1d80c483e408c9e535566106ffbea6a84b8f4,6.864378540486504
confirmation,367-130732-0006,test-other,367,OPUS_VOIP8,16000,37600,True,-32.21735956606091,-33.97311346227985,-1.755753896218939,0.3300136625766754,0,0,2,cc07a8383b7df1c6ae5aab818c7902bd4fed98dc82f76ae45e1dba47afee02df,3acbbaa4a298f189d03f347d2b7725cc604d7a7675881cbe4920bb13a3bed4c3,7.022978723404255
confirmation,367-130732-0009,test-other,367,OPUS_VOIP8,16000,60240,True,-32.023374654979676,-36.420599837075,-4.397225182095327,0.1800261288881302,0,0,2,ff33ca18f25c25c7235219389bb605756e6d681fa70b6d5329aa45120cfa1388,0fdad2dcaeb3d435afeaa80c167b5c28981b9b317776c6d9b7cec360fd4a1088,6.744223107569721
confirmation,367-130732-0011,test-other,367,OPUS_VOIP8,16000,91360,True,-31.82850104868104,-34.23352318724628,-2.4050221385652364,0.30986785888671875,0,0,2,6221798de8360a223a3000fca83b720e49b606f5d7e33b02c24c7befe3d7eb1d,baf87b4c69d7e6c0901cb799e47d2cba216c809fedcb83fcbc8470008f83420f,6.992644483362522
confirmation,367-130732-0012,test-other,367,OPUS_VOIP8,16000,135040,True,-32.93777858587349,-34.73127005518586,-1.7934914693123727,0.31114083528518677,0,0,2,69acf5c21a36a6f5011d3e026270a55eaa1228b63f05efcf861c348fcf5dfbdd,a81a251aadd25287cf52e8a83cea3d1557b5cb65f60250edb777aabf832c58a5,7.1639810426540285
confirmation,367-130732-0013,test-other,367,OPUS_VOIP8,16000,139200,True,-30.658569213810157,-32.13620635943767,-1.4776371456275152,0.41675761342048645,0,0,2,c578aa3994417b893267e59a623606f30f640b9d87dbfc44c8ee00630bf81544,73854cb9f1cdea7de5b7181c5f059faca7e96032a6f9ef8c3518f50d2d512780,7.289195402298851
confirmation,367-130732-0014,test-other,367,OPUS_VOIP8,16000,137760,True,-31.22721224896197,-33.52547881092609,-2.2982665619641174,0.38816094398498535,0,0,2,26e82dc8f6b95783f533d7ffef389fadf9b8114325a8fb75eb0dcbd553f1a57d,658e0f339ccdbdc47e384293400da06854a8977e12f30f18b4f5601518348ac4,6.999303135888502
confirmation,367-130732-0016,test-other,367,OPUS_VOIP8,16000,75040,True,-28.642975525466724,-30.357107209540125,-1.714131684073397,0.49864262342453003,0,0,2,d7db7f18c624b7fe01eda39298c526f9a3cbab309be28f42cf78d9150c2183cd,269e89604e031df330c33b3436fee13d6b7fabb25d1e523e72a81cc36e6b7409,7.044776119402984
confirmation,367-130732-0017,test-other,367,OPUS_VOIP8,16000,60880,True,-32.38242775583492,-34.94460369814692,-2.5621759423120043,0.27766019105911255,0,0,2,7be3702b5297e59d79281d5b9188ff584852f523019ef457a61373846e666657,7c6ffe44b7d6858493a5c58accfa23fa0f71d0af1844472686f70875f54a1fa3,6.83311432325887
confirmation,367-130732-0020,test-other,367,OPUS_VOIP8,16000,73120,True,-32.32761018733593,-35.03575967882714,-2.708149491491212,0.2855413556098938,0,0,2,837a37e02d022027863e270cf082150ace6fc5d4d57aef3cbde902ad4c9eaf1a,c70d1938b06405bc7af4d7e945b1ec722f59177da89bef956cc30da7367bddba,7.065207877461707
confirmation,367-130732-0022,test-other,367,OPUS_VOIP8,16000,119200,True,-31.883514864202812,-33.57855351699331,-1.695038652790493,0.25625789165496826,0,0,2,389abf6799689bdb89da9517de96694a17dc4726ba6ba26808138b564d9553d5,8198c75af9c94f2730f8bbc8a51e32124916f4a86b84dc3602b4a267865cd7af,7.242953020134228
confirmation,367-130732-0024,test-other,367,OPUS_VOIP8,16000,98880,True,-31.302243636949182,-33.14020169150635,-1.8379580545571659,0.3243415951728821,0,0,2,0d4672f4669e44f330321d340e107831866141497fe93f00a1911ae289d4e28c,b34e027b00dd69e9252abd47bf9a74c6fc7265bb93f12ab24ee63f5217d7e5fe,7.007119741100324
confirmation,367-130732-0028,test-other,367,OPUS_VOIP8,16000,137600,True,-32.14982719142198,-33.784741706525864,-1.63491451510388,0.26285991072654724,0,0,2,f10b90bc6ce3ac67fc1cdc827186b8434fa6059513af26a01aa879c2f6019551,1f8f27a09d664252a6866baf0a1672f0883d5619e27c0442e9e7d14e5235914c,7.192558139534883
confirmation,367-130732-0029,test-other,367,OPUS_VOIP8,16000,100000,True,-31.94279059612437,-33.46661307745706,-1.5238224813326926,0.3132157027721405,0,0,2,9ad7e5674c6da525c823f3db47758b323991c9f4cedcee328238b5108119ad3f,728edaec98c3b39b08dcaa42c24e10e533d3ffb34a3ab821d0362b5f4c3a9a20,7.13728
confirmation,367-130732-0030,test-other,367,OPUS_VOIP8,16000,131360,True,-32.3164996215947,-34.36169361413577,-2.0451939925410674,0.28328320384025574,0,0,2,cf421743f2be2a5e6dff1667fa126e09cd190a93ed7a2b4b957d0545dbdd3038,a47c8b1565d614baf0f707d5cd79779b8fafa59b6770d0bf4e21d423588d0f0b,6.961266747868453
confirmation,367-130732-0031,test-other,367,OPUS_VOIP8,16000,108320,True,-29.25014539473794,-31.89577701376968,-2.6456316190317386,0.344227135181427,0,0,2,421c6070d845ca731e58c4aec5bb4792ab0a62578e679377df18b0f9c145bee3,0e85a8d87cde9c7db8d2333972b11fb864e1388b6f227b0e84a5f5a8d1b16f61,7.189364844903988
confirmation,367-130732-0033,test-other,367,OPUS_VOIP8,16000,254560,True,-30.630418018480196,-32.55938407772891,-1.9289660592487072,0.45482921600341797,0,0,2,a7f379b543b66d8472e4b4b126333fffd7e5ed27f9b8deafff4c99954b1cc6fe,8eb0fa87750d82b091997a1a6322fbab266cb40c837b0854d4c9c0e10214447e,7.203519798868636
confirmation,367-293981-0000,test-other,367,OPUS_VOIP8,16000,35440,True,-29.345546968967575,-31.34744091414905,-2.0018939451814752,0.411163330078125,0,0,2,f8641d60da3c0f972fedabe26b7bdc80687761b8381fbe8ba22d0f0a3e69f8a5,8d0634c71538aa02178704b3b71e0dbd6bf0166528994d11ce326cd142ff1d00,7.158465011286682
confirmation,367-293981-0002,test-other,367,OPUS_VOIP8,16000,131200,True,-28.741369683241672,-30.082623251859122,-1.341253568617453,0.41899237036705017,0,0,2,5e5c93a0f8e65fbb8bb3a2a6e26cd243d2a5191641fac5843ecbaca4913cd199,2cfccce649a3bcb7064fc3a839e4c420aacd5979441c645cdafe53f57a236a13,7.313170731707318
confirmation,367-293981-0004,test-other,367,OPUS_VOIP8,16000,37200,True,-27.47755128674826,-28.335421740377797,-0.8578704536295384,0.3173767626285553,0,0,2,39ef006734aa71ef223fb39aece98b35b9fdb8c1ead65a7a330a8ea45c0d98bf,2563f7c84e097471532e30e4baebfb5c4f004e39ab40a3d3c8921c24b6c13c61,7.662795698924731
confirmation,367-293981-0007,test-other,367,OPUS_VOIP8,16000,101920,True,-27.21517966147699,-28.89362134623954,-1.6784416847625478,0.5215809941291809,0,0,2,42cbb8873716288722cb2802bc4ac14bf28431c56a436aa97d9c3e7cd2c66054,6461772eb3d9fb6cc7f3846231e429097fcfef6880d1afdce4d367c42f1a5948,7.264050235478807
confirmation,367-293981-0008,test-other,367,OPUS_VOIP8,16000,108160,True,-28.25223992211861,-29.72101884411895,-1.4687789220003427,0.5321601629257202,0,0,2,598fedc8a7aa3d6a3cea1604cbd469374c9bac184fbcca70ba1a8a7ba4aef524,a35dd1ff9c1f601a9ef2ddecbc7b8c4aaf75c013d763853f84c0cec89c96e037,7.306508875739645
confirmation,367-293981-0010,test-other,367,OPUS_VOIP8,16000,364240,True,-27.46203010580612,-28.603632250805866,-1.14160214499974,0.4699430763721466,0,0,2,4cba046fe688980fa6ebd01b8f143d48813b8c27a1fcbf5654951346ec29b71c,fc62954a5bb4bc7f2645aa3053856157dfccf78fb870fd290e6a5e3b5dff45c4,7.422622446738414
confirmation,367-293981-0011,test-other,367,OPUS_VOIP8,16000,152080,True,-29.277700142192884,-30.417662741721596,-1.1399625995287135,0.2742012143135071,0,0,1,a9396e794218775279f68a92c8d361b2c08161fff1152d178fa09fd958ea0ef1,b3a532e2acc72db635561e689ce2e82f8c7efb37174d069aba53ea66a805a2b6,7.134771173066806
confirmation,367-293981-0012,test-other,367,OPUS_VOIP8,16000,129760,True,-27.83332950427454,-28.882065714288665,-1.048736210014121,0.4838440716266632,0,0,2,7d7d034540692f640b2391029746cdb60bbd05f58eec60d6e4dcb28c4ddeddeb,00bf91a0edb164eefa250d86e0b226da212e2ee0afbd1bb22fcfff8f93614abf,7.2799013563501855
confirmation,367-293981-0014,test-other,367,OPUS_VOIP8,16000,107920,True,-23.92877870087078,-24.55299560693041,-0.6242169060596283,0.565583348274231,0,0,2,e38eb36402b3d018ebde3a6424379114ddc326db91178551069fee4a0aa23e4f,4562f94b5e905fceb06a22761aedffb3d653613560e1b16cc359de25d1fda3dc,7.472201630837658
confirmation,367-293981-0015,test-other,367,OPUS_VOIP8,16000,176960,True,-27.152356546865583,-28.430456614420834,-1.2781000675552483,0.457597941160202,0,0,2,8c954a9fdabf5355498153aad258f7675fe32ee8bca6d9e3f89931e7cae2385a,67beee3449601eaae5a323796cb91fd2775f25b0ac47fcf9d33c7933b744b9a3,7.502350813743218
confirmation,367-293981-0017,test-other,367,OPUS_VOIP8,16000,46560,True,-24.493111666943044,-24.971419719743576,-0.4783080528005279,0.6332107186317444,0,0,2,7fc5496ef42ae3aefc806875e45f325f91b38928f35c634552e2cb1b7d5042cd,c330b45da8e73568af1b132171b6931eba603624b2d2456b680d63b7e525e3a1,7.312714776632302
confirmation,367-293981-0019,test-other,367,OPUS_VOIP8,16000,113440,True,-24.42006377191475,-25.40675341099211,-0.9866896390773577,0.6119356751441956,0,0,2,0b802bcb4863a2e25295e4ced20a987b3d413dcb05f4b3ca375305e6a217b7df,f86780959de5d1e3f5687df623994f38ad47416afa26e658621401bd4ad82ada,7.587023977433005
confirmation,533-1066-0000,test-other,533,OPUS_VOIP8,16000,40800,True,-27.66793989452283,-28.764763111251426,-1.0968232167285958,0.2964802384376526,0,0,1,36b18a0cf6f0a7f4f529b3fd0999f21f8c41c8269a79e1f8cc8f466c5b90b58d,fa7f249aaf0ab80acafa7460b8b932d2d20ced0093fd113811b01b0692b892d2,6.810980392156863
confirmation,533-1066-0002,test-other,533,OPUS_VOIP8,16000,148640,True,-25.38053579577072,-26.04547479383809,-0.6649389980673699,0.5289244651794434,0,0,1,777d01f944c3baba59ccefeffcd40a987b2fad19408639f59fa8a91b16315965,5a3fe821e5bd3fa7dca36ff4bcefb0d867155bfaf89360c8049e803d70075db3,7.3110871905274495
confirmation,533-1066-0008,test-other,533,OPUS_VOIP8,16000,80801,True,-24.62474559249197,-25.459735729062317,-0.8349901365703493,0.5717345476150513,0,0,2,71195c1a3edde961244fbbb7797d5a6a1a8729a700a582943fcee53e7497eab1,455f4020a61f716df3c4d45ce9bbb33d30e3c3221ee52e869c4efbebf2fb86be,7.11753567406344
confirmation,533-1066-0011,test-other,533,OPUS_VOIP8,16000,111200,True,-25.807473850389904,-26.823678600353958,-1.0162047499640523,0.4562569856643677,0,0,1,95361fecb297c0f19c27c2a1b6ca97e8473720181afbbbd215adabcac25776e6,7401993233f696f003cdc4f0f223b5a8fcf5cb9ec3dabcb6608609f1eb4a5379,7.2368345323741
confirmation,533-1066-0014,test-other,533,OPUS_VOIP8,16000,39520,True,-27.516716320125262,-28.678108713528697,-1.161392393403439,0.4129379391670227,0,0,2,a99e3ee979b38e1c68288b1e7e0080ac9ee6f43d42547282bc86e0dec8c4908e,85e2ef403a71cfd08e662ae34f7548d3e9ad0a2d9b1babf31af1e7c645e862fd,6.681781376518218
confirmation,533-1066-0016,test-other,533,OPUS_VOIP8,16000,39920,True,-25.514380115168443,-26.343322009863858,-0.8289418946954142,0.4561956822872162,0,0,1,c28b3bbc0d3cb9c3ada7f9addff3959a60d71198e60b9c8d2c98bdce3b2fb7a4,51fe004dbe884b8da66cb8572e3c9f4b98314839f3f2a078fe1668c2b97b4d27,6.925851703406813
confirmation,533-1066-0017,test-other,533,OPUS_VOIP8,16000,87680,True,-27.63389493215959,-28.20531053612132,-0.5714156039617281,0.332315593957901,0,0,1,9739a4615fa8b050230c718abc5b9d2f226324b5c6abc7248aaeac7b7a356023,c07f298e390bb24c1945052409a55b5603bf9a20bf261c32fd7a71383557680d,7.094890510948904
confirmation,533-1066-0019,test-other,533,OPUS_VOIP8,16000,68880,True,-26.65700155533839,-27.477899040877915,-0.8208974855395251,0.417641818523407,0,0,2,410d352d233126effc2d2a17d3a734c16343463444b9312da7888a1fbac5a930,0df92e4c21f3615f9aabdaa6bb26837313d78ddc0b906485aef5a4e36e5f88e6,6.996515679442509
confirmation,533-1066-0023,test-other,533,OPUS_VOIP8,16000,100400,True,-25.284729294940824,-26.19401982568204,-0.9092905307412151,0.7025386691093445,0,0,2,7ca769f83987b2ceada59ce7124eb9359e3706d10968fe6328a10cba8cb8f661,fa03e4bfeb027348520f4a17cd22660a53edf073e1ef1e5c0bc84d7fc202b635,7.04
confirmation,533-131556-0000,test-other,533,OPUS_VOIP8,16000,99280,True,-28.54662847179079,-29.230239804003446,-0.6836113322126546,0.5429295897483826,0,0,1,f9e193bb29d0e1b75365751055e7603a4b96c960bb5c61f9a2c19d941d76d325,b99e4726e942c66d6a6a5105454621487ebf78c5e8974d6b65b1ef47198b49e3,7.231587429492345
confirmation,533-131556-0002,test-other,533,OPUS_VOIP8,16000,127440,True,-29.12102765048608,-30.093120156071972,-0.9720925055858938,0.33001792430877686,0,0,1,ab29ec39f84b37f7792da6716c8089601a4ba3c0346d571f9b2a13429c4d5c8a,526694f8465a8d5bc32291c24e8ebc28679e777a8c178cc43697752710750fbf,7.09504080351538
confirmation,533-131556-0010,test-other,533,OPUS_VOIP8,16000,44720,True,-26.45066083879252,-26.66514128865087,-0.21448044985834816,0.6444169282913208,0,0,2,3910f9a2bd173b367ca21e74dd7e07c08ae21cbb35bad4b64126db410a6b57ae,c581f9d3a194c0713ae75f3efa489a0a9888ed22bf4a799096580b68c0eb45ef,6.809302325581396
confirmation,533-131556-0011,test-other,533,OPUS_VOIP8,16000,104960,True,-28.37542737307477,-29.580356323445493,-1.2049289503707215,0.41977888345718384,0,0,1,fdca8dffa26f21af1e036cc1b856ac9ea113c8336381517a8c53c61fca3d5134,789fa26e4bc70c1ba9ee28c53013ffa90c9f2cc49af3dd6b9a6ee6bb6cb4b3e9,7.0182926829268295
confirmation,533-131556-0014,test-other,533,OPUS_VOIP8,16000,154640,True,-28.240904615483533,-29.009206394640795,-0.7683017791572595,0.2919695973396301,0,0,1,14d3810b4392610f0b676ce0e7fb84d6fe00393454b3d2dd739d3ed0bcab315f,4f9db56179e9535a4b8fe11271605c67150eed807cd0aedce89d7f4cde587dd7,7.359337816864977
confirmation,533-131556-0018,test-other,533,OPUS_VOIP8,16000,104080,True,-27.533994257034248,-28.328906086164018,-0.7949118291297668,0.4784981608390808,0,0,1,d208c00bb7b1c79ef2d7267abbb1e0b8daa9a8c110846890a198f0e22b7563a9,2ec1a479be108604ed76f51165a40c916f42dda9913b686ad381766471530fb2,6.94358186010761
confirmation,533-131556-0019,test-other,533,OPUS_VOIP8,16000,243520,True,-26.014207543925917,-26.66226963598744,-0.6480620920615241,0.4793236553668976,0,0,1,dca548a30eeb22448f5e99f0321cbf8fee7a4f2d088d96b1037174d1b6023269,932864922e7aaf3667b2064e22f9430a4dab4da73d549afcc31b7bd210f6b0a1,7.40131406044678
confirmation,533-131556-0020,test-other,533,OPUS_VOIP8,16000,32640,True,-32.391681804219125,-33.35305300312179,-0.9613711989026692,0.36560994386672974,0,0,1,0ee1aeed25b7ff114b4dcd856707c42b392440933d9d624335b606d9b23aee2e,8edb0b062289554f08e82529287d2960672920688b155de661a538de72ae99f7,6.2823529411764705
confirmation,533-131556-0022,test-other,533,OPUS_VOIP8,16000,42880,True,-24.055359730937177,-24.678637547836992,-0.6232778168998101,0.5207014679908752,0,0,2,2e614cb306bf140a1fc0c2a4811bd7b27265150026c928c61955bc482a83f3e2,303710e7b5b4aa97856fbd92c4b0c24d2c3f32dec074865d494344042d8e2bdc,6.8
confirmation,533-131562-0004,test-other,533,OPUS_VOIP8,16000,68560,True,-28.737118227310084,-29.445671652373548,-0.708553425063466,0.3247987627983093,0,0,1,06ba411da9fa13a5e977c2795f89b10ad7306f31a23900dfddd840beb5055393,8d66bbe2fb91ad7cb46ff6c50326463e0e838278086ab5d466d1e5fb30a46ff6,7.206534422403734
confirmation,533-131562-0006,test-other,533,OPUS_VOIP8,16000,50320,True,-26.190616774009385,-27.022991719120796,-0.8323749451114154,0.421262264251709,0,0,1,f5150c5d05e0897564779bce00d7829c2d601e336e6c6cb00e4a91578edda716,b76d19a1bc2353fd92f55f011d9099121e320404f83cb2c00f0ea294dd1a7ae8,6.806995230524643
confirmation,533-131562-0009,test-other,533,OPUS_VOIP8,16000,236880,True,-27.11191580444687,-28.18622697496817,-1.0743111705213035,0.43556177616119385,0,0,1,cdb8e5382858c9a950670a2e5fd215562e7a9d7c10f5b184854b52e401328ea2,6c50bd3c999bd0dda1bcce0fefa379c494db267c03a4fe2f7cb024bcdf999ec4,7.312664640324215
confirmation,533-131562-0012,test-other,533,OPUS_VOIP8,16000,38320,True,-25.497894922768943,-26.179659356607516,-0.6817644338385733,0.5618999600410461,0,0,1,2e302f64b089e54aa6fff8e0d21117f6993b39c223f5c672e6b926327d655a08,68efa1dd04114a37da927db9ce34f78452d5cc2d418b38910c82a87e13a411b7,7.138204592901879
confirmation,533-131564-0001,test-other,533,OPUS_VOIP8,16000,257040,True,-31.434464447587665,-32.1869950159713,-0.7525305683836288,0.2707078158855438,0,0,1,9f1a0c3bc8834b604465a6576d0a14dbbe6f328bd49321f5f55700c200ff2ebe,52b96dfdcd0ab0a377044b2c6656bc95c4b5cacfe635fdd2f7b3030b96aff82e,7.29287270463741
confirmation,533-131564-0002,test-other,533,OPUS_VOIP8,16000,62960,True,-29.299735102422055,-30.034108605985995,-0.7343735035639416,0.2989177405834198,0,0,1,32a63a2077b32489d9b481ef2d3e8624af50b716eab3d085b8cf093d1f66b6ac,6bb1103aec558a121788675498dd8969c4ed6c3307d495e04951672d1f163996,6.9407878017789075
confirmation,533-131564-0003,test-other,533,OPUS_VOIP8,16000,57920,True,-28.29068087751949,-29.287752422072565,-0.9970715445530755,0.34394463896751404,0,0,2,6075d42cf0de24348cfcb577dacd89b58d2e19f5d482b7e43e241378ce7efee6,fbfdc23aadcf7cc6aa040c11b470522aae8fe7a3a44802f15e2008ee9a930ae7,6.61878453038674
confirmation,533-131564-0014,test-other,533,OPUS_VOIP8,16000,100000,True,-28.366185427940188,-29.302117572828394,-0.9359321448882069,0.42399147152900696,0,0,2,0c4d4fc2ece22956c6dbe1700bd72c0bff694a3a26058b419c114a5027d12251,9d634dcf045677c5767608e4fc9a24fa870f201099a4ee9bb2fcd15e243c8096,7.21024
confirmation,533-131564-0016,test-other,533,OPUS_VOIP8,16000,41360,True,-31.036425205927387,-31.59499055818063,-0.558565352253246,0.2035553753376007,0,0,1,c2b57e00aba85ac82f3eb5f249225eee3320a8244164ed22c2e37b7bddf37215,cf562af0684fc9cbea531a141b47afb4f7ce7362f824bea74d96432fc2746815,6.848742746615088
confirmation,533-131564-0024,test-other,533,OPUS_VOIP8,16000,69680,True,-30.979894390564418,-31.705443349312063,-0.7255489587476461,0.2600189745426178,0,0,2,f888392cf77b311847fee7bcd9b9ff8833302d71001bac1a4ebcd8ff69ef24f3,c9fd93ca4d1e0802a2ba6a95a0f4bbefebfe7ff75b821654ca56cc20aacb4f5f,7.094374282433983
confirmation,533-131564-0025,test-other,533,OPUS_VOIP8,16000,99840,True,-29.115644238489892,-29.751818373404216,-0.6361741349143231,0.29417625069618225,0,0,1,be94be71f2cb432903fb6ee03bc7b967d5b955f319d89cf9aee969aee81d7ff5,47c5b1d329773534284760eb34ba33931688889c36b3b31de173c63af41b5aeb,7.287179487179487
confirmation,533-131564-0027,test-other,533,OPUS_VOIP8,16000,54160,True,-31.204599437318763,-31.897013683798413,-0.6924142464796539,0.3283385634422302,0,0,2,34a6fe3f57c7a5de2d2efc687d0185a54bb6948fe6f0c6364374ccf9190aa18d,ffaa17362cbbc5c505fb1281af05d94c970b3f5f3369a57687cda95a14c303b5,7.002658788774004
confirmation,1688-142285-0003,test-other,1688,OPUS_VOIP8,16000,80960,True,-21.59010205239916,-23.395431177559946,-1.8053291251607875,0.49688640236854553,0,0,1,9b54f3891ba50324bde2104a5a33c0591fb1f38afd5b5c51c844d794f93c0e6f,3b0b805c4d330506a3012eeff97a49f1bf325481fc584c98bc4a2bd04e99245c,7.772332015810277
confirmation,1688-142285-0007,test-other,1688,OPUS_VOIP8,16000,112960,True,-21.017702447294873,-22.005035110616863,-0.9873326633219898,0.5413024425506592,0,0,1,998674d98fbed60db8398f01e37162260a58750209003cbb303da59d2138686b,3e744a6adb2565b141a23b6e77da9b52bc6b6771439680a8d43ac06655f98498,7.898016997167139
confirmation,1688-142285-0008,test-other,1688,OPUS_VOIP8,16000,66160,True,-22.318394136118684,-24.098289484688674,-1.779895348569993,0.36306124925613403,0,0,1,a6c6ff54e1ca6a8f3000b12c3ba6de130b6f10c50edb8affa686458fff41f957,473f877f3beb8690cf0d30d564ed6b0864a531b9219a134b14c459a611f0fff6,7.843288996372431
confirmation,1688-142285-0009,test-other,1688,OPUS_VOIP8,16000,56560,True,-22.310859039796384,-23.926457784269218,-1.6155987444728315,0.3718123137950897,0,0,1,e1a0b7af33d125e1a8cddfd004eb6ff03d1fb6dfbaac269d3b6e7793c5516c48,737c0f5e60db3aedfd7ac98e410241ee4764adcdd2b4c82a855045e0ac60c75d,7.848373408769448
confirmation,1688-142285-0016,test-other,1688,OPUS_VOIP8,16000,77440,True,-22.676508394939468,-24.625790287076057,-1.9492818921365918,0.4198448061943054,0,0,1,2cb22ce698d8aa7c576833d3b49ed6854eaf69b65049704c429080d28570be00,4ae0d2001f16375968d89b33d25fa26dffea99c4579706e408c8d2cc185a248c,7.791735537190083
confirmation,1688-142285-0017,test-other,1688,OPUS_VOIP8,16000,134080,True,-22.32239946297934,-23.836042833725774,-1.5136433707464327,0.3423188328742981,0,0,0,e9b749683f8a505f0b25601dbe60625de36595de5cd78ef368a5f43cc7232f77,2370240432345b95395ddd8ecd22b5656d6e25c4c360ad04a44698c08793c669,7.850119331742243
confirmation,1688-142285-0018,test-other,1688,OPUS_VOIP8,16000,204640,True,-21.728367736636734,-23.246831142417086,-1.5184634057803545,0.5337095260620117,0,0,1,b7914d894bf5d58cbb91ca0fe3bc71ffaa30b5f399cdcf95fecdcc1ae42e1c0f,5da4aee23b6733a5f4bc6e998b28b8ff25237a882261b127229566ae2d6248df,7.834870992963253
confirmation,1688-142285-0020,test-other,1688,OPUS_VOIP8,16000,57120,True,-22.490911194879377,-24.293806772240313,-1.8028955773609365,0.41364437341690063,0,0,1,304d29e30ec489286901d377dedba3e0e11b22b9be34b5323bff958978746372,7dc5c2853f3d6eaa390e8913ebbd1e2881a4997b2bc92071cb192cd1d701cdd2,7.733333333333334
confirmation,1688-142285-0021,test-other,1688,OPUS_VOIP8,16000,83360,True,-24.19258533535395,-26.23395433317055,-2.0413689978165985,0.3213464915752411,0,0,1,881502d119c869afaacf34a3c20354812d88525ccae22bb58e15cb791ebd120d,1513e071345b13f028466d5894eaa588cc19d37aa849adb78012f1f0f4ff0ad4,7.824952015355087
confirmation,1688-142285-0026,test-other,1688,OPUS_VOIP8,16000,57360,True,-21.076300933127612,-22.575743429719978,-1.4994424965923665,0.5133264064788818,0,0,1,d3253f515daf74d060a0bd81a7a25acc8e16cb86850be353d6f107573145d0c2,79fc4cb5d9924b75d8fea74da913f9fb6a278863fa4a225a5ad38a77b3b96c26,7.72329149232915
confirmation,1688-142285-0029,test-other,1688,OPUS_VOIP8,16000,72800,True,-23.50373631024898,-26.70595697269674,-3.202220662447763,0.3599742650985718,0,0,1,1379ae304cdb2ba99e7952ca3077d54d210e33e2b384b1339fe0001612eb6cb4,0d0f1dfb14c12496d7dfa9b8fc6abf7e8ce77e3bd1df6eac87773cafe1cdc43e,7.76967032967033
confirmation,1688-142285-0034,test-other,1688,OPUS_VOIP8,16000,242639,True,-22.925768995759267,-27.72093467449341,-4.795165678734143,0.3391859531402588,0,0,1,8959d0b6c23edeeef061d34208dda5603621b7edd1770b929dc6b38d0b317c03,400996eed209cdc046b3bf1b7c6e1a06d97c123ff666b023df3b35ebd52de7e6,7.879227988905328
confirmation,1688-142285-0037,test-other,1688,OPUS_VOIP8,16000,33200,True,-22.229215386412715,-25.04038116285525,-2.8111657764425386,0.5147174596786499,0,0,1,c83abc9362bbfd3f339d7e3ee8ae78f1e85c1a2d78553d016ec5f763074cd860,7cff28ac924b6ebc3dc9bceed7265b37fe4ba1c52e977e2bf443f065eaa242bb,8.019277108433734
confirmation,1688-142285-0044,test-other,1688,OPUS_VOIP8,16000,54480,True,-23.35621617060523,-29.86153155333686,-6.505315382731634,0.2534465491771698,0,0,1,66b6e4c253cf796c160df3fb127a5b2dc2a3d3fa66375ad205d4b323db620c44,55f149ecfd71d2cfdbb958ba2abdd90f0c8104b12ddade951ced13d6598fd69d,7.577092511013217
confirmation,1688-142285-0050,test-other,1688,OPUS_VOIP8,16000,87200,True,-22.472502105151936,-26.216599737677633,-3.7440976325257,0.3443681299686432,0,0,0,7e0407d1dccafc4d826aeb28834e835f91acdeadef9d433a3d702e456bae2774,5151bfe03e8d631a2b223f3b0863be2059dbd21df5dc7be79a48784fccb8860b,7.787155963302752
confirmation,1688-142285-0051,test-other,1688,OPUS_VOIP8,16000,106000,True,-23.635982096227643,-30.168638480849946,-6.5326563846223005,0.2943132221698761,0,0,1,62885858995179fab675ab0b1954ad6e46178e01e63854e83183ec6376ffa3f6,f28e787ba1c2db4e6799df39ecfe08310330db4a9065cb2cc7c43da24f3a72ab,7.845433962264151
confirmation,1688-142285-0052,test-other,1688,OPUS_VOIP8,16000,113280,True,-23.539327474250374,-29.503115676536154,-5.963788202285779,0.2772076725959778,0,0,0,5fc64b0055a64961e0a9e9105d151f06d549034c1fd8b60eb17d7cc3b625bfbc,7e8b110c9319bd15542213175d9292349961cf727cca0c7710d796f744a6a87e,7.932203389830508
confirmation,1688-142285-0054,test-other,1688,OPUS_VOIP8,16000,50240,True,-23.602489115087838,-28.011518196715226,-4.409029081627387,0.29626166820526123,0,0,0,6c9592e5bd161f09e5bd80bc0a281cf22a8f3329873a8a0a4dfa994eed20824c,5b72e80ad83c4a7df8c44b143a163d7bb926542d9b1c9f6a36d4829c37ddf11c,7.836942675159236
confirmation,1688-142285-0056,test-other,1688,OPUS_VOIP8,16000,108640,True,-22.443354433456296,-27.331225844540317,-4.887871411084024,0.271251380443573,0,0,1,06ae6c0851b47d3d5f710adba09d2c77e61208487eb627834f3f9b3104ff6a01,6b9f0fca9974aea31efa8fcb42ffe1982126c6634295e43700ba896adde23ed8,7.528718703976436
confirmation,1688-142285-0057,test-other,1688,OPUS_VOIP8,16000,142160,True,-23.00391430947176,-27.806099883077987,-4.802185573606227,0.34314098954200745,0,0,0,1d5e3f025873fcd846ff0f84122ed37e94808e97b28b05747808108ec52e6e32,894c57d8870e947ef45002645319828b67338a99166b7472d8e75a058b39c159,7.898255486775464
confirmation,1688-142285-0064,test-other,1688,OPUS_VOIP8,16000,123680,True,-21.686038538655055,-24.08320582255837,-2.3971672839033173,0.49923086166381836,0,0,1,e1c4f5a8523e41b9a1c1fa29c95634b25481dcf4b44a2aca59028b0c7af7fa5a,a2cfa67285e210441e103f257f0300b53b927cbc4f0aed0ad4ec5d629463d444,7.867529107373867
confirmation,1688-142285-0076,test-other,1688,OPUS_VOIP8,16000,61440,True,-23.644274065583957,-29.266897512284565,-5.622623446700606,0.20349732041358948,0,0,0,8b46c533900863f755104a0cddc68a7abc6abb03076fe45993c764973bcc51ba,725c838099daae5626e6c2a527ebd4f40f78cb7a17e16651f49e2006bcd4b21b,7.791666666666667
confirmation,1688-142285-0077,test-other,1688,OPUS_VOIP8,16000,41600,True,-23.733454438525712,-30.054834672915725,-6.321380234390011,0.15705053508281708,0,0,1,a6c2fd4dce24a6fba4ef6c42b2fb46aacead66176c12660ed47954beed8bcd2a,4767d06458fd2f44334f438e1916c0f60f580f7e5dcee9c94acb40915aff1cca,7.747692307692308
confirmation,1688-142285-0081,test-other,1688,OPUS_VOIP8,16000,94400,True,-23.318926779392083,-27.214027889074007,-3.895101109681925,0.3131508529186249,0,0,1,1275adde3b7fae6c991216011daa1ac39d555e4b641576115c48fb3717ff976c,5fe4b2a8743e44a99e11a5d5cb634c6ecfb8e0fed3341c060ffae4091345f367,7.887457627118644
confirmation,1688-142285-0084,test-other,1688,OPUS_VOIP8,16000,123360,True,-22.806955710646797,-26.503855920014775,-3.6969002093679775,0.4463181793689728,0,0,1,0248107d494c3021b5d9c34bff9a052dc9ee765252bff21d5cb0890ec8a60e01,c519d1f5d870e52d6645142ea5b13e455fc52d2efba95239eae44b15e66d5442,7.89727626459144
confirmation,1688-142285-0085,test-other,1688,OPUS_VOIP8,16000,63680,True,-22.323522339569664,-26.224706429662024,-3.9011840900923622,0.41047433018684387,0,0,1,87f3f82544ff0187bacbddfb6e03a6952122cf02c43a0c9f01fccd4d2c5bbcd2,3f01ed97d5b37035468cb0940cc1d5f5d0ce5073fb6305756b45c7752cf0bb92,7.943718592964824
confirmation,1688-142285-0086,test-other,1688,OPUS_VOIP8,16000,52960,True,-22.113009752305857,-25.328218333541017,-3.215208581235158,0.4233686923980713,0,0,1,a4d82117cce2571b43eb7d21675d7e6e2dea4deaac22afcbc18e596fdb87066a,b3728dc40e61512614dc02b099b9dfdb06ddfcd3281e243a4483e938c47f41e1,8.045921450151058
confirmation,1688-142285-0091,test-other,1688,OPUS_VOIP8,16000,87280,True,-22.290342273196178,-25.32133698378891,-3.0309947105927337,0.4442596435546875,0,0,1,3544bdd246677d8300d5decb2b99fb77c4feb6393ccbc38eb7d64c51dec56833,0d18c3843c58969d2e60f89e68adbf23a9ad19dc9271b7522772c672d3bd89d1,7.686159486709441
confirmation,1688-142285-0092,test-other,1688,OPUS_VOIP8,16000,74720,True,-22.294882419306752,-26.45772389779296,-4.162841478486205,0.44591739773750305,0,0,1,d114aa6081230415a3ef625f421aaa7d4d060b7f86692250ca91e7e65cf69486,aa68b3aceac2cc23bd9c85db94369cdc2c19ee78469831afdf796cf81271efb3,7.885224839400428
confirmation,1688-142285-0093,test-other,1688,OPUS_VOIP8,16000,154880,True,-22.613351274889844,-26.61575603577399,-4.002404760884149,0.40495508909225464,0,0,1,3cb279bd2c6717e62341a935d658faafe09ba5fe2c8567e854de6767dc1e6f67,a2e075a4be50d7f16992fa8a0600768fb542fb5a0658bbbe4205c4f1e6c20546,7.82396694214876
confirmation,1998-15444-0001,test-other,1998,OPUS_VOIP8,16000,96400,True,-24.1598728706966,-24.694078301245433,-0.5342054305488311,0.3777230381965637,0,0,0,5f1a3c7c13aa6f55aec29e1094a13cecb52adc299c67c511295b730db644471a,f21875fc4bd731d8d5151ea309bf3a79149339b36c7c8284a05a498dd5262011,7.379917012448132
confirmation,1998-15444-0003,test-other,1998,OPUS_VOIP8,16000,116000,True,-22.571777952932766,-22.968245256185554,-0.3964673032527891,0.43416523933410645,0,0,0,114574b9d667e9ace4cceb1515832ef262986464b8bc08345b88022202b6fcda,b2c9c3baaf93329cb25ccb17fea8f983770d74e8df8eaf18d490d2a069c9a445,7.401931034482759
confirmation,1998-15444-0007,test-other,1998,OPUS_VOIP8,16000,50720,True,-25.845267574811338,-26.467576689881533,-0.6223091150702,0.3386250436306,0,0,1,25b4fc4b9665b72ac3c917bdc30ac475599bbccb72a66eb7021c2672cdac7c0f,7bbfdc04f345204676619ab54a642dceb33dc1e99ed44deb7195834fdc6dd0f2,7.101577287066246
confirmation,1998-15444-0008,test-other,1998,OPUS_VOIP8,16000,47120,True,-23.346550558255736,-23.59268289017298,-0.24613233191724385,0.38700294494628906,0,0,0,3c0125aab3fc926c24ed464214136136651421e4e7e12d9e34b1e0926ac91cf2,a1f9c2d792dc5b9f8bf84e1b71d1dc91573836dbe311d87a75e0cd669964496d,7.187775891341257
confirmation,1998-15444-0015,test-other,1998,OPUS_VOIP8,16000,86720,True,-24.308113471827983,-24.766549172684552,-0.45843570085656926,0.34624335169792175,0,0,0,f91e51d94d2a3c6d1c7be4199a99c77839c7a16841000fce15c181ee15fd9fa6,033c84b5e984fb0fa010b8db3d5155ae4a7a8886db9800c8296a059d6bc7464e,7.322509225092251
confirmation,1998-15444-0018,test-other,1998,OPUS_VOIP8,16000,104160,True,-26.61990565069154,-27.152467669025548,-0.5325620183340083,0.30626392364501953,0,0,0,b73990bfbfdbc93d50bd027ea80972d881a5618b9023ff888b175ae37327a485,7184f00f96a3fa69ae41e7c0bc58a1773eb236ed6ae7ee6f1a6e79116b1b424e,7.380645161290323
confirmation,1998-15444-0021,test-other,1998,OPUS_VOIP8,16000,76560,True,-25.728726986412674,-26.286539847226017,-0.557812860813342,0.3307459354400635,0,0,0,b9c84b7bdf5ab5f9d76457adb2d771d33a98aa0656877f75774289bbbac4033f,87ff8b0fd6950910d6c817c8f0d6225193bb6344c8544336f3ccc319709cc04e,7.393103448275862
confirmation,1998-29454-0001,test-other,1998,OPUS_VOIP8,16000,62480,True,-26.018530980767753,-26.64533617947677,-0.6268051987090174,0.41260963678359985,0,0,0,3bc4a144a05da530dae9824543da04b28bd4f60bc9bd073469c4dd3ca2d8baff,326946d061ceebb2408c92c3f1494223507f4e1d3759256e4f6bbe5feb6563fc,7.36696542893726
confirmation,1998-29454-0003,test-other,1998,OPUS_VOIP8,16000,123760,True,-26.970672212681166,-27.6607825234418,-0.6901103107606389,0.39097118377685547,0,0,0,9843248366fdd8e05faf2cfc273412226fa58adea912b85bf6a8cdb7fe0a0837,d599631e2f45b2fd6b444ac7fc5ea2f8445cfd7db2b42ecb5d55a0c2ddefd1ed,7.357724628312863
confirmation,1998-29454-0004,test-other,1998,OPUS_VOIP8,16000,104800,True,-25.964770997937208,-26.545900641382293,-0.5811296434450854,0.4061925411224365,0,0,1,0099bbf3b8650726048f96b51eefe165a8d73d898087864c9c55f6e318a2a474,88b332bfdbc3915b18d2336c196b2e3e9606cce8541544adb948e61618c38bce,7.389312977099237
confirmation,1998-29454-0007,test-other,1998,OPUS_VOIP8,16000,68800,True,-28.65561674678624,-29.48022153897725,-0.8246047921910122,0.3649013340473175,0,0,1,c533e3874a0b4950c04f239637491cf9022c1880604ca821509da4ba78d6a351,1573a86641b4806e8ce7c69e75fc084ae3c4c7929e06e90129f488581ab269d1,7.1144186046511635
confirmation,1998-29454-0011,test-other,1998,OPUS_VOIP8,16000,137360,True,-26.963930973744535,-27.66216537774651,-0.6982344040019739,0.37143951654434204,0,0,0,670ecf7da8448556379e099da7f184f655cfe7042bfa3379ddaba87b908f2759,47e26fb0705b947890de51bcad48aba4f6eb3f8c89da8cd8908c7bbd9715d5ae,7.599301106581245
confirmation,1998-29454-0016,test-other,1998,OPUS_VOIP8,16000,39360,True,-28.665738680426117,-29.380969854809344,-0.7152311743832297,0.1846950352191925,0,0,1,9ba315efef4b0f821a6a40a519120b3d7c44b0da6ce576ca188df944d19885db,1678af0865bbb98c0c0e6d810fc98b8e7ff64f54d198d0497a99c40c563aa94f,7.317073170731708
confirmation,1998-29454-0020,test-other,1998,OPUS_VOIP8,16000,60000,True,-24.250673330612095,-24.636168581405855,-0.3854952507937567,0.3145555853843689,0,0,1,7168f9c3f61bb23683d942b8282deda5d7e1d29e9c332918035aced926fc2ca2,81045b12a4dc395dccb07bf2ec9a20361bb721419a0dd5ae4f471ca130dd2e02,7.381333333333333
confirmation,1998-29454-0023,test-other,1998,OPUS_VOIP8,16000,126560,True,-24.918173506201555,-25.372135648654243,-0.45396214245268984,0.37955740094184875,0,0,0,6c223e43e1cc37b9b5827a42932fdad8e68372bd8a04082934552410cc365c97,0e05a2c43019a5cbe21c06bf2d66d3c2721ec33ecb64153eeca2ade520d77d80,7.494310998735777
confirmation,1998-29454-0033,test-other,1998,OPUS_VOIP8,16000,81840,True,-27.5171023997267,-28.078639462659226,-0.5615370629325269,0.240175262093544,0,0,0,67ac05e620b3cdbc4b2877cb4ca2c96daf29ed850221c161d28c76d157c2deb0,c2d1eaf61712d2e4585233866b9af7f602f07de65a75d8cfd4a4af4c335a1daa,7.391593352883675
confirmation,1998-29454-0034,test-other,1998,OPUS_VOIP8,16000,40640,True,-27.099876236626127,-27.986616145894992,-0.8867399092688697,0.34925413131713867,0,0,1,37673fbff63bf80a06e3f6f77a31d11d078dec464772e552fc09c6737a5fdf24,a16af1ea0e5d37934762dfccba991ab10ef17e03f57c157fe0a2b640910779c0,7.461417322834645
confirmation,1998-29454-0036,test-other,1998,OPUS_VOIP8,16000,67520,True,-27.547385949324195,-28.42379312408255,-0.876407174758354,0.43711113929748535,0,0,1,c390ec8a94b49d86457801f9cac9fd84c371ac92683ec750c9314db1b03dec3a,4aa2eb27df1ba244aecd3fc3b0d6f96f67ab72ee9ab11a83c5cc4f74f407d45b,7.169668246445498
confirmation,1998-29454-0040,test-other,1998,OPUS_VOIP8,16000,60240,True,-26.638631654025545,-27.113677118358275,-0.4750454643327284,0.36935660243034363,0,0,1,42dc33a06e0eceb8071ecdd792f188d5700bba02650d2991d4ff0054447e523e,a7b6fdb803aa98a0cc7028c97ccd82bf8124280473f7f06d2fd1c194a416019a,7.411420982735724
confirmation,1998-29454-0042,test-other,1998,OPUS_VOIP8,16000,52960,True,-27.764411923791688,-28.36820148951901,-0.6037895657273226,0.2295387238264084,0,0,0,3cb9f4beb5a320f5d3cc6fa4e590fbf8a21718fa039c67b59b26c2ac12fcef46,46b26531a16f1ead8b38a2ef1591e4e8fc02d8cdd37ea70617933c1f0a62bc81,7.245921450151057
confirmation,1998-29454-0045,test-other,1998,OPUS_VOIP8,16000,58480,True,-29.30673240389251,-30.030860610031127,-0.7241282061386132,0.2905547320842743,0,0,1,dea7ab03073751d8815fde6112fab5b32a11399fe517d62b43803fbbc6d752e2,beb7cf1c142750075a6634558c8d65dff1b882c358759bbd97a33d7a207d3681,7.139808481532148
confirmation,1998-29455-0000,test-other,1998,OPUS_VOIP8,16000,185920,True,-29.859022656024475,-30.390000200069046,-0.5309775440445722,0.21425850689411163,0,0,0,77d7954922177e776e89d03ce4acc7bfbface38e2ec7914a282fcd535d124254,3e9e1e880ca7464084c1c37ab66a842c2bc5cd4b8ddd59d4c48222fe13837fa8,7.397590361445784
confirmation,1998-29455-0004,test-other,1998,OPUS_VOIP8,16000,46080,True,-30.301714390428135,-30.665663535366047,-0.3639491449379173,0.30429959297180176,0,0,1,1ca5ca52c6fa0d8eae9e958661770281ce60c91b6a84516629bc839f07b81798,816c91a36ea2e6590c97271ac0b92a115377fe3d2b698922b22d996f69a95eea,6.875
confirmation,1998-29455-0008,test-other,1998,OPUS_VOIP8,16000,46320,True,-30.11548392667452,-30.499644436346234,-0.3841605096717085,0.17960406839847565,0,0,1,73e3fe5770775d1333622b033efb6496e82bed822a129da2ad167bfa74b606db,03ea8c3542c1fd31372c6e8ba7ef9a2f3d63bc0e27456ccb055d8817f6732e33,6.996891191709845
confirmation,1998-29455-0013,test-other,1998,OPUS_VOIP8,16000,49440,True,-33.91343589846635,-34.70788731756225,-0.7944514190959016,0.15502876043319702,0,0,1,bbae87ddfd277da3156cd400a9fba03f91ea23df85e08e9e1559da6f0f2a4683,9168e452f3352336ec24862df7767df22f30b0161389541b78583419a18c385d,6.814239482200647
confirmation,1998-29455-0014,test-other,1998,OPUS_VOIP8,16000,45280,True,-31.945587070437185,-32.57756566201579,-0.6319785915786034,0.1795991063117981,0,0,1,c05e9641dbbf4cb8171d399ab9d0f1a1fabcf2d0e7e02e6930c15d7bf271c0ff,b9bfe7299f67deeab621ed3cbe6a7e31c72a553da36f0e493da97bbc817bae73,6.8890459363957595
confirmation,1998-29455-0023,test-other,1998,OPUS_VOIP8,16000,75440,True,-28.946275017774944,-29.359956752623063,-0.41368173484811693,0.24293048679828644,0,0,0,32ee7fe7d25e9c993bc917c284aa232aae648a3e68b15fdeb9c79d1cd3ecdd39,c7453dd0db0fc0be44e8982f26adeb71d49ddc6f0d2e3ef4c099e97c1bcc10fd,7.168610816542949
confirmation,1998-29455-0024,test-other,1998,OPUS_VOIP8,16000,64480,True,-30.674882307712103,-31.333063236868206,-0.6581809291561035,0.1964586228132248,0,0,1,71b10e2eac07021e42560364ae75e4ce38d2627024c8c185b2fb5f2289e19f97,c3739bad58b5f18295090275aa28ad4acfaf910710d3e7676675bfdab987a671,7.124565756823821
confirmation,1998-29455-0025,test-other,1998,OPUS_VOIP8,16000,43520,True,-28.731331785412895,-29.290835087805007,-0.5595033023921147,0.20349250733852386,0,0,1,dc2e416ef2198191e2192eae20ec85de17313ffe71ca720cce9967c7353ccb00,fdc25a810d4714bc3fa5df7aebb0c9e268aa4e14980d8bd9d78e729488a1b57e,7.047058823529412
confirmation,1998-29455-0030,test-other,1998,OPUS_VOIP8,16000,88560,True,-26.549198456690934,-26.908774316500946,-0.3595758598100123,0.31537383794784546,0,0,1,d5aab09d04789c3d8d34227684223a9373fa18533876d1d28ac0a1a5a4bfcf27,fb77891d2ee42b33af1d9289eb2389cb96668b39833bb8859deda3c99cb01926,7.390063233965673
confirmation,2033-164914-0002,test-other,2033,OPUS_VOIP8,16000,120480,True,-23.82451748305547,-24.600068245196663,-0.7755507621411905,0.6846975088119507,0,0,1,d849278a5732d3b0874f6ba7dc482a6fa4a86bf11597b80910ec08239293afd8,545d3e76d36afb92bb9b79b82be532a1f46df83194463a427e61554520cad4ac,6.858964143426295
confirmation,2033-164914-0004,test-other,2033,OPUS_VOIP8,16000,68880,True,-21.876116845294472,-22.43337068061895,-0.5572538353244767,0.8505610227584839,0,0,1,c8920b2cf237a4b7f630462a22ed9f59f3d827eb8f5fe10f1089764bc1cef04f,2e3662b2197f092fceadfc6d75e29978a033431f1f1d20230b862ed9ba98c96c,6.857142857142858
confirmation,2033-164914-0005,test-other,2033,OPUS_VOIP8,16000,56160,True,-28.24918808008812,-29.19069350917408,-0.9415054290859555,0.4937034845352173,0,0,1,3219f168aa13dc894f3bc26731d259c16db57d3115365e698ab41cd31a2b87e0,922f7d779d081bba31fa89278318415f741f90c8b92b1e72b13298d095dfc3fd,6.516239316239316
confirmation,2033-164914-0007,test-other,2033,OPUS_VOIP8,16000,71360,True,-25.841325461013483,-26.302167441441206,-0.460841980427723,0.5412827134132385,0,0,1,63ba67e0729232fc4f7bd72d57018e7def13d15207ff43b2111d805c61139075,a62c70939672e0c0806b299f20e02b1718cfe454d85ea86b4268fec5ab03e593,6.7910313901345285
confirmation,2033-164914-0008,test-other,2033,OPUS_VOIP8,16000,276160,True,-25.836247657503208,-26.703150773709325,-0.8669031162061143,0.5557680726051331,0,0,1,6298aa472a82247a56e4ecba023f780605d0c64e7051996ac1a0eee8d8b94494,bc8893377326f88da64328c7ebd15fd335f50f9c429936e9651e429f06712bb1,6.76523754345307
confirmation,2033-164914-0009,test-other,2033,OPUS_VOIP8,16000,111040,True,-23.72781673522779,-24.230306849389372,-0.5024901141615825,0.6136953830718994,0,0,1,f1c573a54e58022440e0009dcff0df69a9c1aa27be682f1962a8c3c8b610e8d7,1c7a6ac0fa1cae5fc412f61129bddad2cf915758caf2ca456e480be7123f7f32,6.977521613832852
confirmation,2033-164914-0010,test-other,2033,OPUS_VOIP8,16000,167040,True,-24.373886931776422,-25.076350929841706,-0.7024639980652838,0.6505574584007263,0,0,1,b51e7d2be75395d1a9d1d58183368c1bd75e6831b79c4aec96486fe8c17edbf4,fa1cb6988e41625f9f4012966e526242b7f8317806eb1cc0082294fd26f7d042,6.950957854406131
confirmation,2033-164914-0012,test-other,2033,OPUS_VOIP8,16000,50080,True,-28.388148309962528,-29.07798814468569,-0.6898398347231607,0.28897812962532043,0,0,1,5a99186b656138bee932ea9810b09809694d695e8c9a28b5b1a1609bd6b96265,0201e1ffc6f65ee653896216850d9791d62383c9059d14671b57a7c810a88993,6.627476038338658
confirmation,2033-164914-0014,test-other,2033,OPUS_VOIP8,16000,183680,True,-25.925557553778688,-26.447869221225293,-0.5223116674466036,0.5948107242584229,0,0,1,a0653e8c80de6f37620bc5c71b8532519d0d84d46d545d6f66f0f93de1808de5,20cc3cf0bc66d6ac87b7ed33cbdc2c9894142bcfbe9555b24df0ac4bba4fa75b,7.023693379790941
confirmation,2033-164914-0015,test-other,2033,OPUS_VOIP8,16000,218720,True,-23.348580633581566,-24.18243738767504,-0.8338567540934705,0.7010457515716553,0,0,1,4f231a499deca26970b8942e759d738ff1b4337554666033ea2a499e7b87e14b,2e58da748cf74362e6ab2e1a173b4bf39063efc52ada5c49a6075c29fe771654,6.919092904169714
confirmation,2033-164914-0016,test-other,2033,OPUS_VOIP8,16000,270800,True,-22.968285175395337,-23.52293835706788,-0.5546531816725454,0.8278853893280029,0,0,1,87882eade87c3ea62cbbaa8306edcb7994f4ed04d8103c0181e593bdfb306695,a10eef1597e8780463d25b2b61cc5f44f3939688f69e534175426a3ec870a3af,7.103338257016247
confirmation,2033-164914-0018,test-other,2033,OPUS_VOIP8,16000,239280,True,-25.719682200130055,-26.338975738726326,-0.6192935385962716,0.7766141891479492,0,0,1,1801265196e49825b7df76dd7846792cc4007e6809629a7b9fe56f65054b2a71,c1cc186f56fd5fc455f451dccd8dea28f1c9626d41088c8bb4911d3cc9696845,6.88732865262454
confirmation,2033-164914-0019,test-other,2033,OPUS_VOIP8,16000,97360,True,-27.343914958241164,-28.05182557754316,-0.7079106193019967,0.5067898631095886,0,0,1,da1057b987ee9acedb11506c6c8f548ebba87813136ef8f7128ed9fec81c5114,9af1c69d955ad04186d5bcbf7e9d80b83a4de618c6a60587e329dc641d025b33,6.574856203779786
confirmation,2033-164914-0020,test-other,2033,OPUS_VOIP8,16000,160800,True,-27.86619932162131,-28.551975101163173,-0.6857757795418631,0.5515276193618774,0,0,1,959a2ab4f3a9ce709bb9870294a30413f4e7b96030e1bb3c40f91f4698978843,bf9e5cd27b7e1b506c1b3d07a1973a4a09df8496f87a972ca45c019445a9d01c,6.676218905472636
confirmation,2033-164915-0001,test-other,2033,OPUS_VOIP8,16000,143040,True,-25.270783243265477,-26.823756412081842,-1.5529731688163673,0.5105098485946655,0,0,1,55a901a79eacd3ab43cfb36a84d41b7c88d0a41d32c4aab17cf3ba1d94453153,dbb11aac71d258b2583418d6f3cfdd5413ed2ec7c607f6784e911f9e565df7b4,6.932438478747204
confirmation,2033-164915-0006,test-other,2033,OPUS_VOIP8,16000,348320,True,-26.689799112905828,-27.558816265024106,-0.8690171521182766,0.5540209412574768,0,0,1,49b712c89e7908c214380cfbdb127b83e756515377f8deaf5775033b08b0b74d,47cb1131d0bdb51a61a468973e832ba1450286278e187c78d39405b81967c535,6.9240238860817644
confirmation,2033-164915-0007,test-other,2033,OPUS_VOIP8,16000,217680,True,-27.44923470701484,-28.12677418714648,-0.6775394801316399,0.44151565432548523,0,0,1,ad658cca7ebadafc9d14ba77e9f0a8bd1c09ee607d2efe30d57cfd025011c5e4,e5a143027bccb9542eca2e99eec711de771861764e9783b6fb03aa91e94f59c2,6.982726938625505
confirmation,2033-164915-0008,test-other,2033,OPUS_VOIP8,16000,163280,True,-27.06402314317163,-27.762713043509724,-0.6986899003380918,0.44122499227523804,0,0,1,673ac15282de535837f9acd29f961eabf6ab8808ba0e90cb1c757e5c9f590f29,c5c8623339dc9229d39c2c237c71d709d19fe85c48f1a9879666c8d4a31936e4,6.980107790298873
confirmation,2033-164915-0010,test-other,2033,OPUS_VOIP8,16000,142240,True,-24.17862839705718,-25.080255556507094,-0.9016271594499117,0.6516050100326538,0,0,1,6190fd381c00f295cbbdb0648eb2d6fe4ac55433a2960dd9d2bde1238df2a071,055ab5d996c53cae681a2a9db2ffb0b6f9c7c2118c067db90de5fd1ded8810ad,7.049718785151856
confirmation,2033-164915-0011,test-other,2033,OPUS_VOIP8,16000,112640,True,-25.73948510436869,-26.523840228050872,-0.7843551236821826,0.48171108961105347,0,0,1,24a15794409684f450643761e59b1c9bb2fea1b1029a128b1985a773f6e30f8f,57492e71fd428b8cd490b69244fd53599c5d063e06d099438cef2ffc5f6940d9,6.913636363636364
confirmation,2033-164915-0013,test-other,2033,OPUS_VOIP8,16000,284800,True,-22.902915152853463,-23.565543423805817,-0.6626282709523543,0.7624831199645996,0,0,1,5988952b87d030a50dd8df181c4b2c98b2fa58a6ac9a5770752db8463eb6a169,3e4882078b234f71d98c8fb5307371371f476b66e02a13ea68f394b151a8cd6b,7.0035955056179775
confirmation,2033-164915-0014,test-other,2033,OPUS_VOIP8,16000,114560,True,-21.93651660384962,-23.145206155287,-1.2086895514373823,0.7863312363624573,0,0,1,8d2e81c3c3349b35ff934423f77103a29b9e60047fde3acaae49753820637840,c72106ca56869a600df4f7456dedee4f09bdb4ebaf8d879b9eaff65167a4056c,7.175418994413408
confirmation,2033-164915-0015,test-other,2033,OPUS_VOIP8,16000,224801,True,-22.65336438367168,-23.383200568688753,-0.7298361850170723,0.731998085975647,0,0,1,2fd71dcf7d3045c3330e854977b9ab339559e925af840764a655cce5ccf1eda6,bf63defba825ba3978d50ea362279881b2653248528f4a0fa5dd08ae42c44b4e,7.087228259660767
confirmation,2033-164915-0016,test-other,2033,OPUS_VOIP8,16000,162800,True,-23.956817073442043,-24.78490317259915,-0.8280860991571068,0.690544605255127,0,0,1,5372f23c880191ea388a9a957210a65dcab235740409d361416fd24b0011331b,651dec13cabb479fc4d8e1884bd18f3f500d572466f27c6914c62cdc87edeff5,7.112334152334151
confirmation,2033-164916-0000,test-other,2033,OPUS_VOIP8,16000,127200,True,-24.717464761982587,-25.33622003252461,-0.618755270542027,0.5554094910621643,0,0,1,e3eba431f0063dcf3fdfaaea23e9ae7103a5801a8ac1c07168b757986fbb2dd4,0cda6f91007fee1409ab8986d7bf6cb0c8a21456ff3e88073a0afcbc913d6475,6.947421383647798
confirmation,2033-164916-0001,test-other,2033,OPUS_VOIP8,16000,392960,True,-24.362982964306617,-25.01354509816445,-0.6505621338578355,0.6511459946632385,0,0,1,00e4024c7b3265393e91dee8b1de5e1e607f16c0aac2226a03e9a4f676f61a56,da4b0bccbb5f92149ea032558a5eceb4457aa2ea44bd4441ab7efcdaacba6b75,7.147882736156352
confirmation,2033-164916-0005,test-other,2033,OPUS_VOIP8,16000,298079,True,-24.699750304991714,-25.319849498144098,-0.6200991931523863,0.7179734706878662,0,0,1,68da86f1459a6a411a8cc9ac833ee6625cf695761cffd1788bb757c232673459,9ca2016bb4bbc27b24394ec6e976d4e72891224fb6ca1de13f9e6f2a1cfc61ce,6.8977150352758825
confirmation,2033-164916-0006,test-other,2033,OPUS_VOIP8,16000,44160,True,-23.465579922649262,-24.762999243770537,-1.2974193211212777,0.4709587097167969,0,0,1,f0757ec82f133a72caf66eeccb38d44da19dd26269b41e20e3a75eda43e7e3e2,d86e72d003227627e9b9a87e5dd25622727cc1c2b82a8add3a7c07728f423937,6.773913043478261
confirmation,2033-164916-0008,test-other,2033,OPUS_VOIP8,16000,233120,True,-25.699673780781076,-26.359881422277027,-0.6602076414959529,0.6572001576423645,0,0,1,aa5ca0711b167fec47d675ac1652c2fc1fb4431695dbfc388a946a15d7cd595a,a3d37ac4a4f78c71aaf4b5e51820e140b8f4b7171a38ebfe006e1d3d4ad06c04,6.681125600549073
confirmation,2033-164916-0009,test-other,2033,OPUS_VOIP8,16000,264640,True,-24.687929862637255,-25.228180838009912,-0.5402509753726541,0.5655063986778259,0,0,1,293a15076d2704e57b1958cbd416fd28707293286471e31e5abc793169519aad,13b9284d84d0d09e8f76a012c4470545970803adddb19b30c07d2c41e0bd39c0,7.005078597339782
confirmation,2414-128291-0001,test-other,2414,OPUS_VOIP8,16000,135040,True,-37.33473069457544,-40.71920631008973,-3.384475615514288,0.20473712682724,0,0,2,8f6ab6ded5376bd164739903d31f4f96e8cb70810471ab0ebf06b75fd05815f6,b33682cc955072cc1c4c1486c9e0a02fdf21827d2a9a1b401e440c0747a0c861,6.470142180094787
confirmation,2414-128291-0016,test-other,2414,OPUS_VOIP8,16000,71680,True,-31.55128290653984,-35.85526754659863,-4.3039846400587916,0.2668877840042114,0,0,2,083769ad8faa44ce37f602b9b80a76070bbdd1715c066f3f21f329a1c228979e,99ed3281ad21f08016c70dc7806115ed456f5f1dbd7fe5e25551d596a3df0481,6.535714285714286
confirmation,2414-128291-0017,test-other,2414,OPUS_VOIP8,16000,171040,True,-31.844627169010767,-35.35656183551687,-3.5119346665061064,0.2670634984970093,0,0,2,31df8ae24596807c7ca24f0b2d204a868df5fabcf83699eb7337a2742a5fc0de,7ce9aea332ee3c809e2c5897b6f5f97a66bf7ac244834a200e4fb3cc868305e5,6.560898035547241
confirmation,2414-128291-0018,test-other,2414,OPUS_VOIP8,16000,136160,True,-34.50373780421931,-37.43210063903861,-2.9283628348192985,0.20328593254089355,0,0,2,17c23c5b503e9b58e9ac84af51ac8a79a78ad3d435237d3919bedebfc74749d9,e6a3108ec7ea1cca9c122aa56fc855e9078c1d7a0f40229b5d83876d6b7ec00a,6.743125734430082
confirmation,2414-128291-0024,test-other,2414,OPUS_VOIP8,16000,35920,True,-30.82506559727129,-32.37018283484143,-1.5451172375701403,0.4437309801578522,0,0,2,57d99adf4da8b7ef7c9f5a489973f437be341a75f389ea67e2e4d963af0720f3,d3f2b2f06af89fb95117b9805f0d3c402633cb34e4831cbb78d829258595985c,6.5282850779510015
confirmation,2414-128292-0000,test-other,2414,OPUS_VOIP8,16000,72320,True,-34.96475623496472,-38.27637484813438,-3.311618613169662,0.28047075867652893,0,0,2,ac2eac0de1f1ebc248eeca17b2e6177d1c32fe619079f03ca53c977ad81a79a4,73d62f054d8836ff46230d6858e8c1e7d5daf642aa0c03c5ee58659b8a883ff9,6.3858407079646025
confirmation,2414-128292-0002,test-other,2414,OPUS_VOIP8,16000,41440,True,-35.63460979947618,-37.887369631765075,-2.252759832288898,0.19664672017097473,0,0,2,68f2117d636233403f4eb2f8b0e7e4cdc0bb40dd6d90e4f1785da740e7207874,0a519bb85c501f0917e4a6eedff360305c84ecdbbcf6211de71dfb3640d728d4,6.446332046332047
confirmation,2414-128292-0004,test-other,2414,OPUS_VOIP8,16000,65520,True,-33.93201386899407,-37.140611191985826,-3.2085973229917575,0.20399825274944305,0,0,2,71ac76a63183183ac6d0ddbbfc98df0659f2bda48e01a4036696e62f46556108,b6d3ff41a1eb7bebc8bb17be1d1840b22c01a3a72a76b589fae938b8173fb1c8,6.601221001221002
confirmation,2414-128292-0006,test-other,2414,OPUS_VOIP8,16000,104721,True,-32.0336598532037,-35.244117071774866,-3.2104572185711646,0.2674444019794464,0,0,2,d86a75e861297d5e745f61978f97f755dc3e536d08dab75da7d41d6b82db026b,b2535156d7580062f69e9cc181a927eef2bc07a14c6797a78bbcd69b6df9c0a1,6.894968535441793
confirmation,2414-128292-0007,test-other,2414,OPUS_VOIP8,16000,69120,True,-30.736957852973884,-33.36366954507815,-2.626711692104269,0.27987971901893616,0,0,2,a1f953d404e63db29054cb3ac47536a42f02492ce1fcb943b2465e376f99bad0,4fbbb24eb85ba7ffb3c8f2b32e431995b592448515a862febef4d8a4603618ef,6.794444444444444
confirmation,2414-128292-0009,test-other,2414,OPUS_VOIP8,16000,210000,True,-32.263559321200155,-36.14427363669828,-3.8807143154981274,0.32543790340423584,0,0,2,a1c0579b7c1bcfd04cb093f332328eada810a07ae17203072a4a1266204e85cd,60027026af94a31e4f59c8bd4bb6450ee8a478dc712f264dc6216ca903b02e34,6.77607619047619
confirmation,2414-128292-0010,test-other,2414,OPUS_VOIP8,16000,68880,True,-33.48841006973589,-35.9499693487288,-2.4615592789929113,0.21411244571208954,0,0,2,6f6252d1e19117860a2742ba0a0ffd0610c23ebecec0455ff16cb98837356a87,a7194d9bf59b919e892ae56e4b961954722680f7ed4b8b0027d94b28ebee2020,6.751219512195123
confirmation,2414-128292-0012,test-other,2414,OPUS_VOIP8,16000,43360,True,-31.45885909404383,-32.66558973651578,-1.206730642471943,0.3727186620235443,0,0,2,e5eb9847e6265cfd26dc8bcc978674450e6c9731ae320c8d6e3ad45b4ebf0f3d,64ca73031aff0c83e300dbc2a1aa0c0d00ae1a8861d196c1dda70e37cce1b0d7,6.314391143911439
confirmation,2414-128292-0014,test-other,2414,OPUS_VOIP8,16000,72560,True,-32.32822890205516,-33.87974577475334,-1.5515168726981734,0.40499189496040344,0,0,2,69cdd6d51a2c35de30b1795b6e78c7f2603cb5141c388e651319a8c18bb1794f,b149b399ecf982730b447c4dd272c676f04b9b8a865bd9ad1328fc9e639975b1,6.421168687982359
confirmation,2414-128292-0021,test-other,2414,OPUS_VOIP8,16000,47120,True,-29.79950872761147,-35.38660059953473,-5.587091871923263,0.23291441798210144,0,0,2,269a14fb5c8805304e91a26517ec6eb7b964759e19fa8910af8af23b64d91112,588e74225585c87dca99da8a8b9bbc8e7d0858031109a7e59702993c57d1420a,6.821052631578947
confirmation,2414-128292-0024,test-other,2414,OPUS_VOIP8,16000,39200,True,-32.477370624123495,-34.9238096166331,-2.446438992509608,0.26145800948143005,0,0,2,396bfd6ad9b3c307ef9c4affb73a80b9adfda74393f0e435a4e3321a678b12b9,9538366c5bb8aba341d0768843be7472961821c9a24671708f99b5efa41d8ebe,6.507755102040815
confirmation,2414-128292-0028,test-other,2414,OPUS_VOIP8,16000,129279,True,-32.96806254117994,-35.26415433350162,-2.29609179232169,0.2851392328739166,0,0,2,ce78f1beadbb253b639a2cf87cb97258e9df16cfb98142d91d53856495fa9f51,04f012d262aace9a46c445c8bbd0a80471db9166a958b975b0194daa95038b70,6.498070065517215
confirmation,2414-128292-0029,test-other,2414,OPUS_VOIP8,16000,100801,True,-33.4636005276042,-36.23575566107942,-2.772155133475226,0.23918800055980682,0,0,2,ff8323e3238e2cb9d8db06d9cd2aecd91d2164dc71fd230c0b94fa8b3df20cff,92f9329d3d06628d89969692a28f81abc50e32b342abe4bd3ccf0e5ea155a7f5,6.68056864515233
confirmation,2414-128292-0032,test-other,2414,OPUS_VOIP8,16000,58000,True,-31.799683070198835,-34.2674192103823,-2.4677361401834697,0.2814527750015259,0,0,2,e3b9b4e3e62ab4762af5fb8f5cc9ceb802c2c8a5f8b9baca918d5720db75aced,8218dd5156833cf4561695503577fe800bd3ac6655bc69808477e66a8e7c0e3f,6.759724137931034
confirmation,2414-159411-0002,test-other,2414,OPUS_VOIP8,16000,104320,True,-33.23506155440745,-36.23382501539201,-2.998763460984559,0.2643909752368927,0,0,2,63ac0ad77f96ab651e23d8f6722d1d9634db61436ecca65357ad338b5114b923,a586bb5a42baacdaeb843fa16371bd6d6b6d101adb4c54ec98d80c9f7035d8ed,6.604907975460123
confirmation,2414-159411-0005,test-other,2414,OPUS_VOIP8,16000,215680,True,-34.61011638688813,-36.74495697226773,-2.134840585379597,0.39776375889778137,0,0,2,703ed7d9371aa4c775c1e3e1d876d3b7015f2189093254a1dbebd8fc6429d7b4,695d1db6ef2967fffe142c73d20935ee16d7958d61c325ff36c293864d7320c2,6.5044510385756675
confirmation,2414-159411-0009,test-other,2414,OPUS_VOIP8,16000,88800,True,-34.463925262741235,-36.492380869260494,-2.028455606519254,0.2983857989311218,0,0,1,0120dab537fd3b0d05035fbc37d2d1cbf91fe3cb47262b74a612e3113f59a10c,34d7f3ce7fe0105aaed118e39f7ca6c35313c154e0d501c3304c560c2f4a2abd,6.63063063063063
confirmation,2414-159411-0010,test-other,2414,OPUS_VOIP8,16000,109040,True,-33.999743595442524,-37.906392407395145,-3.906648811952622,0.21930941939353943,0,0,2,76f6cc0eccfcd2af769d7101080c7f3a21840b7e6054f85732627ebcb31d6685,569954f1fcaffb78bb4b5a1b6466b828451ec581da77d13781112c3a47d3a28b,6.388261188554658
confirmation,2414-159411-0015,test-other,2414,OPUS_VOIP8,16000,58960,True,-35.22282702766864,-38.07566461061779,-2.85283758294915,0.22632034122943878,0,0,2,43205c3335ca083d78b8c03e5989e851de5b7d93cb896a41ad5ce38646d6d88e,097074ffce773339ad9260930574eb77fd8c1828459d3a0325026ddf2077bd4a,6.5259158751696065
confirmation,2414-159411-0019,test-other,2414,OPUS_VOIP8,16000,135440,True,-34.52000202801947,-36.78677553601655,-2.2667735079970783,0.4590427279472351,0,0,2,9a4d01bd3bb5fc50c09c96e0f7481661c7311d2adba478b101e3c25652a905be,8f005df57467a143f315188e1d0e5bed50f1cae17f6da56f55e790db008eabac,6.606969875959835
confirmation,2414-159411-0020,test-other,2414,OPUS_VOIP8,16000,175200,True,-34.61783621848008,-36.68691202193576,-2.0690758034556813,0.2509640157222748,0,0,2,c2b942cf17e8b2e53e8a170dfa6a34aa0871aa5c9b0a07717bcd110bbc966987,b18d8dd5ae5c834d571345e986fb7a547cdbd1f75c2e416cc4fd62a13d249639,6.766027397260275
confirmation,2414-159411-0021,test-other,2414,OPUS_VOIP8,16000,39840,True,-34.51761772134079,-39.43744251764997,-4.919824796309174,0.24482694268226624,0,0,2,2ed19f69dcf5438848e34415f0a0dea2c0142c226e1051e540f80c409cf9ed1d,8dc13c4bd7c467070ce1e94718bf0e073a03ba1b7e221e4dc389f57107a729fb,6.316465863453814
confirmation,2414-159411-0022,test-other,2414,OPUS_VOIP8,16000,156320,True,-34.89701564361085,-38.498261660610304,-3.601246016999454,0.22413370013237,0,0,2,c4e93c1bedd9a2392093e2bd7dc9a8e7b8131ed463a7f4ef084dd2f8fefe19e9,13ef1ac5373a2a5f75cf250a39f02a30fd215c6d192dcf020e374e5b6ab4e055,6.448311156601842
confirmation,2414-159411-0023,test-other,2414,OPUS_VOIP8,16000,36640,True,-37.17203175934129,-41.392692009162786,-4.220660249821499,0.09369641542434692,0,0,2,688f02729a4328c8d5ef431c1aeddb0f4d18d8ded9e58f14650418474341de71,ecc889c67f0f8c363d9ed48d5dfe69089121dfd10924fe9f1c4be02d688097d7,6.120524017467249
confirmation,2414-159411-0035,test-other,2414,OPUS_VOIP8,16000,59120,True,-32.35784754830722,-33.96688405799623,-1.6090365096890102,0.3507983982563019,0,0,2,11e1cd94bc9207b72bb135c320bd615743ebb9f7fbbb4f4f06187308432fd589,7d84809f2079fc2011bbb50916ef54dbfaed75b3fb7982050faaaf7c8ffafc1c,6.655480378890393
confirmation,2609-156975-0001,test-other,2609,OPUS_VOIP8,16000,78160,True,-25.004202933648617,-25.898046409843474,-0.893843476194855,0.5992511510848999,0,0,1,3f4531f279f0a8efe1450eefca0bf0c13d446cc2ff337a98d74440de919d8dc0,2cb0ea82686f0fb4794a8becf252ab1cbbfdbdabbbf16d4ef2fd4b54c03f4cbe,7.046878198567042
confirmation,2609-156975-0002,test-other,2609,OPUS_VOIP8,16000,171920,True,-25.674685890417457,-26.654004142258078,-0.9793182518406202,0.4347153902053833,0,0,1,f6a8928e28117398d0abfefd759827d83d2f6a9b702114e1f6987bb0eb760492,0e2f27a42158a09c3ec1cf1f62df573fa07e02102fb87909c82ae9385ef022be,6.977757096323872
confirmation,2609-156975-0006,test-other,2609,OPUS_VOIP8,16000,168880,True,-24.87003795095413,-25.869502724010562,-0.9994647730564298,0.5019457340240479,0,0,1,cec24fc11344821ee7767b1a6170adbeefccff9564c30adfdb6a06142fdbace4,ee5db35dc9effdf8495d8f666ecf4139cd401c0aaa58addc92de89d58021a637,7.261771672193274
confirmation,2609-156975-0013,test-other,2609,OPUS_VOIP8,16000,108960,True,-25.817692615277096,-26.900875355787647,-1.0831827405105467,0.3774661123752594,0,0,1,3639cccaa4235b2fae91f04e7b603093ccc20e484aba4de9b4acb6ac6fd3d9d8,5cf67e5a47e56b6ebcd4259ca19537afcb1c63884ee930b56e185599e5b73455,7.330396475770925
confirmation,2609-156975-0014,test-other,2609,OPUS_VOIP8,16000,48240,True,-24.45768786539024,-25.603528089392974,-1.1458402240027312,0.4098801016807556,0,0,1,1fd841693ddde88f5a39d7c41dba732fbf8924ae8dc600415b2967e060d283a5,7c18ab52604e232477089e97da5834b59105afe3ccfc6867ac02c944f82dc73d,6.957213930348258
confirmation,2609-156975-0016,test-other,2609,OPUS_VOIP8,16000,81680,True,-23.65353243666201,-24.965839781953964,-1.312307345291951,0.42420369386672974,0,0,1,877adb90417ec61bdcee1a55e9558bb0952c10eb31583ebeb7de6f1d91dc453e,eee99bfa2233e5c3b48e1af30d1189a631ca1e68faa72863f16a45ad6105968b,7.595690499510283
confirmation,2609-156975-0019,test-other,2609,OPUS_VOIP8,16000,122720,True,-23.734998987840683,-24.78978294656908,-1.054783958728395,0.5527625679969788,0,0,1,1cf460c336fed93c98fcfeb2a40f8b004626f4bffefe6c72bf926698fd5daaad,8f64084f625ac11efc90ab666cbd314605c42a9bd190b1695a08e82f91441a2d,7.386701434159061
confirmation,2609-156975-0020,test-other,2609,OPUS_VOIP8,16000,44160,True,-21.93907785003555,-22.79775290058769,-0.85867505055214,0.7789174318313599,0,0,1,68b243d7772fe89d6074e74f5a0c7d1d880478c621df290ccb5e855d0ba1d394,7f07b5df56602122ff097ea5a358a2ced3897176cf6946cd76516c8bfd79f90b,7.142028985507247
confirmation,2609-156975-0022,test-other,2609,OPUS_VOIP8,16000,216080,True,-23.15354331404692,-24.0253823822071,-0.8718390681601733,0.5256541967391968,0,0,1,9789e88fdb13bb79cf0df0e04a0f5250dcbdd96b1bc084fd3a01183e3fb61e18,e22eb70d6b0d9dcc157138190042a4466d0937b576b51c2aab5b694f775bc220,7.226360607182524
confirmation,2609-156975-0024,test-other,2609,OPUS_VOIP8,16000,40400,True,-26.93856886742399,-28.447745000096106,-1.5091761326721163,0.2655037045478821,0,0,1,6924edf64528f2c3cf79cfd1e4dba729fb59813950dd27815089f4627e4f035a,1191ccb73acd43bb12989b05314543eb2adc4bee4852820ce4d09b1beb162684,7.1223762376237625
confirmation,2609-156975-0028,test-other,2609,OPUS_VOIP8,16000,129440,True,-22.872794779763726,-23.85985373581446,-0.9870589560507327,0.6089707016944885,0,0,1,3884f4b5e7e85cfc328e79c095cdc93c46cef4326266e066ecba9d8114683a3f,a4f0c43a146fb3c9c763f1aa0f440f262a575db4ef6663a2f531fc676eb36fb3,7.283065512978987
confirmation,2609-156975-0029,test-other,2609,OPUS_VOIP8,16000,127920,True,-23.87275959555364,-25.029993531541948,-1.1572339359883093,0.5448716282844543,0,0,1,1810840f7687e4411e68ad1d252c0b4fb4265dd4bd9b6e8d96ccded47823a485,ea775baecdaa193d931a7596c3462458fa2df3efcd16ff3a8be7964c01ea820c,7.284552845528455
confirmation,2609-156975-0030,test-other,2609,OPUS_VOIP8,16000,295120,True,-24.026048685152794,-25.214075940867584,-1.1880272557147893,0.7366690039634705,0,0,1,6615b639e24fbd3555c99d2c0037ae9cffac9a2b59301d0206fdac066a7f5b69,d796183a086ee7a8c71cdf4617d54934fab8969eb45faa3213f0bc12a47bf77a,7.320791542423421
confirmation,2609-156975-0031,test-other,2609,OPUS_VOIP8,16000,128480,True,-25.339694973344386,-26.599368763908622,-1.2596737905642361,0.38154497742652893,0,0,1,1022f5e2830e04e9a53ab16b264c2463b74299523eec4af03826a125475e95c5,68231daab0e4f22750f8629205d9d2ad73eb9c715cbf9c2257df24dc9fb8ae17,7.308592777085928
confirmation,2609-156975-0032,test-other,2609,OPUS_VOIP8,16000,134640,True,-23.707696713573934,-24.81428986988957,-1.106593156315633,0.5325188040733337,0,0,1,4e601f5cd215cfa6b920bbe44c1e76ce152d9d7db10533c26123f99be4520970,1437c90a3517f126959d2659f415eedac1d0fea6b1321712c42b3051109fe904,7.290790255496138
confirmation,2609-156975-0036,test-other,2609,OPUS_VOIP8,16000,214880,True,-23.11564684170326,-24.093993349671997,-0.9783465079687361,0.6981081962585449,0,0,1,35c669b988ce4ebc56bc56cfe2ccfe01451117988a8179c9c572a415954412ea,c8e5b2d55d2f53478ccc0f51ca94b0ce29b42e58482916a15ccd68df44a508e5,7.340580789277737
confirmation,2609-157645-0003,test-other,2609,OPUS_VOIP8,16000,75839,True,-25.24619598837081,-26.255283029760577,-1.009087041389766,0.6317322850227356,0,0,1,71265806f50a7a62614ccebb06517e9173bfe5d2636868d279832ef1bfa92c6c,38fef370903a3d1050716085907ae5e34b254df8c5e05f64a0b252a638a5f240,7.141022429093211
confirmation,2609-157645-0004,test-other,2609,OPUS_VOIP8,16000,91121,True,-24.932980101931875,-25.875727988675944,-0.9427478867440713,0.5318679809570312,0,0,1,152b22c621566931b81b73d078406a64be2ca582d54c1cead0cebf0b5eaa4a75,e0b4370ac7ef524ea713d3beaf7d83eeb235e5e5315083762c9f136fe740f529,7.387451849738261
confirmation,2609-157645-0005,test-other,2609,OPUS_VOIP8,16000,260880,True,-25.514266215007346,-26.476379079508305,-0.9621128645009579,0.538848876953125,0,0,1,17bbfbb19e32e11992b0ac435ffce730267c18c80b99e0ebeec022762cbb2d55,1c2547f7f55c711bed5cbaf2ed643cdf0ac5178b0d11b0122d1e1822a7aeb4a5,7.5147500766636
confirmation,2609-157645-0010,test-other,2609,OPUS_VOIP8,16000,73120,True,-25.539667663567634,-26.319920061350327,-0.7802523977826954,0.40831053256988525,0,0,1,5981e472299aaaa247f3a4985f5c7db5804b16bb7971079d6236255474715653,75b69c8a7ba52bd492039605742c8d74fb5eaab63a771798c479dd177c9e93ad,7.282275711159737
confirmation,2609-157645-0011,test-other,2609,OPUS_VOIP8,16000,187760,True,-25.172202170488536,-26.0756572051774,-0.903455034688863,0.6353352665901184,0,0,1,87f4e037ca22d74db7ebce7b7b10f56ad5cbc48346ec27019b6e656741221917,097bbe6bf749c5e142c0eaafb2818cab3341dd73b72273841a4eb482da2e03f4,7.13966766084363
confirmation,2609-157645-0014,test-other,2609,OPUS_VOIP8,16000,152560,True,-23.48141907200077,-24.392731704084653,-0.9113126320838802,0.5059559345245361,0,0,1,3bfdde6d75e7c87b2c3bbba0e6f72098bd6905c968ab98a89c4ec29cc3369d73,8379fcdf8b244e94bed61ea47f6907e843784991b0ad05afdc8d515e62bed1dd,7.621604614577871
confirmation,2609-169640-0001,test-other,2609,OPUS_VOIP8,16000,125360,True,-26.696141002954455,-28.206741715492537,-1.5106007125380858,0.4361887574195862,0,0,1,24aeb3d84b3f6318110a7f8d3340ff7a825efb8b6ab24f9102fc41e656943c94,4d557aaa62b32649f362fbcc61024144ee378852e45cf0884ae991bcb7dd172d,7.241352903637524
confirmation,2609-169640-0004,test-other,2609,OPUS_VOIP8,16000,173440,True,-24.766955209860736,-25.816375747113508,-1.0494205372527723,0.45889684557914734,0,0,1,fb94c036d1e8c2fdd9807c575aa57ea02669ecc0d31db6d7b132b3d19ee7e878,40ed6b56e47be4c3b87352541d83c1394d64a59c8a13e8be394924616a58ba3d,7.359409594095942
confirmation,2609-169640-0005,test-other,2609,OPUS_VOIP8,16000,112320,True,-24.946003980604004,-25.746950235915456,-0.8009462553114561,0.46649691462516785,0,0,1,21bc891bf58412da9aa756aee0dbafce7458a4980c5ed31655269b0bf6087214,8874da5261e589a3054c2cda7b8050955872663791be47c270d46b519f1e3561,7.326495726495726
confirmation,2609-169640-0008,test-other,2609,OPUS_VOIP8,16000,103920,True,-25.02517180634927,-26.364321802492483,-1.3391499961432136,0.4801945686340332,0,0,1,72e5e7625e12dcdc2b3454900dabf878c9a5068acf2280c557eb8d74e9734e6d,8bdb1a8bda6103bc5e1a6031d5b24a7603148f40c84c1c86b990838cf6276f70,7.27328714395689
confirmation,2609-169640-0010,test-other,2609,OPUS_VOIP8,16000,117440,True,-24.134854795227287,-25.75956645984877,-1.6247116646214785,0.5131291747093201,0,0,2,a26cb9a9882eb20e6b9a517fccdd0af6382a2a00ca4978a60c542ad2b405ae23,3f4cf66c823374c029b7bd31da6c42596f4ca1397d79d8bfba5a8ddd3c7569ad,7.498637602179837
confirmation,2609-169640-0020,test-other,2609,OPUS_VOIP8,16000,45280,True,-23.716863417062154,-24.963908390494506,-1.2470449734323545,0.45993751287460327,0,0,1,a609c3c18cfcef46c1da18c2a231446533b00760b907d4641ce9e12dd00b8823,24e86999f73e2642be110e65d539bdc0440917db08ab2fb0afdc61ebde022487,7.4628975265017665
confirmation,2609-169640-0022,test-other,2609,OPUS_VOIP8,16000,55440,True,-25.301271968861876,-26.011252134058502,-0.7099801651966229,0.4266309440135956,0,0,1,5a14417f0651550bec1246ad6318b4be43fa9a5edf3ad7d46dbb3f0068cc7efd,08dd0cfc654d7b3fe8cb5cc8581c815dfd8daa363f8603889a2e714bd7eac3ef,7.485137085137086
confirmation,2609-169640-0024,test-other,2609,OPUS_VOIP8,16000,135520,True,-24.848011706509293,-26.214287302101752,-1.3662755955924557,0.49561959505081177,0,0,1,75cc2f05a2853e41830b48a2ba009fed0a1d0cbf4863963cedd67e3a949ee538,b78bd9f0dc5d938bf262396708732e67b1bfd57f6cc1bfda7fd2f954c80b42a8,7.338842975206611
confirmation,3005-163389-0001,test-other,3005,OPUS_VOIP8,16000,86800,True,-23.070070002351404,-24.017826848982548,-0.9477568466311455,0.5358832478523254,0,0,1,295cca6799cd98b7bddc3036e6296fbba6795deabd9178b8d88e712a6437be4a,9dcd1c9c1d7b48ce377d5e84c51a36d4e99a73c2739cd079f4dea2846a74c086,6.711152073732719
confirmation,3005-163389-0005,test-other,3005,OPUS_VOIP8,16000,126720,True,-27.134902304712014,-28.09203794683766,-0.9571356421256473,0.49119317531585693,0,0,1,01bda191abdb8688646b933c8d2472bad70b261cd6e9fb9eb0419d58279246dc,be21bc00dd8289e7544bf7664bab9303f0d332499d5c0b2a38fff897489d4a76,6.942424242424242
confirmation,3005-163389-0007,test-other,3005,OPUS_VOIP8,16000,32720,True,-27.70664130185869,-28.767757555503884,-1.0611162536451975,0.3110347092151642,0,0,1,2def62046ae1c59ed219b76dd68a3f26e3890a647f0fb1fc3a8c56326e4f8d0f,90d822dcb43bb624e413caafabad7b79f7d8f67010dd3d4dacad7cb1517739bd,6.564303178484108
confirmation,3005-163389-0014,test-other,3005,OPUS_VOIP8,16000,219200,True,-26.29422263799183,-27.567107435293728,-1.2728847973019017,0.37947317957878113,0,0,1,21c95a3c06be38deae063bb169762f2e1c452575179ba862aa3c9d0e8451eef7,6aa69c4412c4524f7e97907ed3db90c45af06dea1d2a3a5c69adde16d41be753,7.162043795620439
confirmation,3005-163390-0001,test-other,3005,OPUS_VOIP8,16000,263440,True,-22.098680531418236,-22.83708470130155,-0.73840416988332,0.6434632539749146,0,0,1,e98d751764620591e66b71e38a4d6eb2df80afe46c8dc80b960a822b099793e6,a3a04220f42024f0a941902fd447761217317dc9c7c32a29132f4166ef6df808,7.140479805648345
confirmation,3005-163390-0003,test-other,3005,OPUS_VOIP8,16000,35200,True,-22.378067616851443,-23.011227996530607,-0.6331603796791608,0.7383157014846802,0,0,1,8f2d4c8df99702f2fbeb56e61f65aa581665b6f602694856a2fd3f8827ffc8d1,57963a1b8cb6fa5e82739852e2a21450f3d82d85a3c5c68ccf808d2d9bb9e266,6.8145454545454545
confirmation,3005-163390-0004,test-other,3005,OPUS_VOIP8,16000,43520,True,-18.483654216196705,-19.13427288237854,-0.6506186661818338,0.7155768275260925,0,0,1,d0e76c5b5381e48a444608fd90827cc28b14445da9d0802eecb918c87369e70b,5b17d2a4e16924713047bcc8eb4d2573f3b84d672af2fda435e14ac94d926f5d,7.13235294117647
confirmation,3005-163390-0006,test-other,3005,OPUS_VOIP8,16000,53360,True,-22.875735118185364,-24.32212459622488,-1.44638947803952,0.562608003616333,0,0,1,3a603a7ea2dbd8784fa4b9d8ff434136b944b0f6c5dca7b6a306d3d722639bb2,fd17ec7d06f2adf8cdd6f030eabcc9f89bc875d01bee07c68d9003e38b532d52,6.740629685157422
confirmation,3005-163390-0008,test-other,3005,OPUS_VOIP8,16000,68000,True,-18.295018657305825,-18.675913821645345,-0.3808951643395173,0.9596843123435974,0,0,1,48c6e7404a415513334c56925f65e84b47d41a6c988366acbc33df14c53498d3,5e5cd91ec6677a5f78d5f1c8cc81140fb7e16d8c04917a4c7330f52174b476af,7.0588235294117645
confirmation,3005-163390-0010,test-other,3005,OPUS_VOIP8,16000,69360,True,-20.87411736844292,-21.74487476949892,-0.8707574010559983,0.5798036456108093,0,0,1,912bc8a31de89440110be15db5bb36c10eb9a35591e1b49942593e124648c66b,94f7196af23ca767fe2d1149e3757fd6f1d181430e90616a95ebb83d794ac849,7.147404844290658
confirmation,3005-163390-0011,test-other,3005,OPUS_VOIP8,16000,41280,True,-21.492480640444658,-22.750894506230694,-1.2584138657860375,0.8332585096359253,0,0,1,ceb5e26d47f3be75afc9b32b67f2ada766299cf613044c6e9145d917bc75cacd,b7e7328e087b9a651018a144eda2b281d911d7ab00da1da5c756092c51ed071b,6.747286821705426
confirmation,3005-163390-0018,test-other,3005,OPUS_VOIP8,16000,87360,True,-20.97567170491102,-21.562408487961775,-0.5867367830507618,0.8257149457931519,0,0,1,1696e33fa10e360f90d749e1c7894c40e05b1df0c3fdf58c251911880b2de542,920d90248235b87c5893c590c270e38f3c5cf0b92b476003ca003e00cd17752a,7.18095238095238
confirmation,3005-163390-0020,test-other,3005,OPUS_VOIP8,16000,80880,True,-23.032404173969987,-23.897666221736706,-0.8652620477667218,0.6013975143432617,0,0,1,11d64ad9d8b890f1ddf48f6ae135fbd96b2fc4a16dee341bd73fe40b2f9cce83,e568a2298cd1a4a45246c5f5ba059e97126f0b72f96d1d2a1ac574a38d365aa7,6.7924826904055395
confirmation,3005-163390-0029,test-other,3005,OPUS_VOIP8,16000,43760,True,-23.98688117006012,-24.698114570083685,-0.7112334000235623,0.5127903819084167,0,0,1,125bd48e75fa213ccd05acee962d24bbb20290ebd9d23502c7dbb6765e4d19e3,f51eae874138a631f93f7fba92e84040d9ff08fbb68aab764e9c468465588a75,6.8036563071298
confirmation,3005-163391-0003,test-other,3005,OPUS_VOIP8,16000,62160,True,-23.94616590061922,-24.95000989101847,-1.003843990399253,0.7743372321128845,0,0,1,55c51c5b88822b61f7a89f7c8729d23d02ca5cb33cbf1d81c65756a5f447086c,efc9468720cbbb88cb72b804524e23266d3515fc8b12884adc23b3f2f96270b8,6.873616473616473
confirmation,3005-163391-0004,test-other,3005,OPUS_VOIP8,16000,45280,True,-27.1085338978737,-28.013943177831983,-0.9054092799582846,0.291597843170166,0,0,1,d785cf5a1d104c5e35e30b13da9af55b94b318e0a184992596f01c03c5b94263,24bae96d8d7d5e84d70f8e303ffe8c24604dca9684f724e9f02ea0a0467f5853,6.857950530035335
confirmation,3005-163391-0006,test-other,3005,OPUS_VOIP8,16000,60240,True,-23.468351546231133,-24.43456748640649,-0.9662159401753544,0.600049614906311,0,0,1,a80e3038bc86a8bdca6eeff24e4810f381aa5aa97c0be22ff89e35d651cbe566,3b97078a8f3e94ec6e43340254e903b71c8f030ac0c6f17d970576d2f5983067,7.06082337317397
confirmation,3005-163391-0010,test-other,3005,OPUS_VOIP8,16000,171120,True,-25.724730377027708,-26.686096627457793,-0.9613662504300814,0.4542315900325775,0,0,1,79bff8c6c6a2bae456ecf75ceeaeb08f9b0ebb172df04ac41dbab318742efe45,e3b9e37b1031639144dce6d3958f82c3caff4718121a676d7620d704a03defcb,7.112856474988312
confirmation,3005-163391-0011,test-other,3005,OPUS_VOIP8,16000,232960,True,-24.225124018225358,-24.946422160068025,-0.7212981418426643,0.47837480902671814,0,0,1,6e5e457246f26679120b8a55c304ec9433b8e963ef017320f7b4e32874b24d36,f657749e534e80109b931dc5e6d118d840a1d0c4764df7c09fec7b6cc0c465b4,7.208241758241758
confirmation,3005-163391-0012,test-other,3005,OPUS_VOIP8,16000,73520,True,-27.999608924136325,-29.30610499882026,-1.306496074683941,0.2788717746734619,0,0,1,82774637aef08d8dc95132c0ddd776737a170f5e78da6323f5ebe1a4842d11ed,8a9e3cfb4f393f7cf49807487e2e6ee29fa2e71471e5d5c186080b7db4550faf,7.072034820457019
confirmation,3005-163391-0017,test-other,3005,OPUS_VOIP8,16000,68320,True,-22.935999070762914,-23.79177948121964,-0.855780410456728,0.47097137570381165,0,0,1,f8aef6b44747d95e131023424076b71e1b9ae12d3abe0d7a03c7bb9a862de5bd,d6c6aa82149bde9b8eda0828b01b9a0e4f41844a59b9dfeefa4e648e125a772e,6.9264637002341924
confirmation,3005-163391-0021,test-other,3005,OPUS_VOIP8,16000,82400,True,-22.455404855536752,-23.335233111889057,-0.879828256352308,0.5007601380348206,0,0,1,73e8fc4c6cc3d43aab5ac4c931b810964ac38852e7f1a3c5bf945754a611700a,cf84639533933adda53dbe9f080a888fd3d90929c63ddb410a52fd29e45e9aab,7.063300970873787
confirmation,3005-163399-0014,test-other,3005,OPUS_VOIP8,16000,84560,True,-25.1642412166534,-25.82512049114971,-0.6608792744963119,0.5278331637382507,0,0,1,368170771cd583ad4cf0d441dfd11ef3f99c41cbd9cf73f042f46c0491514951,6dc5fb13e0a6cdc0055fc797716ff15b452bc87efa495ac0e565a6f312e4be04,7.271901608325449
confirmation,3005-163399-0015,test-other,3005,OPUS_VOIP8,16000,80400,True,-25.67314130311125,-26.376778310638123,-0.7036370075268759,0.4656238853931427,0,0,1,a821abe1d4d565d3be3c1b1b3c58ec2d01971669c3848da49bddf7f43f913717,b48a9117ad154d5cc8842298722fa16ce67868a153e2c4dde97928e6d5605511,7.175323383084576
confirmation,3005-163399-0017,test-other,3005,OPUS_VOIP8,16000,38480,True,-24.925803255024604,-25.871796243564248,-0.9459929885396466,0.44782719016075134,0,0,1,edd84e1cfd850076c2741543b4b35bbf8029aa59d261db2c6d9b18fd8c05f85d,1fda19b33dd8ea0304c6a2b2013d862529991ac059153158b292570b77d49a75,7.2382536382536395
confirmation,3005-163399-0020,test-other,3005,OPUS_VOIP8,16000,57040,True,-26.16261392296905,-27.039649532501905,-0.8770356095328511,0.5155392289161682,0,0,1,9e3cc6a56ea2a6ef931cc4d35f3ac67797acf86218ba61f0492e25d2cb3a4059,46fb3db6f9723ecdf3d39a24769a2c38703e6120fee5d0561e9c59c37111a44e,6.842075736325386
confirmation,3005-163399-0022,test-other,3005,OPUS_VOIP8,16000,60800,True,-21.368343470289496,-21.97414093545654,-0.6057974651670459,0.4633301794528961,0,0,1,a2fb665b8fa904824bb9f71928de7ecd65cbc2b7a961af8229cd8150dfd4a389,a3055a0d5ef555bc6f283dc414c300c85c8db65c7d77c64c927725346b130917,7.3431578947368426
confirmation,3005-163399-0025,test-other,3005,OPUS_VOIP8,16000,79040,True,-22.415173304840398,-22.99301240070556,-0.5778390958651695,0.4957604706287384,0,0,1,95361b764a2c7a25899065fd06ac8e30d3d2daaeb0baa4f24ca5ebcd301cc5a2,568e3e2796bb5cdbbcd041e6a7102c8061b66ee1b661a4faa38d51c067a25481,7.201619433198379
confirmation,3005-163399-0026,test-other,3005,OPUS_VOIP8,16000,39200,True,-24.63767373047798,-25.195054880046534,-0.5573811495685507,0.3623776137828827,0,0,1,20f65722495c71bed5e49eb3e5cc8a54125e8353a29cfcfa91e2837022ef0ba8,f1a79e6f6614a5549a5765bc3db548b51f5ae341834b9bf761a55d7e6c645fd5,7.219591836734693
confirmation,3005-163399-0027,test-other,3005,OPUS_VOIP8,16000,48400,True,-21.777265544069525,-22.542169720543953,-0.7649041764744258,0.5219312310218811,0,0,1,14b151a37a54480795050f605dfcd5829e2eab5a473c7cdf9d1e68ac9b30aa43,1a9d48e3c056ee4e3418db61c5b6331170328310e9bd446707ba6a999b10369d,7.304462809917356
confirmation,3080-5032-0000,test-other,3080,OPUS_VOIP8,16000,72880,True,-24.68754124866193,-25.421598397241297,-0.7340571485793661,0.47868168354034424,0,0,1,69c2518f74521d00f875e8a5a871f12aea1120aa3b850951fa1058665cb8d41d,ba303d8c7b9184efae2225b0a86872eb91d4a13a84f2c417a1350264ef0116f1,7.034028540065862
confirmation,3080-5032-0003,test-other,3080,OPUS_VOIP8,16000,64640,True,-25.642817933321066,-26.037747893411765,-0.39492996009069925,0.37256187200546265,0,0,0,852a70b4d557dc7254f22e9109aaef2aa8fc8dd5f1213a9215c312c1e14fdafb,fa2abafa28a2c3891d97d347db21962b4d6b46c314d9a164ba35ae08635985cd,6.867326732673267
confirmation,3080-5032-0004,test-other,3080,OPUS_VOIP8,16000,94800,True,-27.378855371905217,-28.065767540782794,-0.6869121688775791,0.34813737869262695,0,0,1,ed33346c598799807f35802371cc6e6b8e4d31013aa6135534bbd1be6ff06c08,b352abc6e57d67bdf5780d012e48f3934bed88a9da07e18066da3e37ec041024,6.879324894514768
confirmation,3080-5032-0005,test-other,3080,OPUS_VOIP8,16000,131520,True,-26.585908436298965,-27.342421765263655,-0.7565133289646937,0.6985862851142883,0,0,1,19c98b25b78a000b1a49ee1fd11de81c0703d54dd19378f67fbb4d9797051b0e,5d8aa7affa3c2ee9e06d36bb235bc7e271eaf35642482cdeab4917ba8e27251b,7.03941605839416
confirmation,3080-5032-0008,test-other,3080,OPUS_VOIP8,16000,144160,True,-24.84478443339839,-25.606990283531776,-0.7622058501333845,0.42077481746673584,0,0,1,e7069cfc780a728a339d9400246c2f809bcb32f7cc0bc4be027552c6dbdb8928,7789b2ccb96f8438dc4978430928939565e5b241e7dfe97456ab80697c2c2692,6.894561598224195
confirmation,3080-5032-0010,test-other,3080,OPUS_VOIP8,16000,47680,True,-26.673017391061297,-27.32803372879413,-0.6550163377328305,0.3752104640007019,0,0,1,54d51dbcec78f538474b33d0f708c4fdca927aa2079fd340ec4f58349990d41b,d9ef5f028295c966b7c8af01fa3d44f786650b2e42949830b9f29745383cc961,6.7838926174496645
confirmation,3080-5032-0011,test-other,3080,OPUS_VOIP8,16000,163520,True,-24.036258578875604,-24.47485649666936,-0.4385979177937569,0.5795871615409851,0,0,0,5fc349311f86e4c946f0e55601f211eac5b5769eda70f4792ad19548146e214d,3a4ef8e2e470bea58922ef09654bd1612ab21675185ce0bdd64b6d8fbb65c81e,7.052837573385518
confirmation,3080-5032-0017,test-other,3080,OPUS_VOIP8,16000,126720,True,-24.88126450007354,-25.55107404234255,-0.6698095422690064,0.46782630681991577,0,0,1,7102e61c855dc05d13c53d973b020a48ea0a07869a24256c1e203f2cf19bb377,0ffdb101663798bad92142601031dc75ac4468f19f98286ccddecb4eac2c5fdc,7.197979797979798
confirmation,3080-5032-0019,test-other,3080,OPUS_VOIP8,16000,342400,True,-28.15459997889431,-28.788064165624625,-0.6334641867303166,0.49243682622909546,0,0,1,305819eaf9e2625ddd298f441a9b3beea02e1cc76691e78388219df897a4cb42,24787aa006205be2bcd52c57b42460f32132e19c610d9ac38938df36d2cfc117,7.026542056074767
confirmation,3080-5032-0020,test-other,3080,OPUS_VOIP8,16000,58720,True,-29.2041452139971,-29.707954699493612,-0.5038094854965072,0.3823620080947876,0,0,1,5c70b658034950dbb4c42abc937a513069a74db42886e157d9e1a57bad888917,42c2b175824cbae049b478878e600bca8f8a22cbea5641832f080a349905ebe2,6.949318801089919
confirmation,3080-5032-0021,test-other,3080,OPUS_VOIP8,16000,134080,True,-26.530372263358267,-27.021060841444374,-0.4906885780861045,0.4921243190765381,0,0,1,612f10f432ce655eb23c3e1a7a0d762b1671b9ea8df05f03cc6e02c5f4654bef,c3fd7d2ca130e88d0350c2d68d68ee391bde9b78bc625823651f607484d8fc07,7.016706443914081
confirmation,3080-5032-0024,test-other,3080,OPUS_VOIP8,16000,166720,True,-26.073015416390973,-26.591417760957796,-0.5184023445668259,0.49904558062553406,0,0,1,d1abfef1fbdcda73e41a952f0f7e857ecfeaef43184528936ccac9d8ac5b8718,48c2e90d2c7d768630cf97852fc6078db0ffd8d23fec02d0e841346dd39d491b,6.872168905950096
confirmation,3080-5032-0025,test-other,3080,OPUS_VOIP8,16000,145520,True,-24.173115303601204,-24.90881866717832,-0.7357033635771183,0.5524578094482422,0,0,1,2a5a70b192bad9eba399f7d8835c91a2b48862dad24eee22a3ab5c7738c8f686,ecddc0a5cb51da1d0cc901ebb6504b02b672e98ccf288a059f70e07df114da31,7.394832325453545
confirmation,3080-5032-0026,test-other,3080,OPUS_VOIP8,16000,113680,True,-21.630322082011677,-22.215311663724464,-0.5849895817127841,0.7380001544952393,0,0,1,283051938fcf4b07cb697debbacc528c74b05efb0b7bf24c0f51f8202c3d3feb,7f016db63f5612405254d244252063edb0d97196618d30bbf415ffcb1292fabf,7.223082336382829
confirmation,3080-5040-0000,test-other,3080,OPUS_VOIP8,16000,109600,True,-24.394198107864607,-24.699398825044064,-0.3052007171794583,0.49583470821380615,0,0,0,09b0510ac84295d079be6f43a7210b84a22909a004eb838a7a5344573725144f,1d8013e12357b54375ed0d19276e1ea23176a8d035b2c83d582607039d7f81d1,7.202335766423358
confirmation,3080-5040-0001,test-other,3080,OPUS_VOIP8,16000,207200,True,-26.300022388512616,-26.78935107873203,-0.4893286902194144,0.3995146155357361,0,0,1,4b409d25e2a85e60ef29598a64022c73edc567433a2bc6aea08c72c59d16c390,483888dbcc95783770aa6c2984c43a8b5d91d3335452fdecdee98a2076a994a6,7.206795366795367
confirmation,3080-5040-0002,test-other,3080,OPUS_VOIP8,16000,210400,True,-25.451954300528044,-25.998959635403487,-0.5470053348754457,0.4820503294467926,0,0,1,89a6d072f1dd7521a69cd6fffa79a6d5c5457c5f3410b355605454b84f046473,1d7e4e01387c2440d9107ac5aea1226376c2cc2c2c7d8c21ea17b7a8e2c03d70,7.134904942965779
confirmation,3080-5040-0004,test-other,3080,OPUS_VOIP8,16000,256960,True,-25.668663036104103,-26.079573073900786,-0.41091003779668367,0.630354642868042,0,0,1,8fd0343847d642606716f296eb680d5b7673a70448380d789f6079d7b8be1c73,b4e365d406e99da2b7796e8216545076c2b49b35cc867571e4d869d087610384,7.266749688667497
confirmation,3080-5040-0010,test-other,3080,OPUS_VOIP8,16000,151200,True,-27.37360648034197,-27.9619887945686,-0.5883823142266366,0.41358232498168945,0,0,1,af995426a9e5a73be32324b32b5aa598f91a159713f3dbc358012076302cf72b,6ad47a658fa35f4f7b439c80d3f3c3b86ec446f0d281994b5893e13cab93c305,7.148359788359788
confirmation,3080-5040-0011,test-other,3080,OPUS_VOIP8,16000,62640,True,-26.835939065962414,-27.36902482725021,-0.5330857612877964,0.40973010659217834,0,0,1,3c55e98429ab2a78ae078cd6c7ff745afa6466fff6086683df4066b376a67911,4538abf71a49b0744baf004a7abdb73bcf4f28e07f9443b094088c7f2b88332a,6.778033205619412
confirmation,3080-5040-0013,test-other,3080,OPUS_VOIP8,16000,267360,True,-26.648636200214014,-27.26932574550432,-0.6206895452903083,0.6478366255760193,0,0,1,7fc8622c728c70226f258649ae3d45862f0282e72feea74f4a0e52c9d6c725fd,8a9a4427b09a4b1b2fc28fdea4c672ba5e6ab087cbf3c12fa4b9d8804ad78546,7.024296828246559
confirmation,3080-5040-0014,test-other,3080,OPUS_VOIP8,16000,185760,True,-27.645058750247472,-28.142444004668615,-0.4973852544211401,0.5346529483795166,0,0,1,fb10ea6ad5020abde1426464ec885ec1fe3e4035844d102e1dd591cc95359b58,c44c837e39b4a4d7725597e67d2c47cf3c47d1c82cd2b55bf9b496e662c64241,7.032558139534885
confirmation,3080-5040-0019,test-other,3080,OPUS_VOIP8,16000,210080,True,-25.97929025015913,-26.556278994562152,-0.5769887444030238,0.45496517419815063,0,0,1,6f74f1e3a7227c2ac088f7c9ae75e876f39a3c7bef292952c744d641c9cd537b,f94f6375095f03e33cc1b568bf903c45e7e9799c9f37b9322937de3a45ea9ca2,7.072658035034272
confirmation,3080-5040-0020,test-other,3080,OPUS_VOIP8,16000,113280,True,-26.295665492510135,-26.94905227815234,-0.6533867856422048,0.36952364444732666,0,0,1,ab70bbdf164d38f9490b798dd0986556d6b28cb657201a36c7ece27bd3ff7c3d,3b944cd3495450f49d96d83f1209f62e4c602798076dfd630f780f75193d35a9,7.350282485875706
confirmation,3080-5040-0021,test-other,3080,OPUS_VOIP8,16000,70720,True,-27.4307922019633,-28.16286039447283,-0.7320681925095316,0.3998663127422333,0,0,1,ec1ec6eec138a7a9b0269609a8c8f5c1f576c0dcff6bd047fbde49444f91800b,394afed13ef6b45c93d1cf3e92d18875a992a3682a525ebcc82b7568b50e3067,6.790950226244344
confirmation,3080-5040-0022,test-other,3080,OPUS_VOIP8,16000,208960,True,-26.589124562138423,-27.209882132999862,-0.620757570861445,0.5071438550949097,0,0,1,97be933cef37e2a64b739e1ce46527c85ee7df811dcaae7d5f169f7eb90cfc9a,77e855ee7493031292dd9aed31475850d1391c9947fab9445db12d596128997c,7.227565084226646
confirmation,3080-5040-0023,test-other,3080,OPUS_VOIP8,16000,60960,True,-27.22299366971597,-27.718249059798005,-0.4952553900820403,0.4580978453159332,0,0,1,6d8f0b7b02a34e9a101c5b3259adb7293638e6838472ebf0dd17f9b1debd5b01,72c0d7e75727f76d874fe9820ddcd91ed99642f5dbc244836e4029ecddea831e,6.704461942257217
confirmation,3080-5040-0027,test-other,3080,OPUS_VOIP8,16000,155200,True,-26.787159167295993,-27.227487456244223,-0.44032828894823134,0.4585658013820648,0,0,1,caacf08b0f38c12ec2b8b0d48e2bde708fc8d484ed02baa3d634d77010df909e,91f050c1d8366330ae0ca9afbb0e8717ec6c9ae0ab462175bb542366b36b686f,7.124948453608249
confirmation,3080-5040-0029,test-other,3080,OPUS_VOIP8,16000,208000,True,-26.991132233663244,-27.45682432708822,-0.46569209342497914,0.43926969170570374,0,0,1,34cb8f1a9317c53762e5127de752f459fcaec902c10a67136ab94f577b9daca9,ad784104cb528b0a1472aaa29e1c6c98e3658742b2f0f76f2b6b2890a8d21d7f,7.0289230769230775
confirmation,3080-5040-0030,test-other,3080,OPUS_VOIP8,16000,115920,True,-27.531527401573086,-27.91339274571046,-0.3818653441373693,0.4213889539241791,0,0,1,71686e4f4da1438fecc8ac221dad339212af18b79abd389cfda24de3896c8482,9defba8405ab8d0b78974bc928e2d2dfe677abbfa9de437c084e914370846289,7.084610075914424
confirmation,3331-159605-0001,test-other,3331,OPUS_VOIP8,16000,49520,True,-22.871647261294786,-23.38574172894317,-0.5140944676483854,0.3169372081756592,0,0,0,67956ef61bd27a9af7b74672ba57e68d4459b6bb44416075feebe75dd9fcc70d,d5c51e4af78eb4bc4f892bfc2833a3b8da282dc859727ca5e67f4348ffc159a1,7.069466882067851
confirmation,3331-159605-0005,test-other,3331,OPUS_VOIP8,16000,76080,True,-22.639224434424676,-23.20023764334081,-0.5610132089161323,0.322255939245224,0,0,1,5c75f7e5ba46229d431ac8e862e1c30f27245d3872e6a944feafad235aff70da,2a5673ded067f0977164fc9e09ac7196714445d89a913e3e3d18c734c1bda4ac,7.44311251314406
confirmation,3331-159605-0006,test-other,3331,OPUS_VOIP8,16000,50080,True,-24.116884628300596,-24.818568680106825,-0.7016840518062305,0.2946302592754364,0,0,0,606937c88a2800809ab0934fe074b3caae45d3a38758d1a886d44978677c8bd8,ca8d85998b1c92b5a4b6ce9ecc77a4b3b37da6aeee441898f9fb0c216f44d05a,7.240894568690096
confirmation,3331-159605-0009,test-other,3331,OPUS_VOIP8,16000,163520,True,-24.320566760319902,-25.259956183846263,-0.9393894235263571,0.3401910960674286,0,0,1,ca7607bb64dce2454445c2e1fce43b762169192388261459af9cf2f43011c205,e6b67f35d0910281d57752eb66b3d8ed2dda1b7868c78e800ed7a52ba6326b30,7.415264187866927
confirmation,3331-159605-0014,test-other,3331,OPUS_VOIP8,16000,154720,True,-23.40570555726186,-24.036880894206647,-0.6311753369447821,0.3217134177684784,0,0,0,48fd4bf15c4556a6b30bac7b680116a1407297381d51068663cdd03406754bed,07bfc03889aa9a55e4e20f31c3294985f31739968780123ad3163dc57d18ffef,7.572285418821096
confirmation,3331-159605-0015,test-other,3331,OPUS_VOIP8,16000,233760,True,-23.19852900470157,-23.99336523550962,-0.7948362308080499,0.36576420068740845,0,0,1,8073637fe53f4c4aab2bc86970c40f7b73b1a176e013868a24080256d68b7741,4a8b7e01021b950cb2bd13c6f4c19cf906c4fc88f4142f744bb83f2a5ce8fa83,7.650650239561944
confirmation,3331-159605-0016,test-other,3331,OPUS_VOIP8,16000,207040,True,-24.22645252245838,-25.142265932009863,-0.9158134095514827,0.3726940155029297,0,0,1,9b21c603b34d78ff3e21456bf7ff3cc6700350627c16c40c1a3a5a457debc587,ab0bac1c730d7d228a3ef256dcf6a4e7531dc35712116f5f7cba92ee7eab6285,7.485625965996909
confirmation,3331-159605-0017,test-other,3331,OPUS_VOIP8,16000,147040,True,-25.604224550863783,-26.329091246725813,-0.7248666958620303,0.2724080979824066,0,0,1,463ad29eb7637045945119fb4ca6ebbebf701cf9f6ad92b907a51e71fcb37c98,2fafd0081bd72441467c99cc41f16f21251598133944f2c97db4f7ab1b4cb263,7.2513601741022855
confirmation,3331-159605-0020,test-other,3331,OPUS_VOIP8,16000,239600,True,-23.305353730532723,-24.100563669349935,-0.7952099388172171,0.3810831308364868,0,0,0,29039b63104facc44509ec901e1a80a7beea8cde6e107ad501e4f23b010a3d92,de9e401f4343301a65a90974590c8dab899bbd2dfeb6aeec07a7b77b3d2432e2,7.692821368948247
confirmation,3331-159605-0021,test-other,3331,OPUS_VOIP8,16000,113840,True,-22.359642429691668,-23.039751060347655,-0.6801086306559889,0.3227106034755707,0,0,0,316fce0b844fec0d94517c4e8c5075d42990637287090235ff905dd9a0b9be44,6e812e07c2e9174404b69d6b215c22495c75682ec60a92ebf63765e2227475e7,7.639072382290934
confirmation,3331-159605-0024,test-other,3331,OPUS_VOIP8,16000,207840,True,-21.695697722977087,-22.38416244465273,-0.6884647216756448,0.39735332131385803,0,0,0,c6e2b897ff491fb5bf8412d31a44364cf0f3d5e51b9ca1c8b8a7f3fc7126e25b,31dab63831c9c841ca7333883a4baf4a2d372d6cf84343e4a7e6a8eb3d94f470,7.670515781370285
confirmation,3331-159605-0025,test-other,3331,OPUS_VOIP8,16000,27520,True,-22.220276806271876,-22.53625465478688,-0.3159778485150005,0.31492409110069275,0,0,0,d61702f8535a6257ef857b2e858f9fff37c288823298759a3b491a771f0c6bea,e0edaac76cbe9f828392f36a6a8f1b611062f28a0f31771c8f11db186f523c87,7.120930232558139
confirmation,3331-159605-0026,test-other,3331,OPUS_VOIP8,16000,72000,True,-23.649841753493135,-24.3351820456287,-0.6853402921355687,0.380880743265152,0,0,1,074cd374958a39aa9a73e1764b7c262091577ebcd2fa6183638a9ee9af8178cc,c84ea78f65b9780c81758dcc6bd7de0e91024c8db7a823d3a4a51678007c96d1,7.184
confirmation,3331-159605-0029,test-other,3331,OPUS_VOIP8,16000,301760,True,-22.90917032474826,-23.54151199536861,-0.6323416706203464,0.3534969091415405,0,0,0,7fa065af571e5070266e2f98412a7f0ab67ba70f36bebe75bba501d6551bff80,470219cbef3040e8e99451c36f5b8ad406f0495d385d6191144c86285c7e6b5c,7.409119830328739
confirmation,3331-159605-0034,test-other,3331,OPUS_VOIP8,16000,32560,True,-23.296601318330517,-24.73684054698562,-1.4402392286551,0.3242286145687103,0,0,1,834eb8aaa3395b44623d5bb820bcc43c60c71766450a65bb88230193f61de886,e1c4290d9fe5bf764b246cdf37723beffd772b24d9efc6894cd2d0cdab054485,7.072235872235872
confirmation,3331-159605-0035,test-other,3331,OPUS_VOIP8,16000,50880,True,-22.82774126445231,-23.59983439382244,-0.7720931293701282,0.3182447552680969,0,0,1,c118c9c4c73cd3fa014477acecdd3005250bac1ea5de78febacaff6e79f7d923,7e01f60d0787b62a9ffe5e63a5dde85cf277c30620e9c12b7133167a496b3de6,7.2880503144654085
confirmation,3331-159605-0037,test-other,3331,OPUS_VOIP8,16000,90880,True,-22.217906273866266,-22.767438449772026,-0.5495321759057631,0.4027059078216553,0,0,1,5fb7be1c55dadb1e1547ed038277097cce45e072a1d8c1be5f8faaf0b0da6e48,8b87ff6cd647736a7aea00166980389e7d9353262b7fa5d45b6f25beeefd8d56,7.352112676056338
confirmation,3331-159605-0039,test-other,3331,OPUS_VOIP8,16000,46080,True,-22.756565510357465,-23.195268033501936,-0.4387025231444735,0.3298240900039673,0,0,1,06381dbc0f0073c54ee194123035ef0970e962a7b0cf71e7ab82bf0a9f8e1008,01e18318c6b5490d8cd27f98459614e0544d93a26c0e404a8d03aebbd3c48101,6.7
confirmation,3331-159605-0040,test-other,3331,OPUS_VOIP8,16000,58560,True,-21.414097389912506,-21.84882058272182,-0.43472319280931365,0.3301060199737549,0,0,0,65ce379483f55c4594ff0321b44cf05b59526bf4fc2b445359925497c8cd76e0,b01440faabfa59fd06930beba3871331166760cfd2bac3e5c27cc24d26b00d9a,7.357377049180328
confirmation,3331-159605-0041,test-other,3331,OPUS_VOIP8,16000,84080,True,-22.99715685638752,-23.824136549834705,-0.826979693447186,0.3746829032897949,0,0,1,0d8f292c42be25a6a31eb8a6c1a607a5cc29c820be53eafe7841123501a5e986,23625d86cc8627ae79217c39c985098f242459f3251c93726ac33bd6ffb76663,7.261655566127498
confirmation,3331-159605-0043,test-other,3331,OPUS_VOIP8,16000,113520,True,-22.179389548392514,-22.72021048040952,-0.5408209320170085,0.3303983211517334,0,0,0,7bcdb1bc58fea5dcd3eed306d2b3c1db8ecc5cc3af0039353a6bd4d524eb7041,90d5fe74cbd792089ae0938fa10376b273c36f4ee31d74583aa3b90cb95be2bc,7.565891472868217
confirmation,3331-159605-0044,test-other,3331,OPUS_VOIP8,16000,60080,True,-21.193900702840732,-21.821204756414787,-0.6273040535740502,0.30102550983428955,0,0,0,26e7f9b9d320d298e5cb52f3fb6dbace75d3612bf7c63b7081e8bdf2096bf38b,21ca8485cba7c112be7898c14fa7a8c714c538c4f2bd5cbe399e0cef3a92aa72,7.439680426098535
confirmation,3331-159605-0046,test-other,3331,OPUS_VOIP8,16000,103360,True,-21.932719347046586,-22.41345557734782,-0.4807362303012327,0.3445313572883606,0,0,0,545718d78a5f22e1dad26cb7b026af388cdcf4ea8cd9e0056a457f9395aa56ee,861fdae3329b8cfdd9314e40fcd0480ee8227334f7a8ca3c1fc1d85b68bc5651,7.70030959752322
confirmation,3331-159609-0005,test-other,3331,OPUS_VOIP8,16000,106240,True,-24.58193580435079,-25.322929581740343,-0.7409937773895574,0.41396117210388184,0,0,1,b02b08845fb80647624715fcf3e2d8432745476c3c218b3db02c946ca6312244,0d2a70db6c95afd326bfe39ba564f5bcfe7fa5a316725d6b480c029b5abaf097,7.503614457831326
confirmation,3331-159609-0010,test-other,3331,OPUS_VOIP8,16000,84160,True,-26.686898907603247,-27.648317382672065,-0.9614184750688166,0.31192153692245483,0,0,1,a72f9dfffc6efacc3ca4340e991912ebef8e7bdfba00b3c1ad3f0ea6bb540323,b6942c03d6cc7cf24e1769d65d6b8e3c24757b160f607b2e4eac6c7e0f8cd698,7.095057034220533
confirmation,3331-159609-0012,test-other,3331,OPUS_VOIP8,16000,97840,True,-23.498115271196333,-24.156554293210384,-0.6584390220140486,0.4368414878845215,0,0,1,e53c4ac1a2099e51f8e333509ffd20220dd45292bcba4946d603aa4a2a778acf,265d49ed0f1c9e4121ad438570a4368d70ec36a3bf01ac8225dae2c7f7ba271a,7.27653311529027
confirmation,3331-159609-0016,test-other,3331,OPUS_VOIP8,16000,46240,True,-28.24314649844981,-29.010755555725414,-0.7676090572756025,0.2548484206199646,0,0,0,f75347c36ac086ce0ddee58d7348d483ee945da5d1000209507e583770433a70,1114025f4fb2b4a00154632c978392353866c44d0e811602b345e37cd89264cb,7.247058823529412
confirmation,3331-159609-0017,test-other,3331,OPUS_VOIP8,16000,130080,True,-23.340808786031573,-23.986082472612683,-0.6452736865811058,0.34094852209091187,0,0,1,20f0923bdff8e153aa3d95d0b990358fa53929f08b19e586e4a5a8f7488e0397,d7c9ce29a2c509d787ab0ba36229f343e4f288b36df21b9495c395f11ccad14c,7.662484624846249
confirmation,3331-159609-0019,test-other,3331,OPUS_VOIP8,16000,57840,True,-24.36002362305217,-24.784589162667366,-0.4245655396151948,0.4660318195819855,0,0,1,001180db08e4760f71ac005170f5758edb2ad1ba63712fdfa9b1b8feccd79664,624eaf0ec3b6cc1ae349cca4673f12dd58ea1d0044898c8d4f4e40a75ab7d08b,7.349377593360995
confirmation,3331-159609-0023,test-other,3331,OPUS_VOIP8,16000,101440,True,-25.259262828684772,-26.024519337421363,-0.7652565087365937,0.3452616035938263,0,0,1,8773e9bfffe91f90d629f4d24cb2ba3bd854af08b8ab5cef24509009bfe6b607,bac7ab93019e7f500a6f3a7b04a54af3b2914a64ead4974ff572d779d008304d,7.485173501577288
confirmation,3528-168656-0004,test-other,3528,OPUS_VOIP8,16000,75200,True,-28.488974651392276,-29.529944653357646,-1.0409700019653712,0.34037816524505615,0,0,2,7378d0f5ec6b7e9d9cb0f9049fd2c0d006ab6dd98fd2fead4af35adc49ca5e68,4ba60fa9e9b2d755a55792111bd5b202e1f05ca5ca9d00330e63fc3e1fb0e7af,7.240851063829787
confirmation,3528-168656-0010,test-other,3528,OPUS_VOIP8,16000,100480,True,-26.933193343917154,-27.64637948625745,-0.7131861423402984,0.3901473879814148,0,0,1,99f614a8d0b6b26f94b36557843fe398887b6d7629bd6f256e6826c5367b1723,ae83e68142ec72aed208e1dd869e4619c0b0b95ada90470abfd0d8f020ad918a,7.496815286624203
confirmation,3528-168669-0003,test-other,3528,OPUS_VOIP8,16000,56240,True,-30.426171546365573,-31.159699085826848,-0.7335275394612751,0.2845708429813385,0,0,1,1f1c96ecb0c4fefaf82338bdb0003989903196a0d592ff8128e20dab3d60fd06,c36df385639a87da410c7c05f607cc0a2f776299322782434381e1a08c838a0f,6.404551920341394
confirmation,3528-168669-0006,test-other,3528,OPUS_VOIP8,16000,55600,True,-32.181312909049105,-32.80621439300714,-0.624901483958035,0.30373525619506836,0,0,2,fe51f9f4bffd3fa72a0736a349ae0030b3ae709758dac31be6b068656c2d5a0a,1cb711fcc926a7495b1baea63ae54eb9c5fcdda48af31ddc01d2f2aed30d3c06,6.871942446043166
confirmation,3528-168669-0007,test-other,3528,OPUS_VOIP8,16000,58880,True,-31.57350998911664,-33.895973771610485,-2.322463782493843,0.2894299328327179,0,0,1,0eb310a57fe5defc4dbe64c691dcd7efe16ea5aa83243317248fb63aecb8197a,363e1e9b015f4b997a9c06147e10ed902eed0c71f927abe6919a722b94fe8cd9,6.363043478260869
confirmation,3528-168669-0009,test-other,3528,OPUS_VOIP8,16000,33920,True,-33.11806868422991,-33.8247018801147,-0.7066331958847922,0.2833682894706726,0,0,1,60005167d5ae88038140db14839d46a3c34781d1c36237a9e78f326549c4e4fb,72f99bdb749d55035adae4e05ba21f8ae2a1d82f5b5b1ee95435100ca5962ec7,6.679245283018868
confirmation,3528-168669-0015,test-other,3528,OPUS_VOIP8,16000,31760,True,-26.940373343935878,-27.924140833944296,-0.9837674900084175,0.7311498522758484,0,0,1,5e05860c7dc8e26666539638f2c395a52b6599f56489569f0b9cff881a6443a0,aeed580880b40bf095f363f1c8fb0531609d32848856c2f845c2a1a68e36963a,6.557178841309823
confirmation,3528-168669-0019,test-other,3528,OPUS_VOIP8,16000,43040,True,-29.41040248482409,-30.03605443995772,-0.625651955133631,0.4220024645328522,0,0,2,f2c5d726f11fd40b65de7ab78696068e10f959544267cc19b5eb44fb0ad43ba5,4555adc0a45bc30cbad82c652d0df8ed309795ae0e69af277a69be1d69c6ce50,6.869888475836431
confirmation,3528-168669-0024,test-other,3528,OPUS_VOIP8,16000,51200,True,-29.34145687576187,-29.995525730582028,-0.6540688548201596,0.3810444474220276,0,0,1,cb4c6ee1d84a477a44c605b7dc94e601971b8a52d824fa32090179840da2d9ca,f4f446ef98a032d078260e36722d2c64f2fcc33fdaed0819822a65f6f5c53d2d,6.265
confirmation,3528-168669-0026,test-other,3528,OPUS_VOIP8,16000,48000,True,-30.664677871266118,-31.41142379988651,-0.7467459286203921,0.3432186245918274,0,0,1,f424b75d0f83f27f1581d4ca43892c48e3511ae13a8e7097a650a557ab5e4892,555263407037fb359404a43858b8d8bf1d7f44957590b2f3ebee770ac8572ad8,6.376
confirmation,3528-168669-0034,test-other,3528,OPUS_VOIP8,16000,27040,True,-29.96447610749847,-30.483171360283613,-0.518695252785143,0.26619309186935425,0,0,2,92efd7a4a13c657b66cfbb513676609f8e8e1ea233b88735f1e709039c4c3f0b,1ce1dd7f1473789b7f1e31b4d6bcdb81da7386c127362f3367c97eaa67e3b05f,6.352662721893491
confirmation,3528-168669-0037,test-other,3528,OPUS_VOIP8,16000,37760,True,-26.572455517152015,-27.41143634263457,-0.8389808254825538,0.47284433245658875,0,0,2,778f4a0930f990a4ec9b844df49aeae2fe4fe9bf9ac4241465242626c96c655d,6c50d428f6d23679afe03760012c86cb411c70918a285ac65bf33c69b164a4db,6.742372881355933
confirmation,3528-168669-0040,test-other,3528,OPUS_VOIP8,16000,38560,True,-28.292481148734765,-29.153560051662794,-0.8610789029280244,0.4531077444553375,0,0,1,0b454182186a85a13530e8a2e17ed75d7dccfe9f4e79ba161ec07fefdb971ca0,e165aafbe03d0f9b7376384ebab58ae67d46c464b4d06dcde74ab3ffccb5a63e,6.761825726141078
confirmation,3528-168669-0047,test-other,3528,OPUS_VOIP8,16000,43600,True,-32.9541127168708,-33.90795819041064,-0.9538454735398362,0.28515201807022095,0,0,2,bcd8f309d1501a0b4eeef797bafe9b45ba93f4f8aa7a2c577f672269bda50886,56cec0cb98f2d314cfef5dc96a765761db650c6993c8b830e3705911302f60f6,6.951926605504587
confirmation,3528-168669-0048,test-other,3528,OPUS_VOIP8,16000,71360,True,-31.713115158777736,-32.505161222968894,-0.792046064191161,0.24012605845928192,0,0,1,29666b823a1982d86e7e97aef3e20a231da3c9b32c629b6774bc11cc384bb38d,066ddb8073b7d55c8af9a32fba86e3e40c6862df6a0cd1f60e31daf43691d25a,7.069058295964126
confirmation,3528-168669-0051,test-other,3528,OPUS_VOIP8,16000,61600,True,-27.457249258666426,-28.77817686128642,-1.3209276026199923,0.6065953969955444,0,0,1,58124ac1cf402add0d2d22324a983dabb431a8c7e39d46499751e067928e33b0,358ea070b9658106c61e35a821df9dd5c9c68ea51c5a0c2637e70d26800c4cec,7.428571428571429
confirmation,3528-168669-0053,test-other,3528,OPUS_VOIP8,16000,28320,True,-33.41017676237805,-34.28393695574885,-0.8737601933708028,0.2746248245239258,0,0,2,4347f88b75f469ede600a33a3cd88edf25ced912470d7880472a6e65a6d134d5,2dff30fa92799a4dc2eda654c2e7170eada864632e73438c2391533e7d6554d8,6.409039548022599
confirmation,3528-168669-0057,test-other,3528,OPUS_VOIP8,16000,135120,True,-30.525413533422025,-31.340870099141167,-0.8154565657191427,0.3992687463760376,0,0,2,05521df0d6e4c30002abf3a45ee5d6b8d408df54313d9707971bdaa48da35b5a,658180d21f10d640284b06a991401701ecb777e0f59be229495bfa80309bced2,6.927649496743634
confirmation,3528-168669-0088,test-other,3528,OPUS_VOIP8,16000,40480,True,-32.0864866922684,-32.84418961022864,-0.7577029179602369,0.30308255553245544,0,0,1,ce1b7382e0c1b9262f536ae91bd9600db81edcb9ca561b771be2a85cf24ab447,2c50909c6a118763b4504b1f8acd08f742a7d92a49b867200363be6402b1e450,6.817391304347827
confirmation,3528-168669-0096,test-other,3528,OPUS_VOIP8,16000,93040,True,-29.953184832015324,-30.482382325889212,-0.5291974938738879,0.36217379570007324,0,0,2,619be77b92d92123a3da6ed4064a4bac002111eef06669eccd9212e21cbbdbbc,feccc1c2d3ab18f70dca5deebc4ec3bd656c85204aa93601900af3ee4d52bfe7,7.251590713671539
confirmation,3528-168669-0097,test-other,3528,OPUS_VOIP8,16000,97120,True,-29.902581967775212,-30.592662959233664,-0.69008099145845,0.487350195646286,0,0,1,0c3662366ff14eaf251a486a673ddae9d11546404416f58a5661b6e8525a3aef,f78205a2d751b05e10b2d42a7557fe980f751c40b39216a6bc4d7d250c140bf0,7.217133443163097
confirmation,3528-168669-0098,test-other,3528,OPUS_VOIP8,16000,53920,True,-28.457808836120073,-29.22346725969227,-0.7656584235722013,0.7239936590194702,0,0,2,0e671d45e7930818dbdd69073e0d390819b86f1d9ad77bd3ae9f5c82743af98f,dd008a87d3989e28964d861ecaf6c54a6c52a4c58d2aa99c975edd936e09b5d4,6.881899109792284
confirmation,3528-168669-0105,test-other,3528,OPUS_VOIP8,16000,45280,True,-30.687816573814285,-31.277779335194367,-0.5899627613800852,0.3906313180923462,0,0,1,15514bf0cade5c98fabf0e77a269abfbb94f0b7956d360ab2122a69e199e2f73,b9f35700a9df75388ec09a1022c71443b217cb0a5978632c416d726facfd76c6,6.900353356890459
confirmation,3528-168669-0108,test-other,3528,OPUS_VOIP8,16000,47200,True,-32.1523408660065,-32.86821127087035,-0.7158704048638513,0.3106376826763153,0,0,1,a2cf938cff6df4560b21b1a0c61a63b5e1a9f09d89e471c7fd292a4ebb07a2f8,93a37a1520ea7ac67fdd630415182762a4a020ed1b2af4e9b94ecc18eb2886c7,6.823050847457626
confirmation,3528-168669-0117,test-other,3528,OPUS_VOIP8,16000,97680,True,-28.959945978852467,-30.087494014517087,-1.1275480356646201,0.724193274974823,0,0,2,c3a91b85a45f8f5e41b1418e0e6dd459b0f0930ed1ed930ed02c027a4a4b19bd,ceb4887ec691f96615966d3a31c79ec68f7320a98c175bbf4fc9493e2dfb715a,7.263554463554463
confirmation,3528-168669-0118,test-other,3528,OPUS_VOIP8,16000,45840,True,-29.868344268177193,-30.615651272210442,-0.7473070040332499,0.37878793478012085,0,0,2,928f7cb93821fce74788be8f0daacdc7242628da271a1da1a80b8c0f998fad0f,68225c183ffead01d3228a6d3244e5645c167886ed14537c799c59f25a2f4ac9,7.385689354275741
confirmation,3528-168669-0119,test-other,3528,OPUS_VOIP8,16000,47520,True,-33.536442950686485,-34.3693534587532,-0.8329105080667172,0.2219831943511963,0,0,1,33d2f91b76bb1ae6ddb6169df6621a0cfb1b284ea7542852e3798dd6c2146596,68dfbf85440cedbdd9a8eccf726b67f6582f9389b3bdc497db2a3e6d76438ff1,7.108417508417507
confirmation,3528-168669-0120,test-other,3528,OPUS_VOIP8,16000,42320,True,-28.454882422967618,-29.080946151347753,-0.6260637283801356,0.45705774426460266,0,0,1,6f4d20132e513e811767de5a851925c16182227374b1edc31f0c51cd6323429e,65ed6037436cd545d43fb87f1906ce0a23d69e2902dfa89538263ab9b6ce9a1a,7.177315689981096
confirmation,3528-168669-0125,test-other,3528,OPUS_VOIP8,16000,52960,True,-32.90711382519185,-33.56763664455855,-0.6605228193667028,0.36783602833747864,0,0,2,f5b6824c3e950e4c906032fd2456d783e34d8e861af589c59aebeac26e615226,c689f5c478994580468ffb016a90885de7f65a15220558feece2745ae5481329,6.419335347432024
confirmation,3528-168669-0126,test-other,3528,OPUS_VOIP8,16000,60800,True,-24.73904373549301,-25.158519735022526,-0.4194759995295173,0.5330440998077393,0,0,1,61147194a61b26ca1bece904727e667ea3da84b7e6b8eb9741bd4c0fb1e5eba7,f65f908a51c0cc09d9dd9a0cc0d7438dc43c1055def4eb052626f560cf44f4b3,6.787368421052632
confirmation,3538-142836-0000,test-other,3538,OPUS_VOIP8,16000,82560,True,-28.25986891151301,-28.746738727054016,-0.48686981554100456,0.39265570044517517,0,0,1,f29ab193357c7af121262957130745f9590dd4138bb3adb68f26ae3328e2b2b5,90695f49c8eabf9274288957f04bc90579e2b93458a7b2031f2c461c4966f53b,7.4217054263565885
confirmation,3538-142836-0006,test-other,3538,OPUS_VOIP8,16000,84320,True,-24.877900039858908,-25.314024948188575,-0.43612490832966533,0.3786923289299011,0,0,1,488ce6e7eabc398911badfa30f8af7d1e755caf8f75b7719bda27a9936af0d7c,4c2bd4955db4645da5c719e1fb3c08411262b240b17f3245965b18cf3c1a31dc,7.58102466793169
confirmation,3538-142836-0009,test-other,3538,OPUS_VOIP8,16000,116720,True,-25.64026669949967,-26.011048122766102,-0.37078142326643837,0.40179315209388733,0,0,1,5e8b706ac966548892e053401dde7fe983a9dcff86f2fa9de6b9c9b46c099d5e,438edbe0d1ac7e2f947f819f90ed2e6d02cf9423af359b18e19f3cb091379fa8,7.645784784098698
confirmation,3538-142836-0015,test-other,3538,OPUS_VOIP8,16000,156480,True,-23.985505094448342,-24.448408910726826,-0.46290381627848387,0.45053428411483765,0,0,1,1b5461742fd4fca131f77381df20ac8ceca4a50a1a848d80ad1268dbbbad4ed9,4423cf1a24616125e0f34641f1c48b1e11dea5fe9563ad5a6adaf9a81fd4adf9,7.665439672801637
confirmation,3538-142836-0016,test-other,3538,OPUS_VOIP8,16000,97840,True,-24.41634526474003,-24.70978331895249,-0.2934380542124562,0.5894595980644226,0,0,1,51b85bfaea44e55586c80b0be667ebcc3dd40f1798633cad7b1c00979f504388,807b18738f1caf65c14405b38851343311eab290bec89cd0f875278a9e95c17c,7.234668847097302
confirmation,3538-142836-0019,test-other,3538,OPUS_VOIP8,16000,472400,True,-24.137357849291536,-24.57226394610244,-0.4349060968109004,0.4975115656852722,0,0,1,2f09d9626469549a99a8471f10e8cb5889dd67e88423dcc785e3e7742b2b6bf0,26eef0d5d9652efe113cc323e1b2edd19e78cc9f9ca73404ed76f10fd5118f22,7.616596104995767
confirmation,3538-142836-0020,test-other,3538,OPUS_VOIP8,16000,131040,True,-23.005429095546674,-23.50482977946283,-0.4994006839161558,0.6043980717658997,0,0,1,cf5c6deb09c2146bbc7147061e15527820cff10f5b95851f37d8a7be6389558a,a25644be3472003280634d5a60c9513e9cc255da3232daaf482d8563dcd4cc0a,7.712820512820514
confirmation,3538-142836-0021,test-other,3538,OPUS_VOIP8,16000,122880,True,-24.05063976986387,-24.516694842619415,-0.46605507275554414,0.45711249113082886,0,0,1,a8bdb22f3223e39f2ac94e5ff86789464d84dd180b36bc2df2792e40f4dbb3b8,8371bd92db62d5e92c035a3e9bfc4cafa98741b2ed1016dc4d8f1a301ba5d335,7.60625
confirmation,3538-142836-0024,test-other,3538,OPUS_VOIP8,16000,81360,True,-23.304924895841452,-23.75411878729181,-0.4491938914503565,0.4956422746181488,0,0,1,40a6ec04179f5e2d6537d04ab9f848ac060f1394a124b33b1b577d9cddb63dda,2d9d69bd036724184bfab3b0a0bd8bd004e7317039b8644149af91564ddabf0a,7.545329400196657
confirmation,3538-142836-0025,test-other,3538,OPUS_VOIP8,16000,70480,True,-22.580330749009295,-23.176235399232198,-0.5959046502229002,0.5479634404182434,0,0,1,5b9daaadbd9239b1e4d9a4bba8bfe11828f95d3d278efcfd465fe2b6c04ef601,abb06b5e72d7eb111292a20675a03eda7d1850f5af17e9295bb8faada46db223,7.446083995459704
confirmation,3538-142836-0026,test-other,3538,OPUS_VOIP8,16000,172320,True,-23.706551999170284,-24.02079402527358,-0.3142420261032969,0.4364981949329376,0,0,1,511f3e1d8af21ba19314ed679a62be758e731d3f279a625999dd1a47fd1eb134,cf7b47346c6db80f099738f2196b53a9a6557e75733c4eb079cd0cb9b8462642,7.608542246982359
confirmation,3538-163619-0000,test-other,3538,OPUS_VOIP8,16000,78400,True,-25.719581934182983,-26.368792021592924,-0.6492100874099437,0.4167643189430237,0,0,1,ef8b2266346222b2c36584a8647586abdd8b3a7480de11150fdc148760239ad7,e20809d1c42e48b364c3cf687258dc51dc33c212941ef766c8eb8027eb13f481,7.546122448979592
confirmation,3538-163619-0001,test-other,3538,OPUS_VOIP8,16000,227760,True,-26.470533798119476,-27.0236016368408,-0.5530678387213243,0.3856966197490692,0,0,1,b6a25114228f76d689a68ae00874328c67118e2f8684f27a8a0ac3f7b7773994,004b5a7f15e16a12e86049740b58121d44f44ae747a754cf3667c24d29cae072,7.372251492799438
confirmation,3538-163619-0002,test-other,3538,OPUS_VOIP8,16000,62160,True,-27.903043919709106,-28.187372777136055,-0.2843288574269482,0.34613221883773804,0,0,1,d0575ba13687309acb30409cd239a518e7ba51263fa962541aba025819f1bc9a,8871be0d0f7b8982b034ea16615ad2e5f11d9197deaefda91db2b4ab131d1329,7.2978120978120975
confirmation,3538-163619-0004,test-other,3538,OPUS_VOIP8,16000,136160,True,-27.01915641875583,-27.48552278636527,-0.4663663676094367,0.34587422013282776,0,0,1,ab58fea43230988c9e1616238029fad57f20ee0334a9b36ccd11dc01826a2d0e,3ec8ebd0ef7d4bb0228c3357c74d5fd02ae262026210d90a8ef3df252588004f,7.437837837837838
confirmation,3538-163619-0005,test-other,3538,OPUS_VOIP8,16000,84960,True,-29.429332111239322,-29.891860971999648,-0.4625288607603267,0.2506234049797058,0,0,0,b8bb28e2fe00bcdc372622de942f24acb346131bf94e4996f089c62aadb0bea5,3778576e5a458b9fd693008633187b53de8ce3430338a889369df021569f7a9f,7.106591337099812
confirmation,3538-163619-0006,test-other,3538,OPUS_VOIP8,16000,49120,True,-29.780057338076695,-30.456130915129812,-0.6760735770531185,0.25826987624168396,0,0,1,7aad8b7184fa49463cc0e8a38cd19ec02c0b1a6cc9df9c076cf58efb49d76b09,2c1193eca2fdab9fd430ece3fc78545641db53b2d0eb7aaf0c347c9455a38faf,7.051465798045603
confirmation,3538-163619-0007,test-other,3538,OPUS_VOIP8,16000,109600,True,-25.036849828863403,-25.530123704311492,-0.49327387544808776,0.4468143582344055,0,0,1,3d4906d941d7c47e7142556260ca0ce6f38c94ae8b81ded11cb623cbf1e16e9c,a08817094b915be78f498630ea4d4dfdd1c0a1bbb73101a36cb29127c1b32aab,7.254890510948905
confirmation,3538-163619-0008,test-other,3538,OPUS_VOIP8,16000,56640,True,-24.548298184268603,-24.8681216616534,-0.31982347738479944,0.40929484367370605,0,0,1,4e18081b38eec23ed4ac246a9faf938bc736eb93d830440dba3e1d211d8bf841,c602bada2fd7d6818f6c3fc70e91db78fb2e7c386df9ee1287dbfe6bca165e7e,7.2971751412429375
confirmation,3538-163622-0000,test-other,3538,OPUS_VOIP8,16000,55920,True,-24.147921131258595,-24.750220897366187,-0.6022997661075937,0.43928804993629456,0,0,1,1af0d784d3b7ef61ae59d935f056a244a227bcdcde5c12962590f0555e7571d5,545e7c596263012e87ea47ebfdbd827ceb8d656153f0fb10163c25fa0f5802d1,7.528469241773963
confirmation,3538-163622-0003,test-other,3538,OPUS_VOIP8,16000,36480,True,-23.450112496995427,-23.915336407852553,-0.4652239108571279,0.659213662147522,0,0,2,f59cd8b236a193bcf245a0eda524ead4d5070dc1c3196a3ce81d6fbb502614c7,762204eeb60d37fdbfbf50b5e25206f36cf6df6f5a6ad75a22843003fedae006,7.343859649122807
confirmation,3538-163622-0009,test-other,3538,OPUS_VOIP8,16000,69600,True,-22.845867974237557,-23.364208205368936,-0.5183402311313771,0.5353866219520569,0,0,1,a5f96d06ee71c1de778335f3ef0d5a7b99333c87d051658616ac1d9447b293d5,f34c474399e9655d92bdbc28d79d24393faa78a12bf7b3e38beada3f8d72adc8,7.525517241379311
confirmation,3538-163622-0018,test-other,3538,OPUS_VOIP8,16000,178080,True,-23.2270386163199,-23.504862989351057,-0.27782437303115765,0.6006287932395935,0,0,1,3f80aa3c3cd05957f0f363dd197db0876686674dc2537668cc22f67f1270484c,e7d6c1c0d096d5996d97e84cff90b89bf6de056dad1e71032c36679004c67092,7.407726864330637
confirmation,3538-163622-0020,test-other,3538,OPUS_VOIP8,16000,76560,True,-22.172082230843756,-22.644054959057847,-0.47197272821409253,0.5069655179977417,0,0,1,de966b0a691d01300ca5245ebed7cceddb33e7e0bc1aafe97a242444d95602cb,6a4925d880cbcda2adfdee2942892083c6d913545d4236bc55a009ec4a0c1f85,7.3997910135841165
confirmation,3538-163622-0023,test-other,3538,OPUS_VOIP8,16000,56720,True,-21.16354121429456,-21.624381316528748,-0.4608401022341863,0.6897512078285217,0,0,1,1e7e0f7a866826f0a1ae49bec171dca527732c4724dc25a1f3b9ab374ea29e89,c7e988078ff980586c9fc636ef36df7af25817f8a5950560c018967b10523830,7.320733427362483
confirmation,3538-163624-0006,test-other,3538,OPUS_VOIP8,16000,92720,True,-26.21403328896262,-27.252704668784734,-1.0386713798221103,0.31334054470062256,0,0,1,c7bf8859d57ff299e597ab372ebea638fd9709c97c8795ea09cf7e16de07c76d,a396921cccc951c63ea0201db294ca26ac060cf3f7c2c4b65dbe40989ee94493,7.494736842105263
confirmation,3538-163624-0008,test-other,3538,OPUS_VOIP8,16000,80720,True,-26.49582230269929,-27.560274330224978,-1.0644520275256868,0.2750299274921417,0,0,0,05083dc4776f40dc61993f980a0c29c5a5e3593f800cac74fd2b6a44554bf57b,43a2e6e373909fe976ff27f26ced54cd346c654609ee4ce8c6468e43126855b7,7.449752229930625
confirmation,3538-163624-0013,test-other,3538,OPUS_VOIP8,16000,68720,True,-25.815629220406485,-26.76833678159039,-0.952707561183902,0.30796098709106445,0,0,1,0a2cd6aa6165c4acd7cab82b1f3ad910b4c0a46f52c49b0f24009ecc8d20dd87,0a99ea5908b745c187e9aba9c14346c2e6e25318e6a27b523fafec5de57255d5,7.457974388824215
confirmation,3538-163624-0020,test-other,3538,OPUS_VOIP8,16000,127200,True,-26.030697155325324,-26.938923544397255,-0.9082263890719311,0.521142303943634,0,0,1,b513249235045b5987cfa217c296b97152fae2d0c3ddd0e705daec1a0f719990,9dccf48dcfaf624e805a955a59269c865701087a37c2e653c7a3396831917768,7.342893081761006
confirmation,3538-163624-0021,test-other,3538,OPUS_VOIP8,16000,86560,True,-24.737393259516864,-25.70607171176396,-0.9686784522470964,0.40291306376457214,0,0,0,8ff1bbce4e51ffd3cda501fa0e6350b26049894629dce115ee44f13a4f918e65,d9e004c066984ee0cc43cf043f0e93257738fccc540fad2c3e2fdd60c2933004,7.492791127541589
confirmation,3764-168670-0000,test-other,3764,OPUS_VOIP8,16000,140800,True,-26.455992794570346,-26.968762217988818,-0.5127694234184725,0.33792877197265625,0,0,0,09b7cc49656077391540bd7e98031daddc714f5436fd40bd86aab7b1fef609c4,aa10d218611dfb050ba8d74dde1f08afcca6c0baf53ce9d02d30588fa4ca4ba3,7.137272727272727
confirmation,3764-168670-0002,test-other,3764,OPUS_VOIP8,16000,44161,True,-29.8088045715468,-30.757711384811405,-0.9489068132645971,0.266647607088089,0,0,1,c012dca35555d00fe9e1cb253221b080743faff69bc0dbe68c92dd4fe6c0b01e,fcfcddca6a934fbc23bc7d9449d1579fdc1def372a14015ee60e7556c2f34937,7.141867258440705
confirmation,3764-168670-0017,test-other,3764,OPUS_VOIP8,16000,126560,True,-27.713644926093867,-28.460498048985322,-0.746853122891453,0.27842599153518677,0,0,1,494e21d37659f6e8bfb353647afabd74f3e1dd8067f111fc7b52c78c0ec16383,bab66635198729b419b193df5db6ca848cb5b2d6ce100fa8c7c80f0568ed706e,7.436662452591656
confirmation,3764-168670-0022,test-other,3764,OPUS_VOIP8,16000,112160,True,-23.714116136229386,-24.13319382945325,-0.41907769322386457,0.6920378804206848,0,0,1,aaf6b2d40a712285a46f9a300b707e133d0e1fdfc62107488767e64ac2279b81,36329935eff310c3363e4fcd352d19655d2d685eb76584d389d26739b54890ad,7.076747503566334
confirmation,3764-168670-0023,test-other,3764,OPUS_VOIP8,16000,72560,True,-25.31447446213405,-25.655268583086116,-0.34079412095206624,0.4703255295753479,0,0,1,c729d27d388678a343fc3b883199162212585f7d54d9f36866c471fe11829c0d,d0c8e6cf4d121c6c99d60a2b2b0b880d036e7d763ca0a388f51e32fa24ebb4af,7.544873208379272
confirmation,3764-168670-0025,test-other,3764,OPUS_VOIP8,16000,56480,True,-31.404675878514155,-31.821951048757168,-0.4172751702430094,0.22956998646259308,0,0,1,91bad35e72beaa5f1d292d68dd1fa5a7547ba495e41bcacec74322caca67881f,ee6619f41357940b85fd576990c5859c1571e5a3e8cb2133c036002c96354d09,6.9824362606232295
confirmation,3764-168670-0026,test-other,3764,OPUS_VOIP8,16000,72160,True,-28.477502558534347,-29.449545267740813,-0.9720427092064634,0.2951621413230896,0,0,0,268aad0d6805bcb9ff1e39780a016303dcea80403a993b5268df9214d7ca8f9e,6cea489cc6021bb91786151953c8685ecfe2a431f1af067597821e046ad1cff0,7.081152993348116
confirmation,3764-168670-0027,test-other,3764,OPUS_VOIP8,16000,56160,True,-28.937746297826784,-29.590503154833264,-0.6527568570064788,0.2807673215866089,0,0,1,e65e49ce5a2ef5a3416a986e7b91a3520c40909c364f6b0722d51ad071f81f8b,28466437383920c5f86344f0b4e646076cee69a55df467e57e344be74db95d03,6.709971509971511
confirmation,3764-168670-0028,test-other,3764,OPUS_VOIP8,16000,214960,True,-26.822285747193547,-27.41822092260621,-0.5959351754126598,0.35186389088630676,0,0,1,4914dfde8c488bf108e5a6ca3eb8a367a7b3f49ff412739c70ce32e1c1afd9ce,a59cf839ebace096b7e4083ee8359da2a6d2c34469fcd2d6cacf0f6d347ade04,7.486118347599553
confirmation,3764-168670-0029,test-other,3764,OPUS_VOIP8,16000,66560,True,-28.648379430195057,-29.346855406384314,-0.6984759761892552,0.2776590883731842,0,0,1,a1f54b4564bbee049ff61c390f053046a536da40aaf5534427d64c4ca6d88cc6,4fb2298cc42080382b2e3efd3bb82ec2558c0e9c9472ac474b0d8fa665695d38,7.396153846153846
confirmation,3764-168670-0035,test-other,3764,OPUS_VOIP8,16000,101600,True,-28.181815300972296,-28.675807608653724,-0.4939923076814256,0.3066619634628296,0,0,1,f9f2e9428a164a2baf14f28963dd9f2e29397e31f012249be6862e1c35eb1547,41f4396f823976d6de2656d3643a82ca135967d8c5975124804deb96766a909a,7.327244094488189
confirmation,3764-168670-0039,test-other,3764,OPUS_VOIP8,16000,50721,True,-25.89717353730514,-26.51025532783661,-0.6130817905314658,0.3183457553386688,0,0,1,79e3f8c674ba67d2ddc889bb5292b4cabfc57b51ee551b1e8772d8135a530d05,10badb2370d63b8b40557474b493a20be0559683e12deabedb7f8b18495dff69,7.3664162772815995
confirmation,3764-168670-0041,test-other,3764,OPUS_VOIP8,16000,71360,True,-24.279593026349822,-25.332860235849402,-1.0532672094995772,0.7300364375114441,0,0,1,5862862ebbd35433830fac123a3fe6edf241d42155dce75e6b8f2b964ba313f0,3ba29ece56304e9b973f088165ea03f0ea4e963fed55222a2ba2d1bc15f61999,7.318385650224215
confirmation,3764-168670-0043,test-other,3764,OPUS_VOIP8,16000,114720,True,-29.12237020418802,-29.838335605619765,-0.7159654014317468,0.34839344024658203,0,0,1,ab8372636e4c10891ea519d93166c1241be326f19e07ef6a5dc7a1e2a58d9e68,1b2e9866696a14150c2e95d55a88e6603f53833519fc294a60e432f5bf9e5e20,7.2133891213389125
confirmation,3764-168670-0045,test-other,3764,OPUS_VOIP8,16000,260240,True,-26.41332803500986,-27.121721096044475,-0.7083930610346121,0.3831517994403839,0,0,1,b968d0615bd4c96b92ac4bc981ef78797b5963ab5b01284fb33c20870c6fbe01,20ce8e9df6fa22706466d9f125d6e93460c31929bcc355f1a2b40b60892e2600,7.564217645250538
confirmation,3764-168670-0054,test-other,3764,OPUS_VOIP8,16000,91040,True,-30.949249285190557,-31.70905507914776,-0.7598057939572029,0.24179433286190033,0,0,1,7cf6511174b39c748d0af853af324820e16eaa51386b14ac65637738623bcdfe,43a7e28516fb5e22d2cd1b49642654a8066578388cceee0ecfba5ce544379fb2,7.275922671353251
confirmation,3764-168671-0004,test-other,3764,OPUS_VOIP8,16000,152400,True,-26.7124462607239,-27.45334376092062,-0.74089750019672,0.5404468774795532,0,0,1,ab87e9a42d96534eafea24c9044026b0b0000fee70585cd7485ec86984a80b27,5b2b1a4a66cad2a1ab08891f8048c953dccfcb15b15378a7810b9129e970efa0,7.4473490813648295
confirmation,3764-168671-0005,test-other,3764,OPUS_VOIP8,16000,140160,True,-27.11149256022241,-27.964281177251046,-0.8527886170286371,0.32096245884895325,0,0,1,e3edbae5138b3ad708784ec32cfd5a5b30b9b599c91591e0e4e5ad01f3b8acf0,e5342dd0af2bc9216039c63be9367d71155fa07bcb7774a86467fac4311aae1a,7.538812785388128
confirmation,3764-168671-0006,test-other,3764,OPUS_VOIP8,16000,63120,True,-27.400263818272773,-28.25253323691156,-0.8522694186387874,0.302328884601593,0,0,1,b91130c609e6f53492736816435da05ffa97d1d62ab309321e162f9b9e8019eb,1c6c34b89b04cf268d1e4b5dad022cdcd8a4e15eb104243305ba11a9333f7fd3,7.369328263624842
confirmation,3764-168671-0007,test-other,3764,OPUS_VOIP8,16000,130480,True,-27.305604600131392,-27.91242312730505,-0.6068185271736587,0.40088951587677,0,0,1,08bc09741946cceaf776c6c07e4b59469b389febaba02421e0582d43710f5216,6a93959abe0979ca23b4c0790dde2ac25a53d70ec53308103d129cca6cdb8d39,7.516370324954017
confirmation,3764-168671-0014,test-other,3764,OPUS_VOIP8,16000,62160,True,-28.87988764709345,-29.572589481400044,-0.69270183430659,0.3043760359287262,0,0,1,42e67b45f535b3eb8c05d47538145cb32ea6d020b91cdcc52f3fc3c9bffef1a9,b61c5cea55bf846b3fe76c851bfff563ea7adbf4be222b51377a53b5fbc05c14,7.166023166023167
confirmation,3764-168671-0015,test-other,3764,OPUS_VOIP8,16000,86000,True,-26.067998088707007,-26.6778454973758,-0.6098474086687967,0.32261085510253906,0,0,1,c72bcb0d64bd7b367ab15236f405d64ee848a1214fb7dd920835f9d8dc0ee33d,d51625a941710321598585be711bb27d388c595b1ff54f7631f6df925ef5cb8d,7.67106976744186
confirmation,3764-168671-0017,test-other,3764,OPUS_VOIP8,16000,46080,True,-24.662446044243296,-25.154719041515342,-0.49227299727204415,0.27621403336524963,0,0,0,7c478ba573f10e4403eadfa8c9225271ea035204a1137e01edb0a9eb8e2c0ce0,4859653bcaeba2b670ab38281f9db73a5e0a6b2486d56e09a481794f77cdcbe4,7.519444444444444
confirmation,3764-168671-0026,test-other,3764,OPUS_VOIP8,16000,89920,True,-27.544323741218186,-28.407953272637457,-0.8636295314192741,0.33169832825660706,0,0,1,6048a26f58d747078fd20f978db4d62a38c1544734342b8555648b8c2a3de14b,e127b9a00e933f0f16428091fe41176c880fbd320ac8fdc62c0a051819689ecc,7.488967971530249
confirmation,3764-168671-0027,test-other,3764,OPUS_VOIP8,16000,74160,True,-27.425346675496968,-28.02089525600939,-0.5955485805124204,0.2732697129249573,0,0,1,a5cc0ea3d3c32667a2fe68554d198bda8645013a03ac88a5a793820a6b1958ac,5c24eafddb3e2c2b2a4bf20f75879f3a154c658efbd9536f37c0c0e17f77936b,7.482200647249191
confirmation,3764-168671-0032,test-other,3764,OPUS_VOIP8,16000,69120,True,-28.198247158842836,-29.323442605650953,-1.1251954468081178,0.46861347556114197,0,0,1,8214079061dfe542d6e27e4783c6746990476437b1bcd1302dfb010d3c884d9b,dc3d68c5277af79711103b6e449cbf670df3a2bba141ee137ce77aea50308e0a,7.12962962962963
confirmation,3764-168671-0038,test-other,3764,OPUS_VOIP8,16000,50480,True,-31.12442387048098,-32.2731992712832,-1.1487754008022115,0.15569525957107544,0,0,1,04d0fc51bfd6785af5fded7b3cd1e46b589c0584927351ec1fda7e1682bba546,3c930bfaa9dcf4e24b11095e951d2a70f1c5bada4344bc2db071a08941f5172d,7.307765451664026
confirmation,3764-168671-0039,test-other,3764,OPUS_VOIP8,16000,46480,True,-30.608022378484975,-31.160812482166804,-0.5527901036818279,0.17195461690425873,0,0,1,25875fb4835767eefe60bd0159380afaf3f9b7ae38577b6bb71fcd0463ad86d1,99eb3d8e47ae85d8a96720641af8f0ed1acb287b9d2c86349c425a5981e70abd,7.201376936316696
confirmation,3764-168671-0044,test-other,3764,OPUS_VOIP8,16000,95840,True,-28.20389992814503,-28.743454832053033,-0.5395549039080024,0.17945198714733124,0,0,-2,98e2bba5d48d8efa1c52c9898c1b2938558ad66762fe856859f953b1a4d8f840,211ebbb87f4ca2b0fbdde1efffc405433e467d0a7d9fbd41e187187e9f85d826,7.587312186978298
confirmation,3764-168671-0054,test-other,3764,OPUS_VOIP8,16000,26560,True,-28.425409056129716,-28.936238882909812,-0.5108298267800928,0.30748698115348816,0,0,1,a2fdb32852b0b815a9bb22041e2fce1bec399cd58f80b7494df5fcaa5040d2db,4d95c590b8224f1520748f0fe5caa3ec5f4ba1e0b633a4f4eb10d6659fdc40e8,7.219277108433736
confirmation,3997-180294-0000,test-other,3997,OPUS_VOIP8,16000,127280,True,-25.94485795082167,-26.6266734393697,-0.6818154885480303,0.5400492548942566,0,0,1,1f6ba9831c4fd98c30d86f99c6ebe875e8681eaa7091e907c23e504f713f3a8b,18df18f13ac3317e1af075ed65a86af9e7fb0bd172d8f87643ea44e9666ba4ff,7.537397862979258
confirmation,3997-180294-0001,test-other,3997,OPUS_VOIP8,16000,91760,True,-26.917755986288185,-27.63347234219435,-0.715716355906168,0.4418860971927643,0,0,1,9ef490355f3f0f4ccecb93f8e3b4df919946d9bf2dbc81e623d328e61ab69ece,521c2c8a50b802f49da2c35bee5bf988c975e9905b7e105d8000ba5467af1c7d,6.68875326939843
confirmation,3997-180294-0006,test-other,3997,OPUS_VOIP8,16000,226000,True,-27.186629872841166,-27.954361227712987,-0.7677313548718174,0.5141875743865967,0,0,1,c443ee89211aa89f58b5c3470e0350470855751682f642d89efaa382be48e023,f9a104041ef5891b4363811e38049ffdcea575cf8f6f1ca41b795f82e1178bad,7.376991150442478
confirmation,3997-180294-0007,test-other,3997,OPUS_VOIP8,16000,347040,True,-26.22480939144589,-27.072605108481294,-0.8477957170354031,0.49905237555503845,0,0,1,215c0abbb765911b480f94480ea478a5cc2ef8cb48743c37b99ed632965aad9e,9e3056c1a7cdae9c4de9159bf80dca7aa2a84d4d677d4382febd840a19400340,7.401751959428307
confirmation,3997-180294-0009,test-other,3997,OPUS_VOIP8,16000,307600,True,-25.683019057639275,-26.324043303709242,-0.6410242460699691,0.5571190714836121,0,0,1,431551d6aa7fac4bf5000e3a6a2323a6282d408bd4c270a097071fa2347612d7,e95a741deda27c3429c43ae2f722f0d6304f81b30e18c7c48cefbe3d8fb29ed7,7.479011703511053
confirmation,3997-180294-0010,test-other,3997,OPUS_VOIP8,16000,138080,True,-24.571554213668726,-25.404789718791,-0.8332355051222742,0.5618979334831238,0,0,1,fb07468426511b73a58b3bc8c8ec7e8ec2ce99829094f8d2523a8a19bcc587cd,23c8dad1474515b44bb7710793203e500b6f73a1c9ad5f34f710e3d07f2446f2,7.365005793742757
confirmation,3997-180294-0011,test-other,3997,OPUS_VOIP8,16000,53040,True,-23.43833907845744,-24.229430368713576,-0.7910912902561352,0.5697615742683411,0,0,1,a22c44933d43eb5c4d9f8a742bc939471295e261b7694f4ce581d0c1b0e0947e,473225b2ac071a84b6133148cb8805038e8f58d7e217e01f82c8fa8fa31b2807,7.353242835595777
confirmation,3997-180294-0012,test-other,3997,OPUS_VOIP8,16000,304560,True,-24.772247779099317,-25.39196949836777,-0.6197217192684569,0.6414799690246582,0,0,1,0fba487c919c6a771a8398d32c8c8698117fba8deac9d6e961465f07828db5f8,ac1604a8642d292514cd31435541c55d3b59aaa5dbc5ab9a81b7f12c6c2daa99,7.463724717625427
confirmation,3997-180294-0017,test-other,3997,OPUS_VOIP8,16000,65760,True,-27.612292724152383,-28.476115397613533,-0.8638226734611525,0.37529197335243225,0,0,1,87db99c9b5e4ca3163d4b9a815412744a53aa2a8695fb4762a77d89313691bb2,7cc07c3d4b63cb092022443333369f13cb262bfae09e8fd74a6eeb1a670de3ef,6.923600973236009
confirmation,3997-180294-0020,test-other,3997,OPUS_VOIP8,16000,37680,True,-22.935226336978275,-23.7661337901342,-0.8309074531559253,0.5430331826210022,0,0,1,b7a3b4e37889df5eda20e220e934ddb208652a1d2dca708e754d032c49590d8b,8d29678f91898d7375e5e342a88195d3c2617fba149cbf340ec3a75e7ff0b473,6.461146496815287
confirmation,3997-180294-0021,test-other,3997,OPUS_VOIP8,16000,123520,True,-24.769635672495504,-25.508185725041802,-0.7385500525462974,0.4663764238357544,0,0,1,8edb5168431e450f3daefa34389c7515f2fb6cdc5556fbda83f9ca533e1f2c05,3324a6c7081574dd082bed652454e1e76bc9143311734060cbd67d463c6922de,7.414507772020725
confirmation,3997-180294-0026,test-other,3997,OPUS_VOIP8,16000,155520,True,-24.407883002143183,-25.214007964736673,-0.8061249625934945,0.5766705870628357,0,0,1,4a7a198c9462915e02a61af076c4a6f19c5a8905962c0b97069ea7d0a920b938,37641f1d9c46f346548ade90a41fef04575b346735844d2e6c7f6adaf4a69c3f,7.422222222222222
confirmation,3997-180294-0032,test-other,3997,OPUS_VOIP8,16000,36560,True,-28.00619485171033,-28.597744996306975,-0.5915501445966498,0.43243929743766785,0,0,1,c86ea08f9fd3e932ec3f49c94c94b175bf5e133457ba8a5947a4b32ea9f44866,9a7f1e290c002d37eeef4170f00502b7f0d60ab8a74631a059dac6a5d652a776,7.226258205689277
confirmation,3997-180294-0033,test-other,3997,OPUS_VOIP8,16000,203600,True,-24.496812487181078,-25.104584068844108,-0.6077715816630288,0.6282332539558411,0,0,1,72cb4989de0aff85c51d5a4001e3215b0d394153c796b3b723b24a4e8570a65e,e7424a27fda2e78d503601fa714efb124c3676c9a96ad6fc17de607084185cf1,7.468762278978389
confirmation,3997-180297-0000,test-other,3997,OPUS_VOIP8,16000,51280,True,-24.75122821874503,-25.66780643555849,-0.9165782168134624,0.5138949155807495,0,0,1,3332b144fa13c80685977a549dfb74efb0c56560a093c604c4b7517b1ffefc7b,468ad1a1b7e23730190c9d11f428b89e1397a128ece6b4edf13b8723a1060382,7.410920436817472
confirmation,3997-180297-0007,test-other,3997,OPUS_VOIP8,16000,40400,True,-25.740259234857557,-26.32290835715386,-0.5826491222963014,0.5705292224884033,0,0,1,7035e692b2eb392c65577bee42ea9e7220c3a48609f65a1ed44be5c1f66681bc,0ddac4a8ca0b14d9e1bb9f1fadc4c2e2d5085bd4dd1a673e62b2b6728cc6aa1b,7.1065346534653475
confirmation,3997-180297-0013,test-other,3997,OPUS_VOIP8,16000,353920,True,-24.965879856197052,-25.92146874494015,-0.9555888887430963,0.6152895092964172,0,0,1,935d5c3582143fbc3fa18ab8eb0f61773ea98a65ea66a6da9718339cbee5d94a,ac382604d9c0e98d1854affcd43ad513cf63e8924d1169fbd6efb9d523be1398,7.456781193490054
confirmation,3997-180297-0015,test-other,3997,OPUS_VOIP8,16000,93200,True,-24.555928688947738,-25.676103777742142,-1.1201750887944064,0.47425952553749084,0,0,1,6cba9c2d854e404e8ad69af61ff1641ebdf9eac662d64042e175d51a26232540,27adfa39a437b931eed435a4aaf9f7a0593c08978e25a028158142b233c80446,7.441030042918454
confirmation,3997-180297-0018,test-other,3997,OPUS_VOIP8,16000,51440,True,-24.291393181355083,-25.01420518384276,-0.722812002487676,0.4644021689891815,0,0,1,2ab69ded3308e0c5aaea13db09dc378001096bce40a717b1d6b24f3ae751f12f,bbb265f3511efaec51a5e5ec1c96284616b79bcf3d6aec7fa2d756aeceb15ee2,7.4475894245723175
confirmation,3997-180297-0019,test-other,3997,OPUS_VOIP8,16000,231760,True,-23.885570153388773,-24.68800731675921,-0.8024371633704366,0.5520358681678772,0,0,1,7991b199d80bdea5f12eeb4bac6028f407c22e4433e59ec9fad7da973725a32c,a042358f17a0a336c54535f3cdb2c61041e0c2fbab8f5782d6338c9ea7aa0808,7.4615119088712465
confirmation,3997-180297-0021,test-other,3997,OPUS_VOIP8,16000,82800,True,-27.139924645933093,-28.01452498015025,-0.8746003342171591,0.504888117313385,0,0,1,076cbff375fba0f708363123f78f0a4a993a93ee476a4e603d7290a881f401aa,06c5c812f3ea99a80a6db3bcdb2e938afadeb2dc113cbe35962e64bef5170203,7.285797101449276
confirmation,3997-180297-0027,test-other,3997,OPUS_VOIP8,16000,83760,True,-26.915570382947806,-27.927902607151278,-1.012332224203468,0.44730493426322937,0,0,1,44881db1b82a5a681b8b091a79599656860fbf5c0fad235a632f0ac7bfed4026,672265ae267472e9ebcd5e2077e4da0daa2b948e7a4b386dd7965c051068450f,7.1396370582617
confirmation,3997-180297-0029,test-other,3997,OPUS_VOIP8,16000,35680,True,-28.91347063268678,-29.392397124770177,-0.478926492083395,0.41381511092185974,0,0,1,c2d3477c47f77ebf5397d078c5a4fec31e13d6186bc448b770824f2b169cba8e,e940fb7e997102d24665974e0674dc5a5bdd42a5f6acbce06b653763c30c487f,6.887892376681614
confirmation,3997-180297-0030,test-other,3997,OPUS_VOIP8,16000,76000,True,-26.388062305829926,-27.118010355953658,-0.7299480501237309,0.4489476680755615,0,0,1,d896f4dec8826d8c5a9ae912e2ba67dec6a97a19ccc4d569f4b8a005e56c3736,25bf86f04397fbe4967428ecbce6fe92c2321c6678f6dc155519ebb640f83ed5,6.740210526315789
confirmation,3997-182399-0000,test-other,3997,OPUS_VOIP8,16000,39920,True,-25.39567433172825,-26.002809838442005,-0.6071355067137542,0.3288824260234833,0,0,1,a4970f9fc7c0b527496bbb3febb33205029cdd6791995ab3f8d1534e2d2cacd5,ebbf87b494f0423a3f73441b94b909b6d93665183a99b62eba8a739df268f9a1,6.7687374749499
confirmation,3997-182399-0004,test-other,3997,OPUS_VOIP8,16000,84800,True,-26.346087625968106,-27.018274602034367,-0.6721869760662642,0.31986314058303833,0,0,1,e8d3fea2d87a1690739ca0bab6646b5e4dffed794bfdd4325eb4144da62b845e,a34f17ca5fd5038ce8f6aed7c3b27936a2009e9c08a6f3c4dd461c89d3da7431,6.824150943396226
confirmation,3997-182399-0009,test-other,3997,OPUS_VOIP8,16000,45120,True,-28.771085462355792,-29.76642320586777,-0.9953377435119799,0.3493019938468933,0,0,1,def189d7e445eeb65afa7e882fe6f60325fc82ba29333199b0c935db19c94ff2,00da90cc206b8c5f8b091fd190afdc8f74ad8b2e494fc5e298c09a37302dead9,7.100709219858157
confirmation,3997-182399-0011,test-other,3997,OPUS_VOIP8,16000,104560,True,-25.52093192860572,-26.1059347323106,-0.5850028037048802,0.43678662180900574,0,0,1,b4f3c0bc920007747dc6b166bed595e74109dfd431af8fb3cbf3812ab424bd96,30ff09cc8f7678d139ab0c74e9a59146e337d202c553a4e561229a13c79b97cd,7.491966335118592
confirmation,3997-182399-0016,test-other,3997,OPUS_VOIP8,16000,53040,True,-22.6237479791223,-23.688785358833083,-1.0650373797107828,0.4205871522426605,0,0,2,be0f8b5a5d6d290b50397083ea3b6c131c07b768dacf55e77710e25ab4d4c2c7,1a6233492244c32c68cadf260c088bc9bc100fcabf40b96a4032d32ab9c322ca,7.2953242835595775
confirmation,3997-182399-0018,test-other,3997,OPUS_VOIP8,16000,135680,True,-24.374259532799964,-25.23480447630243,-0.8605449435024664,0.4329991340637207,0,0,1,49181dbe0cb7c5f2a4a65a184d042238716e4f384f6b9c284c59993943beaa07,a59d21ec0fb1b3f4126a17a234c8423f9c6b6e7d140e86eacee974f45a715b84,7.379245283018868
confirmation,4198-12259-0001,test-other,4198,OPUS_VOIP8,16000,153920,True,-25.258106137714435,-27.277011784780093,-2.0189056470656626,0.4946497082710266,0,0,2,318e8ef2d47922748375fce6c547031c472126929972e6d054394ce44a12aa69,9fc474d3d9ae57fd053f854889ca3dda16896208794e56460e7033a98fdfc108,7.378794178794179
confirmation,4198-12259-0004,test-other,4198,OPUS_VOIP8,16000,129200,True,-25.542728828537655,-27.45098882066513,-1.9082599921274777,0.6169615387916565,0,0,2,ba439029eef0556baf0c35665b7be2d1ffb3ef4b3665b99e0925c2cc6c853a7d,c9b02f6415b54db2c781372db5804474c0683760d0ca6ebd3c953ef602184973,7.241114551083593
confirmation,4198-12259-0007,test-other,4198,OPUS_VOIP8,16000,47200,True,-22.124828062603974,-23.755636286544263,-1.6308082239402864,0.49105459451675415,0,0,2,5ff9a45be2fb9c053c8c6c35defcbf9f6b9973432ad0ecc2ab657bf9608313af,63771baf585c41baa6684dc49d3bafd72599aa4a03409f8b39ffb67069e8849a,7.20271186440678
confirmation,4198-12259-0008,test-other,4198,OPUS_VOIP8,16000,270160,True,-24.723411237608666,-26.50749415845989,-1.7840829208512277,0.6524062156677246,0,0,1,c318d403fb2f1521b44470c7aa41bdebcbede023c31a5100a07746d7b7149678,771f491b6a7ed45f15abcfa43cbe466780934d1f579a98889a6474797eddef74,7.348060408646727
confirmation,4198-12259-0010,test-other,4198,OPUS_VOIP8,16000,62560,True,-25.62206913799221,-27.22673337818176,-1.6046642401895508,0.3283035159111023,0,0,1,5ea6b9d99274a4b1e6847a9d6df265ace5b77b84ea870c45c375c694de9a2fe6,094ab73d023c26a243d7fd3a385f3efd5ebccd542979dc39ae39cd16bf5cbc25,7.394373401534526
confirmation,4198-12259-0011,test-other,4198,OPUS_VOIP8,16000,55040,True,-24.43841078405109,-26.461133421599044,-2.0227226375479583,0.512732744216919,0,0,2,1bc9e9b8b7225794a983dac030118af1a16f103f2a771abc3edd3695acd44f1c,76ec2c2b571e46480d70011a82fccfcf561c1cd52ee31128ec5e7cb7f90ebef0,7.388372093023256
confirmation,4198-12259-0013,test-other,4198,OPUS_VOIP8,16000,55920,True,-26.212823969362418,-28.21334072192,-2.0005167525575827,0.3330722451210022,0,0,2,9e5896fbd4e72e64a1f71fa7eeeeb7b84b18c49833efa7595cacb2358d3569a4,2d55e631f7296805d683873b27b2a348d4b92586feb9888f60fe2f46e1c45822,7.5078683834048645
confirmation,4198-12259-0014,test-other,4198,OPUS_VOIP8,16000,39520,True,-26.115077312366953,-28.905847331717574,-2.790770019350624,0.37346023321151733,0,0,1,9eebf0a4a3fb0d677658ca2ebc7f615e79c17f8c477ad36bd39a38a3c6015aa5,e6d5d9112af443e78b4f49329b86a018cd0b53a77882e082325899130cf09874,6.921457489878542
confirmation,4198-12259-0017,test-other,4198,OPUS_VOIP8,16000,36880,True,-25.94430651006491,-28.28890709102182,-2.3446005809569073,0.28507477045059204,0,0,2,396185b4da03ef014fe8371ae881a4441e96b6e26d8b138d384f7004318e10e5,525fe359439bc6e53209df0ca77f796463c61356e478cc999f9f8b92f06901f8,6.937960954446854
confirmation,4198-12259-0020,test-other,4198,OPUS_VOIP8,16000,53920,True,-24.442924964766647,-26.371230276676258,-1.92830531190961,0.37333041429519653,0,0,2,64955ce1ecca6b1fd6f674ad40e2d22997cc2107c586b90ca7e20ae661b329af,a624791d0089ffffa6938b8c77ed30d3b3aa4087b6081b0ede4654ad337414a7,7.2451038575667654
confirmation,4198-12259-0023,test-other,4198,OPUS_VOIP8,16000,144960,True,-26.982619975416302,-29.481126159489115,-2.498506184072813,0.3781663179397583,0,0,2,39c0814289ea20bf80206f9fc87c60a1662f1b4fa1cfddc663b68fb99ccdda4c,5f1717056eacaeb12614157fc7835857e4c6816f509b444567c69f106b9674b8,7.24150110375276
confirmation,4198-12259-0025,test-other,4198,OPUS_VOIP8,16000,65920,True,-28.496217693587337,-31.457608833629088,-2.9613911400417523,0.2183854728937149,0,0,2,2ff5e1cca30fe1905bc46202d03297c5509ae4803a72c3f78713f36890cbb978,6d108ab9a68541793d597aeceac2c45ae7a618be4d3bb9f269ca2d1a666ecbce,7.18252427184466
confirmation,4198-12259-0030,test-other,4198,OPUS_VOIP8,16000,41840,True,-25.836176418394523,-27.86525168291311,-2.0290752645185903,0.33915430307388306,0,0,2,23b1be2972c10188550f52b97e860a5ff2a078f88bcae2b1b920455d7768e87e,4c0e00c8f3b4ed11c88ce86264868385c9f3fd962c29778ae1ada8a6187b6f80,7.238240917782027
confirmation,4198-12259-0031,test-other,4198,OPUS_VOIP8,16000,42080,True,-25.775842508317606,-27.829076073595182,-2.053233565277574,0.3979684114456177,0,0,2,09bfd593301bdc96ea04c24fa051a97b86b05a6a738cb70bee4cd7623f26136a,575ac08a409f8df1f7a8cd0e4eac3dbee43d363bf804f8a37ba13620271b25f2,7.160456273764259
confirmation,4198-12259-0032,test-other,4198,OPUS_VOIP8,16000,186080,True,-26.020081576643545,-27.993000824043964,-1.9729192474004187,0.3821805715560913,0,0,2,d22ecd61a9912a9e6111319fba7de4496609eb50bcbf715e131bb55f419a6552,e555911cb3592b0a396c7e5d4855d67cee908af55561cafadd41e70fff07f310,7.261220980223559
confirmation,4198-12259-0035,test-other,4198,OPUS_VOIP8,16000,119120,True,-26.745795965963374,-29.02192496465198,-2.2761289986886095,0.4715377986431122,0,0,2,3e86c71733ff811739a215d989c66e540f02c3b15c2928f950abfe57f7f8f4ef,41aa0f3035af29b05e59a17184b36acbbdb665d30a1f8ea17568d4c041ec1e56,7.4573539288112825
confirmation,4198-12259-0036,test-other,4198,OPUS_VOIP8,16000,46400,True,-23.935522975298657,-25.558901789580197,-1.6233788142815422,0.36443132162094116,0,0,2,1677469732b4cae9d8b85937fa941fc64f28a3628c99ae793cb081690fe9b337,14e84604a408871d92b1373abca3328d8cb61d98cb996ce94098ac67e96bd08e,7.238620689655173
confirmation,4198-12259-0039,test-other,4198,OPUS_VOIP8,16000,83920,True,-27.815208658728938,-30.571237156987063,-2.7560284982581233,0.20989510416984558,0,0,2,a6f9c6060163bf30d09ab0f95837a2956409153004a6135fffcfb84b82b46555,d4c06922728b615b5aea3fd7190b7276b02aecb84021b0309e0c51fcf1c16180,7.3258341277407055
confirmation,4198-12259-0041,test-other,4198,OPUS_VOIP8,16000,48640,True,-28.377260561611166,-31.698773876467477,-3.3215133148563076,0.4372052848339081,0,0,2,8da76b3e1fae7e33dae23ed0b91186dad0623554c4b6ba4ff77d580ce7ad1cbb,90e35d30bf3709660432b8cfe74cec64bcae669990f00a65c1d830b472dc0c3a,6.765789473684211
confirmation,4198-12259-0043,test-other,4198,OPUS_VOIP8,16000,56160,True,-27.197753006464804,-29.719519476340555,-2.5217664698757476,0.2666211724281311,0,0,1,1d75ba89103ffc16466009eeafe698ff19398e1f2e98ff66cb2d995993a44e78,66e4f37b1949ffa7930656dcf86bd8ffbc15903990b26355a12dca3fda4d5b80,6.837606837606838
confirmation,4198-12281-0000,test-other,4198,OPUS_VOIP8,16000,299760,True,-26.06584965072028,-28.049093600982502,-1.9832439502622201,0.45966169238090515,0,0,1,4008b37e05363283a1a3f4f14521f0e53edd095accb474d3c171bdfe6c7eb1b7,d1688d0b5ddbd793693700c4355f08a5d12713646b0c19ba23b477d49dc7de75,7.4056044835868695
confirmation,4198-12281-0003,test-other,4198,OPUS_VOIP8,16000,129520,True,-24.93198819281565,-26.69743671709273,-1.7654485242770823,0.3629595935344696,0,0,2,9960c452a59f829d32507ca0c0a530a49ee10d92dc07767eab38e6306e3b5b77,bf3486f3e016c4b2a002b13ae39ba0b25494383925b584efc153e07b062c7ce2,7.223224212476837
confirmation,4198-12281-0009,test-other,4198,OPUS_VOIP8,16000,296720,True,-27.172483683553953,-29.6494856141909,-2.477001930636948,0.4342450797557831,0,0,2,83487cfc91aa185f0106012e94e24a2c01414011240827c9eeac13fe8a9c4c14,6111c2e45cec5005ef688613ec0170504814ea4d78a58436164774bd5d338431,7.377514154758694
confirmation,4198-12281-0013,test-other,4198,OPUS_VOIP8,16000,186400,True,-24.767915780029142,-26.393584442068395,-1.6256686620392489,0.5380223393440247,0,0,1,d5fda487d5302d0fb9bd28e2c83bc4e9d8c32598b50738494fa178de18e624f4,590d6490bcade2388e0506549cf82a9d62d1edce58a4e184dbb9e73830b17583,6.8394849785407725
confirmation,4198-61336-0005,test-other,4198,OPUS_VOIP8,16000,207440,True,-28.995674508101157,-32.218633451736004,-3.222958943634848,0.4203518331050873,0,0,2,e24c655d382fa779c9c3d118af7549d28dfe7051eb67c5687ec6cf02d954c1ab,f1aa87e9fbc584d9f8e5e53135dd6c973da1843cdef2f340818b2e22dd3bfef6,7.492171230235249
confirmation,4198-61336-0009,test-other,4198,OPUS_VOIP8,16000,114000,True,-28.82638919263226,-32.91166858888371,-4.085279396251445,0.4266324043273926,0,0,2,f70a9e4bc4415ad1aba28ac58b3294f4ddc42a196d38da2f1804528b24fe26ac,a7e8a35738d69ea77b619773f5c92e287f3ba277d921737826801cf42be52f29,7.327438596491228
confirmation,4198-61336-0010,test-other,4198,OPUS_VOIP8,16000,86160,True,-29.753904546254347,-32.23734547988368,-2.4834409336293337,0.25980857014656067,0,0,2,c343980fd07ba62f5b9e9cb40e81d13d366728bb76c511f51b102d197d4c61d7,3fc9cd628d9efb899b0674a585adf6b170dc61a64c7a3a64a5a1d79c284a01e7,7.364159702878366
confirmation,4198-61336-0012,test-other,4198,OPUS_VOIP8,16000,122240,True,-28.15060690121883,-31.40114211200883,-3.250535210789999,0.3781687319278717,0,0,2,bccd22cf592de826b5d86bdf05bbfe89ba62f9fa8e526a493ec479b018aa3544,f720894487a0e6904062fd5865218541d8dc767886d557c954b008b27d7ec500,7.557068062827225
confirmation,4198-61336-0023,test-other,4198,OPUS_VOIP8,16000,66480,True,-29.922950835070242,-33.11044653652842,-3.1874957014581797,0.17899921536445618,0,0,2,04f5eca474a54cee548af35a023e277399fa4a56504e1a8f8433b62f045a83db,6fb246fa940e8e0b6a97dd8c7516afebd1e11696961f90a8b5ba40bd498980d2,7.293381468110709
confirmation,4198-61336-0027,test-other,4198,OPUS_VOIP8,16000,56480,True,-28.91525781621345,-32.13843978522647,-3.223181969013018,0.24739816784858704,0,0,2,ab848bbe3b96605fb4b37fb1158241f7ae1c369578c615cd5b5fea57b7cafc9f,a531e3f52564fb61d2d582670a00927805d00e81b700c8c08f333ce5b0465893,7.172804532577904
confirmation,4294-14317-0001,test-other,4294,OPUS_VOIP8,16000,192880,True,-25.516638272140447,-26.051043523518487,-0.5344052513780424,0.34443700313568115,0,0,1,3346043fbf9f28216805a69c38c5a234fff1acdbbf1fd89304c48c996258a4cd,e2da956053759c8ef7e420cfc99a2429e27f51ef60c6128f419b10b95a9edca6,7.511571961841559
confirmation,4294-14317-0004,test-other,4294,OPUS_VOIP8,16000,220480,True,-22.346875003589346,-22.77731495849631,-0.43043995490696374,0.45812246203422546,0,0,1,06ae914ab19795f63ade716da102462f9f47060ab2d02b185e4897d658a26669,1356769f377e1e37b93bc98c9e41854abd774a83313b06aed39ed09252151277,7.637735849056604
confirmation,4294-14317-0006,test-other,4294,OPUS_VOIP8,16000,127200,True,-23.047879866471284,-23.560220256297516,-0.5123403898262309,0.4367711544036865,0,0,1,064d02f1e1b79f5137c4edc5a77578c48316efe29c17192ead9e478f27206d41,e487f2f43e07cce5a134bdbd3653dfb35fd007a75276773f5b3087b5e3b49058,7.439496855345912
confirmation,4294-14317-0010,test-other,4294,OPUS_VOIP8,16000,37120,True,-22.56315213216326,-22.987640912402547,-0.4244887802392838,0.3680887222290039,0,0,1,b0ee053f2428413fc7f5214a24a7f3cb91b893a0356151344452f7b00f0ab6ef,767a8499d455316a18a2516e414a500435831fc4a437e61c27c7e12fb9d1c634,7.26551724137931
confirmation,4294-14317-0013,test-other,4294,OPUS_VOIP8,16000,68080,True,-23.38909275357831,-23.979557452071695,-0.5904646984933832,0.43680474162101746,0,0,1,5778bc093a14f0640c368c99c2064a4842e8a9a0d3b6709bd140a745a969916f,0a10abfa3e5da339b2a6d81fc8eff980bd691d3bf0e3c1495816ad1ac689eea1,7.234782608695652
confirmation,4294-14317-0016,test-other,4294,OPUS_VOIP8,16000,100240,True,-25.79282609842206,-26.183886717634373,-0.3910606192123098,0.334195613861084,0,0,1,08536054c5f0f14b77fee5852c03883777b627b54b54dde1f746841a7e3ff3d8,fc0f0cb9a9af55dc1d3e721d8605d5289265c58d844e98abc29b31155dfedcef,7.153391859537112
confirmation,4294-32859-0001,test-other,4294,OPUS_VOIP8,16000,268000,True,-24.974373966886777,-25.446402915381725,-0.4720289484949463,0.42891791462898254,0,0,1,41864a804d69aaec041a459912ddbfaed9fda3d7012739a7e529b003c132cddf,858061c66eff94b7d2458a773db23c2c311476b76aed9c33ea92617195757ffb,7.60310447761194
confirmation,4294-32859-0004,test-other,4294,OPUS_VOIP8,16000,173840,True,-22.770767736355598,-23.239100568947357,-0.46833283259176106,0.4910943806171417,0,0,1,f04ea29e232d304186c0cbd8f4ed8dc7b7a1f5faa45ee6fda337f5134065c6d3,078599a51ec0b9df995b3edb920ad60a03fa143a9894a6fdfb155639c71a7077,7.709157846295444
confirmation,4294-35475-0001,test-other,4294,OPUS_VOIP8,16000,158640,True,-20.790325412939076,-21.227052882194776,-0.4367274692556991,0.5237119197845459,0,0,1,7338e86ac8d6766fad81fbb46f9524ecb92a499d100ccf1ef32d02a069152129,a0e8ee8e96ccb941f05fcc2abe83fceffc6a6938bb4cbd90aed7bbc74bbe52af,7.6457892082702985
confirmation,4294-35475-0003,test-other,4294,OPUS_VOIP8,16000,152960,True,-22.100223269176247,-22.82464835090523,-0.7244250817289837,0.5384290814399719,0,0,1,d5a8de7ca461c4a4df4b4a293e6246ff06f62d571a3411fa1416de161d11a625,09a4438dc941e4101091344af5a8d52660d6f7a39bb0296d5e1ec05acf2319a6,7.631799163179916
confirmation,4294-35475-0005,test-other,4294,OPUS_VOIP8,16000,137040,True,-22.401241556854224,-22.796601979630502,-0.39536042277627625,0.5538634061813354,0,0,1,8557580797faf157744fac76339fa6e5a5da48d0568ce4e094a451b45d81d0f5,04eccb20769879c4c4f1d63fa331312c82c06736a22473e2865d1e5fff8dbebf,7.690834792761238
confirmation,4294-35475-0009,test-other,4294,OPUS_VOIP8,16000,118480,True,-22.80244991350051,-23.021709294880974,-0.21925938138046203,0.41733911633491516,0,0,0,aae70e1b4be300c4fe98de8d87916aa5583a291e0a6e6a8dbcf69a360a961545,2a3b321f41ffce064934cf300cceefded9591591300e297997f8a3c5557f9be2,7.174611748818365
confirmation,4294-35475-0010,test-other,4294,OPUS_VOIP8,16000,65600,True,-23.482417049445647,-24.04784115806898,-0.5654241086233311,0.39335960149765015,0,0,1,d02b157ab0428f49451c17aa9cbd662c78c4cdb288d7a7d80f760b326d6ebeb2,ed51fba3ca63437e59c22aa44606420222b931d2576b4b400c24340e0c09bd44,7.477073170731708
confirmation,4294-35475-0015,test-other,4294,OPUS_VOIP8,16000,74960,True,-25.04255728484644,-25.638268061206617,-0.5957107763601741,0.3917344808578491,0,0,1,b8bd40fef315b7468f2c0e213e64faae2a4dd93c6aff170383ab78d4831f0921,5d74f5b42c38be2741b604f48bf4f66bdb4405d2acbe983c38975b0b020d952e,7.357950907150481
confirmation,4294-35475-0016,test-other,4294,OPUS_VOIP8,16000,103440,True,-27.00586255989116,-27.54679973463885,-0.5409371747476919,0.3304096758365631,0,0,1,3f4b14a383e62c2df09d5ebc215313f235d84d1760ca391fdb18ac63174581b1,d523f2fff63dc4d9ba106d36ebca2b51335a0ef1153c8e65f3b0e9137a9509b5,7.298375870069605
confirmation,4294-35475-0019,test-other,4294,OPUS_VOIP8,16000,224960,True,-22.47883225904632,-22.967597197453454,-0.4887649384071316,0.5566412210464478,0,0,1,a3edd5ef7ba88bdcc8db61e3ab6a5a8294b513399053abbeedaa0e8d8e4d7606,d5cedfe05bdfdec92a93995caa28263285748b8e5adc7638bd726804b8b0097c,7.418492176386914
confirmation,4294-35475-0021,test-other,4294,OPUS_VOIP8,16000,144480,True,-20.51598973016153,-20.964256693214104,-0.44826696305257663,0.6614772081375122,0,0,1,d21ba14b5de381c09fc6fef8c41499e5f945d30898a01fe250c619e04351a8f6,7856cdd8fe9a111787d42240deedfbd1f7d4189fd11bcee13d6a718b7cdd76b8,7.575636766334441
confirmation,4294-35475-0022,test-other,4294,OPUS_VOIP8,16000,339040,True,-23.927641730341893,-24.55102072951056,-0.6233789991686669,0.5203400254249573,0,0,1,db628e212812d02dd27d07f0b2c10b294e99a8c82e7092e7e37015cde6dd0284,e048dd7cf4967e5acafd877f61f32cac87ecb17b1843906ea5ed92e821dad74d,7.496366210476639
confirmation,4294-35475-0026,test-other,4294,OPUS_VOIP8,16000,98000,True,-21.007175690757173,-21.299078297106796,-0.2919026063496201,0.5053603053092957,0,0,1,6e52be6f6ad6c4d87a38ec7142dbf2a0032d0ad8825446d467df94172139f6e8,4a4bb3a0f3d5ff5090dd52f125eef77c17a22e9ca3f7fd89ddfe068b33ce413f,7.461877551020407
confirmation,4294-9934-0000,test-other,4294,OPUS_VOIP8,16000,254880,True,-24.1670734729489,-24.515455658391744,-0.3483821854428464,0.5444346070289612,0,0,0,61717aa2f522c7448d36151bc410df6c7166273c0c97cc0cef72302f461a3cb2,4f5a3667b5b49029ea362dc7e1fc23b6db49fbfc9b514544f6c196fc16e07005,7.225109855618331
confirmation,4294-9934-0002,test-other,4294,OPUS_VOIP8,16000,179200,True,-25.427358097694132,-25.853059377938997,-0.42570128024486453,0.5409083962440491,0,0,1,90e45bfcf13514e8629b7383e81c48f13faeb6575e4dacf235ee8c05df69e2d3,c0afebfa1608802311c8a64e516c605ae64e03c2629a7a951e94152628223755,6.91
confirmation,4294-9934-0003,test-other,4294,OPUS_VOIP8,16000,235840,True,-23.523684300072667,-23.860998595152463,-0.33731429507979976,0.5794959664344788,0,0,1,3839be15f0518d04e9f1a78def6d4b52600ca855748ce94fdcfc0b141d8ab47c,fdf18e920ba84f2b3ec0f2127415d4cd963c50e8baa22608f3996b597d5535ba,7.272727272727273
confirmation,4294-9934-0004,test-other,4294,OPUS_VOIP8,16000,76160,True,-26.370131689332744,-26.906122035740232,-0.5359903464074903,0.38527461886405945,0,0,1,56e217c3020f99ee0e41743d6ec07abe38ba27efa8737037414a321605f82985,d0c044ca36ee7f5d61b0de6335805cc1dcf832e7fe7378dcc6be5e0cb36f2ce8,6.932773109243698
confirmation,4294-9934-0007,test-other,4294,OPUS_VOIP8,16000,139280,True,-26.37060786685858,-26.876186096894283,-0.5055782300357021,0.3749040961265564,0,0,1,a208fa16022cda6c8946f29e3a96e2763455f092388e5a2804726af18d601303,cdf17acf8f0d584ff5a9794d7526eef2393ea04abdd2027e4fcc3b12fc25fc1e,7.296036760482481
confirmation,4294-9934-0008,test-other,4294,OPUS_VOIP8,16000,81360,True,-29.05116958014429,-29.463113844436627,-0.4119442642923341,0.3130568265914917,0,0,1,8115abcebd7917831bc604267381ce7c1c4e8c75b7420661bad65f1720f66f62,1105a565cb7078631d9dad208e821c9080ec2c85f23fce50335746b8daddb46d,7.136283185840708
confirmation,4294-9934-0009,test-other,4294,OPUS_VOIP8,16000,110720,True,-25.013691842646736,-25.313807742162034,-0.30011589951529993,0.34629902243614197,0,0,1,3abba2ee149b1526579697991a6aa8ae156078603ea446219e833a4326cb1e93,5026580e729d84e54d67c53579d4034c7fc85bc0bc9dd46b6962f9891e29ebdd,7.191907514450867
confirmation,4294-9934-0017,test-other,4294,OPUS_VOIP8,16000,58560,True,-18.82413448992353,-19.079192591549024,-0.25505810162549364,0.5484233498573303,0,0,1,a680d4311104eb82004cdd8a71abf1cd08b86e8d3a6a1d0c7848b15dbc390e00,9d927ca07aeba08a684158b58fa6781ba4f0a796773ee58476c1a16cf7e04705,7.497267759562841
confirmation,4294-9934-0018,test-other,4294,OPUS_VOIP8,16000,48320,True,-27.323196301640028,-27.716649136080527,-0.39345283444049717,0.2349061220884323,0,0,0,e12aedd4d2c64023e67a4dbab09f4e90570f3ae60c2c695fed27d435dec5cf0a,853969b6c6271c65366f96c12a59191eabae09515c9e1b3097f2245e084eaa18,7.027814569536424
confirmation,4294-9934-0020,test-other,4294,OPUS_VOIP8,16000,33360,True,-27.749273437598333,-28.247434335370293,-0.49816089777195754,0.33645471930503845,0,0,0,c7711670aed4c2b8823f12b1b300f683730d260de1d159b6749484bf1191d54e,b29cd30cee8d446b26388f63edf0fea70204ce1201cc6e1848fc80ffd019050b,7.251798561151079
confirmation,4294-9934-0021,test-other,4294,OPUS_VOIP8,16000,76240,True,-26.340173814006338,-26.72587866904779,-0.3857048550414535,0.3791528642177582,0,0,1,07ec0da9e8e50c1cca2db1851802f5bf3ad16f0dc3cd41738191cb8008bae549,62a7c3c30d94e4c9e287b8e84be3ac05e949b2831a5ff6b50eef2f6c87cb7525,7.150472193074502
confirmation,4350-10919-0000,test-other,4350,OPUS_VOIP8,16000,82479,True,-26.434778611547447,-27.11975164927511,-0.6849730377276647,0.40782102942466736,0,0,1,0446446f13af81a4a5d3e0910c6d9e449dafabe25486fbe4a269d1f70102dbcf,89ba5a494c232147ece82a8bfae094ed3c89498d09102a80a77257b5800418b8,7.4538246099007015
confirmation,4350-10919-0001,test-other,4350,OPUS_VOIP8,16000,46401,True,-24.75145961806682,-25.254403167826972,-0.5029435497601497,0.37985262274742126,0,0,1,753b3259a1355ec114e150052472f60221bc894d85c7e4e23e9d08ae2d039723,7d74c42c9284c6e2933e8452804fbfd5795c8bf410ffe2d71b4938b4b88a6f11,7.274325984353785
confirmation,4350-10919-0004,test-other,4350,OPUS_VOIP8,16000,85520,True,-23.71437861043821,-24.21901341400492,-0.5046348035667128,0.5047649145126343,0,0,1,394c6458beb692f092444258f28b20ea52aaf844f4ecc6989190d3d73f905bd3,236e50bb920c9858a820192e1c399e2938f01439eacb83b0821014620499f9da,7.27708138447147
confirmation,4350-10919-0007,test-other,4350,OPUS_VOIP8,16000,64080,True,-24.997475930132424,-25.62992019218129,-0.6324442620488722,0.5722952485084534,0,0,1,2078c3a94696e711c79f7efa723af6cd10a6a2a758612bff3f20aa92c7d88742,db9c7a157a6f07ac5218c39b5c467e99dc70dd6d30ff98154e680b48c25dcad1,7.6484394506866415
confirmation,4350-10919-0012,test-other,4350,OPUS_VOIP8,16000,33760,True,-26.76735110327284,-27.18229745731904,-0.4149463540462022,0.3923739492893219,0,0,1,1b07fa9e4058d07cde05e57fab40fbc0de95efd82518f0fd5a2bbf07e94a68d6,f6fa8208060ba0e86d12f6bc28127690ace4c315bbd68064fad15e8e1b161b65,7.241706161137441
confirmation,4350-10919-0013,test-other,4350,OPUS_VOIP8,16000,54880,True,-20.31876488603261,-20.830663472799404,-0.511898586766794,0.7481303811073303,0,0,1,adfef9376c6b928bb5edc0a6b1d41c115eb53bf59de89dae839ae2d279f569ee,a709e348766a0fd161bb4dd7cc4b8a7095985d9992604702c9eccbeaac18040a,7.17201166180758
confirmation,4350-10919-0015,test-other,4350,OPUS_VOIP8,16000,54880,True,-29.032090743170752,-29.692531822914887,-0.6604410797441365,0.39819177985191345,0,0,1,b118fe3829647d7e0455168e0374913cadcee4244476d06254aeb8bedba38cda,e96636e2dff9b421df4cb96c47aab14ac20881e349c7e9b67243911835adbbd5,7.1580174927113704
confirmation,4350-10919-0018,test-other,4350,OPUS_VOIP8,16000,73200,True,-19.78822131654597,-19.93095105587126,-0.1427297393252876,0.9688440561294556,0,0,1,8007dbf4f33222984428640e3ab3e831886978b7e31a6728a64ecbd5176e8eaf,83df8ac91a359d6d3540156501e4a633a55b69ce57f3c46d818b1f8f301669a0,7.653770491803279
confirmation,4350-10919-0019,test-other,4350,OPUS_VOIP8,16000,43360,True,-20.28395654546413,-20.581775411939063,-0.29781886647493544,0.7700416445732117,0,0,1,d0dd22dd02da050c2ee6bab38a37b9b7b2654d46680f4928cf106da588e001f6,303dce5a7dc3b7b8a08cdf3ad278ca9f5fa356b898b5ec772487d39da89fdb9d,7.1852398523985235
confirmation,4350-10919-0020,test-other,4350,OPUS_VOIP8,16000,125600,True,-24.009441452893423,-24.456110965807607,-0.4466695129141861,0.6052030324935913,0,0,1,0e18c6d568bb60f67779179768ebb09bfaa08c7fb1c79557cd70ff4ae97a22b7,402476116f2cac98d21f5fe829528884fc0e72a8c3c06500b74a4b7a859a8406,7.640254777070064
confirmation,4350-10919-0021,test-other,4350,OPUS_VOIP8,16000,66800,True,-23.36665429508589,-23.907664959426327,-0.5410106643404408,0.5787539482116699,0,0,1,3c4976fb58d37e32e0504175e4b0a1c393704731db8379a5a943b67cea3052d9,346c93ada6c819eb0c7e5a54efb57d1119ab359c4042af6225cd139a55a2053e,6.9173652694610785
confirmation,4350-10919-0023,test-other,4350,OPUS_VOIP8,16000,66880,True,-24.45017744832004,-24.70946524548427,-0.2592877971642282,0.68597811460495,0,0,1,fbb5e60e9a7699b08d5bd04fac4a9a816119e648a2e9bfedaa35d77bb17ef3b8,4389d934a32c5b218d88cf5bb2ed751155753af1f4922d39163b3a22a3a4bc45,7.25933014354067
confirmation,4350-10919-0030,test-other,4350,OPUS_VOIP8,16000,101440,True,-22.12559957276593,-22.45763288643847,-0.33203331367254757,0.8065845370292664,0,0,1,aa10d488936db57e28686870d3e554fe650b22a0d7bbc232512e78f57eb415a2,c6d2405dc7222bd8e0fd28ccf8c7290bb6778f53f24eae7f3037785752d0beaf,7.499053627760253
confirmation,4350-10919-0032,test-other,4350,OPUS_VOIP8,16000,67760,True,-26.069669297802168,-26.903681451111478,-0.834012153309312,0.45086878538131714,0,0,1,955ae13d54328fb9b2bb5eceb56c8b4de3299da7d99df9cdc78badc6af7e81f7,cdeaebf20d2d0d72f91ed795c21d72101079fdee3bab57efa0b91728662a4baf,7.471074380165289
confirmation,4350-9170-0001,test-other,4350,OPUS_VOIP8,16000,32960,True,-26.314329082270056,-26.76126169510033,-0.4469326128302701,0.48532217741012573,0,0,1,d917e6052b089da40f0f2c408c806a55fe9e0413cdefb24ccc21bc47ed6551a7,32900d265f096b4f773675fc377025a3e7eb868cf8228e2f47bccb2ae4409a4a,6.869902912621359
confirmation,4350-9170-0013,test-other,4350,OPUS_VOIP8,16000,246480,True,-24.405215974569717,-24.901859714593986,-0.4966437400242689,0.45892980694770813,0,0,1,aa66fcde6e560237360f4eb689dae0fc43ee833d0b7bac8480485032b69da3bc,9918dab6b5872578c0393fda157822833e46f215d111ed5909a6d2c7cccee831,7.499902629016553
confirmation,4350-9170-0015,test-other,4350,OPUS_VOIP8,16000,103040,True,-24.429351014181897,-25.036394926258506,-0.6070439120766088,0.38600659370422363,0,0,1,de2e649c304eb14413e15ea0e86fbb6808bd8cd62cfe7c553b21c181fd8ba177,f86994a21764f7446bfabe48a6f2e1e41e58d8093f89de2511b6780921762bca,7.468322981366459
confirmation,4350-9170-0016,test-other,4350,OPUS_VOIP8,16000,119520,True,-25.231270496491458,-25.831728269819422,-0.6004577733279611,0.4561474323272705,0,0,1,ec72aae76e701b4c69863623381ae5f6d1d07b7b51b93997d2f0a170b6203269,61e104ae69815c7b1f41ff2fbd6f20ae8a3c2918e4f0823bfcb11ae626cedafb,7.196787148594378
confirmation,4350-9170-0021,test-other,4350,OPUS_VOIP8,16000,153040,True,-23.50878926600743,-24.035398957861123,-0.526609691853694,0.5633878111839294,0,0,1,f6902926bd3731b049ad2d59c4f9fe6848c49c40e6ff75e82dde4a5f447ee264,66a2078b9722d46c4c1b7a1d7f595d497b8e67a888c873d8370b463c64773944,7.401986408782018
confirmation,4350-9170-0022,test-other,4350,OPUS_VOIP8,16000,29280,True,-23.218641001444738,-23.820717332653246,-0.60207633120851,0.41813334822654724,0,0,1,97ac4b86fad5bb313bb9dd8d6002d4a0a3b575f0b93ffb950a4f83a705a9912d,27dc22f85f5a479e7202858ed11774408f075dbbd7b7718f64ba0ec8e5c356c0,6.5967213114754095
confirmation,4350-9170-0025,test-other,4350,OPUS_VOIP8,16000,274080,True,-24.531543070752512,-25.00556603856746,-0.4740229678149481,0.5334540009498596,0,0,1,44de1a2d3fa9b3a2949844dffd41f4264c83cbc6c6205212f1e9287864a92793,78456e94d481d5f53581663bbeec4c825a8dfd461112950232898626eab412c5,7.4736719206071225
confirmation,4350-9170-0032,test-other,4350,OPUS_VOIP8,16000,139360,True,-25.576925947645584,-26.037488643600817,-0.46056269595523275,0.5553814768791199,0,0,1,e4fe08dcb864413f98171b8c509daeda8c821bd6d464a0179fba3cea6fd2abe3,a0c61742aa06ef1d73e231b42305489c8e64e7590653fede9e85845eb768ffa8,7.307462686567163
confirmation,4350-9170-0033,test-other,4350,OPUS_VOIP8,16000,210720,True,-23.727120871189484,-24.156150903932172,-0.42903003274269025,0.5569034814834595,0,0,1,0c2e72df9dcf193ba9b8b57ad69d32a5acc85d46a0addeca29488b906b188978,5077fbf26e13847da5b0c61492bad5a17d84961936d4d26b0c4d34b7e499fcc4,7.419893697798026
confirmation,4350-9170-0034,test-other,4350,OPUS_VOIP8,16000,114960,True,-25.06694191280768,-25.813126568322694,-0.7461846555150198,0.6737651228904724,0,0,1,5194c9453e4afb433c8f9750ce9d8c22e58b1cf136cede1ef0ad1ddc95093740,b446af412168a5be6cb14a0cda9b3a1e2a8d0154537db93a4b6831cda95cb56e,7.3764787752261665
confirmation,4350-9170-0035,test-other,4350,OPUS_VOIP8,16000,62000,True,-27.532088293396985,-28.08210801385411,-0.5500197204571291,0.3528115749359131,0,0,1,4a44306a3f1c897692e3d47e80555937344252b927135d28ac0ce0e17a9daff9,c2ac440a816dc08f681f695ded2de4a39afafc71ad68f4a30c72eeb7f27ed175,7.353806451612903
confirmation,4350-9170-0041,test-other,4350,OPUS_VOIP8,16000,135440,True,-26.48855982404396,-26.77069512594732,-0.2821353019033571,0.4475531578063965,0,0,1,766803b16c4156406cccd06da0a141eb73b8e59abfe0c9aee330458a68201c02,f5095c2058f9df0afe3ac0820c8eafa5dcfa83d77f03fd7e9ec35d80823e2b83,7.3025398700531605
confirmation,4350-9170-0050,test-other,4350,OPUS_VOIP8,16000,77680,True,-25.178004755267164,-25.442089904815013,-0.26408514954785123,0.5490432977676392,0,0,1,b8ca3f726c30d60aae1f04ed1d73442028e0f9c5a69111993b827302b322cbf2,ee81536ac94a08e3612a1303b8ec98a9a9d0b775a6eb6be32e7b28c62abea9bb,7.457878475798146
confirmation,4350-9170-0054,test-other,4350,OPUS_VOIP8,16000,87200,True,-24.586008715374792,-24.909310046074165,-0.3233013306993749,0.4944390058517456,0,0,1,dab3a00d23083f0debc34e1043bffee69eb09afa4a0228990b876125277cda34,5b397b72172e96e336f887626c962a96d255fba35d827b94c03c54f2bbe9334f,7.330642201834862
confirmation,4350-9170-0057,test-other,4350,OPUS_VOIP8,16000,229040,True,-23.29633281540305,-23.786607869011448,-0.49027505360839596,0.5142287611961365,0,0,1,b6d64c8907ce1d6d63871f0d84d503b5bf2ff333c376bf7dc4cece50eec9c772,e18c92fb4cf52bdf2fbce20518a1c117d73a1c40258e14218927e72bf4d65fd6,7.521620677610898
confirmation,4350-9170-0058,test-other,4350,OPUS_VOIP8,16000,67920,True,-24.68905555386357,-25.13828539671095,-0.4492298428473751,0.48474088311195374,0,0,1,7f8f3383911ab3282f354db47285690ed58eb783c388da7e9740f195ae87a416,0d43a061785cb9de8addfefc0f0bb72d5213b59998e5dee6345b4f7049e033ae,7.289517078916372
confirmation,4852-28311-0002,test-other,4852,OPUS_VOIP8,16000,62160,True,-25.42545857878961,-26.058757131510294,-0.6332985527206898,0.4285792112350464,0,0,1,e34a72ee7eeead1596c66aca9c330a7b3b3ba4c974280c2873944a25f9d71282,9930bd25f9507ae606f67e81650f6588a14b4a822a91af772a74674ecdd541dd,7.102187902187902
confirmation,4852-28311-0007,test-other,4852,OPUS_VOIP8,16000,90560,True,-26.48270636118064,-27.227322476425584,-0.7446161152449431,0.5351477265357971,0,0,1,03ca4388185d403d0d1451595db3b9388cc6d9ea98a7440eb830e719658aa0b7,4ba63a8a66a2ec17e70ec2ad4b271ea86974bb1f13f5d619b8be4459e1488892,7.6226148409893995
confirmation,4852-28311-0011,test-other,4852,OPUS_VOIP8,16000,53600,True,-18.528224367976385,-19.06199014059937,-0.5337657726229844,0.6829314827919006,0,0,1,258dc6bc696f0ccd25284f19615476ca0b990f179941569a830c7a20564afeb6,5d3a714d30001634c7c65e811ec1a37e726693a6ee225a3e684779852adbd3c5,7.336119402985075
confirmation,4852-28311-0013,test-other,4852,OPUS_VOIP8,16000,38240,True,-26.90257540674242,-30.275102443867926,-3.372527037125506,0.3464496433734894,0,0,2,2d27fae311ad9826e6680fbb3e24ca68b5aed4687927ccfe523644f92fa7563f,c8d530ed8e8db38c7a38d75c0859494582ad32aa6c9abcfe1ce3ecadb555ed97,6.871966527196652
confirmation,4852-28311-0015,test-other,4852,OPUS_VOIP8,16000,138000,True,-24.852539993550202,-25.713228748004195,-0.8606887544539933,0.5293420553207397,0,0,1,bf13d7962b14285f164c6c0de9659973eb123a580daaa4ecdbf9b2956663453a,4783eb0fb3a25fcdf5a4fdbfa1b4ad09fa8e65c0b449bfae0402f72665d5c6de,7.692985507246377
confirmation,4852-28311-0017,test-other,4852,OPUS_VOIP8,16000,89839,True,-22.083842927344996,-22.95985711403307,-0.8760141866880765,0.5490865707397461,0,0,1,d64a4ae0f7919082a4e1218253a1cddb1b1245debf464b199ffcaf694a99f0cd,c9380652350f203bcea9be69916a09858894de965e4b2a7ea8ca02b33b909a84,7.759302752702056
confirmation,4852-28311-0018,test-other,4852,OPUS_VOIP8,16000,53841,True,-24.835153562623802,-25.27924151433819,-0.4440879517143875,0.4847719669342041,0,0,1,92ee6ee09458a0969b76e78c14f49caae2749a7e994a76457bca61150fef3cd9,8b851c40fd20ce6945c8fb292f492d8ac7220fdf2a0cee3374bad8aacd92aa64,7.7573596329934436
confirmation,4852-28312-0006,test-other,4852,OPUS_VOIP8,16000,188800,True,-25.89087809963605,-26.718103427210735,-0.827225327574686,0.5985990762710571,0,0,1,e0c094c2f01c2a15cd34fefbd577318bfd113e5d2b372930b90003e8441112df,b7eaf0ed507e24206d56f5ac78eff4fb56246833e0b3c22bc1e803f66982479a,7.547796610169491
confirmation,4852-28312-0010,test-other,4852,OPUS_VOIP8,16000,58560,True,-22.735470848465948,-23.66672649644926,-0.931255647983315,0.44205376505851746,0,0,1,195edc8d43e172800e70916a4344f30f253ee1308bd44940dc707ba880e88a18,e9be1b232502045c4f7355f6bd9ce47ef7fdea1bce30d3ea79d100337c91c5b1,7.737704918032787
confirmation,4852-28312-0013,test-other,4852,OPUS_VOIP8,16000,60640,True,-24.256802273246812,-24.51501475914141,-0.258212485894597,0.6429738402366638,0,0,1,fd3f381a0e1fb557d35c08f339055397dd694583dafd89cc860f8d94f65fa60b,aaca0457b74cea2d80872ad43462fad879e915eb4408b67efd960fc61a7589df,6.775725593667547
confirmation,4852-28312-0014,test-other,4852,OPUS_VOIP8,16000,184640,True,-23.400863599080562,-24.17011792874721,-0.7692543296666496,0.5847442746162415,0,0,1,3fc74690994115e313e0e241cba69bece649db38994c40820073877845e39256,268f94db4cc7609508dc16955da1a1d23e419a7858a7b6249db4b3b6e6973361,7.593760831889082
confirmation,4852-28312-0017,test-other,4852,OPUS_VOIP8,16000,209680,True,-24.407596844186262,-25.409981649844056,-1.0023848056577969,0.5454168915748596,0,0,1,2fa3459cbbf0b2e6f0640f43f2321b0e6ffb349fd6d42bd646ee7b5bd2ca288c,167af79804c4a29dc56007b35c9701b95df84b0d8acee99f8bc198de9895714e,7.640442579168256
confirmation,4852-28312-0018,test-other,4852,OPUS_VOIP8,16000,42560,True,-26.45284696702953,-26.951704249290643,-0.4988572822611136,0.4088453948497772,0,0,1,667a6364ceac6d0229f89674df1dd46270c460be756a1f76b78ecf3c843b3cd6,f297e77d590c596b7d5a40b253188f82e7ab4a6d5b933ba9dd6a2f01b6fe30fd,7.23609022556391
confirmation,4852-28312-0021,test-other,4852,OPUS_VOIP8,16000,61920,True,-21.05228538590695,-21.506501818705154,-0.45421643279820023,0.7953702807426453,0,0,1,a289d111c80e3d5d35ca560df64588d3a7752a0e95c6edbb2230ad4fd9fcc2e6,4fda9f4f33cb8ac29e8f83f45bf00b6a5638ad30d28940292b7ed2559231b276,7.21860465116279
confirmation,4852-28312-0022,test-other,4852,OPUS_VOIP8,16000,99040,True,-22.750976343158264,-23.550959564659397,-0.799983221501135,0.585932731628418,0,0,1,164d3cc689a73de35a014843bb818b23d73578d616fa3a0909e993973b0713aa,001124d5f56799419c1b966ddc8cecbd3bcc6ae250cd98809d2a0fe11464abbb,7.462358642972536
confirmation,4852-28312-0024,test-other,4852,OPUS_VOIP8,16000,106960,True,-23.566251579982996,-24.380869063324795,-0.8146174833417992,0.5359933972358704,0,0,1,3dd5de8e2f421fe06aac1ee10166e331dcc48e3534a34b5881a719a825c4159f,8540ca36bbec7493711e23ec331bae6223df3a560257b28fb8a5c4792412a645,7.662528047868363
confirmation,4852-28319-0006,test-other,4852,OPUS_VOIP8,16000,52080,True,-25.20961127866528,-25.90084204005118,-0.6912307613859017,0.40352025628089905,0,0,2,8073f1f0198b9be2dffe89bf9a2ec84bf73def9e38a31e9ff7e966eb8a02d5fc,b20ea9c0b4db603cf53b62925f9fa807e0b3699069a27074dab48dd5f396f993,7.1840245775729645
confirmation,4852-28319-0016,test-other,4852,OPUS_VOIP8,16000,146479,True,-23.85980459938963,-24.400340903425786,-0.540536304036157,0.5657495260238647,0,0,1,6195584f531629090afa5f2fc97bc950e4eb2025761ca32268ef4295d4725cd8,9383d35a5b8857619215ef4d0c533e29fd5b70a30c95e8560df9b9c27d28f6ad,7.674110282019948
confirmation,4852-28319-0027,test-other,4852,OPUS_VOIP8,16000,153760,True,-24.670704085500827,-25.497043319732242,-0.8263392342314151,0.47981566190719604,0,0,1,d08ef35bbf439f470607967d82e166a3b81c8fbc7b7cc8f38a59035793a89561,cd27351c49f20edbdead046537a683d26c1adff6137197c886b87bef6205b183,7.525494276795006
confirmation,4852-28330-0003,test-other,4852,OPUS_VOIP8,16000,106320,True,-24.692130014858307,-25.358310628854372,-0.6661806139960653,0.4020706117153168,0,0,1,8b507f897cc8c67f1c2e613cfc552e069ae2e3ac1b12ec622c272ce01204017b,7fbcceb363214af73d24a8e4d9c3a0e994f7e9a48fa44a958875d9f20ecb331b,7.708653122648609
confirmation,4852-28330-0004,test-other,4852,OPUS_VOIP8,16000,35680,True,-23.221747482479188,-23.98146761739286,-0.7597201349136755,0.4211614727973938,0,0,1,9359058c0004fd8d1833f31fecfe779f98629031f64b74ca43405c6357d36994,c8cfe960e616855e15f38cabfe96306fd0950326280b0eacdc70d69ee00c1f47,7.598206278026906
confirmation,4852-28330-0005,test-other,4852,OPUS_VOIP8,16000,44400,True,-22.43571066553885,-23.035818273093298,-0.6001076075544537,0.5160365700721741,0,0,1,059a8f179f74257fdb32e626344dd470fd5bf28d5ed0fe93c21736594dc9ba1c,a10a4af188e32dd93903e4f250bb107676a6943545f38147d6881d7f9eebe866,7.504144144144145
confirmation,4852-28330-0007,test-other,4852,OPUS_VOIP8,16000,88480,True,-24.07491134819181,-24.740871978160193,-0.6659606299683835,0.5858860611915588,0,0,1,1fdf044b26089836263b92cac5228d156be2f59da841f84043935217dc581256,96e1fe559e2e793f00210dce235f4245f9b5cc53a191d995ab09d5dcccc9f412,7.599276672694394
confirmation,4852-28330-0008,test-other,4852,OPUS_VOIP8,16000,74400,True,-24.401081770217004,-25.433723414970327,-1.032641644753325,0.6068830490112305,0,0,1,c70019a698da02a3e0275c38b840c3579470effc9187572c249ec0eb36d243d1,63175064670e0ed0ba878afddf3bdd326cbbdea6f1e89a78fdcc35bb3971cc6d,7.494193548387097
confirmation,4852-28330-0011,test-other,4852,OPUS_VOIP8,16000,84800,True,-27.68392860401586,-28.562870661345507,-0.8789420573296494,0.43625199794769287,0,0,1,149b6ff423698bae1049984e8eb5040dbb5fd9184489ccc335ae9c310d2de783,8631e491544057b6ed8bd5e287a59472490b18bc95e52096d061fc3b4e5bb63e,7.097358490566038
confirmation,4852-28330-0012,test-other,4852,OPUS_VOIP8,16000,71360,True,-29.305761480961266,-30.298278624032946,-0.9925171430716782,0.30053675174713135,0,0,1,cda432cd89316c86245db69f11fdf42c85c74a992e47dcc5b0b1bb5fdacb89ed,c7e462d03b5deeea8614330bf9c06db54d464bf8a063799989ba7d8f75899727,7.519282511210762
confirmation,4852-28330-0020,test-other,4852,OPUS_VOIP8,16000,67600,True,-26.763359780640275,-27.67977560581147,-0.9164158251711946,0.4176958203315735,0,0,1,addd1f5c01ff18e7fd87b52c8dbfe8059baf9f6dd0b26bb6850847d0bb41c337,6830c990b42284f05d64417824578b13a2bf83f6136ac7b86bac88eaeb44746f,7.4811834319526636
confirmation,4852-28330-0021,test-other,4852,OPUS_VOIP8,16000,94560,True,-23.968716653281213,-24.774276574374696,-0.8055599210934788,0.7996373772621155,0,0,1,b11aa344478a8c6ce604b5bf504b9b6fd134a9675244d062298f85925e9a5034,4c369f9d28d186b73f679c7d4e7dbca6cdf376e6ee907511b7fe08743652de61,7.478849407783417
confirmation,4852-28330-0022,test-other,4852,OPUS_VOIP8,16000,58400,True,-25.404398573442336,-26.63590954341299,-1.2315109699706537,0.6446977853775024,0,0,1,346620f5c179156c9339d80065db58760619f5a0e70a128ea1c68fafbdbf738c,c8e4691e197b04595f41fa6f7b6885671defd18526eab070460b21f2642583ec,7.491506849315068
confirmation,4852-28330-0024,test-other,4852,OPUS_VOIP8,16000,105520,True,-23.662529369903783,-24.511104036426673,-0.8485746665228905,0.6502806544303894,0,0,1,98a56fbd3962eaab5d5337864ebb34fb97f1324c4e27ae354b4be74fae679f3b,5f42da6c560585c9abd76f993c2235af750b8390b549786cefa2777df6a5320f,7.721000758150114
confirmation,5442-32873-0002,test-other,5442,OPUS_VOIP8,16000,47440,True,-24.474915805002336,-24.899844102185508,-0.4249282971831718,0.2998698949813843,0,0,1,bf7d6f15e48a7d437e315e0cc6174e8acebbb774c597164e4d933b75c33e8885,7d26092004582115d75cb60253854c922abccc340faa3a1f69f6805b3f79688e,7.174367622259697
confirmation,5442-32873-0004,test-other,5442,OPUS_VOIP8,16000,43759,True,-28.00174644276258,-28.39859712903957,-0.39685068627698694,0.2971866726875305,0,0,1,adee815d1db5a36baa9e1f5c4b62ac5b5ff9fcfab408896d63f56b8a50998b58,7d9bfbf0017d8d67e2e5dfbd6d1b86ff2d23ad6892e006f84e6af3886ffd8510,6.955917639799813
confirmation,5442-32873-0007,test-other,5442,OPUS_VOIP8,16000,155440,True,-23.95327713744219,-24.23477544155272,-0.28149830411053295,0.3800840377807617,0,0,0,cadfd7fa77576ec849c74d4b7021ba9bc6f6fd350f4238c3b4c429b0e4fa314a,9f990dabb360a9e1152192e74536701d592e60baf344bcfa01881422ffe369f7,7.440041173443129
confirmation,5442-32873-0012,test-other,5442,OPUS_VOIP8,16000,85520,True,-24.44736086341109,-24.778777839291664,-0.3314169758805705,0.33742621541023254,0,0,1,56da680bdb74a75bc40384616b9e4116a3020faafeca413ff6be2c945f5910ce,2f074c74d904ffd62db59f10a8c6318d667d864091236baf1525d50505443d27,7.480636108512629
confirmation,5442-32873-0013,test-other,5442,OPUS_VOIP8,16000,305120,True,-24.551527846910624,-24.906865835102888,-0.3553379881922625,0.5108044743537903,0,0,1,3538bf462ac402e7edfdd7f356c437e6b2293b3167c2e5663d1591c5f9ca9719,ae2af7836799ce50827087359576939274e62a3772a9f3d1c6125fc56e10f0d3,7.528474042999475
confirmation,5442-32873-0018,test-other,5442,OPUS_VOIP8,16000,284800,True,-23.313787916754485,-23.579479307622467,-0.26569139086797716,0.4788695275783539,0,0,1,1491bfb7a7517ab0fe5eb30cef81211cdc5f36d0649988e58007d138b2d54638,0aa66920ff547a63604d65220d6628f6419d8139bb7bf792abdb3ed2a5e34908,7.53258426966292
confirmation,5442-41168-0003,test-other,5442,OPUS_VOIP8,16000,159520,True,-23.468477929531186,-23.86140601194655,-0.3929280824153639,0.49445557594299316,0,0,1,155b8c3800b2ec7a209d7e123f2595d6cee1db05cd8d089d7907efc131295b65,b99b76bbb1707d319fbb8da6e24456255d0ff98e2efc4fe82614e2429c7b4251,7.16308926780341
confirmation,5442-41168-0006,test-other,5442,OPUS_VOIP8,16000,43040,True,-26.24280344980464,-26.70178929584345,-0.4589858460388094,0.28386300802230835,0,0,0,bb4a40b14cc364f25c857f99457b2da5242319304e85defba78761bb4c0a3467,7b7b0baf8025ae7081a7c4be8bc35461db3354c9009de6b7f2ac8da1e75db8df,6.397026022304833
confirmation,5442-41168-0007,test-other,5442,OPUS_VOIP8,16000,51600,True,-24.18317761461438,-24.37909101939061,-0.19591340477622957,0.33743712306022644,0,0,0,7fcbd9d97aebde530912de3af4a93e497e0713fcb8826036aa0a9362a778726e,f15c5ec54c45343ab8469ec28afbe7b30ec5999fa6b07de25f76e8c0c0113b26,7.213643410852713
confirmation,5442-41168-0010,test-other,5442,OPUS_VOIP8,16000,183120,True,-24.155059018246952,-24.538500157452027,-0.38344113920507344,0.4063684642314911,0,0,0,120a6fb77a157eb1f5647cbbbb54a7eebd54385ae6ed78db1105c12b50c96d61,b227d1599f3b0065f074326b9bda141cc1f78afebfa9bd2bd9a12b86371bffb2,7.505111402359109
confirmation,5442-41168-0012,test-other,5442,OPUS_VOIP8,16000,187120,True,-21.950290519353924,-22.318614112673053,-0.36832359331913156,0.49205705523490906,0,0,1,4bbf88f3aeeff3cf062fba978a8eec75f427150a5afb8aa63e483b9732207315,dd49e2a3fe7ddb3cbbe0f8f8697770bfd3d06271a4e09a803810ea990b59da0f,7.562890123984608
confirmation,5442-41168-0015,test-other,5442,OPUS_VOIP8,16000,79600,True,-25.62522240074825,-26.11844412055799,-0.49322171980974155,0.2704465687274933,0,0,1,fd7ed366666e4cd559b27dd0140f73aeed78dc213763c2984476983a713ba8d5,c668c1bd668dfe1cf76f5eafc4f2631a47dcb8c9448dbe0492f60a695dd97a4b,7.2667336683417085
confirmation,5442-41168-0016,test-other,5442,OPUS_VOIP8,16000,211520,True,-25.05043746750573,-25.34721279340117,-0.29677532589543687,0.3799823522567749,0,0,1,721a11da850277966b40a66cec493f67f9bdb6da797bb89a4f7cb74d02f829b8,671c1568823cd118f4ef043b52c37f60d73020e2c0b00abb1c176cc065a92409,7.431770045385779
confirmation,5442-41168-0019,test-other,5442,OPUS_VOIP8,16000,79680,True,-23.754140911173046,-24.258318783960902,-0.5041778727878544,0.40140312910079956,0,0,1,3c214ea2d8245a1565fb963f0a1c06c21fe6898eb419392ca1818cf597e0a275,5025b1f3174ac79fd3f7424312fbccbd1242a9bfd45fb7f9dda4243b6a1cc6c7,7.224096385542167
confirmation,5442-41168-0025,test-other,5442,OPUS_VOIP8,16000,50400,True,-20.618698174164194,-20.703282764848602,-0.08458459068440478,0.5119706392288208,0,0,0,a06cf3e36a563c9a2e86a9b9a86db740bbd35d1e79818d5e12609bdd894d7273,5924c0eb35d652cd00ce9d1d8047c825ff4b3b9002e8a585171cc7fc2dfd3538,7.3041269841269845
confirmation,5442-41168-0026,test-other,5442,OPUS_VOIP8,16000,156160,True,-20.979869806629388,-21.328625759871777,-0.34875595324238673,0.5316574573516846,0,0,1,684d7da8e0d78e0f19d8e38a9683100293ad5f4e68e99c189cc3b514f0649645,cb2a44a4528c840a54b06fbd417d247c2078401207fdcb9e7a8650a208efa63c,7.495081967213115
confirmation,5442-41169-0007,test-other,5442,OPUS_VOIP8,16000,177441,True,-23.33996822526497,-23.721615628932803,-0.3816474036678329,0.47302621603012085,0,0,0,d44de2e5656bfeeb65af50f375e7c651c018b8b9d4330441b7e99f1967e638c7,1064ff3f77bb058407776a182eeaffa537c3c61932789ffd841dfcf21c04fec3,7.608252884057236
confirmation,5442-41169-0009,test-other,5442,OPUS_VOIP8,16000,38960,True,-23.42696819516842,-23.82064909558643,-0.39368090041800785,0.32776889204978943,0,0,0,2cd6c54f63147b0b0e0a14568f3fa0cd58fdad4030788232bc0fb777f8088cd5,6633e54cf8988c89384260ec1e8a7200a8bbbf3b1c1bb9ca2da348b1fddd39d5,7.3166324435318275
confirmation,5442-41169-0010,test-other,5442,OPUS_VOIP8,16000,49200,True,-22.005150681770225,-22.220023782491552,-0.21487310072132576,0.5261706709861755,0,0,1,da88a1b6026de1e9e2676b9f0a89455df28f1b4959fe991b31c93f3971bb4986,0509aa3454dfa345e6f0729172fc816badeb85685e4d0148df9a2f73142237b4,7.547317073170731
confirmation,5442-41169-0012,test-other,5442,OPUS_VOIP8,16000,57600,True,-22.078885208542992,-22.32075960194988,-0.24187439340688582,0.4279516935348511,0,0,0,7079568b59d147d8b4bf054c6f90a651470f34ace45e21ea123c1d83d57c4a97,7c0b65c24a70ae705295336dd89b85b6bbcafa7cbd7ca26456c265ee0583e9e0,7.437777777777777
confirmation,5442-41169-0013,test-other,5442,OPUS_VOIP8,16000,65920,True,-22.171286146285226,-22.43042220605776,-0.2591360597725317,0.4237273037433624,0,0,0,277053e4074f70e78289ef7e065dd1744b876d240fddf2841db44d56b8174fbe,74ad1d3740d93eac8f7fb4fbe43ca6ca280463a5f6fab46c433f579f0fb2f3d2,7.522330097087379
confirmation,5442-41169-0014,test-other,5442,OPUS_VOIP8,16000,93920,True,-23.896961514843454,-24.191580069919883,-0.29461855507642914,0.3497813642024994,0,0,0,198bd04f28bcbc0ea381c2c027e36b21bbf5e8e2e2cab55789d4cc428b8a59b8,9b5d0e544875c1e1feb68b173831c09705bdc3cff29724e1b5a7b638f078ccf3,7.317206132879046
confirmation,5442-41169-0016,test-other,5442,OPUS_VOIP8,16000,52000,True,-23.149134612102003,-23.59064208689719,-0.4415074747951861,0.4997618496417999,0,0,1,76248be830c0464b9e6179b8af58ee0e6b5fc0b6029c1e6d4b32dbd02741851b,78e89a4113996f8496cbf4355e0593aff40893d83fa605fc1a01442ee1dd93eb,7.2
confirmation,5442-41169-0020,test-other,5442,OPUS_VOIP8,16000,69040,True,-22.120861062915985,-22.411334445857797,-0.2904733829418117,0.43905550241470337,0,0,0,1d5229a3844b7f9be594c4439b7f09bd2726b9e66d730c71022eeae4d8736b20,381b773cd6f377c241b7d1c736c9d564888cce2e341de012807f5b09f8146e6d,7.3677867902665115
confirmation,5442-41169-0021,test-other,5442,OPUS_VOIP8,16000,153040,True,-21.703799051584568,-23.693981721563784,-1.9901826699792196,0.48924821615219116,0,0,0,3a52c73f7f207ee7a49ca49b5aafd96dc8c4bcd42b54d84a501783df30d8063b,ddd67bf726312b87c4c2d50991e6741c0379b70f635b09f2e02233dad0576824,7.475588081547309
confirmation,5442-41169-0023,test-other,5442,OPUS_VOIP8,16000,79680,True,-21.637769504949517,-21.967682020209057,-0.3299125152595399,0.39221951365470886,0,0,0,f1c340d357fd663418a8c983c55c634b7b2a9382dcb62382fb7236af88ac199c,961720d6387b8e24845c08bcd8c452f3fc191cea5402c9a9b4ddf252f1cf8501,7.546987951807228
confirmation,5442-41169-0024,test-other,5442,OPUS_VOIP8,16000,61840,True,-26.496749845832408,-26.72029847232035,-0.22354862648794163,0.3132433295249939,0,0,0,8ee44d64a901f2a1e315e02d9f810246538f36d1bfed84836059d9c95f074312,88d0df97e2e60251604fd40d1e58b732bcac7f727c087c20dceec1e89b55cbe9,7.076843467011642
confirmation,5442-41169-0025,test-other,5442,OPUS_VOIP8,16000,47440,True,-25.53206828428504,-25.83405732298543,-0.3019890387003938,0.34858280420303345,0,0,0,a621bd9d186e9df7b7727df2154fe7f3f7ee44f721c2ea3774bb9e28f4b66515,cb3a272cd6b9519c7cc4f1200801a7200bf70ba750e8c16198e0845fef62f4be,7.511635750421585
confirmation,5442-41169-0027,test-other,5442,OPUS_VOIP8,16000,49200,True,-25.107331144951036,-25.485485050076903,-0.37815390512586694,0.268141508102417,0,0,0,0fd56f61ce56ec71d3a0fba7d9143838689d9aa9f2a231b0167c7490cf6b3ecc,a7d0e0d5c9786ab799c0259aed8768cbc7abb3f8cc86e8ff1ecad6827a766093,7.549918699186991
confirmation,5442-41169-0029,test-other,5442,OPUS_VOIP8,16000,80960,True,-24.879095579798918,-25.197796939504485,-0.3187013597055659,0.2888001799583435,0,0,0,c6dcda65cb316ef8dc18b7eeab7c28110c5556b151e4c67d6b12a7654dfe12b4,ff060c836ce7b85bd912967f6e099519c3980cdb813bb9c189eb57731059e34d,7.4324110671936765
confirmation,5484-24317-0000,test-other,5484,OPUS_VOIP8,16000,56640,True,-26.931626043479273,-27.41614176269199,-0.48451571921271613,0.5565951466560364,0,0,1,8195572d3cb4b55e56ff9b358d88e9ca64865f2c5ff63d7f3212c9d9f9f4bbb6,68b606ba6aaabe93dc3e32bac4a305ca1736e73cdb0c7db84fc218fac96a226a,7.096045197740112
confirmation,5484-24317-0001,test-other,5484,OPUS_VOIP8,16000,294400,True,-26.870833578125595,-27.69776857328518,-0.8269349951595856,0.38436630368232727,0,0,1,85edec0a5607e22445d647cee5ddbd136bbb261972dfb23ec338afc3893ddb9d,f6843854893c4bae5f2b09a2f4064027a81e923b173c34089614931dc2068874,7.515217391304348
confirmation,5484-24317-0002,test-other,5484,OPUS_VOIP8,16000,106640,True,-26.91865487543231,-27.795719524563197,-0.8770646491308887,0.38056719303131104,0,0,1,3781f92f2793dcc5a756ec517eb290f007970cd2c93dc72b49feba93d9170879,a4b57abff260b04268ca111f3bac23de3961a6a46429fbc0a6d03b00bd169975,7.4730682670667665
confirmation,5484-24317-0005,test-other,5484,OPUS_VOIP8,16000,126640,True,-27.621023266338867,-28.147939714395307,-0.52691644805644,0.5392316579818726,0,0,1,89e8210a414fd0a4cfd269db6567117a098d55b783962feee7c7cfd4f6ef6907,f5b92c435e37bb4beb7ff9f5ed9de946821b2a50d10e996b54255a15123ad7ca,7.346051800379027
confirmation,5484-24317-0009,test-other,5484,OPUS_VOIP8,16000,233680,True,-26.74402767279066,-27.618639984651505,-0.8746123118608439,0.4769342541694641,0,0,1,4666561d42d162fef69910d6a6a7425058990ab7e2dbda2336b94b008e3739bd,9d6816e883d584fbd223ef884915c35aa9b44afbacb33698fc50433eb6ed4aba,7.291201643272851
confirmation,5484-24317-0010,test-other,5484,OPUS_VOIP8,16000,98800,True,-25.69427349154601,-26.34434514802605,-0.6500716564800422,0.5253040790557861,0,0,1,44c750392f840ff2ca4cfab7bb8a00d1684ba1899aae0f441fbaef6722d383a5,3481949207c09a4d202f4d8817da21e31e244fe075ae35f38b78fd69dcaa1451,7.380728744939272
confirmation,5484-24317-0011,test-other,5484,OPUS_VOIP8,16000,106400,True,-27.541240809118893,-28.22331695442065,-0.6820761453017571,0.4028911888599396,0,0,1,90142b4f68bf772ddbb0e3b4dbde3ac7573a66b894b87d215513bbbdd25317a9,80f1c79c9628e1e39aee2d4bce44dc7214148f28adffc15be758471079980b45,7.145864661654135
confirmation,5484-24317-0012,test-other,5484,OPUS_VOIP8,16000,363920,True,-29.921659831073413,-30.823690525375543,-0.9020306943021315,0.43812158703804016,0,0,1,6c7a95f03f72675d45219b64bfa6592863d1848644ec349075f9cd98fdfc46c5,8d83b3bdf1c1980c0908a140b0fb41ee3df439db047e9babe4e7bab051fc7716,7.365135194548252
confirmation,5484-24317-0016,test-other,5484,OPUS_VOIP8,16000,88080,True,-25.499830298736057,-26.350122105837578,-0.850291807101517,0.6857854127883911,0,0,2,beda73bbb5ae92af15209892c1004ad6509385ba437e865f3d78ecad9353ffd8,6f036392def3a6056518b50547861e5608f3fb74a35d59275861f5f0462f3b11,7.261762034514079
confirmation,5484-24317-0020,test-other,5484,OPUS_VOIP8,16000,120880,True,-20.826331875995923,-21.388723625266465,-0.5623917492705417,0.675613284111023,0,0,1,16c90c2146b5f886ddbbd63f0c4dd9a80d5f379cbf761390b479cd6c02f5f2ad,af2c29eb91bd8b61f429fc2dd0713143b752f64dd0f0eaa51b8c95823143e3f7,7.4949040370615485
confirmation,5484-24317-0022,test-other,5484,OPUS_VOIP8,16000,80640,True,-25.573628873738535,-26.138245202585445,-0.5646163288469124,0.461126446723938,0,0,1,0389439a4e19bd9d51725b4df9da8af2a31289d295d2d6285309ed07961882ff,17c2877dce1db0431e290d4c528cc2c528afdecdcba170d688710c8e9d1fcc17,7.295238095238095
confirmation,5484-24317-0026,test-other,5484,OPUS_VOIP8,16000,47360,True,-24.980775425333036,-25.606923934745982,-0.6261485094129465,0.5917483568191528,0,0,1,a4585ef6bc03e3bbda820c2454c2f858784e57273419d9e3410330392a27b6f8,e123747f48ca023a07201c12c22f427f508f604c6e0a0d6bebc17444c877d4f3,6.8
confirmation,5484-24317-0027,test-other,5484,OPUS_VOIP8,16000,326720,True,-25.768219127455595,-26.395748711352166,-0.62752958389657,0.6388545632362366,0,0,1,d077e5dcd1f81e6e1b766d9efecee66964f204ce672e8f1d83c130f5fd96769e,bc55e5e1b4a04622169ed401386cfe3866fe8b49012f1aa22aad5be495e4e2b0,7.436238981390793
confirmation,5484-24317-0028,test-other,5484,OPUS_VOIP8,16000,109600,True,-26.93992302464109,-27.59730032335256,-0.6573772987114694,0.47759976983070374,0,0,1,a01ec7f7c13fb554a8a510db02561f4e98f8e3211abcd1d6868ac86f6811a6e2,2cea3fb840c3d44b960a586dc3abd74b163ebd6256c83a365d3370c7a9277e52,7.298102189781022
confirmation,5484-24318-0003,test-other,5484,OPUS_VOIP8,16000,80160,True,-25.679380305558126,-26.447898152719734,-0.768517847161605,0.5044008493423462,0,0,1,85a2575a4f568d459fadccfea32d733c79596159101b56a0060b062a943b5caa,ef3eb3ba3f85e139dfaae265c07981a055db35d7f9d8649d2d1adfedbd517491,7.222355289421158
confirmation,5484-24318-0004,test-other,5484,OPUS_VOIP8,16000,61200,True,-27.28319916777353,-28.043654281284574,-0.7604551135110428,0.39418038725852966,0,0,1,396644d41af818b7f13b6969ec2622261ec919ec88125e2b6aaf28146ba61ee3,5bb640515352f5f6a1847267c3d7d989f908b6bb73cd332475d671b41957e62c,7.351633986928104
confirmation,5484-24318-0005,test-other,5484,OPUS_VOIP8,16000,78320,True,-25.55067502095724,-26.136741289816143,-0.5860662688589052,0.4990815222263336,0,0,1,3955456e5051594e55ec7a8ec90ae282ce97e4130ec030fdbea298ff9cba26ed,c0af3711bf72b97d38f97c746edac15210e30f944f24bd44db5f9af6a9eee5ad,7.408375893769152
confirmation,5484-24318-0006,test-other,5484,OPUS_VOIP8,16000,53920,True,-22.06296001618776,-22.76716129927508,-0.7042012830873222,0.699981153011322,0,0,1,3a2e1a9ec61a79f8fa5c0f75245ac9f0f0726aebb718d0812f349f3d6d4b4d17,cce7550635361dae5a589c9e2451c3ef43c0553fb73cbd1c2935adddeeb474b7,7.532344213649852
confirmation,5484-24318-0011,test-other,5484,OPUS_VOIP8,16000,117680,True,-26.305193928723444,-26.743740792280963,-0.438546863557519,0.5842770934104919,0,0,1,37c87e687c33abdddd96b638b5a6fcb019cfd02f66b0cf4eadea2c299eb88321,43429e572ba261ac5535bc2264d058c7587f2702480e4f0b8b19ada4ec25d1df,7.4289598912304555
confirmation,5484-24318-0013,test-other,5484,OPUS_VOIP8,16000,203360,True,-24.843973987817808,-25.398178121989577,-0.55420413417177,0.8789571523666382,0,0,1,c843efddff7ba722a1f9955a541feefe2db5cf013a95c123671d3540146c3b0d,6be3aeb1c773ad10d84dd1035656395079c83b639cbcf7001cdecdd3e4ff4c21,7.351062155782848
confirmation,5484-24318-0022,test-other,5484,OPUS_VOIP8,16000,95360,True,-29.688978335032317,-30.77322237287042,-1.084244037838101,0.277035117149353,0,0,1,2c55a18e05d4973d86efb12fbd1c9e6ee437547dc6fc246643bc4fa26476c247,293287eefb45c1e641872d4b6e6b20d8e141306f8dafd387b1da9414bcb86b41,7.374496644295302
confirmation,5484-24318-0023,test-other,5484,OPUS_VOIP8,16000,94560,True,-27.436492155598703,-28.310724727168974,-0.8742325715702698,0.5995720028877258,0,0,1,591464bf67dc664f4dcd45b88f991fe85ec3d8cd6ed58a6295faeb3641c50bd4,250e7d13fd00e915720329790c197341cd9fbd232739e910e36d9341602cfbdd,7.1607445008460235
confirmation,5484-24318-0024,test-other,5484,OPUS_VOIP8,16000,39600,True,-22.056929745071624,-22.797697344661152,-0.7407675995895312,0.47777026891708374,0,0,1,ba3e21cdc42c498b0801f5480ebe9225ce642a5ae6d6b23be5ed2e73f77409e5,44b0e5092708b3438f3da76706fd84d6d2d9e25c524be3c4cf1f288b65156d18,7.818989898989899
confirmation,5484-24318-0025,test-other,5484,OPUS_VOIP8,16000,75601,True,-24.923644347815834,-25.452671095857507,-0.5290267480416709,0.6083046197891235,0,0,1,5b1ab7addbdea372679f0ff34d81c256af669c722cf466b2dbd1864e41098bd9,7e97d4676c01e619eaba412969ca473a229fb75ea1450ae5f6b753907fd63972,7.8136532585547815
confirmation,5484-24318-0027,test-other,5484,OPUS_VOIP8,16000,77200,True,-26.338093465934787,-27.239188243180887,-0.9010947772460971,0.546446681022644,0,0,1,801788e7e38f97f9132a3db914b426874aa7b3ed52480a46dbc3442d21c6a3e9,97bf50a020e85494558b449066bdabb3ccd2af2e6bb0c4425be5c843a3331aa0,7.515854922279793
confirmation,5484-24318-0028,test-other,5484,OPUS_VOIP8,16000,79040,True,-24.434323073108896,-25.143897814858718,-0.709574741749825,0.6223496794700623,0,0,1,3d13fb7358fbbc6cc8989e5d255d08354cdf50ccae544f6d9600658e36039446,ab3cb4695f2cb7234f694f3c4d9a40c4a7e0a74c5c9ae84a58036aa2cb8b59ae,7.378137651821862
confirmation,5484-24318-0029,test-other,5484,OPUS_VOIP8,16000,271680,True,-25.282941430304327,-25.899138573254845,-0.6161971429505199,0.5310766696929932,0,0,1,4accd414fa75be6dd1902f2bcdf45c45e55190699d5782802e001939c7db923d,b0e846e261387a5a05d9c3e200ed94a6de70fb8d7c7a067ad7dabbe77329fe18,7.505771495877503
confirmation,5484-24318-0031,test-other,5484,OPUS_VOIP8,16000,53120,True,-24.749605950237076,-25.50106057359895,-0.7514546233618733,0.556061863899231,0,0,1,be1b74a57dd0c807ff5ebb0953f9ed1a710df7eb7b234c76ed1453f052e34a4d,230c5d8bd5cac1580351aa46f65237a933096266d617b45a720508bd3d19c07a,7.349397590361447
confirmation,5484-24318-0034,test-other,5484,OPUS_VOIP8,16000,448560,True,-23.458998080213274,-24.045152716620937,-0.5861546364076635,0.9024152755737305,0,0,1,5c7eb829dd2caa03eaa3b4802ec9e13c0d9333e7845554ca02f8b897ec2738de,2c868c834093c5fe78d7b3eb794b505c764a24103cce54573527943ef765f166,7.6975209559479225
confirmation,5484-24318-0036,test-other,5484,OPUS_VOIP8,16000,191600,True,-26.417529005198794,-27.0296318268379,-0.6121028216391087,0.5982612371444702,0,0,1,9af6888be99d1998ebd7251c4890a1597d0275ee1125fdf1f3359567b219f00a,83e518b40ac57e3f3b0546ad8c7a2e9fedb70ca7161f5c7fc234824e522173bb,7.5617536534446765
confirmation,5764-299665-0006,test-other,5764,OPUS_VOIP8,16000,140560,True,-23.51607893615735,-23.937980098829016,-0.42190116267166683,0.5671579837799072,0,0,0,a1a8e3cfa1a646ad4786f1dcd926877f889d008024d822f791ee7533f728d44a,d544266b50721946415e763301eb60b26572460f50103fe3b8699b2c5adc72ba,7.337051792828685
confirmation,5764-299665-0008,test-other,5764,OPUS_VOIP8,16000,190800,True,-24.143090520111635,-24.499130329959034,-0.35603980984739636,0.6023855209350586,0,0,0,4ef3b299fc10a27f3497b38b383cd45247aa038ec15b083ce0e4e20ee8d259e4,ae1ef7956f8f6ff63e3708ef2bc4df73a157424505061748e44ca31c42f9de2b,7.293584905660376
confirmation,5764-299665-0013,test-other,5764,OPUS_VOIP8,16000,93520,True,-22.17769920609097,-22.737582280120453,-0.5598830740294812,0.8520216941833496,0,0,1,151c12545e5ba3f739035fbf29f6683954528f4fcc9082c100d5fe20805014b7,9b3df6b044d5a68cc33dc429b86824f2ca56f5fc008036f3e6590db903db30f8,6.991274593669804
confirmation,5764-299665-0015,test-other,5764,OPUS_VOIP8,16000,83360,True,-20.12587141760688,-20.696017662146346,-0.5701462445394649,0.8721456527709961,0,0,1,eeb60142fb0fb364993dd310faf354b17eb1779cde43f971b4b523e114a1d98c,f68837d6395cb62f793ffcad72a03dac9a72d740f0faea93edcee3665ed4afd5,7.043378119001919
confirmation,5764-299665-0018,test-other,5764,OPUS_VOIP8,16000,53120,True,-20.0953325725514,-20.70298499039474,-0.6076524178433401,0.8667843341827393,0,0,1,973f3913bbb22fb4891b189df9fe6a1d93f879cc0309322db1091a49f8ffca2d,c0b04d3e4072008e8fcaf8aae7ec90f9aec8f7a556da4d9edc7d59d068701ac3,7.436144578313253
confirmation,5764-299665-0021,test-other,5764,OPUS_VOIP8,16000,64640,True,-23.744403427988665,-24.171480069842872,-0.42707664185420485,0.5611882209777832,0,0,0,8e299809497e99a32f2f97fb80ba6e909dded0419ab5c75b4acb978fb43eb064,12d51f9854fe00fe620803e411f760398389251414f019c272454a55d5be724f,6.752475247524752
confirmation,5764-299665-0022,test-other,5764,OPUS_VOIP8,16000,93840,True,-24.962745950182097,-25.44562704205871,-0.4828810918766127,0.49338221549987793,0,0,0,7a944e6af6b82bcf5a3b1074c3ea46bd1c63e26a3bfcfac6efeb12926c3aae65,3e43220d0fbfbfd3bd08133ded48bcd4a4b03ffab68e0e165e4972394dd2acc5,7.204774083546462
confirmation,5764-299665-0023,test-other,5764,OPUS_VOIP8,16000,62400,True,-28.32365475063396,-28.744010316284815,-0.4203555656508531,0.29869896173477173,0,0,-1,0477e56770c77e6290ee20b2958d382711cf7aacdcc608d54d7784a7aa456249,839459d39a616b1014cc394363be243875327aa48548b468ef572e62f84c219a,6.937435897435898
confirmation,5764-299665-0032,test-other,5764,OPUS_VOIP8,16000,249360,True,-28.366492843711413,-28.905789609688174,-0.5392967659767625,0.42797785997390747,0,0,0,2cd9127facc689d4d05fd99301b88f6840eb329f6acae67cb1440c306c0848dd,5e84f9673d3c02cb5e5838f4b1305308083bd41e21df730f9e3a58c63ea66b27,7.188450433108758
confirmation,5764-299665-0036,test-other,5764,OPUS_VOIP8,16000,139440,True,-26.79946494348391,-27.200412870905218,-0.4009479274213079,0.5838096141815186,0,0,1,925fd6c57d817fc2a741caa3a8cd95d0ead663f17b1c3f6db4d1def22d0f718d,5ef8f0cb811ebddf1890a47a1d815f6c9082815068259a1acfc16ce5b98cf32b,7.255536431440046
confirmation,5764-299665-0041,test-other,5764,OPUS_VOIP8,16000,68880,True,-29.142699948928154,-30.001366504949367,-0.8586665560212097,0.299294650554657,0,0,1,72f213ad0274473de62b41d5e42ec6fea501355f393168f43605f71a1fbaa652,6610c411d616f2e3840c9d147290de644e7f64aa92b943a6b00264dc4ecaa23e,7.061556329849013
confirmation,5764-299665-0043,test-other,5764,OPUS_VOIP8,16000,74160,True,-34.045559935424215,-34.87061925300396,-0.8250593175797416,0.24612993001937866,0,0,1,9a7d26d8d14024265fa48d8cbd953f94c909481f23da3208a18a9635c6fdb8cf,4b24cee470f21311f5d7c7c37fadd13584547b2c02e6fab85389eb5fa1252d5c,6.760733549083064
confirmation,5764-299665-0045,test-other,5764,OPUS_VOIP8,16000,45440,True,-25.052778907977395,-25.460621966587805,-0.4078430586104059,0.36634600162506104,0,0,0,db4386b296022bda6b6d6e7e2a4f9e17d3460a4287e80a11604982e72b605b43,57e3859c7bfc865da99e0ef063cb3035c308134b9ed96e46874150894bee0310,7.123943661971832
confirmation,5764-299665-0046,test-other,5764,OPUS_VOIP8,16000,75440,True,-22.584400925672966,-22.906217345451413,-0.3218164197784492,0.5281845927238464,0,0,0,2b951283ae0462d9321d9af714e69890f6c805646d7ba2cce26969009e788ee1,13cec8990d2aa0f020ab74ad3c81dfddfa1f6a6d173b0241db04df83707ada94,7.394273594909863
confirmation,5764-299665-0047,test-other,5764,OPUS_VOIP8,16000,73280,True,-24.982914091737264,-25.309206769453457,-0.326292677716189,0.4978451728820801,0,0,0,619476da4d3489e54dd625a410818f227244fa28a3415dc8e99c42bd3f24128a,f10d5470ef3acb68f248d320c25ee476f8ec05c7b97d477bf22ce3fbdb9f9ae6,7.08296943231441
confirmation,5764-299665-0049,test-other,5764,OPUS_VOIP8,16000,91920,True,-24.62315199856433,-24.868282474298866,-0.24513047573453695,0.48991361260414124,0,0,0,d95b9e184a2705c41260e3223e2f30183916ff330578bb737f274c74b1e1ca0b,9b58d39a5c942ce6ba40c8e8434ddc7ea33864ddd21b74de537d34edd5f329dd,7.323237597911227
confirmation,5764-299665-0057,test-other,5764,OPUS_VOIP8,16000,135440,True,-24.86595262390037,-25.42204758233829,-0.5560949584379196,0.5224267244338989,0,0,0,cecbd602b56f82eafbecbf1a07f36aac0237afc1098a1ec8eabedb017b6766e8,020ad01addf048b19f97e5ce5f957f294345ce6a4c1f1178c0bc28239b8c52d6,6.997282929710573
confirmation,5764-299665-0065,test-other,5764,OPUS_VOIP8,16000,70240,True,-28.41625919919935,-28.88280152035901,-0.46654232115966265,0.3579731583595276,0,0,0,690e672040952edaa12ba6fd4774a7c5e087d516402f8e20dcd2384becc3cddd,194377ceb4ca7d9c5c5b6e1ada7c81570a7b7b0fbb71f8895419db077f69618e,6.939407744874716
confirmation,5764-299665-0067,test-other,5764,OPUS_VOIP8,16000,38240,True,-25.35836364801328,-25.595516671671362,-0.2371530236580842,0.4815256893634796,0,0,1,5a9f50ac6bfec4c26f2c67017c2e61277faa4dd829e02fff63c26cb7851db46f,204d7beef6b8b112376987d78cc04459308b8b87ea1981cd1be1ee42dea6b244,7.109623430962342
confirmation,5764-299665-0068,test-other,5764,OPUS_VOIP8,16000,42240,True,-26.415833792674704,-26.74676762163489,-0.330933828960185,0.4238814413547516,0,0,0,6f49de2e003740111916327a32708fb3b1a59f9153b5a72f4466bce825075467,f1264bbdc590f5de69e611216d6225fbdb11dc4a7f4ae51077fa314d77bd94db,7.015151515151515
confirmation,5764-299665-0072,test-other,5764,OPUS_VOIP8,16000,227840,True,-25.67092286051392,-25.950239195764183,-0.2793163352502604,0.433153361082077,0,0,0,312a602cf405cf804a55690a29c6ac0b242d74e7863d75dd0860ec5ba7f3ad07,2d36ae436fc978b463178be73cc949186fc6cfc99928cf28998602704da80abc,7.2438202247191015
confirmation,5764-299665-0078,test-other,5764,OPUS_VOIP8,16000,109440,True,-24.41011636458493,-24.64604857890986,-0.2359322143249265,0.4705333411693573,0,0,0,a5ab428e400c98d54b1f960918f0135a30daea50ad113d2ee9efc0efd76df9da,c3be6a1fb85271f505c0c73474d4ddb1fe5cc9b94b1db1d8cbb404b4c0327bd6,7.302923976608187
confirmation,5764-299665-0084,test-other,5764,OPUS_VOIP8,16000,41760,True,-31.47701423526817,-31.859505042625113,-0.3824908073569394,0.2333305925130844,0,0,0,b82b58ee5fb3f3efa8f8d2128c403bc8b91034fb8409d1f1f7a8e0edafbecb8d,448926d8ced64c934cdcba5ee6095fe160162e38a43cacc172a9ae110ce18f29,6.706513409961686
confirmation,5764-299665-0087,test-other,5764,OPUS_VOIP8,16000,71280,True,-27.506146794440212,-27.887877934974053,-0.3817311405338402,0.33407309651374817,0,0,0,4cd06c40c5c8c90208f32a8598c0c49516bba1044411ef911ec2b8e666d27474,ec545c40bf39c02a360f795c67de527d9c23f20cbe2577f14a9f6e0359e211a8,7.1667789001122335
confirmation,5764-299665-0088,test-other,5764,OPUS_VOIP8,16000,128480,True,-26.09539795829498,-26.442348696305118,-0.3469507380101351,0.4644945561885834,0,0,0,f0eec3083f31a7934ed078c998b61f243099fedf8e907777806326176b48a385,a71f5b9d658039b99c8fed0ec7543c83334afe8c5af46ca2f1604940097ef965,7.224906600249066
confirmation,5764-299665-0090,test-other,5764,OPUS_VOIP8,16000,138880,True,-25.26457967477157,-25.598601305028268,-0.33402163025669485,0.40759846568107605,0,0,1,0a9e678e4a316bd1dbab9706266c71a5fbec06f8f10d449ab929bf5194308e0b,a8a04f6b1d766120971b9c885813db8b58f97cba506d21984041432b56293274,7.24147465437788
confirmation,5764-299665-0091,test-other,5764,OPUS_VOIP8,16000,66240,True,-26.14703971615097,-26.550344491488485,-0.4033047753375102,0.4499850273132324,0,0,0,cf03bd478cff78530b11b09366f89ec07924305f10ece8e96c78f60096293d69,32abb083740ebb1983c5ad9ba42ecaded14d17cc03108921d8c91c0f5ac54aa0,7.2038647342995175
confirmation,5764-299665-0092,test-other,5764,OPUS_VOIP8,16000,110560,True,-25.368944755593898,-25.698647391552264,-0.3297026359583643,0.4475141167640686,0,0,0,1d9869a18a4b25c85d9a2c863ff29e91e58ddc2063e5ef1ca8b0e5301caf7c4b,9011350a13c9ba7766e80744e454be3b4448092682e9ed47983d793c4ee568e4,7.134008683068018
confirmation,5764-299665-0093,test-other,5764,OPUS_VOIP8,16000,57840,True,-21.00065454731009,-21.492349686997457,-0.49169513968736167,0.5234758257865906,0,0,0,c7132b06c2320b25cd2141ae4cfb8eed2eafe6c88ff9f22cb2627970ee73c64b,f65098ab7551def180e9889b5d1046464b116e2bb7daa7826a7841ebf5cefac4,7.3648686030428765
confirmation,5764-299665-0096,test-other,5764,OPUS_VOIP8,16000,61840,True,-25.707868399064928,-25.976821234620292,-0.26895283555536875,0.49422529339790344,0,0,1,7064920760f2aecf7714b75e424e3824655bfca985e602cbda0495d98b39b30f,afc2c0a8d8b90d48db02f6d4f05530c3b5bef83bfefff6380269ca416f28c688,7.066494178525226
confirmation,6070-63485-0000,test-other,6070,OPUS_VOIP8,16000,150400,True,-29.47128291968752,-30.15181669990333,-0.6805337802158047,0.32674044370651245,0,0,0,37c5432cf203565f7f5cc790352f73c0f2a632d73edb796b823d04a93beef45f,848cbe4c19751d26238ed8ab495d3f4b8db4647eb1fa11c010c7d058f30cdce4,7.587234042553191
confirmation,6070-63485-0004,test-other,6070,OPUS_VOIP8,16000,270880,True,-23.95717405092499,-24.245534740704304,-0.2883606897793118,0.5474706292152405,0,0,0,b16234cb68e0575e2d86d4c66f1bc08008bce9ff9c8bd248cc85ff73558fd659,c46d1b03f7f3e8e8007933674338d18ddf25d17ed2869ded6cd7f318a410918d,7.7023036030714715
confirmation,6070-63485-0005,test-other,6070,OPUS_VOIP8,16000,124080,True,-26.107841714911327,-26.538913501647663,-0.4310717867363392,0.5944215059280396,0,0,0,efca07d6e8d6dd3dba8f6076cb9c9fdf4f442541eca74e9461f0c39b0b932cec,eb9c2a9ddffe9a6d46dff7126b89673f06838b6699f09d6228d706e5d7264cc4,7.422308188265635
confirmation,6070-63485-0006,test-other,6070,OPUS_VOIP8,16000,138960,True,-24.414648553612935,-24.87688164676107,-0.4622330931481313,0.7122542262077332,0,0,0,d491020d86c2eaa5c95b91657d6d45cd3f4830df19ae43a2b1dd4f2cfd6a0e15,f63da7d8e855ba86eeb5554e4de665999a5c7ce5068b1d51f0edce53241e59e1,7.661945883707542
confirmation,6070-63485-0007,test-other,6070,OPUS_VOIP8,16000,82480,True,-23.650380596252134,-24.300108552322072,-0.6497279560699349,0.4300706386566162,0,0,1,67389ef3ae5fff9c2d6641364f13f5da15053ccd4caa1d03b8500ac655459980,a51b38952ad12c848d96dbaf65ec19348f360a338604e28f02d01d6464edec9b,7.557710960232784
confirmation,6070-63485-0008,test-other,6070,OPUS_VOIP8,16000,88000,True,-22.338202018991314,-22.61853674379294,-0.2803347248016271,0.4478720426559448,0,0,-1,7963f12a4b5d70b615d123ecc53d11f21df8b5f8a041ba63a7c1152c30a8113a,f9d5c352b6edb7cfd79c796763c8e3ea1dc7cef9b1a56f2802ae8a28fce1e001,7.682909090909091
confirmation,6070-63485-0009,test-other,6070,OPUS_VOIP8,16000,128560,True,-24.40471118559308,-24.742999198374527,-0.33828801278145015,0.5364226698875427,0,0,-1,fdab1bb00f01c7b5740470d0cea881e68c58ed8b7012beda53bcb77c287c37cd,1b7e13d167f1c3e564c2e778d42d921813d4c4862f6f00acbcc9c66c12048b11,7.522090852520224
confirmation,6070-63485-0012,test-other,6070,OPUS_VOIP8,16000,33200,True,-28.052554991168705,-28.546697048537908,-0.49414205736920225,0.24731327593326569,0,0,-1,d892cc335a3ec35b89f1dd6f7a91fc39eb0753e64a2b91be973cf8a8048de0d4,b181064c51639e5890888b5eb135a080c76c9c4ed5941464b74fd5c6ab270990,7.595180722891566
confirmation,6070-63485-0014,test-other,6070,OPUS_VOIP8,16000,128640,True,-23.683264010911316,-24.135064146318612,-0.45180013540729835,0.6110278964042664,0,0,1,b2d405fe5fed62da71afa09be00875426b9c3f3ae2bd79d18ba4bd6e25ca9dee,059535470f8d5e47352d7cae39c49da02d8d6ec64a0ad80b10d02e0bfc6fc5b3,7.6179104477611945
confirmation,6070-63485-0015,test-other,6070,OPUS_VOIP8,16000,34080,True,-22.427095698195526,-22.698980599833327,-0.27188490163779877,0.33326151967048645,0,0,-1,8787f9a480ee9a3e64aea30b7868222df29ecda6be92c27d5c0f15902d9bc561,8ff0c8d5ab390bb6fe1a0f3e4f48ada2b41af685a60e066b52d1c3c116aa06d3,7.5981220657277
confirmation,6070-63485-0018,test-other,6070,OPUS_VOIP8,16000,41120,True,-29.80251362455284,-30.265490260083908,-0.4629766355310691,0.22238822281360626,0,0,1,1d02449645c847447f7d3367e2427910f257237d58e76576e42d1d22d184dc6e,17267ce32e7efcc4db23be280fcad06889f97c9e1ec1cc3bd9d6e1dcfae47c3e,7.1688715953307405
confirmation,6070-86744-0002,test-other,6070,OPUS_VOIP8,16000,277040,True,-23.337290852374963,-23.674481064207285,-0.3371902118323268,0.47071346640586853,0,0,1,961358086728be299f33df49cb4de4b337d1acc39b06ac1c0ef08ca09e75801c,441d1f3471c555da805b4d5b47e1615287f5255c5dfc54e147f42f4e0ad93946,7.7879295408605245
confirmation,6070-86744-0007,test-other,6070,OPUS_VOIP8,16000,138480,True,-24.538863882458916,-24.954202379298764,-0.41533849683984414,0.45250263810157776,0,0,0,420423872c9c2d73a820643fc9937f1e5b119143bca35cddc65162a1910dadcf,5b6ef5b6f3849e600eae996e171ab5aead0a409953024805397d6db8b363352c,7.820681686886194
confirmation,6070-86744-0010,test-other,6070,OPUS_VOIP8,16000,90800,True,-21.64958536597196,-21.969368099395382,-0.3197827334234193,0.5684371590614319,0,0,1,976b1b19bd553ea34e6b510d19bf8579358e2b67dee4e11dd288c950c29a7130,564794d5a742915bd9770e1efe33fd0fefc94f93aa4a18ce5b9804b29847a6e9,7.6109251101321584
confirmation,6070-86744-0016,test-other,6070,OPUS_VOIP8,16000,52960,True,-23.84186302320432,-23.92991341889995,-0.08805039569562793,0.5157247185707092,0,0,1,48bce0318ba9cd1ed3217a57c951ed078c0202a62bafabf878da527fc2dd0846,80c144d2292ecbd5964b365592d638a43e90ef15323264bbe30bb3d7d2e8c729,7.654380664652568
confirmation,6070-86744-0021,test-other,6070,OPUS_VOIP8,16000,56640,True,-25.453967426613396,-25.912439305795722,-0.458471879182324,0.4117123782634735,0,0,1,dcd5a22cf52caa2f29f76b7691296d679bee6cd86425a94d8fb03b4afc4e7f28,ff86308b0c17c0cc5faebb9f31dceece57232a02ac201b63aa727514d8697a22,7.76045197740113
confirmation,6070-86744-0022,test-other,6070,OPUS_VOIP8,16000,319999,True,-22.720670393412888,-22.98433282970571,-0.26366243629282327,0.5917867422103882,0,0,1,88ce3854d4b99732db78e2608a37bcafa0ccff506f7eca0f0436098bf87bf564,ddefb11d868e4844f1943cbb1b39845e86243930254ffb9bc4e632c5d03a919a,7.804024387576211
confirmation,6070-86744-0023,test-other,6070,OPUS_VOIP8,16000,74081,True,-26.16177647765428,-26.677698139946333,-0.5159216622920539,0.33462247252464294,0,0,1,f554b65fa7d5b8848e40ecdff33deb0b35ffb82b509294a860181417b9b5e301,09f00f43a3d15fde61b9d34a160390e4f8b6afffb507291ffdf1ec896bb96d15,7.611128359498387
confirmation,6070-86744-0024,test-other,6070,OPUS_VOIP8,16000,254800,True,-23.633332899611755,-23.92786485312464,-0.2945319535128885,0.4365336000919342,0,0,0,68da60f43e1c56ce3984d71967574c1bee489ee8ff3f4f75992e0896b90398a7,f9dfae471ff292f95e220172f0221d02c5c465cfdcbdcccd22ec07165ad234bb,7.754348508634222
confirmation,6070-86744-0027,test-other,6070,OPUS_VOIP8,16000,166640,True,-23.699413146845213,-23.996525287364268,-0.29711214051905344,0.6153402924537659,0,0,1,a0b1a0d78f5dbab4552fba8ed07ba50b4c619fb251ce742d99c28e60c6e1b985,51cf7083c74e4103c875eb203629a4d1d807b8047f0dd51baf365410051b463c,7.764954392702833
confirmation,6070-86744-0028,test-other,6070,OPUS_VOIP8,16000,133600,True,-20.70692126512011,-21.06415879491901,-0.35723752979890133,0.6553003191947937,0,0,1,9ab930d4fe1aebd3bd05db56f07276b55a25c450d3e4d17bf1e36abb7b4e00cc,b30898989461876433f4c2a9e2edf7075044a396270b8f5fbcba0a7c619356f4,7.7451497005988035
confirmation,6070-86744-0029,test-other,6070,OPUS_VOIP8,16000,58960,True,-21.43267513914552,-21.746698878706017,-0.3140237395604947,0.6544807553291321,0,0,1,2f4584f528d0557e66d6ea3d0dbd0ee4392d4200205d0b50c77d1cf690fdf365,18d8eb404623eb3d8e91342bde8b0f35f77adb559ed133fd619711d440f8f6c5,7.683039348710991
confirmation,6070-86745-0001,test-other,6070,OPUS_VOIP8,16000,244240,True,-22.479717880250046,-22.767244257374784,-0.2875263771247382,0.5905406475067139,0,0,1,76f3c424f2bc78e5beea7157a8bd724315519e59173f9ea60c1ffd4aa4842fa9,471eb312c8d6cd9d1a689f84f8f4b30aa2a6b263aafcbef8f0de5ac0fa5190ad,7.661447756305273
confirmation,6070-86745-0003,test-other,6070,OPUS_VOIP8,16000,120800,True,-21.824942595207197,-22.107768364182952,-0.282825768975757,0.5847089290618896,0,0,1,f8579c89ecebcf7dddebdf3f9532f9937f4567566a3a9650ae8224b5495cf11c,eb6e49a43ad1cfa24ca25e5f45b46725dc246d2238c8166ff937557e67d555de,7.728741721854305
confirmation,6070-86745-0004,test-other,6070,OPUS_VOIP8,16000,39040,True,-24.340863585792544,-24.74275067756654,-0.4018870917739942,0.28593119978904724,0,0,1,64b9718161002ae3940efe4dc258017b3945b85572d640d7fe7b55d7c9e6afa8,a59f8675845e49f701abcfff590c60984a339e9be3538ab4bf657f23b1697f40,7.445901639344263
confirmation,6070-86745-0007,test-other,6070,OPUS_VOIP8,16000,112720,True,-24.94120787498383,-25.25260858898614,-0.31140071400230646,0.32714828848838806,0,0,0,952be58fe59decdad2b25ce6bcfa75037d535ba6b481127c18d42e87d2234fa0,b6219a9b0db2aaca4a1b3884cf1c2592e27f41cecb04f0dc0bbbe4be0fac88cb,7.752448545067423
confirmation,6070-86745-0010,test-other,6070,OPUS_VOIP8,16000,96000,True,-24.94243905202495,-25.188852636894865,-0.24641358486991086,0.3476141095161438,0,0,0,53395a6611f7d644c37b3db70114980fea825cfeecb3e8243acbaa8e69721717,cd99883f988fd31bd3f51ae30af88a9ad9a91265d20606eee6976117d9716861,7.786666666666667
confirmation,6070-86745-0013,test-other,6070,OPUS_VOIP8,16000,130320,True,-23.32495364254774,-23.661019865937952,-0.3360662233902062,0.4738174080848694,0,0,1,07a65b71bc3604f58aedf6f5580f20274c49d2eeffaa40c070c64c5869d4315c,b3deda7710855686fc74d5d264e94bc01bae2712ff4bd2cc80289b2634200bc4,7.530509515039902
confirmation,6070-86745-0015,test-other,6070,OPUS_VOIP8,16000,38480,True,-26.643292608614342,-26.92704018318991,-0.28374757457556743,0.2973836660385132,0,0,1,0c7779ef39dadf3be5110965b5b04dec5fa2c68bd51b030429f494abc094bc68,910a4663b1f6b8fa961261f0e29ff40cb8f72f02b81514950b1d08f7efd4d3a8,7.301455301455302
confirmation,6070-86745-0016,test-other,6070,OPUS_VOIP8,16000,82400,True,-22.358352931028058,-22.660825220335866,-0.30247228930780806,0.40158379077911377,0,0,0,9fc80197b3f19d88cea4766cf7283d0c5345464061c6d26dc01c9573db3b4d21,7438e0fa85b5fc0dd1f2880a1e1f52d419b97052092067d536db12044047de7d,7.71883495145631
confirmation,6128-63240-0001,test-other,6128,OPUS_VOIP8,16000,69200,True,-25.553974517982347,-26.080857757860258,-0.5268832398779114,0.326302707195282,0,0,1,9b4d55318c31d36780bbcb1bb07afd426386f7553aa0aadd013801e82255f577,84e4fb9117265adc55b242bcd2d8230e180bbeb767768b59527f2c77ac625d2c,7.430289017341041
confirmation,6128-63240-0002,test-other,6128,OPUS_VOIP8,16000,38160,True,-24.620166372364096,-24.91877290154608,-0.2986065291819833,0.35320717096328735,0,0,1,63f173e13933bf380e5aa52d18a96a3e62a767230087b72a946dceee440c0989,cf0d4e1c9b64634634c89d510494aefa98652921714431b5d461b01bb9cebad6,7.205031446540881
confirmation,6128-63240-0006,test-other,6128,OPUS_VOIP8,16000,292800,True,-25.202712814417584,-25.61542214506418,-0.4127093306465969,0.34393545985221863,0,0,1,48096e4cd235e1fdb06f0fc95b5a5858581cb74101db7224e54104db37190059,057b8a47d86912b4edfdff6bb0b9089eb7592e778a29a7e05650aa812eed104a,7.445245901639344
confirmation,6128-63240-0012,test-other,6128,OPUS_VOIP8,16000,61040,True,-25.169364492014175,-25.435573885936172,-0.2662093939219913,0.32930928468704224,0,0,0,98751921cc19e66e0f47698ee21996a65ff7c992a033e41f4656135adf9da474,4d9c568cfd30d2c167ba75a81b4c7e00b29f138545302a50519e3fec3562bc3c,7.3100917431192665
confirmation,6128-63240-0015,test-other,6128,OPUS_VOIP8,16000,41920,True,-26.6800254693553,-27.04602918155826,-0.3660037122029566,0.2968260645866394,0,0,1,b3b4378a7cb67b7d6ac9e339f77378d5354891091d9b27a34749235e43f65869,20ed0351509c212dbda53cb47033fa6d07446cf2ce57082290c6dd8d490f7358,7.221374045801526
confirmation,6128-63240-0017,test-other,6128,OPUS_VOIP8,16000,118400,True,-24.690657573694846,-24.95130021557435,-0.2606426418795039,0.32410621643066406,0,0,1,cfdfe63be53667935b9e5da0756de3786951ec22123a692699107d583c00338f,cfe70ad14fce9ec6c9f5cbf96a059377be1e2dfe4456c572147afe51c37ef656,7.48
confirmation,6128-63240-0024,test-other,6128,OPUS_VOIP8,16000,282480,True,-23.742991100355315,-24.047128827997536,-0.30413772764222013,0.3757138252258301,0,0,0,7f60f1c08338a82086486b79f7843617506687dc4429a873976c4d1f053f3c92,6878c3cd78868c15e5f2231b809cd7be244c317b2826dee5bb74a7bceeae2b69,7.562730104786179
confirmation,6128-63240-0026,test-other,6128,OPUS_VOIP8,16000,92320,True,-22.527483261330875,-22.78857146845501,-0.2610882071241332,0.3950456380844116,0,0,1,5842aa93673cf9747afd7212a5f4751a8465568ae0a2057e73a912df447332c3,83bc28dc5c3ade5cd765e28abaecda9ec8abbb9cd0b96f7767f5636bd65f8c94,7.56048526863085
confirmation,6128-63241-0001,test-other,6128,OPUS_VOIP8,16000,209520,True,-24.355016360506887,-24.639152294196695,-0.2841359336898073,0.3048134446144104,0,0,0,f86581bbef0f35ea0ae97b5761907e308d798d3ef65d6710eb5777d753e6246c,0b62839d1c8ed874554c62ddf330b4ef9b9a375245dd04e6e0c80c8991027d3b,7.606567392134402
confirmation,6128-63241-0003,test-other,6128,OPUS_VOIP8,16000,133760,True,-25.04825908324065,-25.361243570459383,-0.3129844872187314,0.3738839030265808,0,0,1,eb9f1d5ca7e3a4c2f749fcc1b0fadc1caeaacd3e7719f0f6b94cb0b84a502d0e,d91e6838ab79d1ee7a2c7df5a87f247f22c865239fd63ee8671224a78ce883e7,7.293779904306221
confirmation,6128-63241-0006,test-other,6128,OPUS_VOIP8,16000,340160,True,-24.62565891201391,-24.912063393344578,-0.28640448133066904,0.32020750641822815,0,0,0,f2663b8ebf2fb943e0346da4d7a9a42e7ba0a12b62982e68c52e83ca6baf7c02,e86fcbe55ee1b8f3541bb1be82f5a3049343a08f22d1609bb6c8a88aff5e05bf,7.5333960489181555
confirmation,6128-63241-0009,test-other,6128,OPUS_VOIP8,16000,93840,True,-23.100836850002565,-23.315584791651993,-0.2147479416494265,0.3871403634548187,0,0,0,f6ba1caa13f35c67812b7311f0786c65172fc3a0dd30f6644943fa808b96f781,86f6e2ed8a5736001fabda688878f273cfce1ef079e0c0c083d84f81ba2abd6d,7.342540494458652
confirmation,6128-63241-0010,test-other,6128,OPUS_VOIP8,16000,186880,True,-23.19615746458141,-23.454406510851314,-0.2582490462699028,0.44770485162734985,0,0,0,09b792804898036bcfd74b9b98792efda876edd1ba0f46b8e3de464ada48544c,870afae521c29649af727883e130860edf1a57d588101916f777ae3c4197a073,7.497260273972603
confirmation,6128-63241-0011,test-other,6128,OPUS_VOIP8,16000,304960,True,-23.467447477200576,-23.71319084642334,-0.2457433692227656,0.37253111600875854,0,0,0,d983c20530ed7991e6b897d5c5bb96806f60bc505bf36864da098dcf75197f46,2a5924aeacf3ea11ad0c33b5f78f43cb8cfcd711fcf1007ded5c5e7ed66d9afe,7.671353620146905
confirmation,6128-63241-0013,test-other,6128,OPUS_VOIP8,16000,263200,True,-22.656745826872076,-22.91942621616471,-0.262680389292633,0.4271354079246521,0,0,0,f0e656541905a5bf479cff9c4232546ce06e26e7252b549cd7bbeaa06d44f955,85ee66a7c59e39e4f17bb09fcb90739a7af2b1b587fb86dc190b3d85662775e0,7.6124012158054715
confirmation,6128-63244-0001,test-other,6128,OPUS_VOIP8,16000,64640,True,-22.63991003762744,-23.574292460162564,-0.9343824225351218,0.354489803314209,0,0,1,cc3ae2b4f2352e752ce41147f89d0d3dc465694c41160e2c6f5865e0318916e9,de1a22bae26cd946f0dd9f78c707b701054cd9641f756919324d38c001b87e82,7.570297029702971
confirmation,6128-63244-0005,test-other,6128,OPUS_VOIP8,16000,137840,True,-24.963202638610046,-26.39450458486042,-1.4313019462503744,0.2738078534603119,0,0,1,09bbf9d2c750070e8e7c2f6fd89d336df060473bbc81073de1cc50e2abc11119,ea54580372a00ab0c7926c0541f0ba73c1830044a840ebd3451e333e6128d61d,7.506906558328496
confirmation,6128-63244-0006,test-other,6128,OPUS_VOIP8,16000,196080,True,-23.950018982308677,-25.12848924590425,-1.1784702635955722,0.2936922609806061,0,0,1,b2b2e4bd23a35c990856d55be7e5129428801180688a4770ca093deeb6cb8f94,def086c7a978705490276a4b9ca4dd4905cb9c188792387882d47ffa6ce7b0ec,7.61485108119135
confirmation,6128-63244-0009,test-other,6128,OPUS_VOIP8,16000,138000,True,-23.863777976360666,-25.15403894191117,-1.290260965550508,0.2850739359855652,0,0,1,1540b3bca75ed301c5dba4281c15fd87f4c316a625fcadb7e7da3de12b96e7b8,a19cdad9c077c7e7d89128ef33505b26f3fab6b6e55b0c1a038ccdd2a23179bd,7.490782608695652
confirmation,6128-63244-0010,test-other,6128,OPUS_VOIP8,16000,75840,True,-24.675769680628395,-26.011646458079035,-1.3358767774506406,0.2555074393749237,0,0,1,74e299303d3e6c62b54daba27cebf7090feb9a677fa57b58e993ce70209801c5,89b76ab06fd461c34d21e922f9f2a2c84d055453698e2143f7a21d9da1717acb,7.527426160337552
confirmation,6128-63244-0012,test-other,6128,OPUS_VOIP8,16000,74560,True,-23.69413053860214,-24.755642704900723,-1.061512166298585,0.2781655788421631,0,0,1,6cf6f6b6d450c2be04d5d4a6e25a6e9521a90afe2e9c13b3a7178d4430b429eb,b68302a2e9723f635f2ad3a99d0549e6ad0f75fa011a470afd5488d8bcdfbb8a,7.565665236051502
confirmation,6128-63244-0013,test-other,6128,OPUS_VOIP8,16000,66320,True,-23.83922275341833,-24.84897899364391,-1.0097562402255846,0.33428260684013367,0,0,1,68f9e5b0716ea253a231daa61902d63134b006a122fa55c0ea6b0b6b7f4e5e53,4aaa57fbf1e76407ce8740c251b6be04ab450a7ecdf3e5ea02473d3e4b4bc5ee,7.596622436670688
confirmation,6128-63244-0014,test-other,6128,OPUS_VOIP8,16000,207920,True,-24.841844977414105,-26.536982585402214,-1.695137607988109,0.27671271562576294,0,0,1,f696e73765e165301430cbefd164fa242c242040806fde23029eb7d511a69cbe,de72aa58f14036ccdc56f611d3e75c7240e075e6221fdaaffd62d8bb04df1624,7.564140053866872
confirmation,6128-63244-0015,test-other,6128,OPUS_VOIP8,16000,88560,True,-24.324767852452315,-25.961338175920204,-1.6365703234678886,0.3196631371974945,0,0,1,2d26546f0c19e63fb48da9291a202759ef0bbd9fdff660b771de35fc912ed475,f3ebc6c1884516f1f872dacef81b5a2e058af1e7b1e99a7228c976846ee69a31,7.635772357723577
confirmation,6128-63244-0017,test-other,6128,OPUS_VOIP8,16000,157040,True,-23.55661805183935,-25.250718649261323,-1.6941005974219678,0.3013244867324829,0,0,1,a354417e960b7e820cd6460f534241f6b1d9a903c9d33d9e20ec4c8511e98932,e36f38a38787afc70fc4b5a58cfe25ec5e9fbaec296d9bc8c8dab3f91b3e3909,7.5133978604177285
confirmation,6128-63244-0021,test-other,6128,OPUS_VOIP8,16000,172960,True,-23.63352268987473,-24.929077411195344,-1.2955547213206118,0.2798837721347809,0,0,1,8b7754660f0766d438d369784c30660702281dc6c0e30ed2ab78255e38137288,0a085fc9688dd150aa71d2286d5f9fb5166e6ceb65211ab74afd5ef25787fb4c,7.595189639222941
confirmation,6128-63244-0022,test-other,6128,OPUS_VOIP8,16000,230160,True,-23.393254217483992,-24.899805135222408,-1.5065509177384107,0.35014039278030396,0,0,1,3bc21e9b0e718ed07dfc5b8dd6b12faf3c7e1b94fb6f689bae83d2a8b19d89cb,00d55aa3708badc2b1926d5726c05bb2992bc88efb1cc0fc9e136ee7bfe451be,7.564546402502606
confirmation,6128-63244-0023,test-other,6128,OPUS_VOIP8,16000,164800,True,-23.802641858189723,-25.059163108996138,-1.2565212508064152,0.2889383137226105,0,0,1,cd4c443b0f881cbc63aac44256117b5fd55c9c653596e6f9314221aebd806f40,7daa6aa40153215620d601f29cc66302b24d9d3554bcf42cf4f38f38cad58815,7.612427184466019
confirmation,6128-63244-0024,test-other,6128,OPUS_VOIP8,16000,171440,True,-24.195941295898574,-25.318422299787272,-1.1224810038886999,0.26641011238098145,0,0,1,786bb4808fd4eba53144c2431178b353b3c7424d4d1c38518eb2319bafda0f31,50c47d9acd1466c4c0cee8804dec6dcbb37a54e4290d1de053b1c2a3fbc420f8,7.622958469435371
confirmation,6128-63244-0025,test-other,6128,OPUS_VOIP8,16000,148720,True,-24.43204058470624,-26.064132931043986,-1.6320923463377421,0.24954019486904144,0,0,1,e9195ecc56ef52e6d4607cdc83496a65955317692657a2cf001d18da782c8929,b29e41bdd3af64bb637d8f07da32f98ec8d185d148e68e11889dd726d46b480b,7.577407208176439
confirmation,6432-63722-0001,test-other,6432,OPUS_VOIP8,16000,128640,True,-22.79984485832404,-23.945471140219603,-1.1456262818955651,0.44615885615348816,0,0,1,3a0f05b5350123af6303be18a5d2543b94c0d6c96d375fce07e9799d56af0324,c6d10dc68d13fd62c18a64cd8738600ffd021d9664e58c60a374cee49c6ddcf8,7.551243781094528
confirmation,6432-63722-0002,test-other,6432,OPUS_VOIP8,16000,86160,True,-23.849805805789313,-25.064542353472742,-1.2147365476834324,0.47654980421066284,0,0,1,9192c4c74760e94af0537cfe505b7de4f742469b4c4729853fc190730ef91405,036c95a9e5d2e26dbf959650784b16359af7afd7d566f271be8567b7f16b0249,7.447353760445682
confirmation,6432-63722-0012,test-other,6432,OPUS_VOIP8,16000,40640,True,-22.531866969044756,-23.52014555616101,-0.988278587116254,0.4581855237483978,0,0,1,882c89e19bae51137cced5917275e339e6106730a24beda1f2f106f3c638a1ff,1b4bd69a232e3aa6ca943ef8ee0e954ce25232b65576f77a88494685113cd74e,7.489763779527559
confirmation,6432-63722-0019,test-other,6432,OPUS_VOIP8,16000,125680,True,-24.147006715771397,-25.56681056374378,-1.4198038479723805,0.42393505573272705,0,0,1,4e639cbdb9a08572c5679460cdeeff42075d990e6854cb5e656f7e4207df271a,7df67311a0035d378ac9a33bd549939169e4f32035fa552abcf302fc63662f17,7.504010184595799
confirmation,6432-63722-0028,test-other,6432,OPUS_VOIP8,16000,51520,True,-22.48785876956674,-23.600181580037912,-1.1123228104711753,0.44205135107040405,0,0,1,b5ff99aba19bc655c75ea034623f0fdff9113a31b9a19178eaa4ca7a3fa58a0b,59f84e550dd3617ba99f073ce75c8c1155e29adc89799e8fa555b04bf2419b18,7.187577639751552
confirmation,6432-63722-0029,test-other,6432,OPUS_VOIP8,16000,91920,True,-26.854431051028996,-28.08701732670526,-1.2325862756762664,0.37439656257629395,0,0,1,4bf2492c48e49ba1bbce8d34426e27615f1d8c3c512ed5bb4b43a298cd1c429a,09e2b0e108afd7a7da3358114102003d3204158d96cba82cf2f41c864277083c,7.323237597911227
confirmation,6432-63722-0031,test-other,6432,OPUS_VOIP8,16000,43120,True,-28.589830519110823,-30.19399045939337,-1.6041599402825453,0.3848663866519928,0,0,1,62265d23972b6fab5f7fb5a871bfcf427b20930d29da64245258eed4c953ec2c,e5f38988070342cec6b8dd2cb9cf5d5be7f6f0aa9f63eead2c0f14f6b8b6b3fe,7.290538033395177
confirmation,6432-63722-0033,test-other,6432,OPUS_VOIP8,16000,77360,True,-26.498665949554688,-27.689148613233172,-1.1904826636784869,0.43818894028663635,0,0,1,5481d7ed0ef62b4784e4aa850255513c34d3575eade9bc186b83fcabecbe7b23,bda72971a60b38cda660d6981c5887f052990b2c9c9aa195f25db5206a97c812,7.313340227507756
confirmation,6432-63722-0041,test-other,6432,OPUS_VOIP8,16000,37520,True,-25.577562848155388,-26.82885809837647,-1.2512952502210881,0.3666852116584778,0,0,1,d05c25ddd507754464f476677a02bb643b50a514fc8edcfed2cd88bdd34ebaa2,6639e0a05db784ea4856b4aaf8310bffb166def6ea72b026a9db9fb3cda7d6da,7.164179104477611
confirmation,6432-63722-0042,test-other,6432,OPUS_VOIP8,16000,34800,True,-22.839150286395146,-23.922429240826276,-1.0832789544311336,0.4390852749347687,0,0,1,1e6d7043d1ae9bacdbff871a2934958f7831dabbb7cb570b2e9f5b05bfa42964,f20663fcd71b251c246b960d527784aa3fa4b5b0562b1e3dbf11dfc4402faf3c,6.841379310344828
confirmation,6432-63722-0044,test-other,6432,OPUS_VOIP8,16000,43920,True,-23.59890560458284,-24.45559529594748,-0.8566896913646429,0.4533172845840454,0,0,1,c41a9c7492b864f8004986cad18c24584db12c91ee1adb19c472053bea302285,2efe1abc401fc435458e0695090c5e051213ec503d0fd15bf8c110fe86a688d1,7.31511839708561
confirmation,6432-63722-0047,test-other,6432,OPUS_VOIP8,16000,103840,True,-26.05995997606364,-27.235105532472588,-1.1751455564089428,0.38639286160469055,0,0,1,444fd127c2ae613c0af6ca0cc1572f3cab8e6abbbc9144efbff7928776038dbd,f28811bf80dd9b9ad6aab6ecd64ecd751ab5b9ab4fe1ca776b309afe5ff38ba9,6.93004622496148
confirmation,6432-63722-0048,test-other,6432,OPUS_VOIP8,16000,113360,True,-27.436405487974767,-28.51309556799753,-1.0766900800227601,0.3568083345890045,0,0,1,82a13b1f8cbdf7339b44d5fbb1878347ea50b322d204ac9ffbb6a0bbe723bb83,63afa7709d7c913f24eb226ee22b6c1c44de6edbe9bd64b9be1ab83a16049f3f,6.893436838390967
confirmation,6432-63722-0049,test-other,6432,OPUS_VOIP8,16000,36640,True,-25.58871576141124,-26.738975094303825,-1.150259332892584,0.4357881546020508,0,0,1,e9baa421c89d6fcf664e1698a6f25a1c1068f5c00f9717247ed43d266604fd26,da9c41f4c06ddf712ef776defeab46fbbead49869efc90fc8e6caf973a90a610,6.864628820960698
confirmation,6432-63722-0052,test-other,6432,OPUS_VOIP8,16000,68000,True,-26.862680192362504,-28.107410292744355,-1.2447301003818518,0.34526604413986206,0,0,1,9efb168905dde53244c84ad6d146706078a63affd39f33de3b76452b727dac5f,d3d34da1eab272d0f6610597abc88b2a88b75b5f9244c5e147d81072282715cb,7.247058823529412
confirmation,6432-63722-0053,test-other,6432,OPUS_VOIP8,16000,57920,True,-24.75896491428174,-26.17257331087799,-1.4136083965962467,0.4052402079105377,0,0,1,bbc6f25fab000b551ec386a8d0fbc907e7c16161b0d84627181c17bd37bf8476,fe9d969617210ec5637e6ec563d82e0f2d22bca94448f3f83939d3fef5372673,7.113812154696132
confirmation,6432-63723-0006,test-other,6432,OPUS_VOIP8,16000,81440,True,-26.37538783633355,-27.50902975526353,-1.1336419189299798,0.3063960671424866,0,0,1,262013af6b9e18ac86928c8a675d8125098328ec021c84e8f4a66df7d8e33950,2efd276c0e64fd48af05b381b59d7a13828a8704360ad9814b318f23a54ff783,7.413752455795677
confirmation,6432-63723-0007,test-other,6432,OPUS_VOIP8,16000,146000,True,-25.813423056230953,-26.958079096048408,-1.144656039817455,0.3730771541595459,0,0,1,c108a2116e2b767b34916bd05eeb348ce87cef7f955e116fd376ab056339da0b,4a7b32860d7caad2a2e054eb47ef3e652447810f3b73642a73be48a6ea7c70c0,7.31441095890411
confirmation,6432-63723-0011,test-other,6432,OPUS_VOIP8,16000,64400,True,-23.516565640401247,-24.80416844377666,-1.2876028033754139,0.34091490507125854,0,0,1,b497d4cbbfd9dfd4e1914b5298f96818655292d489a34a3e7afffa3dfa2b88d8,673ce2c321bd5130ce3ad8e494873975f7a4717d02ba9136b9d4dc7dd4a8c563,7.449440993788819
confirmation,6432-63723-0013,test-other,6432,OPUS_VOIP8,16000,37520,True,-24.81685918490698,-26.257779940652743,-1.4409207557457606,0.3486909866333008,0,0,1,ceda2a84884e919f34e39e5773e0a1c8757af6d328916540bd870d93d2b2ca3d,d8e70314f0f9e17f72261bd760eab1cf84d16d757014d73ba3b98ce5bd7b0058,6.816204690831556
confirmation,6432-63723-0015,test-other,6432,OPUS_VOIP8,16000,127040,True,-26.014529840007977,-27.22881412003705,-1.2142842800290725,0.45064419507980347,0,0,1,2f71dd8226a78660bb8d4084fdd0ac9c6759548bd2bad79824d4d256098f878e,3715645ed7656ebea66758eb6254db5fd10d2903baeb8e0d7341883bd554f4b9,7.457934508816121
confirmation,6432-63723-0018,test-other,6432,OPUS_VOIP8,16000,39120,True,-24.451524999337725,-25.812169740657737,-1.3606447413200131,0.4167124330997467,0,0,1,fa1f2dfdea5874b41327f31f858eee6fea05e985dfd4e2e779601b8c80d83e7e,3090361658eca6692c53698b2add4c4ee6fc56a41be7ab6bdc3ed2c09d91987f,6.8449897750511255
confirmation,6432-63723-0026,test-other,6432,OPUS_VOIP8,16000,34800,True,-23.47191989047473,-24.489565780212956,-1.0176458897382266,0.3986198902130127,0,0,1,68576d7724fa3b04c2df64da61be36219ce2a1aa783e4dd556bfbcc2cb58461f,5fe3d917565fc5bc7a4da7846f900dfd99a0301cbc2e297d9fe0fe69b269a68b,7.348965517241379
confirmation,6432-63723-0027,test-other,6432,OPUS_VOIP8,16000,82000,True,-26.791732386312574,-28.286865203825243,-1.4951328175126708,0.35293295979499817,0,0,1,fcb0f0f69b9cc903c7fb77569b90d8b1d4fefbea20062a26badcb72c0d4e8f48,02b7fc08facb598ef62ca4098a9b6b86504fbed3a8749274a9197756efd6a11c,7.4723902439024386
confirmation,6432-63723-0032,test-other,6432,OPUS_VOIP8,16000,209200,True,-24.555232819618258,-25.847929831224313,-1.2926970116060512,0.5038439631462097,0,0,1,34b19f729c1e529c458ee64972869d46ea14a37733ae5316d159267e0389e296,4ae15eb027e2fcf15bdbf74b32c5d00e7b5e748827f25c9e8d4e997151bf5126,7.738738049713193
confirmation,6432-63723-0037,test-other,6432,OPUS_VOIP8,16000,38320,True,-24.584370397684758,-25.641248871782803,-1.0568784740980444,0.5084622502326965,0,0,1,63407c2771173b0134e163702c8678e264cff7a0e840101a2ec48ba6040d2291,8fd336f62e6bb91c5f412b0d926b305a4a66561538c9544c1f7cea0f18b801f6,6.553653444676409
confirmation,6432-63723-0048,test-other,6432,OPUS_VOIP8,16000,124640,True,-24.44455352628042,-25.56033879195347,-1.1157852656730494,0.4333862364292145,0,0,1,23cc2b98c1fc80898327bc201291205093f5e728baa29c7197a9913ac96fddbf,4ffafaf8c269ffc9f43d792701af389017b470f448f516f4722723d1b23a2c21,7.409499358151477
confirmation,6432-63723-0052,test-other,6432,OPUS_VOIP8,16000,168240,True,-25.117314405598762,-26.563690254776695,-1.44637584917793,0.49232038855552673,0,0,1,a7712689946c7239627e247f56d4f99ad1ac0f98a3d1cce511a46d422d482101,e649b226086abc8898705e6cd989df6d6dc5fcbdc467f29528b96aeaf8de005c,7.125820256776033
confirmation,6432-63723-0054,test-other,6432,OPUS_VOIP8,16000,160160,True,-23.63302052068159,-25.07332081564953,-1.4403002949679375,0.5613616108894348,0,0,1,e43ab2065cdbd8ed6d1c70486f572377329942897bd60cceb85d4313878787dc,b282cef400976b64831d9ee4b1d7701435f16e51cc00c0dfb0a41e2af221f79d,7.3086913086913095
confirmation,6432-63723-0055,test-other,6432,OPUS_VOIP8,16000,130160,True,-23.479844945206416,-24.82073444213285,-1.3408894969264342,0.5601598620414734,0,0,1,8a653563440cdc306aa3c8ff19e511c06d5137baf2c94f8697b1965b5553742b,3295a2a41036a2742036031c604f8016f73361ca2cc32286b7d2cede3e978bf2,7.424708051628765
confirmation,6938-70848-0000,test-other,6938,OPUS_VOIP8,16000,53040,True,-24.020630756317132,-24.770054488102762,-0.7494237317856294,0.4436476528644562,0,0,2,5bfe6f36c3367968ed42030a8aa418106593895173129fc9b9daefc3bd438c53,664ff6dc6b711acb15f0b77b9b43f66147fa9d2d1299916c66db8d439d173e16,7.4811463046757165
confirmation,6938-70848-0001,test-other,6938,OPUS_VOIP8,16000,64480,True,-25.665957599984726,-26.26863460013218,-0.6026770001474551,0.3049170672893524,0,0,1,97861156e1c57a6a0fce84a5f07f5c088511790ca32977f3e94ebd895d528b1f,62107cd82452cc8a81c4b490c5cb84eeac54ede9d158a5001a5dffc816528dda,7.364764267990074
confirmation,6938-70848-0002,test-other,6938,OPUS_VOIP8,16000,63040,True,-26.498347602982832,-27.317093652646456,-0.8187460496636233,0.31930461525917053,0,0,1,af307e9329d7d92d9f66db9cf3e588def789739260028f5a97e6fce48b328550,90dd0db511359ee3949217ba25991df2bf47fe04321fe1178305a7ea895b246e,7.195939086294416
confirmation,6938-70848-0003,test-other,6938,OPUS_VOIP8,16000,68000,True,-24.395079441766487,-25.23152190983021,-0.8364424680637226,0.5397745966911316,0,0,1,78290c6b2b1bf7207ddb8d7ce82887ba22f15a32ed684a7b8203bd3e8b5f7f3e,2d9df6a78c6da4cc1052a7f84032a8398b18a5512dae9e8b5bba7005f67ffa4c,7.448470588235294
confirmation,6938-70848-0005,test-other,6938,OPUS_VOIP8,16000,69840,True,-23.285352623376824,-24.02219829669393,-0.7368456733171065,0.5278623104095459,0,0,1,1f34b589e87e1a2fcaf336e4a8150c39d8b5940a6e24be039b7a398f334197cc,137635314bb452307b5cd6cd5af690c31ee464f8a8da7a364660f3c5762cc2a9,7.332875143184421
confirmation,6938-70848-0006,test-other,6938,OPUS_VOIP8,16000,88480,True,-24.835353206202807,-25.530805520272356,-0.695452314069547,0.5059164762496948,0,0,1,f2355e8a8722c00206cdf2c48caa26352c798bfad2eb564e91d450acfa2f5d69,ab929395d5c47eb3c2ec4e066111c527db3cca42d04790aa27fd9be28cf8f8d1,7.182640144665461
confirmation,6938-70848-0007,test-other,6938,OPUS_VOIP8,16000,76320,True,-24.863518641998837,-25.78203996322155,-0.918521321222711,0.437531441450119,0,0,1,dc7118345f148b7216462ac5ee2e523d996f933d4aeb6535aac10835466d93dc,ef46b6c577008744bda483e04461b7eea0ef158c4e31b8f7445395f9d31dc20c,7.399580712788261
confirmation,6938-70848-0008,test-other,6938,OPUS_VOIP8,16000,55040,True,-26.106734123782456,-26.800059131565774,-0.6933250077833211,0.3645533621311188,0,0,1,a84c8f7a40b2bbe234f3976232371c81f1094654483c76a4a9b846eaa6706b23,e6932ffc1f1632f37f87bd48d2ffaef7712fa7efd01bcb901a057c6037be9674,7.337209302325581
confirmation,6938-70848-0009,test-other,6938,OPUS_VOIP8,16000,71920,True,-24.633440007494933,-25.10562186018589,-0.4721818526909618,0.46940499544143677,0,0,1,aa40bdd6effdcfa881303a81006b5ea95621f1ccf0b1de3ae08a3824bc3c1d4e,16ee321d592765d79ab76daeaaadfb1dc246d2f4a9f57c30022be24ae327857c,7.414460511679644
confirmation,6938-70848-0011,test-other,6938,OPUS_VOIP8,16000,66480,True,-24.817848613607506,-25.66189476691261,-0.8440461533051082,0.35030820965766907,0,0,1,52396ce93f5239d881bdf77a7cc7bfdccb7fbf6c95b2ae9fcdb1c05d44f067a6,93bf40e8cbe714bed36b24ba98ef1692b23e7e2effa73548b26004dab8549c6b,7.524428399518651
confirmation,6938-70848-0013,test-other,6938,OPUS_VOIP8,16000,36400,True,-25.396726129417715,-26.6407550865732,-1.2440289571554894,0.37984246015548706,0,0,2,23b134f34ef91d1807d9c5661f4726fbf95831333532a533e1583e3e483a8ac3,c3e02bba0f72a0ad4b32dc797100a5aa2ae32b2c44cfef2362ae474b87eae2d1,6.913406593406594
confirmation,6938-70848-0014,test-other,6938,OPUS_VOIP8,16000,60640,True,-24.54751303192864,-25.475004492145132,-0.9274914602164924,0.3672352433204651,0,0,1,81441015e164ff4cb0d956d6b96dd1eb0011fbf7775ed0f7ba810f508502ca26,c5397d4f20c5e5ab3d6472cc7e10835c548edb1c8a311b422064c268b9448250,7.218997361477573
confirmation,6938-70848-0015,test-other,6938,OPUS_VOIP8,16000,189360,True,-24.172245997857086,-24.930156839977442,-0.757910842120355,0.4186221659183502,0,0,1,ad549d9515f253d731fa1f90771c8e175e0cc1008acf4666efcd1f774c374a74,d8e142ae4002242df866145426a43b4ce6a5bd750b9379093cc27b34873350b7,7.461258977608787
confirmation,6938-70848-0016,test-other,6938,OPUS_VOIP8,16000,89840,True,-24.27015250328077,-25.094959307647088,-0.8248068043663195,0.5455955862998962,0,0,1,c221e1ca312be4e507be0583e0526281e12c783e5426f3d6f197df1ada70dd3d,0103fe9f367bebbe0289e5cb24dec91fd2666f64c33a954bc3ba6d997b617a21,7.445770258236865
confirmation,6938-70848-0018,test-other,6938,OPUS_VOIP8,16000,191280,True,-23.79577784781693,-24.379297481457147,-0.5835196336402191,0.49417242407798767,0,0,1,06b55ae1f6b47ea6f99b0c4598fef600f7050a23f6f2b1b90f23746e3c1558da,c58407bc41a7157a2e4f248fafb3a20637461f2327a66f772d4564222e47ef17,7.474027603513175
confirmation,6938-70848-0019,test-other,6938,OPUS_VOIP8,16000,175040,True,-24.551504789490068,-25.345239633181315,-0.7937348436912507,0.42155173420906067,0,0,1,81a301c502724b65aae7a1033ca8087fdb90cf450bcb79968588d73570191aa4,51c98385e5e6e359cb29c76dabdbb8e5a80ea9752acfe1caaae87a7a69a19725,7.544424131627057
confirmation,6938-70848-0020,test-other,6938,OPUS_VOIP8,16000,72400,True,-22.832756881850926,-23.316565885910272,-0.4838090040593429,0.44785076379776,0,0,1,687a840066cc8b34ee516549a8b5c7d82bc97b175b7ad5228f052045afae908b,2321d921bc5763b3caecca1dc1ad1603f003e0663a1c04b5e316fac1eea8bf82,7.400662983425414
confirmation,6938-70848-0021,test-other,6938,OPUS_VOIP8,16000,73040,True,-24.296104582514864,-24.784213993937847,-0.48810941142298553,0.4540567100048065,0,0,1,b6ff45a94d8f0877f08c59a09ff75782d0840243bcab51f073c950e9f48ad003,858c7bd5a80ffb2bec9ffde912d1d49b0b437d5e5e53dc227166a5f5418ce9e4,7.439211391018619
confirmation,6938-70848-0022,test-other,6938,OPUS_VOIP8,16000,166161,True,-23.91524883807415,-24.506244803883032,-0.5909959658088858,0.4846999943256378,0,0,1,be9b149b07b8868f8f01ba9d34b763a3d84c9fa6fc373731f684687e1d07c2c4,3f8d8cddeaafb7e41f71557f225604525fea8bc2d4be50ae6a5d8d0737b7fa2c,7.340543208093355
confirmation,6938-70848-0023,test-other,6938,OPUS_VOIP8,16000,42720,True,-23.769294927029314,-24.234383663388492,-0.4650887363591748,0.45901474356651306,0,0,1,ddc0808d71ccc1d759b1295f9dd560cb0935bb3fd741915756b4d729ea474328,28460d65742fc12cdd77975a62af4dfeddd93096e24d5cf6fada2e0a18e419c7,7.247940074906367
confirmation,6938-70848-0024,test-other,6938,OPUS_VOIP8,16000,113120,True,-25.045381111364513,-25.6146824621621,-0.569301350797591,0.31132858991622925,0,0,1,24bcf61e82f6e7be2609026f56be9471404222d74385597ce64c8bc014b678da,227ae12dedd10a772bd20a41fab133d423dbcda6c217469011a40aa5006a0646,7.381046676096181
confirmation,6938-70848-0026,test-other,6938,OPUS_VOIP8,16000,40080,True,-22.248999906950782,-23.015095903154304,-0.766095996203524,0.4992370903491974,0,0,1,dff8a2675916adea5e536758ef65930058e4aba5d39c322b0f9d63aabe88166b,b98cf1f602ec2e82a3651399c6321fd4c079ea8b73879083328de07b3b97047a,7.466666666666667
confirmation,6938-70848-0027,test-other,6938,OPUS_VOIP8,16000,80960,True,-25.316979893389245,-25.968913817469396,-0.6519339240801537,0.4349108636379242,0,0,1,ee467e951813ac92e7ffa3fdfa8ab34b5842ac63f7e2983f9dffed3e95f91732,5cc6e161499c88e8e7cc2c8b07fce6e456984fd7b3a22d7309b097153b07b445,7.408695652173914
confirmation,6938-70848-0028,test-other,6938,OPUS_VOIP8,16000,65440,True,-23.916394568084193,-24.476263533840005,-0.55986896575581,0.4481828510761261,0,0,1,ed6be78505c081d72c4e3995c6226529efa4cd46c59e512aefc5be7dbc319f02,594619df0fe96ab0fec8d479d0a56ced7de50397e594b8c9c92ea38487f17829,7.487530562347189
confirmation,7018-75788-0000,test-other,7018,OPUS_VOIP8,16000,171680,True,-21.250454537897518,-22.167801739974774,-0.9173472020772578,0.7534945607185364,0,0,1,2edd6d2ca20c9e1e4279fed237a67336e34532f24022fb5f20a4ade31fd5cfd7,ba6f48371ac349195011f0baec1886bc69ebdbabe0fae8caff3556b4f3fddf58,7.500465983224603
confirmation,7018-75788-0003,test-other,7018,OPUS_VOIP8,16000,213360,True,-23.62307931756967,-24.501597653052222,-0.8785183354825481,0.7254930138587952,0,0,1,0f88b1fd5f8409d4fd2568720472c9f6fbace3db5df4dde2f22f24df677f2744,058294c4d4d2d6d959dc16723cef4a0d1aa9c5ed0e82201de734377eb9b8291f,7.25249343832021
confirmation,7018-75788-0004,test-other,7018,OPUS_VOIP8,16000,109520,True,-21.436423235870254,-22.356651761074385,-0.9202285252041297,0.5684353113174438,0,0,1,139fc8245e96e555c69f274f2e072bec2411eca84aea8932e61ac8185e23e7fc,74e2e8e526db0d3a181d4fd001263060051caf0f7f3f6307828e446fd1c028fa,7.498612125639153
confirmation,7018-75788-0005,test-other,7018,OPUS_VOIP8,16000,217920,True,-21.95896520793255,-22.936636357965234,-0.9776711500326841,0.6101784706115723,0,0,1,b100bba138763815f724c3df90c7dffcf32edcc3a5d9990267b24aa9d1eb1914,c855be91adbacbcf72e0f6635d004492609967e038fabff063ff26807a2524d6,7.249339207048458
confirmation,7018-75788-0006,test-other,7018,OPUS_VOIP8,16000,252320,True,-21.192809754761612,-22.1367507403825,-0.9439409856208925,0.6043716669082642,0,0,-1,57c648d0ca72ea5a96998e1e77277305b2f5d55b370213c9dc7f481d25f3c641,41cc811f2d5f922a1f4982ba4980676ea109e7a95096c7dfe972836f0cd0ee35,7.237032339885859
confirmation,7018-75788-0008,test-other,7018,OPUS_VOIP8,16000,129360,True,-21.246677557280528,-22.461124322664357,-1.2144467653838324,0.7278937697410583,0,0,1,1a188c7962c629ee7357b55f9a8e500967a0e68d2dabee247dc28a0e0c7269f3,eee77bc695897fafa6497191199a342e5fc400208bfa2371624c4bcd1cd9c4ea,7.061966604823747
confirmation,7018-75788-0011,test-other,7018,OPUS_VOIP8,16000,269520,True,-25.340519728036988,-26.2726228465434,-0.9321031185064117,0.4294810891151428,0,0,0,9e49755547e30ba2d56e1f4dd2f886691852170d016daebb197f5054ce74c068,6826a8a323b9d3f463caf7f95e7b26125eea1e4bc2ab10a5936d509189764d7a,7.381181359453844
confirmation,7018-75788-0012,test-other,7018,OPUS_VOIP8,16000,127360,True,-25.56495577216608,-26.588345450449328,-1.0233896782832503,0.41054531931877136,0,0,0,d1e20f2e93919de82b1b921cbb75665b8d5a9caf59a01682317d460c452f0f03,0ce04fe40370431697093fea9f178cad61cd8a6fe018c8fc66d7aa5adffe7249,7.414070351758793
confirmation,7018-75788-0013,test-other,7018,OPUS_VOIP8,16000,217680,True,-26.239742542391916,-27.286634701782884,-1.0468921593909681,0.4682493209838867,0,0,0,3a9209f7ed3411727043688f53108b795b31b510d0abe6759ca88a0d19858e38,f65f10bceddab6648f7d4ba80e44f9a5cbf0b32ae2918798e9124f1f88fb0cc5,7.236751194413818
confirmation,7018-75788-0016,test-other,7018,OPUS_VOIP8,16000,120640,True,-23.370787553657266,-24.456502985126143,-1.085715431468881,0.575505256652832,0,0,1,8e5edf414120d5c9b45b7d181c83b6b794a19d1c1da6e4e810dd1460c307a7de,1e92f565953dbc1560c9e04a6320499b5d1c947a9138790c52c9d09b44808aba,7.188328912466844
confirmation,7018-75788-0018,test-other,7018,OPUS_VOIP8,16000,333440,True,-22.54784025053265,-23.4909880107146,-0.9431477601819453,0.7798088192939758,0,0,1,b01e63bbbcfb3c9ff9272f49761eac33e2d4fbc09db9f32a25a843d866b11e65,6f69331a1b82e77b886919984fbd8e3fc9a023c91f765ba482b2a17367c36dfa,7.224568138195777
confirmation,7018-75788-0019,test-other,7018,OPUS_VOIP8,16000,96880,True,-22.032062930917306,-23.258693955247423,-1.2266310243301182,0.6550230979919434,0,0,1,7b415defdef5694befddee2f95ee9ab3a5cbab034ee7286725b2abf978e1b476,182fc17e18b1f5f6a4a5643e5a160bf385e6e3657822f208118c2daa91cfe081,7.224442609413708
confirmation,7018-75789-0002,test-other,7018,OPUS_VOIP8,16000,219360,True,-23.947895441795527,-24.902717994571976,-0.9548225527764511,0.7561260461807251,0,0,1,a0e24a947391c2d0886bb776f8828bcec35393f558b66130b39df4205818f2b5,5c9a10b1a50c5202ac448952977b10615ff5dcee105d0429908f942efdb5fbfa,7.2694383661560895
confirmation,7018-75789-0003,test-other,7018,OPUS_VOIP8,16000,139040,True,-26.076090153867526,-27.16137004552243,-1.0852798916549076,0.4826200604438782,0,0,1,e9d0c527d7328b9db827bc03c9eef74844d635545e5933acec980d68690de975,9b67b45d761cffe98466b9020470c2d53c97b648bb79d2d369fb4dc8e6371496,7.352819332566169
confirmation,7018-75789-0004,test-other,7018,OPUS_VOIP8,16000,292160,True,-24.51230797806799,-25.480384214804946,-0.9680762367369562,0.5360900163650513,0,0,1,b006543b59883c0d4fb0c9d2b1dab1215a1edd49253827b4dda9d0301a5ed57a,579e563b4532ddb8631d38d713d24bd4f1dbeaf22718b256e056c493e86752db,7.387951807228915
confirmation,7018-75789-0005,test-other,7018,OPUS_VOIP8,16000,206240,True,-24.252656265918745,-25.220409521117965,-0.9677532551992192,0.45410773158073425,0,0,1,f6291b88556ded521f0e48ef41321ff62a0c3d5a57d20f4e9fc75dc11ad9986e,67ba21877e435bd528687252ec1019c2ac9dc3fbba4cad0d99f76f70e79a9cb4,7.4569433669511245
confirmation,7018-75789-0007,test-other,7018,OPUS_VOIP8,16000,147440,True,-23.973944943986748,-24.809347689778892,-0.8354027457921502,0.4291861057281494,0,0,0,63ea0fa51eaf388c674ab8ecde14fdebae330f36f4fa69d855e64df2beba3fb0,3b8355629cfc95e052e22d9dffe2033898cca828da3fffde01def3c550e1910a,7.400108518719479
confirmation,7018-75789-0011,test-other,7018,OPUS_VOIP8,16000,375840,True,-24.58250900084368,-25.45019742120058,-0.8676884203569012,0.5963194966316223,0,0,1,e59255046924610e4a30ae2ae68f469159af17dcf1dcba99922aca115e3d5fa4,e0369a1c303e43335be2862240bc052cf2568ea7ebb614db2fe2752ec213e166,7.3062579821200515
confirmation,7018-75789-0012,test-other,7018,OPUS_VOIP8,16000,86320,True,-23.447659671899107,-24.320266740210208,-0.8726070683111011,0.5762353539466858,0,0,1,7e582cf224799f9c47929ce44ea5493656332a20615c1cd413e7bd14e7eb5e98,2e943cf73865c88f141e46a092a428e7eb77d6b1e0866d298766e8d692947c3f,7.270435588507879
confirmation,7018-75789-0014,test-other,7018,OPUS_VOIP8,16000,205040,True,-23.14602585748816,-23.914088988922423,-0.7680631314342661,0.6047961711883545,0,0,1,7cd68113c2da2c82c3ab744a7805585d35a6b68ff8552337a6f00eddea9a2565,bec7da3570facda225dc591baac9e95ed4b469a5bee32f69f4302b966247d4f1,7.054857588763169
confirmation,7018-75789-0015,test-other,7018,OPUS_VOIP8,16000,196000,True,-24.482302075425718,-25.32594957454732,-0.8436474991216013,0.6396597027778625,0,0,1,c4d489350bd9468045f6c3e7554341758ded75c6c348f27d40e8873f861755e6,3ad4ecaa4235a99b7c80c946bc59eb97bda0954808d3df530f4542419cb75bd2,7.226775510204082
confirmation,7018-75789-0016,test-other,7018,OPUS_VOIP8,16000,127200,True,-23.971030335379982,-24.795007162353777,-0.8239768269737912,0.508980393409729,0,0,1,0979a527fa5c6f4eb082ed7865dab3437ba679246b914e8dd67b8b90540dcae1,fd4dc189b2ed8c05ce62c63507307668ba8006204a7ea38258e49b0366df6cc4,7.37811320754717
confirmation,7018-75789-0019,test-other,7018,OPUS_VOIP8,16000,124240,True,-23.60589654602302,-24.434797556651226,-0.8289010106282069,0.5256127715110779,0,0,1,499a1d2f951b37ad30803e05646120b2d49d5379e5ee1769dd573af896df3b99,da3d154434cfb9d3c860ec2a644a2acc4e4d4124df2311c2a736409bc0f6570a,7.403477141017386
confirmation,7018-75789-0022,test-other,7018,OPUS_VOIP8,16000,125439,True,-24.40046836187293,-25.300219770869987,-0.8997514089970482,0.4971873164176941,0,0,1,006988a545d6d32ae0009f874aa1e568440bcf9072f343adff15e86d518a00f1,40a14c8fc66cf28b02063d90f1d0a3932ebc8f24cb72bc03cec059726ad1c350,7.404140658009072
confirmation,7018-75789-0023,test-other,7018,OPUS_VOIP8,16000,56640,True,-22.62711740863322,-23.32943989207354,-0.7023224834403181,0.7761607766151428,0,0,1,a908974f36d017368b8bf2840038963b17b6dc108da797612c4a38fde7d410c5,5425dc68b7ec2ea1573b7fa973d55149afe4d9c3894e206ffb6ee87afdbd4d4a,7.077966101694915
confirmation,7018-75789-0024,test-other,7018,OPUS_VOIP8,16000,230880,True,-23.146433189431544,-24.22492680251235,-1.078493613080807,0.57713383436203,0,0,1,eaba0e38d3bd2e6b4f892add05f9700ac828740161461ecb745ac57e72c3fb75,7ecee2628542d403f0838926ef6f0430a77f413971d141eccfca3f74545960e6,7.435065835065835
confirmation,7018-75789-0025,test-other,7018,OPUS_VOIP8,16000,49600,True,-22.7588939123493,-23.7144633345026,-0.9555694221532972,0.606560230255127,0,0,1,f81f5718fe99cc5fc6563ef209e28512ad1bb78f7a769427dbe972af5d4e14b2,0f068c712f39fba77796ccfe4d80e2dcb7068c226818bb633eefd185b239dad8,7.047741935483871
confirmation,7018-75789-0026,test-other,7018,OPUS_VOIP8,16000,417440,True,-21.811543086213216,-22.750857997402676,-0.9393149111894612,0.7779936194419861,0,0,1,0268907d1b43bf6cbcd46941114671f5b6058bac4fcb5233f7640f01230482f0,4ae208a6d8b6399464cee614a7dc7294547510cbecb57ce3e5dc867d61ad0b66,7.448677654273668
confirmation,7018-75789-0027,test-other,7018,OPUS_VOIP8,16000,267840,True,-23.69085370587897,-24.607684511919135,-0.9168308060401618,0.6589325666427612,0,0,1,9e782c1a10ae250726fbfbd3d2c0276865ad9c6a8b77b0fd177a914eb52da6b3,464f04b96dce0ad7258420637536cee748df79757cf5273bc266bb158bfad8cd,7.3237753882915175
confirmation,7018-75789-0030,test-other,7018,OPUS_VOIP8,16000,92160,True,-25.92132262509772,-26.969139617805187,-1.0478169927074652,0.42368507385253906,0,0,1,fe9be7cada8535d45ac3f9e0ac11520a526adc05c7e46866a482efb4f0a05c92,32e570da6c0b48212f94255c78994b6122719b7e205a6fc0faa2daf46c610789,7.0875
confirmation,7105-2330-0000,test-other,7105,OPUS_VOIP8,16000,87600,True,-23.59225587605936,-24.209070092188682,-0.6168142161293175,0.5393146872520447,0,0,1,a7edd213bd33a363b27bd5ad1964bcf28cdbf0e262ddaa105536594faa2b07d6,92e08a429e226f3b02f94ac6622134cc56ef17b3c73f96b8acc54ca6efbe8b7d,7.292785388127855
confirmation,7105-2330-0004,test-other,7105,OPUS_VOIP8,16000,228560,True,-23.130946253707336,-23.58570080226212,-0.4547545485547896,0.5373475551605225,0,0,1,3499689a0314a406e5aab24031860cc0fdb6736bbbc5f19ab446e399d9ee96b8,0096b0fa81ce678ea3e70b535b67185b00d39b8bf125384aa66662b755a72f5c,7.3979698984949245
confirmation,7105-2330-0005,test-other,7105,OPUS_VOIP8,16000,178240,True,-25.272563285816403,-25.718325623141798,-0.44576233732538995,0.3732007145881653,0,0,1,bbaec7e42600d5db765c7d5aded77a5830a0be3440d889ed785f8937488055a1,4dcc39d5f7b8721e8f55aad3fb0b8786b564ff32c559adc6b5d7d1ba68c08d1d,7.3967684021543985
confirmation,7105-2330-0012,test-other,7105,OPUS_VOIP8,16000,62561,True,-24.405299121048074,-25.035875367196773,-0.6305762461486958,0.3125864863395691,0,0,1,1fee009f75325361d05b4137ef37c238de7874a9ea0e996145ee3b0a04b3d858,e8d9fe5027fa1a041f8fcb798258d842d973ad10bd2edb0217222f4d3afda147,7.408577228624862
confirmation,7105-2330-0013,test-other,7105,OPUS_VOIP8,16000,110240,True,-23.14937367031437,-23.714811581947473,-0.5654379116330989,0.6165931224822998,0,0,1,59cb254f6697bd72b176447dfe943eb1fd34f9f9231d639cf0905bf70bd4b5c4,09ada1922490f3fd4da18db20bbd78c9bfc96afb6bb2ccc1b2a31b14d52bd966,7.173294629898403
confirmation,7105-2330-0014,test-other,7105,OPUS_VOIP8,16000,217600,True,-23.579813753089102,-24.14392731698058,-0.5641135638914797,0.650892972946167,0,0,1,ade417efd63df6ed2e7d600c288160d61eb2d5fce3104db015f9f8c3e2d108ae,fc3d935e7f73c2fb316a044bcecb88a9c1a957b177713274fba1cc3da82548d7,7.335294117647059
confirmation,7105-2330-0016,test-other,7105,OPUS_VOIP8,16000,236720,True,-23.00259328437917,-23.493254875456884,-0.4906615910777176,0.6148800849914551,0,0,1,e309ef27cd7bd04c8049339c4d981c73fd10b63f0be0a6c6a8c5b569121bb126,e44daf2a9cca3a2b62d6f5ccc7c7abd923050177d679faef86793e9f5084e1f1,7.437107130787428
confirmation,7105-2330-0017,test-other,7105,OPUS_VOIP8,16000,41200,True,-25.404323301728024,-25.985033958330106,-0.5807106566020857,0.44937777519226074,0,0,1,b8da9957a5a929eab9f7068e2b32fb48640a3c97c5fc5520b9b1c74de7f8cfba,5ee76c3bb55c6b225f3bdebcb30cd19aed2b71fde71bca9affc7c45e9b034933,6.93126213592233
confirmation,7105-2330-0021,test-other,7105,OPUS_VOIP8,16000,40560,True,-23.677190518227302,-24.380630719352286,-0.7034402011249851,0.34723100066185,0,0,1,26f785742b57f52ac6e127a4cb3ba22f55db4355f36673727246af88ea68d467,1be10e36bb9385741c6f14b0af8e49d26ab25d5d72e2f7e4eb58d6e31f845daf,7.132149901380671
confirmation,7105-2330-0023,test-other,7105,OPUS_VOIP8,16000,37040,True,-22.862730391171038,-23.203319826279248,-0.3405894351082089,0.4176553189754486,0,0,1,0ece9232565f198e06ae3c0962ece784528d9bd44e9ead34848d60a31cb860df,6b2cc3eb36bf5cb97d23686a8c335aa47e6142a41cdca113567d35da991470cd,7.108423326133909
confirmation,7105-2330-0025,test-other,7105,OPUS_VOIP8,16000,114800,True,-25.304532954365303,-25.786202860033892,-0.4816699056685889,0.3740643858909607,0,0,1,8b86d251504a8a11bde679e9d67ea53f2c7aae498591d073a84c9b99f19902eb,8617d013362890a3cd1f02b1cfad2f2c024bc250a8bba3f25b51be83f3305eba,7.373379790940767
confirmation,7105-2330-0029,test-other,7105,OPUS_VOIP8,16000,38720,True,-24.835043724036385,-25.50087992599846,-0.6658362019620778,0.3546642065048218,0,0,1,9901aa144a05c2d882acbc3b6b45250313740375b37a74aa855d7dfd8aba28fc,2838c3239582c88c1ccabbdb4139b0c197a8ded87a2b46c1479c2ad707dbb71a,6.975206611570249
confirmation,7105-2330-0031,test-other,7105,OPUS_VOIP8,16000,68160,True,-21.31198220785889,-21.83788461506549,-0.5259024072066029,0.5626257658004761,0,0,1,636f8a97bc9888ec898b13ecd64f69fb114f834431f6014f2f4c289ba328a50c,591efc7a55b190c19fc251215c44f17c2f6ec2ce5e8e8a829db5d90982edc252,7.417840375586855
confirmation,7105-2330-0032,test-other,7105,OPUS_VOIP8,16000,52880,True,-23.555187568697935,-24.04008712173699,-0.4848995530390562,0.5566895008087158,0,0,1,7f45eb7fc3f2fea4383d6fe25b04450cff33c5718b49c016a837a29d7fb59f98,0ea3457a1ec411b622c6a8446923cd737c319c27acc974d1a3d00f49bd4035a0,6.838124054462934
confirmation,7105-2330-0033,test-other,7105,OPUS_VOIP8,16000,68320,True,-23.135469134577093,-23.587693057020708,-0.45222392244362025,0.4881834387779236,0,0,1,c85e9d513b1038d1d783d2243c527f655a0292009b501e4f7f9052dd83c300d0,1d5f928e0a53de18b608467af7dbe11e570392c00d123023954afd9cbc8b5dad,7.331147540983608
confirmation,7105-2330-0034,test-other,7105,OPUS_VOIP8,16000,113920,True,-23.58743556246366,-24.030201759600274,-0.4427661971366166,0.5063048005104065,0,0,1,9256f0e19188be4bd3eb845f034a4ed199124a65511cde92df38064a04044db4,f87df16f797d4fa19aa229f51cd9439bbd89682bd6cf9e98aaa9d446cad209b1,7.1955056179775285
confirmation,7105-2330-0035,test-other,7105,OPUS_VOIP8,16000,124720,True,-24.72744956247423,-25.042257628947713,-0.31480806647348236,0.46208685636520386,0,0,1,9ddaf3d397661f858ab0df0fe11f61afdf3b8454195984f33ee8d3a8f418a963,d947f55edf4b7bf5baaa9a66c87f6414f3dd1766061e3c4395b5e5b655e29f9b,7.222065426555484
confirmation,7105-2340-0000,test-other,7105,OPUS_VOIP8,16000,101920,True,-24.719170344550385,-25.269079629886754,-0.5499092853363717,0.49574023485183716,0,0,1,a2724073115b7bdd1122146c30e3c4c921386dc86482c7eb8a22ce020e13573c,3d3e6a57a3eba5d8ea4cf3b8127e29b0073295dc29537aaf4a2d6f2a32498b30,7.447409733124019
confirmation,7105-2340-0001,test-other,7105,OPUS_VOIP8,16000,184400,True,-25.48079297817037,-25.98588315858509,-0.5050901804147218,0.38181713223457336,0,0,1,33ab03434626d31daabe16dd01b9235fe37ed5af3ef06f2da7cc66b8e1254892,0c1acb86a34a30d5b9856405ec2c8f4e50ac1642aa9fe7385ac660e5c9e993c7,7.138568329718004
confirmation,7105-2340-0004,test-other,7105,OPUS_VOIP8,16000,217680,True,-25.06094109038504,-25.622322939694712,-0.5613818493096754,0.3730485737323761,0,0,1,fa28f557f500126c3531fe1318b7fe99ad23fd994e538f20378492428b040ac9,0a02692a4466bb3fd79d204d464e48cf7d034830cfa10fe1db530fd561575712,7.4895994119808895
confirmation,7105-2340-0005,test-other,7105,OPUS_VOIP8,16000,368160,True,-23.681805166913342,-24.225366101170046,-0.5435609342567008,0.5147539377212524,0,0,1,b633f08410dbaf7a088b37ea5bb6c891db2da688685c9cadf2284d22925a18dc,aab7ef642c0a1292577b41444587742a341492726902e4bf6919c31bc3a2c0a2,7.647457627118643
confirmation,7105-2340-0009,test-other,7105,OPUS_VOIP8,16000,42160,True,-22.866997153857508,-23.200680791150646,-0.333683637293139,0.5271192193031311,0,0,1,dffe24dc01f0b2ece3c2943df6a049c62e1bd1ee84c9f9ce96d45d34e19cbff1,eaacefd77e405a86c2e46821557a76ed84a4438a426a034da7a869f6f8c4f939,7.222770398481973
confirmation,7105-2340-0010,test-other,7105,OPUS_VOIP8,16000,84400,True,-21.083308017969454,-21.808424043320702,-0.7251160253512506,0.6537171006202698,0,0,1,3975dbc9009226a23d802568847390bee2ae018915bd6ae9f0fb63b48aec64e6,16556af7c941a21b8a67aadb3238cc952bc5f93b736f4e719ca8ee2298679a48,7.384265402843602
confirmation,7105-2340-0016,test-other,7105,OPUS_VOIP8,16000,61920,True,-25.524100858366545,-25.86528170043969,-0.3411808420731475,0.29776984453201294,0,0,1,8bd59db7ab7d58483e5ba175e4d2a66bb0e990befd3217ec380208cf152a1f9b,5d57b5cf0829526ee9d892ea0ef053880da6350f67d64e7b300a07e016819d73,7.508010335917312
confirmation,7105-2340-0020,test-other,7105,OPUS_VOIP8,16000,137040,True,-24.092143094879468,-24.882690969744846,-0.79054787486538,0.4220826327800751,0,0,1,c31cbaca93f803c022f026f0464ee395c77f4cc86f914ecb81471979a8774a69,11d7d379e407a5391d3dba9355592034aba2a8e82cb6b72e4c3dd4fccc000bd0,7.414360770577934
confirmation,7105-2340-0023,test-other,7105,OPUS_VOIP8,16000,105440,True,-24.69191678944908,-25.173952467346435,-0.4820356778973545,0.41967540979385376,0,0,1,c04785c093a1ecff40f105ff66aa5b49a28f893beca6383f3bbf702fde557668,88caa2c0062fdfb95c7c878918aa2d3aa8b0e6589266e52e29d48d855c58d929,7.376024279210926
confirmation,7105-2340-0026,test-other,7105,OPUS_VOIP8,16000,209520,True,-26.444929041328265,-27.10940206067015,-0.6644730193418842,0.3407911956310272,0,0,1,eb553ca82ba4b8ddbb1e1ad7dc3ce34cac7fd084818bf78d6779e661b2faf624,27796b8a88e3a3d2573f06f930e34f6d0355f499315e1cf23dae1d7ed1caaa21,7.5357006491027105
confirmation,7105-2340-0028,test-other,7105,OPUS_VOIP8,16000,186960,True,-22.29657884110019,-22.88443570723785,-0.5878568661376562,0.5002822279930115,0,0,1,662f1a6784bcf72617af1a5da2c909f8e8d660b2bd8ce4d02f12802d22072c56,faa0aabb4db3243db48394376d47713d4765b50af0c4c9a99ab99319b9c3cf16,7.6754813863928115
confirmation,7105-2340-0033,test-other,7105,OPUS_VOIP8,16000,169840,True,-24.92907715415093,-25.496503858031296,-0.5674267038803635,0.38668733835220337,0,0,1,807c2f4f9ebaa9e27bf74ad3749256b4b31c280234bd9a96e1eb410c7cc738cc,d93833c3972f5cd48aff72ab62e4187b734de94df176e6f6981231405b56cd95,7.460386245878474
confirmation,7105-2340-0037,test-other,7105,OPUS_VOIP8,16000,104560,True,-28.393492816671962,-29.16346187243318,-0.7699690557612172,0.300118625164032,0,0,1,6eaa72d0c0a0aaf8f92a2dafe987757cb22f014898b0f8588487fab739d39809,c99d5969c0ea2019c40136a30d082d50e9b66dd344f9d7dc90f18954b04f7387,7.174904361132364
confirmation,7902-96591-0002,test-other,7902,OPUS_VOIP8,16000,80320,True,-26.08697425762038,-27.06721951359782,-0.9802452559774444,0.4781990349292755,0,0,1,e8ac04499ea6199db812fa7c9765c9fb4980ed215c3415ca2fc43aa7a3425319,076c6c751dc7aff5ad1bd6900086e624da83c71aa7e20006d76aa52ffd38528e,7.193625498007968
confirmation,7902-96591-0004,test-other,7902,OPUS_VOIP8,16000,57680,True,-25.71463096048518,-26.669206416223005,-0.9545754557378218,0.4199521839618683,0,0,1,a9439f7e87b03f312bb010a0680ad7b6632e237f06a932dfdf7a8c7ec4589318,f6f33265917c77ce4ac8b5005ea088433adf90c4a9f7c7e6cd5afa1bb2499bd9,7.3786407766990285
confirmation,7902-96591-0014,test-other,7902,OPUS_VOIP8,16000,155360,True,-25.95899190110729,-26.808343404311422,-0.8493515032041311,0.3989734351634979,0,0,1,f800332fb19387a9ab1d0ed877102da53856ae4700e8e992bb8f03a41bdaba09,c148fcbf66b6ed00254a210e13c19740de13086810444ba96eef7be55c11cec5,7.490010298661174
confirmation,7902-96591-0023,test-other,7902,OPUS_VOIP8,16000,53840,True,-22.670729780173907,-23.638393773354238,-0.967663993180327,0.466305136680603,0,0,1,5ab1365605f257c25bf0ece7eb291457906d3eee6e7dcb962a301e65bdbc5f13,15b5bdf5399ab8fd19bc50da8bebf44e3acac9a1273650c06a0279986e1592ab,7.408023774145616
confirmation,7902-96592-0001,test-other,7902,OPUS_VOIP8,16000,29280,True,-24.639799123791583,-25.308711242886123,-0.6689121190945425,0.4221888780593872,0,0,1,739cf611872cbce108470de1a61e7050201b8bc4f63e8f86eb7628320332f3c3,73439ad9241e30cdd946d3f887f7d346093739bca053e4dca13f852ae641d7b8,6.8459016393442615
confirmation,7902-96592-0009,test-other,7902,OPUS_VOIP8,16000,78560,True,-21.885286518297654,-22.579745646782694,-0.6944591284850367,0.49226662516593933,0,0,0,0fec604f73557d81c94b466c18af2f880bc6127571ee8ff3036e781bcdc72742,46eeee85c11fa06fca771d72f17899f1bfcbe9be2b57fe10c1d77ddfa66d9b15,7.358044806517311
confirmation,7902-96592-0013,test-other,7902,OPUS_VOIP8,16000,77600,True,-22.629806232319716,-23.320508628212608,-0.6907023958928917,0.3994738459587097,0,0,1,57f9e2f06880f5f43feb0d0427235759d788f3fc587dbf23755e3990a2d8c8be,39ce877fc8d615510c15fa2aec6cdf7396ed45826dd8f4f400aa80177341a08a,7.391340206185568
confirmation,7902-96592-0018,test-other,7902,OPUS_VOIP8,16000,44480,True,-20.887722988296808,-21.529114988217323,-0.6413919999205155,0.5830676555633545,0,0,0,979b1fd719ecdb7bdc0b2f6385c350997189ee71ac9c3ca35633441cc77c6fa1,0f2b85b42351dc6e780ccc8945a5e9ffeae1b07c212bc0b46f4b5c505234d53f,7.401438848920864
confirmation,7902-96592-0023,test-other,7902,OPUS_VOIP8,16000,43200,True,-20.49239824235352,-20.942946488438356,-0.4505482460848382,0.5505563020706177,0,0,0,8f63da2493fa29039162bac84e4465ed8763018ebb40741ee1518dcef83fa262,3c56e55bad7ac1beb13c736938264d071ea943bbf11b5d10fb33488a783ce861,7.422222222222222
confirmation,7902-96592-0025,test-other,7902,OPUS_VOIP8,16000,54880,True,-24.23380201992233,-25.121652962671682,-0.8878509427493508,0.4483996629714966,0,0,1,0c399aa0faa3456a526b67b6c6845464c6d5c714445028e22fb5150b4b09a6d6,6db605082a7f8b189a5f94306d1537317472d1f5d34c099f72b5598304cd47f1,7.349271137026238
confirmation,7902-96592-0034,test-other,7902,OPUS_VOIP8,16000,63520,True,-23.69934325328177,-24.153964891318246,-0.45462163803647376,0.6131516098976135,0,0,0,613e267a4a517394c673dac26051bbaee60f9d3c9a9add3da6d186691e52c82d,14c5d8509f57cdcb32adc7079e1f799ed4109dc121b054e7685c34425d9376b1,7.375314861460957
confirmation,7902-96592-0035,test-other,7902,OPUS_VOIP8,16000,51200,True,-24.506259881388083,-25.366017075177908,-0.859757193789827,0.3149206340312958,0,0,1,fd7b7dd165f492cf4998311303bc2c377e3259087d3cad72d683fabbbb968900,0d10f5588d3dfbb8eea51946aeba534ec6a2603b6a9f19ca766c1886bde2c142,7.19
confirmation,7902-96592-0036,test-other,7902,OPUS_VOIP8,16000,35200,True,-25.89900845206849,-26.62116333809779,-0.7221548860292994,0.41573861241340637,0,0,1,fc9a3d268d4b0d722b1371ab25c0fb23daa6827d0f9d384ac94ff44866d4b275,c28cca824b4ef2d9a6729b21d0606a58ea8f2ff695c9d7b1d13f45a94ecb9d55,7.043636363636363
confirmation,7902-96592-0041,test-other,7902,OPUS_VOIP8,16000,40560,True,-27.13404554714338,-27.819405505919544,-0.6853599587761615,0.3854961097240448,0,0,1,44fdde3b99e6c439565b21460f65c5473ed64d7f0977d530cc7f48bd7a101149,3aeefa79c536bd28b52d17db6225878ffc8935a45d1d0e04e7025d867fc324ff,7.046942800788955
confirmation,7902-96592-0042,test-other,7902,OPUS_VOIP8,16000,54640,True,-22.577329571952728,-23.090764110462636,-0.5134345385099132,0.49544665217399597,0,0,1,8a0e29968d74773ae7ff737b9f4f597997af48d9eac4a9d6de677c5f1ebc3ea6,eda471f45655ee847ac2e20d3b259080a4bf01d052c4751bed96c4c9c4ad06c4,7.5525622254758416
confirmation,7902-96594-0002,test-other,7902,OPUS_VOIP8,16000,49680,True,-24.27694068056789,-24.986075852373514,-0.7091351718056254,0.3994808495044708,0,0,1,a4bca82ecd7bf0dfa56cea7a232e0b64b46d3502372d7b1db5d759e525cde38b,00ceb289defc6e2edf26df9306415008af4dbac32b29f06c6bf8c75eeb4b5195,6.6885668276972625
confirmation,7902-96594-0003,test-other,7902,OPUS_VOIP8,16000,39280,True,-24.47989804950015,-24.766151712671842,-0.28625366317169476,0.42139098048210144,0,0,1,acd4eefe55c8ef8f1cf57f124805367f2989c81461c5a2e061c3165d40a27a76,7b173aab6c96ac9d0e62249497fcbb434c870444b3c7c1e4cc55d86313ece6b1,6.892057026476579
confirmation,7902-96594-0004,test-other,7902,OPUS_VOIP8,16000,39040,True,-24.42746772254097,-25.387402333012158,-0.959934610471189,0.3421992063522339,0,0,1,a4cf05cf8a8c17354d8a21309c20cc22fdfba32c6ebd541ab2129faa413d2ccc,7c9e022b30eada65e0f014096d3df6d64ceff26997d65ab4c3bb8f8a556b3fe9,7.19672131147541
confirmation,7902-96594-0008,test-other,7902,OPUS_VOIP8,16000,65520,True,-23.404328637411776,-24.05251007625718,-0.6481814388454057,0.48412519693374634,0,0,1,9b3e7d748f5f6ef439fcdd49326376b9823c6b8eadef2433789dd353ceb77744,4b8621fa1ad4c96755df3f7e01b52f5f9f2f928e12710f4b2365bb71fe701c3b,7.199023199023199
confirmation,7902-96594-0009,test-other,7902,OPUS_VOIP8,16000,52800,True,-24.088669289718574,-24.65256526944142,-0.5638959797228494,0.42979151010513306,0,0,1,8fcc433dc03141392a01ae5694acb9a89953d26371431be546b42d625311620b,d006d9209439ca015be737590c886dddd6d70552d74b3d914098a0cab48b517d,7.136969696969697
confirmation,7902-96594-0011,test-other,7902,OPUS_VOIP8,16000,68480,True,-24.7224479412351,-25.570327243758225,-0.8478793025231233,0.3808664083480835,0,0,1,384ea3b0b5a84e6638c3c677f5346c21a589791913ec10bd73afaac4d2275873,c0915d10e71f7977ea2a44bfee155247472fdeabcba431a5d0a7a42c90b6087f,6.88411214953271
confirmation,7902-96594-0015,test-other,7902,OPUS_VOIP8,16000,41120,True,-24.294269620910008,-25.093690047685694,-0.7994204267756865,0.40156635642051697,0,0,1,45e369240d6798920a88b685bd0e3056d74d9ede82f91563d482d55d2079db5e,5e7f320a0c595eb749438ddc036b57a259b6035b9e59f2dad8e61e3334bb58ae,7.078599221789884
confirmation,7902-96594-0024,test-other,7902,OPUS_VOIP8,16000,50240,True,-24.390204378154927,-25.172445018811484,-0.7822406406565632,0.49114686250686646,0,0,1,d8e95d8855cd672c33a433e033b508b9561384d0e6a90c079478d24b918fd205,5b4935cbe6d6345532629ce11a90d72e07f5823e26438b065a297149ec74c291,7.250955414012738
confirmation,7902-96595-0000,test-other,7902,OPUS_VOIP8,16000,81440,True,-23.32144535128352,-24.161730459494606,-0.8402851082110898,0.5791369676589966,0,0,1,2165809167154a61f36e2e51613bb7ea1bfb41820cfdaeac18627f6035befdaf,f666a9dd0a2f02a4cff0d372fd90152d06690943c0a6cc8346e43634dd31f495,7.347740667976424
confirmation,7902-96595-0003,test-other,7902,OPUS_VOIP8,16000,70320,True,-26.47364804088978,-27.26480992285122,-0.7911618819614409,0.3294109106063843,0,0,1,80db30b116122c7a9ec980171063e32d3093ac6384c0889c39280324ad2757e2,dd6e6ded14ae7476f2995647101d976ad025c8fd96f43212f46c261f7a3bc7c1,7.435722411831627
confirmation,7902-96595-0005,test-other,7902,OPUS_VOIP8,16000,100880,True,-22.9301360357681,-23.75714865965541,-0.8270126238873103,0.6348176598548889,0,0,1,f3c0bd436dc55e41847c2f7947e7b0e1ea081929936ad50fcae5294726ccf854,7e4db954b4d35a27fb3c3539dc550facada131d5c7cf15b2d4d48562f5f004cb,7.389690721649485
confirmation,7902-96595-0015,test-other,7902,OPUS_VOIP8,16000,43520,True,-23.7762818806168,-24.745423506372294,-0.9691416257554966,0.5533044338226318,0,0,1,b519044b1c1290090996c70916f3dbfa780a049f50bbeaa23d4d4ac5ea3991dd,18f9b380f18fe0897224da6696c4fb05c50f48d2a55687eee99eca77413057c6,6.658823529411764
confirmation,7902-96595-0018,test-other,7902,OPUS_VOIP8,16000,133520,True,-23.5035966234839,-24.441742563527885,-0.9381459400439898,0.40964409708976746,0,0,1,83d787f0de374ba4d8f721ea6159bb40600df40787e96de936907f83ef5a3e90,5eeb2d9a86b039c7613fd55e2f74bfaa7901f8299e3b7f82547471d709fe8414,7.5858597962852
confirmation,7902-96595-0022,test-other,7902,OPUS_VOIP8,16000,41520,True,-22.843873913142442,-23.734149302321114,-0.8902753891786691,0.6231970191001892,0,0,1,da8eb6235a9a15edc6dbff7b3fed9b2253fe926409fb875859993bb10de9c304,e3a684e0803b693f7c96dde9fc47aec5b4c790f11610c5f849a1b8709d811ce3,7.374181117533718
confirmation,7902-96595-0023,test-other,7902,OPUS_VOIP8,16000,32400,True,-26.52624910581778,-27.098452585041727,-0.5722034792239485,0.34145355224609375,0,0,0,f2099d6d3ccee52f0d9b3b1ce3dd99300334b2e4666dda89a1256065473ef2aa,82907b8e7c421b623f22cdeb6edff4e88499f490a3ffcd9e232e85b2b86d8b0d,6.305185185185185
confirmation,7975-280057-0003,test-other,7975,OPUS_VOIP8,16000,44640,True,-21.656696240067387,-22.114444276597794,-0.45774803653040735,0.4513772130012512,0,0,-2,57247c36188868eb27c4850998359033d6685338546abb386359d137e3e302d5,dd775220fba5dbc2ebbb983a7c01f7eac9c0b56544acedca432de75bcf539ee8,7.526881720430108
confirmation,7975-280057-0008,test-other,7975,OPUS_VOIP8,16000,122320,True,-20.394066673933814,-20.872575303079405,-0.47850862914558767,0.5414780974388123,0,0,-2,b0c92e55a7a1b45b77ec8b2132ebb858635547d847f2ce210eaf7755786d659a,106df790e29eae780f4e286a877bebe484d6fa6b6d6ea1ab830f421c7c0707af,7.682930019620668
confirmation,7975-280057-0009,test-other,7975,OPUS_VOIP8,16000,134400,True,-22.66132927051234,-23.110940827255888,-0.4496115567435498,0.5002108812332153,0,0,-1,3a910d99d2d1451333c353c1a05f3edbd3eeac1ef4df6ff6b6ce7d95bb2cc9ab,208dba161b9a8c1f5382852a9da1b09b0957f34fece5c5032453042fc0751a30,7.671428571428572
confirmation,7975-280057-0010,test-other,7975,OPUS_VOIP8,16000,52320,True,-21.415153464824563,-21.804128380529647,-0.38897491570508635,0.49288952350616455,0,0,-2,8cad348978349612a16a79e523c28c592a7fe8187b61e11d876f2e15e5f9ba11,7f1881d57c7bf407f808239ae42072c18e1117213b37413e0e68a771d800c191,7.33211009174312
confirmation,7975-280057-0011,test-other,7975,OPUS_VOIP8,16000,45920,True,-19.838874208688196,-20.368775725779024,-0.5299015170908301,0.5643954873085022,0,0,-1,a18893fad3fed640bc89a43ff96f97338a65e06ef4b8a008fa02b9f190357248,3e6c5b7b344fa00980b849a43f634539884df9f52046f180f72c6217ede9b00a,7.110801393728223
confirmation,7975-280057-0012,test-other,7975,OPUS_VOIP8,16000,76960,True,-19.18065181536479,-19.633162431018796,-0.45251061565400735,0.605093240737915,0,0,-1,fbe513a1b207be3c69bfc5eb2b4c6119071b86d45200fb96676d5437826871eb,b200a26e179c7b06f0337a9cdbc9866ae01d81ffaee4601c165d5707b7324688,7.516008316008317
confirmation,7975-280057-0013,test-other,7975,OPUS_VOIP8,16000,42800,True,-21.427605843971914,-21.81655120419755,-0.3889453602256349,0.48036864399909973,0,0,-3,2e4beab43d7583e70c73b3f8e2ec478c698ca3b30316dae8d41a22a08e87ce7a,67771daa30c1f961586a437d56217a6eac24f2f2f18495e7a3b0540dbbe6bec3,7.273271028037384
confirmation,7975-280057-0016,test-other,7975,OPUS_VOIP8,16000,136720,True,-21.419456760725684,-21.837310108102386,-0.417853347376704,0.5312990546226501,0,0,-1,0c8780263c6290b8def390d6a4d894f1a51d15b0bd545bb5621261d102bc0f3e,beaf46235a4c279ad0e43a3e637d18073f779dd66223b4ee63ce357298e94cd5,7.612404915155062
confirmation,7975-280057-0018,test-other,7975,OPUS_VOIP8,16000,89920,True,-22.467408775376775,-22.851994403199406,-0.3845856278226282,0.5495160222053528,0,0,-2,29990cbb5dc8f67984deaa7444213a38d4f3b5d2c2d2aa4cbc7684fd71f02a78,c0932eb469aa3f8b1a25257f719bddcfb6182d7136986f64dac1f3773c82acd8,7.520284697508897
confirmation,7975-280063-0001,test-other,7975,OPUS_VOIP8,16000,71360,True,-22.047259296618144,-22.52937629515256,-0.4821169985344169,0.466641366481781,0,0,-2,9d75b80dfdc47d8a59e8c7cfbe337108f8df201ef630eb75ee8fa2908c452289,2298b04b8b795328eb085f68bbcb2eea693f51329c2ed68384f7aceddfded339,7.709417040358744
confirmation,7975-280063-0002,test-other,7975,OPUS_VOIP8,16000,117440,True,-20.061950184930257,-20.34176546826157,-0.2798152833313156,0.9275388717651367,0,0,-2,577c98a24a9771c5208a7ce3d8b6618d69d78c485e55f02965e5d1a3517496ac,4174709748f1c0e714d7707e79df3cc0c868662a09a40e03867118bf31b3a03f,7.658855585831063
confirmation,7975-280063-0004,test-other,7975,OPUS_VOIP8,16000,38720,True,-20.664324317118698,-21.21065024054522,-0.5463259234265238,0.5139906406402588,0,0,-2,7755f85e8431095460acf14b1082e517146d6d1d064b0b73ad9130cfac387cd5,e194c9a7eea7f4399bfac300436e93f354335be4b1d2e24ceb785a25921b39a3,7.537190082644628
confirmation,7975-280076-0000,test-other,7975,OPUS_VOIP8,16000,189840,True,-20.670681704840995,-21.264456567175692,-0.5937748623346961,0.7069007754325867,0,0,-1,667889dff65dd5e21cb64b3eab3dfc4332533961299f53bae104ff5ec6feeeac,c8bed843634a7686cbf6ca435abdc683b9087a16d9971fe49d9e50bdae91b574,7.721533923303835
confirmation,7975-280076-0001,test-other,7975,OPUS_VOIP8,16000,149200,True,-22.284871486026276,-22.758215754563086,-0.4733442685368114,0.5091440677642822,0,0,-1,abf1b0e15d1ecc6e83e5b9e9d6843d5fc2fd807724b294c9e7b61a8b268acab9,c72e313bbc73de6633b987adb08e86eaeb949e736e31c24c447819e6347aaf01,7.740911528150135
confirmation,7975-280076-0003,test-other,7975,OPUS_VOIP8,16000,164320,True,-21.991289743651336,-22.484493844114315,-0.4932041004629797,0.5812329649925232,0,0,-2,4025aa9af92d2058a18d803ab4c9ee83cd31ebaf0a72084930091c0bdd489747,2560d9b9dfa89b97bd4e1ee383c710bc02b246a6e854ba7ed7a0d5133f4e9528,7.6035053554040894
confirmation,7975-280076-0004,test-other,7975,OPUS_VOIP8,16000,132960,True,-20.951231207715118,-21.434309022439407,-0.4830778147242906,0.569523811340332,0,0,-1,252d3818c4f36915798f5222626cd0b74d721957e5c68d2cd5dceae80031b747,a2e3eab2219f573d28cdc7ec4354b3c1b8f569641f4df15f94e967ee16b1e0d2,7.754512635379061
confirmation,7975-280076-0006,test-other,7975,OPUS_VOIP8,16000,52480,True,-21.913492329074963,-22.29544686475297,-0.3819545356780113,0.6117820739746094,0,0,0,55d6e4472f45487c021594c478869bb8fedca481acdf7bc9ad40c70ee120128c,f61ac1948377f1509e4cb9059dfc3710ee9efe804b8a0dc0dd236eaca7db21d4,7.34390243902439
confirmation,7975-280076-0018,test-other,7975,OPUS_VOIP8,16000,78080,True,-20.106730177852686,-20.646640799089337,-0.5399106212366542,0.6215553283691406,0,0,-2,97cd5b044866038b2cc2ca8c3861f35b01b817db795498cc55788c4c24a27878,18cbd5ec4a610be7515f2d918032bbd25c0ae75f5a61033755e323dde4fce6a2,7.80655737704918
confirmation,7975-280076-0021,test-other,7975,OPUS_VOIP8,16000,92000,True,-20.885256180620363,-21.260677115216655,-0.37542093459629156,0.6720938682556152,0,0,-2,35f3a3c575d4c05efa44397d585d556ed8e794ac95bca508e091fe5fb9a4a89a,32e9ff9dc5e09b559120a2662d1ede184e784c79a7f5ed07f8f00d8acc5b19ca,7.65495652173913
confirmation,7975-280076-0023,test-other,7975,OPUS_VOIP8,16000,85200,True,-22.527030245012426,-23.068002260678604,-0.5409720156661753,0.5208330750465393,0,0,-1,ba5047a9ca7a7e11099694475c5323c1a0e46ce93bc09ce63f30a3fe2466b55d,d87909099fc06a83777e31594e148ff5d40cc9f7fbb24a2f7f912d14062f1a12,7.725070422535211
confirmation,7975-280076-0024,test-other,7975,OPUS_VOIP8,16000,249360,True,-22.391189496559566,-22.851785363282048,-0.460595866722483,0.5312726497650146,0,0,-2,0e9f108d42c719ad1596681fb4a7aa2b1f046f539aa297cd183e278c8c0b816e,efecccc9b52eaf69e0e98b1574c26f0efaab2b5edd8c5bf96210f4b4334b13f1,7.765928777670837
confirmation,7975-280084-0002,test-other,7975,OPUS_VOIP8,16000,79680,True,-21.40915627206473,-21.79369100428776,-0.3845347322230247,0.5592434406280518,0,0,-2,92d8fa7bb99bedbcb762b9bfa6a49c1e31667361c26ab115df20ec5590a90100,d34c76f4bcc46d2dff2c161b3b535477dfb2933172f9cb31aff452cc79d88a00,7.778313253012048
confirmation,7975-280084-0004,test-other,7975,OPUS_VOIP8,16000,39760,True,-19.11193350458656,-19.74429052774256,-0.6323570231560025,0.7060990929603577,0,0,-1,e1f0d4e9a844a616e74443bd2d115576a524ff39fb3a15b32c7f0f2fb29999ca,011a322ceb632891594970661e6a4df109bec9196357540e19c8ce8fc60a6082,7.455935613682093
confirmation,7975-280084-0008,test-other,7975,OPUS_VOIP8,16000,48800,True,-22.683770840566716,-23.172127961433503,-0.48835712086678895,0.5380368232727051,0,0,-2,78e484b75754fe34c22fbe4434d05d1a82e408fa0dc2a37c5efa7c8be60c96f1,2afad535acd4778b4a1873ba65cd22e5d9686e7d5a19bedf34bd2c37088520a9,7.4727868852459025
confirmation,7975-280084-0010,test-other,7975,OPUS_VOIP8,16000,120720,True,-21.640321883924383,-22.160879265473437,-0.5205573815490501,0.5605944395065308,0,0,-2,1b02f924e8e4cec8f83bdcbef0bd7b33e511350a8a51393ae6c699ebbf5e2d8b,d090593c5adce0fea0286a12ec7fc72b078d77f1feb8a6c65884d5fee93c7477,7.751888667992048
confirmation,7975-280084-0011,test-other,7975,OPUS_VOIP8,16000,82961,True,-24.025685603141547,-24.482752073193232,-0.4570664700516863,0.4449799656867981,0,0,-1,6eb0219a69f0cf105abc5f2505cd1b1c0cb4c7a709a3c9fb159e54b65c664755,3145032258c2f83742b32e226903af77dd4a3daaf1a8641ef081f47461942f45,7.584865177613578
confirmation,7975-280084-0015,test-other,7975,OPUS_VOIP8,16000,44960,True,-21.947541312841594,-22.39397130850186,-0.4464299956602684,0.6292378902435303,0,0,-2,497c71132a864a2c1836db2bed8c8df8e835a64b6048294eae6c93431dfc9580,74c61c7d64b9c730f95dbf76e6939de7a0e9c7428ddcd7feeb05626a1dcbebbc,7.316725978647687
confirmation,7975-280085-0003,test-other,7975,OPUS_VOIP8,16000,56560,True,-20.929213208485727,-21.364467527038634,-0.4352543185529096,0.4856289327144623,0,0,-1,9fb40abe5e7cf924192665c48f8b3ca8a3b50b38e330eadf56d105dbba63d196,8c0f85da664e282defaae93962245dcd76e5e1663e096016c6c020e4b850d82c,7.567751060820368
confirmation,7975-280085-0006,test-other,7975,OPUS_VOIP8,16000,134400,True,-23.632245734564,-24.078525824307782,-0.4462800897437852,0.496448278427124,0,0,-2,f0b3b4b4d7371ac6fa2e23e221744008c34bed63087662d6f8c16a782723f8f9,4ac44ae2d7f9be017b0d51131393f447aeb8f10ea6123a251cc53f736673ded1,7.586666666666666
confirmation,7975-280085-0007,test-other,7975,OPUS_VOIP8,16000,107040,True,-22.84122481543161,-23.215722955718377,-0.3744981402867733,0.46671047806739807,0,0,-2,8c295f09493958c366594a3f374003991d02c022ff0b4890c2a1f39fb8f028ab,e890b0b1fa318db9664ff3c37902bd451a10c378339223b1e1193d74d4a0ffe6,7.673542600896861
confirmation,8131-117016-0003,test-other,8131,OPUS_VOIP8,16000,58640,True,-21.075216601555105,-21.80228362636295,-0.7270670248078412,0.7369276285171509,0,0,1,f333539b29db015d5c5ffc19ce95849cd2fe3c47b865e03e45ccd1f2a2e0048b,0d06d441acea5a39d61fceb305504855b931828c3357b75b2cd0b1f5d9c840dc,6.954433833560709
confirmation,8131-117016-0005,test-other,8131,OPUS_VOIP8,16000,100800,True,-22.044427773715604,-22.88355031553001,-0.8391225418144087,0.6296231150627136,0,0,1,a5395d8370f0896e86724a3fc299f5f94ee78546f9a7ae0281cba402852867a3,3fe71d7df4c0d4a7f2ed617141b560c05402632e321d3d08111ba5cee3c8c1e0,6.913015873015873
confirmation,8131-117016-0009,test-other,8131,OPUS_VOIP8,16000,92960,True,-18.350726125878424,-19.00689680643111,-0.6561706805526867,1.001063346862793,2,0,1,92181e4ba94c69141a98b35db0ba711131df5e89048f0fbbaad46302b551745b,62c7920f8ef06f36099b7d24486a03811966d1ea2fd4a39c69155c1f512031d4,7.202753872633392
confirmation,8131-117016-0010,test-other,8131,OPUS_VOIP8,16000,81760,True,-16.531195323232005,-17.355859051850288,-0.8246637286182824,0.9405694007873535,0,0,0,6f07ac3b142900bd2fd3bffb7b6098d81ab967e75763d11e13ae00246dacc2a7,99a943419150cff14ad08a3fb57863409e87a364b25f48d848521616f21730ee,7.189041095890411
confirmation,8131-117016-0015,test-other,8131,OPUS_VOIP8,16000,133040,True,-18.902875341118893,-19.81861600805476,-0.9157406669358676,1.041105031967163,1,0,1,460ef77a842d748e970f957dd41598584dcc388aa4c18e350d87e99a47adc0d7,00b889f3688fa3ed255673152c6cfd4a006469d88f632e7c783e1b92f2facdba,6.618400481058329
confirmation,8131-117016-0031,test-other,8131,OPUS_VOIP8,16000,106960,True,-18.669641610028883,-19.46712923635955,-0.7974876263306679,0.9903499484062195,0,0,1,72e821c8918e468941e0c188ea89d20f5e5ff2a5e0d12947bda85a276b4038e8,73839d0213ea7c3e0c8f3cdc773af7d2e2c061690321430557202bb96e586aba,7.273597606581901
confirmation,8131-117016-0032,test-other,8131,OPUS_VOIP8,16000,96560,True,-20.378545250607957,-21.44812390435144,-1.0695786537434875,0.749955952167511,0,0,1,7278a0e9efc54f8a16e13a2df1bec82d05ec6262403314ebd002eecd669d3073,8bbaf0f58b528bba581cc415d7acf338c02cc53bbcf1aee5aa58a6618fe5d536,7.127754763877382
confirmation,8131-117016-0034,test-other,8131,OPUS_VOIP8,16000,78320,True,-19.745278635659687,-20.396842417573843,-0.6515637819141568,0.6164249777793884,0,0,-2,ffd8f30c8d0da118302e865fd5b0677847ec3ce14aad7f6dacb4a7386114f9ef,bf90866dbe842a4e52444a40608d9f9be5aa2a589b63a3c1b0b410d64136dafc,7.4917262512768135
confirmation,8131-117016-0036,test-other,8131,OPUS_VOIP8,16000,89440,True,-18.757565166427106,-19.662350764793764,-0.9047855983666576,0.842555582523346,0,0,1,e8adb33252a887158dfb06ec42d296e1d03c1431917a6862532e48ea724ac20a,3431b6202cd753ebcfd35d26dfc585622df711475bf5bc81f3760c608fc917c8,7.21144901610018
confirmation,8131-117016-0038,test-other,8131,OPUS_VOIP8,16000,49120,True,-15.92450362903878,-16.822146450604183,-0.8976428215654046,0.9537733197212219,0,0,1,b5a404807f172dde1a428c50bdf481b017d8b53e8870f188874119b5484536dc,a376e0b68b22a8f5dcb2e1000948393715c7554657d54a41ad434df645a1a43b,7.0566775244299675
confirmation,8131-117016-0041,test-other,8131,OPUS_VOIP8,16000,69680,True,-17.19445214873273,-18.069099042174738,-0.8746468934420075,0.9855205416679382,0,0,1,850f48d8b1357e8910ef0ec929e85409fb3e11d117fbe0cbf87992810c44e1bc,671bb920b14356a560db14328f19892b1bca1bd68ae55f3717d43d39691c3e8a,7.090700344431687
confirmation,8131-117016-0042,test-other,8131,OPUS_VOIP8,16000,58960,True,-17.304373610950037,-18.56702076078845,-1.2626471498384086,1.0122298002243042,2,0,1,074bb9838523d6bcd1117a7ef62dac7d341d2ccfed403e4486fa426efeee17bf,41e5e8a978d56a58d852f94d5a6fa066aac228ae537cd892e2aea65c2341a25c,6.749525101763908
confirmation,8131-117016-0043,test-other,8131,OPUS_VOIP8,16000,89040,True,-18.154434332478488,-18.833228043591635,-0.678793711113146,1.0351121425628662,4,0,0,3f3a923b3d3fe211ebea5fe7eabfd6ba9e8d0f94520fa211efd4b83210d55208,70ffe62c88d210391b425b0341f14403fd8dca647759b1afefa8650161dea5a7,6.24618149146451
confirmation,8131-117016-0054,test-other,8131,OPUS_VOIP8,16000,107200,True,-16.720899656511307,-17.427377837019545,-0.706478180508241,1.0177298784255981,2,0,-1,c7ae43b4085142cba3db5b3c4ab05361e6dac9cbcbb0e70a0bcb80ec398df76b,0957c2d0b6aff6f6a3d8bde3eac24532acff0fd80a44605f5c6629e8e8f6146d,7.00179104477612
confirmation,8131-117016-0059,test-other,8131,OPUS_VOIP8,16000,64080,True,-16.512386609175454,-17.298798711044775,-0.7864121018693211,0.9754613637924194,0,0,1,cb718c57d073628deb75f7f12a71fd2d9f88d2a28c482f3f7ad74ccd0763a0f4,a168f5d497db057d519e263a88469322a30fea6dfa9f5fe7119e8cff0c672962,6.869413233458177
confirmation,8131-117017-0001,test-other,8131,OPUS_VOIP8,16000,93200,True,-17.41243198322899,-18.267263387794927,-0.8548314045659331,0.8149211406707764,0,0,0,d8d61507e697046a765660e413e9d9e2a27e9a9f277a9f8ed220db98d7e94c5d,294f85faaa1c41eeef9231d300ab9e98b5a3824173dcb509d8ed0b29e165782e,7.748669527896996
confirmation,8131-117017-0013,test-other,8131,OPUS_VOIP8,16000,57920,True,-19.010906504972528,-19.68617280043177,-0.6752662954592435,0.846790611743927,0,0,0,87d93401d0f9d55156f09a2aaed5c8ac7190343a23cc9d823eb43a1681526f02,8080020fa4324e1b7d05410621d73c27a2da1591078694da7494982406fde167,7.697237569060773
confirmation,8131-117017-0018,test-other,8131,OPUS_VOIP8,16000,37360,True,-16.030126171710226,-16.649565889832957,-0.6194397181227297,0.9611996412277222,0,0,0,01a3180af3619cff48edce41139250ab027b0dd327881ca7dbb84cef7756b4f4,4bbf5130223d4c1c6d1d1dbb82b737cddd9ec5b35374ea9d2cfb6ea01a9bef1f,7.0406852248394
confirmation,8131-117017-0022,test-other,8131,OPUS_VOIP8,16000,110320,True,-17.307886543441647,-18.143301732698443,-0.8354151892567961,1.000130295753479,1,0,1,94e073c2017ec34194c7e35af0c4d09e2851b2dd15b2e187219e8d2d56015d4d,5bb57a80f441b3eeaf5302a0b10244a98d908a1ebf19427b1b91b8fb5ad27088,7.340971718636693
confirmation,8131-117017-0023,test-other,8131,OPUS_VOIP8,16000,48560,True,-17.94291164294718,-18.644657614599836,-0.7017459716526573,0.7367304563522339,0,0,1,21abf69230929c90b9e625fa122f2ac3cdea089a83e71bba818fe46e1078e8c1,421c32d2dbb73d916cb8d52e2ae7bed5a43eb70340ca0d4c2452537282b623b6,7.140691927512355
confirmation,8131-117017-0025,test-other,8131,OPUS_VOIP8,16000,69120,True,-20.322912947388275,-21.086100879812086,-0.7631879324238131,0.8369017243385315,0,0,1,0f47c16c39a0c80960e83bd135daaf868f52231730667b4507aaf762654206a8,2ec21224ea139c194024d021d501bd4616972eae92bcedc121a55ee9a4535351,6.785185185185184
confirmation,8131-117017-0027,test-other,8131,OPUS_VOIP8,16000,55920,True,-21.25250759361215,-22.31719524670106,-1.0646876530889096,0.8404126763343811,0,0,1,b257cce9614b8beb477551fd9174f5f1aea0d422f9cf8c5d51168af58d825ec9,3f03fddc29d5ceba8e7f4ad1bc66ad4b9cc64ad694b6fae408a2567089175e97,6.480114449213161
confirmation,8131-117017-0028,test-other,8131,OPUS_VOIP8,16000,63920,True,-19.822315339439736,-20.599389797431208,-0.7770744579914702,0.7794853448867798,0,0,0,d160ac474cd2c9bfe98c740a0fe9a76b538c6a978094d3e032b57f9b74bffc9a,cff3d9bf44bf9edd02db47f3b906d4a766e6ca60550f953b0c9d9254367dae9a,7.052816020025031
confirmation,8131-117017-0031,test-other,8131,OPUS_VOIP8,16000,84320,True,-18.404654795426044,-19.131474033187235,-0.72681923776119,1.0043586492538452,2,0,-1,c32b8ec5a33e990621919eb0164ad83250075f4bf2e306cc550065b89567604a,bd675f27fe19d41ae1ceafa18da8c6ce6d034083817e58403b79bdd0aff50186,7.374573055028463
confirmation,8131-117029-0010,test-other,8131,OPUS_VOIP8,16000,175280,True,-21.25845033767054,-21.955483491630112,-0.6970331539595721,0.8236491084098816,0,0,1,142f389bfd0d1ada38c5e41c9826408fb6fae24a73dfb61cb8702b163e407659,ae2b504da888b8fc0ca746b145576206afa11ad343460d88170e9746010eee1e,6.823550890004564
confirmation,8131-117029-0014,test-other,8131,OPUS_VOIP8,16000,56720,True,-20.93529828819652,-21.885718579537578,-0.950420291341056,0.7039572596549988,0,0,0,44b6bd3e34c3d03389a8500d8b2f0de5c28627bd2dabf09ad1845b609a60635d,4a1878896e8e6fe1c71e81ce762c36b0e6a174cc49963e1bd9af67f7b83d06f6,7.1853314527503525
confirmation,8131-117029-0015,test-other,8131,OPUS_VOIP8,16000,89360,True,-22.670794773807394,-23.424275365676557,-0.7534805918691663,0.5347808003425598,0,0,1,cd8c0dac35852830f88c8df85c808be0e0540ab69c8003e3dbea962135bc725c,e66b3ee135864a0ac93634036bb70c5046b49e0627cd6149e97ab6dffb675a16,7.452820053715309
confirmation,8131-117029-0017,test-other,8131,OPUS_VOIP8,16000,106400,True,-21.80653198072895,-22.47833918404494,-0.6718072033159899,0.7756731510162354,0,0,1,1dece9b7bbef978edd44f88a6aa1c0c756cbf8f0e96b48d9fa2b84b0d0a871eb,b749c3627f8a6a518e503e0d594ce98d919a9f172c12a28a09b96e638b6b6117,6.866766917293233
confirmation,8131-117029-0018,test-other,8131,OPUS_VOIP8,16000,106400,True,-22.03854274407452,-22.841976442186468,-0.8034336981119459,0.7092355489730835,0,0,0,ff5f67ad5c60b9ed9400634b518707ca67f049ddfe75fe4cfc539d3898ed92db,7c66882bbe92222a98c91b2ceda181373040ae154ab83a4f2e3bea1f9b47c6d9,6.854736842105263
confirmation,8131-117029-0019,test-other,8131,OPUS_VOIP8,16000,42401,True,-22.055747796470612,-23.00891846223187,-0.9531706657612555,0.5672934055328369,0,0,1,17ff06cf390dd5e31235932c9352a3fb3ace3b42faeeeecad2265509fce1833f,68216c28120ba99dc5a0b75328acb5c8a92066b1a7d611de1abcf6494eb629fa,6.623240017924105
confirmation,8188-269288-0000,test-other,8188,OPUS_VOIP8,16000,54560,True,-21.69195037838206,-22.205999072344042,-0.5140486939619784,1.0472413301467896,7,0,1,a7c3a75a2e016585ad75b0c043b9a3604e8f2387045a7f52f2d9a8303b9aa7f1,a7185b34263165ebe5d4eae200bc59ab0155f63bd4910adf6763f57da8c76e79,7.085043988269795
confirmation,8188-269288-0009,test-other,8188,OPUS_VOIP8,16000,77360,True,-26.37162883808977,-27.018079685051326,-0.6464508469615559,0.48724839091300964,0,0,1,ba85d3f3a004ae3029126f5da71fbb417812a2ccd72fc33756f6187a8a398569,537c07bb9c81138b026e346f918466a974878c303eee60db2d03c72374a1a682,6.932781799379525
confirmation,8188-269288-0013,test-other,8188,OPUS_VOIP8,16000,39680,True,-23.941596074257866,-24.525115322169423,-0.5835192479115564,0.8754496574401855,0,0,1,635203d3200ca5ee0a2a9293d3430466dbb83f5b209124c6fad60f31a595ff42,cf13f065354e45772cd483eef59b688e53afd6ec4e6a45d1d393e84364a4c92d,6.583870967741936
confirmation,8188-269288-0022,test-other,8188,OPUS_VOIP8,16000,92160,True,-26.042378966359028,-26.31850477514085,-0.2761258087818218,0.5872169137001038,0,0,1,fe503154c443a6baa35f84aed8611362dc0d010639be472b5a166291e14ced62,1e9af4734153203ae50e4cf7676f065aa18a7f8a0550b0382f16806b06ce7ef6,6.823611111111111
confirmation,8188-269288-0023,test-other,8188,OPUS_VOIP8,16000,40080,True,-21.554063850174803,-22.341499643823965,-0.7874357936491599,1.0001660585403442,2,0,1,3cdbcf614f9a4436f5388bc64db083c0921353238d4d7e1b3d374c59028c711f,c084adda075ca6af333ccfa0373d314dbbd335ff6d2ca37bdbac11f6809732fc,6.425548902195609
confirmation,8188-269288-0025,test-other,8188,OPUS_VOIP8,16000,35840,True,-18.713071656276096,-19.15267957611246,-0.43960791983636693,1.0117915868759155,2,0,1,714406676f04fa22579ad048e9b8ea6f6471a776ae6eff31c6e98cea65a2819f,5419117ece857df25ca1992ae603ad7a561cdf3b38d767b4b61a6c5530608263,6.542857142857142
confirmation,8188-269288-0030,test-other,8188,OPUS_VOIP8,16000,192240,True,-25.329595800550106,-25.894193908009377,-0.5645981074592735,0.5562263131141663,0,0,1,5e6a532ca652ee2cf63754f323e895e393e9c143ad4893283f8f4fc653371816,d4c5d6cfe682d1d0ea85bb38f1ce45e237627a32a3eaa4f43bafc08b09923e75,7.0618393674573445
confirmation,8188-269288-0044,test-other,8188,OPUS_VOIP8,16000,68960,True,-26.015333911959665,-26.45763172476746,-0.44229781280779223,0.4526471793651581,0,0,1,5e826e3bb6ddaad80335bcdfcab31913f365a18a960ac4df37a282d723f1f2f2,57c2224f1d3c6f14422feb115a551648a1f24d89bfdedba6ba5a8ac34626f92b,6.717401392111369
confirmation,8188-269288-0045,test-other,8188,OPUS_VOIP8,16000,36720,True,-24.665731751601484,-24.945727951402205,-0.2799961998007213,0.7908759713172913,0,0,1,22c5096735f3a2bdc457ad5671f0a480e190c44e8fcbfd8113254c8f9d13a88a,40c118fbf13c027d6b1308375d5bb70724414ed544a707ce884438c249c67a01,6.654466230936819
confirmation,8188-269288-0046,test-other,8188,OPUS_VOIP8,16000,47120,True,-19.640885563727082,-20.295954859520833,-0.6550692957937563,1.0320611000061035,8,0,1,fe6b703bc43d7a747ffd042637b4106e4a203978356fa2edd58fe3114a834738,05f81d80a8118704a9110b9ff5918c9be41cdfbda78012ed3e1d2b6e69bc2524,6.878098471986418
confirmation,8188-269288-0052,test-other,8188,OPUS_VOIP8,16000,47840,True,-25.331994370959634,-25.811274331692836,-0.4792799607331979,0.5315756797790527,0,0,1,7edceb9334bc1641b58c01641bc099067ad31948ba5078384f2a8520840bf4eb,413f98a1ad842f27b514105619244b6ac0a84a885ff80fe83979cccca363d982,6.640802675585284
confirmation,8188-269288-0053,test-other,8188,OPUS_VOIP8,16000,97040,True,-25.451982657951284,-26.066707843164426,-0.6147251852131441,0.9174654483795166,0,0,1,46dc0f732411074c446676e2176557343562e684b09588d1dbe92fd9dd982372,0b6818cdb14d1cfe5f12a180e9227bd2a98d94bd5258d03744daa8be5774bbc1,6.894641384995877
confirmation,8188-269288-0054,test-other,8188,OPUS_VOIP8,16000,52160,True,-22.766640692718315,-22.987327233431515,-0.220686540713197,0.7465216517448425,0,0,1,f79187c45703b15dfad183e20d5d7beecf177d36c84463151f14fb268c6983ee,6a42f7d3a86d3f6d4464b20b900270cda23d9cdd8b95ce42b352ce2e7ab48a30,6.812269938650307
confirmation,8188-269290-0004,test-other,8188,OPUS_VOIP8,16000,114160,True,-26.952284121229916,-27.4814456248914,-0.5291615036614845,0.6157416105270386,0,0,1,ec453c2cb994090b19848641dd2924891370edb2041db98fc00cd80905eebcbc,ff380d0e93bf9b52f7687da4c12c603a357f75963b5959a99f7ffaaf04c06ef2,6.770007007708479
confirmation,8188-269290-0007,test-other,8188,OPUS_VOIP8,16000,37760,True,-18.53565816416224,-19.044194832875313,-0.508536668713076,0.9663406610488892,0,0,1,2feea24c3a25b0235f68fc3411e333172e0cf8775ab27f341de831d99bb49d07,d044d08bd82938b684bffdfaf53a5b70283cfded7941a0b377b5b59ff8278870,6.36271186440678
confirmation,8188-269290-0012,test-other,8188,OPUS_VOIP8,16000,62800,True,-26.036708656595252,-26.911670746598976,-0.8749620900037253,0.6427004337310791,0,0,1,8b89e8644595f0380b65b0b422a5cbea95979c22541594171e0f38d60286dad0,ce1c74394a1ecd2d0e8b62af882865f73447e173ef9a7351fc0c9641aad6a565,6.49375796178344
confirmation,8188-269290-0019,test-other,8188,OPUS_VOIP8,16000,51520,True,-30.412669124452595,-31.256804553004038,-0.8441354285514423,0.3362273573875427,0,0,1,2d5c45f7200448fdc735a87c0dee2b6355cb579c7a397c9e43e714154682dcb9,1a72c33271721adf555ba4ca10d352112943288da07eeb203995efcb83839f28,6.434782608695652
confirmation,8188-269290-0020,test-other,8188,OPUS_VOIP8,16000,55200,True,-27.579311637273403,-28.197436018760726,-0.618124381487322,0.39278119802474976,0,0,1,073b49723ab967b32da9351c918e1025264017a3161ac05b7717ad124f0ea8ee,2f4bfa58f250243274e126ae0dfb77c4815f284eb584d0b11e7df1e061f9d85a,6.794202898550724
confirmation,8188-269290-0024,test-other,8188,OPUS_VOIP8,16000,50480,True,-31.055318765920184,-31.31654895231459,-0.26123018639440154,0.5458599328994751,0,0,1,39a6ce4a4cdb570db5b34940aedc7fcb7efe1bc09c56713d43a47f908f6b3171,30f7f774f3271246998e7ce41156e00d03f20e9a09fd43acfe5fcbe8d7ee73dd,6.22757527733756
confirmation,8188-269290-0033,test-other,8188,OPUS_VOIP8,16000,139360,True,-30.84758921792406,-31.702860406817315,-0.8552711888932557,0.31638073921203613,0,0,1,0cec69858db5844335872873d2cac524a709297771fc2c20a8baadd700b66e32,40628f1406591f279d661c0e8ac19618b3cb94232b9719b4506936cb58362fcd,6.9272101033295055
confirmation,8188-269290-0034,test-other,8188,OPUS_VOIP8,16000,104160,True,-29.768708080693642,-30.463767022090455,-0.695058941396814,0.39235371351242065,0,0,1,1754fbfea6335624c7e36db7ca6b4ee1edf9cde9d6bfe720a0830d938206c37c,84c472911becdca006f19673aef8b51db1c60209be1ab83268a5510505735ede,6.890322580645162
confirmation,8188-269290-0039,test-other,8188,OPUS_VOIP8,16000,34480,True,-28.222838824498645,-29.0014009691902,-0.7785621446915558,0.4063992202281952,0,0,1,f666b6602ee878140b661663f4bd4541c75aef1d83e736343e19b89bfd54a9c4,88d93ca8b62eed93e6d427fa9545dd5f5edc36044245630dc601ba572808ecee,7.016241299303945
confirmation,8188-269290-0041,test-other,8188,OPUS_VOIP8,16000,79680,True,-26.45491903149255,-27.098251114323094,-0.643332082830542,0.4907413125038147,0,0,1,bdd1f483fbe44826eb9e57ca48d5a3cd4ddc5f9b5a49f7af4d4675b5fe3acac1,bebfce656d0d2a5ddfe1164fcb0dcfdbd4b6e800a0a5502e846e39b677c997cd,6.801606425702811
confirmation,8188-269290-0042,test-other,8188,OPUS_VOIP8,16000,31920,True,-23.759711868639954,-24.605906788436172,-0.8461949197962197,0.7349659204483032,0,0,2,c3ccae5b26b373e023ec48014161c01e717f0fab328d4f9e18363745f6ba2ff8,49195dc89f08f821c8a1b69946a5dc507d633c48def5477c111c883be35be60f,6.921303258145363
confirmation,8188-269290-0043,test-other,8188,OPUS_VOIP8,16000,37120,True,-32.365590585395346,-33.07776980702295,-0.7121792216276113,0.2512533664703369,0,0,2,a1335bc5492153a4bf7ef21edb9f13011b5b514af3d2a9a9954bfb7b59ac50c6,c419f6c06d6b75523614d65a31dcc056ee921e425f4162f357808011702b4434,6.33448275862069
confirmation,8188-269290-0045,test-other,8188,OPUS_VOIP8,16000,77680,True,-24.6670149167128,-25.071717298783017,-0.40470238207021514,0.4590127170085907,0,0,1,f213d88854a92596df084ab1836542a1d46134f91c0fb011104f71ed6a19b09e,d97a43bcc4b331ea3352364e85cd84caa35560663cfb6994b971cc92367bdcc3,6.833367662203913
confirmation,8188-269290-0048,test-other,8188,OPUS_VOIP8,16000,101440,True,-29.200708187552355,-29.867777756888586,-0.6670695693362282,0.30794093012809753,0,0,1,56abdcc7266f7b6367456307b5c9f5a3b4cbf4060f86f9262eb1c3f1a42e7f22,20745b3511661ed9712c170c7ca4a0f9eb443970fcab71d0225b994ea0b8c951,6.924921135646688
confirmation,8188-274364-0004,test-other,8188,OPUS_VOIP8,16000,36720,True,-22.393144281453395,-22.851541943589968,-0.458397662136577,0.47854289412498474,0,0,1,d014b25b160d4ed9e47aa602ff9a05d8c473e9c7783ceb943266101a7a2e3be5,30405ee69b5012e9bec942464c06202077375deabb13ae1e908700d9bc72b8f9,7.369063180827887
confirmation,8188-274364-0009,test-other,8188,OPUS_VOIP8,16000,180000,True,-29.284756046483405,-29.646988844145294,-0.36223279766189165,0.3936912715435028,0,0,1,cce87ad9fb5338450cff32f2f29cd41737f96bd8f36211b54a59a22514e4b2b5,c41d904717e0dff23f717d738a1433c4e36614341806f456347e39796998e81a,6.872888888888888
confirmation,8188-274364-0011,test-other,8188,OPUS_VOIP8,16000,142560,True,-29.017170145038918,-29.58158998277891,-0.5644198377399924,0.4573608338832855,0,0,1,928e77041de49a4e06d8d4d32bfff183a6b14a64a03a9cbd0f1a165b434a6116,5dd763bf245e179766b7fef7a68276ee937fa13dab53b315bd101110879bb47a,6.9665544332211
confirmation,8280-266249-0000,test-other,8280,OPUS_VOIP8,16000,152800,True,-30.601427629376836,-33.474649770911896,-2.8732221415350576,0.2586002051830292,0,0,2,92228c5ac9c2d124bd23cfe38dc096a46f97a0c969e70f1e700fe518d7836186,fef19b87334b1ea669cdb4d0126e16acc1c81b5d8daf5a3eaff684e00f9a40bd,7.39937172774869
confirmation,8280-266249-0001,test-other,8280,OPUS_VOIP8,16000,147200,True,-29.45556069907544,-31.308733876952253,-1.8531731778768146,0.26847776770591736,0,0,2,01a8fe813c4ced1b2e4cd6b6c1b4402fa7cc31cff7e94762913e7d03f53d1d1f,6c9c50f942301e920f5a7a57c0b9c15d6d926e73d8d338b2de8c365bac065044,7.381739130434783
confirmation,8280-266249-0006,test-other,8280,OPUS_VOIP8,16000,98640,True,-30.032309576276926,-32.09548904804193,-2.063179471764996,0.3528757393360138,0,0,1,b6b165d7bb2e0fbbdaa3df5fd06442203f31299324ca3907d26f352843ccfe38,935a990666818da9d6e4b8c002748b93f0ec1986426584f67da2f5a71bb76918,7.240875912408759
confirmation,8280-266249-0009,test-other,8280,OPUS_VOIP8,16000,44800,True,-29.21957736863556,-31.663760717910204,-2.444183349274644,0.30413028597831726,0,0,2,cba6f83e3729aee11a6070a5cc4d0849e5fa3181dc3c4e6572bb3c3f1858e7f1,24275d4f999816acb52396b92ad670612716604c3b848348e3c5050ae2498d3b,7.402857142857143
confirmation,8280-266249-0010,test-other,8280,OPUS_VOIP8,16000,43760,True,-29.59323169566128,-31.46138114158869,-1.868149445927409,0.24046099185943604,0,0,2,65e173a943e40eb61a02652bf4b75044165d0fddea6bbfd02b8e902338a039b5,0b47a6192d5032a8cde5bfa87b647e04c0c3df54416ff16d44a5b1076948d0d5,7.06691042047532
confirmation,8280-266249-0011,test-other,8280,OPUS_VOIP8,16000,111920,True,-26.425456755330337,-28.239766904852743,-1.8143101495224077,0.3737136721611023,0,0,2,23c0105ca31805c46a69b927bf0dc1c14b320db63e6a32e2f7460d7a0fa813c3,2f5fb09144f478b7d41378d9d723d8c12f524326581104729f3d1afed93512ce,7.197140814867763
confirmation,8280-266249-0012,test-other,8280,OPUS_VOIP8,16000,54880,True,-28.80152644564007,-31.06765373168519,-2.2661272860451134,0.41655433177948,0,0,2,52f9640d87b5f71c0bec81218a222c99eb381bfabe16b2cafa6a1cf6653bb63d,08a531b2f53dd22672dd4de47bf73aebfbd03826f112192ab6911f3b42994281,6.896793002915452
confirmation,8280-266249-0013,test-other,8280,OPUS_VOIP8,16000,76800,True,-28.558287589115334,-30.138390669492736,-1.5801030803774043,0.3920592963695526,0,0,2,97e35f7229bcd12b8359259f69dda772e7276dad7a614d76c517c9ddc3d12160,297fe201a311c5a1c59fae7810ee6a0ac5386d3d55530de6e230b73983184175,7.18
confirmation,8280-266249-0016,test-other,8280,OPUS_VOIP8,16000,264640,True,-29.911405049202028,-31.68957605858467,-1.7781710093826493,0.43296802043914795,0,0,2,e44e10be44581200685751d934fd68701cb6678c1183590b55045816c10e4ee9,c86bd50af0770a03ef5a32836942844451c08590b5528329b3c0ac4b4e86a2d0,7.334461910519952
confirmation,8280-266249-0019,test-other,8280,OPUS_VOIP8,16000,81920,True,-30.166444923709953,-33.14092826839868,-2.97448334468873,0.28909382224082947,0,0,2,f639d8af5f6cb63113113d28809bcbd47ecc9867c312794ac90a11edffd9874f,2f7816a4080d5f88bb3b1ca464c7fb0a91f1416e3409fba24a3f414d4acd07d7,7.315625
confirmation,8280-266249-0020,test-other,8280,OPUS_VOIP8,16000,228960,True,-28.71070318961744,-31.119044359152657,-2.408341169535216,0.3665902018547058,0,0,2,c850eb1ea8f965528e2865a690e3faa08f2a2238314d10ab9e8e68031933d9b3,91045a16e5fc7778538e9d90d5ee113577d3d34ea08a2e250b249b7e4e4ee12d,7.320754716981131
confirmation,8280-266249-0022,test-other,8280,OPUS_VOIP8,16000,41600,True,-27.766674819754282,-31.439133961479794,-3.672459141725514,0.312470942735672,0,0,2,8dfde2d122a5eba8920268fcf1a356f9a721b5eb78c575760262cf605f036f0c,81f584d622a33c6e3079c2594eec8454477906a5737e4be1480c16c786896b87,7.150769230769231
confirmation,8280-266249-0029,test-other,8280,OPUS_VOIP8,16000,120000,True,-30.40961861067059,-32.36207684784937,-1.9524582371787824,0.28351813554763794,0,0,2,6874c4aa67d4f5fae8c894184d6dec82649c37377dedfd7328a70f9d1017d184,315839e7791f40004824ef26fadb426240c076713c98afb868ec0c846517739c,7.2842666666666664
confirmation,8280-266249-0033,test-other,8280,OPUS_VOIP8,16000,39520,True,-27.225746614289093,-29.187087954496832,-1.9613413402077375,0.31533145904541016,0,0,2,deb357d921cb70a3669723d8b489cb28b18f11d01aaa99e0fb2d002485346bc1,94cf2d954aa12d1e8ddcad63038c7d53d6fdb1acdcfd1fb9edae1beb81d9ade7,7.167611336032388
confirmation,8280-266249-0034,test-other,8280,OPUS_VOIP8,16000,182640,True,-26.9618311467552,-28.930752383292297,-1.9689212365371023,0.39683106541633606,0,0,2,c7ebc795e7ee7552281dcb77b0039b41b8ccfa078a3890d4306bd881764fa718,53c160d88c33230217bf11240bc03db48fa92c98ed3cd256a2406e4296f35d22,7.317389399912397
confirmation,8280-266249-0036,test-other,8280,OPUS_VOIP8,16000,38080,True,-27.20482438173121,-30.424210217528472,-3.21938583579726,0.3332839906215668,0,0,2,9a3309d322c7cc994f5c27d7e377b5d1c5f4322bb8241d590e3c988e94779826,116f47e28fb89eb5e2bb880a9858cf72643fd28e82503cac650bbf9c721035c2,6.974789915966387
confirmation,8280-266249-0038,test-other,8280,OPUS_VOIP8,16000,102160,True,-26.543979658160065,-28.17034724015356,-1.6263675819934935,0.47815296053886414,0,0,2,0b5753af205719346b275abb015e6806c7b07f90e12e2e7738048ab998cdb9b8,8f6eb91992a0fc73fa90b6c119567cd075ce15a3bb0ea8fd9e05ecae123615fe,7.124197337509789
confirmation,8280-266249-0041,test-other,8280,OPUS_VOIP8,16000,112720,True,-29.632929166040324,-31.677798754299907,-2.044869588259584,0.3081631064414978,0,0,2,553c2c1cb5f0cec5c2dc5de7b13ac2dcd541db0ec015d25b9eb871d73532bbc4,a18f4b717ebb12617097dd927db1387fae8f6da0c694fedd10cfea662a23a702,7.264158977998581
confirmation,8280-266249-0042,test-other,8280,OPUS_VOIP8,16000,159040,True,-27.29397761703188,-29.525011698971472,-2.2310340819395917,0.32962122559547424,0,0,2,96bdec36c502778511a651b6eaedb9099cc8a4b0080d3fe460d79952e77c2500,8afe990dcd22de4d5e02d4071705e3eaf95ee98c7e2290356c18a5f2af65ae22,7.340845070422535
confirmation,8280-266249-0043,test-other,8280,OPUS_VOIP8,16000,81520,True,-26.407672966687077,-27.904125385266745,-1.496452418579669,0.4443139433860779,0,0,2,b013040097c22abc4760fe1449942748ef6040c1b81271eddb7592bea7109593,6ba15a030f94f7c1c601104e6d2f6a2abbd2560e94e54a2fbdc1eba2fb4f70c8,7.309126594700688
confirmation,8280-266249-0044,test-other,8280,OPUS_VOIP8,16000,127440,True,-26.029646481866976,-28.087286005045197,-2.0576395231782203,0.4300451874732971,0,0,2,dae313d163e89fc9d39e5443841870ed0cb4754972eb9303892776c33763efd7,d59a1a28f8c28cd74c1c4a6ec7011e194585cb9b78011f7137b2222ff82a8702,7.241682360326428
confirmation,8280-266249-0048,test-other,8280,OPUS_VOIP8,16000,38400,True,-30.093287504634173,-31.51164501046878,-1.4183575058346078,0.23267264664173126,0,0,2,d7c8d4273a103365c927c6357ba1630fb21adecb15fac769d655c49bd0115ad2,3fda0a92626dfd3c7cc8ab09218dc282a6daba6bf98e2fc12f89b314cd6c3d5d,7.21
confirmation,8280-266249-0050,test-other,8280,OPUS_VOIP8,16000,124720,True,-29.950091651023527,-33.36082753010638,-3.4107358790828552,0.2670026123523712,0,0,2,65cf695740d41dbd8afeba5e3526cd43f77786a9e8d0bcde0e95d61148010ef5,0ec231b759b7a59bf56b0dc203f7e381b5ab106647f2d9372cb478a87c073850,7.004490057729313
confirmation,8280-266249-0052,test-other,8280,OPUS_VOIP8,16000,181440,True,-29.881472170613872,-32.69462042237237,-2.8131482517584976,0.2861698567867279,0,0,2,7216673e186f27b28c33ab9de3dc05675c5c94933782772677db95c1336a6d3a,6929ebc2595f0bcfb19ce3aa88d748e8975027c6895553da20cb10b2141c59c3,7.161199294532628
confirmation,8280-266249-0054,test-other,8280,OPUS_VOIP8,16000,94880,True,-30.16327015884186,-33.04766826942507,-2.8843981105832084,0.27477335929870605,0,0,2,50c1b9f0e2b08d1a72556f4c0d19fe421b59aa05a3ab4a122d15b5a78f1ab466,36b6422e789795973d21178e08fe1c4a9871fefce63a3e75f9bdb72844e914ad,6.851939291736931
confirmation,8280-266249-0058,test-other,8280,OPUS_VOIP8,16000,134400,True,-29.422564800953598,-31.639936196168446,-2.217371395214844,0.3773464858531952,0,0,1,4fe87a496dc5c9659e3f39d466d4192997f68454f47e484c5e39ec77145d2296,087713af80078c5ba8800b10f57000022013379f090e43dbc8e2d40388e58e7a,7.417142857142857
confirmation,8280-266249-0060,test-other,8280,OPUS_VOIP8,16000,251040,True,-29.11659477850383,-30.763552618462747,-1.6469578399589162,0.3602549135684967,0,0,2,f98db126047d1d6a3563626cc971b0885fa2f8280c152c823a327dcf23775853,d3a3dc89fb5b07399366908643cbb80b6708c8752c213cb5802653be6ad05d30,7.402931803696623
confirmation,8280-266249-0063,test-other,8280,OPUS_VOIP8,16000,65200,True,-30.55565383670713,-32.796156801906626,-2.240502965199495,0.23274996876716614,0,0,2,535b036067699f544cce95a2df4463e58bcd9622a724dd801a4635f4393e99a2,ec91169f48d7bbe4f64eff24880df0ad48f6955d37d444bc64f4f842526bd58f,7.232392638036809
confirmation,8280-266249-0064,test-other,8280,OPUS_VOIP8,16000,40880,True,-29.94845965972905,-31.875775042657644,-1.9273153829285934,0.19379311800003052,0,0,1,c1d2b07e197a9259387924cb717ba5489e21351b3d0cbd5299aa06b781dd076f,538105c497d0d4b612cee1c8fafb630155a54b5363177e0f7c5c1f6a56ce9a35,7.1639921722113495
confirmation,8280-266249-0065,test-other,8280,OPUS_VOIP8,16000,272320,True,-30.626084920670564,-33.589015923827716,-2.9629310031571503,0.3004609942436218,0,0,2,d54a2a4537518046b7fd0df38a99a97bfb761cc9de4d5245867c86f1c185e6f0,25d8133a7af5f5d9ecdb6f86ff2ad317f1d778e362f0edb802e74c7795f83547,7.406815511163337
confirmation,8461-258277-0000,test-other,8461,OPUS_VOIP8,16000,58400,True,-22.17697819122484,-22.733762071495967,-0.556783880271131,0.6131799817085266,0,0,1,d8978598129c0d3d516a3e1746e824a5a409998b6d608ce57a71a74fc93dee82,8df41d0008c65745d0838b8c8bddd95e508bca966c51b8c5b6d170103dc05b8e,7.287671232876712
confirmation,8461-258277-0004,test-other,8461,OPUS_VOIP8,16000,156880,True,-24.195839401035506,-24.950070582377776,-0.7542311813422664,0.485971063375473,0,0,1,cf79d6ad8f608345fe4373746561e7a91e06f310607f6be3329aa323b4018951,5337e46279b879675c129f8354b10e7536d923dadd7793cfcda624d37fe3f735,7.517797042325345
confirmation,8461-258277-0005,test-other,8461,OPUS_VOIP8,16000,59200,True,-27.51961233831448,-29.011680088458476,-1.4920677501439974,0.2926131784915924,0,0,2,31e7f16788cadbee9c0df71e71fda658064fe0bee8f39300a1fa41440d1a4404,7c6618d0e2ae72e3b1d2983b69000980b4d11f3346cfdc72b36067698173adf9,7.2518918918918915
confirmation,8461-258277-0006,test-other,8461,OPUS_VOIP8,16000,64080,True,-24.353358835227787,-25.07239798022093,-0.7190391449931468,0.47114098072052,0,0,1,fa6477325f1989c4b23a9c7066d41f5084ee087f19da52216922634d82c900ec,2d2a548593811e916e0d024f6a0b300fd7ac09de4fa53f7a1874f0844238c6c4,7.244943820224719
confirmation,8461-258277-0008,test-other,8461,OPUS_VOIP8,16000,217040,True,-26.027130752749624,-26.77671994169704,-0.7495891889474133,0.4927693009376526,0,0,1,dc6bc7c2cb06e9919d33ab13d80774d9ee2252ecf77a9c1906d9e932b1931fe8,2d30704c2a7d7d53e8ceeeab9afd5000c5c16ecc1afb010aaf41852525f483af,7.27224474751198
confirmation,8461-258277-0009,test-other,8461,OPUS_VOIP8,16000,113440,True,-23.907683165481433,-24.633869640021096,-0.7261864745396647,0.5291691422462463,0,0,1,5ada8b3bad2b00888e1017a69da37243428c01c0dc13fa833f622bde2d9cfb47,0342f91e8a050be1a8d28b566cfae648691fdfd80326e599f85adff2a5fd99ba,7.166149506346968
confirmation,8461-258277-0016,test-other,8461,OPUS_VOIP8,16000,65440,True,-26.734719502997237,-27.528763023853724,-0.7940435208564923,0.3605865240097046,0,0,1,512ec09dfea0b9e6fb07cf1ef429c61e6149e363f471bf78dc1b03dc0edcaa5e,fd3feb94850da267e0f86286e9d49b19c0ac950a4c66687f71d23806a15d70b2,6.906601466992665
confirmation,8461-278226-0000,test-other,8461,OPUS_VOIP8,16000,48240,True,-24.144270351120134,-24.73294937041391,-0.5886790192937711,0.3540186583995819,0,0,1,5af3738e76f7024994a4aa1f1847e039b28baaa030cc9dd410ce009e16eedea8,575520ba595fbb97813e43beb111d82e21717f14bb65b4c585bd90291d151091,7.07396351575456
confirmation,8461-278226-0002,test-other,8461,OPUS_VOIP8,16000,183680,True,-25.250822785989357,-25.868283112717926,-0.6174603267285662,0.5038737654685974,0,0,1,e4c6016f3c2a0b7628cc741ea4c6a7af242779d4184abe6fd1cc63314b0897f6,66e1714a12bdeba8276e34ade70540e7ce77b6fa16a264385f7a7df19121804f,7.536585365853658
confirmation,8461-278226-0004,test-other,8461,OPUS_VOIP8,16000,125040,True,-24.5093220874409,-25.004240825522338,-0.4949187380814376,0.49980297684669495,0,0,1,5f6ebb1bcd81f050e93bb4a8438c6a35fe191ec856d278adbba7155837c7f6d2,349d105c3b87b158eb3b58ee5cd8a4e756b1c4b6eef7ad93dc14baa9ccdf3b91,7.4124120281509915
confirmation,8461-278226-0006,test-other,8461,OPUS_VOIP8,16000,195520,True,-26.049538110994813,-26.52281133955254,-0.4732732285577256,0.5373692512512207,0,0,1,6d9c5a05e3dbae82b721a798886280c647e74eddae2bf1e955aefb50f0455eb7,eaca56d9e8b58c6529c214633cddcd9891e66211dff7e1c0580f42426a08fc54,7.53518821603928
confirmation,8461-278226-0008,test-other,8461,OPUS_VOIP8,16000,104720,True,-24.75874078416437,-25.207750991926826,-0.44901020776245615,0.5107853412628174,0,0,1,d5f7bc6fa4580f0ac52843140daaf3504825e321473af819dcf16a2baf877e78,de24a45296ae7a0224ec49a15cd0bd8e43ab5967f5103ac4ca61cd6a82d1e35f,7.566080977845684
confirmation,8461-278226-0009,test-other,8461,OPUS_VOIP8,16000,98160,True,-24.214208608822865,-25.180928813663694,-0.9667202048408269,0.6797841191291809,0,0,1,e889666b39bb6305e9b7d47d5aff0fa1c99ed60fa908416cab67df1584d8b61c,331271a896c097841b881bd1ccba1ed12b9744af59f848cf47a428cf1c8948fa,7.610105949470253
confirmation,8461-278226-0010,test-other,8461,OPUS_VOIP8,16000,77040,True,-22.333387751958234,-22.953528791016428,-0.620141039058199,0.6517057418823242,0,0,1,8a986e23a20b0fd16ae90e2d7ed77e383940ff18eca524f29886055629ab0b63,2f6be85060dd01911bbf1535bed7ac49ae5a675273731ff1096ae273bf4fe5f4,7.6577362409138106
confirmation,8461-278226-0012,test-other,8461,OPUS_VOIP8,16000,129600,True,-22.195723415919446,-22.54219284699569,-0.34646943107624517,0.7599169611930847,0,0,1,e5e7c5a11fe2a394d36c28c17d51d0d749ac096fed86f11b719dda70bb63bff0,e1e6deb0827cb5ba9ece40139903fd8300c73602b76b4512469320d32a3e0974,7.581234567901235
confirmation,8461-278226-0013,test-other,8461,OPUS_VOIP8,16000,137280,True,-23.959451793085282,-24.530822346867154,-0.5713705537818738,0.632320761680603,0,0,1,05938ca08fb92a6ee6c17c55170c399fe8329ea296498d7763758c218b1b96ce,4ef4e47d614c3803e2055b3cf92eee38bab17b645b676bf24fae2f522a2e9e68,7.604662004662004
confirmation,8461-281231-0001,test-other,8461,OPUS_VOIP8,16000,167679,True,-25.599473655309247,-26.13324624727141,-0.5337725919621571,0.4748988151550293,0,0,1,4434bc6cbedafc76a98ee5c07a33dd5de56a48101101096bbe79ca8b301e6ffe,dccc7063c986e8f891a92b1dc4be4a8fd5d39d52e8ab5b5145aee2fbb6d3ccb4,7.4748537383930005
confirmation,8461-281231-0002,test-other,8461,OPUS_VOIP8,16000,151520,True,-23.78465976104411,-24.274749592199004,-0.49008983115489657,0.5421356558799744,0,0,1,7e4e06545a60cb21e191943028d5d31e5cee6e231f18b781f2f36d1883f3e47a,e69aa642ac42d969f96050211fc8c00d201523b0f57d06609b3022f58cb51e32,7.38247096092925
confirmation,8461-281231-0009,test-other,8461,OPUS_VOIP8,16000,233760,True,-23.204578512745492,-23.666104659948253,-0.4615261472027604,0.6443535089492798,0,0,1,0576b05b6dbb6530fd017c8c7d36ab3b40b4f9cb6d87533e9ef1ef581fbe3660,f1364881d402f2b5f3e31eef1e0b79a3cc813ef725394a47eae52c43ee4173ce,7.519233401779603
confirmation,8461-281231-0011,test-other,8461,OPUS_VOIP8,16000,126720,True,-23.53519901422988,-24.222423496930446,-0.6872244827005636,0.5461212396621704,0,0,1,78d843d7cb8bf1f6de77f8fd90161ff0763058a17b25b64d5e08d41b40247c45,662c2572beabf34ddd3fdbf49082e4a02886c5181c4e9d17dc9cb274e04e6ad6,7.409090909090909
confirmation,8461-281231-0013,test-other,8461,OPUS_VOIP8,16000,45680,True,-26.694923893172632,-27.459927697878328,-0.7650038047056935,0.46797671914100647,0,0,1,2797fa95bfa3191a21525f4d8169568866bee8f84f4f1aff3d395e5fce769955,71378d7bc2874b9efc1f977be8b6c3b8a5e3817e0c7e3babc9ae1a0ab0fc48b4,6.596147110332749
confirmation,8461-281231-0014,test-other,8461,OPUS_VOIP8,16000,59840,True,-25.28279156095507,-25.838502898469994,-0.5557113375149263,0.4161648750305176,0,0,1,736896b3e4f32e1770a28bceb51fbfb8107692735c32e633f267ce33de7cb602,71af0ad1d94f2efd240d4f27b0de9ba56905760dc192473fa2c89713daf82848,6.911229946524064
confirmation,8461-281231-0017,test-other,8461,OPUS_VOIP8,16000,113280,True,-19.170779214360483,-19.76632829245662,-0.5955490780961361,0.8600130081176758,0,0,1,8d4d3290c9691d931a13cced265298bc42788d41182354bab4031fd80c8b77a5,835bd82502b4c60d4bc832c1b2f3f7e57f494bf7ac23a5e0e3188e387b61cae2,7.348022598870057
confirmation,8461-281231-0019,test-other,8461,OPUS_VOIP8,16000,203280,True,-25.73086422419432,-26.283232610677224,-0.5523683864829061,0.4538429379463196,0,0,1,dd565964f6ee653b63fcf0d0a606764a2d89409f00b00968afa27fa4b129c6dd,3c6a11ed45ff691510d56764c70608ee8fb867f5a26f47201d5756ee56eb2eab,7.47737111373475
confirmation,8461-281231-0021,test-other,8461,OPUS_VOIP8,16000,272880,True,-24.215524082970703,-24.877109784488695,-0.661585701517994,0.5811615586280823,0,0,1,ee1b1ae6f529a0a111ed75a910ede44d0341f6815f2271df2cee23da41f8617c,12f129647803752b32e76e9424a7016c3f1b9c6369fd81761620c656c2a0553a,7.3695690413368515
confirmation,8461-281231-0024,test-other,8461,OPUS_VOIP8,16000,323360,True,-25.78378614895793,-26.421281647517475,-0.6374954985595481,0.40350571274757385,0,0,1,e2cbd794a2f316fbf8d00494d8030eaa1aa4e09a7d53b073d7fb9d1ad0d7af1c,87101797e5bc96e0a8470c1077a3f4d4314a08927d0a54bedf274b020d0bb219,7.504403760514597
confirmation,8461-281231-0026,test-other,8461,OPUS_VOIP8,16000,129680,True,-23.101553056790756,-23.629081554952958,-0.5275284981621996,0.47285589575767517,0,0,1,8868e56feee3831fb3509e8011e9b309c709a0f2ff46e046d40fd6335b2bec5f,306b13c721a06f971d8003ae8da8b832849073ea1ddb08fe227207bf31378777,7.501542257865514
confirmation,8461-281231-0030,test-other,8461,OPUS_VOIP8,16000,267040,True,-26.87815978724698,-27.506361777953625,-0.628201990706646,0.5518343448638916,0,0,1,a1e025864d71366070af908b156c6028a81840b54fedd9658a1f1ae19553d3ca,e177e62f3d0acead1683caf9dd6250b1695d24c16b0d83d2244903a4008a8e92,7.003475134811264
confirmation,8461-281231-0032,test-other,8461,OPUS_VOIP8,16000,154239,True,-25.61948615523885,-26.24476421761527,-0.625278062376422,0.40277695655822754,0,0,1,0e079e6a2a0e31875ac46050b9e31e14b4ae1a5b5692a16ef9572c48f95a928b,0e4cab8af5410978a4f724b66a4622cbb98838d0f5f7e414c39b5213d9c46446,7.519550826963349
confirmation,8461-281231-0033,test-other,8461,OPUS_VOIP8,16000,179840,True,-25.101200190408107,-25.650316721825803,-0.5491165314176928,0.4193888306617737,0,0,1,ff6a331e94abfd3febd098aae55e02545e662303e013112bf0d1399af842cfa8,294c424f4783a6c6c33289c4970f64c8cc9a9b598e6bceb1933d27ab6049a97f,7.488256227758007
