subset,cell,frequency_hz,h1_rel_db,coherence,mirror_coherence,power_ratio_db,mean_dfreq_db,median_dfreq_db
train-clean-100,lp,0.0,-1.9910613606556673e-06,0.9999999998464166,1.4660520368672582e-05,-1.6512789822312488e-06,6.623037e-05,3.6261852e-05
train-clean-100,lp,31.25,-1.4754792190183376e-06,0.9999999998316721,2.786851310354576e-05,-1.1356328050287507e-06,4.7873214e-05,2.2598415e-05
train-clean-100,lp,62.5,-5.513903403160361e-07,0.9999999998550336,1.638417072829932e-06,-2.1164538436190439e-07,3.846606e-05,2.6825282e-05
train-clean-100,lp,93.75,-6.54431589741366e-08,0.9999999999341395,1.7528645935088254e-06,2.7395824422466303e-07,7.9293495e-05,3.3094097e-05
train-clean-100,lp,125.0,-5.819490609971426e-09,0.9999999999632818,3.2477078826599266e-06,3.3345534984683235e-07,0.00012675134,7.596906e-05
train-clean-100,lp,156.25,1.8164617950350143e-08,0.9999999999697753,7.93352930331822e-07,3.574112557263384e-07,0.00015499438,8.239283e-05
train-clean-100,lp,187.5,2.1451574400319542e-08,0.999999999970812,1.6082984888350033e-06,3.6069371043181316e-07,0.00019505675,7.595593e-05
train-clean-100,lp,218.75,9.466563580783213e-09,0.9999999999680017,1.7991128729696305e-06,3.4872090509723416e-07,0.00021957143,9.6472104e-05
train-clean-100,lp,250.0,4.111062995664691e-10,0.9999999999595376,2.631111627905355e-06,3.397022067600393e-07,0.00025233472,0.00010381118
train-clean-100,lp,281.25,-6.6744575541597e-10,0.9999999999500624,3.3528573643429395e-06,3.386648055320739e-07,0.00024720564,9.292962e-05
train-clean-100,lp,312.5,1.3125885441424331e-08,0.9999999999490294,1.8839392857963194e-06,3.5246262072797505e-07,0.00026590325,0.00013761414
train-clean-100,lp,343.75,1.9011052524996054e-08,0.9999999999581686,3.1931242032222913e-07,3.5830809755422733e-07,0.00027935486,0.00010352467
train-clean-100,lp,375.0,1.7062395515624723e-08,0.9999999999646697,2.79005342514727e-07,3.5633120808822156e-07,0.0002088724,9.50271e-05
train-clean-100,lp,406.25,4.3419866357823725e-09,0.9999999999630065,1.4172567872800943e-06,3.436180230299178e-07,0.0003047914,0.00010399519
train-clean-100,lp,437.5,1.222177058320185e-08,0.99999999995839,2.3450924126728815e-06,3.515178537563255e-07,0.0002819706,0.00010105857
train-clean-100,lp,468.75,1.0852842171980055e-08,0.9999999999577384,4.29983357195105e-06,3.5015175575475687e-07,0.0002534031,0.00010597982
train-clean-100,lp,500.0,9.522089556246657e-09,0.999999999958777,1.5152415364239493e-06,3.48816492121025e-07,0.00030020747,0.000117545795
train-clean-100,lp,531.25,2.0121562389702557e-08,0.999999999957356,1.6816594585330635e-06,3.5942213773223536e-07,0.00031511413,0.000113256836
train-clean-100,lp,562.5,2.573311312264436e-08,0.9999999999521599,9.21838341086763e-08,3.6505625616575496e-07,0.00027532998,0.00011977213
train-clean-100,lp,593.75,3.3266053534788156e-08,0.9999999999410152,4.657943475169327e-06,3.7263759651947207e-07,0.00032376527,9.8126024e-05
train-clean-100,lp,625.0,2.8820289849168988e-08,0.9999999999275141,1.5651507455374183e-06,3.6825046815945293e-07,0.0002816555,0.000119263466
train-clean-100,lp,656.25,4.463938369799602e-08,0.9999999999142398,4.787733784601349e-06,3.841272110888524e-07,0.00037393582,0.000117765405
train-clean-100,lp,687.5,2.0284803742861003e-08,0.9999999999048248,3.4819077609223213e-06,3.598135196454023e-07,0.00038666502,0.00013657851
train-clean-100,lp,718.75,2.740728203220623e-08,0.9999999998900959,8.184346492173979e-06,3.669999660154514e-07,0.00039122155,0.00014722487
train-clean-100,lp,750.0,2.1555472969963707e-08,0.9999999998589794,1.2366050347678254e-05,3.6128329055258284e-07,0.00035695286,0.00011329273
train-clean-100,lp,781.25,1.756070016104338e-08,0.9999999998344142,1.0694432203487692e-06,3.573952035326511e-07,0.00034667322,0.00015320629
train-clean-100,lp,812.5,-3.0625902436721117e-09,0.9999999998100927,8.624349933197378e-06,3.3687754139544475e-07,0.00034665765,0.00014310174
train-clean-100,lp,843.75,-1.8832074352751367e-08,0.9999999997716075,7.1847827181875395e-06,3.212751957249746e-07,0.00034871727,0.00014566063
train-clean-100,lp,875.0,1.8658947637896974e-08,0.9999999997524623,2.3892793746255644e-06,3.588493629445841e-07,0.00048626852,0.0001509507
train-clean-100,lp,906.25,1.7652695072511153e-08,0.9999999997534758,6.915912699518569e-06,3.5783871023425576e-07,0.00044079014,0.00012564522
train-clean-100,lp,937.5,2.4609067958373126e-08,0.999999999729933,1.4948170200011194e-05,3.6489732826233086e-07,0.00045058905,0.00013880018
train-clean-100,lp,968.75,4.9274819140976506e-09,0.9999999996865195,1.2464419230459722e-05,3.454042861919424e-07,0.00036131393,0.00013308862
train-clean-100,lp,1000.0,-1.4845165606179202e-09,0.9999999996403212,2.239301551933474e-05,3.3919292521388146e-07,0.00034502716,0.00019254575
train-clean-100,lp,1031.25,3.15088560317869e-08,0.9999999996099622,6.759184756454208e-06,3.7231814475135256e-07,0.00032576133,0.00016691504
train-clean-100,lp,1062.5,9.723873679354378e-08,0.9999999996089137,2.2014823423330793e-06,4.3805257727901023e-07,0.00050081377,0.00018497946
train-clean-100,lp,1093.75,6.397712519604257e-08,0.9999999996077595,7.875717608198809e-06,4.0479597828112403e-07,0.00043764553,0.00016323861
train-clean-100,lp,1125.0,-1.560441919382835e-09,0.9999999995769782,1.0767901132749831e-05,3.393920925716261e-07,0.00028023316,0.00014916142
train-clean-100,lp,1156.25,-2.7916870362407466e-08,0.9999999995321335,3.829243135121927e-06,3.132304236428062e-07,0.00045538056,0.00017844085
train-clean-100,lp,1187.5,-5.307425796339606e-08,0.9999999994918394,4.882939705846389e-06,2.882480305371275e-07,0.0003809419,0.00013427828
train-clean-100,lp,1218.75,4.864736778068024e-08,0.9999999994972022,5.930996104771558e-06,3.899463655923216e-07,0.000436673,0.00018804881
train-clean-100,lp,1250.0,1.9463406966624742e-08,0.9999999994925314,2.067658937638653e-06,3.607826898840886e-07,0.00056782825,0.00016997065
train-clean-100,lp,1281.25,8.490081731850846e-09,0.999999999458216,3.0486100331847622e-06,3.4995839461271387e-07,0.0004413047,0.00018451901
train-clean-100,lp,1312.5,3.7936086998741634e-08,0.9999999993863103,4.49226486209559e-06,3.7971668237218246e-07,0.00042601186,0.0001245474
train-clean-100,lp,1343.75,-4.378601968943545e-08,0.999999999324124,1.5751057888839623e-06,2.9826464679794923e-07,0.0004395318,0.00017635213
train-clean-100,lp,1375.0,-2.8142044683884163e-08,0.999999999264087,5.053859314997096e-06,3.1416936029934385e-07,0.000376197,0.0001559344
train-clean-100,lp,1406.25,5.5840726043759207e-08,0.9999999992400591,4.792376014060291e-06,3.982564818537554e-07,0.0003908625,0.00017824453
train-clean-100,lp,1437.5,7.684886975384824e-08,0.9999999992839862,3.342580621593515e-06,4.1907385279136986e-07,0.0003528981,0.00016469098
train-clean-100,lp,1468.75,8.599956972099405e-08,0.999999999311224,5.426991147859523e-08,4.2810626177030693e-07,0.00036625058,0.00019849856
train-clean-100,lp,1500.0,3.937984528810567e-08,0.9999999992914714,4.455179502881512e-06,3.815723211598635e-07,0.00034754886,0.00019923708
train-clean-100,lp,1531.25,-5.627606801895277e-09,0.9999999992594009,1.1731694756936524e-05,3.3670414954444007e-07,0.00044142804,0.00015178556
train-clean-100,lp,1562.5,-1.0329708034881942e-08,0.999999999245488,1.3944629796790974e-05,3.320624715035561e-07,0.00049060356,0.00016124979
train-clean-100,lp,1593.75,3.523572902189999e-08,0.9999999992811877,1.8686057558696106e-06,3.774728670963883e-07,0.0005849645,0.00018834998
train-clean-100,lp,1625.0,-9.774552282997465e-08,0.9999999993011109,1.0873498669561123e-05,2.4440508843200054e-07,0.00036431255,0.00016926759
train-clean-100,lp,1656.25,-2.467460661589141e-08,0.9999999992305526,1.407034601251922e-05,3.1778243564955703e-07,0.00044491506,0.00014681055
train-clean-100,lp,1687.5,-1.802710971295778e-08,0.9999999991170367,4.75500113406138e-06,3.249229251385217e-07,0.00042090486,0.00013408001
train-clean-100,lp,1718.75,1.2870549572198728e-07,0.9999999990558797,5.823378936927866e-06,4.719211343087405e-07,0.00052732707,0.00019442519
train-clean-100,lp,1750.0,1.1725035984231787e-07,0.9999999989815493,1.5787125514437033e-05,4.607888100103824e-07,0.00037417613,0.00015489872
train-clean-100,lp,1781.25,-1.2946339827645942e-07,0.9999999988099685,8.003748512117084e-06,2.148202186024091e-07,0.0003710439,0.00017303257
train-clean-100,lp,1812.5,-4.149096912672526e-07,0.9999999985813004,1.4224470866524333e-05,-6.963298276309689e-08,0.0004993743,0.00019448748
train-clean-100,lp,1843.75,-3.7273079671633355e-07,0.9999999984563906,2.903892537377635e-06,-2.6911611090726382e-08,0.0004309108,0.00019993316
train-clean-100,lp,1875.0,-9.607122467673086e-08,0.9999999983850066,1.1803685252414452e-05,2.5005797571913305e-07,0.0003963625,0.0001840871
train-clean-100,lp,1906.25,-5.022662560651495e-07,0.9999999981939818,8.057877102256596e-06,-1.553074436951465e-07,0.00041285274,0.0002065957
train-clean-100,lp,1937.5,-2.0612483255721488e-07,0.999999997977287,1.6500720884980248e-05,1.4177507369633105e-07,0.0003440355,0.000277095
train-clean-100,lp,1968.75,-4.632969569273591e-08,0.9999999979478909,3.698617401154471e-05,3.016978751013795e-07,0.00044671126,0.00021818392
train-clean-100,lp,2000.0,9.408780015244415e-07,0.9999999979241474,1.6128300977310266e-05,1.2890086890256794e-06,0.0004084431,0.00021091945
train-clean-100,lp,2031.25,8.74959682149648e-07,0.9999999976826064,2.6768670620768634e-07,1.2241393692331592e-06,0.0005702929,0.0001949758
train-clean-100,lp,2062.5,6.857147289548009e-07,0.9999999970830623,1.7668477782742963e-05,1.0374982031542932e-06,0.0005434224,0.00019655618
train-clean-100,lp,2093.75,-1.1412876490701378e-07,0.9999999965698338,1.4039136868395307e-05,2.3988363202675755e-07,0.0006239383,0.00025636368
train-clean-100,lp,2125.0,9.86691371798033e-07,0.9999999964485432,3.775763493082495e-06,1.3412305282140871e-06,0.0004381938,0.00020842333
train-clean-100,lp,2156.25,-5.298408313077779e-07,0.999999996511144,1.066196242026784e-06,-1.7557354703115348e-07,0.0004744685,0.00023921767
train-clean-100,lp,2187.5,-3.825842633751918e-07,0.9999999964782048,1.3175269330183765e-07,-2.8173925395724843e-08,0.00046335277,0.00027211293
train-clean-100,lp,2218.75,-9.286194209336362e-07,0.9999999961055503,5.846320962933013e-07,-5.725906659656855e-07,0.00041462676,0.00021541188
train-clean-100,lp,2250.0,6.609152886992535e-08,0.9999999960408181,4.6177999455828065e-05,4.2240141193444564e-07,0.00067472446,0.0002555241
train-clean-100,lp,2281.25,6.311940220853716e-08,0.9999999960605098,0.0001634224661958593,4.1934376513022205e-07,0.00079948065,0.00024799735
train-clean-100,lp,2312.5,-2.1602769188113674e-07,0.9999999957892657,8.667331724172225e-06,1.4137466855170395e-07,0.0005530775,0.00024286276
train-clean-100,lp,2343.75,-7.20649876279753e-07,0.9999999956125144,1.3111419749485223e-05,-3.62479893425377e-07,0.0007719963,0.00042408862
train-clean-100,lp,2375.0,2.7823233674915657e-07,0.9999999957721628,4.6658627515397486e-05,6.357089754440335e-07,0.00073718245,0.0002672613
train-clean-100,lp,2406.25,1.4784731757221906e-06,0.9999999958337052,0.00018870304091635204,1.8356825383355113e-06,0.0006633592,0.00039511308
train-clean-100,lp,2437.5,-4.1422901587086056e-07,0.9999999956542971,0.00011662818327154555,-5.6240493360306495e-08,0.000522366,0.00034179946
train-clean-100,lp,2468.75,-8.547588725709265e-07,0.9999999955358594,7.436789706136492e-05,-4.962559813128771e-07,0.0005606314,0.00039615895
train-clean-100,lp,2500.0,-1.3474606522209022e-07,0.99999999533945,3.115940347320537e-05,2.2460981982244856e-07,0.0006569083,0.00039863552
train-clean-100,lp,2531.25,1.8779685752569285e-06,0.9999999952181648,8.699844228963395e-06,2.2378511967671567e-06,0.0007329694,0.00046733956
train-clean-100,lp,2562.5,-1.3574186574822715e-06,0.9999999947029564,7.81941544724271e-06,-9.95298514579738e-07,0.0006569142,0.00044977537
train-clean-100,lp,2593.75,-8.914307840324136e-07,0.9999999936483871,6.649471046416653e-05,-5.247307044341479e-07,0.00096135994,0.0004704991
train-clean-100,lp,2625.0,2.6108490096774106e-06,0.9999999930501029,5.2050112376827304e-05,2.9801474036008934e-06,0.0010091106,0.0005613334
train-clean-100,lp,2656.25,-6.961761293995166e-07,0.999999992142806,4.8354325043447587e-05,-3.229373947068396e-07,0.0012862019,0.00064792525
train-clean-100,lp,2687.5,2.9051315604383985e-06,0.999999989515427,5.963928784126657e-05,3.2897808577660525e-06,0.0012321839,0.0007670668
train-clean-100,lp,2718.75,-1.116097487551945e-06,0.999999985747187,0.0001939363999462003,-7.150829315086754e-07,0.0014249653,0.00097072416
train-clean-100,lp,2750.0,-2.9924122206635523e-06,0.9999999807053226,0.00024066497887122306,-2.569501125410617e-06,0.0020038718,0.0010799278
train-clean-100,lp,2781.25,-9.771826106170218e-06,0.999999972601871,0.00012727827873422427,-9.313722167933503e-06,0.0022038834,0.0015211827
train-clean-100,lp,2812.5,7.9451619914454e-06,0.9999999550068615,3.507884131965592e-05,8.479680087593596e-06,0.002561995,0.002017851
train-clean-100,lp,2843.75,-2.209316901812747e-05,0.9999998990935964,3.896662675741523e-05,-2.1315822678647314e-05,0.0035439432,0.003382266
train-clean-100,lp,2875.0,-9.447336338653926e-05,0.9999996632057644,2.1319980823813573e-05,-9.267156898463424e-05,0.006139563,0.0061120465
train-clean-100,lp,2906.25,-0.0015842546986787808,0.9999972354989005,1.860265775822936e-05,-0.0015719094909817707,0.016311947,0.016609397
train-clean-100,lp,2937.5,-0.03543479210701106,0.9999016711759875,0.000298102480015282,-0.035007395338447156,0.08241372,0.08431035
train-clean-100,lp,2968.75,-0.21472647557861635,0.9993323988276893,0.00016015872187730037,-0.21182581317340282,0.25914356,0.26118004
train-clean-100,lp,3000.0,-0.5257982683155444,0.9992854677311646,4.5412082019248406e-05,-0.5226936457977442,0.4838465,0.48318475
train-clean-100,lp,3031.25,-0.7144235684241269,0.9998936683432802,2.9081404569991855e-05,-0.7139614122377793,0.61025864,0.6020559
train-clean-100,lp,3062.5,-0.748679090608493,0.9999970583057803,0.00023244068400697884,-0.7486659758586566,0.6319657,0.6194246
train-clean-100,lp,3093.75,-0.7551852988651397,0.9999972370376796,0.0003952204084268694,-0.755172960340293,0.6352123,0.6282715
train-clean-100,lp,3125.0,-0.784707167869626,0.9999801054416398,0.0007097475065004613,-0.7846204269256284,0.65687233,0.64714706
train-clean-100,lp,3156.25,-0.8469767108432202,0.9999603024002607,0.0005853150877993642,-0.8468039638206161,0.7069552,0.70428395
train-clean-100,lp,3187.5,-0.9205281884954862,0.9999635503539617,0.001360298146534283,-0.9203695476936563,0.7680093,0.76543975
train-clean-100,lp,3218.75,-0.9893224669717248,0.9999631056115492,0.002228370425110524,-0.9891618946073045,0.8220091,0.82488376
train-clean-100,lp,3250.0,-1.065242553271782,0.9999498393677957,0.000618751689711745,-1.0650243638348558,0.8861421,0.8859787
train-clean-100,lp,3281.25,-1.153136978100116,0.9999337820408145,0.0003639284945339412,-1.1528490485200384,0.9558355,0.9540609
train-clean-100,lp,3312.5,-1.251701849315032,0.9999260601117044,6.456954738830286e-05,-1.2513803814726054,1.0329832,1.0352716
train-clean-100,lp,3343.75,-1.3577046745778045,0.9999178402931459,0.0002677759349472143,-1.3573475057305007,1.1107625,1.1100155
train-clean-100,lp,3375.0,-1.4813287501571815,0.9998548093280591,4.3589988480651856e-05,-1.4806978101855404,1.2013648,1.2052884
train-clean-100,lp,3406.25,-1.6409459141493117,0.9997520775251252,0.00033428687388678216,-1.6398687279133404,1.3334206,1.3318486
train-clean-100,lp,3437.5,-1.826697168742978,0.999747943824981,0.00037016287536810433,-1.8256020255863434,1.4829953,1.4526305
train-clean-100,lp,3468.75,-1.997748780384063,0.9998036672211141,0.00011251124863533725,-1.9968956951300694,1.6146739,1.5769976
train-clean-100,lp,3500.0,-2.1605194729606865,0.9998063254690118,0.0002456335766745494,-2.1596779345823123,1.7421898,1.7161707
train-clean-100,lp,3531.25,-2.3171347528937596,0.999829167363588,0.00011519830049930215,-2.316392433686145,1.8659168,1.8458327
train-clean-100,lp,3562.5,-2.4638843684942495,0.9998595465336397,0.00013076164528005898,-2.4632740048838,1.9745703,1.9689441
train-clean-100,lp,3593.75,-2.604347273278476,0.9998359948133682,3.548717821150298e-05,-2.60363461027352,2.0697625,2.0609941
train-clean-100,lp,3625.0,-2.7797608765806885,0.9996700215571067,9.570290561002489e-05,-2.7783272228018783,2.2052474,2.2088428
train-clean-100,lp,3656.25,-3.0095668322610942,0.999551950087786,0.0007007753559643831,-3.0076202010502335,2.3939412,2.4103332
train-clean-100,lp,3687.5,-3.2658311931799733,0.9995595002246087,0.0010048470512609043,-3.263917366370881,2.575198,2.5956502
train-clean-100,lp,3718.75,-3.5275777553040717,0.999462978359015,0.00048145681631265073,-3.5252445343751813,2.7646506,2.8244152
train-clean-100,lp,3750.0,-3.822354181377086,0.9993082159095715,0.0002601277804110046,-3.8193484224595946,2.9827368,2.9839354
train-clean-100,lp,3781.25,-4.138493119725933,0.9991627266780684,0.00040306151370703977,-4.134855025664774,3.216494,3.2521515
train-clean-100,lp,3812.5,-4.508080374856954,0.9987411189458943,5.972329563677963e-05,-4.5026093405896885,3.4804778,3.5132651
train-clean-100,lp,3843.75,-5.0055712324491335,0.9977821092546664,0.0010572942530085194,-4.995928018833879,3.818458,3.8170333
train-clean-100,lp,3875.0,-5.656586358443519,0.9958793311907453,0.004015003313187798,-5.6386532090588615,4.2574644,4.269843
train-clean-100,lp,3906.25,-6.50659025278944,0.9926244703150762,0.0036958002358866153,-6.47443968648028,4.8449454,4.8325815
train-clean-100,lp,3937.5,-7.585199472928341,0.9896255920120115,0.0004927184883097162,-7.539908311319935,5.5281906,5.5225773
train-clean-100,lp,3968.75,-8.884433385147835,0.9838794526137176,0.0033516654644792695,-8.813851954413416,6.370775,6.3304806
train-clean-100,lp,4000.0,-10.591166472353635,0.973155758678865,0.000282201508128857,-10.472989702632688,7.421315,7.5342445
train-clean-100,lp,4031.25,-12.94742399576052,0.9566927611559284,0.0021990664592928927,-12.755148535375266,8.600019,8.600195
train-clean-100,lp,4062.5,-15.57595064233912,0.9453861310337052,0.002006741022328131,-15.3320425716624,9.863221,10.247676
train-clean-100,lp,4093.75,-18.32531460082037,0.9428118350221208,0.0023905926144735003,-18.069564517119456,11.118512,11.461984
train-clean-100,lp,4125.0,-20.767591497270274,0.9702072427409161,0.003917261714245175,-20.636236281903347,12.072004,12.416115
train-clean-100,lp,4156.25,-22.671660747994494,0.9765019459918995,0.001514964484633644,-22.568391539830618,12.622714,13.004971
train-clean-100,lp,4187.5,-24.554869114297514,0.9742873755565311,1.4005925405639133e-05,-24.44173952682567,13.058905,13.323553
train-clean-100,lp,4218.75,-26.941206088439653,0.9408698738117809,0.00034517369462265816,-26.67650137792936,13.603948,13.844019
train-clean-100,lp,4250.0,-30.28165211635805,0.8815708204891345,0.0002958912747785136,-29.7342238456061,14.21725,14.267546
train-clean-100,lp,4281.25,-34.9120045848512,0.8000650836826025,0.000444086828447794,-33.943257419836705,14.8177395,14.499105
train-clean-100,lp,4312.5,-41.6230825930795,0.7155721140835009,0.0004600031139306214,-40.169616331223345,15.219765,14.702969
train-clean-100,lp,4343.75,-47.57257888527039,0.8220802496957422,0.0006651105971708722,-46.721720691128404,15.337229,14.939356
train-clean-100,lp,4375.0,-50.333570780369044,0.9270874513905961,0.00015273405933626126,-50.004777468405436,15.257277,14.867355
train-clean-100,lp,4406.25,-52.17375348421794,0.9233592041905084,1.4074911846171138e-05,-51.82745997172492,15.163729,14.964591
train-clean-100,lp,4437.5,-53.77614914406205,0.910284954669821,8.582731502598512e-05,-53.36792245198975,14.990824,14.634218
train-clean-100,lp,4468.75,-54.78068319661332,0.9056763582173764,0.0001022778390613517,-54.35041316814023,14.822728,14.139842
train-clean-100,lp,4500.0,-55.0884037322738,0.9092586389510295,0.00019151607290489152,-54.675277753345235,14.692976,13.888979
train-clean-100,lp,4531.25,-55.440655603046395,0.9107166845715914,0.00013208346906694277,-55.03448819432106,14.591275,13.791815
train-clean-100,lp,4562.5,-56.51082721992342,0.8893917607415486,0.00032645779752717304,-56.00175789940904,14.535642,13.808107
train-clean-100,lp,4593.75,-58.77855520704123,0.8565539117417009,0.0003916755768276817,-58.10610189569989,14.496516,13.680315
train-clean-100,lp,4625.0,-61.315128706551164,0.7969587094456286,1.3836691221624008e-06,-60.32948657858077,14.335398,13.392208
train-clean-100,lp,4656.25,-64.65831557231388,0.6516337657658229,0.0001327949692855582,-62.79835103415863,14.171167,13.106903
train-clean-100,lp,4687.5,-67.41933265812415,0.5293513082158164,4.308432201903654e-05,-64.65677222614362,14.05966,13.140881
train-clean-100,lp,4718.75,-68.69010987514535,0.48019905050039,0.00015900709610731153,-65.50432250592542,13.959987,13.218554
train-clean-100,lp,4750.0,-70.06586167935515,0.4235247512528134,0.0002512427101012678,-66.334649300801,13.907164,13.151414
train-clean-100,lp,4781.25,-70.93629922088893,0.3738125065669826,0.0007821485418045872,-66.66283715563043,13.78562,13.113224
train-clean-100,lp,4812.5,-71.14093060646212,0.353825664426649,0.0004965286236928714,-66.6288235761091,13.653369,12.901045
train-clean-100,lp,4843.75,-71.26570633911172,0.3624796905746882,0.0001883928543849106,-66.85854278441998,13.638033,12.553356
train-clean-100,lp,4875.0,-71.8169726321027,0.3403419298048705,0.0002888054844957811,-67.13612686361385,13.551267,12.585094
train-clean-100,lp,4906.25,-73.05968724051196,0.26669033987868596,0.0001183672329265451,-67.3197597499578,13.368517,12.121489
train-clean-100,lp,4937.5,-74.6520936578711,0.19368705337148273,4.512268456328678e-05,-67.52309924008016,13.294027,12.086992
train-clean-100,lp,4968.75,-75.964660324083,0.14601207549456574,1.7194210362159662e-06,-67.60854772800324,13.302813,11.913169
train-clean-100,lp,5000.0,-76.68999527115912,0.12232961594743824,8.247354813553937e-06,-67.56531105477582,13.246384,12.339712
train-clean-100,lp,5031.25,-77.14435364299979,0.11204775776360706,1.857609731624639e-05,-67.63838500490793,13.018268,11.8039875
train-clean-100,lp,5062.5,-77.84940947328788,0.09980039297369944,3.315067787216707e-05,-67.84073164784513,12.75491,11.875473
train-clean-100,lp,5093.75,-78.35830644062342,0.08865426365242872,6.773564215787274e-06,-67.83530237128862,12.614122,11.660335
train-clean-100,lp,5125.0,-78.7789072842841,0.07348083500045079,9.52940116270936e-10,-67.44064777289834,12.464471,11.582094
train-clean-100,lp,5156.25,-79.45202505185424,0.05847226481111638,5.9846781408033095e-06,-67.12152387001393,12.346318,11.621199
train-clean-100,lp,5187.5,-79.89048564682422,0.051739521194263095,4.5647612898239014e-07,-67.02870936139975,12.252007,11.555237
train-clean-100,lp,5218.75,-79.94593051220052,0.04982856092254159,2.8295776940029453e-06,-66.92071361986613,12.231885,11.551981
train-clean-100,lp,5250.0,-79.98610877725093,0.04752232327426706,8.159476214558143e-06,-66.75508508121081,12.283645,11.632109
train-clean-100,lp,5281.25,-79.99399871206057,0.04894848846085253,1.2073634952607363e-05,-66.89139122539979,12.220367,11.207769
train-clean-100,lp,5312.5,-80.01362908521054,0.05309025425295774,1.266783370314334e-07,-67.26377679822443,12.19073,11.080047
train-clean-100,lp,5343.75,-79.99371177461997,0.056745618109893294,3.509557871084514e-06,-67.5330347454042,12.266959,10.949333
train-clean-100,lp,5375.0,-80.0016464199256,0.05791207497044701,8.320029137704538e-06,-67.62933733920478,12.184459,10.777889
train-clean-100,lp,5406.25,-79.96813421320712,0.0587169536204942,5.585133342755424e-06,-67.65576902639236,12.168104,10.796994
train-clean-100,lp,5437.5,-79.96157765078866,0.05806956703377081,7.0297573981463e-08,-67.60106319116527,12.171926,10.6266365
train-clean-100,lp,5468.75,-80.02601286068172,0.05706810283416581,4.806033795212755e-08,-67.58994687306816,12.125065,10.588289
train-clean-100,lp,5500.0,-80.00135289439301,0.0594592506890017,2.9911374176133786e-06,-67.74354687411781,12.00282,10.381601
train-clean-100,lp,5531.25,-79.97595875037517,0.06066438823394473,5.846293198041925e-06,-67.805296634682,11.888486,10.220825
train-clean-100,lp,5562.5,-79.99542830070274,0.056802814506245684,8.612941678425949e-06,-67.53912651134704,11.759354,10.1337385
train-clean-100,lp,5593.75,-79.98016486343688,0.054879561073086565,1.0065030502776761e-05,-67.37427081656014,11.662613,9.907478
train-clean-100,lp,5625.0,-79.98511400156784,0.05633916886192911,6.247990281760329e-06,-67.49321802055448,11.580152,9.842117
train-clean-100,lp,5656.25,-79.99598913042077,0.05405969007357326,6.576322371748453e-07,-67.32472430672254,11.42219,9.865194
train-clean-100,lp,5687.5,-79.99612870444494,0.04899757504083953,2.463287037669501e-06,-66.89787423246314,11.284747,9.900425
train-clean-100,lp,5718.75,-79.98425160059058,0.044761845038913804,1.0506028693771401e-05,-66.49333105561132,11.160278,9.839913
train-clean-100,lp,5750.0,-79.98619867093797,0.04141989913537792,2.8134539558512844e-06,-66.15828870158764,11.072825,9.773037
train-clean-100,lp,5781.25,-80.00255064041512,0.04176315336424178,7.336560810562945e-08,-66.21048313155457,10.952555,9.80731
train-clean-100,lp,5812.5,-79.97486119537797,0.04237842138164405,9.398007329505968e-07,-66.246308606058,10.835727,9.87061
train-clean-100,lp,5843.75,-79.99004224510644,0.04123245487917944,1.1203205734409133e-06,-66.1424338299792,10.79885,9.769335
train-clean-100,lp,5875.0,-80.00708607450096,0.043320725429938596,8.255892197406582e-08,-66.37404294058358,10.784716,9.680488
train-clean-100,lp,5906.25,-80.01056363123004,0.045608871125726855,3.3667608063160462e-06,-66.60105652276022,10.756075,9.636481
train-clean-100,lp,5937.5,-80.00957379030936,0.045540127084393006,4.706943700536847e-06,-66.59351583343486,10.736291,9.821852
train-clean-100,lp,5968.75,-79.9897681327389,0.04564010459433196,7.994376775868172e-06,-66.5832341039094,10.834006,10.037823
train-clean-100,lp,6000.0,-80.00271638881317,0.047983228430791246,1.513438200783079e-06,-66.81361069996105,10.870714,10.141003
train-clean-100,lp,6031.25,-80.00632514149711,0.05266815337470551,1.8818455466917741e-06,-67.22180571839726,10.796964,10.078905
train-clean-100,lp,6062.5,-80.01656140669616,0.052882167155243166,4.786386638391467e-06,-67.24965351349846,10.759883,9.97282
train-clean-100,lp,6093.75,-79.9936795988768,0.054509928875081146,2.45997387127802e-06,-67.35843541333873,10.81019,9.944102
train-clean-100,lp,6125.0,-79.99013310697532,0.05498751745248395,6.146751192108479e-07,-67.39277389611627,10.83754,9.924114
train-clean-100,lp,6156.25,-79.98491319152458,0.05393253885299118,5.519401951823674e-07,-67.30342150251715,10.780688,9.837189
train-clean-100,lp,6187.5,-79.97760955601136,0.052907691390555386,2.6639514780171475e-06,-67.2127973334041,10.735461,10.043674
train-clean-100,lp,6218.75,-79.98924287057159,0.05167600315530779,1.5656141736696515e-06,-67.12213169225518,10.69977,10.074976
train-clean-100,lp,6250.0,-79.98580304628875,0.05302600001271818,8.573827814314608e-07,-67.23069138304996,10.650633,10.185474
train-clean-100,lp,6281.25,-79.98055233789717,0.05536778585783885,1.6066130999245212e-06,-67.41312356423356,10.642839,10.381417
train-clean-100,lp,6312.5,-79.9762931420833,0.055320733780277825,2.4856778230493457e-07,-67.40517212301891,10.646828,10.489134
train-clean-100,lp,6343.75,-79.9788658599821,0.055540040032394496,7.766241100507963e-07,-67.42492740533712,10.5998955,10.348183
train-clean-100,lp,6375.0,-79.98943603201732,0.054808778271268406,9.182394612626371e-07,-67.37793690720905,10.575228,10.241249
train-clean-100,lp,6406.25,-80.00704466397934,0.052687361824393375,4.202995865383778e-07,-67.22410885494699,10.534985,10.501229
train-clean-100,lp,6437.5,-79.98661050850433,0.053443786364221486,1.0837750622801615e-06,-67.26558236219927,10.501346,10.260244
train-clean-100,lp,6468.75,-79.9836523959991,0.05637869004277991,1.2833830489974757e-06,-67.49480186521554,10.442363,10.065126
train-clean-100,lp,6500.0,-79.97727499208983,0.05588003371879127,4.426418624059803e-07,-67.44984124799015,10.425859,9.970343
train-clean-100,lp,6531.25,-79.98843636070742,0.052882171256032555,1.4348942692274518e-07,-67.22152880428679,10.380744,9.937928
train-clean-100,lp,6562.5,-79.99331905385307,0.05127153732466387,3.379804591852228e-08,-67.09208210985729,10.302012,9.882289
train-clean-100,lp,6593.75,-79.98699803188258,0.0511687420771669,7.036786091402336e-08,-67.07704509765347,10.208236,9.895153
train-clean-100,lp,6625.0,-79.98884311441577,0.05232224378244084,1.690305134844922e-07,-67.17570637491471,10.138099,9.872442
train-clean-100,lp,6656.25,-79.99062086132068,0.052424585441443836,5.345423184106681e-08,-67.18597057095533,10.019305,9.492397
train-clean-100,lp,6687.5,-79.98441361004187,0.05140108772083767,4.0840672708419187e-07,-67.0941363648013,9.935113,9.24156
train-clean-100,lp,6718.75,-79.98932810127927,0.05069890821452842,2.045301253009113e-07,-67.03931383251677,9.933108,9.058638
train-clean-100,lp,6750.0,-79.994762128313,0.0504683543226513,3.601057086955717e-08,-67.0249532236468,9.897236,9.086176
train-clean-100,lp,6781.25,-80.00961585111098,0.04981120189385276,5.42111512107641e-07,-66.98288572144365,9.843529,9.123125
train-clean-100,lp,6812.5,-79.99873234353723,0.049764406726807785,1.6788912077090514e-08,-66.96792031377306,9.823109,9.137815
train-clean-100,lp,6843.75,-79.97944397504783,0.049544226004635816,1.5993465614631282e-07,-66.92937411709373,9.825411,8.820709
train-clean-100,lp,6875.0,-79.98449979084043,0.04994748561372727,6.308739808994512e-07,-66.96963575641038,9.761089,8.826659
train-clean-100,lp,6906.25,-79.98969183207907,0.04965592531924251,6.883153531965051e-08,-66.94940228510644,9.704408,8.920162
train-clean-100,lp,6937.5,-79.99194844121318,0.0476483265467432,1.2497096800151246e-07,-66.77242462628462,9.652464,9.033085
train-clean-100,lp,6968.75,-79.98772539477906,0.04725691761941888,1.9021123794591647e-07,-66.73237896486623,9.732432,9.2028885
train-clean-100,lp,7000.0,-79.98993296953516,0.04632133571034239,1.2664231011888895e-06,-66.64774337147959,9.797576,9.10708
train-clean-100,lp,7031.25,-79.98358327721004,0.046816050621551884,5.742946149825155e-07,-66.6875306785159,9.695261,9.028791
train-clean-100,lp,7062.5,-79.97614981075499,0.04876913741164782,8.068056827814765e-07,-66.85760021380207,9.564827,9.127363
train-clean-100,lp,7093.75,-79.99662831794222,0.049284186474822175,3.143108939720231e-07,-66.92370390011644,9.515704,8.896715
train-clean-100,lp,7125.0,-80.01066269529893,0.04971910591557394,1.6226264147663436e-07,-66.97589545865037,9.517843,8.779539
train-clean-100,lp,7156.25,-80.01016900414456,0.04940135509897183,3.248830052735324e-07,-66.9475572846167,9.528181,8.598386
train-clean-100,lp,7187.5,-79.99604655070597,0.04901634158768731,2.1940254053111938e-07,-66.89945515027979,9.490731,8.53631
train-clean-100,lp,7218.75,-79.97131417703639,0.048263705141998764,1.4588834408876566e-07,-66.8075204286835,9.470483,8.628006
train-clean-100,lp,7250.0,-79.97897121548088,0.047420018430285746,3.4935007515012986e-07,-66.73858806071843,9.433594,8.627456
train-clean-100,lp,7281.25,-80.00934599942427,0.047343318615141135,9.211418489890791e-08,-66.76193263344453,9.4116955,8.516633
train-clean-100,lp,7312.5,-80.0160218819879,0.04905518388115979,3.5700200594732747e-07,-66.92287062272827,9.427158,8.499658
train-clean-100,lp,7343.75,-80.00367290287124,0.05187446280348826,5.767266538897652e-07,-67.15320868694508,9.462271,8.614626
train-clean-100,lp,7375.0,-79.99396776269576,0.05092389505985663,1.0242854916079914e-08,-67.06318356866507,9.466673,8.594519
train-clean-100,lp,7406.25,-79.99430560250106,0.04799600352799489,6.170416248621232e-08,-66.80635602922537,9.447729,8.389612
train-clean-100,lp,7437.5,-79.98969178620436,0.04992806455975955,3.517902009139664e-08,-66.97313875848967,9.437113,8.54604
train-clean-100,lp,7468.75,-79.98420221803794,0.05305710431435431,1.7931958258615425e-07,-67.23163731793109,9.444256,8.739616
train-clean-100,lp,7500.0,-79.98074604311438,0.05253056740899889,2.9260468847220993e-07,-67.18486662260811,9.480945,8.772026
train-clean-100,lp,7531.25,-79.98405969819133,0.0530068848866598,3.1931903464999717e-07,-67.22738218227092,9.528765,8.663926
train-clean-100,lp,7562.5,-80.00144289262671,0.054543208908311124,1.1158111852037266e-07,-67.36884940298455,9.512852,8.576424
train-clean-100,lp,7593.75,-80.00617057855258,0.05568234622426209,2.2791836789381974e-07,-67.46334550308849,9.520485,8.5038805
train-clean-100,lp,7625.0,-80.00053756898612,0.05421532303004775,5.4183207481893024e-08,-67.34175772752172,9.521718,8.241451
train-clean-100,lp,7656.25,-79.99043367193158,0.055419103583161045,2.8615899529858102e-08,-67.42702829970793,9.463239,8.147539
train-clean-100,lp,7687.5,-79.98887711464737,0.055764598540816564,1.1577827398301153e-07,-67.45246257538318,9.36991,8.033031
train-clean-100,lp,7718.75,-79.98550451989884,0.05458047296686688,1.7559842299833323e-07,-67.355877128056,9.301899,8.038694
train-clean-100,lp,7750.0,-79.9862931576031,0.056364045532319794,2.2566084931620458e-07,-67.49631438913995,9.23897,8.105902
train-clean-100,lp,7781.25,-79.98379370396422,0.05957176020021397,1.3852001247010987e-07,-67.7341976911598,9.2294445,8.063072
train-clean-100,lp,7812.5,-79.98028631743962,0.05832848647879219,8.639248868234965e-08,-67.63909305233865,9.192222,7.9528885
train-clean-100,lp,7843.75,-79.99135673099101,0.05703352666740011,5.160490426882752e-08,-67.55265866196777,9.084595,7.903298
train-clean-100,lp,7875.0,-80.00648586267495,0.056590999872658525,3.220442585559924e-07,-67.53395919649512,8.971739,7.868766
train-clean-100,lp,7906.25,-80.00798821172937,0.057589668512824314,4.05352975623201e-07,-67.61143365991592,8.868588,7.647995
train-clean-100,lp,7937.5,-79.99233020335109,0.05789242849723589,3.776046969892154e-07,-67.61854754349804,8.830492,7.6168404
train-clean-100,lp,7968.75,-79.98533123604774,0.057189188753997006,7.995025121339183e-06,-67.55847025684542,8.826323,7.561296
train-clean-100,lp,8000.0,-79.9921073202396,0.05704127452589803,6.6824336315366355e-06,-67.55399918907503,8.003974,6.88322
train-clean-100,opus_8k_nb,0.0,-0.7335933361095242,0.7532240982724235,1.6480861362202527e-05,-1.3459166962326072,7.5832186,6.7199154
train-clean-100,opus_8k_nb,31.25,0.48643556107366087,0.8723296217078021,3.379521011496944e-05,-0.7634519380846922,4.0640388,3.5150452
train-clean-100,opus_8k_nb,62.5,1.2974989628936573,0.9753730050710147,2.3401361263475277e-06,-0.4372896521975869,2.9174435,2.4228568
train-clean-100,opus_8k_nb,93.75,1.2562417494998908,0.9870952306902762,2.054874774757653e-06,-0.5304300844578012,2.6012378,2.4001734
train-clean-100,opus_8k_nb,125.0,1.2579963010600106,0.9894543211640776,3.312292179272221e-06,-0.539042492437047,2.5257618,2.5215673
train-clean-100,opus_8k_nb,156.25,1.2765717893945174,0.9887778877030252,7.794062536971041e-07,-0.5174969651997029,2.5209024,2.4417017
train-clean-100,opus_8k_nb,187.5,1.3188683286011849,0.9872646401078409,2.053008686296131e-06,-0.4685487957820227,2.5540073,2.5064795
train-clean-100,opus_8k_nb,218.75,1.3226261323465573,0.9843006689341441,2.1135778637430205e-06,-0.4517329686568412,2.6629052,2.7028122
train-clean-100,opus_8k_nb,250.0,1.293252842337781,0.9786253154783837,3.22100593406722e-06,-0.45599291688551596,2.8681476,2.9687257
train-clean-100,opus_8k_nb,281.25,1.2974282946604005,0.9722320677128072,5.082519179394762e-06,-0.42335241950328373,3.0995684,3.1297076
train-clean-100,opus_8k_nb,312.5,1.2606518534917126,0.9664384088666423,2.360469140757218e-06,-0.4341712615037957,3.1859622,3.290475
train-clean-100,opus_8k_nb,343.75,1.2034338827242026,0.9644836935935613,8.4048846962183e-07,-0.4825963105299218,3.1967852,3.2088542
train-clean-100,opus_8k_nb,375.0,1.198944040792479,0.9648479775165196,9.21706375356246e-07,-0.4887261659630655,3.245771,3.2349873
train-clean-100,opus_8k_nb,406.25,1.220388477581869,0.9623058706503217,1.6300299023149287e-06,-0.45582417350638477,3.3109336,3.360456
train-clean-100,opus_8k_nb,437.5,1.2352391132088472,0.9580714040190469,2.626393143997162e-06,-0.4218209630545394,3.3968396,3.4171104
train-clean-100,opus_8k_nb,468.75,1.217432029946348,0.9540056581438064,3.4008972246272076e-06,-0.42115877335144114,3.5047193,3.5999494
train-clean-100,opus_8k_nb,500.0,1.161916235579742,0.9504970276798622,1.172084947638466e-06,-0.4606726940029046,3.606311,3.6632254
train-clean-100,opus_8k_nb,531.25,1.1147298988905967,0.9460217357737173,1.954860312137251e-06,-0.48736254813922775,3.7439358,3.8005095
train-clean-100,opus_8k_nb,562.5,1.033867841340774,0.939111872789622,5.433588195176954e-08,-0.5363867689352027,3.8554618,3.98836
train-clean-100,opus_8k_nb,593.75,0.9511075950912711,0.9322041850191558,5.354723821128444e-06,-0.587084186514271,3.9078948,3.9113715
train-clean-100,opus_8k_nb,625.0,0.897103767309178,0.9270562324626362,1.1589407587543267e-06,-0.6170383106540974,3.9855568,4.005776
train-clean-100,opus_8k_nb,656.25,0.9352389702884885,0.9222405946934313,5.524480863655422e-06,-0.5562846766409184,4.0410447,4.062688
train-clean-100,opus_8k_nb,687.5,0.9769682120270025,0.9216212472122933,4.743973046782035e-06,-0.5116378713687201,4.1401052,4.1735334
train-clean-100,opus_8k_nb,718.75,0.8672265913078228,0.9173355643635591,7.242586295699029e-06,-0.6011370179819177,4.160272,4.262244
train-clean-100,opus_8k_nb,750.0,0.7369217299580221,0.9025667384768843,1.2009617981299671e-05,-0.6609528164515044,4.172978,4.2430663
train-clean-100,opus_8k_nb,781.25,0.6896502113216664,0.8928757156451715,1.4066587476251467e-06,-0.6613411993666487,4.166712,4.24422
train-clean-100,opus_8k_nb,812.5,0.6122331383241526,0.8840717182393485,3.7354859953340264e-06,-0.6957231357490159,4.184796,4.214832
train-clean-100,opus_8k_nb,843.75,0.501129044066154,0.8702667410061894,2.0904336324645276e-06,-0.7384761184226021,4.214334,4.2810373
train-clean-100,opus_8k_nb,875.0,0.43546356682413306,0.8653433238216869,1.8082365876669012e-06,-0.7795022058151526,4.2568254,4.4415007
train-clean-100,opus_8k_nb,906.25,0.3170381651914812,0.8662566785009652,4.225058604105258e-06,-0.9025090920110457,4.2786427,4.381443
train-clean-100,opus_8k_nb,937.5,0.27750867387158196,0.8632340949562806,7.929791989982808e-06,-0.9268584770109376,4.287652,4.454026
train-clean-100,opus_8k_nb,968.75,0.35694995027314796,0.8563344120236281,4.631876000425942e-06,-0.8125653142964118,4.3430133,4.480537
train-clean-100,opus_8k_nb,1000.0,0.3289232108020953,0.8437578506959477,8.640003751947622e-06,-0.7763363549196529,4.403682,4.5212274
train-clean-100,opus_8k_nb,1031.25,0.1748408391245444,0.8306252667368973,4.121255299420198e-06,-0.8622918368491895,4.403934,4.6098356
train-clean-100,opus_8k_nb,1062.5,0.20848005132711295,0.8267138840921344,1.08388888455339e-06,-0.808153560804775,4.444664,4.600356
train-clean-100,opus_8k_nb,1093.75,0.22333310480123988,0.827677442635831,1.4408667140320225e-05,-0.7983593854699969,4.443202,4.5737953
train-clean-100,opus_8k_nb,1125.0,-0.02286971011690096,0.8231026591086873,1.0366389328712703e-05,-1.0204910557711513,4.4592547,4.5463986
train-clean-100,opus_8k_nb,1156.25,-0.06888975725336706,0.8110782995394082,4.046315427518567e-06,-1.0025988754681612,4.443119,4.5804844
train-clean-100,opus_8k_nb,1187.5,0.10796771201375337,0.800603153326043,7.4738039904622485e-06,-0.7692865496804485,4.4213395,4.541341
train-clean-100,opus_8k_nb,1218.75,0.13574493453696257,0.8054593217071944,8.651751696846825e-06,-0.7677724843022666,4.4331636,4.550564
train-clean-100,opus_8k_nb,1250.0,0.1462537730151404,0.7965147704910773,2.640346949147155e-06,-0.7087658627069694,4.436775,4.563034
train-clean-100,opus_8k_nb,1281.25,0.04997212868696337,0.7820973168988447,5.911452307083011e-06,-0.7257171295653944,4.4626627,4.6078963
train-clean-100,opus_8k_nb,1312.5,-0.1776837318653687,0.7755665141450754,1.31739375502544e-05,-0.9169555274867442,4.5039167,4.626073
train-clean-100,opus_8k_nb,1343.75,-0.36289619221655584,0.7689236987534952,5.536231342609047e-06,-1.0648099543084564,4.5659857,4.6450443
train-clean-100,opus_8k_nb,1375.0,-0.3994013308540173,0.7567097496928945,4.183223225924934e-06,-1.0317759252592977,4.648548,4.7115574
train-clean-100,opus_8k_nb,1406.25,-0.2766418926891653,0.7506257452255847,5.675861456759651e-06,-0.8739577503268242,4.657271,4.747162
train-clean-100,opus_8k_nb,1437.5,-0.4496061379721662,0.7461385850494272,6.228057250129618e-06,-1.020882428757154,4.6552343,4.700199
train-clean-100,opus_8k_nb,1468.75,-0.637440172137468,0.7274499487874746,2.0898695998571957e-06,-1.098552647000611,4.670417,4.762436
train-clean-100,opus_8k_nb,1500.0,-0.4289686831600852,0.7149936264902769,1.3450299037393488e-06,-0.8150716864548625,4.730557,4.7965307
train-clean-100,opus_8k_nb,1531.25,-0.16199043548501896,0.7289073068978801,1.2781270256724892e-05,-0.6317947721052912,4.713545,4.802865
train-clean-100,opus_8k_nb,1562.5,-0.16872909669451808,0.7399696063213467,1.8669561529625336e-05,-0.7039492130367174,4.693907,4.820545
train-clean-100,opus_8k_nb,1593.75,-0.3257597120995906,0.7413465253000885,1.9942657957934537e-06,-0.8690535741325838,4.662572,4.74328
train-clean-100,opus_8k_nb,1625.0,-0.7425256171387791,0.7318612602834932,2.099434473294543e-05,-1.2298945075519099,4.674391,4.79515
train-clean-100,opus_8k_nb,1656.25,-1.0694152572051088,0.7062820689243687,1.5007818668715327e-05,-1.4022783609814915,4.735834,4.7632256
train-clean-100,opus_8k_nb,1687.5,-0.9225228905141359,0.6929573099609555,5.372190258820516e-06,-1.1726689936907662,4.7392535,4.8243203
train-clean-100,opus_8k_nb,1718.75,-0.570698513543064,0.6954788966312785,1.648417529328869e-05,-0.8366193764873044,4.703369,4.772896
train-clean-100,opus_8k_nb,1750.0,-0.541527923010983,0.6858098479111128,2.9599838858560037e-05,-0.7466463923848641,4.6669297,4.753976
train-clean-100,opus_8k_nb,1781.25,-0.6501237158500005,0.6760394072121921,6.47219500502029e-06,-0.7929251369855153,4.7255015,4.8465004
train-clean-100,opus_8k_nb,1812.5,-0.7123150349116313,0.6642356658234885,1.725344285279094e-05,-0.7786182446524031,4.751423,4.809636
train-clean-100,opus_8k_nb,1843.75,-0.7665819729318335,0.6609164371360118,1.6259076303370337e-06,-0.8111288014295591,4.7639837,4.876459
train-clean-100,opus_8k_nb,1875.0,-0.6196238895832097,0.6706497707958421,7.900412388209564e-08,-0.7276629930219957,4.828103,4.9005632
train-clean-100,opus_8k_nb,1906.25,-0.5035693402541835,0.6645506472874273,5.901638935740714e-07,-0.5719314922477903,4.811724,4.7730675
train-clean-100,opus_8k_nb,1937.5,-0.912091406600628,0.6361233776139841,4.220559207452874e-06,-0.7905862675310021,4.804906,4.757942
train-clean-100,opus_8k_nb,1968.75,-1.4641186462358304,0.622351580057926,2.2278844461035776e-05,-1.24755790965108,4.893251,4.857113
train-clean-100,opus_8k_nb,2000.0,-1.5747616613551343,0.6352126522689544,2.203831939872562e-05,-1.4470343583534757,4.9494443,4.8672886
train-clean-100,opus_8k_nb,2031.25,-1.5254398013536277,0.6303507301561094,7.367856363651721e-06,-1.3643437020962768,4.925871,4.9273505
train-clean-100,opus_8k_nb,2062.5,-1.484227013090801,0.5959129091286818,1.7843612835067563e-05,-1.0791362470693946,4.86964,4.9306173
train-clean-100,opus_8k_nb,2093.75,-1.5722224429799465,0.5690168017247638,1.8196827943880494e-05,-0.9665546442114309,4.8544693,4.941164
train-clean-100,opus_8k_nb,2125.0,-1.870387054044198,0.5503575490004368,1.0464400019654457e-05,-1.1199176312032324,4.8612676,4.953525
train-clean-100,opus_8k_nb,2156.25,-2.03346624857168,0.553791981863256,1.6461433511273236e-05,-1.3100141817939448,4.7957125,4.7777705
train-clean-100,opus_8k_nb,2187.5,-1.7178857314012785,0.5728094822636383,1.1266124907561069e-05,-1.141069016381827,4.869765,4.876636
train-clean-100,opus_8k_nb,2218.75,-1.4702607725508907,0.5711257601259033,1.7380009228767713e-06,-0.8806595617938057,4.869847,4.857725
train-clean-100,opus_8k_nb,2250.0,-1.7490137886160448,0.5636993177385524,2.707372845749589e-05,-1.1025701788954159,4.843232,4.897389
train-clean-100,opus_8k_nb,2281.25,-2.2417559426983478,0.538360434894286,3.1797382204072415e-05,-1.3955685939897797,4.863014,4.977603
train-clean-100,opus_8k_nb,2312.5,-1.9994426244336942,0.5094133760168095,3.1376150668846986e-05,-0.9132273663560454,4.88334,4.9206467
train-clean-100,opus_8k_nb,2343.75,-1.9612801760946772,0.5091697584739296,1.551359663633447e-05,-0.8729874880458787,4.8532305,4.9691815
train-clean-100,opus_8k_nb,2375.0,-2.415800663919848,0.5194976759963058,1.0347305629704177e-05,-1.4147180529387464,4.8415384,4.8174796
train-clean-100,opus_8k_nb,2406.25,-2.5179601979410453,0.5198638270253221,1.5256328907839935e-06,-1.5199374920566968,4.841692,4.880994
train-clean-100,opus_8k_nb,2437.5,-2.3729755497088103,0.5187797763175052,2.1138935685514915e-05,-1.3658872238187756,4.8278294,4.845602
train-clean-100,opus_8k_nb,2468.75,-2.402675333017163,0.5235837797735939,1.9876926053227978e-05,-1.4356184712330733,4.8302164,4.85069
train-clean-100,opus_8k_nb,2500.0,-2.469753472011351,0.5255332371171555,1.1313324925934052e-05,-1.5188366504292348,4.8494463,4.8476357
train-clean-100,opus_8k_nb,2531.25,-2.588992282264825,0.5250089808175079,2.2631488093359052e-05,-1.6337409059536692,4.844629,4.7923145
train-clean-100,opus_8k_nb,2562.5,-2.9137254983642613,0.5063087615131362,5.357608756492266e-05,-1.8009612246357063,4.890233,4.8886557
train-clean-100,opus_8k_nb,2593.75,-3.072309573235677,0.4857316758112821,2.0309428212873514e-05,-1.7793551302623112,4.858722,4.8212285
train-clean-100,opus_8k_nb,2625.0,-3.2432737094556523,0.48376921832693215,4.763754083983966e-05,-1.9327373204393807,4.890868,4.8247023
train-clean-100,opus_8k_nb,2656.25,-3.5882771643971925,0.464141773554088,7.96007399119744e-05,-2.097865037110595,4.8644137,4.727587
train-clean-100,opus_8k_nb,2687.5,-3.8237917915991595,0.4195802542112331,3.9573771704389486e-05,-1.8950235075652087,4.844504,4.7724085
train-clean-100,opus_8k_nb,2718.75,-3.981701027081592,0.3882488776359786,0.00020814582452407577,-1.7158844148273076,4.8273325,4.7435856
train-clean-100,opus_8k_nb,2750.0,-4.110977403583998,0.37528838522870106,0.00015221614728442296,-1.697709938795292,4.817107,4.806122
train-clean-100,opus_8k_nb,2781.25,-4.1747361477237686,0.3713727039398378,6.759414955949442e-05,-1.7159172435663463,4.89137,4.816619
train-clean-100,opus_8k_nb,2812.5,-4.284896836843425,0.3603340755344613,9.932104178609187e-05,-1.6950314730710079,4.9128103,4.882247
train-clean-100,opus_8k_nb,2843.75,-4.5079694429203805,0.3429385827748859,8.911137737126928e-05,-1.7032142289768768,4.878223,4.802742
train-clean-100,opus_8k_nb,2875.0,-5.044427422501513,0.32400599900087584,3.981505908385119e-05,-1.9930392337998135,4.9185038,4.9080906
train-clean-100,opus_8k_nb,2906.25,-5.350782573600753,0.3148945589303314,0.0001883227208748518,-2.1755154372451173,4.9063416,4.9388103
train-clean-100,opus_8k_nb,2937.5,-5.1139256735447,0.3288752527331927,0.0001364248613111787,-2.1273189204033867,4.8631635,4.8733563
train-clean-100,opus_8k_nb,2968.75,-5.1304565565941225,0.3306538837358544,4.564120521792582e-05,-2.1672741363511143,4.9069166,5.0307393
train-clean-100,opus_8k_nb,3000.0,-5.492708563501511,0.31720142272920504,8.569037265336657e-06,-2.349141127679921,4.966841,4.985839
train-clean-100,opus_8k_nb,3031.25,-5.562248256776025,0.32144810418837794,1.3181989965732645e-05,-2.4764382428095075,4.9297724,4.8976946
train-clean-100,opus_8k_nb,3062.5,-5.488611147328138,0.33794458503827346,0.0002789592177021905,-2.6201473661688195,4.969302,5.082199
train-clean-100,opus_8k_nb,3093.75,-5.5961570366547,0.3447463060801646,0.0008845430874642882,-2.8142345496581136,4.949535,4.9615803
train-clean-100,opus_8k_nb,3125.0,-5.54264827308956,0.3397866856008556,0.0004279822376254498,-2.6977931437427354,4.91621,4.9819164
train-clean-100,opus_8k_nb,3156.25,-5.3726147113561815,0.32114645230810623,9.500439836021684e-05,-2.2827272972512374,4.920268,4.973283
train-clean-100,opus_8k_nb,3187.5,-5.586374966085889,0.2972501497035393,0.0007585445004803359,-2.1606770846878955,4.933353,4.9559193
train-clean-100,opus_8k_nb,3218.75,-5.805538842272733,0.29778307259213865,0.0020869787102298087,-2.3876202082515166,4.9465685,4.871767
train-clean-100,opus_8k_nb,3250.0,-6.148864597855623,0.28835876312281605,0.0023755567869445794,-2.5912774363822297,4.91241,4.830763
train-clean-100,opus_8k_nb,3281.25,-6.409383278792435,0.28246920882998033,0.0005293202744835422,-2.7621757124739044,4.9526815,4.8988543
train-clean-100,opus_8k_nb,3312.5,-6.545299431330182,0.2787397141370971,1.79280026900293e-05,-2.840369232925193,4.9743586,4.931266
train-clean-100,opus_8k_nb,3343.75,-6.933279064140225,0.2571938238297786,7.458424674471714e-07,-2.8789657162914133,4.956744,4.826964
train-clean-100,opus_8k_nb,3375.0,-6.945440696541336,0.2576884568567346,2.445433789459285e-06,-2.8994716428473626,4.9777436,4.975668
train-clean-100,opus_8k_nb,3406.25,-6.787991186371168,0.26630182537417274,0.0001280825451750857,-2.884813918178354,4.9695616,4.9775944
train-clean-100,opus_8k_nb,3437.5,-7.3822085120666,0.24130626084740256,9.807552105287668e-05,-3.05097571160055,4.999312,5.017971
train-clean-100,opus_8k_nb,3468.75,-7.7286996657033615,0.225575432504571,0.0002342918320124033,-3.104698951470686,5.033185,4.8969173
train-clean-100,opus_8k_nb,3500.0,-7.6049881612082775,0.23811313103824014,3.96333971033078e-05,-3.2159029173005345,5.0504484,5.0713816
train-clean-100,opus_8k_nb,3531.25,-7.456423290921736,0.2525908113218402,0.0001977165073091806,-3.323680068016694,5.1259966,5.080782
train-clean-100,opus_8k_nb,3562.5,-8.17848695576224,0.21881662499844137,0.00043284085696689034,-3.422371406654462,5.1441545,5.184314
train-clean-100,opus_8k_nb,3593.75,-8.575929911861698,0.20800218950317761,5.1016025577037986e-05,-3.599690275538085,5.2189054,5.225972
train-clean-100,opus_8k_nb,3625.0,-8.480385124925498,0.21566560264080728,4.150008307682259e-05,-3.6612752562178037,5.330015,5.331973
train-clean-100,opus_8k_nb,3656.25,-9.238305614172303,0.1990694063920027,2.7732760070783037e-05,-4.071432126871761,5.461764,5.511366
train-clean-100,opus_8k_nb,3687.5,-10.444386210543712,0.17183167656709394,0.00037954505079122676,-4.638499784414513,5.508307,5.684445
train-clean-100,opus_8k_nb,3718.75,-10.905087148610948,0.1679952157534316,0.00010626107783171005,-5.00113758567558,5.5464063,5.643007
train-clean-100,opus_8k_nb,3750.0,-11.254708849741593,0.17161993428468997,0.0010353553770656623,-5.443467461598599,5.689961,5.8109074
train-clean-100,opus_8k_nb,3781.25,-11.590144807341582,0.17267356236856743,0.0006048937590025071,-5.805484594603884,5.7744675,5.8387995
train-clean-100,opus_8k_nb,3812.5,-12.108413336459416,0.16591403593206938,0.00034218307483362977,-6.150325913492074,5.804694,5.8398848
train-clean-100,opus_8k_nb,3843.75,-12.748221134226487,0.15903125073896185,0.00133425008974302,-6.606127178405451,5.9635777,5.8335342
train-clean-100,opus_8k_nb,3875.0,-13.277271876900397,0.15897263441860113,0.0031642536856426465,-7.133576887509734,6.071468,5.9813714
train-clean-100,opus_8k_nb,3906.25,-14.535700740647687,0.12613499519939964,0.018364024352606936,-7.387137989179822,6.238834,6.0572653
train-clean-100,opus_8k_nb,3937.5,-15.6082720964002,0.09485026177138142,0.04186729681445917,-7.221738732953778,6.3566113,6.1228867
train-clean-100,opus_8k_nb,3968.75,-16.166664287671274,0.08254792452954711,0.055167412801108706,-7.176807170519711,6.63803,6.375081
train-clean-100,opus_8k_nb,4000.0,-17.035468327189292,0.06842304206671648,0.0672265475161444,-7.230573414384248,7.9055047,7.926132
train-clean-100,opus_8k_nb,4031.25,-18.117070254573637,0.05601228172395561,0.08110939321281721,-7.442984198122593,7.080302,7.130434
train-clean-100,opus_8k_nb,4062.5,-20.047451597524898,0.042967072857771973,0.09341839911661153,-8.221890578740396,7.131129,7.2127113
train-clean-100,opus_8k_nb,4093.75,-23.925439310230892,0.019892941084373592,0.12242217496816864,-8.755510572815131,7.3159614,7.3721967
train-clean-100,opus_8k_nb,4125.0,-31.369718775041857,0.00367569577835619,0.15784848925104475,-8.866195668524018,7.547507,7.5824666
train-clean-100,opus_8k_nb,4156.25,-36.21676887924328,0.0012502211568933017,0.15830693904621415,-9.029718617571165,7.7320924,7.9470763
train-clean-100,opus_8k_nb,4187.5,-41.23980663186568,0.0004298502582290725,0.16385060005481641,-9.4160598500632,7.9102883,8.0110855
train-clean-100,opus_8k_nb,4218.75,-41.15753558423202,0.0005520474780783354,0.1717308440481371,-10.420381185002235,8.186312,8.246262
train-clean-100,opus_8k_nb,4250.0,-39.32875906451266,0.0010883895765916572,0.17108139753887408,-11.539684102265005,8.424074,8.490707
train-clean-100,opus_8k_nb,4281.25,-47.949581621100336,0.0001608663094344196,0.16823894483860058,-11.857313903825759,8.558561,8.639704
train-clean-100,opus_8k_nb,4312.5,-44.35810937217775,0.0003903843236794089,0.1700826997061234,-12.116114368267999,8.768965,8.685599
train-clean-100,opus_8k_nb,4343.75,-53.44966224448281,4.995496720846306e-05,0.1971581348384705,-12.278530325218753,8.97975,9.063782
train-clean-100,opus_8k_nb,4375.0,-54.17022230551024,4.445010263889354e-05,0.21388093700554586,-12.492031285261051,9.101274,9.105602
train-clean-100,opus_8k_nb,4406.25,-54.92509294033833,4.6813338087641434e-05,0.20629326822579347,-13.471870340604235,9.282739,9.343018
train-clean-100,opus_8k_nb,4437.5,-45.858023853582644,0.00041840162289506506,0.21457444142631987,-13.917038756074877,9.408346,9.112302
train-clean-100,opus_8k_nb,4468.75,-48.55083103588154,0.00023467073645245758,0.2491593451216447,-14.098501696902737,9.553949,9.446631
train-clean-100,opus_8k_nb,4500.0,-57.97973446153783,3.305314484931572e-05,0.23794850906288864,-15.014943628394239,9.773199,9.518171
train-clean-100,opus_8k_nb,4531.25,-51.044255032786985,0.00021624537474361873,0.22414855691791535,-16.236804602687233,9.960268,9.537132
train-clean-100,opus_8k_nb,4562.5,-56.01130347275708,9.753361188569165e-05,0.2379254736543143,-17.745927845224486,10.206091,9.79512
train-clean-100,opus_8k_nb,4593.75,-56.97716687908845,0.00013136292655288319,0.2631845486702878,-20.004976330149503,10.472843,9.89603
train-clean-100,opus_8k_nb,4625.0,-73.93260240326158,4.022834335438296e-06,0.2573458457945591,-21.821005184072494,10.643409,10.04375
train-clean-100,opus_8k_nb,4656.25,-92.27185512357312,6.875331595357845e-08,0.2540312725622961,-22.487872911150234,10.806022,10.144966
train-clean-100,opus_8k_nb,4687.5,-69.46474634416028,1.524946970817387e-05,0.27274554613263896,-23.14037505858891,10.99138,9.962208
train-clean-100,opus_8k_nb,4718.75,-56.39627580380002,0.0004125617984318775,0.28104039513656653,-24.394247217978787,11.180976,9.995537
train-clean-100,opus_8k_nb,4750.0,-50.14842687626952,0.0023107557547377023,0.28528420364500856,-25.62904860756346,11.414728,10.450897
train-clean-100,opus_8k_nb,4781.25,-51.203749905139595,0.0022062746509690628,0.2936392155528305,-26.483426955433572,11.56555,10.8898115
train-clean-100,opus_8k_nb,4812.5,-56.44218866081055,0.0008364788166447457,0.2927369775733632,-27.50981943101894,11.684439,11.114809
train-clean-100,opus_8k_nb,4843.75,-66.84651193650559,0.00011304642409647587,0.3108598184974998,-29.222161527195176,11.927196,11.450449
train-clean-100,opus_8k_nb,4875.0,-63.40514342819894,0.0003793277686650227,0.3302494815290477,-31.03837109032667,12.08375,11.32004
train-clean-100,opus_8k_nb,4906.25,-61.10745661319438,0.0008840907730862025,0.33724240608438494,-32.4155064919547,12.136811,11.295751
train-clean-100,opus_8k_nb,4937.5,-66.64519643244061,0.0003277730524034133,0.3336757972620461,-33.644010186228726,12.267171,11.389166
train-clean-100,opus_8k_nb,4968.75,-81.25264318119034,1.6062282417727462e-05,0.31680418648301817,-35.1537970565753,12.480645,11.572985
train-clean-100,opus_8k_nb,5000.0,-85.02063529466642,9.748094844145494e-06,0.3099402039998222,-36.75291405317068,12.602034,11.798729
train-clean-100,opus_8k_nb,5031.25,-83.2094762292938,2.1668010272138453e-05,0.31964327718030383,-38.410747855767696,12.547036,11.620557
train-clean-100,opus_8k_nb,5062.5,-76.8645988704011,0.00014706525307402144,0.3180607261747772,-40.38278091512367,12.411171,11.610298
train-clean-100,opus_8k_nb,5093.75,-77.69267102915863,0.00019156964317131877,0.30386421864634644,-42.35901923059653,12.375871,11.575874
train-clean-100,opus_8k_nb,5125.0,-85.34244781040744,4.6971713769897416e-05,0.31195673376206173,-43.90389316657712,12.31141,11.464175
train-clean-100,opus_8k_nb,5156.25,-84.15073877900987,8.868484562733916e-05,0.32335694694050987,-45.47231422137181,12.250164,11.579172
train-clean-100,opus_8k_nb,5187.5,-85.6133369667067,0.00010089035596017157,0.3336844086124303,-47.49491480826866,12.2007475,11.549739
train-clean-100,opus_8k_nb,5218.75,-91.64118231378217,4.363804270654193e-05,0.34549403703711973,-49.88291624203997,12.210927,11.548258
train-clean-100,opus_8k_nb,5250.0,-89.2948411700956,0.00013378540539334368,0.3407517665822156,-52.40200985827108,12.27673,11.632893
train-clean-100,opus_8k_nb,5281.25,-90.24009757810785,0.00020858491952321367,0.33620445184238507,-55.27600793835023,12.220007,11.211838
train-clean-100,opus_8k_nb,5312.5,-98.9124449609358,6.036358909232554e-05,0.33346747535708454,-58.5632768004979,12.1933,11.087807
train-clean-100,opus_8k_nb,5343.75,-102.74771940497098,5.5349847363281296e-05,0.33573648653914695,-62.021964979182975,12.269842,10.958145
train-clean-100,opus_8k_nb,5375.0,-106.54689796753217,5.2141141039725927e-05,0.299888459419693,-65.56178457494822,12.18747,10.781347
train-clean-100,opus_8k_nb,5406.25,-128.11272486618032,8.291220228608083e-07,0.16174775999519267,-69.14199067346934,12.172014,10.818459
train-clean-100,opus_8k_nb,5437.5,-126.3747540947995,2.1346749730309847e-06,0.02702307340742994,-71.51115297767147,12.176017,10.642719
train-clean-100,opus_8k_nb,5468.75,-133.75692106152906,4.742856212435526e-07,0.0016962698789515695,-72.36040194492217,12.129332,10.591692
train-clean-100,opus_8k_nb,5500.0,-131.7587654243354,8.201377358753368e-07,0.02223137959550981,-72.74071467233698,12.006682,10.385938
train-clean-100,opus_8k_nb,5531.25,-129.76215108874123,1.3724656673474009e-06,0.028762626455758764,-72.98024727968016,11.891642,10.233126
train-clean-100,opus_8k_nb,5562.5,-124.25782741730701,4.811896767666896e-06,0.01566335360760319,-72.92407173180679,11.761869,10.14589
train-clean-100,opus_8k_nb,5593.75,-133.78628933050524,5.328330555856216e-07,0.0021449472294736423,-72.89528222402211,11.666084,9.906499
train-clean-100,opus_8k_nb,5625.0,-144.23168964501014,4.8967741163286153e-08,0.0014526333168307078,-72.97387165224083,11.583792,9.857044
train-clean-100,opus_8k_nb,5656.25,-130.2291148686429,1.115216488214165e-06,0.01400820156101561,-72.54578798454223,11.42639,9.875359
train-clean-100,opus_8k_nb,5687.5,-128.7172626313826,1.3191204624423768e-06,0.027987859892915155,-71.76318850233292,11.288507,9.908456
train-clean-100,opus_8k_nb,5718.75,-122.65955181798098,4.466686474739647e-06,0.03536052093398933,-71.00248781226541,11.163752,9.859619
train-clean-100,opus_8k_nb,5750.0,-133.40965455631462,3.200193840419449e-07,0.03878920768550447,-70.30449870446274,11.075563,9.776165
train-clean-100,opus_8k_nb,5781.25,-142.66900035001254,3.5812307201494664e-08,0.032405698942431116,-70.05240466105394,10.955862,9.81031
train-clean-100,opus_8k_nb,5812.5,-123.43746987950736,2.8380875559649288e-06,0.0217194566109452,-69.81080907257615,10.838816,9.885544
train-clean-100,opus_8k_nb,5843.75,-123.74174559707683,2.4290921958955628e-06,0.009167438391286437,-69.43926688265782,10.8014965,9.781006
train-clean-100,opus_8k_nb,5875.0,-126.8120115645177,1.186757329193773e-06,0.001964079278811633,-69.39871208819342,10.787476,9.691193
train-clean-100,opus_8k_nb,5906.25,-126.2932724035363,1.3189077641426598e-06,5.484751879241716e-05,-69.33849795068306,10.759712,9.646378
train-clean-100,opus_8k_nb,5937.5,-128.22047355098127,7.885690780480842e-07,0.0035761554818976773,-69.03195228140382,10.740625,9.8329315
train-clean-100,opus_8k_nb,5968.75,-128.6413235541316,6.668894211121827e-07,0.011513166462315068,-68.7249431350595,10.837358,10.049701
train-clean-100,opus_8k_nb,6000.0,-130.7066049932918,4.1224099046966106e-07,0.02013249411567129,-68.70119802086367,10.8739605,10.156397
train-clean-100,opus_8k_nb,6031.25,-136.54198108974754,1.1295329700687796e-07,0.02702184297518147,-68.91405150934614,10.800715,10.090935
train-clean-100,opus_8k_nb,6062.5,-133.96516017021244,1.9802031192336384e-07,0.03412330179985293,-68.77533887148428,10.76433,9.989021
train-clean-100,opus_8k_nb,6093.75,-126.7100213862838,1.0537363261854625e-06,0.04062418674562726,-68.78042220519791,10.814569,9.943064
train-clean-100,opus_8k_nb,6125.0,-125.28773521356818,1.4672999697646576e-06,0.038412787440477554,-68.79600559795139,10.841799,9.932956
train-clean-100,opus_8k_nb,6156.25,-124.57944557497439,1.7157800841604426e-06,0.02925962907744767,-68.76714309809938,10.784084,9.845184
train-clean-100,opus_8k_nb,6187.5,-123.89539942076408,2.015739918981178e-06,0.019652817375519493,-68.78282568427633,10.739821,10.056824
train-clean-100,opus_8k_nb,6218.75,-128.79993588552455,6.594327175182896e-07,0.011099002820885943,-68.83472209105933,10.702745,10.079062
train-clean-100,opus_8k_nb,6250.0,-131.9307217374093,3.432776859441564e-07,0.003630864160350591,-69.13025877516284,10.653698,10.188641
train-clean-100,opus_8k_nb,6281.25,-133.21788081437654,2.7934338810747934e-07,4.272035587170534e-06,-69.52234607608864,10.646402,10.383987
train-clean-100,opus_8k_nb,6312.5,-134.83148668924161,2.0104299459727667e-07,0.0036528254962045555,-69.70745743353321,10.65061,10.492318
train-clean-100,opus_8k_nb,6343.75,-132.10602447462344,3.9408751245847366e-07,0.016457733955436833,-69.9050325080347,10.603223,10.350803
train-clean-100,opus_8k_nb,6375.0,-128.2103863676765,9.911047061153903e-07,0.037306154929374065,-70.01466304940007,10.5792055,10.244625
train-clean-100,opus_8k_nb,6406.25,-138.14903180607953,1.0088845450675844e-07,0.059887431846698695,-70.03052779655684,10.539305,10.514109
train-clean-100,opus_8k_nb,6437.5,-125.75390498678834,1.8667277933331787e-06,0.07684238518990526,-70.30779622172214,10.504027,10.272678
train-clean-100,opus_8k_nb,6468.75,-127.4110226199454,1.4276097071310024e-06,0.09097034072380032,-70.80019884150083,10.445871,10.065126
train-clean-100,opus_8k_nb,6500.0,-137.61836266937595,1.4505567090820754e-07,0.09322514090025368,-71.07679108867958,10.430031,9.97107
train-clean-100,opus_8k_nb,6531.25,-138.4365746416069,1.2429125756297726e-07,0.08695410945215969,-71.22406176183149,10.384182,9.941092
train-clean-100,opus_8k_nb,6562.5,-130.34571111217522,8.513808584646832e-07,0.07437605094318983,-71.49003122802934,10.305173,9.885458
train-clean-100,opus_8k_nb,6593.75,-133.85850036018095,4.129726233896381e-07,0.053074143740690784,-71.86079428405031,10.211928,9.898333
train-clean-100,opus_8k_nb,6625.0,-138.91833332884727,1.421396726876787e-07,0.03008079539140299,-72.28856773766583,10.141642,9.876055
train-clean-100,opus_8k_nb,6656.25,-141.4830912958678,8.28823226824136e-08,0.012728227337658148,-72.51079172611715,10.022499,9.496169
train-clean-100,opus_8k_nb,6687.5,-141.98539494719702,7.351332858181093e-08,0.001444327106990897,-72.49213712014283,9.93778,9.247904
train-clean-100,opus_8k_nb,6718.75,-137.54800059942562,1.9836355319851743e-07,0.0017407026136673097,-72.36570068802605,9.936299,9.061636
train-clean-100,opus_8k_nb,6750.0,-140.62546516818702,9.27839065873188e-08,0.013771939904397373,-72.14327300831965,9.899874,9.089161
train-clean-100,opus_8k_nb,6781.25,-135.9424481329894,2.518130546377843e-07,0.031961475347186526,-71.79631184446222,9.846078,9.125713
train-clean-100,opus_8k_nb,6812.5,-151.9946887761324,5.752721687772799e-09,0.04981163673140286,-71.43650371162228,9.826683,9.139645
train-clean-100,opus_8k_nb,6843.75,-135.93182240750608,2.1223818161600965e-07,0.06593549974780127,-71.04313886701058,9.82912,8.823462
train-clean-100,opus_8k_nb,6875.0,-124.10047884336097,3.0116546340653963e-06,0.08027385539181152,-70.73161181206774,9.76445,8.827102
train-clean-100,opus_8k_nb,6906.25,-125.16368639608879,2.17935167425173e-06,0.08970221730344617,-70.39004085917108,9.70723,8.920162
train-clean-100,opus_8k_nb,6937.5,-135.75940748017172,1.7359979686239365e-07,0.08145998531690754,-69.99798090515239,9.655398,9.033085
train-clean-100,opus_8k_nb,6968.75,-130.54478971904538,5.529329647446521e-07,0.06421970721189349,-69.81459584219945,9.736078,9.205713
train-clean-100,opus_8k_nb,7000.0,-125.11118669744462,1.838115330644973e-06,0.052199944638246516,-69.5979955685396,9.800887,9.114753
train-clean-100,opus_8k_nb,7031.25,-127.19361488764252,1.126754941400377e-06,0.04269811930794163,-69.55499089962782,9.698537,9.028791
train-clean-100,opus_8k_nb,7062.5,-128.4071276089529,8.809198959709072e-07,0.02918097786615769,-69.69957309574406,9.567822,9.127363
train-clean-100,opus_8k_nb,7093.75,-131.22590152983423,4.6756967044829506e-07,0.015397913144140562,-69.76744615122665,9.518894,8.899479
train-clean-100,opus_8k_nb,7125.0,-149.20199712668787,7.585349155217618e-09,0.004313532366826232,-69.84483418764513,9.520718,8.782375
train-clean-100,opus_8k_nb,7156.25,-137.42408002673014,1.1419003254767926e-07,2.571188063049228e-07,-69.84344329262412,9.53097,8.601179
train-clean-100,opus_8k_nb,7187.5,-134.57423077648355,2.189328028049699e-07,0.004354527491563912,-69.82042044484837,9.4941845,8.539095
train-clean-100,opus_8k_nb,7218.75,-137.1635313767245,1.1860797931651456e-07,0.017033191983570752,-69.74775174562053,9.473886,8.630803
train-clean-100,opus_8k_nb,7250.0,-130.9634245093189,4.867325906922512e-07,0.04088729859693536,-69.67941007531311,9.436416,8.630291
train-clean-100,opus_8k_nb,7281.25,-129.19646471635122,7.286290231464249e-07,0.08059790043697793,-69.664610677854,9.414763,8.522015
train-clean-100,opus_8k_nb,7312.5,-128.61327507440598,8.654746774318387e-07,0.11785358485382522,-69.82890002840502,9.43073,8.505026
train-clean-100,opus_8k_nb,7343.75,-128.48791040838324,9.536769625292848e-07,0.147550401878557,-70.12500462423533,9.46617,8.620066
train-clean-100,opus_8k_nb,7375.0,-145.46905503599444,1.8953230193173766e-08,0.1790913804835975,-70.08896870732615,9.470325,8.599947
train-clean-100,opus_8k_nb,7406.25,-127.55822845659245,1.1155319811388923e-06,0.2117599333744734,-69.87613001074094,9.450757,8.394914
train-clean-100,opus_8k_nb,7437.5,-142.53158585561397,3.7816816579209356e-08,0.23564729025789308,-70.15151682532658,9.440128,8.548796
train-clean-100,opus_8k_nb,7468.75,-130.30495153913375,7.153714783027279e-07,0.22967252585103978,-70.69334904696295,9.447596,8.741976
train-clean-100,opus_8k_nb,7500.0,-131.23206149623638,6.301125229870552e-07,0.19772473362482704,-71.06932390429698,9.48412,8.778042
train-clean-100,opus_8k_nb,7531.25,-143.1907983861093,4.540558761132257e-08,0.14715550653464768,-71.60497268879405,9.531885,8.669873
train-clean-100,opus_8k_nb,7562.5,-136.361413710575,2.507752512322086e-07,0.0926957527980958,-72.19734175073695,9.5157995,8.582313
train-clean-100,opus_8k_nb,7593.75,-139.98656109737684,1.2000875168983128e-07,0.04952388650099366,-72.62177157898552,9.523336,8.509724
train-clean-100,opus_8k_nb,7625.0,-140.75698012695395,1.0240294778770292e-07,0.018021365845544295,-72.70318601032355,9.525064,8.246772
train-clean-100,opus_8k_nb,7656.25,-147.5369753490947,2.238249397677037e-08,0.0013855299886384876,-72.87914141050335,9.46689,8.152645
train-clean-100,opus_8k_nb,7687.5,-143.85435807955307,5.2075338234277994e-08,0.0026096097702864966,-72.8637603721474,9.37353,8.038284
train-clean-100,opus_8k_nb,7718.75,-140.17907399942106,1.1482762221081786e-07,0.015901116798505678,-72.62261901567965,9.30512,8.043775
train-clean-100,opus_8k_nb,7750.0,-141.2807871368315,8.762437216721051e-08,0.03895336149639342,-72.55011762774913,9.242227,8.111025
train-clean-100,opus_8k_nb,7781.25,-137.84868062185592,1.9180460052759334e-07,0.07186059146269858,-72.52035211758215,9.232706,8.068165
train-clean-100,opus_8k_nb,7812.5,-136.7416040964944,2.2817482041221398e-07,0.09755656861393483,-72.16736256881462,9.195531,7.958087
train-clean-100,opus_8k_nb,7843.75,-139.91717755346156,1.0312266084647499e-07,0.10900975322899178,-71.89379995667095,9.088005,7.9084
train-clean-100,opus_8k_nb,7875.0,-136.83196683591135,2.056821268502948e-07,0.10048813272240989,-71.80701367905627,8.974914,7.873699
train-clean-100,opus_8k_nb,7906.25,-142.8315848623009,5.374556364145846e-08,0.06207905135083113,-71.97809237863298,8.87147,7.652789
train-clean-100,opus_8k_nb,7937.5,-139.77037163263708,1.1058829730861687e-07,0.0320456802653757,-72.05054464534601,8.833555,7.6218204
train-clean-100,opus_8k_nb,7968.75,-130.8351928361306,8.473945714199308e-07,0.025625579708894727,-71.95913090955634,8.829422,7.566278
train-clean-100,opus_8k_nb,8000.0,-133.793247920456,4.2672717892598737e-07,0.022685438158108334,-71.93783226531757,8.006517,6.885504
train-clean-100,opus_12k_nb,0.0,-1.5475961261155557,0.7646636071186829,2.35648927623616e-05,-1.257330928330983,6.2829566,5.34739
train-clean-100,opus_12k_nb,31.25,-0.34678601440435164,0.8867038050853863,3.135710373632449e-05,-0.6996023264193514,2.9952097,2.3394644
train-clean-100,opus_12k_nb,62.5,0.5937573921868488,0.9904511890456122,9.630814192582847e-07,-0.2396039754268063,1.8259777,1.423018
train-clean-100,opus_12k_nb,93.75,0.6711740413088456,0.9968738117947028,1.865852090144796e-06,-0.1902584201533276,1.5226141,1.3224252
train-clean-100,opus_12k_nb,125.0,0.6830622199825377,0.9976638029719239,2.8493185738929776e-06,-0.181810525828453,1.5048244,1.4221058
train-clean-100,opus_12k_nb,156.25,0.6797172039144459,0.9975701641594383,6.141442382169695e-07,-0.18474790228881457,1.5007575,1.4556394
train-clean-100,opus_12k_nb,187.5,0.690987516205256,0.9972079273009565,1.7631171507889153e-06,-0.1719002970531585,1.5440956,1.5407529
train-clean-100,opus_12k_nb,218.75,0.6898856929593511,0.9965673448900718,2.2490691195229976e-06,-0.17021142046739607,1.5845625,1.6228921
train-clean-100,opus_12k_nb,250.0,0.6679484877217833,0.9951382825223367,2.8434971196454855e-06,-0.18591643959708581,1.7508843,1.816186
train-clean-100,opus_12k_nb,281.25,0.6577061802586398,0.993425201508287,3.4478637958610176e-06,-0.18867614143589767,1.9119428,1.9537172
train-clean-100,opus_12k_nb,312.5,0.6472474646212232,0.9922975793364752,1.6506389603466698e-06,-0.19420244511476875,1.964269,1.9514941
train-clean-100,opus_12k_nb,343.75,0.6278182368000931,0.9921660806711315,4.902243352526175e-07,-0.21305611042023498,1.9599688,1.9410017
train-clean-100,opus_12k_nb,375.0,0.6241440764461081,0.9921479934745536,2.5803247624888615e-07,-0.21665109812943045,2.0002105,1.9805055
train-clean-100,opus_12k_nb,406.25,0.6261571879274129,0.9911007910152624,1.2852851346632552e-06,-0.21005163020782996,2.05471,2.0265293
train-clean-100,opus_12k_nb,437.5,0.6239462226303525,0.9894283880716663,2.309274832291849e-06,-0.20492803512350607,2.1324177,2.1434398
train-clean-100,opus_12k_nb,468.75,0.6286528820746398,0.9884566749864997,3.9615900719454366e-06,-0.1959540936948806,2.2141747,2.2364588
train-clean-100,opus_12k_nb,500.0,0.6066432067556383,0.9880849725362063,1.2005431991410575e-06,-0.2163303268329152,2.3075109,2.3294473
train-clean-100,opus_12k_nb,531.25,0.5731199454988603,0.9870298593502674,2.220153523700642e-06,-0.2452135553115693,2.3906264,2.4758554
train-clean-100,opus_12k_nb,562.5,0.5491931026636551,0.9850989762910193,2.260113557448394e-07,-0.260636165455369,2.4809172,2.5815008
train-clean-100,opus_12k_nb,593.75,0.5282664745088076,0.9829545287808082,4.805119680543281e-06,-0.27209839554787546,2.5485027,2.6298952
train-clean-100,opus_12k_nb,625.0,0.5196357804034757,0.9810456252928988,1.5202746684748127e-06,-0.27228686513891187,2.6576965,2.6606526
train-clean-100,opus_12k_nb,656.25,0.5095811688156641,0.9784591623469616,5.405234728142097e-06,-0.27087646531652904,2.7526007,2.8205285
train-clean-100,opus_12k_nb,687.5,0.48086079268424464,0.9768273837711134,3.611823007361228e-06,-0.29234805638257083,2.8509853,2.8557775
train-clean-100,opus_12k_nb,718.75,0.4381536200828822,0.9753346975271936,5.998371151619648e-06,-0.32841371564345295,2.8746064,2.9211893
train-clean-100,opus_12k_nb,750.0,0.3861260755946986,0.9712549126220387,1.051488125671696e-05,-0.36223679981021356,2.886043,2.9723387
train-clean-100,opus_12k_nb,781.25,0.3139783671989842,0.9682399742845944,3.378917730606882e-07,-0.4208823108374004,2.864489,2.966836
train-clean-100,opus_12k_nb,812.5,0.2444030983283638,0.9658742099888129,6.717244572117657e-06,-0.47983319258650337,2.9057178,2.9980989
train-clean-100,opus_12k_nb,843.75,0.2368091164671038,0.9620122757287674,4.4368054047542245e-06,-0.4700276128606737,2.9538155,3.0375593
train-clean-100,opus_12k_nb,875.0,0.23583642066429253,0.9596521303967547,2.658370198104443e-06,-0.4603324875154025,2.995949,3.0693324
train-clean-100,opus_12k_nb,906.25,0.18709469960126074,0.9601952239629349,1.0074107169544391e-05,-0.5115313054377759,3.0187366,3.0833578
train-clean-100,opus_12k_nb,937.5,0.16632763408775733,0.959462520145859,1.6374448476955452e-05,-0.5289831003927178,3.0077734,3.1069689
train-clean-100,opus_12k_nb,968.75,0.20134300769811572,0.9550782394931329,1.0977253921007974e-05,-0.47407708498361556,3.055837,3.1812863
train-clean-100,opus_12k_nb,1000.0,0.18682011868588613,0.9490129804601923,2.0865602943539586e-05,-0.4609319987338689,3.1356235,3.240874
train-clean-100,opus_12k_nb,1031.25,0.13016048792555285,0.94718621365633,7.700274064110818e-06,-0.5092237851185409,3.1403928,3.253076
train-clean-100,opus_12k_nb,1062.5,0.16827184743626344,0.9479813306500843,9.955740564137612e-07,-0.4747565883010272,3.1471982,3.2702432
train-clean-100,opus_12k_nb,1093.75,0.19419823798043773,0.9479708472920385,6.531978122672733e-06,-0.44878217054810676,3.1768768,3.2442384
train-clean-100,opus_12k_nb,1125.0,0.09779843299907007,0.945209945632581,9.707793592317748e-06,-0.5325149845026561,3.1960979,3.305826
train-clean-100,opus_12k_nb,1156.25,-0.0019327385785995656,0.9398504209227228,3.436275240767857e-06,-0.6075507317827235,3.2270546,3.3559122
train-clean-100,opus_12k_nb,1187.5,0.025582199049430994,0.9359631303953285,5.377234787294777e-06,-0.5620358043248609,3.2682235,3.4000325
train-clean-100,opus_12k_nb,1218.75,0.0723217207663295,0.9371514225598271,4.253614798344273e-06,-0.5208065574424402,3.279508,3.397703
train-clean-100,opus_12k_nb,1250.0,0.11743506033420609,0.9321957179000623,1.8496908775300568e-06,-0.45266656666488275,3.3000152,3.3637471
train-clean-100,opus_12k_nb,1281.25,0.07696813191981791,0.9255231995446803,7.313080829453112e-06,-0.4619355529515986,3.3545718,3.383837
train-clean-100,opus_12k_nb,1312.5,-0.05041570435911549,0.9186706560822637,9.439315277046515e-06,-0.5570447397935709,3.4019306,3.4999154
train-clean-100,opus_12k_nb,1343.75,-0.13198123432985848,0.9132440312685897,2.1852264834363163e-06,-0.6128802494551597,3.4462192,3.511228
train-clean-100,opus_12k_nb,1375.0,-0.21208285447390327,0.9085136875144378,6.148541256452386e-06,-0.670428192062707,3.5006497,3.6273785
train-clean-100,opus_12k_nb,1406.25,-0.14315810706709783,0.9067152391773503,6.179492697278992e-06,-0.5928978475010618,3.5131168,3.621655
train-clean-100,opus_12k_nb,1437.5,-0.15132007949065923,0.9084551912882596,5.196336472088533e-06,-0.6093857800581961,3.5391457,3.6546116
train-clean-100,opus_12k_nb,1468.75,-0.23997949535045382,0.9076062115640963,4.2008544405380654e-07,-0.6939846808304275,3.5766487,3.6930547
train-clean-100,opus_12k_nb,1500.0,-0.19293309342494463,0.90413960413864,3.7692891203139693e-06,-0.6303186151522433,3.6334445,3.6718292
train-clean-100,opus_12k_nb,1531.25,-0.11413862447138054,0.9006947383269807,1.3139897357579656e-05,-0.534945471973616,3.6520894,3.6698318
train-clean-100,opus_12k_nb,1562.5,-0.11091110178053766,0.9011161161407018,1.0072390128164851e-05,-0.5337492619722052,3.6216748,3.6676874
train-clean-100,opus_12k_nb,1593.75,-0.11049556298072875,0.9050965337417185,1.7592975092233516e-07,-0.5524751703139832,3.6383946,3.636549
train-clean-100,opus_12k_nb,1625.0,-0.23089101657550767,0.9059793127501679,1.1775211977736615e-05,-0.6771044176862588,3.6601512,3.6802473
train-clean-100,opus_12k_nb,1656.25,-0.3491210325841149,0.899983574076439,8.884389736197894e-06,-0.7664974536335203,3.670243,3.6323392
train-clean-100,opus_12k_nb,1687.5,-0.34707917262063614,0.8881830879443171,3.905918782339893e-06,-0.7071347575615567,3.6998355,3.748376
train-clean-100,opus_12k_nb,1718.75,-0.31312952716809084,0.881559964041317,1.2303751262398596e-05,-0.6406787028928679,3.7151103,3.7106006
train-clean-100,opus_12k_nb,1750.0,-0.23834884976302262,0.8778335540947261,2.5181440315205116e-05,-0.5475012122632137,3.7453225,3.728674
train-clean-100,opus_12k_nb,1781.25,-0.3487413653088738,0.8709209425037004,8.50605484998251e-06,-0.6235592947970986,3.770821,3.7817836
train-clean-100,opus_12k_nb,1812.5,-0.5897296550390486,0.8621562658624073,2.3942953867577002e-05,-0.8206201341561731,3.7962508,3.8110156
train-clean-100,opus_12k_nb,1843.75,-0.531272104697469,0.8635063832398924,3.267185143526549e-07,-0.768958218487519,3.8371854,3.8617625
train-clean-100,opus_12k_nb,1875.0,-0.39277546596893004,0.8670332812992347,5.325307900017598e-06,-0.6481637395822635,3.8833363,3.8601396
train-clean-100,opus_12k_nb,1906.25,-0.5138793020259874,0.8573179885427837,7.265781198667538e-07,-0.7203292559998615,3.9144108,3.8875484
train-clean-100,opus_12k_nb,1937.5,-0.7017962175643949,0.8478142587843562,8.900107403585188e-06,-0.8598339719763425,3.9461277,3.9304318
train-clean-100,opus_12k_nb,1968.75,-0.7898214489040416,0.851412026181034,2.1437369186379084e-05,-0.9662498423525244,4.015874,3.942894
train-clean-100,opus_12k_nb,2000.0,-0.8163891748180891,0.8505195223272194,3.566907300889569e-06,-0.9882626314401184,4.059973,4.0340433
train-clean-100,opus_12k_nb,2031.25,-0.7894610784206693,0.8463898265820522,8.527136362069657e-08,-0.9401960149913003,4.0567727,4.070054
train-clean-100,opus_12k_nb,2062.5,-0.746876922352485,0.8354574466781702,2.5068726890921482e-05,-0.8411508566200507,4.0206804,4.0703616
train-clean-100,opus_12k_nb,2093.75,-0.9346974575857592,0.814476726132578,1.8350904640776354e-05,-0.9185148356953411,3.9952984,4.0415077
train-clean-100,opus_12k_nb,2125.0,-1.175108192920361,0.7999117418506717,3.574916116318755e-07,-1.08055950164727,4.0640073,4.112645
train-clean-100,opus_12k_nb,2156.25,-1.1634704057542937,0.8090299860680866,4.030160738707616e-06,-1.118147183315926,4.0623827,4.0517416
train-clean-100,opus_12k_nb,2187.5,-1.1160805123848183,0.8200545295834285,7.941345686625459e-06,-1.12953842082302,4.0867915,4.096037
train-clean-100,opus_12k_nb,2218.75,-1.0934436411119564,0.8094800758945984,1.4416687422727254e-05,-1.050535869002228,4.123559,4.121711
train-clean-100,opus_12k_nb,2250.0,-1.0435307874341493,0.8005247682519866,3.141386443009314e-05,-0.9523091134428034,4.1440363,4.1435065
train-clean-100,opus_12k_nb,2281.25,-1.1264777875022356,0.7925002869930381,7.201457067133105e-05,-0.9915026597169889,4.149842,4.1459246
train-clean-100,opus_12k_nb,2312.5,-1.1869024679814082,0.7743506970849526,2.799330968551231e-05,-0.9513099950351425,4.1695137,4.1914825
train-clean-100,opus_12k_nb,2343.75,-1.2790228665426737,0.7623989357279997,2.2346185355615364e-06,-0.9758762708879821,4.138911,4.194538
train-clean-100,opus_12k_nb,2375.0,-1.2315166986253052,0.7699147137374979,9.139111057969614e-06,-0.9709734837265515,4.1259217,4.163066
train-clean-100,opus_12k_nb,2406.25,-1.0547443046693796,0.7819942671514842,1.616987580203231e-05,-0.8618105875655686,4.1577272,4.1514072
train-clean-100,opus_12k_nb,2437.5,-1.1324127887453141,0.7927336523188372,9.130875149730496e-06,-0.9987163274266476,4.167857,4.201015
train-clean-100,opus_12k_nb,2468.75,-1.2320845347924283,0.7977340706877626,9.996653921196426e-05,-1.1256965341087692,4.194358,4.1605024
train-clean-100,opus_12k_nb,2500.0,-1.3371552269264981,0.7917030355913398,7.183133544935545e-05,-1.197808918892591,4.1761484,4.23178
train-clean-100,opus_12k_nb,2531.25,-1.4446681020685872,0.7902707055127774,1.6070133843155136e-05,-1.2974575267184851,4.188081,4.092705
train-clean-100,opus_12k_nb,2562.5,-1.5332586263307997,0.7848454449947172,2.9231328714461906e-06,-1.3561306379353897,4.218808,4.1563406
train-clean-100,opus_12k_nb,2593.75,-1.6740463296544708,0.7620308700653468,2.6154234461272504e-05,-1.3688025709980212,4.1961117,4.161626
train-clean-100,opus_12k_nb,2625.0,-1.7584168199460284,0.7550049668200224,4.9891728522000634e-05,-1.4129454970876154,4.205999,4.1715126
train-clean-100,opus_12k_nb,2656.25,-1.8963625298486673,0.7524661920919876,5.424545273802571e-05,-1.5362630412562461,4.2295637,4.105936
train-clean-100,opus_12k_nb,2687.5,-2.0988274420210034,0.7330399314600995,3.138545774744673e-05,-1.6251343621003602,4.249944,4.0696974
train-clean-100,opus_12k_nb,2718.75,-2.2681698987026464,0.703095293886055,5.3126986791599496e-05,-1.6133423995674454,4.237235,4.1009045
train-clean-100,opus_12k_nb,2750.0,-2.598917559179095,0.6709222749269093,6.579820838007633e-05,-1.7406702586681617,4.2569785,4.1980834
train-clean-100,opus_12k_nb,2781.25,-2.7254471302970913,0.6635452541088563,8.515723962295617e-05,-1.8191831939289544,4.2781224,4.250181
train-clean-100,opus_12k_nb,2812.5,-2.853649988093156,0.6586124787780561,2.32445054415736e-06,-1.914980129298843,4.309265,4.227463
train-clean-100,opus_12k_nb,2843.75,-3.111764257979899,0.6423768051774775,7.088652829579431e-06,-2.064693359850331,4.292516,4.264905
train-clean-100,opus_12k_nb,2875.0,-3.3002742740247215,0.6451113328377808,7.652867174071783e-06,-2.2716515778503004,4.304649,4.2822247
train-clean-100,opus_12k_nb,2906.25,-3.3822441968968935,0.6468710265480268,6.634113006465563e-05,-2.3654517820759753,4.3440094,4.308607
train-clean-100,opus_12k_nb,2937.5,-3.394578165317431,0.6375738356188021,0.0003915185447108612,-2.3149136202110525,4.3223553,4.3465695
train-clean-100,opus_12k_nb,2968.75,-3.5899272788612273,0.628666800976087,0.0002553273380893565,-2.4491631340908135,4.354521,4.3689456
train-clean-100,opus_12k_nb,3000.0,-3.685092161583032,0.6330662601035989,3.802640859249183e-07,-2.5746144319780657,4.4230194,4.3816357
train-clean-100,opus_12k_nb,3031.25,-3.598099141884967,0.642614268120889,4.679898349576597e-05,-2.5526333731496336,4.445076,4.331521
train-clean-100,opus_12k_nb,3062.5,-3.6532969955092347,0.6426962400610293,0.00011324694501493892,-2.6083851779179312,4.470301,4.4604597
train-clean-100,opus_12k_nb,3093.75,-3.801863522700131,0.6365083086406282,0.00011565711323661246,-2.714934884035733,4.4480176,4.4087105
train-clean-100,opus_12k_nb,3125.0,-3.8627460209675606,0.6347238641043843,0.0004982055305088341,-2.7636248821293217,4.4486885,4.357996
train-clean-100,opus_12k_nb,3156.25,-3.917379045780322,0.6345476614604493,0.000522332882953362,-2.817052115511203,4.439584,4.4638424
train-clean-100,opus_12k_nb,3187.5,-4.101201661139132,0.6212076967178708,0.0020215705712709154,-2.9086005313850243,4.451075,4.4471703
train-clean-100,opus_12k_nb,3218.75,-4.345443534343999,0.6063309818452695,0.0039793698083546766,-3.0475717254761086,4.52473,4.5248528
train-clean-100,opus_12k_nb,3250.0,-4.603018192461176,0.6020476212365444,0.0018074876384520206,-3.274357230872387,4.4888086,4.542061
train-clean-100,opus_12k_nb,3281.25,-4.851340840187681,0.5877866323578078,0.0002684828636762981,-3.418568480537333,4.5407076,4.507404
train-clean-100,opus_12k_nb,3312.5,-5.097960841971274,0.5673922698866624,9.522364030173915e-05,-3.5118255795696203,4.5621495,4.5849323
train-clean-100,opus_12k_nb,3343.75,-4.997006058540146,0.5771291726103874,0.00016643289087785323,-3.4847669240634156,4.563127,4.4826837
train-clean-100,opus_12k_nb,3375.0,-4.738724466192086,0.6060129895301359,0.00013941498243185855,-3.438574387886182,4.5996385,4.5463095
train-clean-100,opus_12k_nb,3406.25,-4.929904926570764,0.5975185122140927,3.171382114071009e-05,-3.5684491677931556,4.6317816,4.57401
train-clean-100,opus_12k_nb,3437.5,-5.18779622582756,0.5776679938948749,2.809849612242507e-05,-3.6796098745469505,4.6852407,4.540577
train-clean-100,opus_12k_nb,3468.75,-5.415317109456851,0.573411320438394,0.00027067374021883065,-3.8750103265555818,4.7270684,4.5764112
train-clean-100,opus_12k_nb,3500.0,-5.689248598057048,0.5603613015843936,0.0001543057381469216,-4.048960542413214,4.8161497,4.7850103
train-clean-100,opus_12k_nb,3531.25,-6.048917469002257,0.5285022272801568,4.149529538878913e-05,-4.15441627863533,4.8875375,4.9257107
train-clean-100,opus_12k_nb,3562.5,-6.6716381477636215,0.48937506587363716,6.654099276353595e-06,-4.443087116956594,4.920342,4.9181213
train-clean-100,opus_12k_nb,3593.75,-7.061645974414638,0.49000221857375875,0.000178044900371843,-4.8386570287923085,5.024507,5.0643625
train-clean-100,opus_12k_nb,3625.0,-7.145605869194673,0.49884707333162553,0.0002711709312818533,-5.000310745921443,5.165162,5.289425
train-clean-100,opus_12k_nb,3656.25,-7.3571992955734355,0.4859053024962643,1.572996879013352e-05,-5.097746269914955,5.319253,5.38661
train-clean-100,opus_12k_nb,3687.5,-7.82707562802532,0.46369135828248814,0.00030343459094973174,-5.364396239775032,5.4256086,5.4936123
train-clean-100,opus_12k_nb,3718.75,-8.269174984765668,0.46680387291113573,0.0004031549537218831,-5.835550081146562,5.542532,5.658801
train-clean-100,opus_12k_nb,3750.0,-8.669567183542249,0.49275225111096965,0.0005274274556485431,-6.4708839441808035,5.6503105,5.815943
train-clean-100,opus_12k_nb,3781.25,-9.167275830622083,0.4999674950763542,0.0016206428679383074,-7.031724121204208,5.8107715,5.914242
train-clean-100,opus_12k_nb,3812.5,-9.738160679300268,0.4624455161919551,0.002352176684845585,-7.26379699931044,5.9686384,6.0535135
train-clean-100,opus_12k_nb,3843.75,-10.69111799428718,0.42464147302373817,0.00435168591369222,-7.846372661822974,6.149365,6.1400156
train-clean-100,opus_12k_nb,3875.0,-11.753550408231172,0.3962465152556927,0.01650837829482881,-8.608235557708616,6.35968,6.230736
train-clean-100,opus_12k_nb,3906.25,-12.085313032720652,0.37304281016095725,0.03660432518280894,-8.677930363633692,6.577553,6.3716345
train-clean-100,opus_12k_nb,3937.5,-12.420865591393726,0.3453178354590868,0.07116214709680675,-8.678086281755377,6.782964,6.5212116
train-clean-100,opus_12k_nb,3968.75,-14.143171689819695,0.2632023602799743,0.10912588682774697,-9.221100075561576,7.0870333,7.125336
train-clean-100,opus_12k_nb,4000.0,-16.091103163169965,0.17878053239314468,0.17221588295299306,-9.489336016103291,8.323068,8.474882
train-clean-100,opus_12k_nb,4031.25,-18.149828045806593,0.11205781859489373,0.25775732160637155,-9.519280275364775,7.5634985,7.7346396
train-clean-100,opus_12k_nb,4062.5,-20.210863740076327,0.07335455501625872,0.3421214894314344,-9.740165199838357,7.6293287,7.935776
train-clean-100,opus_12k_nb,4093.75,-23.319420506224823,0.03833735866312465,0.37050510935510694,-10.030672975770099,7.7588525,7.7961283
train-clean-100,opus_12k_nb,4125.0,-27.00760695095679,0.017595166808044488,0.3945193216970592,-10.33657142600719,7.9723105,8.056286
train-clean-100,opus_12k_nb,4156.25,-32.75044616249445,0.004653537419885514,0.4252541831477173,-10.303308858060307,8.143855,8.346155
train-clean-100,opus_12k_nb,4187.5,-36.01590535363466,0.0023081290949930004,0.4577149732355056,-10.523536899255133,8.322905,8.306361
train-clean-100,opus_12k_nb,4218.75,-38.32353258116755,0.0017595448151520793,0.4975942661799896,-11.652566498550465,8.604712,8.657544
train-clean-100,opus_12k_nb,4250.0,-44.14672340415415,0.0005723445869273921,0.4962657288556481,-12.598329792140854,8.834785,8.955487
train-clean-100,opus_12k_nb,4281.25,-45.52578984193527,0.00042674358237735304,0.4686592208013939,-12.702490419097694,9.034477,8.92362
train-clean-100,opus_12k_nb,4312.5,-46.94875964619632,0.0003177953755945781,0.4622252170411746,-12.845265969505066,9.219557,9.028281
train-clean-100,opus_12k_nb,4343.75,-60.96376324213576,1.3833258904110032e-05,0.4823825560578825,-13.248038885684005,9.415329,9.320402
train-clean-100,opus_12k_nb,4375.0,-48.916203851597544,0.00025266698997493457,0.4965522741026397,-13.816719508460423,9.524401,9.619147
train-clean-100,opus_12k_nb,4406.25,-50.92145952782151,0.00019695027665203124,0.4890138527282781,-14.740056070302366,9.677716,9.257652
train-clean-100,opus_12k_nb,4437.5,-66.68915527902791,5.495970541985806e-06,0.48717245707030976,-14.964629832306608,9.82703,9.447851
train-clean-100,opus_12k_nb,4468.75,-57.52207966683944,4.514104430981166e-05,0.5225210915054396,-14.94282627730878,9.965836,9.727587
train-clean-100,opus_12k_nb,4500.0,-53.9964510160591,0.00012488909388857914,0.5562407132777312,-15.836726753324902,10.133758,10.043874
train-clean-100,opus_12k_nb,4531.25,-51.44007410708039,0.0002965655378543569,0.5697126512263977,-17.036311525700725,10.3433895,9.929586
train-clean-100,opus_12k_nb,4562.5,-66.08847342184576,1.3857657286535109e-05,0.5726372267823541,-18.380402178439205,10.588557,9.934765
train-clean-100,opus_12k_nb,4593.75,-63.98538906414346,3.827190836738727e-05,0.5906102098472364,-20.689220836351417,10.857923,10.394697
train-clean-100,opus_12k_nb,4625.0,-60.955119149232004,0.00011344861095120632,0.6028597919585129,-22.37814156794224,10.999607,10.546276
train-clean-100,opus_12k_nb,4656.25,-60.04379903715965,0.0001637712798987342,0.5726940498560011,-23.06120705893564,11.104479,10.688398
train-clean-100,opus_12k_nb,4687.5,-61.786237823005465,0.000130884965497952,0.5611817434710078,-23.830166042096437,11.245122,10.195057
train-clean-100,opus_12k_nb,4718.75,-61.05800993559025,0.00020389155609289403,0.5782248969770739,-25.02703293018927,11.407747,10.183338
train-clean-100,opus_12k_nb,4750.0,-53.37437162822992,0.00161049533166021,0.5956762631944821,-26.318996921498353,11.629788,10.556372
train-clean-100,opus_12k_nb,4781.25,-50.31437405148264,0.003948905409643882,0.5999570110583262,-27.154171951668967,11.755542,10.914579
train-clean-100,opus_12k_nb,4812.5,-53.762053702248444,0.002298051307630935,0.6112445595404176,-28.250681500546193,11.860327,11.289972
train-clean-100,opus_12k_nb,4843.75,-61.87464294829169,0.0005096660627549034,0.6254281201232753,-29.822530699773097,12.055808,11.527626
train-clean-100,opus_12k_nb,4875.0,-62.70131554386165,0.0005768837397835925,0.6248749844119268,-31.187229114214873,12.176981,11.42531
train-clean-100,opus_12k_nb,4906.25,-70.55032001999722,0.00012281039662421977,0.6244433205660593,-32.317701950077655,12.206883,11.357298
train-clean-100,opus_12k_nb,4937.5,-72.43477719116265,0.00010698518172001979,0.6306335066356137,-33.603044068604156,12.329416,11.458432
train-clean-100,opus_12k_nb,4968.75,-76.64455341933085,5.867859103152142e-05,0.6284593145416593,-35.20438078170044,12.52064,11.554544
train-clean-100,opus_12k_nb,5000.0,-90.16150935144785,3.893630997007682e-06,0.6176205638572133,-36.94008784849228,12.641678,11.8221
train-clean-100,opus_12k_nb,5031.25,-74.756967345708,0.00020290326419077748,0.6155637809466796,-38.704888273975854,12.575514,11.663704
train-clean-100,opus_12k_nb,5062.5,-73.34777271270794,0.00043382101554403566,0.6160756550734219,-40.59590916996589,12.432239,11.6579895
train-clean-100,opus_12k_nb,5093.75,-82.07445775822238,9.073526570270687e-05,0.6200495479964355,-42.5272495020215,12.391896,11.575827
train-clean-100,opus_12k_nb,5125.0,-94.99681744101368,6.712481277434066e-06,0.6230176472154253,-44.14067890527085,12.319583,11.481617
train-clean-100,opus_12k_nb,5156.25,-98.3333967574485,4.578138189633095e-06,0.6127777865720337,-45.815316323787926,12.256526,11.588062
train-clean-100,opus_12k_nb,5187.5,-111.99519447588649,3.0925399306595557e-07,0.621044115735404,-47.773378225639306,12.204466,11.5556555
train-clean-100,opus_12k_nb,5218.75,-90.95333581538368,6.542895920699652e-05,0.6203366054320023,-49.98606652530687,12.211428,11.554191
train-clean-100,opus_12k_nb,5250.0,-93.29231986562544,6.757337716643007e-05,0.6057186356822598,-52.46510670155808,12.276489,11.636213
train-clean-100,opus_12k_nb,5281.25,-96.2802272048202,6.347649243862247e-05,0.6092101060424582,-55.18138700196181,12.219588,11.216007
train-clean-100,opus_12k_nb,5312.5,-105.5021952926781,1.568210270319505e-05,0.5949670320404499,-58.33126882080397,12.192668,11.087807
train-clean-100,opus_12k_nb,5343.75,-102.9857854908534,5.872060468804074e-05,0.568196355728474,-61.54872127315008,12.269893,10.958145
train-clean-100,opus_12k_nb,5375.0,-108.8325216930299,3.292199312264458e-05,0.45986867720464314,-64.88241348217157,12.187871,10.781347
train-clean-100,opus_12k_nb,5406.25,-116.92832306424812,1.1639203555691195e-05,0.23306801368727115,-68.46258629026617,12.172362,10.818459
train-clean-100,opus_12k_nb,5437.5,-127.8041711899393,1.5778383653437163e-06,0.04111069641538051,-70.65982689831006,12.176004,10.642719
train-clean-100,opus_12k_nb,5468.75,-135.40163800090016,3.245022057044318e-07,0.001901313645345328,-71.3888451227817,12.129229,10.591692
train-clean-100,opus_12k_nb,5500.0,-123.06154482770143,5.91386563346758e-06,0.0283377328296498,-71.65528994702203,12.006573,10.385938
train-clean-100,opus_12k_nb,5531.25,-124.04126473671353,4.811174908999939e-06,0.03553751890022792,-71.73880678580628,11.8914585,10.233126
train-clean-100,opus_12k_nb,5562.5,-127.03765755315024,2.2686100984092297e-06,0.018289178306001828,-71.47028675326217,11.762077,10.14589
train-clean-100,opus_12k_nb,5593.75,-128.71205770749427,1.4522018524024976e-06,0.002508922302655867,-71.20735816207075,11.66575,9.906499
train-clean-100,opus_12k_nb,5625.0,-130.04036887047906,1.040119902106138e-06,0.001365033139722956,-71.08623352540691,11.583644,9.857044
train-clean-100,opus_12k_nb,5656.25,-129.32778464892235,1.0782334733369312e-06,0.01248715524434949,-70.52994334154562,11.426241,9.875359
train-clean-100,opus_12k_nb,5687.5,-119.57005466886423,8.323450593788508e-06,0.02612701999789647,-69.64811931943245,11.288395,9.908456
train-clean-100,opus_12k_nb,5718.75,-119.83040025471544,6.4485197940264314e-06,0.03463422561659692,-68.8000312179096,11.163745,9.859619
train-clean-100,opus_12k_nb,5750.0,-125.55574792700794,1.4583228214324905e-06,0.034081785401102065,-68.06931523921723,11.075759,9.776165
train-clean-100,opus_12k_nb,5781.25,-125.0232687039526,1.5457167539962196e-06,0.026447332085411786,-67.78959843714318,10.955684,9.81031
train-clean-100,opus_12k_nb,5812.5,-124.19377831633912,1.7572480594064547e-06,0.01800537307911244,-67.51713963073405,10.838686,9.885544
train-clean-100,opus_12k_nb,5843.75,-120.16104790560007,4.067250247222812e-06,0.008258132495647523,-67.12908743843127,10.801217,9.781006
train-clean-100,opus_12k_nb,5875.0,-123.59969931476681,1.8345883743069918e-06,0.001756648049322646,-67.11011627612892,10.787206,9.691193
train-clean-100,opus_12k_nb,5906.25,-125.65634733746731,1.1396942701118783e-06,4.128869487984565e-05,-67.09926157640352,10.75954,9.646378
train-clean-100,opus_12k_nb,5937.5,-124.10335873803035,1.5418607804683123e-06,0.0032020848710158836,-66.8588409451105,10.740431,9.8329315
train-clean-100,opus_12k_nb,5968.75,-126.80611878938556,7.861616849669019e-07,0.01038122819989504,-66.63626811857368,10.837118,10.049701
train-clean-100,opus_12k_nb,6000.0,-138.0893677473515,5.937385944078229e-08,0.018852258369462273,-66.70035113801438,10.87394,10.156397
train-clean-100,opus_12k_nb,6031.25,-131.91633446601227,2.6389119118365416e-07,0.02553264295419854,-67.00561399160043,10.800771,10.090935
train-clean-100,opus_12k_nb,6062.5,-138.9544102689584,5.169425952965306e-08,0.02978541314349175,-66.9638640481147,10.764153,9.989021
train-clean-100,opus_12k_nb,6093.75,-128.4883042555524,5.874811511922035e-07,0.0342014607208207,-67.05327421830056,10.814259,9.943064
train-clean-100,opus_12k_nb,6125.0,-127.08319618983616,8.257978753141974e-07,0.03452606890941885,-67.12696439190393,10.841546,9.932956
train-clean-100,opus_12k_nb,6156.25,-127.88283335220436,6.907760023725941e-07,0.027044126049501214,-67.15123636002093,10.783898,9.845184
train-clean-100,opus_12k_nb,6187.5,-123.86558087041224,1.7717279691178613e-06,0.01798584998385008,-67.22458187250461,10.73959,10.056824
train-clean-100,opus_12k_nb,6218.75,-130.1680065830072,4.2535148680798195e-07,0.010613593196988678,-67.33051672570254,10.703007,10.079062
train-clean-100,opus_12k_nb,6250.0,-131.99158604631197,3.032381746725556e-07,0.0035747918961602666,-67.68445537449998,10.653969,10.188641
train-clean-100,opus_12k_nb,6281.25,-133.02738157550235,2.653783627134902e-07,1.2036231247173169e-06,-68.1410672693306,10.646178,10.383987
train-clean-100,opus_12k_nb,6312.5,-139.1841974999312,6.819878088089117e-08,0.004032815869563423,-68.39699420343372,10.650397,10.492318
train-clean-100,opus_12k_nb,6343.75,-145.581371089761,1.663803632175465e-08,0.018169399183535405,-68.6674223608545,10.60293,10.350803
train-clean-100,opus_12k_nb,6375.0,-135.15241718260427,1.9185268735995893e-07,0.039941251977806846,-68.85712664237745,10.57899,10.244625
train-clean-100,opus_12k_nb,6406.25,-147.2647017171531,1.2062656725528056e-08,0.061465121730040505,-68.9541619978536,10.539087,10.514109
train-clean-100,opus_12k_nb,6437.5,-125.25262301223387,2.073693967297617e-06,0.07754828887366517,-69.2951002452301,10.50387,10.272678
train-clean-100,opus_12k_nb,6468.75,-126.92090064523676,1.5998440730069692e-06,0.09225072349964611,-69.83670780279641,10.44571,10.065126
train-clean-100,opus_12k_nb,6500.0,-127.03203618346461,1.6621437341730897e-06,0.0986071198789032,-70.11375254168426,10.42987,9.97107
train-clean-100,opus_12k_nb,6531.25,-145.7342625142341,2.2931373089807137e-08,0.09463068956884421,-70.21359370770462,10.38402,9.941092
train-clean-100,opus_12k_nb,6562.5,-139.6869544575357,9.683026204534472e-08,0.07835271751629574,-70.42209611968809,10.30501,9.885458
train-clean-100,opus_12k_nb,6593.75,-142.52212813231534,5.393740135349107e-08,0.05288460214598106,-70.71605891065089,10.211775,9.898333
train-clean-100,opus_12k_nb,6625.0,-145.65962069339534,2.8150569789921853e-08,0.02935648511119997,-71.02952318139498,10.141452,9.876055
train-clean-100,opus_12k_nb,6656.25,-142.75010128870397,5.618009764181083e-08,0.012304553749922608,-71.12095677604522,10.022337,9.496169
train-clean-100,opus_12k_nb,6687.5,-136.1431094544013,2.490142317108355e-07,0.0013789813967875124,-70.98038173187584,9.937617,9.247904
train-clean-100,opus_12k_nb,6718.75,-136.81003408899332,2.0261824126650094e-07,0.0014583585928625515,-70.75185009301194,9.936135,9.061636
train-clean-100,opus_12k_nb,6750.0,-135.50387052290935,2.5588220316837817e-07,0.011641868558281147,-70.45930192724326,9.89993,9.089161
train-clean-100,opus_12k_nb,6781.25,-140.44924330417248,7.503547452957567e-08,0.026579840753699475,-70.07694022867227,9.846315,9.125713
train-clean-100,opus_12k_nb,6812.5,-137.84112786531927,1.2550655146877855e-07,0.04142568273837921,-69.70282242263272,9.826518,9.139645
train-clean-100,opus_12k_nb,6843.75,-129.80261644105644,7.280876852870282e-07,0.056730938296487454,-69.29948388717114,9.828935,8.823462
train-clean-100,opus_12k_nb,6875.0,-123.12779981017108,3.1592306067612014e-06,0.06967916686875852,-68.99864368287395,9.764284,8.827102
train-clean-100,opus_12k_nb,6906.25,-125.88252543893083,1.560048592626995e-06,0.07568352351700286,-68.6889372898564,9.707065,8.920162
train-clean-100,opus_12k_nb,6937.5,-133.00606167531183,2.7686308665921004e-07,0.06923316343658788,-68.30374282988812,9.655232,9.033085
train-clean-100,opus_12k_nb,6968.75,-125.18121907064602,1.6088692931766088e-06,0.057738277904228495,-68.12145728954958,9.735918,9.205713
train-clean-100,opus_12k_nb,7000.0,-122.19940913766956,3.0529649394248207e-06,0.048032005213812526,-67.92165789667985,9.800717,9.114753
train-clean-100,opus_12k_nb,7031.25,-124.50743294716864,1.7837711276672351e-06,0.03765199078199038,-67.89585483877828,9.698383,9.028791
train-clean-100,opus_12k_nb,7062.5,-128.58735412908584,7.236511007834801e-07,0.02526892975480029,-68.05767699038586,9.56768,9.127363
train-clean-100,opus_12k_nb,7093.75,-132.55917718694386,2.9614597016743873e-07,0.013358981082265667,-68.14926605068771,9.518813,8.899479
train-clean-100,opus_12k_nb,7125.0,-141.04485136517332,4.3032053509937477e-08,0.0037120016218097364,-68.25780266890301,9.520593,8.782375
train-clean-100,opus_12k_nb,7156.25,-147.38690913893828,1.0083736641419608e-08,5.163566013135364e-07,-68.29815467565051,9.530764,8.601179
train-clean-100,opus_12k_nb,7187.5,-131.1328649727529,4.285226435147612e-07,0.00357593125683807,-68.32763331702543,9.494022,8.539095
train-clean-100,opus_12k_nb,7218.75,-130.62342434667408,4.806640736631649e-07,0.014550112586848645,-68.31687156538541,9.473665,8.630803
train-clean-100,opus_12k_nb,7250.0,-138.44578413065287,7.942112892883581e-08,0.03550767382049385,-68.32017528158528,9.436255,8.630291
train-clean-100,opus_12k_nb,7281.25,-131.08874846858822,4.394214009345841e-07,0.06904619371328319,-68.39259110256948,9.414553,8.522015
train-clean-100,opus_12k_nb,7312.5,-129.80004694596056,6.258771805342336e-07,0.10114353125810002,-68.63996871130368,9.430496,8.505026
train-clean-100,opus_12k_nb,7343.75,-128.9433771892305,8.269393863142592e-07,0.13052010388860913,-68.99314455424688,9.465938,8.620066
train-clean-100,opus_12k_nb,7375.0,-141.3554343599823,4.760975684019536e-08,0.16187083053947438,-69.00742458441358,9.470082,8.599947
train-clean-100,opus_12k_nb,7406.25,-130.50071470308578,5.591675074147694e-07,0.19169853571778792,-68.85116456480974,9.450587,8.394914
train-clean-100,opus_12k_nb,7437.5,-138.88510305068147,8.730511565066377e-08,0.2137857009019974,-69.17053056099242,9.4399605,8.548796
train-clean-100,opus_12k_nb,7468.75,-128.89064746707155,9.89541323983621e-07,0.20806662455694272,-69.72001741147614,9.447428,8.741976
train-clean-100,opus_12k_nb,7500.0,-132.50683881732792,4.6475395493025597e-07,0.1764415201785416,-70.05410034978753,9.483952,8.778042
train-clean-100,opus_12k_nb,7531.25,-142.9445424270523,4.673092678351168e-08,0.12731593958312354,-70.515616959476,9.531717,8.669873
train-clean-100,opus_12k_nb,7562.5,-139.45308358488873,1.1712132288344117e-07,0.07761977223572478,-71.01447386637925,9.515631,8.582313
train-clean-100,opus_12k_nb,7593.75,-141.67952266121603,7.552924695794819e-08,0.04026863978186614,-71.33570479893385,9.523359,8.509724
train-clean-100,opus_12k_nb,7625.0,-148.8560336374335,1.4389288476927307e-08,0.014327311511622602,-71.31145742228892,9.525125,8.246772
train-clean-100,opus_12k_nb,7656.25,-141.36163810227012,8.229333121615576e-08,0.0010798181008917817,-71.39031512111146,9.466871,8.152645
train-clean-100,opus_12k_nb,7687.5,-140.82831757952513,9.10375238352621e-08,0.0019850785211830467,-71.29555253678872,9.373459,8.038284
train-clean-100,opus_12k_nb,7718.75,-140.15660299701796,9.914131749524039e-08,0.012222203238736698,-70.99418044734027,9.304953,8.043775
train-clean-100,opus_12k_nb,7750.0,-139.70967036149312,1.0711900694556956e-07,0.03062693120146628,-70.88336633071714,9.242056,8.111025
train-clean-100,opus_12k_nb,7781.25,-136.91307412767716,2.0183691984063685e-07,0.05519996521350424,-70.83811081776572,9.232535,8.068165
train-clean-100,opus_12k_nb,7812.5,-136.29555487431819,2.1371470658356208e-07,0.07363478966657132,-70.46892955262715,9.195361,7.958087
train-clean-100,opus_12k_nb,7843.75,-139.81538158817324,8.868265818640379e-08,0.08173685259248309,-70.16879920116341,9.087836,7.9084
train-clean-100,opus_12k_nb,7875.0,-135.22211903748493,2.4772590412696317e-07,0.07383573990334626,-70.03686384940012,8.974746,7.873699
train-clean-100,opus_12k_nb,7906.25,-138.72618731687663,1.1303162154255529e-07,0.044366013663690744,-70.1332174874485,8.871311,7.652789
train-clean-100,opus_12k_nb,7937.5,-141.62974493811413,5.815686269860098e-08,0.022182040258336644,-70.15078523116524,8.833386,7.6218204
train-clean-100,opus_12k_nb,7968.75,-132.09180664751835,5.100464254682014e-07,0.017810306610052562,-70.04293432078312,8.829293,7.566278
train-clean-100,opus_12k_nb,8000.0,-138.30344844141143,1.2125014330842912e-07,0.016307119429393994,-70.01530163776637,8.006386,6.885504
train-clean-100,silk_nb_linear_ref,0.0,-2.18456565254327,0.7674917286808777,1.80737182136335e-05,-1.1110701692572367,5.108683,3.9904659
train-clean-100,silk_nb_linear_ref,31.25,-0.9550152902254967,0.8908972233781267,3.059233538408644e-05,-0.5290588233560932,2.045194,1.1586802
train-clean-100,silk_nb_linear_ref,62.5,0.03410758989775977,0.9951193684991239,1.5042888453786712e-06,-0.020411681423201343,0.8347441,0.45231152
train-clean-100,silk_nb_linear_ref,93.75,0.08861444579980378,0.999872667692653,1.8508212833104343e-06,0.013399998964818373,0.41890582,0.2509002
train-clean-100,silk_nb_linear_ref,125.0,0.08987346508937878,0.9999704055083593,3.151531655254616e-06,0.014234515005743183,0.28615728,0.25404584
train-clean-100,silk_nb_linear_ref,156.25,0.0888832106647576,0.9999667967910593,7.88000519672853e-07,0.013259933533335978,0.2690453,0.24106845
train-clean-100,silk_nb_linear_ref,187.5,0.08808028736663082,0.9999209746009752,1.6502361903649764e-06,0.01265602464582157,0.28743476,0.2578786
train-clean-100,silk_nb_linear_ref,218.75,0.08584604855852856,0.9998632324131568,1.8502034995939096e-06,0.01067258403345953,0.2873051,0.26178342
train-clean-100,silk_nb_linear_ref,250.0,0.08096186321375433,0.9998778721240367,2.691571820909526e-06,0.005724811000886024,0.30001026,0.29096842
train-clean-100,silk_nb_linear_ref,281.25,0.07727060918749268,0.9999021826780259,3.4649890347037104e-06,0.0019279659680070638,0.30825582,0.30261606
train-clean-100,silk_nb_linear_ref,312.5,0.07323236451152523,0.9998945910500638,1.966648839951243e-06,-0.002077305336108609,0.31600982,0.30980495
train-clean-100,silk_nb_linear_ref,343.75,0.06783101591743038,0.9998938247226344,3.186793661420464e-07,-0.007475325460339239,0.31671053,0.3066725
train-clean-100,silk_nb_linear_ref,375.0,0.06488755668395217,0.999893642635012,2.8050005103827687e-07,-0.010417993813275914,0.3305194,0.32775044
train-clean-100,silk_nb_linear_ref,406.25,0.062147278463627664,0.9998793434096546,1.4729908466614298e-06,-0.013096164237249236,0.34210005,0.3246904
train-clean-100,silk_nb_linear_ref,437.5,0.05706369657091996,0.9998582801367364,2.341026276551874e-06,-0.01808825749572965,0.34915054,0.3358814
train-clean-100,silk_nb_linear_ref,468.75,0.05269990706752533,0.9998491391245032,4.251357344012605e-06,-0.022412342278986273,0.36132795,0.35314262
train-clean-100,silk_nb_linear_ref,500.0,0.04897513098228273,0.9998470019938027,1.4692897068480873e-06,-0.026127835513188365,0.3703813,0.37380672
train-clean-100,silk_nb_linear_ref,531.25,0.044151529892009794,0.9998364234297459,1.7277000451266065e-06,-0.03090548721029303,0.38588822,0.3868972
train-clean-100,silk_nb_linear_ref,562.5,0.03804125187356953,0.9998186349813999,1.0368865802215928e-07,-0.03693849765274764,0.40362874,0.40525174
train-clean-100,silk_nb_linear_ref,593.75,0.03400601571472133,0.9997821144191152,4.546750649728795e-06,-0.04081509535656631,0.42113957,0.42598975
train-clean-100,silk_nb_linear_ref,625.0,0.03199887423819778,0.9997525112409792,1.4566650197306913e-06,-0.042693641941585904,0.44578084,0.44785774
train-clean-100,silk_nb_linear_ref,656.25,0.02965851717984791,0.9997224492424152,4.780454025431549e-06,-0.044903407116062936,0.4684341,0.48090884
train-clean-100,silk_nb_linear_ref,687.5,0.025593951573267024,0.9996943167206622,3.43299919180044e-06,-0.04884575909346951,0.48724395,0.48903668
train-clean-100,silk_nb_linear_ref,718.75,0.018885135657767817,0.9996648395557477,8.109436492469247e-06,-0.05542651627549584,0.48860806,0.48192513
train-clean-100,silk_nb_linear_ref,750.0,0.014460234680691936,0.9995963430962556,1.2105763583306919e-05,-0.05955383097763063,0.4906897,0.49048245
train-clean-100,silk_nb_linear_ref,781.25,0.008003857082603438,0.9995488783497385,9.695460802524347e-07,-0.06580398366238994,0.4896062,0.49285007
train-clean-100,silk_nb_linear_ref,812.5,-0.0011239621274384292,0.9995158001012199,8.562591024841237e-06,-0.07478807865021224,0.5036241,0.51184046
train-clean-100,silk_nb_linear_ref,843.75,-0.001536409704727327,0.9994394507209378,7.145552294921437e-06,-0.07486877178171467,0.5079387,0.5207088
train-clean-100,silk_nb_linear_ref,875.0,0.0018692958264280638,0.9993909629601184,2.4765003177185466e-06,-0.0712523633632734,0.51659274,0.5285537
train-clean-100,silk_nb_linear_ref,906.25,0.0008327415635859561,0.9993992851473655,7.2851211165257575e-06,-0.07232508230124707,0.52173674,0.53259194
train-clean-100,silk_nb_linear_ref,937.5,-0.0029637812947868156,0.9993541449082681,1.557056907269764e-05,-0.07592544132609869,0.52081215,0.5318485
train-clean-100,silk_nb_linear_ref,968.75,-0.005074753990933772,0.9992640010856493,1.262242714691554e-05,-0.07764465369678128,0.5309576,0.54254836
train-clean-100,silk_nb_linear_ref,1000.0,-0.0030844014169265337,0.9991899669751866,2.225565067047656e-05,-0.07533252632910688,0.54759824,0.5584718
train-clean-100,silk_nb_linear_ref,1031.25,-0.0053778369352827805,0.9991408443571331,6.944613010236346e-06,-0.07741244682942336,0.5501045,0.55784106
train-clean-100,silk_nb_linear_ref,1062.5,-0.005085119358179855,0.9991534742753482,2.295950473348399e-06,-0.07717462710932455,0.5520421,0.55472475
train-clean-100,silk_nb_linear_ref,1093.75,-0.00012131654850090507,0.9991790631066273,8.037348751893056e-06,-0.0723220479124888,0.55127543,0.56989527
train-clean-100,silk_nb_linear_ref,1125.0,-0.002942719676572049,0.9991072092926089,1.063628275884494e-05,-0.07483112627131806,0.55820805,0.5655215
train-clean-100,silk_nb_linear_ref,1156.25,-0.0034042535045444742,0.9990032821521346,3.893379754338487e-06,-0.07484088344467706,0.5677038,0.57945323
train-clean-100,silk_nb_linear_ref,1187.5,0.01652458062677353,0.9989124182897593,4.892804525004884e-06,-0.05451702089396691,0.5782853,0.587832
train-clean-100,silk_nb_linear_ref,1218.75,0.026174851851641798,0.9989277994263146,5.7540963703815755e-06,-0.04493362131050603,0.5743259,0.5983714
train-clean-100,silk_nb_linear_ref,1250.0,0.023519048373749456,0.9988618259158687,1.9115289472400457e-06,-0.04730258846503867,0.59218276,0.594182
train-clean-100,silk_nb_linear_ref,1281.25,0.014886072336146524,0.9987605944835853,2.9943603600970643e-06,-0.05549539871330846,0.60047954,0.5976474
train-clean-100,silk_nb_linear_ref,1312.5,0.004988387531605433,0.9986460380932184,4.634696056440306e-06,-0.06489492548186057,0.6200006,0.6243956
train-clean-100,silk_nb_linear_ref,1343.75,0.009418886750278086,0.998569313903168,1.3346727547914923e-06,-0.0601307527577201,0.6348258,0.63931715
train-clean-100,silk_nb_linear_ref,1375.0,0.01729402513913122,0.9985023583688505,4.624497655342705e-06,-0.05196440379789353,0.65489507,0.67372084
train-clean-100,silk_nb_linear_ref,1406.25,0.022110824460253385,0.9984219591921774,4.665138345246027e-06,-0.04679789749498411,0.6425095,0.66976357
train-clean-100,silk_nb_linear_ref,1437.5,0.020117518116020434,0.9983947367087259,3.4078528026295777e-06,-0.04867278962151027,0.6356336,0.6550392
train-clean-100,silk_nb_linear_ref,1468.75,0.010001302893714491,0.9983555223758466,1.5413169331806782e-07,-0.058618421984937864,0.64680064,0.660957
train-clean-100,silk_nb_linear_ref,1500.0,0.011749604538571204,0.9982351747790886,3.60739718592545e-06,-0.05634656488807728,0.6643497,0.66396624
train-clean-100,silk_nb_linear_ref,1531.25,0.0073187802710427425,0.9981791368361215,1.0660913699662081e-05,-0.06053358235385698,0.6671381,0.6597254
train-clean-100,silk_nb_linear_ref,1562.5,0.003868751435133369,0.9982054831529852,1.299124842851741e-05,-0.06409823900164455,0.6717186,0.6624166
train-clean-100,silk_nb_linear_ref,1593.75,0.020013447430208726,0.9982638377432642,1.8167848666577254e-06,-0.04820742195470945,0.671893,0.6801343
train-clean-100,silk_nb_linear_ref,1625.0,0.01003083378980347,0.9982691971528387,1.1347462013134452e-05,-0.05821335163310361,0.67528534,0.6827067
train-clean-100,silk_nb_linear_ref,1656.25,-0.010717580334800322,0.9980298319660128,1.3050927709616339e-05,-0.07792028871664347,0.68761647,0.69682133
train-clean-100,silk_nb_linear_ref,1687.5,-0.010004151280062492,0.9977005295388858,5.121221679891563e-06,-0.07577365775211639,0.69739294,0.7073835
train-clean-100,silk_nb_linear_ref,1718.75,-0.00457905308245487,0.9975799772817617,7.0237435400310295e-06,-0.06982376938155345,0.7125058,0.72198075
train-clean-100,silk_nb_linear_ref,1750.0,-0.00043911410765796446,0.9975369817047174,1.792118303667908e-05,-0.0654966459735273,0.73030186,0.74594504
train-clean-100,silk_nb_linear_ref,1781.25,-0.010123226084362603,0.9972948483455801,7.934915592635453e-06,-0.07412646173648331,0.73415387,0.7574639
train-clean-100,silk_nb_linear_ref,1812.5,-0.034683164727731364,0.9970181475471219,1.3678100302452093e-05,-0.0974812773031116,0.7523805,0.78091705
train-clean-100,silk_nb_linear_ref,1843.75,-0.04291259199083532,0.9969835839157862,3.1307089847943953e-06,-0.10556014507443318,0.76713145,0.79222023
train-clean-100,silk_nb_linear_ref,1875.0,-0.037908911358997585,0.9970313072805485,1.2191136525633578e-05,-0.1007643464806836,0.78685606,0.7977305
train-clean-100,silk_nb_linear_ref,1906.25,-0.06360512912381368,0.9967943444179973,8.861454009683686e-06,-0.12542826070362484,0.8039052,0.8130806
train-clean-100,silk_nb_linear_ref,1937.5,-0.08645097866810977,0.9965640940906353,1.7406361973961153e-05,-0.1472708140504812,0.811578,0.8274384
train-clean-100,silk_nb_linear_ref,1968.75,-0.09250886965594873,0.9965705851368024,3.720903099561432e-05,-0.15335699239452877,0.8265028,0.8445744
train-clean-100,silk_nb_linear_ref,2000.0,-0.09258031853608603,0.9964971899172727,1.546436526688279e-05,-0.1531085812151808,0.84488666,0.8714411
train-clean-100,silk_nb_linear_ref,2031.25,-0.09922421326684965,0.9962685866726176,1.4608683033450482e-07,-0.15875606051869712,0.8668481,0.88248825
train-clean-100,silk_nb_linear_ref,2062.5,-0.12395026580265345,0.9958512968521714,1.4820155863998076e-05,-0.18166267768292932,0.8758148,0.8701451
train-clean-100,silk_nb_linear_ref,2093.75,-0.1389863438581127,0.9953413393696974,1.1561885467090572e-05,-0.19447424243458167,0.8874046,0.8782991
train-clean-100,silk_nb_linear_ref,2125.0,-0.14882258735422044,0.9950883224564258,2.570541440786235e-06,-0.20320636402212472,0.90566385,0.8981017
train-clean-100,silk_nb_linear_ref,2156.25,-0.1473200037446479,0.9951801280602272,4.7420408593957505e-07,-0.20210443658691674,0.9218947,0.9322941
train-clean-100,silk_nb_linear_ref,2187.5,-0.13652483305636662,0.9952950086476143,2.2799059035939144e-07,-0.19181057339366758,0.92148745,0.8960364
train-clean-100,silk_nb_linear_ref,2218.75,-0.14182103715701488,0.9949733962697936,6.526176945716466e-07,-0.19570320316363876,0.92993194,0.8842827
train-clean-100,silk_nb_linear_ref,2250.0,-0.16214719038007228,0.9950517485757241,4.081475387982739e-05,-0.21637134175522899,0.9433447,0.9150448
train-clean-100,silk_nb_linear_ref,2281.25,-0.1894900025657245,0.9949688263476439,0.0001512789523015016,-0.24335222134021423,0.95293856,0.9433441
train-clean-100,silk_nb_linear_ref,2312.5,-0.1949337001734544,0.9942835043146702,9.266862488183741e-06,-0.2458035224134813,0.9608061,0.95860934
train-clean-100,silk_nb_linear_ref,2343.75,-0.1825284641997597,0.9939206101781641,8.920527820418131e-06,-0.23181290673353758,0.9806797,0.9137558
train-clean-100,silk_nb_linear_ref,2375.0,-0.18034589501237308,0.9942464872173613,3.678499609960215e-05,-0.23105402674566705,0.97818774,0.9324149
train-clean-100,silk_nb_linear_ref,2406.25,-0.18669760970048,0.9944194516892955,0.00017255882138161123,-0.2381611977871636,0.9801014,0.96119285
train-clean-100,silk_nb_linear_ref,2437.5,-0.19730047697293865,0.9942171456970313,0.00011356379775661066,-0.24788044080655394,0.9837098,0.95917237
train-clean-100,silk_nb_linear_ref,2468.75,-0.202007998458058,0.9942362280828283,8.154288241737245e-05,-0.25267131727462266,0.98877144,0.9658942
train-clean-100,silk_nb_linear_ref,2500.0,-0.18681406672479162,0.9941531792594042,3.1150332712034164e-05,-0.2371146030237128,0.99277306,0.96950835
train-clean-100,silk_nb_linear_ref,2531.25,-0.18465713910305712,0.9941193576654687,5.610232775445716e-06,-0.23480992370955173,0.9965059,1.0106673
train-clean-100,silk_nb_linear_ref,2562.5,-0.20029200696927169,0.9937576080168538,7.822487297201053e-06,-0.24886415172057988,1.0068176,0.991421
train-clean-100,silk_nb_linear_ref,2593.75,-0.22544842932927311,0.9929643351849516,6.014952971688199e-05,-0.2705524085124079,1.0178583,1.0112934
train-clean-100,silk_nb_linear_ref,2625.0,-0.24113962651146953,0.9929541174631019,4.483811725401898e-05,-0.2861989160427097,1.0337608,1.0255668
train-clean-100,silk_nb_linear_ref,2656.25,-0.2511099577901122,0.9929819933067641,4.4777379912831664e-05,-0.29629116791100274,1.0390396,1.0191693
train-clean-100,silk_nb_linear_ref,2687.5,-0.28398572760115365,0.9917010077873329,4.335431935355289e-05,-0.32356075255864036,1.0413446,1.052892
train-clean-100,silk_nb_linear_ref,2718.75,-0.31263686427642123,0.9904291888696491,0.00015395864537777354,-0.3466386527768609,1.0496314,1.0261432
train-clean-100,silk_nb_linear_ref,2750.0,-0.3560539905309532,0.989848851524488,0.00021228426202686234,-0.3875103050250157,1.0545969,1.0308723
train-clean-100,silk_nb_linear_ref,2781.25,-0.3826302896581995,0.9895128794113974,0.00011437838545924554,-0.41261228206237405,1.0580891,1.0278506
train-clean-100,silk_nb_linear_ref,2812.5,-0.4036695258569372,0.989121242077912,2.162777065170461e-05,-0.4319322925264095,1.0688207,1.0275817
train-clean-100,silk_nb_linear_ref,2843.75,-0.4354008818408795,0.9884857533693376,6.050667737882258e-05,-0.46087250497596244,1.0736623,1.0623572
train-clean-100,silk_nb_linear_ref,2875.0,-0.4648738434505478,0.9884601757051418,4.655194687445548e-05,-0.4902330888189209,1.0901378,1.1026334
train-clean-100,silk_nb_linear_ref,2906.25,-0.5034222106151516,0.9886278279156416,1.858179209448415e-05,-0.5295179981095206,1.0996143,1.097614
train-clean-100,silk_nb_linear_ref,2937.5,-0.5332916533338061,0.9883764042726575,0.0002933899597768002,-0.558282821024344,1.1083214,1.1066334
train-clean-100,silk_nb_linear_ref,2968.75,-0.5621305520332097,0.9881303484439191,0.00017387515308905314,-0.5860404111062447,1.131319,1.1092136
train-clean-100,silk_nb_linear_ref,3000.0,-0.605504128986621,0.9879582653794263,3.239534542094547e-05,-0.6286575976325838,1.1524441,1.1734517
train-clean-100,silk_nb_linear_ref,3031.25,-0.6478341107552577,0.9881360510893976,4.179777013254452e-05,-0.671769033528856,1.1755645,1.1681805
train-clean-100,silk_nb_linear_ref,3062.5,-0.68130077626739,0.9886606066101098,0.00020145524408594722,-0.7075405549558027,1.192222,1.1465616
train-clean-100,silk_nb_linear_ref,3093.75,-0.7272592603066657,0.9884270647037632,0.0004274648804070168,-0.7524730251954599,1.2132486,1.1924384
train-clean-100,silk_nb_linear_ref,3125.0,-0.8001548887597177,0.9875351672525399,0.0007067488631615897,-0.8214480709417047,1.240276,1.2199486
train-clean-100,silk_nb_linear_ref,3156.25,-0.8600816184448902,0.9865319606618369,0.0005666729534305363,-0.8769606941570678,1.2779359,1.230906
train-clean-100,silk_nb_linear_ref,3187.5,-0.9171277174280328,0.9863916839080572,0.0016373000075540164,-0.9333892180974456,1.3069131,1.2818872
train-clean-100,silk_nb_linear_ref,3218.75,-1.000748750421288,0.9869961751981129,0.002834710215897836,-1.0196709266252089,1.3577467,1.3173065
train-clean-100,silk_nb_linear_ref,3250.0,-1.079525149533752,0.9866701400025988,0.0009179423059121025,-1.09701248048024,1.4011236,1.3720043
train-clean-100,silk_nb_linear_ref,3281.25,-1.1594159125144445,0.9861623185646614,0.00023426150687956535,-1.1746674321815544,1.4599376,1.4337449
train-clean-100,silk_nb_linear_ref,3312.5,-1.2591750373410437,0.9858698005010598,0.0001374791380236805,-1.2731381501857428,1.5206976,1.4921246
train-clean-100,silk_nb_linear_ref,3343.75,-1.3485941852768533,0.9847832505394503,0.0007222583975972952,-1.357768198384202,1.5759286,1.5569121
train-clean-100,silk_nb_linear_ref,3375.0,-1.4788899109947662,0.9842065364505773,0.0003460722633736925,-1.4855198402754677,1.6595123,1.6587552
train-clean-100,silk_nb_linear_ref,3406.25,-1.6498480225537953,0.9846855812738605,5.407544778081455e-05,-1.6585912878123152,1.7545141,1.7259898
train-clean-100,silk_nb_linear_ref,3437.5,-1.8073621696167943,0.9845884612101524,6.806988834451674e-05,-1.8156770667876367,1.8524196,1.8165596
train-clean-100,silk_nb_linear_ref,3468.75,-1.9405677499035021,0.9835805176503534,0.00046856672029668293,-1.9444344074256017,1.947374,1.887048
train-clean-100,silk_nb_linear_ref,3500.0,-2.1046640475499214,0.9830281989026484,0.0004397499020138352,-2.106091287523755,2.0641217,1.9945939
train-clean-100,silk_nb_linear_ref,3531.25,-2.2673188408402565,0.9826092604112694,2.9485218059579128e-05,-2.2668948474958044,2.1725264,2.1117916
train-clean-100,silk_nb_linear_ref,3562.5,-2.5018128010040575,0.9815640614756527,6.653510448101943e-05,-2.4967667697975044,2.2951028,2.3001492
train-clean-100,silk_nb_linear_ref,3593.75,-2.7404074393209137,0.9816299706326165,6.49742159352584e-05,-2.735653014371498,2.4234617,2.3817585
train-clean-100,silk_nb_linear_ref,3625.0,-2.912155602033662,0.9817436521060234,4.64499380566799e-05,-2.907904099565008,2.5733871,2.5241165
train-clean-100,silk_nb_linear_ref,3656.25,-3.149154840381591,0.9800453095863795,0.001002764765327643,-3.1373838647858356,2.7379496,2.6926622
train-clean-100,silk_nb_linear_ref,3687.5,-3.4136822593877056,0.9773928511753593,0.0016383776463623691,-3.3901413205865003,2.9078765,2.8888123
train-clean-100,silk_nb_linear_ref,3718.75,-3.6599393662844837,0.9756904299373657,0.0022029328256170477,-3.628827297834728,3.0672154,3.1059337
train-clean-100,silk_nb_linear_ref,3750.0,-3.9140069039852685,0.9737893734246855,0.0032436884754619712,-3.87442469274641,3.2533486,3.2565742
train-clean-100,silk_nb_linear_ref,3781.25,-4.199591135893822,0.971699589973126,0.004508028447375187,-4.150678809835216,3.45818,3.4164581
train-clean-100,silk_nb_linear_ref,3812.5,-4.574488682512775,0.9644783128764571,0.009545897336822203,-4.4931808277936796,3.6894543,3.6871765
train-clean-100,silk_nb_linear_ref,3843.75,-5.054162685855983,0.9490934616684886,0.028034195956678415,-4.903019980489141,4.0141153,3.9760242
train-clean-100,silk_nb_linear_ref,3875.0,-5.750191159400271,0.9243837030695771,0.05730776798656316,-5.484481441043535,4.351902,4.3529716
train-clean-100,silk_nb_linear_ref,3906.25,-6.61783196329604,0.8781271013795852,0.08870499983840072,-6.129173251162825,4.810101,4.7198143
train-clean-100,silk_nb_linear_ref,3937.5,-7.70519592986691,0.7947935867284427,0.16386305417355404,-6.783506949945346,5.311133,5.202609
train-clean-100,silk_nb_linear_ref,3968.75,-9.28549214878753,0.667198601335724,0.2896714063370834,-7.603810900105178,5.8226485,5.622364
train-clean-100,silk_nb_linear_ref,4000.0,-10.985733345091116,0.48846741218111817,0.4738636677880735,-7.949856777499161,7.0569067,7.1152782
train-clean-100,silk_nb_linear_ref,4031.25,-13.082402323451753,0.2996022596698286,0.6598679424777868,-7.9236206485777565,6.5519614,6.712369
train-clean-100,silk_nb_linear_ref,4062.5,-15.504512814247537,0.17064091310316237,0.7935746481374458,-7.901111957143377,6.5996046,6.7652426
train-clean-100,silk_nb_linear_ref,4093.75,-17.82635685592815,0.09267021966128008,0.8776103251618453,-7.571526259700313,6.705645,6.918554
train-clean-100,silk_nb_linear_ref,4125.0,-19.41277672581451,0.05947650567382265,0.9252204481100846,-7.231998657081423,7.000409,7.0585527
train-clean-100,silk_nb_linear_ref,4156.25,-22.578388025234048,0.029298072585564616,0.9484727895379889,-7.322546010739693,7.3080378,7.3941975
train-clean-100,silk_nb_linear_ref,4187.5,-27.692222182185144,0.009987639047430732,0.9628261970969524,-7.762618047325179,7.54379,7.6577315
train-clean-100,silk_nb_linear_ref,4218.75,-32.05799246026964,0.00460218035123864,0.969999692613471,-8.763396278420958,7.903501,8.051167
train-clean-100,silk_nb_linear_ref,4250.0,-34.69472691129907,0.003292917064829048,0.9708628967463666,-9.946302317931217,8.232878,8.345379
train-clean-100,silk_nb_linear_ref,4281.25,-36.749629109232906,0.0023119532114963,0.9727126331402679,-10.465186995832493,8.479039,8.467999
train-clean-100,silk_nb_linear_ref,4312.5,-38.69695851999018,0.0016141431643593867,0.9739324138440282,-10.85214651208853,8.710951,8.612091
train-clean-100,silk_nb_linear_ref,4343.75,-40.723820403586345,0.0011231206169834507,0.9765618424081597,-11.303851878889157,8.91786,8.93849
train-clean-100,silk_nb_linear_ref,4375.0,-53.24043779837489,6.943943669718449e-05,0.9777543004677123,-11.732267168831445,9.080942,8.894069
train-clean-100,silk_nb_linear_ref,4406.25,-54.885643377899655,5.847846096675038e-05,0.9766712436255411,-12.631370200723957,9.235701,8.791002
train-clean-100,silk_nb_linear_ref,4437.5,-54.96432687090188,6.251953680506573e-05,0.9774813990517564,-13.000251867699454,9.381071,8.929213
train-clean-100,silk_nb_linear_ref,4468.75,-56.87454881719698,4.0806923443353125e-05,0.9777435253471775,-13.057654828834382,9.505293,9.421628
train-clean-100,silk_nb_linear_ref,4500.0,-48.19280502768275,0.0003655891123301619,0.9773253080566365,-13.898505041498073,9.681905,9.484039
train-clean-100,silk_nb_linear_ref,4531.25,-47.802420356152055,0.0005270471222646705,0.9769923811068972,-15.09668229916997,9.869722,9.376117
train-clean-100,silk_nb_linear_ref,4562.5,-59.94052693551011,4.4606786070240413e-05,0.9772098474826197,-16.51030374820005,10.120044,9.465595
train-clean-100,silk_nb_linear_ref,4593.75,-60.34493893453845,6.863471223716998e-05,0.977805667973212,-18.786144585444127,10.408832,10.021776
train-clean-100,silk_nb_linear_ref,4625.0,-55.96031947411659,0.00027548326895669977,0.9772608714334311,-20.437039231306763,10.532679,9.959921
train-clean-100,silk_nb_linear_ref,4656.25,-52.17587545299117,0.0007437938686193146,0.9758129444589614,-20.966168872023193,10.64209,10.155943
train-clean-100,silk_nb_linear_ref,4687.5,-59.16007633016654,0.00017207012459487372,0.9760164187783829,-21.592898541150376,10.78436,9.747696
train-clean-100,silk_nb_linear_ref,4718.75,-59.96034653690117,0.00018880985822133613,0.9755946713977742,-22.796360677369737,10.96091,9.807589
train-clean-100,silk_nb_linear_ref,4750.0,-55.104715207125196,0.0007823993896258412,0.974663624705802,-24.114767716084963,11.191133,10.217237
train-clean-100,silk_nb_linear_ref,4781.25,-50.580132264159786,0.0027842329797015514,0.9752915772159326,-25.10295547793742,11.329001,10.267037
train-clean-100,silk_nb_linear_ref,4812.5,-53.685689151976376,0.0017801344033567213,0.9720696914962791,-26.265984566837524,11.461207,10.719999
train-clean-100,silk_nb_linear_ref,4843.75,-60.20984709659541,0.0005744610270170038,0.9709934256767411,-27.878220278990838,11.678737,11.056332
train-clean-100,silk_nb_linear_ref,4875.0,-60.64502032247106,0.0007128748233162679,0.972061703278237,-29.250920571247573,11.822874,11.131766
train-clean-100,silk_nb_linear_ref,4906.25,-63.79533379979824,0.0004447150626110977,0.9714108377833449,-30.35191967264247,11.880487,11.028719
train-clean-100,silk_nb_linear_ref,4937.5,-68.11815235998621,0.00022370055501076658,0.9692111051034414,-31.69059045522975,12.024856,11.095863
train-clean-100,silk_nb_linear_ref,4968.75,-76.84252012039187,4.383706302546835e-05,0.9657670502219771,-33.336702097596415,12.259062,11.445278
train-clean-100,silk_nb_linear_ref,5000.0,-79.2564744322394,3.688889270493819e-05,0.9633575689795058,-35.0011981033813,12.444286,11.746681
train-clean-100,silk_nb_linear_ref,5031.25,-75.47891918859858,0.00013313976381754865,0.9611547735108228,-36.797764489851794,12.420316,11.526286
train-clean-100,silk_nb_linear_ref,5062.5,-73.53012652814557,0.0003326813741275994,0.9561644975029124,-38.82617887389205,12.311907,11.49272
train-clean-100,silk_nb_linear_ref,5093.75,-84.26516479784836,4.34656578667205e-05,0.9525187741699328,-40.722394849054965,12.30136,11.5476265
train-clean-100,silk_nb_linear_ref,5125.0,-87.28820003284639,3.1220244951576854e-05,0.9467124904352535,-42.30833057387586,12.253728,11.440788
train-clean-100,silk_nb_linear_ref,5156.25,-85.78557321900989,6.742522167963579e-05,0.9373975078181116,-44.14956452818137,12.215261,11.577222
train-clean-100,silk_nb_linear_ref,5187.5,-94.3031793596897,1.5384312264699382e-05,0.929490167323384,-46.24972770349836,12.180866,11.540609
train-clean-100,silk_nb_linear_ref,5218.75,-88.48007632407655,9.962523199947159e-05,0.9135823906432239,-48.539537260870915,12.19769,11.55072
train-clean-100,silk_nb_linear_ref,5250.0,-88.35336401982465,0.0001825763933382144,0.8913529163381382,-51.04357773565292,12.269123,11.635017
train-clean-100,silk_nb_linear_ref,5281.25,-90.80344471237169,0.00019814459567391024,0.8591898103250933,-53.84903450758395,12.216683,11.2139635
train-clean-100,silk_nb_linear_ref,5312.5,-102.97207611694728,2.5031544066382602e-05,0.8061458551937317,-57.0327199943075,12.191585,11.087807
train-clean-100,silk_nb_linear_ref,5343.75,-102.5948982366156,5.695508368559554e-05,0.742862512617287,-60.225990659007266,12.269365,10.958145
train-clean-100,silk_nb_linear_ref,5375.0,-109.875171889308,2.381175086125621e-05,0.6035111737035574,-63.718852667998476,12.187689,10.781347
train-clean-100,silk_nb_linear_ref,5406.25,-112.27033723066381,3.31055209687098e-05,0.31938509448039637,-67.54510897583836,12.17231,10.818459
train-clean-100,silk_nb_linear_ref,5437.5,-126.80866048028864,2.11040530682111e-06,0.05939030126431025,-70.12808666231561,12.175959,10.642719
train-clean-100,silk_nb_linear_ref,5468.75,-129.12639315231064,1.5647621197052025e-06,0.0027396367582890515,-71.14664387175951,12.129274,10.591692
train-clean-100,silk_nb_linear_ref,5500.0,-124.2776477766551,5.163019241556891e-06,0.042756198825978704,-71.48245269168802,12.006602,10.385938
train-clean-100,silk_nb_linear_ref,5531.25,-121.56626235446582,9.62083434821806e-06,0.05112758496888971,-71.47415720388074,11.891474,10.233126
train-clean-100,silk_nb_linear_ref,5562.5,-128.24439118366493,1.844215080028159e-06,0.024316020587357014,-70.97827435188398,11.762033,10.14589
train-clean-100,silk_nb_linear_ref,5593.75,-127.41887516856514,1.942094957567751e-06,0.003083250398637712,-70.37734725438737,11.665818,9.906499
train-clean-100,silk_nb_linear_ref,5625.0,-130.8665936435809,7.823178881751087e-07,0.0017100283188160395,-69.87619373048521,11.583676,9.857044
train-clean-100,silk_nb_linear_ref,5656.25,-123.93257402117997,3.131249593455765e-06,0.01331465065420599,-68.9655183686588,11.426244,9.875359
train-clean-100,silk_nb_linear_ref,5687.5,-117.72012430860772,9.963943631385139e-06,0.02535159971660263,-67.7802044073857,11.288264,9.908456
train-clean-100,silk_nb_linear_ref,5718.75,-115.46419420025097,1.2995352928347027e-05,0.031059864278236336,-66.6778424653325,11.163607,9.859619
train-clean-100,silk_nb_linear_ref,5750.0,-124.45014552250075,1.3194060528201493e-06,0.02885474805287454,-65.72969772262755,11.075605,9.776165
train-clean-100,silk_nb_linear_ref,5781.25,-125.69499767315124,8.897782307802473e-07,0.021804026293447912,-65.26358291377397,10.955685,9.81031
train-clean-100,silk_nb_linear_ref,5812.5,-120.98875689858681,2.3878378334260726e-06,0.014566137817461322,-64.84457266755034,10.838573,9.885544
train-clean-100,silk_nb_linear_ref,5843.75,-116.71265556053477,5.694772662419821e-06,0.006599159286253142,-64.34318695529882,10.801132,9.781006
train-clean-100,silk_nb_linear_ref,5875.0,-118.18681139590142,3.963666962291805e-06,0.0013803265550632058,-64.24355044296293,10.787201,9.691193
train-clean-100,silk_nb_linear_ref,5906.25,-120.67599791398246,2.2034851661970363e-06,3.726459002643509e-05,-64.18286670518201,10.75947,9.646378
train-clean-100,silk_nb_linear_ref,5937.5,-119.55542347757796,2.6866171858884243e-06,0.0023970965862896323,-63.9232488422022,10.740362,9.8329315
train-clean-100,silk_nb_linear_ref,5968.75,-120.26739398769183,2.1686730656243117e-06,0.007678327164334195,-63.70510232363711,10.837083,10.049701
train-clean-100,silk_nb_linear_ref,6000.0,-133.63011013003504,1.0198691173116774e-07,0.013792148998585088,-63.79132202025171,10.873785,10.156397
train-clean-100,silk_nb_linear_ref,6031.25,-126.22381791167278,6.065474207542116e-07,0.018601922120710768,-64.12823299390618,10.800621,10.090935
train-clean-100,silk_nb_linear_ref,6062.5,-124.59110896059727,8.833372256940608e-07,0.02152368660544318,-64.1281417689085,10.763959,9.989021
train-clean-100,silk_nb_linear_ref,6093.75,-120.9828792844371,2.09558087176864e-06,0.024144352307350746,-64.27169101968487,10.814188,9.943064
train-clean-100,silk_nb_linear_ref,6125.0,-119.42922193405548,3.088398439148768e-06,0.023987828345595968,-64.40232265622112,10.841492,9.932956
train-clean-100,silk_nb_linear_ref,6156.25,-123.27036167749006,1.2972277179599512e-06,0.019534118845565076,-64.47629135374147,10.783827,9.845184
train-clean-100,silk_nb_linear_ref,6187.5,-122.7480039516518,1.509406130085109e-06,0.013549374241476115,-64.61183252528295,10.739524,10.056824
train-clean-100,silk_nb_linear_ref,6218.75,-126.29264180331222,6.971242136529465e-07,0.007832280555786116,-64.80151095875551,10.702837,10.079062
train-clean-100,silk_nb_linear_ref,6250.0,-129.29722723623834,3.8768438651073166e-07,0.002575788501526927,-65.2577778225539,10.653807,10.188641
train-clean-100,silk_nb_linear_ref,6281.25,-131.01828617576172,2.982754943508675e-07,4.683212711926622e-07,-65.84022939661165,10.646189,10.383987
train-clean-100,silk_nb_linear_ref,6312.5,-132.3080057068669,2.4378742306861635e-07,0.003229581620699083,-66.25388615327661,10.650355,10.492318
train-clean-100,silk_nb_linear_ref,6343.75,-140.24031718258377,4.366685377709021e-08,0.015149517721409106,-66.71760368052949,10.602974,10.350803
train-clean-100,silk_nb_linear_ref,6375.0,-130.5281186972117,4.4973177912388724e-07,0.034078956075937444,-67.13342194583902,10.578981,10.244625
train-clean-100,silk_nb_linear_ref,6406.25,-138.2675087951719,8.194315530810595e-08,0.05422553818482371,-67.47840310348903,10.539099,10.514109
train-clean-100,silk_nb_linear_ref,6437.5,-125.92806872679455,1.6114321004696646e-06,0.07244493117890617,-68.07595631342738,10.503902,10.272678
train-clean-100,silk_nb_linear_ref,6468.75,-128.69940647156574,1.024913126539067e-06,0.09162489210271439,-68.88204450458011,10.445773,10.065126
train-clean-100,silk_nb_linear_ref,6500.0,-127.2128453010707,1.6284941172717691e-06,0.1056667474170647,-69.40647472100088,10.429945,9.97107
train-clean-100,silk_nb_linear_ref,6531.25,-143.78858045112727,3.862096011682584e-08,0.1080124273981645,-69.73257859171365,10.384095,9.941092
train-clean-100,silk_nb_linear_ref,6562.5,-147.7462198770526,1.7033646072870197e-08,0.09215441476713636,-70.13506354808929,10.305086,9.885458
train-clean-100,silk_nb_linear_ref,6593.75,-143.58214222002428,4.881536109252615e-08,0.06352713219543124,-70.54347476107736,10.21185,9.898333
train-clean-100,silk_nb_linear_ref,6625.0,-142.84773841765195,6.204804473495309e-08,0.03581385328625664,-70.85078690201398,10.141526,9.876055
train-clean-100,silk_nb_linear_ref,6656.25,-141.11826878070224,9.169717705005079e-08,0.014464516859245033,-70.81759591865426,10.022412,9.496169
train-clean-100,silk_nb_linear_ref,6687.5,-133.45838644442426,4.920616794334492e-07,0.0015262682191632651,-70.45434936918646,9.937693,9.247904
train-clean-100,silk_nb_linear_ref,6718.75,-135.63017919040323,2.6567750679888753e-07,0.0013884390263387038,-69.94949454017011,9.936211,9.061636
train-clean-100,silk_nb_linear_ref,6750.0,-136.1434928645603,2.0687496650318285e-07,0.010675961025249073,-69.37633975178626,9.899898,9.089161
train-clean-100,silk_nb_linear_ref,6781.25,-139.5928763163461,8.073254241764085e-08,0.02326218865975789,-68.73913008995854,9.846249,9.125713
train-clean-100,silk_nb_linear_ref,6812.5,-134.72750885941971,2.160290025497755e-07,0.034792146518939276,-68.1483969428341,9.826555,9.139645
train-clean-100,silk_nb_linear_ref,6843.75,-128.02646617434533,8.849009048882024e-07,0.04578973662610311,-67.57118004563965,9.828955,8.823462
train-clean-100,silk_nb_linear_ref,6875.0,-121.96202299321132,3.236893762295886e-06,0.05321026026370063,-67.13907492953189,9.764293,8.827102
train-clean-100,silk_nb_linear_ref,6906.25,-124.20562891820849,1.7550195747615667e-06,0.05519048934539905,-66.72421604513477,9.707062,8.920162
train-clean-100,silk_nb_linear_ref,6937.5,-133.47947555378792,1.855327403396622e-07,0.04957941970811775,-66.23944862504533,9.655401,9.033085
train-clean-100,silk_nb_linear_ref,6968.75,-123.8759089760206,1.592964705686686e-06,0.04102234237100773,-65.97373799044098,9.735911,9.205713
train-clean-100,silk_nb_linear_ref,7000.0,-121.37848886087076,2.669695540835738e-06,0.03332704428612327,-65.71887370103323,9.800707,9.114753
train-clean-100,silk_nb_linear_ref,7031.25,-123.60137894243954,1.5771498036269099e-06,0.02570299214853669,-65.65587588380205,9.698374,9.028791
train-clean-100,silk_nb_linear_ref,7062.5,-126.11588122735412,9.12672892425874e-07,0.017307288010637467,-65.79480022268076,9.567645,9.127363
train-clean-100,silk_nb_linear_ref,7093.75,-131.29659401934026,2.8253255074023894e-07,0.009146242324442734,-65.88304640215968,9.518734,8.899479
train-clean-100,silk_nb_linear_ref,7125.0,-136.1920644100133,9.42429510233919e-08,0.002524273020082175,-66.0103206561509,9.520693,8.782375
train-clean-100,silk_nb_linear_ref,7156.25,-134.7142304857648,1.3507175659233154e-07,2.189207148545231e-07,-66.09564344348918,9.530939,8.601179
train-clean-100,silk_nb_linear_ref,7187.5,-129.18476810786308,4.941295277724655e-07,0.0024843528990734364,-66.19894365574773,9.494015,8.539095
train-clean-100,silk_nb_linear_ref,7218.75,-125.75214612473013,1.1126950332346906e-06,0.010215802068025333,-66.29167509877179,9.473664,8.630803
train-clean-100,silk_nb_linear_ref,7250.0,-147.5689934668694,7.56207184264249e-09,0.025377386220650038,-66.43116893623593,9.436263,8.630291
train-clean-100,silk_nb_linear_ref,7281.25,-128.37280972735465,6.646863980797673e-07,0.05073791387295803,-66.6747451226642,9.414569,8.522015
train-clean-100,silk_nb_linear_ref,7312.5,-130.50035133522044,4.5000113268177725e-07,0.07700715755025349,-67.10825488368857,9.430522,8.505026
train-clean-100,silk_nb_linear_ref,7343.75,-131.09510762953357,4.453710130799403e-07,0.1034459584652849,-67.65809458488818,9.465978,8.620066
train-clean-100,silk_nb_linear_ref,7375.0,-142.87597866657902,3.1113679659649324e-08,0.13431662599027772,-67.88125990568398,9.47014,8.599947
train-clean-100,silk_nb_linear_ref,7406.25,-129.45860375570737,6.923940653062564e-07,0.16679593740970855,-67.93790460259467,9.450663,8.394914
train-clean-100,silk_nb_linear_ref,7437.5,-145.29370600443843,2.0393819313993336e-08,0.19423415071440858,-68.46445915570285,9.440035,8.548796
train-clean-100,silk_nb_linear_ref,7468.75,-130.31371715058071,7.603277549633011e-07,0.19634110747736033,-69.19949307219466,9.447503,8.741976
train-clean-100,silk_nb_linear_ref,7500.0,-131.3911647542466,6.657306954655354e-07,0.17192366079846896,-69.69991805181328,9.484026,8.778042
train-clean-100,silk_nb_linear_ref,7531.25,-142.78574911945188,5.5447356370387815e-08,0.12745547368147592,-70.30032504471956,9.531791,8.669873
train-clean-100,silk_nb_linear_ref,7562.5,-137.15883231688048,2.319008438212081e-07,0.07943485521374577,-70.88762308525963,9.515705,8.582313
train-clean-100,silk_nb_linear_ref,7593.75,-138.6102206922292,1.7954061945977266e-07,0.04140873444439806,-71.22761536419831,9.523329,8.509724
train-clean-100,silk_nb_linear_ref,7625.0,-146.2962751201404,2.9993093058973705e-08,0.014533455811556455,-71.14225514932204,9.525094,8.246772
train-clean-100,silk_nb_linear_ref,7656.25,-139.1597776188082,1.5323025416709424e-07,0.0010629803900897503,-71.0889903176237,9.46684,8.152645
train-clean-100,silk_nb_linear_ref,7687.5,-138.25376647410647,1.77287673414868e-07,0.0018837296581819798,-70.81631936044482,9.373436,8.038284
train-clean-100,silk_nb_linear_ref,7718.75,-139.3307306895903,1.2341617761664902e-07,0.011044849717307969,-70.32021908419904,9.305025,8.043775
train-clean-100,silk_nb_linear_ref,7750.0,-139.6941141142805,1.059933743078411e-07,0.02641347528845587,-70.02266877526368,9.242129,8.111025
train-clean-100,silk_nb_linear_ref,7781.25,-138.70143573139524,1.2699008137950488e-07,0.045664600994749505,-69.81490122566726,9.23261,8.068165
train-clean-100,silk_nb_linear_ref,7812.5,-137.462363022969,1.5017281230701973e-07,0.058977966430126795,-69.30404364154326,9.195428,7.958087
train-clean-100,silk_nb_linear_ref,7843.75,-138.42168669566664,1.0918404218261962e-07,0.06378267487213674,-68.87904586092202,9.087891,7.9084
train-clean-100,silk_nb_linear_ref,7875.0,-130.09526748064337,7.015411160705991e-07,0.056060279317547174,-68.6315662532075,8.974791,7.873699
train-clean-100,silk_nb_linear_ref,7906.25,-132.89849474120436,3.660968185132917e-07,0.03286890175816019,-68.61022176797303,8.871339,7.652789
train-clean-100,silk_nb_linear_ref,7937.5,-144.32957459007133,2.5919410854432925e-08,0.01620396031009342,-68.54159332771533,8.833418,7.6218204
train-clean-100,silk_nb_linear_ref,7968.75,-132.19668425222548,4.0955149203797505e-07,0.012786348907779051,-68.39553685596255,8.82928,7.566278
train-clean-100,silk_nb_linear_ref,8000.0,-138.60112401605952,9.289435437676862e-08,0.011633302364709743,-68.35678470223094,8.006371,6.885504
