set,utterance,subset,speaker_id,condition,sample_rate,channels,num_samples,duration_s,length_equals_ref,input_rms_dbfs,output_rms_dbfs,rms_change_db,peak,clip_count,nonfinite_count,lag_vs_ref_samples,waveform_sha256,num_packets,ogg_bytes,ogg_sha256,measured_bitrate_kbps,expected_configuration,share_expected_configuration,configurations
pilot,84-121123-0009,dev-clean,84,REF,16000,1,43121,2.6950625,True,-22.815642137766066,-22.815642137766066,0.0,0.45745849609375,0,0,0,229ca13a456793e4816aeae0f151192b75417a13a8379455f3e2ca259350d734,,,,,,,
pilot,84-121123-0009,dev-clean,84,LP,16000,1,43121,2.6950625,True,-22.815642137766066,-22.851096292668316,-0.035454154902250415,0.45721423625946045,0,0,0,0b3b5b772093302c31a58a8f07eda07583fa47ed9ef962faf9e237b534e8fcb2,,,,,,,
pilot,84-121123-0009,dev-clean,84,OPUS,16000,1,43121,2.6950625,True,-22.815642137766066,-23.324701073776314,-0.5090589360102469,0.45208197832107544,0,0,2,c1b46d204a60323941578b7133aefa267632dfd10c785004c15b0a4c2e1c96cf,136.0,2720.0,e5ad8301a149ab312697185a74e07d41f3d81761ee382bde33350641fb93449a,8.074024257322417,SILK-NB,1.0,SILK-NB:136
pilot,84-121123-0009,dev-clean,84,SILK,16000,1,43121,2.6950625,True,-22.815642137766066,-22.856547011683862,-0.04090487391779498,0.4588322937488556,0,0,2,8a9be3f230d5052e2e7d1e66d3d5dadd56474fde57957c263a24de841efca157,136.0,13751.0,ced74d9406fcde28e7a2a5b705712169bcbb28df8b0248c114c1d8ba804c0c88,40.81834836854433,SILK-NB,1.0,SILK-NB:136
pilot,84-121123-0009,dev-clean,84,NEG_LP,16000,1,43121,2.6950625,True,-22.815642137766066,-22.81829652810022,-0.0026543903341548353,0.45770078897476196,0,0,0,799a4b3727bfbff57d7d44837d329e1a81d073ac987b8bbd26c27d05afd7f0ec,,,,,,,
pilot,84-121123-0009,dev-clean,84,NEG_CODEC,16000,1,43121,2.6950625,True,-22.815642137766066,-22.80423815633391,0.011403981432158984,0.4538690447807312,0,0,0,e633fdcf3ac615e04b1a76c0ff5a9a99498eb3edf42d905955aee6a19cc717d6,136.0,22026.0,793fccf7dc49f403e87815a9cafdf46dc88764022d944c0c2ee2b2d2e27df022,65.38178613668514,CELT-WB,1.0,CELT-WB:136
pilot,84-121550-0021,dev-clean,84,REF,16000,1,139360,8.71,True,-23.06202293434403,-23.06202293434403,0.0,0.407562255859375,0,0,0,975e62256e07092c800d89f6822babea79b0944b31c8464117615b240c553f1a,,,,,,,
pilot,84-121550-0021,dev-clean,84,LP,16000,1,139360,8.71,True,-23.06202293434403,-23.142381265190778,-0.08035833084675038,0.39524418115615845,0,0,0,084cf6fcffa9942a4fabb9dacecf896194244ed0f1e71d40db6d701575d3c0da,,,,,,,
pilot,84-121550-0021,dev-clean,84,OPUS,16000,1,139360,8.71,True,-23.06202293434403,-23.56577164593141,-0.5037487115873817,0.42246773838996887,0,0,2,2c1f6da1caea2106e583e7b40e655b047e1e80fc673b1d5ad9e38655109a9f05,436.0,8588.0,dbec43d75fbf2491679890e9d5e63aa5d3449c8a981c5d8dcd9b8b8859c6b83f,7.8879448909299645,SILK-NB,1.0,SILK-NB:436
pilot,84-121550-0021,dev-clean,84,SILK,16000,1,139360,8.71,True,-23.06202293434403,-23.147586280687406,-0.08556334634337698,0.3996528685092926,0,0,2,b71ee034849e4d13df3b4d4b868884c892f359dc193573d928b0fa07aa60a13b,436.0,38957.0,09965848393230ee9a90d357b6bf4760c0e2be97116e33f3de00aa6f6ee7e599,35.78140068886337,SILK-NB,1.0,SILK-NB:436
pilot,84-121550-0021,dev-clean,84,NEG_LP,16000,1,139360,8.71,True,-23.06202293434403,-23.07048815114934,-0.008465216805314086,0.4065495729446411,0,0,0,e94f474b77714fd8a9a93c5f591e811aa495c88ecaf141efca19d935b963f882,,,,,,,
pilot,84-121550-0021,dev-clean,84,NEG_CODEC,16000,1,139360,8.71,True,-23.06202293434403,-23.056786018888037,0.005236915455990646,0.4090677499771118,0,0,0,01422ddf45b457c5ea8f1a76cf990aa1afaa0988aa5a4c54fc32de4b4f4f0d6b,436.0,65534.0,7e397c96072c430654fb72ad18f20b74606e4e94f71e133a2c9477a42a0f40f6,60.19196326061997,CELT-WB,1.0,CELT-WB:436
pilot,174-50561-0003,dev-clean,174,REF,16000,1,53440,3.34,True,-35.46807359399579,-35.46807359399579,0.0,0.21575927734375,0,0,0,c315da862e742071d84803deaf30b3eac84b545eab8c421ecf451ad4df5bf156,,,,,,,
pilot,174-50561-0003,dev-clean,174,LP,16000,1,53440,3.34,True,-35.46807359399579,-35.55336281360239,-0.08528921960659286,0.21555444598197937,0,0,0,956da9961ef5ca75b8d7788c107a223c18f99c9ffa0a6e84537e684773246751,,,,,,,
pilot,174-50561-0003,dev-clean,174,OPUS,16000,1,53440,3.34,True,-35.46807359399579,-36.45990291404982,-0.9918293200540236,0.18179495632648468,0,0,2,0ccf034ecffbe1451657d82437b604f727a9d9abd4ddaccbef4556a80192d4bf,168.0,3242.0,c8173828f8705c766c70992577f3724cd8b33ca982d99f7fd249d128e8225680,7.765269461077844,SILK-NB,1.0,SILK-NB:168
pilot,174-50561-0003,dev-clean,174,SILK,16000,1,53440,3.34,True,-35.46807359399579,-35.621180124814806,-0.15310653081901085,0.20919965207576752,0,0,2,5da0bb73de54f4eb56061f33052a47ddd90a8b441bf46368d96fe63953cc4d40,168.0,15142.0,4be569b1ae5c38a2864824ad84b7e738b8f52a79009ca6f2ad0b991c14e973fb,36.26826347305389,SILK-NB,1.0,SILK-NB:168
pilot,174-50561-0003,dev-clean,174,NEG_LP,16000,1,53440,3.34,True,-35.46807359399579,-35.470760124842656,-0.0026865308468579565,0.21646355092525482,0,0,0,be4a04e7c1a17b5880c0776042a179110a74ccd8dc2e5633063acc563123e6d9,,,,,,,
pilot,174-50561-0003,dev-clean,174,NEG_CODEC,16000,1,53440,3.34,True,-35.46807359399579,-35.45716161067766,0.010911983318133586,0.21618767082691193,0,0,0,ec3399ef0f00fa88fcf1ba95ae3a4278d608af2db2c21f1a6694cfef51c30b12,168.0,27857.0,f6e7f3a69faf50703432bfd4cf314245aec2a014092db4eeb48349b463a3191d,66.72335329341318,CELT-WB,1.0,CELT-WB:168
pilot,174-84280-0013,dev-clean,174,REF,16000,1,269760,16.86,True,-24.34919780270078,-24.34919780270078,0.0,0.933258056640625,0,0,0,c2806efb35a9ad9980e35723e276bcf61752a2a916b0afea8634a93f9f0a0872,,,,,,,
pilot,174-84280-0013,dev-clean,174,LP,16000,1,269760,16.86,True,-24.34919780270078,-24.39405191363027,-0.044854110929495664,0.8983891010284424,0,0,0,aff3f4c624026a6b0e15b8498dba11b198f501a1d003175a49ea3c12dd75bb1f,,,,,,,
pilot,174-84280-0013,dev-clean,174,OPUS,16000,1,269760,16.86,True,-24.34919780270078,-25.138989586644822,-0.7897917839440474,0.7416064143180847,0,0,2,557c8480b99ce8352386c161d63655f73f61d744c262736f983fc9314516bb11,844.0,16786.0,789d442313233942d0b4b992727b84c2d7dd9302a701354251e2d6676d6c811a,7.964887307236062,SILK-NB,1.0,SILK-NB:844
pilot,174-84280-0013,dev-clean,174,SILK,16000,1,269760,16.86,True,-24.34919780270078,-24.43998351559039,-0.09078571288961657,0.8992078900337219,0,0,2,27f94a81499cf81587b69813912d6256a89efff1dfb0d9c8adbe8b129c8847ff,844.0,83631.0,6151ed9b201f4d4a9c3912ac817ff6e7d523c8d60e3c8069d9d4999370fb20a9,39.682562277580075,SILK-NB,1.0,SILK-NB:844
pilot,174-84280-0013,dev-clean,174,NEG_LP,16000,1,269760,16.86,True,-24.34919780270078,-24.35071669586415,-0.0015188931633758273,0.9340158104896545,0,0,0,82d9ae901e3715a71248787153a4989bac5c92486229243725205c491e09e4f9,,,,,,,
pilot,174-84280-0013,dev-clean,174,NEG_CODEC,16000,1,269760,16.86,True,-24.34919780270078,-24.344246827552126,0.004950975148646215,0.9410398602485657,0,0,0,edbf3a34c4e973cbe49cdda852ead125a741f1745a94c02a5769ef523f98a849,844.0,140489.0,c454034f1b01317638baf4f79c772fbea7383eb86747f2dd2c48b246d5e24bb0,66.6614472123369,CELT-WB,1.0,CELT-WB:844
pilot,251-136532-0002,dev-clean,251,REF,16000,1,104800,6.55,True,-25.662098099718747,-25.662098099718747,0.0,0.3848876953125,0,0,0,ba1926e78fe227baf3088b5dd66f6077de72636d33d6b47ac0234312e441bf84,,,,,,,
pilot,251-136532-0002,dev-clean,251,LP,16000,1,104800,6.55,True,-25.662098099718747,-25.754074120443107,-0.09197602072436187,0.38003960251808167,0,0,0,1d3896585358e083142bf7d06bc8987014ad56786383f92af0d5e831d6a3e127,,,,,,,
pilot,251-136532-0002,dev-clean,251,OPUS,16000,1,104800,6.55,True,-25.662098099718747,-26.383248114105218,-0.7211500143864709,0.3364804685115814,0,0,2,15e5892654382140161c8686e52deedd487d5bdea4fcf3ad1a990bb419b2df21,328.0,6664.0,e0279e9eb4acc52c0fcc437c5f84524292e0ac4c2734d8640e928da92395d583,8.139236641221375,SILK-NB,1.0,SILK-NB:328
pilot,251-136532-0002,dev-clean,251,SILK,16000,1,104800,6.55,True,-25.662098099718747,-25.775352178996048,-0.11325407927729955,0.38527265191078186,0,0,2,b0e12315718a2ea031797931e8f60874aebda82c7905f67a8e523338d4150ca1,328.0,31404.0,a2125b2b59ca3eecea2c524e357eb95de388a57b21bff2e96b462cb467122739,38.35603053435114,SILK-NB,1.0,SILK-NB:328
pilot,251-136532-0002,dev-clean,251,NEG_LP,16000,1,104800,6.55,True,-25.662098099718747,-25.666722196995075,-0.004624097276331348,0.3842562437057495,0,0,0,1f4b1b3a14ff366e71e0bb4879df12e42ef78b1b8396cdabbc4f138f2a846958,,,,,,,
pilot,251-136532-0002,dev-clean,251,NEG_CODEC,16000,1,104800,6.55,True,-25.662098099718747,-25.670432117174798,-0.00833401745605557,0.39018774032592773,0,0,0,90f4b286622cd11d09182df0bfc85effc4b88a3158587d9ce8607dee5837e478,328.0,58114.0,10ba4cbe6f0bc5bc4a6988abd6d82af1a5dda5df0fd3cbc121e12e5aafe31dfd,70.97893129770993,CELT-WB,1.0,CELT-WB:328
pilot,251-137823-0005,dev-clean,251,REF,16000,1,87120,5.445,True,-22.171953866818093,-22.171953866818093,0.0,0.64373779296875,0,0,0,a285ba97687eabecce7a5e57be8fb98c49bfaaa2dc8ebe148a6c235353bcc547,,,,,,,
pilot,251-137823-0005,dev-clean,251,LP,16000,1,87120,5.445,True,-22.171953866818093,-22.22257157916608,-0.05061771234798267,0.6384226679801941,0,0,0,8452a8b0b78ddef362308e2d4be5e67421bc96eb9f0c2a43bb464223337c4a84,,,,,,,
pilot,251-137823-0005,dev-clean,251,OPUS,16000,1,87120,5.445,True,-22.171953866818093,-22.923404082325046,-0.7514502155069537,0.5583446025848389,0,0,2,f228432e047c1b3bfe2397fb5b8cb811c8ff38185db93ff208db5b7a40372258,273.0,5520.0,db1f94bcb13fa2a851bd9080115b11b15fe5d33bf340b5a44026bbda49f66f81,8.110192837465565,SILK-NB,1.0,SILK-NB:273
pilot,251-137823-0005,dev-clean,251,SILK,16000,1,87120,5.445,True,-22.171953866818093,-22.241501103835688,-0.06954723701759447,0.638610303401947,0,0,2,c08b8ac6e1e70479ccad641e9e8c164cee9380b2da74850b621331bf9cbf8091,273.0,26320.0,930273acd0347ca6fd4a462bb465279cf29dace19cf2eb53cee889bd38b01364,38.67033976124885,SILK-NB,1.0,SILK-NB:273
pilot,251-137823-0005,dev-clean,251,NEG_LP,16000,1,87120,5.445,True,-22.171953866818093,-22.17499365072881,-0.0030397839107170165,0.6432698965072632,0,0,0,7c596b353b7a0cff42bbc95b0cc754cbea4d586689afe4b9b34bdbbbb4f79dfb,,,,,,,
pilot,251-137823-0005,dev-clean,251,NEG_CODEC,16000,1,87120,5.445,True,-22.171953866818093,-22.17420797199217,-0.002254105174078505,0.6444042921066284,0,0,0,8188ac62be85a00eed7e980059a77642a4fe2ef6d37154ecfea3123f23602ed1,273.0,47519.0,fe9149ffc9e2a0f0f507cd10b8d4fba2cd47cff151b1a22a098c151cc1f993ca,69.81671258034895,CELT-WB,1.0,CELT-WB:273
pilot,422-122949-0000,dev-clean,422,REF,16000,1,323520,20.22,True,-20.871648596030383,-20.871648596030383,0.0,0.730255126953125,0,0,0,12f8583495257e6bdbc46b953a0472c63dd4b4973b475afb9cf982ae2b523665,,,,,,,
pilot,422-122949-0000,dev-clean,422,LP,16000,1,323520,20.22,True,-20.871648596030383,-21.76268906604872,-0.89104047001834,0.7790068984031677,0,0,0,fdab9eef088049049ffebbf201096f5c6c3cfdb37b1357d1f65cdeba4cc007e4,,,,,,,
pilot,422-122949-0000,dev-clean,422,OPUS,16000,1,323520,20.22,True,-20.871648596030383,-22.24307354790989,-1.3714249518795136,0.9233865141868591,0,0,2,73e25cddaadabe213bdc93b8fddee46bbee71527c7d830ac3c10b3821aa8bce9,1012.0,21282.0,58c20838f7507d5ea239466730a70300e1f9ab55e99597ea59d9bdf20e717ef2,8.420178041543027,SILK-NB,1.0,SILK-NB:1012
pilot,422-122949-0000,dev-clean,422,SILK,16000,1,323520,20.22,True,-20.871648596030383,-21.77438048502428,-0.902731888993903,0.7749095559120178,0,0,2,fce58a86a56d573df7de206ed8585edec178ab6feacd0150369d8a80205e27a1,1012.0,102024.0,3fc176b39634755bf1f5480998c1495b48b5e0b3d0f5e12d6c703709f937725f,40.36557863501484,SILK-NB,1.0,SILK-NB:1012
pilot,422-122949-0000,dev-clean,422,NEG_LP,16000,1,323520,20.22,True,-20.871648596030383,-20.87389961661868,-0.002251020588300351,0.7540794014930725,0,0,0,f8cf814f2ac97a0dca367e907351d712c9d77828618baf97d02d309d45e82403,,,,,,,
pilot,422-122949-0000,dev-clean,422,NEG_CODEC,16000,1,323520,20.22,True,-20.871648596030383,-20.863840687487574,0.007807908542802081,0.7437865734100342,0,0,0,2b49292f353de04b400d4783608a1575e379a950dbe3eb39faa5e22d3995f92a,1012.0,192113.0,ec1b1eb1879604f81a4243295fdf814388867dc4c601f50cb1ee5adb065566b9,76.00909990108804,CELT-WB,1.0,CELT-WB:1012
pilot,422-122949-0018,dev-clean,422,REF,16000,1,233040,14.565,True,-24.674132355603334,-24.674132355603334,0.0,0.679412841796875,0,0,0,9039d1a5dd775df99315fddde67452533cfed8212aa2cd2afd8e87568d52f851,,,,,,,
pilot,422-122949-0018,dev-clean,422,LP,16000,1,233040,14.565,True,-24.674132355603334,-24.831434100435303,-0.15730174483196985,0.6832212209701538,0,0,0,b582518d9d399f3909577e52da226e4af731be9ccbe4870737514ec2af175131,,,,,,,
pilot,422-122949-0018,dev-clean,422,OPUS,16000,1,233040,14.565,True,-24.674132355603334,-25.380277879096383,-0.7061455234930475,0.5785754919052124,0,0,2,e67a30af1a7c247df7656aef95cb1889384995fc5103fc3b496d417ac4933b1c,729.0,15142.0,79f971a5e85e41a594a826a7705a36e4dcbac0b8d39fbd96aa7b76a162f28ef6,8.316924133196018,SILK-NB,1.0,SILK-NB:729
pilot,422-122949-0018,dev-clean,422,SILK,16000,1,233040,14.565,True,-24.674132355603334,-24.84605419089396,-0.17192183529062077,0.6655245423316956,0,0,2,2f7ed437f98b204dab0dbc89155f2f9a99dcbdd6fe90d86dda8c5aa5a390768e,729.0,73716.0,0e2a6c3933972b4b447e1a48688548046cb0b30123ba36f30b23295e2d9bc140,40.489392378990736,SILK-NB,1.0,SILK-NB:729
pilot,422-122949-0018,dev-clean,422,NEG_LP,16000,1,233040,14.565,True,-24.674132355603334,-24.675734320725393,-0.0016019651220561242,0.6775841116905212,0,0,0,453353fe70d63f8b8b0a8c5ee421da2509fc3f6127a79787389416ebaed5a551,,,,,,,
pilot,422-122949-0018,dev-clean,422,NEG_CODEC,16000,1,233040,14.565,True,-24.674132355603334,-24.66940500874717,0.004727346856166303,0.6712971925735474,0,0,0,ec2e13dad254ceee1e1498fd7bdf7e99918290a2629c4d7a9a3da997023efc4e,729.0,136335.0,d5bf2f34096aad111017041cfe1727f60b3b3d7981ce6da77980f4e449651b1c,74.88362512873327,CELT-WB,1.0,CELT-WB:729
pilot,652-130726-0021,dev-clean,652,REF,16000,1,182160,11.385,True,-25.79175504194181,-25.79175504194181,0.0,0.549163818359375,0,0,0,16ee319809c605b8aaaea02692050a20a466372c062de95ee03ff51f8273b655,,,,,,,
pilot,652-130726-0021,dev-clean,652,LP,16000,1,182160,11.385,True,-25.79175504194181,-26.4952518423247,-0.703496800382891,0.568583607673645,0,0,0,56695a8309ccba87ba070222608b221e9cc748efa81c1765d274c7fdc8ed9313,,,,,,,
pilot,652-130726-0021,dev-clean,652,OPUS,16000,1,182160,11.385,True,-25.79175504194181,-27.167465938929745,-1.375710896987936,0.5372377634048462,0,0,2,a0e0a421aa9653e93f9a690bda9502ed71b340d91656e20538906295214e3408,570.0,12072.0,751663cf82c7ea6771ec1a9a7c758afa13ff681030ec11bbfb462a644afaa694,8.48274044795784,SILK-NB,1.0,SILK-NB:570
pilot,652-130726-0021,dev-clean,652,SILK,16000,1,182160,11.385,True,-25.79175504194181,-26.595973515407554,-0.8042184734657456,0.5605117678642273,0,0,2,323c824237584240e3f720990fe1683aa58e6489f0d8b9d4f6a286a7bda91436,570.0,57417.0,f4ebf958d19651b7505665efc4d925c7b623ee4eb242d686a6fa9ea07cc320d8,40.34571805006588,SILK-NB,1.0,SILK-NB:570
pilot,652-130726-0021,dev-clean,652,NEG_LP,16000,1,182160,11.385,True,-25.79175504194181,-25.841560010130685,-0.049804968188877675,0.55035001039505,0,0,0,7d78850f32a5a5d34699d4eaaa6fe6154d6e3f852ca5727f30b267f2f31724f0,,,,,,,
pilot,652-130726-0021,dev-clean,652,NEG_CODEC,16000,1,182160,11.385,True,-25.79175504194181,-25.885010712063917,-0.09325567012211182,0.5443726181983948,0,0,0,137f8ec0cfcfdc317cbd07929242cf75bbd69810bed1421f66b732f769cdc18b,570.0,106680.0,81e17bc300f12eb66afa910899536c15d5f50c01efb0ecf15737851766dfaf8f,74.96179183135706,CELT-WB,1.0,CELT-WB:570
pilot,652-130726-0024,dev-clean,652,REF,16000,1,171760,10.735,True,-25.283274410772663,-25.283274410772663,0.0,0.514129638671875,0,0,0,13a335d3e8896b00eec7644f793b16804bb5b75548877576cb761201fd82794c,,,,,,,
pilot,652-130726-0024,dev-clean,652,LP,16000,1,171760,10.735,True,-25.283274410772663,-25.690156740562344,-0.40688232978967726,0.5091425180435181,0,0,0,cf6ce5309154aa474cd94fd8d6f98a0199415078ce6c63d0334f38b923f20fc7,,,,,,,
pilot,652-130726-0024,dev-clean,652,OPUS,16000,1,171760,10.735,True,-25.283274410772663,-26.46887429202006,-1.1855998812473956,0.5287114381790161,0,0,2,f138f0089b56313ddf77f7df698b1b6d7f06ca84b5c32dd8b82ee10a8da40689,538.0,11177.0,7b3b0821b54c8a104fcf067fac52d90787554a0d73c3e1ecae3042d28099988f,8.32938984629716,SILK-NB,1.0,SILK-NB:538
pilot,652-130726-0024,dev-clean,652,SILK,16000,1,171760,10.735,True,-25.283274410772663,-25.749915602763892,-0.466641191991226,0.5126308798789978,0,0,2,50995cb038be545e8c023d6365486a0608adfa63c13341eb8105192b4506cb77,538.0,53957.0,fcfe32bba194f8994c5a6e3354c6ffa28b113206980f8f9165cce653e52d8aee,40.210153702841176,SILK-NB,1.0,SILK-NB:538
pilot,652-130726-0024,dev-clean,652,NEG_LP,16000,1,171760,10.735,True,-25.283274410772663,-25.312171821139223,-0.02889741036656121,0.5142765641212463,0,0,0,0c32192c42985f6f39301d371bd57e6419b51ea3e55b01449dbda6a1ed2f5c49,,,,,,,
pilot,652-130726-0024,dev-clean,652,NEG_CODEC,16000,1,171760,10.735,True,-25.283274410772663,-25.316783053080137,-0.033508642307472594,0.520751953125,0,0,0,e028cd01360494b099765377a944e627ed82de49056a299875c73ab18acb84b0,538.0,102161.0,e8f1ba835c671a9ac57be952fcb20b019f428f2d556c8bb99fd244c428153a6a,76.1330228225431,CELT-WB,1.0,CELT-WB:538
pilot,1272-135031-0012,dev-clean,1272,REF,16000,1,32640,2.04,True,-20.08539308810026,-20.08539308810026,0.0,0.544525146484375,0,0,0,e88f2b399b375cfbd1f5dd93a0431ce359912d74b8b92bef8046c6a44e4efaa8,,,,,,,
pilot,1272-135031-0012,dev-clean,1272,LP,16000,1,32640,2.04,True,-20.08539308810026,-20.101769818957166,-0.016376730856903273,0.5384270548820496,0,0,0,3f2c6a88b950c67234c6f79013171bab61f1a9bf282a90c6da024e323f3fcb3c,,,,,,,
pilot,1272-135031-0012,dev-clean,1272,OPUS,16000,1,32640,2.04,True,-20.08539308810026,-20.818227259657593,-0.7328341715573283,0.5318681001663208,0,0,2,f7f7a42840ee868c9b8d526e76f573ac5b7cdbcb06b8efc97f645d850bbe8cbb,103.0,2199.0,6f6b0b47a45ee46bdb0d59f23caa0fb4f20c194f34a0c2509c6317383a37ee32,8.623529411764705,SILK-NB,1.0,SILK-NB:103
pilot,1272-135031-0012,dev-clean,1272,SILK,16000,1,32640,2.04,True,-20.08539308810026,-20.114269010298198,-0.02887592219793605,0.5467840433120728,0,0,2,e60bc3aba599e2070110a8f517653f04131804c887345946ae9f4edce041a8c4,103.0,10638.0,ece8e6b383b972a551aa90379341e4b7173de69147429f321a94419394635972,41.71764705882353,SILK-NB,1.0,SILK-NB:103
pilot,1272-135031-0012,dev-clean,1272,NEG_LP,16000,1,32640,2.04,True,-20.08539308810026,-20.08775871059187,-0.0023656224916059985,0.5429425835609436,0,0,0,266411258802fc3c93c5fd54539891d96b640302bffb397f44c5500d7de22eeb,,,,,,,
pilot,1272-135031-0012,dev-clean,1272,NEG_CODEC,16000,1,32640,2.04,True,-20.08539308810026,-20.0741058103954,0.011287277704859038,0.5433329343795776,0,0,0,578915ce475b410089694c8a889b9c9bb1bd9138a8cc66405b2e35b6da8685a4,103.0,16757.0,db5988e0b5c92de72be901a27870f01270eeccae2fb373e12fa62e1e6e95298c,65.71372549019608,CELT-WB,1.0,CELT-WB:103
pilot,1272-141231-0006,dev-clean,1272,REF,16000,1,78880,4.93,True,-21.133924192859837,-21.133924192859837,0.0,0.471588134765625,0,0,0,e6a3fc832bff134ab71f69f56e53c6bebe2d16b73a4385dcb7e611ca2d6106e3,,,,,,,
pilot,1272-141231-0006,dev-clean,1272,LP,16000,1,78880,4.93,True,-21.133924192859837,-21.41273661155411,-0.27881241869427076,0.4707483649253845,0,0,0,085d81b1636c198f06e1ee0d5f6b15f9f6b4362c4ddf9f571a0beb4ec3ae5885,,,,,,,
pilot,1272-141231-0006,dev-clean,1272,OPUS,16000,1,78880,4.93,True,-21.133924192859837,-22.102232600937867,-0.9683084080780286,0.4327651560306549,0,0,2,c35780271e34cedb51e431c8d6cef801242b483a567aa151c24e972120583893,247.0,5057.0,a544a795b462a2c5f1432a52b5731473df975b4d25237ee8441edbd7582d5de4,8.206085192697769,SILK-NB,1.0,SILK-NB:247
pilot,1272-141231-0006,dev-clean,1272,SILK,16000,1,78880,4.93,True,-21.133924192859837,-21.419703346422423,-0.28577915356258615,0.47291892766952515,0,0,2,f6ba04c7b4312bebbc56fe22f78baf7aa82cd693cfa4eba4b6f184ab1d3d4cdc,247.0,24393.0,661c3ed1baa738f78f56d491ae959a91d2f6253f666b4f340763436dc9c393a6,39.58296146044625,SILK-NB,1.0,SILK-NB:247
pilot,1272-141231-0006,dev-clean,1272,NEG_LP,16000,1,78880,4.93,True,-21.133924192859837,-21.214186734768766,-0.0802625419089297,0.47102251648902893,0,0,0,b341e60e6e011c7a06c162ea8370e839581ceb1231636163bea749bd0b675d94,,,,,,,
pilot,1272-141231-0006,dev-clean,1272,NEG_CODEC,16000,1,78880,4.93,True,-21.133924192859837,-21.186882417161,-0.0529582243011616,0.4805181622505188,0,0,0,3f1d7ed7d88f5399c2bcf56a1679567a0346e0ea68ac4703a57ff96f63bbe7ec,247.0,42808.0,362df1406c1074333cd239733e001ff9832781a0fb053660e6a471628de966ea,69.46531440162272,CELT-WB,1.0,CELT-WB:247
pilot,1462-170138-0025,dev-clean,1462,REF,16000,1,71040,4.44,True,-23.804552717516778,-23.804552717516778,0.0,0.463836669921875,0,0,0,e9e2bba4bcd440a794a03059f6376fe42ac8fd3e8f8f789aa79219668af1595a,,,,,,,
pilot,1462-170138-0025,dev-clean,1462,LP,16000,1,71040,4.44,True,-23.804552717516778,-23.833341762855362,-0.02878904533858219,0.45686158537864685,0,0,0,66936856ea5b1a1aa754c00e4499dde2e11d10792ff90713cac5e5f9d1118ed7,,,,,,,
pilot,1462-170138-0025,dev-clean,1462,OPUS,16000,1,71040,4.44,True,-23.804552717516778,-24.183427073257064,-0.37887435574029016,0.41549745202064514,0,0,1,6f8f3e40a81cedb2c1a6e742004a78e910225715e1d3af4dedb090670c2a77e4,223.0,4326.0,87ceffd8ba1fe29e3e635deb394f89d17bd72a3f8e395e66e6995e3b95dc50e5,7.794594594594594,SILK-NB,1.0,SILK-NB:223
pilot,1462-170138-0025,dev-clean,1462,SILK,16000,1,71040,4.44,True,-23.804552717516778,-23.837329128437528,-0.03277641092074862,0.4599871039390564,0,0,2,dbc8813daa33ebd3ac59aae822c829de803eb971b88436c5b4a2c5473fbdfa19,223.0,20818.0,1d6fa405efae122c258aa2ea106e1e707653346933cc74346d78da87ab9e7dc2,37.5099099099099,SILK-NB,1.0,SILK-NB:223
pilot,1462-170138-0025,dev-clean,1462,NEG_LP,16000,1,71040,4.44,True,-23.804552717516778,-23.806619979304745,-0.002067261787969046,0.4636441767215729,0,0,0,c976d7506f768132324e15eb660c95888dc5397b53fa9f4321873c8912e4af9a,,,,,,,
pilot,1462-170138-0025,dev-clean,1462,NEG_CODEC,16000,1,71040,4.44,True,-23.804552717516778,-23.806783660846918,-0.0022309433301449287,0.45434293150901794,0,0,0,2a2d3a947634d0bc8b90d4234cbd941625e680bdc356c5e3724f7e2304765183,223.0,37355.0,a7fbb2b54bc96802a622947fb36853f76cdeb13305b52aaa54250698b8b927aa,67.3063063063063,CELT-WB,1.0,CELT-WB:223
pilot,1462-170142-0002,dev-clean,1462,REF,16000,1,103200,6.45,True,-21.718633154624484,-21.718633154624484,0.0,0.8028564453125,0,0,0,8b2873bce5b5a94de657aaf95ff1f50b6b39a13534b6cacd92710f4363faacac,,,,,,,
pilot,1462-170142-0002,dev-clean,1462,LP,16000,1,103200,6.45,True,-21.718633154624484,-21.748966905246615,-0.030333750622129077,0.8143535256385803,0,0,0,fc92d7d88f8308f2421bf2e7971179720226f184e28c58c396ed33aae8dc28f0,,,,,,,
pilot,1462-170142-0002,dev-clean,1462,OPUS,16000,1,103200,6.45,True,-21.718633154624484,-22.05010921077644,-0.3314760561519595,0.7922356724739075,0,0,2,f8874a7536cb432aecadaa1ee231cd53668dbf5c36afa420369290c356f6c3a6,323.0,6460.0,6f4d118a46fb09d121a7940c2259e72b9930057fde9a8588000a9b01474046bc,8.012403100775193,SILK-NB,1.0,SILK-NB:323
pilot,1462-170142-0002,dev-clean,1462,SILK,16000,1,103200,6.45,True,-21.718633154624484,-21.75402596608356,-0.035392811459078195,0.8116987943649292,0,0,2,8d59d4c97909b2cd7d4de051e3c1de036db5bb17611721733f59beb2c4db76b4,323.0,31913.0,be03990ab406554b74cfeb13c488d8c169dfa9f0d87d698c14d8ff48b42ecfce,39.58201550387597,SILK-NB,1.0,SILK-NB:323
pilot,1462-170142-0002,dev-clean,1462,NEG_LP,16000,1,103200,6.45,True,-21.718633154624484,-21.719384908325466,-0.0007517537009844616,0.804567813873291,0,0,0,6241ce7f527bbdd53e984c041df8d45f37d7a43fe17c72799d7fad61282acf96,,,,,,,
pilot,1462-170142-0002,dev-clean,1462,NEG_CODEC,16000,1,103200,6.45,True,-21.718633154624484,-21.713408386856926,0.005224767767556678,0.7968661785125732,0,0,0,f0ca23568b7bebcf646c6e508d705daceaf96569c64dbf1e7584132f3ce9381d,323.0,53569.0,c26796b1564a83005f32cb71ec1e84493274650aae0503e4bd6784fe811a6aa3,66.44217054263567,CELT-WB,1.0,CELT-WB:323
pilot,1673-143396-0005,dev-clean,1673,REF,16000,1,187841,11.7400625,True,-19.395713785600996,-19.395713785600996,0.0,0.81097412109375,0,0,0,55e70a45d9eca295cd558e530d76f0a88731edec7e5f319ff8f704d556a6040c,,,,,,,
pilot,1673-143396-0005,dev-clean,1673,LP,16000,1,187841,11.7400625,True,-19.395713785600996,-19.443758129332178,-0.04804434373118157,0.8664250373840332,0,0,0,4ae2f459cdf58692ff4b8a6083b5d1afe4da40eaa61ae0c58a22829952921028,,,,,,,
pilot,1673-143396-0005,dev-clean,1673,OPUS,16000,1,187841,11.7400625,True,-19.395713785600996,-19.793409664448003,-0.39769587884700447,0.9455538988113403,0,0,2,44fd43c7b4ca88c2ebbbde60082892fd8ae42ccfbe34de2b3a8d1ab500764f23,588.0,12348.0,294116e5f6f536fc5c544dad7bf148f49ea501d3296fb66fddd961f3cb99cf07,8.414265256253959,SILK-NB,1.0,SILK-NB:588
pilot,1673-143396-0005,dev-clean,1673,SILK,16000,1,187841,11.7400625,True,-19.395713785600996,-19.470285574152935,-0.07457178855193909,0.8766565322875977,0,0,2,25d45c730fdd755f8b3012e4cec586b8f456d7404a0dc7cc51b370c6498202de,588.0,59548.0,f10690b2c830f8443c83fe1610802a00c5fda81046cd682ee28814d41f73bfc7,40.57763746998791,SILK-NB,1.0,SILK-NB:588
pilot,1673-143396-0005,dev-clean,1673,NEG_LP,16000,1,187841,11.7400625,True,-19.395713785600996,-19.399523580202832,-0.003809794601836617,0.8173627853393555,0,0,0,69e07776708bfbcf4a76a6394a6abf098844ba90b76115dee377b3c51b9e8a40,,,,,,,
pilot,1673-143396-0005,dev-clean,1673,NEG_CODEC,16000,1,187841,11.7400625,True,-19.395713785600996,-19.39478822804952,0.0009255575514741949,0.8232028484344482,0,0,0,b68421611589ef68755c8e7a8f6f773b0bc9591725ba123c4c2b55425f242f7b,588.0,107666.0,b73ac7f67ea9bdf02bb9e5e588494ef0c29475a03915035dbbe3f334be2bcba4,73.3665600161839,CELT-WB,1.0,CELT-WB:588
pilot,1673-143397-0015,dev-clean,1673,REF,16000,1,101520,6.345,True,-19.525053163505234,-19.525053163505234,0.0,0.85760498046875,0,0,0,0813bcb5dc523780565064e7c317525f97b4cc5cb8786ab19cf48cb330146e20,,,,,,,
pilot,1673-143397-0015,dev-clean,1673,LP,16000,1,101520,6.345,True,-19.525053163505234,-19.556575762055306,-0.0315225985500731,0.8830939531326294,0,0,0,7dec4e6ff51a74ab5a154233dafb2d17c41109590ed44624ed77df38e511e6d8,,,,,,,
pilot,1673-143397-0015,dev-clean,1673,OPUS,16000,1,101520,6.345,True,-19.525053163505234,-19.92280441814451,-0.39775125463927535,0.9078109860420227,0,0,2,bb55e253f621b37791ebb60605d86fb9edf022c05395ed64ea285d06fd8370fd,318.0,6608.0,2165b0db8a07524da75301ad48aa2dbda104ca159db2085108d839acd553aa30,8.331599684791174,SILK-NB,1.0,SILK-NB:318
pilot,1673-143397-0015,dev-clean,1673,SILK,16000,1,101520,6.345,True,-19.525053163505234,-19.58617052066007,-0.06111735715483746,0.9000586271286011,0,0,2,109108f85c0b07970e20614bc530e99f885442c1e828ca57e386b8955a27415a,318.0,32126.0,02e198a366256504ac59692aeb8e9e18d71bec39ac5c482688fefa76cf66628b,40.50559495665879,SILK-NB,1.0,SILK-NB:318
pilot,1673-143397-0015,dev-clean,1673,NEG_LP,16000,1,101520,6.345,True,-19.525053163505234,-19.526129532052835,-0.001076368547600891,0.8635715246200562,0,0,0,6d1758fe16c0c659371631b3cb92450bf62d08cd50038b613acd309c7267a96a,,,,,,,
pilot,1673-143397-0015,dev-clean,1673,NEG_CODEC,16000,1,101520,6.345,True,-19.525053163505234,-19.514664092730612,0.010389070774618455,0.8634687662124634,0,0,0,8e7618552e96cf45e95463346676fef85675d08a34e3ea2c7f2b1b3d54692d01,318.0,56538.0,a265df4540a732d214fba4d19ecc58d6122812b1ca8fb1da7239999f743253da,71.28510638297873,CELT-WB,1.0,CELT-WB:318
pilot,1919-142785-0015,dev-clean,1919,REF,16000,1,68640,4.29,True,-24.034022070098793,-24.034022070098793,0.0,0.734771728515625,0,0,0,1daea7ced8bb071750633b6548b121c65d0e8b4225c2176574e820ae635ca3d3,,,,,,,
pilot,1919-142785-0015,dev-clean,1919,LP,16000,1,68640,4.29,True,-24.034022070098793,-24.42324603723067,-0.3892239671318775,0.7300509214401245,0,0,0,a44e86de025ee16730a39c293e10961b3620f6c3c8948b53f10467378fc32faf,,,,,,,
pilot,1919-142785-0015,dev-clean,1919,OPUS,16000,1,68640,4.29,True,-24.034022070098793,-24.825562207932272,-0.7915401378334801,0.813800036907196,0,0,2,50e02a7da84499b28dd6b15fbfc01ecbb06ce6e4c1f116d49dd68315fafda601,215.0,4277.0,f27ec3ff2c5a3bf066cacc779d1508bceb66cb3f96b09bdf2785e710e6e09eb3,7.975757575757576,SILK-NB,1.0,SILK-NB:215
pilot,1919-142785-0015,dev-clean,1919,SILK,16000,1,68640,4.29,True,-24.034022070098793,-24.458554892822207,-0.42453282272341825,0.7549468874931335,0,0,2,bb82014bda9f3d8a2e3b29f619cc244fb0d15186f67b97b43498ac511e804bb0,215.0,21838.0,7386ef74e1a74cd0e81fc2faa78543b64683ce78f423eb35e9e0671181e1ca9c,40.723543123543124,SILK-NB,1.0,SILK-NB:215
pilot,1919-142785-0015,dev-clean,1919,NEG_LP,16000,1,68640,4.29,True,-24.034022070098793,-24.100227512569926,-0.06620544247113624,0.7332207560539246,0,0,0,3728a0a24c1e0d6b5e5f9082ccd1f86de1b9113539eee5a208eca474cc7081be,,,,,,,
pilot,1919-142785-0015,dev-clean,1919,NEG_CODEC,16000,1,68640,4.29,True,-24.034022070098793,-24.0475811002285,-0.013559030129702868,0.7575180530548096,0,0,0,eee83694f46df8c9465d59b9cb8e64cac46cabb2438d88f8d77afe8ce72d3673,215.0,37414.0,cfbbfad4df40a60a029aa8b4f8c88b6f0e887898f078c5e24a2ddd081fc2765c,69.76969696969698,CELT-WB,1.0,CELT-WB:215
pilot,1919-142785-0033,dev-clean,1919,REF,16000,1,123360,7.71,True,-22.400794546310514,-22.400794546310514,0.0,0.53424072265625,0,0,0,291f984166960e552ba72e31c09a76b8074b1521aedb8af1d4f0c5e640279a74,,,,,,,
pilot,1919-142785-0033,dev-clean,1919,LP,16000,1,123360,7.71,True,-22.400794546310514,-22.54515415915813,-0.14435961284761195,0.5238481163978577,0,0,0,c1d853f63d5bb12e905f661ff4b6b8de0c9b20c1842e04e1614cda24ec2c8cb9,,,,,,,
pilot,1919-142785-0033,dev-clean,1919,OPUS,16000,1,123360,7.71,True,-22.400794546310514,-22.93846248038649,-0.5376679340759726,0.5076665878295898,0,0,2,2070544a46dd3cf4f3df973df5b69337b50cfa6434cc8b25eccfc32152ffb943,386.0,7800.0,5d360bfe8fadb85dd8e3080259f364ea64e3e41e0a916c9e420f9c56a5c14b22,8.093385214007782,SILK-NB,1.0,SILK-NB:386
pilot,1919-142785-0033,dev-clean,1919,SILK,16000,1,123360,7.71,True,-22.400794546310514,-22.559012004061568,-0.15821745775104662,0.5179092884063721,0,0,2,a7d1e441a2f19578e3015900dc93363deb2fb8fe82fd81e3eb0a1bcf1cf13672,386.0,39268.0,82acbb73e9706e101f45292f77e6dc688fa1aa43755c05492a2d15639d62d3df,40.7450064850843,SILK-NB,1.0,SILK-NB:386
pilot,1919-142785-0033,dev-clean,1919,NEG_LP,16000,1,123360,7.71,True,-22.400794546310514,-22.437952132125034,-0.037157585814515684,0.5357306599617004,0,0,0,5c4e3b48f26f793ad7b9f99d810b9af5f356decd7e41a0ad0bfb15fd5d8a971c,,,,,,,
pilot,1919-142785-0033,dev-clean,1919,NEG_CODEC,16000,1,123360,7.71,True,-22.400794546310514,-22.439269463300885,-0.0384749169903668,0.5363093614578247,0,0,0,cd9d1c617b660fbefd4b172c8717403e815fa880ec64d0cda28fa8fbaf0c6136,386.0,66938.0,ecd1a1b450b9a921c497b1faeef0e9cf05d489f10457b8d1b04bc7840f56bb29,69.45577172503242,CELT-WB,1.0,CELT-WB:386
pilot,1988-147956-0003,dev-clean,1988,REF,16000,1,39920,2.495,True,-22.817304658932883,-22.817304658932883,0.0,0.407379150390625,0,0,0,08927647550effa98b938af4c470220dec844cece3ee9498211b5a67aa2bc7bb,,,,,,,
pilot,1988-147956-0003,dev-clean,1988,LP,16000,1,39920,2.495,True,-22.817304658932883,-22.835615673132992,-0.018311014200107036,0.4432322680950165,0,0,0,09569df6f40eba2a8320717e9b23b692b83759a5cd1914f53ae983940e64dfcc,,,,,,,
pilot,1988-147956-0003,dev-clean,1988,OPUS,16000,1,39920,2.495,True,-22.817304658932883,-23.431166092635884,-0.6138614337029954,0.4597674608230591,0,0,2,06e4672c6d058c7e964680e5c93289c51cb969e6fc59b907e985bd505133437e,126.0,2527.0,bdde57907d320c0b13c6c3b069d04c34915eb1fad904d6875bda1896450eefca,8.10260521042084,SILK-NB,1.0,SILK-NB:126
pilot,1988-147956-0003,dev-clean,1988,SILK,16000,1,39920,2.495,True,-22.817304658932883,-23.021813935184817,-0.20450927625193405,0.4241400361061096,0,0,2,e09f6cfaf3ebe139ebe04d7c749958f8d7bd2e276f1150342b679db84086472f,126.0,12048.0,977c5e087f0c1647323fafb68ad58972569bac5a9e45e145a1188a996acf7d54,38.63086172344689,SILK-NB,1.0,SILK-NB:126
pilot,1988-147956-0003,dev-clean,1988,NEG_LP,16000,1,39920,2.495,True,-22.817304658932883,-22.817464435460735,-0.00015977652785337872,0.4122457802295685,0,0,0,0fcbe462fedbd1f3feab508c92a109ebe41b34996aa6be164c0c449d1f0ca7d4,,,,,,,
pilot,1988-147956-0003,dev-clean,1988,NEG_CODEC,16000,1,39920,2.495,True,-22.817304658932883,-22.952385621590214,-0.1350809626573311,0.4163763225078583,0,0,0,338a1b943b1b6f860a7df9e42b1cdca3154bb7fde1f40e908f8e2501690e5059,126.0,24603.0,148c6752dbc4d3253fcaca87d1bd6120123f239ee5d8a16c20d15237beed2932,78.88737474949899,CELT-WB,1.0,CELT-WB:126
pilot,1988-147956-0007,dev-clean,1988,REF,16000,1,93840,5.865,True,-24.284898992896338,-24.284898992896338,0.0,0.41973876953125,0,0,0,d8c79f8d971665f3972d6a5c085a78c69f1bfd420ff6b525da138be9bbfc21f7,,,,,,,
pilot,1988-147956-0007,dev-clean,1988,LP,16000,1,93840,5.865,True,-24.284898992896338,-24.303038466925564,-0.018139474029227914,0.440107136964798,0,0,0,03636e7cb71ecbff4bcc42248e76d1e2114d9747cd245bcd6d266b0bc135a054,,,,,,,
pilot,1988-147956-0007,dev-clean,1988,OPUS,16000,1,93840,5.865,True,-24.284898992896338,-25.015933560515986,-0.7310345676196505,0.511928379535675,0,0,2,36d6bd013d8a118f111d701179dbd61c7eec0b5737fcbbf59edca99427ff2517,294.0,5795.0,0c4c7aef3375d91ff950bdb174ac9706fc20c9018f5213ef2f93c260a540a87d,7.904518329070759,SILK-NB,1.0,SILK-NB:294
pilot,1988-147956-0007,dev-clean,1988,SILK,16000,1,93840,5.865,True,-24.284898992896338,-24.56039805931891,-0.2754990664225757,0.4364992380142212,0,0,2,76ffee7db443c422ed90842655b14dbee5d6cad50d176bc7678cd0754675c45c,294.0,28532.0,2397e912ebf4688b9d2dc76fe74ddbda6cb8783f38ef3f80decc9cf8d6162dc1,38.91832907075874,SILK-NB,1.0,SILK-NB:294
pilot,1988-147956-0007,dev-clean,1988,NEG_LP,16000,1,93840,5.865,True,-24.284898992896338,-24.285060117035396,-0.0001611241390598582,0.42281103134155273,0,0,0,ae4c8fbcf96289262c400dd6c6036b1a4be0983102a5e40f8205a32792e494f6,,,,,,,
pilot,1988-147956-0007,dev-clean,1988,NEG_CODEC,16000,1,93840,5.865,True,-24.284898992896338,-24.513909403431725,-0.22901041053539015,0.4281373918056488,0,0,0,c7cec0531dc795592b0a32a47ae85f057339d3c49b5c6a1bfa488dea4a8a4d0f,294.0,53610.0,3b9b0d9f08b867fcd685c4aa3a9e381017ba0e97f76f38c97dcdf25b90d63cc5,73.12531969309462,CELT-WB,1.0,CELT-WB:294
pilot,2035-147960-0014,dev-clean,2035,REF,16000,1,71441,4.4650625,True,-23.43669559630694,-23.43669559630694,0.0,0.72467041015625,0,0,0,4a6dcdffc43233fb29fd1295ebee7beb68a8c113deeaffdc80d8dc5cab597893,,,,,,,
pilot,2035-147960-0014,dev-clean,2035,LP,16000,1,71441,4.4650625,True,-23.43669559630694,-23.470005931913715,-0.033310335606775696,0.7379825115203857,0,0,0,1affc8f8fcf7485edf0b04b81fbc8113328adab40bda8e1dcc65c8c7ab068dbc,,,,,,,
pilot,2035-147960-0014,dev-clean,2035,OPUS,16000,1,71441,4.4650625,True,-23.43669559630694,-23.860701801873073,-0.4240062055661331,0.7283042073249817,0,0,2,50a6e9315c1ca3607ee31b5c828ac7183cdb2fc0c7fd84cf1893187382280c74,224.0,4683.0,3634832f2a482700baab7b1d109ba7db1363b93c3ba9ffe7bdfd2110672f4ce9,8.390476057166053,SILK-NB,1.0,SILK-NB:224
pilot,2035-147960-0014,dev-clean,2035,SILK,16000,1,71441,4.4650625,True,-23.43669559630694,-23.5025849775657,-0.06588938125875757,0.7487223744392395,0,0,2,bf45d5122d46e3532128dbfe73cc7361fb5b50d861041a0ddcbfd0c525a27946,224.0,22710.0,c19d81c1a148be9ef805f5bc58bf8eb98c0b3ea6f60fdc66404b9f2e55dcef31,40.689240072227435,SILK-NB,1.0,SILK-NB:224
pilot,2035-147960-0014,dev-clean,2035,NEG_LP,16000,1,71441,4.4650625,True,-23.43669559630694,-23.437898351929995,-0.001202755623052592,0.7252900004386902,0,0,0,12340f833fd806e27f46ffed398f1032985202463649087848c8223b1793d279,,,,,,,
pilot,2035-147960-0014,dev-clean,2035,NEG_CODEC,16000,1,71441,4.4650625,True,-23.43669559630694,-23.45446008530572,-0.01776448899877794,0.7285502552986145,0,0,0,66b6d580ce21162309f07d47f7405968f729c04d7ee1bac547a937a84376aef1,224.0,36844.0,95adabeea87b7b4f582d490f690155c9bb04556c2aed7b4a40be5aebc09bcf77,66.01296174465642,CELT-WB,1.0,CELT-WB:224
pilot,2035-147961-0005,dev-clean,2035,REF,16000,1,150720,9.42,True,-24.560114668214162,-24.560114668214162,0.0,0.63409423828125,0,0,0,0138f683a22c3d711c5c22b214affca3dc9476a9087d196cc4ca8c792744fb85,,,,,,,
pilot,2035-147961-0005,dev-clean,2035,LP,16000,1,150720,9.42,True,-24.560114668214162,-24.584680769840492,-0.024566101626328683,0.6365538239479065,0,0,0,c2860c50b3307928554a9ad12678f2ac9172ec3f1e1b46f9956a9002d5b1816a,,,,,,,
pilot,2035-147961-0005,dev-clean,2035,OPUS,16000,1,150720,9.42,True,-24.560114668214162,-24.86619612885997,-0.3060814606458046,0.5783650875091553,0,0,2,34c67a1eb8a1a55f50db21de189d13598b14199a536a8b045a43c2826e0a66f0,472.0,9495.0,55af25b45baffe5e6d8be574e9d90bb74d5283fd34d0b31fb77e481c0006d148,8.063694267515924,SILK-NB,1.0,SILK-NB:472
pilot,2035-147961-0005,dev-clean,2035,SILK,16000,1,150720,9.42,True,-24.560114668214162,-24.607257600201837,-0.04714293198767306,0.6315129399299622,0,0,2,61fc184dee15162b137470c50e7668b844ee8dee19a3d27d983a575fb8feda0a,472.0,47446.0,3bfb91937a9976218d0426a6ce9d2101826c02e1ff515fe043f3ee55da2d396a,40.29384288747346,SILK-NB,1.0,SILK-NB:472
pilot,2035-147961-0005,dev-clean,2035,NEG_LP,16000,1,150720,9.42,True,-24.560114668214162,-24.560707606850155,-0.0005929386359925517,0.6340306997299194,0,0,0,0fb8165b1c6e46fbad44e59ba4273fa1b214bec097d8cc4c62c5f28c36063ced,,,,,,,
pilot,2035-147961-0005,dev-clean,2035,NEG_CODEC,16000,1,150720,9.42,True,-24.560114668214162,-24.5632235483755,-0.0031088801613362166,0.6363789439201355,0,0,0,1f131edb3ac310948597f6ba5137d1976b37bcd30ee501849d18143d02a83966,472.0,80743.0,ef693b112cdaa71d894af9e2d73830563c0b0fd0db51aab398a698f1f7483881,68.5715498938429,CELT-WB,1.0,CELT-WB:472
pilot,2078-142845-0007,dev-clean,2078,REF,16000,1,331840,20.74,True,-22.923636272786,-22.923636272786,0.0,0.6226806640625,0,0,0,a0cd394267be942c52de902ae82bd6429f5c99aba2f2b5316df7c785bdb414fc,,,,,,,
pilot,2078-142845-0007,dev-clean,2078,LP,16000,1,331840,20.74,True,-22.923636272786,-23.12862428891821,-0.20498801613221543,0.6193462610244751,0,0,0,93bbc3b5ec8aeae2f77902a20fbd23ddd3b3246ab0fa49760829834548527e3f,,,,,,,
pilot,2078-142845-0007,dev-clean,2078,OPUS,16000,1,331840,20.74,True,-22.923636272786,-23.695754043414887,-0.7721177706288878,0.5539200901985168,0,0,2,397ce4f806968964292e65c8e18c63a0938a4d8727c8b131cd189ec17dbcb7de,1038.0,21118.0,070c1020e3d4ffbfaf946cd1d4e25e6a5d14d7374c7bccaa9b70ef92cd625a83,8.145805207328834,SILK-NB,1.0,SILK-NB:1038
pilot,2078-142845-0007,dev-clean,2078,SILK,16000,1,331840,20.74,True,-22.923636272786,-23.141604905651047,-0.21796863286505044,0.6092429757118225,0,0,2,1f591d55d80f3a13190af143b9a4f530236c7e09f09fa8a655cda4cfca18f847,1038.0,104975.0,b96b82390bdb1a03d6e1ddc68db296b840d7ab88ca5b6ea9a8f7df7948099102,40.49180327868853,SILK-NB,1.0,SILK-NB:1038
pilot,2078-142845-0007,dev-clean,2078,NEG_LP,16000,1,331840,20.74,True,-22.923636272786,-22.96816923847701,-0.04453296569101379,0.6213281750679016,0,0,0,6f3d3123a66183493b7d8da066b4fd2ba5bd365df3f43b33d7011cb1ab374bb4,,,,,,,
pilot,2078-142845-0007,dev-clean,2078,NEG_CODEC,16000,1,331840,20.74,True,-22.923636272786,-22.956381541375674,-0.03274526858967642,0.6159231662750244,0,0,0,032c8fce8af6c8c9444394d490b47fc143fd59a066563e368139bf91fb303bcb,1038.0,187177.0,9244f7156de1ce47df3ed1b645c00432a60b517e9f5145a2059c2d2c00105828,72.19942140790744,CELT-WB,1.0,CELT-WB:1038
pilot,2078-142845-0048,dev-clean,2078,REF,16000,1,35200,2.2,True,-24.88466464039042,-24.88466464039042,0.0,0.45135498046875,0,0,0,1f51513876c0b2cefca6702f6ec0576983b8ca21df3da72405a59d5d04f0ee12,,,,,,,
pilot,2078-142845-0048,dev-clean,2078,LP,16000,1,35200,2.2,True,-24.88466464039042,-25.10302097892259,-0.21835633853216985,0.4663124680519104,0,0,0,9ff301154efd80f774f8f43054d3c7f8cd2f33de49cb7cb638772858d1f36c70,,,,,,,
pilot,2078-142845-0048,dev-clean,2078,OPUS,16000,1,35200,2.2,True,-24.88466464039042,-25.487509601650498,-0.6028449612600779,0.4097922742366791,0,0,2,3c2d8e53d031faab4336fa2cd434ac9f596040b80a91845880bb1130b9edb6a7,111.0,2336.0,ff94a67ed8cc5e33825d93e50e721be0ed325b5a3f6343758910879ab4373dcf,8.494545454545454,SILK-NB,1.0,SILK-NB:111
pilot,2078-142845-0048,dev-clean,2078,SILK,16000,1,35200,2.2,True,-24.88466464039042,-25.097127370999903,-0.21246273060948426,0.45334315299987793,0,0,2,c8545bc6174019ac5f140cc59365f54bfc1f27aec72d47f3683ced9806bc464f,111.0,11072.0,aa8a7483b70a9456cb322308eaf7ccb0d284f78fcde95ff15dd52023787905f5,40.26181818181818,SILK-NB,1.0,SILK-NB:111
pilot,2078-142845-0048,dev-clean,2078,NEG_LP,16000,1,35200,2.2,True,-24.88466464039042,-24.927833108880012,-0.04316846848959552,0.45246851444244385,0,0,0,1c59c98a6aa9a55c0ab159f3c560415d473926ac845c18b6ed6d0c8476a17a58,,,,,,,
pilot,2078-142845-0048,dev-clean,2078,NEG_CODEC,16000,1,35200,2.2,True,-24.88466464039042,-24.913846466015936,-0.02918182562551552,0.4553186297416687,0,0,0,ed2cb62770a8cdc4af57f82595552742430a3be4583ffde50a5e9c7ae6b00105,111.0,19787.0,4b7b77bc539bb024bdd4d348d46f0633f081990eff9db353c204c7e9d04f7884,71.95272727272726,CELT-WB,1.0,CELT-WB:111
pilot,2086-149220-0012,dev-clean,2086,REF,16000,1,239920,14.995,True,-24.547299184338893,-24.547299184338893,0.0,0.637969970703125,0,0,0,3a30451f40718beac97a743e0fb570b85e47b4d831494c172c60549821f554b6,,,,,,,
pilot,2086-149220-0012,dev-clean,2086,LP,16000,1,239920,14.995,True,-24.547299184338893,-24.567714745756767,-0.020415561417877374,0.6534218788146973,0,0,0,d660a75d064306251c107edeba7b1d9b3ae47ed71de1e50e368ef0d3a697cdea,,,,,,,
pilot,2086-149220-0012,dev-clean,2086,OPUS,16000,1,239920,14.995,True,-24.547299184338893,-25.036440735900584,-0.48914155156169536,0.6396244764328003,0,0,2,91bc45253f9e744e8611e5d252b05cea5b9b7def33988f6f550dfb030246e4b9,751.0,15155.0,9baeaa941f94fe25f5904ea604c202accd2eaea4c72a9d87febc5ebda50aab6a,8.085361787262421,SILK-NB,1.0,SILK-NB:751
pilot,2086-149220-0012,dev-clean,2086,SILK,16000,1,239920,14.995,True,-24.547299184338893,-24.586659216047945,-0.03936003170905428,0.6492447853088379,0,0,2,e1160063f030521f89717ba99ae0fa580385cbe22e9de69d27e3e718055159fa,751.0,69804.0,8e6f4c50686ea885284fda41d2a30c4c45a50db013ac7f833ff018f53f7afd08,37.24121373791264,SILK-NB,1.0,SILK-NB:751
pilot,2086-149220-0012,dev-clean,2086,NEG_LP,16000,1,239920,14.995,True,-24.547299184338893,-24.54731569364357,-1.6509304676937787e-05,0.6379483342170715,0,0,0,e884f5bdb0b8b6f4bd095ef7f87c89c886de6200a1ba11c73d8d314ff7d3cffc,,,,,,,
pilot,2086-149220-0012,dev-clean,2086,NEG_CODEC,16000,1,239920,14.995,True,-24.547299184338893,-24.55398370885701,-0.006684524518117169,0.6424955129623413,0,0,0,2e8ca92b69a9a4398acc44ce3bd4f38d5034c7e8ca097568654ea9cf8d107b66,751.0,145556.0,b28e9f3555d1a29b5665e9b8f2ba98c7c79e50981cd8002fa045f06334e9b10b,77.65575191730576,CELT-WB,1.0,CELT-WB:751
pilot,2086-149220-0036,dev-clean,2086,REF,16000,1,101120,6.32,True,-24.006437098906837,-24.006437098906837,0.0,0.8193359375,0,0,0,f16644faa8b2aabf8a432a4c315a8edc50805e46dad2042f91f351b40723bdb0,,,,,,,
pilot,2086-149220-0036,dev-clean,2086,LP,16000,1,101120,6.32,True,-24.006437098906837,-24.02597913963981,-0.01954204073297252,0.8161642551422119,0,0,0,49af9a0670e12e0ff0d8d639d2c11dc38e962e94f22e702e9cbf294995fcb30e,,,,,,,
pilot,2086-149220-0036,dev-clean,2086,OPUS,16000,1,101120,6.32,True,-24.006437098906837,-24.54149982308726,-0.5350627241804227,0.7324157357215881,0,0,2,85c5ef9d722cb4d7aa14ce685de274c1ee8e102f7e03fa716a04833aea80f57f,317.0,6409.0,1f4c135639bc373d51e563ec17c39f5f26dd5007e80b0d98ac7f15b7c849c0b3,8.112658227848101,SILK-NB,1.0,SILK-NB:317
pilot,2086-149220-0036,dev-clean,2086,SILK,16000,1,101120,6.32,True,-24.006437098906837,-24.049769375527465,-0.04333227662062951,0.8435016870498657,0,0,2,954d2ecb47c938338b46bb3c421906f7ad9fe6637938009fd36705edb08d7e41,317.0,28216.0,09b3544da876cd03700a971441690278cd188ac766312048b4134399df67f5f5,35.71645569620253,SILK-NB,1.0,SILK-NB:317
pilot,2086-149220-0036,dev-clean,2086,NEG_LP,16000,1,101120,6.32,True,-24.006437098906837,-24.006462005444945,-2.4906538107433265e-05,0.8194186687469482,0,0,0,4112b3ce0cb3981e99220a3cb80b7413602d89820123fc7855254a4d323335ac,,,,,,,
pilot,2086-149220-0036,dev-clean,2086,NEG_CODEC,16000,1,101120,6.32,True,-24.006437098906837,-23.99859725087406,0.007839848032777114,0.8222392201423645,0,0,0,33c491ad7575fe8f2518796e8fd638a96b022d6bfc2d62edd536e6711d01886f,317.0,62766.0,1c2d33a0d2139006433a5b07b8010901accfa7d2df31c0e5c38337068ba43989,79.4506329113924,CELT-WB,1.0,CELT-WB:317
pilot,2277-149896-0017,dev-clean,2277,REF,16000,1,79760,4.985,True,-25.086771434208114,-25.086771434208114,0.0,0.4261474609375,0,0,0,9b5994e50e9e35255dde39d3537acf3a00304c33412b0ef80d738445ad6e2757,,,,,,,
pilot,2277-149896-0017,dev-clean,2277,LP,16000,1,79760,4.985,True,-25.086771434208114,-25.117001237966523,-0.030229803758410147,0.43066421151161194,0,0,0,5ae471f20fadf1250337353a8c710fa2167027d6e2abd0884184ed2a64c50f14,,,,,,,
pilot,2277-149896-0017,dev-clean,2277,OPUS,16000,1,79760,4.985,True,-25.086771434208114,-25.41445646767235,-0.3276850334642334,0.5027223825454712,0,0,2,640ee94b9cbe97c8c964d51f9a216fc4d9006352d59487eea3f9236db6a11d6a,250.0,5221.0,fc82da2d51969eeadc1082f49c8e365e369197be53ad14792db068b588d6278d,8.378736208625876,SILK-NB,1.0,SILK-NB:250
pilot,2277-149896-0017,dev-clean,2277,SILK,16000,1,79760,4.985,True,-25.086771434208114,-25.145430562202563,-0.05865912799444603,0.4365693926811218,0,0,2,76fcdc4fb8f746df2a9371b422e75ee3fd7580a0e5cc24f6bbe25cefe7f8b649,250.0,25179.0,4b0f00d594680e3cb545f0eb299de521d1cc94b0b4ec3d59ea692ed01a4b8ca5,40.40762286860582,SILK-NB,1.0,SILK-NB:250
pilot,2277-149896-0017,dev-clean,2277,NEG_LP,16000,1,79760,4.985,True,-25.086771434208114,-25.08929835126842,-0.002526917060300393,0.4270952641963959,0,0,0,a8c43079cd1b2481e2af6390a656b355c4410c7ca13ca365b3829b8585b58d64,,,,,,,
pilot,2277-149896-0017,dev-clean,2277,NEG_CODEC,16000,1,79760,4.985,True,-25.086771434208114,-25.09035959107209,-0.0035881568639782313,0.4284469485282898,0,0,0,7cc4697c197c132a53eb28adee1e2414a02a357d8073a4f1ef980d2cfe35f833,250.0,43121.0,67c00777fab54186a5d16a6480bbee902c327b49204a80ff3aaa822f30746a23,69.2012036108325,CELT-WB,1.0,CELT-WB:250
pilot,2277-149896-0021,dev-clean,2277,REF,16000,1,53920,3.37,True,-24.144720114862395,-24.144720114862395,0.0,0.4029541015625,0,0,0,e6cc0ad86de2881717ad740cd1a025b83814ea97659970f80fabad9f9d830ca4,,,,,,,
pilot,2277-149896-0021,dev-clean,2277,LP,16000,1,53920,3.37,True,-24.144720114862395,-24.179652090873457,-0.03493197601106082,0.3981250524520874,0,0,0,4aec4aec164d17bdfbc79890add7d5c246220f4baa5b64f998cdf7f44010a5a3,,,,,,,
pilot,2277-149896-0021,dev-clean,2277,OPUS,16000,1,53920,3.37,True,-24.144720114862395,-24.71723807005016,-0.5725179551877619,0.3780198097229004,0,0,2,0304b78fc6c2c1431ab568a237a7241ae0d20927016b4fa4a1514aa897c9dc3b,169.0,3429.0,6ac11d20c654f89c013ad0b629cb6b8a6ee62e0b5f29d9ecd76526e340508123,8.140059347181008,SILK-NB,1.0,SILK-NB:169
pilot,2277-149896-0021,dev-clean,2277,SILK,16000,1,53920,3.37,True,-24.144720114862395,-24.21180208626145,-0.06708197139905275,0.4006211757659912,0,0,2,359486fb0cb278fd3ed82f8be0e4cdcf63425e57e7f1a9d609f63948ebb020f4,169.0,17074.0,e0fd577834c97728c92c0b3f80d651949177074c9d50d1c3103bf2fc91a2166e,40.53175074183976,SILK-NB,1.0,SILK-NB:169
pilot,2277-149896-0021,dev-clean,2277,NEG_LP,16000,1,53920,3.37,True,-24.144720114862395,-24.145336673620275,-0.0006165587578794285,0.4028584957122803,0,0,0,1e00dbce719df5c2d3fbd429c93675734fdf31d244ff5b6a6112542618c98a8b,,,,,,,
pilot,2277-149896-0021,dev-clean,2277,NEG_CODEC,16000,1,53920,3.37,True,-24.144720114862395,-24.145443228914836,-0.0007231140524398457,0.4031999707221985,0,0,0,84b66615a7f4a5c5b8dc175f94c8a5aeab5b0deca6acc75b6c7fd3bd31756792,169.0,28487.0,87de791fdaf115973f5688769a908147dbaf694e50636575ce380618da08da2e,67.62492581602373,CELT-WB,1.0,CELT-WB:169
pilot,2412-153948-0015,dev-clean,2412,REF,16000,1,55440,3.465,True,-25.47963020367352,-25.47963020367352,0.0,0.845123291015625,0,0,0,9d736f6ccfef9c15064909aad2dd60f5a5fc444d97cce8646cea9b9751a9c7df,,,,,,,
pilot,2412-153948-0015,dev-clean,2412,LP,16000,1,55440,3.465,True,-25.47963020367352,-25.54026628516717,-0.06063608149365557,0.802715539932251,0,0,0,9636d80a8aad5872ae629126ca0f3ec5e5754060ca5ff257b3b58eb423117491,,,,,,,
pilot,2412-153948-0015,dev-clean,2412,OPUS,16000,1,55440,3.465,True,-25.47963020367352,-25.91400844435097,-0.43437824067745184,0.8099706768989563,0,0,2,0cae990ba18ade5eeb5ede288d111fc6e689643e34118959e1466c8a038121c2,174.0,3580.0,9a8e3a5344a0b405aeb98f25c318172ac711393d90b469204a572ecd2e51c7f6,8.265512265512266,SILK-NB,1.0,SILK-NB:174
pilot,2412-153948-0015,dev-clean,2412,SILK,16000,1,55440,3.465,True,-25.47963020367352,-25.579702576736235,-0.1000723730627172,0.8181275725364685,0,0,2,f73d861a88de8c2cf9e83b5c46dc97bb5ab837641359249b21886cc39091a7f9,174.0,15755.0,045528e6e565fca5dd00e0c23c0f3f1fa6da75ab824ee739b627b21b457c16cd,36.37518037518038,SILK-NB,1.0,SILK-NB:174
pilot,2412-153948-0015,dev-clean,2412,NEG_LP,16000,1,55440,3.465,True,-25.47963020367352,-25.48019458621891,-0.0005643825453943005,0.8448683023452759,0,0,0,2ffd2f6db75c90084bc2635d212bb9d4683be2c3c8a94b60b2843f2d475f1db1,,,,,,,
pilot,2412-153948-0015,dev-clean,2412,NEG_CODEC,16000,1,55440,3.465,True,-25.47963020367352,-25.481632990475106,-0.0020027868015881885,0.8403866291046143,0,0,0,670630cd5b2f2956ce56d9b76eab2489489224339764513abddfc6560ea92749,174.0,32910.0,792a6838df3b3bede5cf668e6807d297cc4eb074162c7f5455cfb3fe619af34a,75.98268398268398,CELT-WB,1.0,CELT-WB:174
pilot,2412-153954-0008,dev-clean,2412,REF,16000,1,43760,2.735,True,-27.08055616554752,-27.08055616554752,0.0,0.59027099609375,0,0,0,7e316bc04b5ee0d0d2971e73c74a4dec6e18334fdc57bb86734be97cc4f46b2f,,,,,,,
pilot,2412-153954-0008,dev-clean,2412,LP,16000,1,43760,2.735,True,-27.08055616554752,-27.211563719502596,-0.13100755395507524,0.4908909797668457,0,0,0,34773a81a3c68ddad2269bf6619f7429794de9e7cc3f7cabdc70ee86ee788575,,,,,,,
pilot,2412-153954-0008,dev-clean,2412,OPUS,16000,1,43760,2.735,True,-27.08055616554752,-27.506336143556748,-0.42577997800923056,0.5702402591705322,0,0,2,0a7e2a5b2004d007528fb8b5d7d4cf8445f1c115214c7e34618ff8ea0fa48eda,138.0,2840.0,ee4f581c8abadd310090e101a78b3cbfd6227b318abf66a14ac7f5ff87fbcd0f,8.307129798903109,SILK-NB,1.0,SILK-NB:138
pilot,2412-153954-0008,dev-clean,2412,SILK,16000,1,43760,2.735,True,-27.08055616554752,-27.226228307688164,-0.14567214214064161,0.5127472877502441,0,0,2,280c66290121c0932e87765dff7bfdc637b3cc2b534ca0e3b843f8c59e29f3e1,138.0,11048.0,6cfa188a2ac09bafec2811cd018443260c1573b96a557a45d6042f2f8dc81fd5,32.315904936014626,SILK-NB,1.0,SILK-NB:138
pilot,2412-153954-0008,dev-clean,2412,NEG_LP,16000,1,43760,2.735,True,-27.08055616554752,-27.081683899482837,-0.0011277339353175878,0.5906415581703186,0,0,0,88ed56631f70f0b2cdae2471abb630ed07537f5fe48bf88885059844b3e5cd68,,,,,,,
pilot,2412-153954-0008,dev-clean,2412,NEG_CODEC,16000,1,43760,2.735,True,-27.08055616554752,-27.06896129662894,0.011594868918577207,0.5945497155189514,0,0,0,f2a3fb50a11aa92020ecfdd72f0c4db5343c63c7ad2a01c1686389f8d348a152,138.0,23042.0,1ac9b731ed6c46689193e7e36d582910e26532dd15a6b4cbc2948f3b8f392c7e,67.39890310786106,CELT-WB,1.0,CELT-WB:138
pilot,2428-83699-0022,dev-clean,2428,REF,16000,1,31600,1.975,True,-25.61768185804896,-25.61768185804896,0.0,0.468994140625,0,0,0,0b295e66e0be2a4bb940b15ead6f7a5ca7e260c737a70b5842d370728a52a030,,,,,,,
pilot,2428-83699-0022,dev-clean,2428,LP,16000,1,31600,1.975,True,-25.61768185804896,-25.766266905897467,-0.1485850478485049,0.4627542793750763,0,0,0,7a601db6ad952639c8f08aaf6b9ace5e27e7e6ce16db7da7087cc5d4cc76687f,,,,,,,
pilot,2428-83699-0022,dev-clean,2428,OPUS,16000,1,31600,1.975,True,-25.61768185804896,-26.660505077860456,-1.0428232198114913,0.41567161679267883,0,0,2,b6e4553dbe8f5f61fc53bb680324a10431df3dca406f9f6c65d48133955d791c,100.0,2004.0,c8283a366a812c5fb0b9987cb0a40e9d6d201913b697bed3bc5f6e38f74c3345,8.117468354430379,SILK-NB,1.0,SILK-NB:100
pilot,2428-83699-0022,dev-clean,2428,SILK,16000,1,31600,1.975,True,-25.61768185804896,-25.7621074085356,-0.14442555048663752,0.46323737502098083,0,0,2,fae6a8fd9e3650c31956043c4491352616c4871addee0fa2ee1c06198bd8d43e,100.0,8901.0,2d84069f6b78e8ae2a56b897fae2d1b312d2da8440a4a8a4897419ed6820f9f4,36.05468354430379,SILK-NB,1.0,SILK-NB:100
pilot,2428-83699-0022,dev-clean,2428,NEG_LP,16000,1,31600,1.975,True,-25.61768185804896,-25.61820250246562,-0.0005206444166579393,0.4703011214733124,0,0,0,83326766d96f091419bbf3b7815bb083d3b1b419edecc5f51dcb25d27a665115,,,,,,,
pilot,2428-83699-0022,dev-clean,2428,NEG_CODEC,16000,1,31600,1.975,True,-25.61768185804896,-25.635909317456807,-0.018227459407847202,0.46746063232421875,0,0,0,12d48519d8f4620c4539256f695c715bbcbdd103cc7caf252b31458015a4d2a8,100.0,19153.0,b6c3624d6884f283832cd2482ec8fd8448c34d627e773978d5821f2000c7324b,77.58177215189872,CELT-WB,1.0,CELT-WB:100
pilot,2428-83699-0025,dev-clean,2428,REF,16000,1,128080,8.005,True,-26.63388557217224,-26.63388557217224,0.0,0.56524658203125,0,0,0,a0b133ad965b5c5ee12f005f304364060404c610b4dc2eb022000bbfbdc4d5e8,,,,,,,
pilot,2428-83699-0025,dev-clean,2428,LP,16000,1,128080,8.005,True,-26.63388557217224,-26.68692519538456,-0.05303962321232081,0.5623766183853149,0,0,0,56cec15eaf21d2326c1d4f2daac02c7e8680bd802e91b045a6b80ce9054acba8,,,,,,,
pilot,2428-83699-0025,dev-clean,2428,OPUS,16000,1,128080,8.005,True,-26.63388557217224,-27.55027382444105,-0.9163882522688094,0.4056997299194336,0,0,2,9c1ae3d37eeb1d63fbd4c9166ae236697c1f18f4f9df6c1110f4c888b4ceefc9,401.0,8158.0,718d6f4bfbe84ef704dca07833cd25730518fc4d73478ce6d20e0d99d728de48,8.152904434728294,SILK-NB,1.0,SILK-NB:401
pilot,2428-83699-0025,dev-clean,2428,SILK,16000,1,128080,8.005,True,-26.63388557217224,-26.71720595824683,-0.08332038607459166,0.538286566734314,0,0,2,76b75c1bcf7bf5efbe2e0c6f54188607426b97c7f87b5973d1cb7cfd88aa34fb,401.0,39084.0,c01bd77aef0bca8a3cb57c30306199db5e5934eedebdf45eaa57afc357c40ee3,39.059587757651464,SILK-NB,1.0,SILK-NB:401
pilot,2428-83699-0025,dev-clean,2428,NEG_LP,16000,1,128080,8.005,True,-26.63388557217224,-26.635622051631145,-0.0017364794589089627,0.567679762840271,0,0,0,aed48be5ea8c9b5c15371553c777d0b08c5993920a040f099f244045934141b5,,,,,,,
pilot,2428-83699-0025,dev-clean,2428,NEG_CODEC,16000,1,128080,8.005,True,-26.63388557217224,-26.628843459982367,0.005042112189870126,0.5688539743423462,0,0,0,9e237d743acda92040acd42c46e8a09d09b761571d8881700892d2c03819553d,401.0,73737.0,f05a212cbb9a9be58dd10bff6ddaa9d5c7fa3ea0730a566ed9bc21f0a6792dde,73.69094316052467,CELT-WB,1.0,CELT-WB:401
pilot,2803-154328-0008,dev-clean,2803,REF,16000,1,117920,7.37,True,-27.403518030103015,-27.403518030103015,0.0,0.456787109375,0,0,0,e93f4fa6239d7fff68f167e5f30ffda5b581efbb5caaf65c86637bb69e2648d7,,,,,,,
pilot,2803-154328-0008,dev-clean,2803,LP,16000,1,117920,7.37,True,-27.403518030103015,-27.405650635415,-0.00213260531198641,0.455070436000824,0,0,0,56f9ddf440f972c1c654f42bbee102f0d61d6cc00a37f85d1805addf252541dc,,,,,,,
pilot,2803-154328-0008,dev-clean,2803,OPUS,16000,1,117920,7.37,True,-27.403518030103015,-27.836670004434797,-0.4331519743317811,0.4570919871330261,0,0,2,f3f12612f51d80d636f785381a37021e2ef79a03080a36478b2c9334956965c0,369.0,7068.0,be5b45c29981c84e0be501bf82771a74be2bf32aa852c21c22cfd2ac8f545606,7.672184531886024,SILK-NB,1.0,SILK-NB:369
pilot,2803-154328-0008,dev-clean,2803,SILK,16000,1,117920,7.37,True,-27.403518030103015,-27.43347919891538,-0.029961168812363596,0.45207422971725464,0,0,2,63713c4e7d3a0f7541be562768d59920ac34a1c82d7f24efd938d106d5bc5e90,369.0,35678.0,10f0be53f54836e7ca9396443e4543027ce4d602e1ebd83de4a0d5c82dcf529c,38.72781546811398,SILK-NB,1.0,SILK-NB:369
pilot,2803-154328-0008,dev-clean,2803,NEG_LP,16000,1,117920,7.37,True,-27.403518030103015,-27.40366469284204,-0.00014666273902389513,0.45473527908325195,0,0,0,2f78d6716a451d8fb28212266bcb51b2419a3d855b9cdda302766ddc07b6bb60,,,,,,,
pilot,2803-154328-0008,dev-clean,2803,NEG_CODEC,16000,1,117920,7.37,True,-27.403518030103015,-27.414689941457322,-0.01117191135430715,0.4483412504196167,0,0,0,97d7bd68b4c139b43d52f34ee0726f64e2e255b7fb25cb63cf8ec93101e0ee6f,369.0,67218.0,ae90c7045e97f0785d7c3c40388c5cc1f914b565a7824fc7dd6b8d643f5121e3,72.96390773405699,CELT-WB,1.0,CELT-WB:369
pilot,2803-161169-0013,dev-clean,2803,REF,16000,1,184160,11.51,True,-31.7528209296566,-31.7528209296566,0.0,0.194732666015625,0,0,0,2629c3cf1c71aece8a5b31acb90cb245c7dc097bb103811df1706a1cc5025a33,,,,,,,
pilot,2803-161169-0013,dev-clean,2803,LP,16000,1,184160,11.51,True,-31.7528209296566,-31.754555781891884,-0.0017348522352816137,0.19381433725357056,0,0,0,5d6da898ee425a66e0f7a1b3375929f6e3bacc128b1321bd0254860b6707f300,,,,,,,
pilot,2803-161169-0013,dev-clean,2803,OPUS,16000,1,184160,11.51,True,-31.7528209296566,-32.328491571939495,-0.5756706422828879,0.19485163688659668,0,0,2,d014d0ea1474c57fc016d71a6681332847974f11bc65278062a4a8c2d1111d90,576.0,10890.0,f3e9d3d0ca490b48baea6ae0cd8f469683af96daa8f959311d22037aec8ce96f,7.569070373588184,SILK-NB,1.0,SILK-NB:576
pilot,2803-161169-0013,dev-clean,2803,SILK,16000,1,184160,11.51,True,-31.7528209296566,-31.773682353841263,-0.020861424184659208,0.19315193593502045,0,0,2,c5f37b4bf7d1f9ba6b7620dfc3c625d5465ba4a2264e993af47bbb0479da6f98,576.0,51146.0,a3baa2c1b15130b1735e674d42b7d6848060e798eb04fb253616367f67bac6f5,35.54891398783666,SILK-NB,1.0,SILK-NB:576
pilot,2803-161169-0013,dev-clean,2803,NEG_LP,16000,1,184160,11.51,True,-31.7528209296566,-31.75285577903887,-3.484938226612784e-05,0.19484663009643555,0,0,0,ef38187097bf66e3e44af26ee2ab5385166964bf3d846600131322c6e9c6d325,,,,,,,
pilot,2803-161169-0013,dev-clean,2803,NEG_CODEC,16000,1,184160,11.51,True,-31.7528209296566,-31.742577512787737,0.01024341686886712,0.19496993720531464,0,0,0,c305bf5ecd9cc4810c10d01be1ac76ede6bb1c1934d7b83618dcb749fc487b0a,576.0,105489.0,73de6488f82668185abc8f0bbb9ed14070fc2ce974c3d0b6222262c9111fb1ff,73.31989574283232,CELT-WB,1.0,CELT-WB:576
pilot,2902-9008-0005,dev-clean,2902,REF,16000,1,83360,5.21,True,-29.39444484004912,-29.39444484004912,0.0,0.290130615234375,0,0,0,3dd4401661bdd72d64e643629ea9a48fb62255db9a2bbca2f64eca6ec65c3c4c,,,,,,,
pilot,2902-9008-0005,dev-clean,2902,LP,16000,1,83360,5.21,True,-29.39444484004912,-29.416392898284684,-0.021948058235567867,0.28886598348617554,0,0,0,2d69e4981655a281f0c09a77ba454d50b3de5891f90dffdb52ec6ad0ac179a0e,,,,,,,
pilot,2902-9008-0005,dev-clean,2902,OPUS,16000,1,83360,5.21,True,-29.39444484004912,-29.998721712713095,-0.6042768726639776,0.2873842120170593,0,0,2,87fb46caa5b734f0ab2dba2e3693b6d6cd742a203baddf2b2bbfb42d2a333ab7,261.0,5108.0,c1a294b35d88d2de5a52c17b5074df2f7b95a9512adb922fb83ddee891387be0,7.843378119001919,SILK-NB,1.0,SILK-NB:261
pilot,2902-9008-0005,dev-clean,2902,SILK,16000,1,83360,5.21,True,-29.39444484004912,-29.446467417203976,-0.05202257715485882,0.2853686213493347,0,0,2,935a198d51acb6c7ce0b503ef885e5d69f2eb23191c6a43ee14d03d392e3ba3b,261.0,26016.0,50aa912339007f590b492a72772b3ba0e67cd6540cd045d4d57c82a0dc90238e,39.94779270633397,SILK-NB,1.0,SILK-NB:261
pilot,2902-9008-0005,dev-clean,2902,NEG_LP,16000,1,83360,5.21,True,-29.39444484004912,-29.398225753159814,-0.0037809131106998147,0.2900317311286926,0,0,0,a9a525abf339a47ebe63b93a7222c4643730a4b8f3c32ed857a902cdb4269084,,,,,,,
pilot,2902-9008-0005,dev-clean,2902,NEG_CODEC,16000,1,83360,5.21,True,-29.39444484004912,-29.388942875895786,0.005501964153330471,0.2928352653980255,0,0,0,ffa2349dba49e93b6ec94977afa668f166ec6300e93bf96005c29c50f507f383,261.0,42511.0,10952e6a0cd276eb462d502790916255953db74d6665da8007b6f1a58f539ffe,65.27600767754319,CELT-WB,1.0,CELT-WB:261
pilot,2902-9008-0014,dev-clean,2902,REF,16000,1,215840,13.49,True,-28.813484361805997,-28.813484361805997,0.0,0.403839111328125,0,0,0,7dadbb1195367307b11df485d8259e84cfa544275213a68cd4d15694d4db303e,,,,,,,
pilot,2902-9008-0014,dev-clean,2902,LP,16000,1,215840,13.49,True,-28.813484361805997,-28.85841307166782,-0.044928709861825865,0.4049304127693176,0,0,0,60c1b1aa4094a3e8bf2747d8e403f183cb0523703fca13f953ac4d08bb6ead5f,,,,,,,
pilot,2902-9008-0014,dev-clean,2902,OPUS,16000,1,215840,13.49,True,-28.813484361805997,-29.42468482696699,-0.6112004651609964,0.4031638503074646,0,0,2,ce4ef9633b6772af5ff8ddcc085db1df7255eb2f829a8933d86d3460614bdf7c,675.0,13443.0,48f7b677640bc5f1870ccbc80085321228ffb5aea725d3c688260838e02da2c4,7.972127501853224,SILK-NB,1.0,SILK-NB:675
pilot,2902-9008-0014,dev-clean,2902,SILK,16000,1,215840,13.49,True,-28.813484361805997,-28.884983890312913,-0.07149952850692058,0.40234872698783875,0,0,2,ca338fb49211073def2d6f0eec7e2722cacb8df4f66768509440518c24818e59,675.0,67816.0,fd716f30f81b7c8f162036e1c95c93be060fbc0effd142b28cac264b0e6aee91,40.21704966641957,SILK-NB,1.0,SILK-NB:675
pilot,2902-9008-0014,dev-clean,2902,NEG_LP,16000,1,215840,13.49,True,-28.813484361805997,-28.820967518793857,-0.0074831569878621735,0.40367308259010315,0,0,0,32975a1fd7704780aef8d0048911dce3a2b88b0bb9b6273e3e9b35f94098b5f7,,,,,,,
pilot,2902-9008-0014,dev-clean,2902,NEG_CODEC,16000,1,215840,13.49,True,-28.813484361805997,-28.812314217751776,0.001170144054220705,0.4037960171699524,0,0,0,370ddecd5924c47a155baf1a60e8e40edc175efdbcc847b9e0ca8cb0c6176d2c,675.0,113690.0,d2cc1412ef428795d2e02159ef0613b80a3ac9266c8ff6c1e0acbde608f5c426,67.42179392142327,CELT-WB,1.0,CELT-WB:675
pilot,3000-15664-0001,dev-clean,3000,REF,16000,1,333760,20.86,True,-23.195077782233696,-23.195077782233696,0.0,0.725006103515625,0,0,0,222e09f0ef719fe6a1ca57c47a9c7bd96f85b5750b48d5280994e10f7d9344f2,,,,,,,
pilot,3000-15664-0001,dev-clean,3000,LP,16000,1,333760,20.86,True,-23.195077782233696,-23.235847286520407,-0.04076950428671414,0.7265697121620178,0,0,0,7709a657995e4e1dcb84738aaf752c41db3744c3789d707d011706cc1fd5d591,,,,,,,
pilot,3000-15664-0001,dev-clean,3000,OPUS,16000,1,333760,20.86,True,-23.195077782233696,-23.651206000405615,-0.4561282181719193,0.6830601096153259,0,0,2,20f8766b49a096fc1c126e081dd87daa4bcfbdcdcfcd38b2fd9d068077d55e28,1044.0,21211.0,c5d29169c48c7132bbf7db40cd0f80afe1c07b6361ff19b80ad2ae2039012b85,8.134611697027804,SILK-NB,1.0,SILK-NB:1044
pilot,3000-15664-0001,dev-clean,3000,SILK,16000,1,333760,20.86,True,-23.195077782233696,-23.2352351730051,-0.040157390771408966,0.7345521450042725,0,0,2,2c5be0af070140baf53bf02fcdb2a3d1a497783bec009c57fc94a5ebc72fd57b,1044.0,92748.0,47cdd9500c5a00d137837286898ba3f40189a0bee3a82e9aea19fe4d46f1cf7d,35.56970278044104,SILK-NB,1.0,SILK-NB:1044
pilot,3000-15664-0001,dev-clean,3000,NEG_LP,16000,1,333760,20.86,True,-23.195077782233696,-23.200760049715953,-0.005682267482257981,0.7237972021102905,0,0,0,c542034420aa33fbc17fc1db1b9dd625aad6c0d7f1b1b6abf0eb42dc936a2884,,,,,,,
pilot,3000-15664-0001,dev-clean,3000,NEG_CODEC,16000,1,333760,20.86,True,-23.195077782233696,-23.1874188370276,0.007658945206094666,0.7263116240501404,0,0,0,0e26820c77d83bfb950d8fdf8e05cc77b9c046c1024e1060d1583e2fd3c59a4f,1044.0,193108.0,270357f71ff8eed70264d46e8d335244d7f84d7d2f605f37e9e47a1d4925aeb4,74.05867689357622,CELT-WB,1.0,CELT-WB:1044
pilot,3000-15664-0024,dev-clean,3000,REF,16000,1,226400,14.15,True,-22.703824748950446,-22.703824748950446,0.0,0.750762939453125,0,0,0,bd4dd461b538ddc62b165ca65ed17056959c2c74783c423e4235ea169a97e4ec,,,,,,,
pilot,3000-15664-0024,dev-clean,3000,LP,16000,1,226400,14.15,True,-22.703824748950446,-22.73356442589721,-0.029739676946762567,0.7500749230384827,0,0,0,4732bc45332c8dbffa4e79de3d53d66d59862de18fdd1caaa772bdef2801a2b7,,,,,,,
pilot,3000-15664-0024,dev-clean,3000,OPUS,16000,1,226400,14.15,True,-22.703824748950446,-23.19900159414415,-0.4951768451936989,0.7807976603507996,0,0,2,930ac96e4c88d98ff600f9c7acc92cbf5ec186cc417465e9313e481e2eb71751,708.0,14867.0,e4634b0b8886afeeaa09215199afc0c8f81f53ddda79a1a75e327d465ee0b32b,8.405371024734983,SILK-NB,1.0,SILK-NB:708
pilot,3000-15664-0024,dev-clean,3000,SILK,16000,1,226400,14.15,True,-22.703824748950446,-22.738527202832145,-0.034702453881695905,0.7654827237129211,0,0,2,10ab1194681f2e7d857d94d11d6f81b4c2fc2e602be5f4d7de6ac93f5bdabe7f,708.0,66908.0,b1a4c47a9be9f4bfc487b336d9eae4834cded295b95034e43f38221616f53eef,37.8278445229682,SILK-NB,1.0,SILK-NB:708
pilot,3000-15664-0024,dev-clean,3000,NEG_LP,16000,1,226400,14.15,True,-22.703824748950446,-22.70838300169254,-0.004558252742090149,0.7507131099700928,0,0,0,7470062367270f62eea80b751f43ed5cb46324b02fb56260d9ca82777e7e2f77,,,,,,,
pilot,3000-15664-0024,dev-clean,3000,NEG_CODEC,16000,1,226400,14.15,True,-22.703824748950446,-22.69533227380162,0.008492475148830784,0.7505586743354797,0,0,0,347fc50e6f38dd0c3f1b7f71dac388136ed36ab619d90508c7d58dcece226c20,708.0,132282.0,0da571f90596cc562903827f89c0bf5087659c93198220b68239051d667ca63a,74.78840989399292,CELT-WB,1.0,CELT-WB:708
pilot,3081-166546-0042,dev-clean,3081,REF,16000,1,83120,5.195,True,-34.82724326555203,-34.82724326555203,0.0,0.179931640625,0,0,0,013ea249f7d8448cfce1f93ca97f31940ba09a85e12e562c921675d0b3b2d0db,,,,,,,
pilot,3081-166546-0042,dev-clean,3081,LP,16000,1,83120,5.195,True,-34.82724326555203,-36.42189426436828,-1.5946509988162514,0.15179120004177094,0,0,0,2c490b5cc131a8d6227dfbc9725cac70c1c412ce9ffa368fcbdd3c4e305a920c,,,,,,,
pilot,3081-166546-0042,dev-clean,3081,OPUS,16000,1,83120,5.195,True,-34.82724326555203,-37.19634315411061,-2.36909988855858,0.14057523012161255,0,0,2,287968b303f9e0ad8815e98b47b464234affe55d849c23e0d3e41df0b96a6432,261.0,5021.0,0f59139976caa43ac60bf39e381dc73f3eba61555207863f8c682203a80c98ca,7.732050048123194,SILK-NB,1.0,SILK-NB:261
pilot,3081-166546-0042,dev-clean,3081,SILK,16000,1,83120,5.195,True,-34.82724326555203,-36.51474445871245,-1.6875011931604225,0.15059684216976166,0,0,2,e13343d64892d0fda9dbcadd06c12e5c6354f00e218cffa74ea353ca45f02942,261.0,25422.0,d9eb1b72f885f2e53dcbc4036a64be56aacc794ab5c5f9c7c3f7b51d153c341f,39.14841193455245,SILK-NB,1.0,SILK-NB:261
pilot,3081-166546-0042,dev-clean,3081,NEG_LP,16000,1,83120,5.195,True,-34.82724326555203,-35.35192523900149,-0.5246819734494578,0.16663971543312073,0,0,0,f4b09b33de885de05154cb224ea0a9edb0cd30e348d94415bf81466e9c131a9d,,,,,,,
pilot,3081-166546-0042,dev-clean,3081,NEG_CODEC,16000,1,83120,5.195,True,-34.82724326555203,-35.20975116620118,-0.3825079006491543,0.17171603441238403,0,0,0,1a495ef7051a755d4545c9a565e93d5cc76eb70423b32963889aa4e5b840e593,261.0,48378.0,b4065a298ae2978fc8fcd45295e32ec6ec7b31cd17e4fff6d01ec50b9a65e617,74.49932627526466,CELT-WB,1.0,CELT-WB:261
pilot,3081-166546-0085,dev-clean,3081,REF,16000,1,180560,11.285,True,-38.395853139164856,-38.395853139164856,0.0,0.129241943359375,0,0,0,0633bf4415a359db769238ebc3a19ea1ae161d9f8dd3424a9fb067c085b62d36,,,,,,,
pilot,3081-166546-0085,dev-clean,3081,LP,16000,1,180560,11.285,True,-38.395853139164856,-40.0287211184931,-1.632867979328243,0.08812348544597626,0,0,0,a9e04f74b2df72a9096a09f1a1ad64280f3dee9da76776dd453581df7e03f9f4,,,,,,,
pilot,3081-166546-0085,dev-clean,3081,OPUS,16000,1,180560,11.285,True,-38.395853139164856,-40.97274238133267,-2.5768892421678142,0.08160965889692307,0,0,2,bc9fa4f6fdbfec1241f85e9e7d991afff2fbffc9906f27c40623edc440201add,565.0,10870.0,158d64927949081a32b2939ad14d4a343e1281547ab59adcd2a835fb3b431aba,7.705804164820558,SILK-NB,1.0,SILK-NB:565
pilot,3081-166546-0085,dev-clean,3081,SILK,16000,1,180560,11.285,True,-38.395853139164856,-40.14572278615624,-1.7498696469913877,0.08697730302810669,0,0,2,21179de643839e54a4a315da4054b64d87eb89686acb228065844befb381011a,565.0,53771.0,a211c9d4923ef3057f8bffd8d1bb514eb019b9bceb62a015d9a9f4965a602ea4,38.11856446610545,SILK-NB,1.0,SILK-NB:565
pilot,3081-166546-0085,dev-clean,3081,NEG_LP,16000,1,180560,11.285,True,-38.395853139164856,-39.07489523829235,-0.6790420991274884,0.0982503741979599,0,0,0,1883fd36dbf6551dfd16ac7497fb9ff2704666df44152669767ac53b566513ac,,,,,,,
pilot,3081-166546-0085,dev-clean,3081,NEG_CODEC,16000,1,180560,11.285,True,-38.395853139164856,-38.87059986661877,-0.47474672745391533,0.0949898213148117,0,0,0,88b9945b7da4eb9ac7964fa0f25b5376fee6b2494cdd8a67e715c61a64a1a69f,565.0,103519.0,a8f8b483a9efb84bbc04d6f36b7ddaefc667670165caf15f5ceb746beb0255f8,73.38520159503767,CELT-WB,1.0,CELT-WB:565
pilot,3576-138058-0001,dev-clean,3576,REF,16000,1,172480,10.78,True,-24.337443647230312,-24.337443647230312,0.0,0.3856201171875,0,0,0,249a602bf12957b538a7879e2005b925e763449099bb394d1a1d0b86359afef8,,,,,,,
pilot,3576-138058-0001,dev-clean,3576,LP,16000,1,172480,10.78,True,-24.337443647230312,-24.690270146443524,-0.3528264992132099,0.3834443688392639,0,0,0,31c1e643b4096470f45e4f4b1af8c656f7af4c7140ebaf6924405c59ab1c2f95,,,,,,,
pilot,3576-138058-0001,dev-clean,3576,OPUS,16000,1,172480,10.78,True,-24.337443647230312,-25.15428812096634,-0.8168444737360258,0.3675215244293213,0,0,2,408daf256ef6b5aa78c4de71222d6bfb46d43745014b553fd6aca22ea03511cd,540.0,11100.0,5e37a2ed6b34f390bc49983e3fe9e4c3f8f2c861bb629578496ee93038700962,8.237476808905381,SILK-NB,1.0,SILK-NB:540
pilot,3576-138058-0001,dev-clean,3576,SILK,16000,1,172480,10.78,True,-24.337443647230312,-24.69377858423762,-0.3563349370073071,0.37959393858909607,0,0,2,49410ed5bffd80ecdc35f8c1d9f08c548f460a18afb1947d78c4c46c817b7c1a,540.0,54745.0,c8a442cb160c5c8f6f5480b92247c687fcfa030ece08283aa258fc2bb3ecea38,40.627087198515774,SILK-NB,1.0,SILK-NB:540
pilot,3576-138058-0001,dev-clean,3576,NEG_LP,16000,1,172480,10.78,True,-24.337443647230312,-24.360078394473348,-0.022634747243032955,0.3860946297645569,0,0,0,7556450aa5ef6b765ad726badea583c62e9cc9beb1eb62108f9adedc50b1f99f,,,,,,,
pilot,3576-138058-0001,dev-clean,3576,NEG_CODEC,16000,1,172480,10.78,True,-24.337443647230312,-24.364796915148897,-0.02735326791858268,0.38168948888778687,0,0,0,4cf4b56d2acde16957171bd7c9cdf3a296a76236e4d4ef2f8f988e28ffbc657d,540.0,96299.0,cc075ddd068bdcd35a92a2903710b9f9c831f33ea0eecc14c324ed6490d315ec,71.46493506493506,CELT-WB,1.0,CELT-WB:540
pilot,3576-138058-0005,dev-clean,3576,REF,16000,1,266480,16.655,True,-25.929540350787196,-25.929540350787196,0.0,0.538330078125,0,0,0,ad0ab314f5cb1e459744c19f60757c07cc2156e045805c1d7cf3593c627d2442,,,,,,,
pilot,3576-138058-0005,dev-clean,3576,LP,16000,1,266480,16.655,True,-25.929540350787196,-26.081487309841908,-0.1519469590547113,0.5398370027542114,0,0,0,2bb5195c539045e4f91d7dcb65e336aa9feff12e6970093a70cb568ff270ac5b,,,,,,,
pilot,3576-138058-0005,dev-clean,3576,OPUS,16000,1,266480,16.655,True,-25.929540350787196,-26.465129278890664,-0.5355889281034677,0.5235841274261475,0,0,2,05e5cf9674c8cfe519a8f4c01debfbabd31ca2738e2e70c4e1b050032fb34db5,834.0,17355.0,c4d78b47ef2114acc12d5a83be55aa18930efbc2c9c5dcd50f7a3b938e6503f0,8.336235364755328,SILK-NB,1.0,SILK-NB:834
pilot,3576-138058-0005,dev-clean,3576,SILK,16000,1,266480,16.655,True,-25.929540350787196,-26.08710984105343,-0.15756949026623362,0.5335115790367126,0,0,2,7f08e71cccb1f302b4459ca95645b2d7d156ba89baaaad5fa29cfdf9514a3a30,834.0,84420.0,0cfe33e4e5495ac7128c5e718b9737f2f62c4f4562513f092dcc020c302722b3,40.54998498949264,SILK-NB,1.0,SILK-NB:834
pilot,3576-138058-0005,dev-clean,3576,NEG_LP,16000,1,266480,16.655,True,-25.929540350787196,-25.947403542439456,-0.017863191652261905,0.5379996299743652,0,0,0,5688857f5bcf672d8a0e96a79200b5525829ebd7e9d4d699b0e1fc6feea75f6a,,,,,,,
pilot,3576-138058-0005,dev-clean,3576,NEG_CODEC,16000,1,266480,16.655,True,-25.929540350787196,-25.94977494629884,-0.02023459551164846,0.5411078929901123,0,0,0,f9f1fa5c91b8447a58858677f42ac9c90442b0e272a764c69cbb4e38212eeda4,834.0,151943.0,55ee2e2fffcfe166269e800fe38990b172a71497027cd34156e3519ea26ffb80,72.98372861002701,CELT-WB,1.0,CELT-WB:834
pilot,3752-4944-0026,dev-clean,3752,REF,16000,1,40800,2.55,True,-16.705301796408115,-16.705301796408115,0.0,0.6761474609375,0,0,0,bafc566a7db014ed94d17024e5570d0e5182e25ce082b58190dbb7cbd525143d,,,,,,,
pilot,3752-4944-0026,dev-clean,3752,LP,16000,1,40800,2.55,True,-16.705301796408115,-16.71969631771168,-0.014394521303564486,0.6714215874671936,0,0,0,c690419cf8f5159d8ce27a03b1c6529e14826050e18a3717ae904f010c41b3c9,,,,,,,
pilot,3752-4944-0026,dev-clean,3752,OPUS,16000,1,40800,2.55,True,-16.705301796408115,-17.410177812473975,-0.70487601606586,0.6880344152450562,0,0,2,8829e493ea79622972912c52af2bc302635dd5ee906cd9409e4a441293f2b44a,128.0,2736.0,a79836a345df418470c075712393d74e32bd099a2c17ebeceec0fdc99c60b8b1,8.583529411764706,SILK-NB,1.0,SILK-NB:128
pilot,3752-4944-0026,dev-clean,3752,SILK,16000,1,40800,2.55,True,-16.705301796408115,-16.741039849991736,-0.035738053583620685,0.6765328049659729,0,0,2,717411f179131ec974c786bf11e0f86f50d1b59f8debfc5ced3513c1f44eea25,128.0,12508.0,b95f3638c44b8ee82c563f579a5144bf984621b6b65fddf1556df589a21d0147,39.24078431372549,SILK-NB,1.0,SILK-NB:128
pilot,3752-4944-0026,dev-clean,3752,NEG_LP,16000,1,40800,2.55,True,-16.705301796408115,-16.705415375701595,-0.00011357929348094064,0.6758010983467102,0,0,0,fe26f326208da5e01c11050498f9f53a3cecb001cfa23457e528279185155c1c,,,,,,,
pilot,3752-4944-0026,dev-clean,3752,NEG_CODEC,16000,1,40800,2.55,True,-16.705301796408115,-16.7105825654025,-0.005280768994387289,0.6735402941703796,0,0,0,97d00ef9ed6866c5699e19c028452040022566bca41d60b12ecff94e7a6f1011,128.0,25131.0,7886508f1d49b4342897b1a79f84cda18f8e91c3ca1be71ee1e93218dc52fbb2,78.84235294117647,CELT-WB,1.0,CELT-WB:128
pilot,3752-4944-0052,dev-clean,3752,REF,16000,1,126800,7.925,True,-17.616614865020995,-17.616614865020995,0.0,0.951507568359375,0,0,0,538dcdb804b74b4f7e52c294e58cf0e410531527020fe6963d952fdf51835f85,,,,,,,
pilot,3752-4944-0052,dev-clean,3752,LP,16000,1,126800,7.925,True,-17.616614865020995,-17.735975098149172,-0.1193602331281767,0.9470836520195007,0,0,0,904c48836da78747de4d8ced5de611217a965b708795e4cdeb2676f03482f227,,,,,,,
pilot,3752-4944-0052,dev-clean,3752,OPUS,16000,1,126800,7.925,True,-17.616614865020995,-18.395703371562707,-0.7790885065417081,0.8993334174156189,0,0,2,3402ead08a81412f2f6b72cf0a7911c9999b2c7f55272bb1d59b2aaf1e132e3c,397.0,8180.0,a2e66d5bf2d4649e7af5edac1273b0c11d8fce6054653a56fbc4c576b1ad65dd,8.257413249211357,SILK-NB,1.0,SILK-NB:397
pilot,3752-4944-0052,dev-clean,3752,SILK,16000,1,126800,7.925,True,-17.616614865020995,-17.73969804020345,-0.12308317518245254,0.9370798468589783,0,0,2,bf05160b4a52fcb028efb68462e1f11a6e169d582fd970aefdf11295f02813be,397.0,39800.0,25548110bbf05c020d7692d96243947fb3ee48ad69f7e2ee93162b63de63c7d4,40.17665615141956,SILK-NB,1.0,SILK-NB:397
pilot,3752-4944-0052,dev-clean,3752,NEG_LP,16000,1,126800,7.925,True,-17.616614865020995,-17.621993788167913,-0.0053789231469132896,0.9455041289329529,0,0,0,c08226c8b0bb02fd577e29dbd5d153733bd17efba87b1a88fb6e3c59c89fd57d,,,,,,,
pilot,3752-4944-0052,dev-clean,3752,NEG_CODEC,16000,1,126800,7.925,True,-17.616614865020995,-17.614954494645186,0.0016603703758117391,0.9439232349395752,0,0,0,d532eb51ab615af84414d2c524e2a21c57fd1f979db3d929031736a50f4c30fd,397.0,75279.0,27453d7b6ecfb5b35a57b505b36ec74be92680777d94f4cbd554632d3acd1f53,75.99141955835962,CELT-WB,1.0,CELT-WB:397
pilot,3853-163249-0012,dev-clean,3853,REF,16000,1,236320,14.77,True,-21.871510413547664,-21.871510413547664,0.0,0.681976318359375,0,0,0,deb2148ed9ca93f76c4e92e0a8ee24fac180c38bdbb9a82326db157702c31929,,,,,,,
pilot,3853-163249-0012,dev-clean,3853,LP,16000,1,236320,14.77,True,-21.871510413547664,-22.697615965270536,-0.8261055517228676,0.6208269000053406,0,0,0,2e4658ffaddfeadd172c9a8c0739496d8d89336ded2884fac64ca5cbebf4340c,,,,,,,
pilot,3853-163249-0012,dev-clean,3853,OPUS,16000,1,236320,14.77,True,-21.871510413547664,-23.221144047181067,-1.3496336336333992,0.6047872304916382,0,0,2,4d9531cfa9d55c9709866bd55380750762be6b6937f2469a46bad88f27bf1c9a,739.0,15559.0,3ce4e39f918efa6cd83b7a885dddbf400ce4cd8292bc69ff9084a376e5697636,8.427352742044686,SILK-NB,1.0,SILK-NB:739
pilot,3853-163249-0012,dev-clean,3853,SILK,16000,1,236320,14.77,True,-21.871510413547664,-22.68393160183944,-0.8124211882917745,0.6481717228889465,0,0,2,7d14501e5d09d2841c634a0d73efd55ef5659a28a59e2fb7ddc9bd9f2b7fa71c,739.0,72909.0,79b2dab4205a446e7119db88b8fa393c70314802f95eb689263bf8403cb6e19c,39.490318212593095,SILK-NB,1.0,SILK-NB:739
pilot,3853-163249-0012,dev-clean,3853,NEG_LP,16000,1,236320,14.77,True,-21.871510413547664,-21.903599543490174,-0.03208912994250996,0.7051810026168823,0,0,0,e5803df823cbe2276ee3d0bd165985d798d8c23a9aae5a97e7af8b2da0ffbc59,,,,,,,
pilot,3853-163249-0012,dev-clean,3853,NEG_CODEC,16000,1,236320,14.77,True,-21.871510413547664,-21.894792067797884,-0.0232816542502175,0.7014065980911255,0,0,0,82cf92c89a47fb774ef3d02ac185aa5e9c3cb71c58300996b8aabcfefd81b0dd,739.0,133888.0,0841a300030d91e1db291cdd5440becc7b2914a1b6d5784ed713be698e4c457b,72.51888964116452,CELT-WB,1.0,CELT-WB:739
pilot,3853-163249-0020,dev-clean,3853,REF,16000,1,97120,6.07,True,-14.586289291828097,-14.586289291828097,0.0,0.697967529296875,0,0,0,b85a7ce02202bb9e6f62a8daef977ef2f01a83a0771d07b5d3b37bcc592ee0eb,,,,,,,
pilot,3853-163249-0020,dev-clean,3853,LP,16000,1,97120,6.07,True,-14.586289291828097,-14.612843023008084,-0.02655373117998775,0.6965112686157227,0,0,0,a65049245d88f3d76701b36efa0d9622a462817590d84074adc7a353464f8068,,,,,,,
pilot,3853-163249-0020,dev-clean,3853,OPUS,16000,1,97120,6.07,True,-14.586289291828097,-15.276080950956775,-0.6897916591286783,0.7905169725418091,0,0,2,5ea3a96a99251c5ddd22c473eb5fbc208eddd444c0b3338635848e007c47957f,304.0,6463.0,ee4a3ce58aec2cbb67b7033ee1c00462f07ce2107c244f86e31d0d00bd32d328,8.517957166392092,SILK-NB,1.0,SILK-NB:304
pilot,3853-163249-0020,dev-clean,3853,SILK,16000,1,97120,6.07,True,-14.586289291828097,-14.642812160686896,-0.05652286885879955,0.7114415168762207,0,0,2,f96b24d2c0b5d24914ceba80cf6a17af0214e2dc51fd7d06347eaeeee035a3fb,304.0,31103.0,cf5859cb74e7d9049db95a4c598ef417561ebc745df30081caf55d6dfcac363b,40.992421746293246,SILK-NB,1.0,SILK-NB:304
pilot,3853-163249-0020,dev-clean,3853,NEG_LP,16000,1,97120,6.07,True,-14.586289291828097,-14.588098272446802,-0.0018089806187041378,0.6966321468353271,0,0,0,122f947ed50500e18e91a730153756b42f36d9d9aa121531956bd7844fafdb74,,,,,,,
pilot,3853-163249-0020,dev-clean,3853,NEG_CODEC,16000,1,97120,6.07,True,-14.586289291828097,-14.59802497285879,-0.011735681030693577,0.7039077877998352,0,0,0,6a488c3ebd179d5e9ca038186ad2f3e67b448f6aa8be001c7f36c65d749dfe7f,304.0,52831.0,ddbf7e95768ffc1366848f9d0ec25a1c2579edd57562988ca61df7f5b07e6f60,69.62899505766062,CELT-WB,1.0,CELT-WB:304
pilot,5338-24640-0009,dev-clean,5338,REF,16000,1,194000,12.125,True,-25.242251441783132,-25.242251441783132,0.0,0.632415771484375,0,0,0,c421fe81aca80a3c47112282388da9790842fabd575b3ffad63cca502dda2af7,,,,,,,
pilot,5338-24640-0009,dev-clean,5338,LP,16000,1,194000,12.125,True,-25.242251441783132,-25.46440582832077,-0.22215438653764244,0.6239811182022095,0,0,0,fe712e049ce5f7571163ec31f7d5e4415fb3acf39c98ae8f6866851c6b639c44,,,,,,,
pilot,5338-24640-0009,dev-clean,5338,OPUS,16000,1,194000,12.125,True,-25.242251441783132,-25.947506472288154,-0.7052550305050214,0.5872495174407959,0,0,2,b7e90208e8f747f044466111eb2e8571e7bfa7fccb2b0a2d42fc9d8fe1b07f36,607.0,12689.0,89a36edfeb8b66b1e72ff0ee907809e81d3b0b4f449acb8d06033bf61e8e4d62,8.372123711340206,SILK-NB,1.0,SILK-NB:607
pilot,5338-24640-0009,dev-clean,5338,SILK,16000,1,194000,12.125,True,-25.242251441783132,-25.493214633412396,-0.2509631916292646,0.6268167495727539,0,0,2,385abea30bb68a9ccb6c5cd1e5c5871ce0bc6b1a9e9585713f85b368096e238f,607.0,59958.0,2c50e81c3cd071aa2bfcb77cbffd55bab93340b61ac8f3854e9aff35d4de6e19,39.5599175257732,SILK-NB,1.0,SILK-NB:607
pilot,5338-24640-0009,dev-clean,5338,NEG_LP,16000,1,194000,12.125,True,-25.242251441783132,-25.266389535910264,-0.024138094127131145,0.6328652501106262,0,0,0,a28f2cd970dbd1118cbf3285429534c10d2d0d123f70d7537223c922f29ddc9b,,,,,,,
pilot,5338-24640-0009,dev-clean,5338,NEG_CODEC,16000,1,194000,12.125,True,-25.242251441783132,-25.25451935492393,-0.012267913140794572,0.6321935057640076,0,0,0,6035e8e6fecc99fc4fb9b0d132475b8453a8afc0aa487060986faddb79c263fe,607.0,114843.0,bcf9120d233b1c980f5fa4263173710b05a3530cd1d23ffb135588bfc988fb7b,75.77270103092783,CELT-WB,1.0,CELT-WB:607
pilot,5338-284437-0026,dev-clean,5338,REF,16000,1,254800,15.925,True,-25.641444688973305,-25.641444688973305,0.0,0.663482666015625,0,0,0,f8dca32aa95fea3f1c29648985f2e867835cf4af1b8ae0ada3a9d8f7b136f2d6,,,,,,,
pilot,5338-284437-0026,dev-clean,5338,LP,16000,1,254800,15.925,True,-25.641444688973305,-25.7381912379587,-0.09674654898539306,0.6733034253120422,0,0,0,2322d5ba798366c251722408c4a7d8fce45b5571b3a3cd51df7ab0806059e931,,,,,,,
pilot,5338-284437-0026,dev-clean,5338,OPUS,16000,1,254800,15.925,True,-25.641444688973305,-26.20368442021116,-0.5622397312378556,0.7448259592056274,0,0,2,74788369ed22226d81de08e21550bcf01fd11810622c56b4ece1198d3fca52e0,797.0,16714.0,ec595b965eb6c9c465bd6f991930169f3494ae20e3b9f339e98ba4636926d544,8.396357927786498,SILK-NB,1.0,SILK-NB:797
pilot,5338-284437-0026,dev-clean,5338,SILK,16000,1,254800,15.925,True,-25.641444688973305,-25.7626329021657,-0.1211882131923918,0.6782302260398865,0,0,2,6069097d23570aad2009e147798bf4f449370721f98829aa2c743fd08b03a52c,797.0,79390.0,df1ad2067ed644da2337cd80f6e4897fee237ea582ad054821070f9e8b4092ab,39.88194662480377,SILK-NB,1.0,SILK-NB:797
pilot,5338-284437-0026,dev-clean,5338,NEG_LP,16000,1,254800,15.925,True,-25.641444688973305,-25.68572910870418,-0.04428441973087209,0.663657009601593,0,0,0,dee504c0ed403913accabc5d5d816a3baad27bdc2cb8ea6f05b33639ab090536,,,,,,,
pilot,5338-284437-0026,dev-clean,5338,NEG_CODEC,16000,1,254800,15.925,True,-25.641444688973305,-25.670068286874553,-0.028623597901244816,0.6585679054260254,0,0,0,079fcfac2ea126a112bbdf132e13a9f75dca2ef787722733415aa56e850daa03,797.0,146443.0,f756e1c8f4f3fb20c1d016013f91520bfa49bfed9d39b9b18814040799d4864e,73.56634222919936,CELT-WB,1.0,CELT-WB:797
pilot,5536-43358-0004,dev-clean,5536,REF,16000,1,93200,5.825,True,-23.941223437023563,-23.941223437023563,0.0,0.48785400390625,0,0,0,44153d615e751ce54e81b3ee951eb38a3d839863fead917e1a28b7dcf04b739b,,,,,,,
pilot,5536-43358-0004,dev-clean,5536,LP,16000,1,93200,5.825,True,-23.941223437023563,-23.973635815886066,-0.03241237886250256,0.4793916344642639,0,0,0,ed596209818af7d5f3bae33495c37d1262b0eb8d9def59abb8cd5ab110486a8f,,,,,,,
pilot,5536-43358-0004,dev-clean,5536,OPUS,16000,1,93200,5.825,True,-23.941223437023563,-24.67744271817491,-0.7362192811513447,0.4362730085849762,0,0,2,6f4fcbc99683f7b01926c61c844068b560e4cda788f9b4e7c66fa8fbbac85409,292.0,5903.0,caf7de8039665b09c52a21e259338b4c13c2c6df8ea45a7c62d41031e4bd69d5,8.107124463519314,SILK-NB,1.0,SILK-NB:292
pilot,5536-43358-0004,dev-clean,5536,SILK,16000,1,93200,5.825,True,-23.941223437023563,-24.0054743710229,-0.06425093399933593,0.4631671905517578,0,0,2,8b87b36e4dc3225982268d7587f3898da8a0d08eba1e6539c2986357da85fd40,292.0,28980.0,e06d734b44cf8e8800689f21e0a0bb4b2aadc9a28bf0416c17fce7c6ef136197,39.80085836909871,SILK-NB,1.0,SILK-NB:292
pilot,5536-43358-0004,dev-clean,5536,NEG_LP,16000,1,93200,5.825,True,-23.941223437023563,-23.942099596651296,-0.000876159627733438,0.4876782298088074,0,0,0,d9696ea0518ef46cd0285adc606ca5fe8041e9f865c2bd23b9da72d820e5c2f3,,,,,,,
pilot,5536-43358-0004,dev-clean,5536,NEG_CODEC,16000,1,93200,5.825,True,-23.941223437023563,-23.938927199008774,0.002296238014792058,0.4886200428009033,0,0,0,a788db4b3be73b7717d6cca7d60e730e1a0fd9f922f3a41bcc943717cf063bbc,292.0,57156.0,94b14049c30293e1aed1340a3d785c7be7352240a24c8c20a608f3a85fe09a50,78.49751072961372,CELT-WB,1.0,CELT-WB:292
pilot,5536-43359-0016,dev-clean,5536,REF,16000,1,96800,6.05,True,-23.890210858205386,-23.890210858205386,0.0,0.4366455078125,0,0,0,b29e6263f54a9abf521749c91265012f5ce7e8a10dbcb4a7c65ff8803447f4f8,,,,,,,
pilot,5536-43359-0016,dev-clean,5536,LP,16000,1,96800,6.05,True,-23.890210858205386,-23.911452757545998,-0.021241899340610673,0.43546950817108154,0,0,0,0b0511980802d525cb81e1911d35bc4be0b27b8cfc771ea62a38c2672b6de748,,,,,,,
pilot,5536-43359-0016,dev-clean,5536,OPUS,16000,1,96800,6.05,True,-23.890210858205386,-24.52164892753679,-0.6314380693314068,0.39457452297210693,0,0,2,d6c92dc80297d98f46bdddaf93a260ac62ec73a780626c3b3ca4b94bf7a640ae,303.0,6345.0,7bdf122bc9b3ee91808ef527ca2b187d3fb3728fc33f315bceefa8d1dd9f359c,8.390082644628098,SILK-NB,1.0,SILK-NB:303
pilot,5536-43359-0016,dev-clean,5536,SILK,16000,1,96800,6.05,True,-23.890210858205386,-23.929225676316193,-0.03901481811080901,0.44667360186576843,0,0,2,d10c914d40a09363a118f6870267276957b8b31e6271f688b0e371189a66c196,303.0,30541.0,61cfa2c86602820163cc29d75c653aea76a163d4cfaf0616749d10c15c5ab217,40.384793388429756,SILK-NB,1.0,SILK-NB:303
pilot,5536-43359-0016,dev-clean,5536,NEG_LP,16000,1,96800,6.05,True,-23.890210858205386,-23.891173924788962,-0.0009630665835732188,0.4359584152698517,0,0,0,ce6c2ff3111a76a1fa06930d478b0efc8f3c3e4257c76b0756354560a40ffe2d,,,,,,,
pilot,5536-43359-0016,dev-clean,5536,NEG_CODEC,16000,1,96800,6.05,True,-23.890210858205386,-23.881794990994052,0.008415867211335278,0.4344371557235718,0,0,0,3594a8f2ac538780ecfda51de4e101ec956152769da7ee9e536956d97e518a6c,303.0,63026.0,1a44ebbf7a58f316bf38553568c1e7d34ef9fd3dfdac0c7146c02082124d7103,83.34016528925619,CELT-WB,1.0,CELT-WB:303
pilot,5694-64025-0021,dev-clean,5694,REF,16000,1,121760,7.61,True,-23.6199113147085,-23.6199113147085,0.0,0.457977294921875,0,0,0,b4e0809b756659b2c2a4b6899cf9cc8ac4514de7f701e909c25aa42fe59b31de,,,,,,,
pilot,5694-64025-0021,dev-clean,5694,LP,16000,1,121760,7.61,True,-23.6199113147085,-23.643546142655467,-0.023634827946964504,0.4582928419113159,0,0,0,eaa673223d4e3a3bf7095e886ad24887850577f167c4a5719cf0379cd59285dc,,,,,,,
pilot,5694-64025-0021,dev-clean,5694,OPUS,16000,1,121760,7.61,True,-23.6199113147085,-24.29218364346278,-0.6722723287542832,0.4265456795692444,0,0,2,638b27245b887525248cefeff8fa3e1d5391a5ea8070ca9730f6ba04fe543065,381.0,8049.0,bfa0f310f8feac799eba466f8032ea6dbb32231e2f87c1abd55ec9eaed9f4640,8.461498028909329,SILK-NB,1.0,SILK-NB:381
pilot,5694-64025-0021,dev-clean,5694,SILK,16000,1,121760,7.61,True,-23.6199113147085,-23.654959606876197,-0.03504829216769838,0.45686477422714233,0,0,2,4dafd5690b4fad44943a2ea2c63de41aa792b863e108e7f1131cfdad1b2a6aa4,381.0,36937.0,b77e5eed2f23a82805e544c8f84bfec7798d93c86326e39605a3fc8389841cef,38.8299605781866,SILK-NB,1.0,SILK-NB:381
pilot,5694-64025-0021,dev-clean,5694,NEG_LP,16000,1,121760,7.61,True,-23.6199113147085,-23.620892129977058,-0.0009808152685607087,0.45771679282188416,0,0,0,7acf3854455737a2dd00cfd1d4a79194b0a410e98a6b5ddb14a4a9c347a7137a,,,,,,,
pilot,5694-64025-0021,dev-clean,5694,NEG_CODEC,16000,1,121760,7.61,True,-23.6199113147085,-23.61838010287854,0.0015312118299598532,0.45754238963127136,0,0,0,fcc4bc2829c9aa3ce106ae64d297c382debff11d855445ede3bb236c4a59968a,381.0,67640.0,21ba7c8a4bad8d226677a8593fc035efcedaf23c64b40eeace3f7f9ec6baa707,71.10643889618923,CELT-WB,1.0,CELT-WB:381
pilot,5694-64038-0017,dev-clean,5694,REF,16000,1,245280,15.33,True,-23.49903986941002,-23.49903986941002,0.0,0.5155029296875,0,0,0,17fe81b2970e5be79c6cd3319997c2f54b71e12104f8b0d7275adf7615b1fa01,,,,,,,
pilot,5694-64038-0017,dev-clean,5694,LP,16000,1,245280,15.33,True,-23.49903986941002,-23.538202444833555,-0.03916257542353355,0.5149768590927124,0,0,0,9ffbdeab9c2bfd33ee59505abcd4bab4e18b7aa3974c75788522cbd095ffa320,,,,,,,
pilot,5694-64038-0017,dev-clean,5694,OPUS,16000,1,245280,15.33,True,-23.49903986941002,-24.10421451087204,-0.6051746414620167,0.5259653925895691,0,0,2,a88868ee5c73c703c69281766aaebce54fd59c5d2685d4b84128ae2d582b6c41,767.0,15966.0,d933291ee9573dfc9e68d4303e75d02cc9c435fb57efa544bdc4903d14564c34,8.331898238747554,SILK-NB,1.0,SILK-NB:767
pilot,5694-64038-0017,dev-clean,5694,SILK,16000,1,245280,15.33,True,-23.49903986941002,-23.551940741946396,-0.0529008725363768,0.5184869170188904,0,0,2,776c0e4c5dc3d5af1deb6721aa6052e02e350f2a4a4217609d37b09d4770c8d6,767.0,71875.0,2634606c880998364c1c66d854f3ccb079be821d91f6b6e486b882e44051b8bf,37.508153946510106,SILK-NB,1.0,SILK-NB:767
pilot,5694-64038-0017,dev-clean,5694,NEG_LP,16000,1,245280,15.33,True,-23.49903986941002,-23.50121871928628,-0.0021788498762529184,0.5160670876502991,0,0,0,b9e78a0240a2f4f598436626943899656b906084848748cdae809132fbc36a8e,,,,,,,
pilot,5694-64038-0017,dev-clean,5694,NEG_CODEC,16000,1,245280,15.33,True,-23.49903986941002,-23.50201425915194,-0.002974389741917135,0.5154243111610413,0,0,0,6e2a17454363dc7288603170a627b0dcc3f2ba1382ba1daef09056b264cc65a0,767.0,139512.0,a34d76ffdab884224efd93876d5627312dd53570f8d959142667f0b01dc6afc3,72.80469667318982,CELT-WB,1.0,CELT-WB:767
pilot,5895-34629-0002,dev-clean,5895,REF,16000,1,62800,3.925,True,-27.322212598003706,-27.322212598003706,0.0,0.386505126953125,0,0,0,d7bd41c4613b08193f078f34c01951f5fd2040e09c7cdb3d12a4ca4774c29dcc,,,,,,,
pilot,5895-34629-0002,dev-clean,5895,LP,16000,1,62800,3.925,True,-27.322212598003706,-27.66747482350378,-0.3452622255000747,0.3672320544719696,0,0,0,9c976931645ff3e3e00f5d524b284732e391afdc9e08390b7b1cc93fcf11b126,,,,,,,
pilot,5895-34629-0002,dev-clean,5895,OPUS,16000,1,62800,3.925,True,-27.322212598003706,-28.184661977329256,-0.8624493793255508,0.34158560633659363,0,0,2,2f4db084122661130897a6159b559bd634c7863e9b232ad9b383a57f96ca9562,197.0,4118.0,ba0d8f75df800afec404c39a4f53b6ad78e32b816124d9d6e9b2a0e06f6302ab,8.393375796178345,SILK-NB,1.0,SILK-NB:197
pilot,5895-34629-0002,dev-clean,5895,SILK,16000,1,62800,3.925,True,-27.322212598003706,-27.687520048827004,-0.3653074508233035,0.38420596718788147,0,0,2,f1d3f5cf4921b762b924c886e6a75faafdb82990d09b113a90ab1b32007a411f,197.0,19577.0,de44f7ae1f799d71acdaa1657ec9fd576b7d6940acce39680b5acb043e09aa74,39.90216560509554,SILK-NB,1.0,SILK-NB:197
pilot,5895-34629-0002,dev-clean,5895,NEG_LP,16000,1,62800,3.925,True,-27.322212598003706,-27.3396074026976,-0.017394804693895413,0.3856981694698334,0,0,0,c7bcf5c529537238c921c2911fd1a0dfcfb7f51ac9750fb62a3f1019084cd9d0,,,,,,,
pilot,5895-34629-0002,dev-clean,5895,NEG_CODEC,16000,1,62800,3.925,True,-27.322212598003706,-27.331254547838082,-0.009041949834377408,0.3891202509403229,0,0,0,e2a7eb5ef214f3f79631097f32ad61e3c816b3e4665ffce737345eec83025f12,197.0,33849.0,2f5103e758a434e19f5dbe0b4b4cec5c5a3bbef855a17fc2440b93d2a65a9d00,68.9915923566879,CELT-WB,1.0,CELT-WB:197
pilot,5895-34629-0020,dev-clean,5895,REF,16000,1,36080,2.255,True,-25.043014404269123,-25.043014404269123,0.0,0.47625732421875,0,0,0,9258f285346a418894553f9606f5c5efe78abf06e9533c608f2c396c709703ae,,,,,,,
pilot,5895-34629-0020,dev-clean,5895,LP,16000,1,36080,2.255,True,-25.043014404269123,-25.186570091882846,-0.1435556876137228,0.5263271331787109,0,0,0,8ab9f6e22f7f8ac47972d2b6706d0010e34f229b7bce895ec89cbdc44d81a7af,,,,,,,
pilot,5895-34629-0020,dev-clean,5895,OPUS,16000,1,36080,2.255,True,-25.043014404269123,-25.879823836718366,-0.8368094324492469,0.5670475959777832,0,0,1,6a9ec1c38d695dccb029628588cb9c5e00d44d187801d5b3e41e1b64951e025a,114.0,2434.0,991099a28b1e747a5bcc5c68a21d9329d85fad080ce00bd04f187d8f2c832df0,8.635033259423505,SILK-NB,1.0,SILK-NB:114
pilot,5895-34629-0020,dev-clean,5895,SILK,16000,1,36080,2.255,True,-25.043014404269123,-25.257415500269644,-0.21440109600051932,0.5191354155540466,0,0,2,2a0475a84957e224cbb5443b56a2b4ff87067a91dc94f6e37e96cfb7d99dc342,114.0,11322.0,66b667ef668671fb3870d9c6b8375e8a582ede37a8ddb80f3f369d0d1a66053b,40.16674057649668,SILK-NB,1.0,SILK-NB:114
pilot,5895-34629-0020,dev-clean,5895,NEG_LP,16000,1,36080,2.255,True,-25.043014404269123,-25.050193935096132,-0.007179530827007363,0.4760429561138153,0,0,0,8dbb1cc8a8f0fd1aa406a8023a34900f248fce3541bc656bb5e4aa8b90547b73,,,,,,,
pilot,5895-34629-0020,dev-clean,5895,NEG_CODEC,16000,1,36080,2.255,True,-25.043014404269123,-25.037395270854347,0.005619133414776464,0.4852749705314636,0,0,0,af73d0bf7f6fe334d33f8f20ec0d8dfaa07dc46e7e0c74011f7001045217a6ab,114.0,19599.0,512711170addcd44df5fded6e46e2c63d7c10dc41d9c73dceb8d5baaf7e1ab96,69.53082039911308,CELT-WB,1.0,CELT-WB:114
pilot,6241-61943-0024,dev-clean,6241,REF,16000,1,117760,7.36,True,-25.28801891451589,-25.28801891451589,0.0,0.5126953125,0,0,0,30c6b9e147ec07435479c883921d4d03795fa9c122ed11e884e00880e275c5d7,,,,,,,
pilot,6241-61943-0024,dev-clean,6241,LP,16000,1,117760,7.36,True,-25.28801891451589,-25.558250382570414,-0.2702314680545266,0.4800125062465668,0,0,0,4d2b0f3857bbad8f31227766467d49170bca98eba1c799389e39a594d9983c67,,,,,,,
pilot,6241-61943-0024,dev-clean,6241,OPUS,16000,1,117760,7.36,True,-25.28801891451589,-26.140075942890164,-0.8520570283742734,0.4917205572128296,0,0,2,47d5b1c3fd7eb429686574c34f9b25695a5dd80896547cb861da174830a201da,369.0,7543.0,976cc9e6b2e840895b8c67fd25cd2033a310aae1102bdc052f5bbb40c6ab1343,8.19891304347826,SILK-NB,1.0,SILK-NB:369
pilot,6241-61943-0024,dev-clean,6241,SILK,16000,1,117760,7.36,True,-25.28801891451589,-25.60152168506104,-0.31350277054515463,0.48540735244750977,0,0,2,cf62c73ec236cd1f28d228a5c7d829de213119be994580bb14d79dc4776933e6,369.0,37215.0,21f2dee67c29d07d8235ada41d108b98b30206b8731e7d84c48a9d322aa3eb83,40.451086956521735,SILK-NB,1.0,SILK-NB:369
pilot,6241-61943-0024,dev-clean,6241,NEG_LP,16000,1,117760,7.36,True,-25.28801891451589,-25.305976329457117,-0.017957414941225984,0.5107811093330383,0,0,0,3ddf40001fba35c3f40e6f48acb8219a54bccd5f877e95555ef9d2d7dcc43e2b,,,,,,,
pilot,6241-61943-0024,dev-clean,6241,NEG_CODEC,16000,1,117760,7.36,True,-25.28801891451589,-25.30636462424019,-0.01834570972430188,0.5078133940696716,0,0,0,0e0d8f8430f41d6f3d0a112507d126b59cd55443e046646bc202b2882a9db373,369.0,65781.0,11a10ded85e8ac3d867db3831adcbd941f008ef19da0550d96cb87afd29ccaad,71.50108695652173,CELT-WB,1.0,CELT-WB:369
pilot,6241-61943-0027,dev-clean,6241,REF,16000,1,285920,17.87,True,-25.795701768418063,-25.795701768418063,0.0,0.802093505859375,0,0,0,1824611b2cc000ee3a76a20d8e175405c8200c70623d267f74a88523d5d64f6b,,,,,,,
pilot,6241-61943-0027,dev-clean,6241,LP,16000,1,285920,17.87,True,-25.795701768418063,-25.997028494990534,-0.20132672657246956,0.8042216300964355,0,0,0,81da437dc6a467931802f3260dcd6d8fd8f9418628c314135b97cf76da1a75e3,,,,,,,
pilot,6241-61943-0027,dev-clean,6241,OPUS,16000,1,285920,17.87,True,-25.795701768418063,-26.60179554686158,-0.806093778443516,0.6500002145767212,0,0,2,3612d46c763d87307809661c4bb8a594e14584f543c791e77a9e16bff7191231,894.0,17912.0,4e52fd6c56abca0771398b3012a7f6e27516d711bf2a70e37d14ea0824bab663,8.018802462227196,SILK-NB,1.0,SILK-NB:894
pilot,6241-61943-0027,dev-clean,6241,SILK,16000,1,285920,17.87,True,-25.795701768418063,-26.042617251796955,-0.24691548337889346,0.76569002866745,0,0,2,be7918dfecd24fe47421406c5c47967d1636ed5275c615899846a1fb780c56c9,894.0,90340.0,584e72ad2521715f07921b1ccc9c20acea503e7dc7d6e38e1f85f3183deb3e9e,40.443200895355346,SILK-NB,1.0,SILK-NB:894
pilot,6241-61943-0027,dev-clean,6241,NEG_LP,16000,1,285920,17.87,True,-25.795701768418063,-25.811160956789315,-0.015459188371250182,0.806484580039978,0,0,0,349a02389698f3d6906fb481e1b05118196d94692c72f53d5e3482083e490768,,,,,,,
pilot,6241-61943-0027,dev-clean,6241,NEG_CODEC,16000,1,285920,17.87,True,-25.795701768418063,-25.79649917786275,-0.0007974094446855195,0.806748628616333,0,0,0,b39f7f2e17b8ee37bc09f66c2b41b7af95c0233bcdeba40d2499fbf701361add,894.0,160072.0,35aedfbf98ab4d8d5ff79819f5ed0416c619874eb67cb709992e45c74b88c300,71.66066032456631,CELT-WB,1.0,CELT-WB:894
pilot,6295-244435-0001,dev-clean,6295,REF,16000,1,126160,7.885,True,-20.584328397890985,-20.584328397890985,0.0,0.992401123046875,0,0,0,bbca6b067cf5549caa8a008937e02b85ad9dbfce838cf386958547ad15075334,,,,,,,
pilot,6295-244435-0001,dev-clean,6295,LP,16000,1,126160,7.885,True,-20.584328397890985,-20.59803420109739,-0.013705803206407234,0.9920337200164795,0,0,0,f627e0dd22e86fd34f21f72cf1d313332904e78fef172a68a7ddce0c89017a96,,,,,,,
pilot,6295-244435-0001,dev-clean,6295,OPUS,16000,1,126160,7.885,True,-20.584328397890985,-21.108632908105804,-0.5243045102148174,1.0019334554672241,8,0,2,81e94ba7350b5c81035deda2b7dbc2524a0d2604598c4b86d7a26328db37df3e,395.0,8458.0,b424c99391262557cd955a323832143d01ecbc61048c061f4fa29b1e1868f643,8.581357006975269,SILK-NB,1.0,SILK-NB:395
pilot,6295-244435-0001,dev-clean,6295,SILK,16000,1,126160,7.885,True,-20.584328397890985,-20.641408213517188,-0.057079815626202464,1.000709056854248,19,0,2,f6f0a62827833a43e6611d0df876f40af6ddcb2ab03b371c567472d01961d0a3,395.0,39467.0,9e3c4b874c6415de1a5c816727bece52050e868c96bf4bc1651992c599cce6b9,40.0426125554851,SILK-NB,1.0,SILK-NB:395
pilot,6295-244435-0001,dev-clean,6295,NEG_LP,16000,1,126160,7.885,True,-20.584328397890985,-20.585402136856285,-0.001073738965299323,0.9924675226211548,0,0,0,cd5ca399eba6ad0ab90c37dc001021faf92f28528a9fdc069b8bfd60d4c9c0e3,,,,,,,
pilot,6295-244435-0001,dev-clean,6295,NEG_CODEC,16000,1,126160,7.885,True,-20.584328397890985,-20.60198704958416,-0.017658651693175598,1.0222606658935547,20,0,0,007de419359635332b1a39380064a86cc59de7d99183580789b6a6b3e6dc3e83,395.0,76358.0,09740440451f65ee7cf837294fa1890f829ae9da2a656d78933091e0043822c4,77.4716550412175,CELT-WB,1.0,CELT-WB:395
pilot,6295-244435-0023,dev-clean,6295,REF,16000,1,54560,3.41,True,-23.099752949853652,-23.099752949853652,0.0,0.45318603515625,0,0,0,b236fb2e0687a1124419d87854903b0cc82c67d0ac1d4004b42c821746842e56,,,,,,,
pilot,6295-244435-0023,dev-clean,6295,LP,16000,1,54560,3.41,True,-23.099752949853652,-23.136729669632658,-0.036976719779005116,0.45995092391967773,0,0,0,cc9c339ad9e24efcb9ec1a30fd8932d4267b3062b2cdd6dd00394cdbc63caa21,,,,,,,
pilot,6295-244435-0023,dev-clean,6295,OPUS,16000,1,54560,3.41,True,-23.099752949853652,-23.561712291239473,-0.46195934138581923,0.4161207675933838,0,0,2,131753933dea5c8f9c6c380058b83d3f092d7d8ef3b686d08067d67da4e23077,171.0,3739.0,29e4b45c4f8374dbb038fdf7be3d60275ab1052dac7020f3ff25a66233024b32,8.771847507331378,SILK-NB,1.0,SILK-NB:171
pilot,6295-244435-0023,dev-clean,6295,SILK,16000,1,54560,3.41,True,-23.099752949853652,-23.16254332193406,-0.06279037208040418,0.4461030066013336,0,0,2,fdb6113b42ed3629ca314f5bb5f9981d609365624f733825932d47f9ecdcc2f3,171.0,16396.0,0c6368e5f15315b83671f8b1a12b3b3fcafdbf7f252d80eccbbe448b29932dce,38.46568914956011,SILK-NB,1.0,SILK-NB:171
pilot,6295-244435-0023,dev-clean,6295,NEG_LP,16000,1,54560,3.41,True,-23.099752949853652,-23.102778565841433,-0.0030256159877793043,0.4508047103881836,0,0,0,c04eaaa7bdcd8e7c02e6b7a8092a314d9f03812c368df3d09753d9a1baa9d026,,,,,,,
pilot,6295-244435-0023,dev-clean,6295,NEG_CODEC,16000,1,54560,3.41,True,-23.099752949853652,-23.13162641201005,-0.03187346215639624,0.44491392374038696,0,0,0,4975a0152e612567822431c750701c07e19b40fe2d5c56797d99358148c69d55,171.0,33281.0,76adbda26b46e061fc71859c0c3f242c6b152e596056465b488e6d5786f972f9,78.07859237536657,CELT-WB,1.0,CELT-WB:171
pilot,6313-76958-0008,dev-clean,6313,REF,16000,1,37520,2.345,True,-31.27456446471593,-31.27456446471593,0.0,0.260009765625,0,0,0,2cc8ad51d780b857b8439ba61325e2137aa0e84277b9a2141e7a2032356f166e,,,,,,,
pilot,6313-76958-0008,dev-clean,6313,LP,16000,1,37520,2.345,True,-31.27456446471593,-31.318918651444086,-0.04435418672815562,0.262204647064209,0,0,0,0af8605418e7cb99cf423771bbe19195469e292ea24240045f204aa892720809,,,,,,,
pilot,6313-76958-0008,dev-clean,6313,OPUS,16000,1,37520,2.345,True,-31.27456446471593,-32.97910417626547,-1.7045397115495438,0.231896311044693,0,0,2,ff676ad399f441dd917d2fb0d2e1e919642bfc6e2947fde0b69d086dcae15224,118.0,2323.0,80a96e4671448bf85cd40d67232cfe1059c46580b3032b03c1b241a0e59a0f2b,7.924946695095948,SILK-NB,1.0,SILK-NB:118
pilot,6313-76958-0008,dev-clean,6313,SILK,16000,1,37520,2.345,True,-31.27456446471593,-31.455566855953336,-0.18100239123740458,0.25792622566223145,0,0,2,b2492c34ce791d8dcb105830661d64decc7d26898d5655ac8958c0463416d05e,118.0,11930.0,2b2427a4279251511abdd9e92cbe72b722a7f5b3db60fb17e0c25c42f0e0bb90,40.69936034115138,SILK-NB,1.0,SILK-NB:118
pilot,6313-76958-0008,dev-clean,6313,NEG_LP,16000,1,37520,2.345,True,-31.27456446471593,-31.276565062638497,-0.002000597922565816,0.26086148619651794,0,0,0,7979dda93bbcabbf5280c2b76e251d92d0eff997ec24f4fe28a6c1fa316a11f8,,,,,,,
pilot,6313-76958-0008,dev-clean,6313,NEG_CODEC,16000,1,37520,2.345,True,-31.27456446471593,-31.282874118761303,-0.00830965404537438,0.26183661818504333,0,0,0,e851f234c6075002d37a8d8885e10b60f4885ac76421eba2565707ee7345d57a,118.0,21377.0,e6fe94ca6e51128b2a46b43f8eb4b2f92798d39d6fbc13a5c6b41332bc0e64ad,72.9279317697228,CELT-WB,1.0,CELT-WB:118
pilot,6313-76958-0014,dev-clean,6313,REF,16000,1,120240,7.515,True,-26.89842697474759,-26.89842697474759,0.0,0.510101318359375,0,0,0,9d9039373254e1e4bcc969e140d14aa7e0977884283a439512640613373a4694,,,,,,,
pilot,6313-76958-0014,dev-clean,6313,LP,16000,1,120240,7.515,True,-26.89842697474759,-26.96759062474839,-0.0691636500007979,0.5444613695144653,0,0,0,875e0bb3478b423c7e26d991a5a5e461bd4f4e2be920ab4059a383be22a16731,,,,,,,
pilot,6313-76958-0014,dev-clean,6313,OPUS,16000,1,120240,7.515,True,-26.89842697474759,-27.786614773431708,-0.8881877986841208,0.5024271011352539,0,0,2,b90509a55420c206b7dd26e29e149f618b8234cf650a8e22be5b1cd69acd5bda,377.0,7470.0,9f8abf09079970dcafa1c38d1fd958c2f351c8e63a1f6b5558442357082f73e0,7.952095808383234,SILK-NB,1.0,SILK-NB:377
pilot,6313-76958-0014,dev-clean,6313,SILK,16000,1,120240,7.515,True,-26.89842697474759,-27.050845904001708,-0.1524189292541206,0.5196515321731567,0,0,2,a48902775f68808e46ed30806d5c32cfe4c96b467e2ab83f7a0e0b036d5601c7,377.0,38202.0,3c7b2feb89c8b6e3d813e568bdb0ebad68b37ac8a3c65761ecf66d64ff11e535,40.66746506986028,SILK-NB,1.0,SILK-NB:377
pilot,6313-76958-0014,dev-clean,6313,NEG_LP,16000,1,120240,7.515,True,-26.89842697474759,-26.903448461399897,-0.005021486652310201,0.5120869278907776,0,0,0,2d20f9a9abf3a7c7e1216d9051fa6e9adccf5d64e5e18f3cf687c7072fbb1168,,,,,,,
pilot,6313-76958-0014,dev-clean,6313,NEG_CODEC,16000,1,120240,7.515,True,-26.89842697474759,-26.893576769479402,0.004850205268185809,0.51714026927948,0,0,0,3d8a13fe09886c7ea74c3782e6c5797a4e80bcef8402f238e61fa71b9880728b,377.0,69157.0,f2a4c6f37e44ddada50e7a6bcf48bace7ade5a8562e7dc6652e4395b022388ba,73.6202262142382,CELT-WB,1.0,CELT-WB:377
pilot,6319-57405-0007,dev-clean,6319,REF,16000,1,56080,3.505,True,-22.35141533798204,-22.35141533798204,0.0,0.791839599609375,0,0,0,5279b3e97072253a25a70dcfaca71723de5c0f3a5df7b954c2b4ea18c8fb5c60,,,,,,,
pilot,6319-57405-0007,dev-clean,6319,LP,16000,1,56080,3.505,True,-22.35141533798204,-22.38398290181237,-0.03256756383032805,0.7990400791168213,0,0,0,99543f64d976ade74cf5006f192fc4cff9daddddede2de0ff78dbcb286c2a12f,,,,,,,
pilot,6319-57405-0007,dev-clean,6319,OPUS,16000,1,56080,3.505,True,-22.35141533798204,-22.4907385056491,-0.13932316766705888,0.7994009852409363,0,0,2,c2ddeb9b646c1893600ea834087684a4723765430513a39e2c5bd02cd9210d26,176.0,3542.0,50516bdbf9a2740c99b231f257b3027e62a915188f71e5664ac14f8082b57096,8.08445078459344,SILK-NB,1.0,SILK-NB:176
pilot,6319-57405-0007,dev-clean,6319,SILK,16000,1,56080,3.505,True,-22.35141533798204,-22.382362544172544,-0.03094720619050638,0.8023763298988342,0,0,2,21ed64cfa160b29841d78f52206b7b31ace77acc427d8e6f1c6fb9ce9cdb0bd5,176.0,17760.0,d657113e383b8331e9007ac3b16a7ac6688d375e8df4f07a0a9565d9e442dae4,40.53637660485021,SILK-NB,1.0,SILK-NB:176
pilot,6319-57405-0007,dev-clean,6319,NEG_LP,16000,1,56080,3.505,True,-22.35141533798204,-22.35637101204087,-0.004955674058829388,0.7926395535469055,0,0,0,4bc1cae84e555fed0b7c9b4c897ab7da847fc993a611566afdddcb801193a0a6,,,,,,,
pilot,6319-57405-0007,dev-clean,6319,NEG_CODEC,16000,1,56080,3.505,True,-22.35141533798204,-22.351582108708147,-0.00016677072610967543,0.7905692458152771,0,0,0,55dd195750ee092875fa0f8647319bb0179db416a9f05f6de2e7b0378033116c,176.0,28285.0,0669511f4f8285c88b5d47ad732d2cb9a22df678b543bda86b4a90621f586161,64.55920114122682,CELT-WB,1.0,CELT-WB:176
pilot,6319-64726-0007,dev-clean,6319,REF,16000,1,267600,16.725,True,-24.245507001317833,-24.245507001317833,0.0,0.82501220703125,0,0,0,b5fe71f175e93fd513250bc9541b858171cff4ceb33602c8e542a7e283d84e0e,,,,,,,
pilot,6319-64726-0007,dev-clean,6319,LP,16000,1,267600,16.725,True,-24.245507001317833,-24.378617636516257,-0.13311063519842942,0.8348240852355957,0,0,0,85247c1d34325a978a31f5d894b850e7cde62a8e4d0fd921d88113344f9305c7,,,,,,,
pilot,6319-64726-0007,dev-clean,6319,OPUS,16000,1,267600,16.725,True,-24.245507001317833,-25.000353331174008,-0.754846329856177,0.6991441249847412,0,0,2,234c18b8e6c503851a78917bca71d524cca2b1011fa9a20a3bb5e31287ef2b95,837.0,17040.0,7e2bfdea5ea88e4c614db26cf412253b03a1f35fbffc42e3457c4b005f046908,8.15067264573991,SILK-NB,1.0,SILK-NB:837
pilot,6319-64726-0007,dev-clean,6319,SILK,16000,1,267600,16.725,True,-24.245507001317833,-24.41306937523164,-0.16756237391380768,0.8198497891426086,0,0,2,c122e1013b5c5e0b84eff9c55de4f9d794b8ecee6fe3633dfe03a5a60de128c4,837.0,83036.0,4db5004fdf3db0e73743a1a369376658a5d0800117cde25471bf6390f91fc78a,39.71826606875934,SILK-NB,1.0,SILK-NB:837
pilot,6319-64726-0007,dev-clean,6319,NEG_LP,16000,1,267600,16.725,True,-24.245507001317833,-24.268413992620175,-0.02290699130234801,0.8287126421928406,0,0,0,561f89879a16be2b80f080915f48bec3b6a89736d844b39cb9799967f92a79f7,,,,,,,
pilot,6319-64726-0007,dev-clean,6319,NEG_CODEC,16000,1,267600,16.725,True,-24.245507001317833,-24.248251723507046,-0.0027447221892179527,0.8348033428192139,0,0,0,40948659fe5bf2a4b2fada5b7ed9779f35cc07a03a989bc63166b8e98c535e69,837.0,152881.0,bf3db6b176aabfbba6d3a74ea1ee12bb07ae90af1626fe044bbf0395d2dfdb8c,73.12693572496262,CELT-WB,1.0,CELT-WB:837
pilot,6345-64257-0001,dev-clean,6345,REF,16000,1,350880,21.93,True,-23.90814161394944,-23.90814161394944,0.0,0.546783447265625,0,0,0,9cce1c9740d273478b7a4a2d0cfbb85d0405a7a316249e25a25809c79d5ec3dd,,,,,,,
pilot,6345-64257-0001,dev-clean,6345,LP,16000,1,350880,21.93,True,-23.90814161394944,-23.950679555012382,-0.04253794106294134,0.5432876944541931,0,0,0,ab750c06c51f8a72f4c020f9ef79fbe39ef12953a86dbcbf5b413f4c7d5447a0,,,,,,,
pilot,6345-64257-0001,dev-clean,6345,OPUS,16000,1,350880,21.93,True,-23.90814161394944,-24.451389674240925,-0.5432480602914838,0.5361519455909729,0,0,2,6c7ab610ff3a73fb5d5c653f96166eb239492f14346a9062447fc51b4ae55908,1097.0,22808.0,0a96f837a85e5ee074d503a934b2c138f6724f178a2bdbb63695d0526c74e521,8.3202918376653,SILK-NB,1.0,SILK-NB:1097
pilot,6345-64257-0001,dev-clean,6345,SILK,16000,1,350880,21.93,True,-23.90814161394944,-23.9874261282748,-0.07928451432536465,0.5439378023147583,0,0,2,8b174355674181ae438ee5ad4b58165f3e1feb869f7503e8b4f1e244cbab1018,1097.0,111225.0,0d3a2b2323897229fbbaad6d27104f6a9fc58184d1dda2d10914a501ac1c177c,40.57455540355677,SILK-NB,1.0,SILK-NB:1097
pilot,6345-64257-0001,dev-clean,6345,NEG_LP,16000,1,350880,21.93,True,-23.90814161394944,-23.911624497403224,-0.0034828834537862447,0.5438858866691589,0,0,0,1df5f9e6dc54b9937285d9e01fef37cc30da6474f3acb2c263fe9b392972098a,,,,,,,
pilot,6345-64257-0001,dev-clean,6345,NEG_CODEC,16000,1,350880,21.93,True,-23.90814161394944,-23.905857290693522,0.002284323255916673,0.547031819820404,0,0,0,c3ef2c05632018a97e9ba1eb23d19653ef36227b78e9d5d93a86ab2b62b61385,1097.0,189185.0,25bdf79786868617a7463b368d36a480a9b21020068adc5644d2792991005e1b,69.0141358869129,CELT-WB,1.0,CELT-WB:1097
pilot,6345-93302-0001,dev-clean,6345,REF,16000,1,138000,8.625,True,-26.628739764184072,-26.628739764184072,0.0,0.423126220703125,0,0,0,6f87cc1ca10155fc1cfe3b397bd9fb4182f9ec330f5205d7626488c6762a6b06,,,,,,,
pilot,6345-93302-0001,dev-clean,6345,LP,16000,1,138000,8.625,True,-26.628739764184072,-26.700757563547906,-0.07201779936383605,0.42190176248550415,0,0,0,aafb152472a7984cad6848507b262f458347b6cab99a934b9639f23353a5371e,,,,,,,
pilot,6345-93302-0001,dev-clean,6345,OPUS,16000,1,138000,8.625,True,-26.628739764184072,-27.065014977688882,-0.4362752135048121,0.4293760657310486,0,0,2,0514b5c84d111a1ba2de9bfbe638a2e9346648ddac37cf3d0289d0d7a29128c6,432.0,8989.0,87f0d407783803a39a8e42865cf029f5db9e72434c626205105240cb6f351e6a,8.337623188405798,SILK-NB,1.0,SILK-NB:432
pilot,6345-93302-0001,dev-clean,6345,SILK,16000,1,138000,8.625,True,-26.628739764184072,-26.7175858400709,-0.08884607588682779,0.4215865135192871,0,0,2,7da9692caf19367cdd7c84f5f9d46507cee7a59d8d6b8b9a00fb8d369ae4643b,432.0,40672.0,d24c285e793f3ff9889b73c5f28fb0dfdc5e2acc328a19108f98571eaf1ccfb4,37.724753623188406,SILK-NB,1.0,SILK-NB:432
pilot,6345-93302-0001,dev-clean,6345,NEG_LP,16000,1,138000,8.625,True,-26.628739764184072,-26.631306696769286,-0.0025669325852161634,0.42315688729286194,0,0,0,7fa98608ee265b5380c6a5620fad0fe36d2f7ed3ebbaaf53c08827d1210fc2a5,,,,,,,
pilot,6345-93302-0001,dev-clean,6345,NEG_CODEC,16000,1,138000,8.625,True,-26.628739764184072,-26.62522961175812,0.0035101524259544313,0.42289280891418457,0,0,0,93465073d3f3c1906b17b705737f74ac0ef051b7249000238aa610de169bd4d6,432.0,77296.0,3bc0ee254759bb9fec9bd949ccd51dcfe8a21017e1086af06612be91a9863681,71.69484057971015,CELT-WB,1.0,CELT-WB:432
pilot,7850-286674-0009,dev-clean,7850,REF,16000,1,115040,7.19,True,-25.204357956165463,-25.204357956165463,0.0,0.424835205078125,0,0,0,352d9f6357ef2438117ec98b615cec2caf6f2b4845b8851f9bb8ec59f813aaed,,,,,,,
pilot,7850-286674-0009,dev-clean,7850,LP,16000,1,115040,7.19,True,-25.204357956165463,-25.24322956505687,-0.038871608891401864,0.40048691630363464,0,0,0,44a316470b91e3cf99e6a3ede1cb9115c74bb362548d7247b11ddb5adfa7f4e5,,,,,,,
pilot,7850-286674-0009,dev-clean,7850,OPUS,16000,1,115040,7.19,True,-25.204357956165463,-25.825840455743936,-0.6214824995784743,0.36132487654685974,0,0,2,e4c224877a7178b88559fdec05afd5f4e8200bd9d26913b444afe85ff37dcd33,360.0,7371.0,3d1ae3f42f877ca7a24f98f4457f7279e58fb6585dad15f7c0a58cb59146e052,8.201390820584143,SILK-NB,1.0,SILK-NB:360
pilot,7850-286674-0009,dev-clean,7850,SILK,16000,1,115040,7.19,True,-25.204357956165463,-25.266843980927405,-0.062486024761939055,0.3848327398300171,0,0,2,4351a7e739d79f45d788a9089c4d72974a00617897aebfe6d330e2f00b9eada0,360.0,36200.0,86292c048b15e8ad2c80e026a28814da6d85b88f2a0adbcc04b9d74882b54802,40.278164116828926,SILK-NB,1.0,SILK-NB:360
pilot,7850-286674-0009,dev-clean,7850,NEG_LP,16000,1,115040,7.19,True,-25.204357956165463,-25.210836874334465,-0.006478918169001064,0.42438140511512756,0,0,0,98a40836a4ce1d5947ccf07334a7d121d89402a7b620577fe7d48ece62c19782,,,,,,,
pilot,7850-286674-0009,dev-clean,7850,NEG_CODEC,16000,1,115040,7.19,True,-25.204357956165463,-25.2063953383087,-0.0020373821432322086,0.4285850524902344,0,0,0,29923ac68cb6a249ab652ec569bc2d8b6d9f5b7497d7f4f51374e287e16308c2,360.0,64194.0,b0fe0079348503def440b62e8f901923a5613f68a31ec4751f7b71b2a07d60f2,71.42586926286509,CELT-WB,1.0,CELT-WB:360
pilot,7850-73752-0013,dev-clean,7850,REF,16000,1,41280,2.58,True,-25.0696527722452,-25.0696527722452,0.0,0.434906005859375,0,0,0,b5d0ca2af7bd9f1ed61b8bcd1c160b867ab2bcf055c0fe1ba84163eadf1ca96e,,,,,,,
pilot,7850-73752-0013,dev-clean,7850,LP,16000,1,41280,2.58,True,-25.0696527722452,-25.137934055314282,-0.06828128306908146,0.43377766013145447,0,0,0,1b1d4b2ef51ba56b6cacfe21325c30104f90f9106ee024399e02c472bfe97f0a,,,,,,,
pilot,7850-73752-0013,dev-clean,7850,OPUS,16000,1,41280,2.58,True,-25.0696527722452,-25.674255609939088,-0.6046028376938857,0.3876441717147827,0,0,2,51044f7aee2445e2da4565c00551fc79efc8be82bf718737f05b7b29f910e4be,130.0,2801.0,f7534a6fe8590b73f5781c50a13b0a7243490c876e3cf43b22bfecd97011c499,8.685271317829457,SILK-NB,1.0,SILK-NB:130
pilot,7850-73752-0013,dev-clean,7850,SILK,16000,1,41280,2.58,True,-25.0696527722452,-25.14775944054946,-0.07810666830426018,0.4325479567050934,0,0,2,4f7c52ecb2e3df0ce7dd44cdaf71fd4b4006f315884f02a7982420c67fea9595,130.0,12948.0,c89617761e1738fbc40b891fe528ec54ab59c018b62e7d41e6d7871120311278,40.14883720930232,SILK-NB,1.0,SILK-NB:130
pilot,7850-73752-0013,dev-clean,7850,NEG_LP,16000,1,41280,2.58,True,-25.0696527722452,-25.0757404085372,-0.006087636291997489,0.43339595198631287,0,0,0,b35ce61b91e5a18ecd7be4c77979348e0e8b8b45247fd8820bcbd38ec36d65a4,,,,,,,
pilot,7850-73752-0013,dev-clean,7850,NEG_CODEC,16000,1,41280,2.58,True,-25.0696527722452,-25.061037089168053,0.008615683077148903,0.4332784414291382,0,0,0,63972c8f84a462423b177b0b33820a69ed4256fc33fe332894d2d96f324d4ba1,130.0,23415.0,ae6fbe896544927bc642d0b05376d87f372d9a92ca160e13cf231cccb3f74c4d,72.6046511627907,CELT-WB,1.0,CELT-WB:130
pilot,7976-105575-0028,dev-clean,7976,REF,16000,1,61920,3.87,True,-24.44063960967472,-24.44063960967472,0.0,0.48748779296875,0,0,0,1b108af7585af70ca721f367fe0b965bb8d83ce0bde72cf96625d254291340a0,,,,,,,
pilot,7976-105575-0028,dev-clean,7976,LP,16000,1,61920,3.87,True,-24.44063960967472,-24.479959881364582,-0.03932027168986721,0.507411539554596,0,0,0,25f52d42fb27306b41415c4c72fadc120fff1df6c52ef04fd89ee877b1451d45,,,,,,,
pilot,7976-105575-0028,dev-clean,7976,OPUS,16000,1,61920,3.87,True,-24.44063960967472,-24.890562827822535,-0.44992321814781855,0.5120052099227905,0,0,2,45b143f096637e55948ea6b4300c72b9a58553ac88ece34757eeeab8c578eeb5,194.0,3964.0,8670579f2f7d3306d3fffdf6365c327f9c4d8b2912f70e217d3c32225c5d1dfd,8.194315245478036,SILK-NB,1.0,SILK-NB:194
pilot,7976-105575-0028,dev-clean,7976,SILK,16000,1,61920,3.87,True,-24.44063960967472,-24.50667728128535,-0.06603767161063408,0.5202822685241699,0,0,2,8e660d05cc7b466193f5ab0004281d94e8159beb8136eaf786473557a38ef846,194.0,17897.0,f94d33bb39dc8aa5b9eb5df20ec5bf0dbdc470104df13f70a98e8f5fa4068927,36.99638242894057,SILK-NB,1.0,SILK-NB:194
pilot,7976-105575-0028,dev-clean,7976,NEG_LP,16000,1,61920,3.87,True,-24.44063960967472,-24.442387296497404,-0.0017476868226903313,0.48903825879096985,0,0,0,c4908b5271d2e504a2f55f1b7ce417853d8a94581dd75c2a508edd0dcc1262cf,,,,,,,
pilot,7976-105575-0028,dev-clean,7976,NEG_CODEC,16000,1,61920,3.87,True,-24.44063960967472,-24.4435085362973,-0.002868926622585994,0.48754218220710754,0,0,0,9023f0c3b8e8d044b086fe1764eea96bb08d5727be50437277b746c3a33e3a40,194.0,33082.0,4ae82e94492b979767b4aeffcf747ae49b3434c0439d6c4126845741babdb5eb,68.38656330749353,CELT-WB,1.0,CELT-WB:194
pilot,7976-110124-0000,dev-clean,7976,REF,16000,1,56799,3.5499375,True,-24.102959470422995,-24.102959470422995,0.0,0.442535400390625,0,0,0,3e620e79b0a2849563293247842675d6e119ec67880c54429bde32200822c002,,,,,,,
pilot,7976-110124-0000,dev-clean,7976,LP,16000,1,56799,3.5499375,True,-24.102959470422995,-24.11365086478911,-0.010691394366117537,0.4443613886833191,0,0,0,a08e061986abb60f16f5852d6f0ccf5cdb76e3ba328e6aa728e8c0a675d76e69,,,,,,,
pilot,7976-110124-0000,dev-clean,7976,OPUS,16000,1,56799,3.5499375,True,-24.102959470422995,-24.468370518226976,-0.3654110478039855,0.42198315262794495,0,0,2,9d1975e8399247e6203d9df52c8feaafa1e19db3608dae03adb226594195b88c,178.0,3645.0,1cf9a1b7c14300744abfaad170c975379a63279c49e772dfeddf6946d9703d46,8.214229123752178,SILK-NB,1.0,SILK-NB:178
pilot,7976-110124-0000,dev-clean,7976,SILK,16000,1,56799,3.5499375,True,-24.102959470422995,-24.124993312222017,-0.022033841799023617,0.4321765601634979,0,0,2,89909e9ba6e56cab69bcc1955582939b94a673490c6dce42e11c6931c1d136f3,178.0,16833.0,9eb0ffddd3b11acdae14c8d1b5de20d684cbb56774159d88a617edb94af9a57e,37.934188982200396,SILK-NB,1.0,SILK-NB:178
pilot,7976-110124-0000,dev-clean,7976,NEG_LP,16000,1,56799,3.5499375,True,-24.102959470422995,-24.103557439018594,-0.0005979685955993328,0.44336044788360596,0,0,0,abab1aaf40df819f3536de95c5e936c2c5c2ab42c31194ab2198aa691afa5c79,,,,,,,
pilot,7976-110124-0000,dev-clean,7976,NEG_CODEC,16000,1,56799,3.5499375,True,-24.102959470422995,-24.10739245379151,-0.004432983368513828,0.4465765058994293,0,0,0,364368ed9542587a83154f72838d876e692e9e9b2b802a2e39a4a52263223d21,178.0,30026.0,28bbeae07bda6528ce4faeace4593031985aafcaa3d06e71d11545ef6cf8aa4f,67.66541664465925,CELT-WB,1.0,CELT-WB:178
pilot,8297-275154-0025,dev-clean,8297,REF,16000,1,78080,4.88,True,-23.518741185435964,-23.518741185435964,0.0,0.5018310546875,0,0,0,0d6bf76ee406277c2897eed8971a3b394ecc851b1449d35bd4594f2ebc08afc1,,,,,,,
pilot,8297-275154-0025,dev-clean,8297,LP,16000,1,78080,4.88,True,-23.518741185435964,-23.728293803331244,-0.20955261789528237,0.49880966544151306,0,0,0,04e00b1930473277cc902f3ec55d9f3bf06b125bf17064533096cbae4c1bf666,,,,,,,
pilot,8297-275154-0025,dev-clean,8297,OPUS,16000,1,78080,4.88,True,-23.518741185435964,-24.464930032134816,-0.9461888466988543,0.4789068400859833,0,0,2,43181f1ee1056b84050bf20b7360cfb91b407c916d1a3448af4c06a8e1e6a1a9,245.0,5025.0,8d839c9df9542d304161171b68ad4615f5b9281757235b22746f7003b19521b9,8.237704918032787,SILK-NB,1.0,SILK-NB:245
pilot,8297-275154-0025,dev-clean,8297,SILK,16000,1,78080,4.88,True,-23.518741185435964,-23.768471308133314,-0.2497301226973542,0.4950822591781616,0,0,2,cf3c4c643f1d731ec0a8f5686e6d0be936f6e9377ea0f3f8b9f9a0cb7f9c6e8e,245.0,22928.0,925967328e7459c245d3019b9504eb5b3ced6eeeb97c32f701b34959efcf3125,37.58688524590164,SILK-NB,1.0,SILK-NB:245
pilot,8297-275154-0025,dev-clean,8297,NEG_LP,16000,1,78080,4.88,True,-23.518741185435964,-23.52629855344589,-0.007557368009930681,0.5016788244247437,0,0,0,5be002d88a92b33fb2cfbe441a9f91371d584de74d03dfbb3302bfc1b78ed6ce,,,,,,,
pilot,8297-275154-0025,dev-clean,8297,NEG_CODEC,16000,1,78080,4.88,True,-23.518741185435964,-23.519547562235125,-0.0008063767991627413,0.5118246078491211,0,0,0,8ec0f2a3abf2ed184c68f4996f7fe55d714b2ae5e5a4551eb207222e7b7c353d,245.0,46782.0,b0b099e0024be83ae7250cc7d2aa32b104ce0fe7f8f4b4f9d441a717469d5d43,76.69180327868852,CELT-WB,1.0,CELT-WB:245
pilot,8297-275155-0002,dev-clean,8297,REF,16000,1,141600,8.85,True,-23.369469211473973,-23.369469211473973,0.0,0.70849609375,0,0,0,6189ae86c079e8f421e94d97d4a40626732bbec91665741fcd0beb591b5a5fb1,,,,,,,
pilot,8297-275155-0002,dev-clean,8297,LP,16000,1,141600,8.85,True,-23.369469211473973,-23.567277116147647,-0.1978079046736762,0.7113944888114929,0,0,0,04073502b488b7fe2e909583efd699624a26ad724eb111f2f1d2a106bc451afb,,,,,,,
pilot,8297-275155-0002,dev-clean,8297,OPUS,16000,1,141600,8.85,True,-23.369469211473973,-24.090928847563127,-0.7214596360891559,0.6535120010375977,0,0,2,ff1b9134a34f21cac532dd3fc17881574c14ec7b39f29f69df7fa7e8c6dfbb14,443.0,9074.0,356d438c533ecac0def8b6c9d91c46726285423ae5686a4949550275d0bb77b9,8.202485875706216,SILK-NB,1.0,SILK-NB:443
pilot,8297-275155-0002,dev-clean,8297,SILK,16000,1,141600,8.85,True,-23.369469211473973,-23.58040687448367,-0.21093766300970043,0.7175001502037048,0,0,2,408cf2012b0f3f5d7dd1db38d00f1ab5e81eba21f105b4d691a683592abdbe34,443.0,43402.0,0e98d5dd3c558a04a514c02788d50e1f42ac1ca17e41758ba0b8f2dd16bdf299,39.233446327683616,SILK-NB,1.0,SILK-NB:443
pilot,8297-275155-0002,dev-clean,8297,NEG_LP,16000,1,141600,8.85,True,-23.369469211473973,-23.380244791419763,-0.010775579945789893,0.7100039720535278,0,0,0,d6fbe5e263c66b66248e5d1e2152ef9e5858bf5d2333b696256950412021ab00,,,,,,,
pilot,8297-275155-0002,dev-clean,8297,NEG_CODEC,16000,1,141600,8.85,True,-23.369469211473973,-23.37636334263623,-0.0068941311622585,0.70817631483078,0,0,0,c94cf1f6861777597a48a9298f6a2c4aca43d183df88de6a38d4e2387ac14f29,443.0,85691.0,73299e2284a1da85ec830b917ac2847582bc77882946d5411ceaad024f5ab872,77.46079096045199,CELT-WB,1.0,CELT-WB:443
pilot,8842-302201-0006,dev-clean,8842,REF,16000,1,157840,9.865,True,-24.700995341598574,-24.700995341598574,0.0,0.64324951171875,0,0,0,883fbb14b9fa930834ef8dfc9b011969e88d7bc143ef64ba0d9030d186d58679,,,,,,,
pilot,8842-302201-0006,dev-clean,8842,LP,16000,1,157840,9.865,True,-24.700995341598574,-24.76528046011292,-0.06428511851434293,0.6446330547332764,0,0,0,6a96d74534e917e01b24b16d554d2378315860d18af985d69b54524636f08d8c,,,,,,,
pilot,8842-302201-0006,dev-clean,8842,OPUS,16000,1,157840,9.865,True,-24.700995341598574,-25.332408369461966,-0.6314130278633898,0.5674188733100891,0,0,2,363fb540a3e7e48ae25490c41c42961730b33d1cd16e6db41fbce55640413f84,494.0,10033.0,ae7c74252ba4197f82eca21eada20b045be62b9c7773c1c599d37be41326a2d7,8.136239229599594,SILK-NB,1.0,SILK-NB:494
pilot,8842-302201-0006,dev-clean,8842,SILK,16000,1,157840,9.865,True,-24.700995341598574,-24.804298412346274,-0.10330307074769758,0.6336497068405151,0,0,2,dbec1fbcef9285f7b3ee124dfec885136cf548817a6983890ee1297ea9723a64,494.0,49528.0,226f6ba1d5e55abf955fa7d4ddcc96a4880b1249cb5eb04ac62de1f3f53f598a,40.16462240243284,SILK-NB,1.0,SILK-NB:494
pilot,8842-302201-0006,dev-clean,8842,NEG_LP,16000,1,157840,9.865,True,-24.700995341598574,-24.704512746983276,-0.0035174053847032483,0.6435542702674866,0,0,0,49ab0ddda847935e10b3f0ca7285947d3142d59d430d07449ed3ae656c8df578,,,,,,,
pilot,8842-302201-0006,dev-clean,8842,NEG_CODEC,16000,1,157840,9.865,True,-24.700995341598574,-24.69641559314127,0.004579748457301872,0.6474589705467224,0,0,0,a64f9e312c83a86919eb21f7af50030a61854f15d49a9f3379ffed415558964b,494.0,85635.0,bca059b5afae25364ae71e33ca1c68b4d9fac2eab93ea9c990f49fa7fc922026,69.4455144450076,CELT-WB,1.0,CELT-WB:494
pilot,8842-304647-0010,dev-clean,8842,REF,16000,1,195120,12.195,True,-23.210211104384022,-23.210211104384022,0.0,0.660736083984375,0,0,0,b8aa291b27203818ef7dae8a11d799375ec6321da470062d634c6de878d31cd7,,,,,,,
pilot,8842-304647-0010,dev-clean,8842,LP,16000,1,195120,12.195,True,-23.210211104384022,-23.252124080007658,-0.04191297562363035,0.6556240320205688,0,0,0,191029a0a5ffd9ba2c32a92948ad08f6bb776c1ebb8db3265f76be744385c4fb,,,,,,,
pilot,8842-304647-0010,dev-clean,8842,OPUS,16000,1,195120,12.195,True,-23.210211104384022,-23.79266231579866,-0.5824512114146323,0.6301042437553406,0,0,2,6e383a21ba82fe32d65f925c02338c79a56e4f01340c4caa543cc9f7af08737f,611.0,12262.0,6708e4552ebdb9dc223b5db50d85d4cb64cd7b3bba6cefd0b652dfe917a6cd28,8.043952439524395,SILK-NB,1.0,SILK-NB:611
pilot,8842-304647-0010,dev-clean,8842,SILK,16000,1,195120,12.195,True,-23.210211104384022,-23.286078964112185,-0.07586785972816086,0.6594420671463013,0,0,2,0e09f819ba9ee41c719f61413b26dcb4c31d3b96bfb7e99abd7f4fe4cb15a67c,611.0,61177.0,8e9582bab5bcfb907f6f32f546cc949143e3406c3a10d4f3f497a0eedd7e3ca4,40.13251332513325,SILK-NB,1.0,SILK-NB:611
pilot,8842-304647-0010,dev-clean,8842,NEG_LP,16000,1,195120,12.195,True,-23.210211104384022,-23.21263922054644,-0.0024281161624109355,0.6607715487480164,0,0,0,744ed938caae7edd3e45862a8dc3314c46099fe558c47387eb38beb042913010,,,,,,,
pilot,8842-304647-0010,dev-clean,8842,NEG_CODEC,16000,1,195120,12.195,True,-23.210211104384022,-23.202493459943522,0.0077176444405035105,0.6616804003715515,0,0,0,e4b0420587f41841a4faa8d630acf77ada0864d348e9165ec75276f02b4b8d28,611.0,104298.0,5b4ee98c4f705e6c20dc2f4bbc5b1b7fedfd098ba5bd6f324092f1377f6b848d,68.42017220172201,CELT-WB,1.0,CELT-WB:611
pilot,116-288047-0004,dev-other,116,REF,16000,1,93120,5.82,True,-26.513515903099744,-26.513515903099744,0.0,0.2333984375,0,0,0,e0f405ab97257c06895b705a45b11dc79b257cfb9ae6046dddacbb2a564f1d01,,,,,,,
pilot,116-288047-0004,dev-other,116,LP,16000,1,93120,5.82,True,-26.513515903099744,-26.780188520926473,-0.26667261782673046,0.25651195645332336,0,0,0,1489a7021faa990280eb5e025c177217dc0be1ef64b3255b7e68292996f14a7e,,,,,,,
pilot,116-288047-0004,dev-other,116,OPUS,16000,1,93120,5.82,True,-26.513515903099744,-27.890380557929827,-1.376864654830086,0.26801392436027527,0,0,2,ef07590344de625c676b29a13a8ccf27799cbd2c16b50af75a5b270bccb66f69,292.0,6148.0,0bcf511171b347f01efde1cc25063bc35c87f8cf36b81656536572f410938438,8.45085910652921,SILK-NB,1.0,SILK-NB:292
pilot,116-288047-0004,dev-other,116,SILK,16000,1,93120,5.82,True,-26.513515903099744,-26.85922592079929,-0.34571001769954524,0.26990950107574463,0,0,2,372bff433b77264b8e1073421a0a61c1a8784788d91b580f077860431c466e52,292.0,27239.0,c8299c87d40813d2e6c6d5e6eef5c2ec3a689371cf2edcf7ba2c23c87b3a268f,37.44192439862543,SILK-NB,1.0,SILK-NB:292
pilot,116-288047-0004,dev-other,116,NEG_LP,16000,1,93120,5.82,True,-26.513515903099744,-26.516836954469678,-0.00332105136993529,0.23353300988674164,0,0,0,1621fe2cdb39651284edd568c845263fa78072fc6bca7334196bc13b58e47d7d,,,,,,,
pilot,116-288047-0004,dev-other,116,NEG_CODEC,16000,1,93120,5.82,True,-26.513515903099744,-26.52039841794558,-0.006882514845836389,0.23538263142108917,0,0,0,f63cc530a22995d6749275235e6dedcfc231d7dff97ed11081dbf690b63685e7,292.0,54984.0,561f15915ecc975347c26281754fd5c30acc2cfc3c593a5743ba0e8a6e394435,75.57938144329896,CELT-WB,1.0,CELT-WB:292
pilot,116-288047-0014,dev-other,116,REF,16000,1,40080,2.505,True,-28.352828932616806,-28.352828932616806,0.0,0.217041015625,0,0,0,630a866b5a524b04df27ee7ac2a716ab5c8e74727306fac0a05560032cb9e2f2,,,,,,,
pilot,116-288047-0014,dev-other,116,LP,16000,1,40080,2.505,True,-28.352828932616806,-29.065438336471047,-0.7126094038542413,0.24572640657424927,0,0,0,807dff0ac428d7b165c8f49b09beb3625c42ec4ce6f851e2901d86a4637c306c,,,,,,,
pilot,116-288047-0014,dev-other,116,OPUS,16000,1,40080,2.505,True,-28.352828932616806,-30.22255673155914,-1.8697277989423338,0.22034937143325806,0,0,2,5f5dc7f124b0e401cd43afcbff6c1eb6472f5bcc9166d42550911e353e41ca52,126.0,2301.0,a3bd7e1628eda18fc9ef24db0bbf2e8b289c027a228cd7d3a6e8655012411709,7.348502994011977,SILK-NB,1.0,SILK-NB:126
pilot,116-288047-0014,dev-other,116,SILK,16000,1,40080,2.505,True,-28.352828932616806,-29.12037631371713,-0.7675473811003217,0.2386329174041748,0,0,2,8a7dff6fc3df30cf804b281664179e677067441ba04a73eb4a971314c335f90c,126.0,9198.0,dfb707b22acf76ffa69f43956593a21109b660d72b3ce205ca3fbc3b4023f8a3,29.3748502994012,SILK-NB,1.0,SILK-NB:126
pilot,116-288047-0014,dev-other,116,NEG_LP,16000,1,40080,2.505,True,-28.352828932616806,-28.376821815792148,-0.02399288317534031,0.219755619764328,0,0,0,49c7ca44fa15ecda9fd339d58d8a5d35d67d629e1ea3450852a29511b0c9945b,,,,,,,
pilot,116-288047-0014,dev-other,116,NEG_CODEC,16000,1,40080,2.505,True,-28.352828932616806,-28.35718085289801,-0.004351920281204013,0.2177925705909729,0,0,0,7ddb5a1ff1ac1ed5b62d46fcdfaae5cecb86ae008c245830ddcfdf0bf95e5647,126.0,18744.0,9f5259cc1afe2b140b7f5baa240b1eaeb4262e1464a2871eecf2bf9c4539e62d,59.86107784431138,CELT-WB,1.0,CELT-WB:126
pilot,700-122867-0036,dev-other,700,REF,16000,1,39200,2.45,True,-34.14967141538528,-34.14967141538528,0.0,0.179107666015625,0,0,0,70155be1cb625b7c7992c30bb5c6d29ec5db1490794c672ec0c5dbd65b1d005d,,,,,,,
pilot,700-122867-0036,dev-other,700,LP,16000,1,39200,2.45,True,-34.14967141538528,-34.8412188755941,-0.6915474602088222,0.1708090454339981,0,0,0,503f7be755dbf3562f8057788b0ae8f789a6e7a6eba0d60d48e85c78f6ae37d2,,,,,,,
pilot,700-122867-0036,dev-other,700,OPUS,16000,1,39200,2.45,True,-34.14967141538528,-35.50128620974475,-1.3516147943594727,0.16138200461864471,0,0,2,9ed16253628b3e72615b3a792ec337a556036e97c6f47459cf5ef0cbaf80bc9c,123.0,2287.0,5c1d956c6879c11bab86b5f0b7a75e2d16c67a4a90dd03c9678eac6cfffbca4f,7.467755102040815,SILK-NB,1.0,SILK-NB:123
pilot,700-122867-0036,dev-other,700,SILK,16000,1,39200,2.45,True,-34.14967141538528,-34.881968394326734,-0.7322969789414564,0.16875706613063812,0,0,2,fbe2c97852d58a05a574c01d0f58585292429aa3d7565d2d7a0a2848cde13fdf,123.0,12350.0,35b72efe5c7db7812e46fe65dd65782c66d9e2bcc2051d7ac1e31138b71c1b0e,40.326530612244895,SILK-NB,1.0,SILK-NB:123
pilot,700-122867-0036,dev-other,700,NEG_LP,16000,1,39200,2.45,True,-34.14967141538528,-34.31116028545483,-0.16148887006955562,0.183676078915596,0,0,0,fe5265ab9b5c8d9c534704c04dffde77d166dff65a5857f017450e7f0092f2d4,,,,,,,
pilot,700-122867-0036,dev-other,700,NEG_CODEC,16000,1,39200,2.45,True,-34.14967141538528,-34.27512105198781,-0.12544963660253133,0.17731799185276031,0,0,0,c16e1611f3eee2485bcc497d78b4ae491799362706fc279e2764cfe53991fdd4,123.0,21453.0,73d2d910ca34a8ec4d192852febae634f47d69d9387f8fa691c030ef63fbb4e3,70.05061224489796,CELT-WB,1.0,CELT-WB:123
pilot,700-122867-0039,dev-other,700,REF,16000,1,58480,3.655,True,-31.60624569052278,-31.60624569052278,0.0,0.239471435546875,0,0,0,cd23e43cc9234ab78ac0c8ca7887230f8373ac827f48044f4d841775fe41b1fb,,,,,,,
pilot,700-122867-0039,dev-other,700,LP,16000,1,58480,3.655,True,-31.60624569052278,-33.28539956400719,-1.6791538734844145,0.17878101766109467,0,0,0,406e22e8650babe7c8a111581f3f2d2c5c128624978fd63e7585c481fc7492f5,,,,,,,
pilot,700-122867-0039,dev-other,700,OPUS,16000,1,58480,3.655,True,-31.60624569052278,-34.01522769640135,-2.4089820058785634,0.16959412395954132,0,0,2,138def72129ce34e2d03ae6dbac80146ce83503a0a152fb3971d8d449465e1ee,184.0,3544.0,266f6f15ccc5ef207cf62394ad6d190e1f0cca815e729b3c2d05f6c68bd5df00,7.757045143638851,SILK-NB,1.0,SILK-NB:184
pilot,700-122867-0039,dev-other,700,SILK,16000,1,58480,3.655,True,-31.60624569052278,-33.330314889069996,-1.7240691985472165,0.17216208577156067,0,0,2,588b7f0d257ae9ea4efc52769c92ef21ba24e843e8344eed009f2aad9ea3fefb,184.0,18498.0,50c50b812b7f7c96e0e5b41800bbb094bcc9b109d0a6d647a1522c31c274a81b,40.48809849521204,SILK-NB,1.0,SILK-NB:184
pilot,700-122867-0039,dev-other,700,NEG_LP,16000,1,58480,3.655,True,-31.60624569052278,-32.25195336184875,-0.6457076713259684,0.18150940537452698,0,0,0,0b38352796cd3c7fd12ffc5a25527f81173cded25ac873c07fc24479a64ab7dc,,,,,,,
pilot,700-122867-0039,dev-other,700,NEG_CODEC,16000,1,58480,3.655,True,-31.60624569052278,-32.06857293012067,-0.4623272395978897,0.19046804308891296,0,0,0,cb76812f6f61c44980440fa097919acae6066719917d5bb56594fc3885f88d43,184.0,30810.0,80f4a21282838cb40fbe678acfb6d40aaad99ddadc7fdca27bf443303dd96250,67.43638850889194,CELT-WB,1.0,CELT-WB:184
pilot,1255-138279-0018,dev-other,1255,REF,16000,1,35200,2.2,True,-26.38299210581844,-26.38299210581844,0.0,0.278594970703125,0,0,0,4c3483ca626525448d2dd5fd1a815df8e8b3db24b252b8f541ca92783e154412,,,,,,,
pilot,1255-138279-0018,dev-other,1255,LP,16000,1,35200,2.2,True,-26.38299210581844,-26.980784532282577,-0.5977924264641361,0.31463462114334106,0,0,0,bec0102e0f36cd30e8b8f411fc47f9cebdcc5f3e1621995fa31e563fe342a18a,,,,,,,
pilot,1255-138279-0018,dev-other,1255,OPUS,16000,1,35200,2.2,True,-26.38299210581844,-27.78913187259929,-1.406139766780849,0.36082723736763,0,0,2,b488d3e6d0f5213655f99ffced1938f62c3a426dd81e8a5967b33edbdbbe4feb,111.0,2221.0,6bc02576e2d96a273e902c4e3a4a19e96eca21ed70b00a70de3e363cc35bf37d,8.076363636363636,SILK-NB,1.0,SILK-NB:111
pilot,1255-138279-0018,dev-other,1255,SILK,16000,1,35200,2.2,True,-26.38299210581844,-27.019441263516022,-0.6364491576975823,0.3214303255081177,0,0,2,7cc77f667d04ddea3474d97a69d503f847d810f775a9b7c2606c2116e3a936c9,111.0,9660.0,d69156bc5262ef832a62d0a7812190c36c08012bfdf41af34cccae0de5bb24de,35.127272727272725,SILK-NB,1.0,SILK-NB:111
pilot,1255-138279-0018,dev-other,1255,NEG_LP,16000,1,35200,2.2,True,-26.38299210581844,-26.40255208540126,-0.019559979582821754,0.28873172402381897,0,0,0,a02be0a3264dcfc283f4005653b768db3b5e27a3ae249cb2ae8ec1c766697706,,,,,,,
pilot,1255-138279-0018,dev-other,1255,NEG_CODEC,16000,1,35200,2.2,True,-26.38299210581844,-26.395755462087767,-0.012763356269328518,0.29377302527427673,0,0,0,ee1256df3b15ecd225f05468ed73c4aa2b45ba2c370c062b842432767c07441e,111.0,21271.0,e447ea07ad3aed94f8868f582789d7af86f159d81d7336373d34540998a9bc97,77.3490909090909,CELT-WB,1.0,CELT-WB:111
pilot,1255-90413-0025,dev-other,1255,REF,16000,1,106719,6.6699375,True,-27.320809815391293,-27.320809815391293,0.0,0.53741455078125,0,0,0,3cd7afc43227567e387c098bb51620430218c63d98b25a89a629383c205d7d86,,,,,,,
pilot,1255-90413-0025,dev-other,1255,LP,16000,1,106719,6.6699375,True,-27.320809815391293,-27.87525492973299,-0.5544451143416982,0.463703453540802,0,0,0,ce607cb0cea78851f1482f2f67a400d72e4b887033aa17ae54e6108faac99f68,,,,,,,
pilot,1255-90413-0025,dev-other,1255,OPUS,16000,1,106719,6.6699375,True,-27.320809815391293,-28.60277561151537,-1.2819657961240718,0.42672616243362427,0,0,2,84c28d26d4e54a44ec73af99e838351bd5d0246e044bb6482b970f6b8e7aa1bb,334.0,6598.0,9178d7d21c976aa2b0de3c674a1e46a31f5992efa858940b356ea1c303e4b436,7.913717332433776,SILK-NB,1.0,SILK-NB:334
pilot,1255-90413-0025,dev-other,1255,SILK,16000,1,106719,6.6699375,True,-27.320809815391293,-27.90667591182149,-0.5858660964301948,0.45008185505867004,0,0,2,114226397062248d0b42ad73547d7d6919a17d835c86f6f07f95a44e6b44db7b,334.0,29255.0,f66da1bcbf8014f919816678ef4b8f1e9d24b3de88df2a70143bcf8304d408d3,35.088784565072764,SILK-NB,1.0,SILK-NB:334
pilot,1255-90413-0025,dev-other,1255,NEG_LP,16000,1,106719,6.6699375,True,-27.320809815391293,-27.352638785730285,-0.03182897033898743,0.5377402305603027,0,0,0,d085925c4191a690e3ad2322e4043082c5e0edb9f57fdb3d4d33e52784046e06,,,,,,,
pilot,1255-90413-0025,dev-other,1255,NEG_CODEC,16000,1,106719,6.6699375,True,-27.320809815391293,-27.33459200268204,-0.013782187290747145,0.5353029370307922,0,0,0,6af65c3184aab751e8867e50119f3e58d551009d2123cf8edda0f57f93624704,334.0,59340.0,1e21c0c09856e801d6e0adf1a00d318a80c1d32acef0162782292900e922d5e2,71.173080707278,CELT-WB,1.0,CELT-WB:334
pilot,1585-131718-0023,dev-other,1585,REF,16000,1,76400,4.775,True,-25.15103485199331,-25.15103485199331,0.0,0.364532470703125,0,0,0,4b8e786eabb6684fd457096569615125c456d4a1a8cc2a4f3bcefc6cff71ba8c,,,,,,,
pilot,1585-131718-0023,dev-other,1585,LP,16000,1,76400,4.775,True,-25.15103485199331,-25.311503988962862,-0.1604691369695519,0.3626786768436432,0,0,0,f26f697b757dad26a2b4d346355488fb7aee55e2df1698c12559d127eebbde1c,,,,,,,
pilot,1585-131718-0023,dev-other,1585,OPUS,16000,1,76400,4.775,True,-25.15103485199331,-25.816146771689187,-0.66511191969588,0.40379786491394043,0,0,2,c631938134b5887cc99592383b9122c5edac0d5c5e4cf81de6fd51bf98905c4a,240.0,4950.0,3ed929a99b74c611094aa534b5f29fe33235564196d78f474d730b3b165ee38f,8.293193717277488,SILK-NB,1.0,SILK-NB:240
pilot,1585-131718-0023,dev-other,1585,SILK,16000,1,76400,4.775,True,-25.15103485199331,-25.372110810356997,-0.22107595836368793,0.36323678493499756,0,0,2,84dfe8e9f7db9ffa28e498f447b940410b243fe0eb55777346aa9577a3acf083,240.0,22821.0,39db9b444e2b5afa8b063ba901876c7b53f7dbfe29472d7d83ab6b976ed3b6ad,38.234136125654445,SILK-NB,1.0,SILK-NB:240
pilot,1585-131718-0023,dev-other,1585,NEG_LP,16000,1,76400,4.775,True,-25.15103485199331,-25.21019903254129,-0.05916418054798356,0.3648805022239685,0,0,0,3dc2ab2d1ffe3e4371c22ee86b73b6a1b94292ad9a768be28675735ba0d3d38a,,,,,,,
pilot,1585-131718-0023,dev-other,1585,NEG_CODEC,16000,1,76400,4.775,True,-25.15103485199331,-25.23386490428492,-0.08283005229161326,0.36728915572166443,0,0,0,c0c7e5ef7d2950ab4f5a50bb1908ffbe3fe3f6cf31a7bc47bb44c13a41212734,240.0,44621.0,d67679eb677c0fa5c4c3e5c3eb4f42ae70f67dfd7da9c4cbbb470e21a5f1e038,74.75769633507852,CELT-WB,1.0,CELT-WB:240
pilot,1585-157660-0016,dev-other,1585,REF,16000,1,133360,8.335,True,-23.38404783851091,-23.38404783851091,0.0,0.553131103515625,0,0,0,74edc0ee08a95f741e953eef641a19b552bdb70cc89ec94253b51c2be5f8f5c8,,,,,,,
pilot,1585-157660-0016,dev-other,1585,LP,16000,1,133360,8.335,True,-23.38404783851091,-23.456395398871976,-0.07234756036106885,0.5558127164840698,0,0,0,4a7116f328fb4618efb096fd4f0bad5049406c6838eb8f4d915d2f6ee2a52cca,,,,,,,
pilot,1585-157660-0016,dev-other,1585,OPUS,16000,1,133360,8.335,True,-23.38404783851091,-23.804365072524476,-0.4203172340135697,0.4935794472694397,0,0,2,22b1b2109513a0b5bf8c1413af36e9feb04f4ccd792595f5162d7f7cd00aac93,418.0,8503.0,e86b6188b208688acf80a99227151b7b549ea43b3ce8eba425836198f8ca2aaf,8.16124775044991,SILK-NB,1.0,SILK-NB:418
pilot,1585-157660-0016,dev-other,1585,SILK,16000,1,133360,8.335,True,-23.38404783851091,-23.46128026942776,-0.0772324309168565,0.5453992486000061,0,0,2,ffe7d4c875a51882521d861843ef792f44c2ab294d96d2d19feb8b9e80580d64,418.0,39811.0,44b80d3da267ed24006602ad78d02a4205414a52ceb71e62e18d0f00972255d7,38.21091781643671,SILK-NB,1.0,SILK-NB:418
pilot,1585-157660-0016,dev-other,1585,NEG_LP,16000,1,133360,8.335,True,-23.38404783851091,-23.384056604030626,-8.76551972193026e-06,0.5531226396560669,0,0,0,cc79016ec5c14f2a00ad909846debfdc12d9b8ba1e6866e7da5e9055ad2d8ccc,,,,,,,
pilot,1585-157660-0016,dev-other,1585,NEG_CODEC,16000,1,133360,8.335,True,-23.38404783851091,-23.380126862204172,0.003920976306732917,0.553525447845459,0,0,0,9b79eb5843d7f2406926bf799b25a8326bc5fb3c2285607a0fd5d237920d6ab9,418.0,74204.0,8d7586be050c21c20bc7d52825cc7b0c0214295da3575b9bcce770e7330be9de,71.22159568086381,CELT-WB,1.0,CELT-WB:418
pilot,1630-96099-0005,dev-other,1630,REF,16000,1,82880,5.18,True,-15.881882830870648,-15.881882830870648,0.0,0.877655029296875,0,0,0,47ce72bb31be45fdb18a7b9df9e161c077ff708d6d422a487d4039338af89888,,,,,,,
pilot,1630-96099-0005,dev-other,1630,LP,16000,1,82880,5.18,True,-15.881882830870648,-15.972913849782655,-0.09103101891200609,0.8605555295944214,0,0,0,d0fa089a3491f356780781c5f50d2ccf599af74b2b71b8f340d327d1dd479787,,,,,,,
pilot,1630-96099-0005,dev-other,1630,OPUS,16000,1,82880,5.18,True,-15.881882830870648,-16.449841645562934,-0.5679588146922867,0.8769917488098145,0,0,2,1c387de4c3019b1af5802811ef82ef03f11a08f131530ede743a1578977b8df7,260.0,5478.0,bbc3fa59df2149b8c33a7fc50fce2397c9631cb0b0d683386c2ec6a1aee89efc,8.46023166023166,SILK-NB,1.0,SILK-NB:260
pilot,1630-96099-0005,dev-other,1630,SILK,16000,1,82880,5.18,True,-15.881882830870648,-15.991338584892452,-0.10945575402180398,0.862771213054657,0,0,2,5e526cdb34b7f379c1f66071f189e972e2686f357a36707a20b9eea40f3c19ea,260.0,26315.0,44808efd3d3ef45c85f95ab6ac3385a8ef547e034fff8c3bca6e1118fc37a4ad,40.640926640926644,SILK-NB,1.0,SILK-NB:260
pilot,1630-96099-0005,dev-other,1630,NEG_LP,16000,1,82880,5.18,True,-15.881882830870648,-15.891749419562691,-0.009866588692042582,0.8750534057617188,0,0,0,e8daa8894f6327e198effa3254bb3fdf7efbd6555c7709bb7d4f9c8c3f224e33,,,,,,,
pilot,1630-96099-0005,dev-other,1630,NEG_CODEC,16000,1,82880,5.18,True,-15.881882830870648,-15.892112304775454,-0.010229473904805175,0.8665254712104797,0,0,0,fd55cdc14592cfa9a0651ef50f3a1f7f9660f11d9e602dedc2e15882b819fa32,260.0,45106.0,2306e32ca2668defe09f0a4db202e3aa7c222e3bcc84575d5524fe70f1f9d6e7,69.66177606177607,CELT-WB,1.0,CELT-WB:260
pilot,1630-96099-0009,dev-other,1630,REF,16000,1,97680,6.105,True,-17.21571752853649,-17.21571752853649,0.0,0.729827880859375,0,0,0,933606ca8baabb2ae21f7ff777b9e77568e1be823ef7b64e6f6cdf115c130bf7,,,,,,,
pilot,1630-96099-0009,dev-other,1630,LP,16000,1,97680,6.105,True,-17.21571752853649,-17.251136852139798,-0.035419323603310314,0.7053834795951843,0,0,0,f8155634bab880a7f1291845657ea95f00cf42b0b9c264dd49aeff8c24e7c44b,,,,,,,
pilot,1630-96099-0009,dev-other,1630,OPUS,16000,1,97680,6.105,True,-17.21571752853649,-17.682096044698316,-0.46637851616182624,0.6149952411651611,0,0,2,7222c0445746426c2fcb326171e87ee96f9d9a7c6f273bbe705548669cdb3854,306.0,6527.0,c7abd75d38fe3e196fd92673872cf1631af13ca50dea7ac67eae278e234ee9d4,8.552989352989352,SILK-NB,1.0,SILK-NB:306
pilot,1630-96099-0009,dev-other,1630,SILK,16000,1,97680,6.105,True,-17.21571752853649,-17.246724304228962,-0.031006775692475962,0.6692785024642944,0,0,2,00b6c1e49cb95d89b1a6d1a7fb48830e1b02a6bc73811fdc9acd4dcb695e9b1c,306.0,31161.0,ea743a58ab324d65eae9c2d3aa76a3e6057c0e49f73a3afa209848061a7139a5,40.83341523341523,SILK-NB,1.0,SILK-NB:306
pilot,1630-96099-0009,dev-other,1630,NEG_LP,16000,1,97680,6.105,True,-17.21571752853649,-17.2206666801938,-0.00494915165731327,0.728674054145813,0,0,0,ba3c35759ffc44426594b0c4dfad38a140b2f0e21421e31b1cd4e74ff2d0501f,,,,,,,
pilot,1630-96099-0009,dev-other,1630,NEG_CODEC,16000,1,97680,6.105,True,-17.21571752853649,-17.203658604323874,0.012058924212613172,0.7273344993591309,0,0,0,288579d19259e0763e5678b9e86198e8b761f8d51edc184e1873e55cf4c3cf4a,306.0,54031.0,be353bc0e67eb3fc86132959f515e00476569e257fbf0b2f827662415967d2d8,70.8022932022932,CELT-WB,1.0,CELT-WB:306
pilot,1650-167613-0027,dev-other,1650,REF,16000,1,38880,2.43,True,-21.07625040153276,-21.07625040153276,0.0,0.55657958984375,0,0,0,4d2fd5a5701122817bc62caa39e04754b508a6ec9104ed236d4dd38031508dde,,,,,,,
pilot,1650-167613-0027,dev-other,1650,LP,16000,1,38880,2.43,True,-21.07625040153276,-21.07672342260132,-0.00047302106855850556,0.5564091205596924,0,0,0,969179a66be17e6751fd681e4e73994a1d50bb8f1f4a9261fcb4495764ad7428,,,,,,,
pilot,1650-167613-0027,dev-other,1650,OPUS,16000,1,38880,2.43,True,-21.07625040153276,-21.559219717995095,-0.48296931646233765,0.5406408905982971,0,0,2,a91a88bd6c445fd08e0d05b38663338d157730ae15cfcf967cb044dc68e80c47,122.0,2607.0,0c4ad9788e9b044ad2c7a2f8a00a70974b6f0a8574beb073037e3d5288e442a9,8.582716049382716,SILK-NB,1.0,SILK-NB:122
pilot,1650-167613-0027,dev-other,1650,SILK,16000,1,38880,2.43,True,-21.07625040153276,-21.07140479275035,0.004845608782406388,0.558367133140564,0,0,2,572d7f1c8fb12100ddb4cdf68abd1dd568405762618a8eb046a6115dcdf73951,122.0,11654.0,23d19889e3141d2273d94eca78e3740374bfd15d8d3ad3b431842132fdbcc566,38.36707818930041,SILK-NB,1.0,SILK-NB:122
pilot,1650-167613-0027,dev-other,1650,NEG_LP,16000,1,38880,2.43,True,-21.07625040153276,-21.07624944132935,9.602034072802228e-07,0.5565621256828308,0,0,0,10c1d054b956b0926c28a520dfc6fa23d3a74a0aa6785522574a371108750e94,,,,,,,
pilot,1650-167613-0027,dev-other,1650,NEG_CODEC,16000,1,38880,2.43,True,-21.07625040153276,-21.085138668090018,-0.008888266557257829,0.558385968208313,0,0,0,371c584ca72333a13cf2d6a1750774500ce9f3cc7d6339a65ce55ef325c2ad0f,122.0,20738.0,f1c42fae0b1c665937408c9dc7404b55252a4a4d009c5ac85b48fc82513faadd,68.27325102880658,CELT-WB,1.0,CELT-WB:122
pilot,1650-167613-0040,dev-other,1650,REF,16000,1,59840,3.74,True,-21.73327527077854,-21.73327527077854,0.0,0.6063232421875,0,0,0,c0a2efaf0ef2f058f4083f3d641a2327933ac4778e3d596e1790e6f6139dda16,,,,,,,
pilot,1650-167613-0040,dev-other,1650,LP,16000,1,59840,3.74,True,-21.73327527077854,-21.735470331890205,-0.0021950611116624105,0.608352780342102,0,0,0,f3446cdbbfcf2bc5dc442c6a109db27f7401f28673c9d0053cb7bd5a81a84e76,,,,,,,
pilot,1650-167613-0040,dev-other,1650,OPUS,16000,1,59840,3.74,True,-21.73327527077854,-22.19500974660725,-0.4617344758287063,0.5452763438224792,0,0,2,182ff5e44176dd28a9cedd88d2f35904cad2965d3ed74be61640be0f97cd4b3d,188.0,3917.0,7fede4bfad595c9cb9771199c61232fe60890aa4e01ee348d78499e58183dc30,8.37860962566845,SILK-NB,1.0,SILK-NB:188
pilot,1650-167613-0040,dev-other,1650,SILK,16000,1,59840,3.74,True,-21.73327527077854,-21.746798241021516,-0.013522970242972636,0.6002387404441833,0,0,2,0867f741a95ce757427c16c604d849e7e87685e7f8b064b28026d671e72b2f95,188.0,17761.0,b1080daf93a48a891a885dad7f7f07caf1a3d9f679319bb67e4d6f040e156534,37.99144385026738,SILK-NB,1.0,SILK-NB:188
pilot,1650-167613-0040,dev-other,1650,NEG_LP,16000,1,59840,3.74,True,-21.73327527077854,-21.733274587675382,6.831031587308655e-07,0.6063252091407776,0,0,0,a660217adf7d39f5920c0483721a8dc78e81f670c062b4099ac17c46a50fcdb5,,,,,,,
pilot,1650-167613-0040,dev-other,1650,NEG_CODEC,16000,1,59840,3.74,True,-21.73327527077854,-21.72251965147254,0.010755619306005595,0.600931704044342,0,0,0,d1beaf67d1f87ec616c7b9f8eb19dfe91370954a51a6ab3e693b08f9c61ed7a8,188.0,32717.0,157500729ae6afbee15ed7700707fa25826a1e3952fb59f717369327cac8dae6,69.98288770053476,CELT-WB,1.0,CELT-WB:188
pilot,1651-136854-0005,dev-other,1651,REF,16000,1,93200,5.825,True,-26.592882312371483,-26.592882312371483,0.0,0.46966552734375,0,0,0,8c6116fef462be743278907c6bb5a20ff5c126606f736f61e4ef20e9e05815a4,,,,,,,
pilot,1651-136854-0005,dev-other,1651,LP,16000,1,93200,5.825,True,-26.592882312371483,-27.135402381062423,-0.5425200686909418,0.4592765271663666,0,0,0,316d324e5aa4f128ba72fb0d9d8107ba6067d018a5caa92a46f4b1fdc290ac80,,,,,,,
pilot,1651-136854-0005,dev-other,1651,OPUS,16000,1,93200,5.825,True,-26.592882312371483,-28.136187944249134,-1.5433056318776504,0.4277952015399933,0,0,2,4ede0064b30c7aaef484df5f708d9ab442c32ccac5d7033d4a062d93b233fe7a,292.0,6020.0,2b045d1e22298f7c4a8f67f5adf2dcebf1f5b843fd2b633c96913e06b2e34e6c,8.267811158798283,SILK-NB,1.0,SILK-NB:292
pilot,1651-136854-0005,dev-other,1651,SILK,16000,1,93200,5.825,True,-26.592882312371483,-27.181481883813202,-0.5885995714417204,0.46411097049713135,0,0,2,f83dcdb3baff2f9d793ad5047544919bd403502e6bacac00fa3b6fe8ad4b7113,292.0,28846.0,8cd628a3defed54708ed61da2a3add023a31033cf5816e2667ee14ea5e5485dc,39.61682403433476,SILK-NB,1.0,SILK-NB:292
pilot,1651-136854-0005,dev-other,1651,NEG_LP,16000,1,93200,5.825,True,-26.592882312371483,-26.664227069631814,-0.07134475726032831,0.4706946909427643,0,0,0,4d6c069feccb98c3b1e917fe24411b230175e5aaa450e3d66df9ae93ca12d883,,,,,,,
pilot,1651-136854-0005,dev-other,1651,NEG_CODEC,16000,1,93200,5.825,True,-26.592882312371483,-26.654375399780157,-0.06149308740867512,0.4707249402999878,0,0,0,ea452611a32ea1f08dc19c04dbc000bd8ea9c3733a84ac217c171a663ef72963,292.0,48885.0,c3f3e6d7e011ab7e0d3c4f90fa98dee3f84ed7d65665d019c84c8650e05bae6d,67.1381974248927,CELT-WB,1.0,CELT-WB:292
pilot,1651-136854-0009,dev-other,1651,REF,16000,1,75840,4.74,True,-27.282300617495462,-27.282300617495462,0.0,0.5888671875,0,0,0,1004f0740d10a32f095638917f72a8c8bcb9b6343b74073ca4dc7b535e295da9,,,,,,,
pilot,1651-136854-0009,dev-other,1651,LP,16000,1,75840,4.74,True,-27.282300617495462,-28.722427223751566,-1.4401266062561013,0.4534446895122528,0,0,0,1301eb93eb8d3f90f62deee67b6ab8e730f50acbf33f022acced5a67c7b9ecc7,,,,,,,
pilot,1651-136854-0009,dev-other,1651,OPUS,16000,1,75840,4.74,True,-27.282300617495462,-29.541283623123817,-2.258983005628352,0.40411436557769775,0,0,2,a7899f5b13cd2f05e8ea459af07a11111aac315c200ce5f5dd459ac55540ae14,238.0,4866.0,9e2b813de67a9c012638fafec4a1d7440ee92fb4126ff6a3a7da7c9f9978dfba,8.2126582278481,SILK-NB,1.0,SILK-NB:238
pilot,1651-136854-0009,dev-other,1651,SILK,16000,1,75840,4.74,True,-27.282300617495462,-28.78811430986302,-1.505813692367556,0.4468684792518616,0,0,2,b1bcf9a36810ac219776c9e0598bcddfe339989b963cd85efe8fe1f271abb2f9,238.0,23793.0,c8ccf3959e441191cf3497c8a59750eed105554ddfa8d349692788ad1b8f43b2,40.15696202531645,SILK-NB,1.0,SILK-NB:238
pilot,1651-136854-0009,dev-other,1651,NEG_LP,16000,1,75840,4.74,True,-27.282300617495462,-27.46031330633558,-0.1780126888401164,0.5863010287284851,0,0,0,9c9b6d95de7f72e3a2bfac54372dbee33cce01c4bb79fa857abfa62542872c40,,,,,,,
pilot,1651-136854-0009,dev-other,1651,NEG_CODEC,16000,1,75840,4.74,True,-27.282300617495462,-27.465167118667896,-0.18286650117243597,0.5880728363990784,0,0,0,e9ac1a7c85f6a2b1602e914519bc11620f8aec3145d6bbb6300a0ca9dd66524a,238.0,38311.0,000620e0a7c9c7b7e0d82e344c095b7b62a51332a936d44965b6fc1d01f84e65,64.65991561181434,CELT-WB,1.0,CELT-WB:238
pilot,1686-142278-0032,dev-other,1686,REF,16000,1,69600,4.35,True,-22.390661333087863,-22.390661333087863,0.0,0.712982177734375,0,0,0,5f16cc1775c716cb617da841be772fc481d5189509bd185e5eb2e430a0eeb093,,,,,,,
pilot,1686-142278-0032,dev-other,1686,LP,16000,1,69600,4.35,True,-22.390661333087863,-22.393405427313798,-0.002744094225935987,0.723645806312561,0,0,0,f8d2f155c3a5aa24bc6fed6ec73d13229d5cd83e630c683501b94f04ca3beb96,,,,,,,
pilot,1686-142278-0032,dev-other,1686,OPUS,16000,1,69600,4.35,True,-22.390661333087863,-22.72114715245012,-0.33048581936225535,0.8082568645477295,0,0,2,263ab75153d005fb971d060c4c291f887c9fb3899af617698c28d3e0bce9ee5c,218.0,4522.0,dcacce9d9567ab74ded158d186b942ef9497947903722c29fde6c26f06b6bf03,8.316321839080459,SILK-NB,1.0,SILK-NB:218
pilot,1686-142278-0032,dev-other,1686,SILK,16000,1,69600,4.35,True,-22.390661333087863,-22.426511302490898,-0.0358499694030327,0.732321560382843,0,0,2,2d73edab06dec4530ea979aa7e0ee815f3b4220c7b78044e8b1b82d7b46666e7,218.0,21926.0,77c8482e9bc038d5a830bed259d8450a12df84cc9663d3a53176883e57ed8820,40.32367816091955,SILK-NB,1.0,SILK-NB:218
pilot,1686-142278-0032,dev-other,1686,NEG_LP,16000,1,69600,4.35,True,-22.390661333087863,-22.391052764305677,-0.0003914312178137112,0.7167103290557861,0,0,0,c1b8d47e3efacdc44ade1e6aff9c222c4e9bbd8b3527d1fe73082b03feddf51a,,,,,,,
pilot,1686-142278-0032,dev-other,1686,NEG_CODEC,16000,1,69600,4.35,True,-22.390661333087863,-22.381889282062563,0.008772051025299325,0.7198930978775024,0,0,0,e81ca3472d69bc6dcc09f856c21f21af2ec78153adcac096135c37cf795bcdbb,218.0,38585.0,5026b712994489fa4cbd5c0237475396972495bc5336e83de8b51742464b35a2,70.9609195402299,CELT-WB,1.0,CELT-WB:218
pilot,1686-142278-0038,dev-other,1686,REF,16000,1,31360,1.96,True,-27.883802061293544,-27.883802061293544,0.0,0.368804931640625,0,0,0,17016e3df0d8d0053c0bf80a76142476d90c1ea40bc958436b3b2e9ca4dbe241,,,,,,,
pilot,1686-142278-0038,dev-other,1686,LP,16000,1,31360,1.96,True,-27.883802061293544,-27.88413298126485,-0.0003309199713029128,0.36844995617866516,0,0,0,2f3394996f6a7c918b8163e51bdc8ef2ac7a75c03966a0800fc68e8ca27f70c3,,,,,,,
pilot,1686-142278-0038,dev-other,1686,OPUS,16000,1,31360,1.96,True,-27.883802061293544,-28.64301348810479,-0.7592114268112451,0.40221452713012695,0,0,2,b2671c9306c4b0d63b42684a2ccf74e2c44dbce3fbb76ffb2b5267a369086935,99.0,1848.0,33b71ae8251b269d5f640757c3aa438bde087c1a1cfaa0f15eb84cf42b9ba5ac,7.542857142857143,SILK-NB,1.0,SILK-NB:99
pilot,1686-142278-0038,dev-other,1686,SILK,16000,1,31360,1.96,True,-27.883802061293544,-27.938702091379156,-0.054900030085606163,0.36441799998283386,0,0,2,bd106027464794cb7f98f19f59cc2b88d24b1f1dd276ba4043cabe8be127a9d4,99.0,9607.0,07a88a08e3bbf5d987afbcfc7f21b3465fd0ced85b8b4d0b862cbe9da73e0a60,39.21224489795919,SILK-NB,1.0,SILK-NB:99
pilot,1686-142278-0038,dev-other,1686,NEG_LP,16000,1,31360,1.96,True,-27.883802061293544,-27.88390027122687,-9.820993332272047e-05,0.36872583627700806,0,0,0,c85bbb3fed0b81df76f69ee2771ac0b08a58080f2e83dfc0817e51cf0165eac8,,,,,,,
pilot,1686-142278-0038,dev-other,1686,NEG_CODEC,16000,1,31360,1.96,True,-27.883802061293544,-27.921831038933234,-0.03802897763968662,0.37048688530921936,0,0,0,1c13fad9ab03971391f9bb501873db857ff13b873a3f00b456a414cdbaa34aaf,99.0,17389.0,78ba0fac9e6939939e8d7af760ad4389a921c8959ed953a969f1da30b9683b1d,70.97551020408163,CELT-WB,1.0,CELT-WB:99
pilot,1701-141759-0009,dev-other,1701,REF,16000,1,48960,3.06,True,-25.997612378588958,-25.997612378588958,0.0,0.366668701171875,0,0,0,0ba55975be07998bf343d155d120185fe7503562c938481f85f31691d6840c19,,,,,,,
pilot,1701-141759-0009,dev-other,1701,LP,16000,1,48960,3.06,True,-25.997612378588958,-26.009216247249785,-0.01160386866082653,0.3664981722831726,0,0,0,1dcfd5994eaa3d505c04b706cd93d5ab2f31b8feadc39ec6268f4045fd7f33b6,,,,,,,
pilot,1701-141759-0009,dev-other,1701,OPUS,16000,1,48960,3.06,True,-25.997612378588958,-26.575701515801825,-0.5780891372128654,0.3687696158885956,0,0,2,d101e46daf67facfda12855e8b092c88ee49445581a4ad4e629e4fb1af4194b0,154.0,3024.0,40160ae3bfe368f12be356286d8f59b186e3fa155ee5af0e461c2accd7b5cd32,7.905882352941177,SILK-NB,1.0,SILK-NB:154
pilot,1701-141759-0009,dev-other,1701,SILK,16000,1,48960,3.06,True,-25.997612378588958,-26.0509948003616,-0.05338242177264428,0.3700926899909973,0,0,2,db7ee008c9dc79040264375b8493c54f792eaaa05995e4c7f7781d154e15b7b3,154.0,15419.0,6a3b8d4e77a837f6067b2be28f4b12f6467ebe7bd25bcc14b39eb013e9fca3b4,40.31111111111111,SILK-NB,1.0,SILK-NB:154
pilot,1701-141759-0009,dev-other,1701,NEG_LP,16000,1,48960,3.06,True,-25.997612378588958,-25.998925043538428,-0.0013126649494715778,0.3672868609428406,0,0,0,1c7479a379bd1b976bf659b4652466dd684f4a3996bd7b80fd3d9e4b076ebb56,,,,,,,
pilot,1701-141759-0009,dev-other,1701,NEG_CODEC,16000,1,48960,3.06,True,-25.997612378588958,-26.012650949925572,-0.015038571336614492,0.3672657310962677,0,0,0,e00ddb53fb82241ef0093c530324f55c6b80db2aea11b4b55511c2ef61351d3e,154.0,25265.0,b9d09c70f97b3ee1980c99a9806219e314f819df8d34736d219a54927bcd6f6f,66.05228758169935,CELT-WB,1.0,CELT-WB:154
pilot,1701-141760-0007,dev-other,1701,REF,16000,1,41520,2.595,True,-28.5739737140795,-28.5739737140795,0.0,0.285064697265625,0,0,0,0e765054f255af86680ec261c51b9ca330012ee665f04891387884a28afa7af4,,,,,,,
pilot,1701-141760-0007,dev-other,1701,LP,16000,1,41520,2.595,True,-28.5739737140795,-28.576597363567533,-0.00262364948803405,0.28525030612945557,0,0,0,098c1a8c6a4133f124012d75aba9f26a5a24adc83bf992528488ac35983c27a6,,,,,,,
pilot,1701-141760-0007,dev-other,1701,OPUS,16000,1,41520,2.595,True,-28.5739737140795,-29.253281104664197,-0.6793073905846936,0.267462819814682,0,0,2,80f1e13b2a3972657c68346bda0ce2592bdb86e3ad33935a08742c3c29bbdf33,131.0,2508.0,32f7e4ff062a3a5e435b85d4a7d5994190c033ecb357ad36abb56314be9a19f1,7.73179190751445,SILK-NB,1.0,SILK-NB:131
pilot,1701-141760-0007,dev-other,1701,SILK,16000,1,41520,2.595,True,-28.5739737140795,-28.629389692941277,-0.05541597886177692,0.2871425747871399,0,0,2,d34bb02152785d5ccd25b68bd222b3fe73bd1d185ba3a95de9b2fc17cb7e812e,131.0,12847.0,aa1c1cc15d7424cb2854b5a4b46e1d7eea19f5c71b970c40a0a6a560ba4a75c6,39.60539499036609,SILK-NB,1.0,SILK-NB:131
pilot,1701-141760-0007,dev-other,1701,NEG_LP,16000,1,41520,2.595,True,-28.5739737140795,-28.574194954035637,-0.00022123995613821846,0.28488168120384216,0,0,0,06f25707c98fbc5beb73d764e618fbcedefb299604158e479f7f77a71abe16e0,,,,,,,
pilot,1701-141760-0007,dev-other,1701,NEG_CODEC,16000,1,41520,2.595,True,-28.5739737140795,-28.57373345160206,0.000240262477436773,0.288227915763855,0,0,0,346eebb24c4762c330f020af9d4b8cd2fe9f7f133e4e6791025383bc68e00893,131.0,21177.0,3787c9363d6646e354091a81f2df798396f401a2d96bde6f642f79c4fc8f7186,65.28554913294796,CELT-WB,1.0,CELT-WB:131
pilot,2506-11267-0009,dev-other,2506,REF,16000,1,67040,4.19,True,-26.000314829930673,-26.000314829930673,0.0,0.3291015625,0,0,0,d0c7b1053b58f5548a56ebcf94aab4b511360599b00f1ba84f5f643c8c748aa6,,,,,,,
pilot,2506-11267-0009,dev-other,2506,LP,16000,1,67040,4.19,True,-26.000314829930673,-27.054964101512805,-1.0546492715821334,0.33062151074409485,0,0,0,073c7e220b31aba35d8c9276b04c22182676fe2196529dcbafdf39e891cbf4ee,,,,,,,
pilot,2506-11267-0009,dev-other,2506,OPUS,16000,1,67040,4.19,True,-26.000314829930673,-27.629433491906923,-1.6291186619762512,0.3176698684692383,0,0,2,d3bbb133e21e54687632f8c22e604de21610f88316fc3cd671d1cf980e258827,210.0,4385.0,aaf315b7863ab91ef68da1f0f4c0bc507874603691408acb8ec91a18d3695ba4,8.372315035799522,SILK-NB,1.0,SILK-NB:210
pilot,2506-11267-0009,dev-other,2506,SILK,16000,1,67040,4.19,True,-26.000314829930673,-27.07740111645147,-1.0770862865207969,0.32675325870513916,0,0,2,af40030326a94a260c4d47e7a305ee134d1eecf0134adf5ee66fe41a9726ddb0,210.0,21219.0,7bc2e645b60e0ada66b58403ccbbb73990a47915b4685527cd8b9dd7e06d8b7b,40.51360381861575,SILK-NB,1.0,SILK-NB:210
pilot,2506-11267-0009,dev-other,2506,NEG_LP,16000,1,67040,4.19,True,-26.000314829930673,-26.56679901484333,-0.5664841849126563,0.3345666825771332,0,0,0,63bb59e8dccb2fedcce38fbe7cbe27ac5f04559ea1c18bb0cdf65c515e86ca20,,,,,,,
pilot,2506-11267-0009,dev-other,2506,NEG_CODEC,16000,1,67040,4.19,True,-26.000314829930673,-26.356536891181165,-0.35622206125049355,0.33139482140541077,0,0,0,60be7910b9900adcf551e0d2cabaaa68b55c58b35f95e3479eebf3609a156311,210.0,39328.0,9a15b2b9aac29d4fbdaff80278d00fe9e3ff8d629a041d73b0eda769c5bafde3,75.08926014319809,CELT-WB,1.0,CELT-WB:210
pilot,2506-11278-0006,dev-other,2506,REF,16000,1,94960,5.935,True,-26.2757386826721,-26.2757386826721,0.0,0.37408447265625,0,0,0,61b74246a16affab0fe0be4d8a8cfcf8f1f9c00a80cfb827e98116dd68068a48,,,,,,,
pilot,2506-11278-0006,dev-other,2506,LP,16000,1,94960,5.935,True,-26.2757386826721,-26.872072769531293,-0.5963340868591894,0.37613239884376526,0,0,0,4dd19b0af1c5111a0627fab716e157e270d0b7b27b59e98f4d3081547a62432a,,,,,,,
pilot,2506-11278-0006,dev-other,2506,OPUS,16000,1,94960,5.935,True,-26.2757386826721,-27.264881599075814,-0.989142916403709,0.38484764099121094,0,0,2,43497c114d007fad135fa9ce7eed1cfc4ab678439f3cdbe62db2b69f670b292e,298.0,6187.0,5583981b56b28a0980dec15d3183486cd51d08e39b322283ffabc6777733fc9e,8.339679865206403,SILK-NB,1.0,SILK-NB:298
pilot,2506-11278-0006,dev-other,2506,SILK,16000,1,94960,5.935,True,-26.2757386826721,-26.89876223355737,-0.6230235508852667,0.3694847524166107,0,0,2,977dbad455b50c9e7a079a7a2ca090cd754711f0324c7c11331d5b2b1053666c,298.0,29850.0,772767a2f8e0be2d7418d3d98ee30ebd556a4cd1c8e6cc1d538d0befacd0eedc,40.23588879528223,SILK-NB,1.0,SILK-NB:298
pilot,2506-11278-0006,dev-other,2506,NEG_LP,16000,1,94960,5.935,True,-26.2757386826721,-26.459939636622533,-0.1842009539504333,0.3736218512058258,0,0,0,fb288995cf972558fababf81607a383e8675eed349092732fe55ad3f4e3223ed,,,,,,,
pilot,2506-11278-0006,dev-other,2506,NEG_CODEC,16000,1,94960,5.935,True,-26.2757386826721,-26.408322926265196,-0.13258424359309404,0.37176212668418884,0,0,0,22004e271c1970c2a03f38cad2938e4fab1513e70d2fabb67c0a927350a572d4,298.0,57139.0,174443d182862623fd29bfb10c9e4346ef9519f018547382edb06db87865cdb0,77.01971356360573,CELT-WB,1.0,CELT-WB:298
pilot,3660-172183-0004,dev-other,3660,REF,16000,1,57200,3.575,True,-27.200702179038785,-27.200702179038785,0.0,0.351654052734375,0,0,0,228916e403d7c5844618dcb3d28927c877b8948e3bdb43d3af22c30c21bea1fb,,,,,,,
pilot,3660-172183-0004,dev-other,3660,LP,16000,1,57200,3.575,True,-27.200702179038785,-27.734332930401948,-0.5336307513631573,0.359944224357605,0,0,0,ab7574b27b223df27c9cf81b1211803f3959a142d36f5abc66ab2bb074b02847,,,,,,,
pilot,3660-172183-0004,dev-other,3660,OPUS,16000,1,57200,3.575,True,-27.200702179038785,-28.231749899891128,-1.0310477208523385,0.36174654960632324,0,0,2,f8ceb589e959b795afe81d9738e81bfc21215a3f38bc134bb7de5cd1f2407cf9,180.0,3635.0,ee0a09c1acd565ff9438ea44ee179b52e18baecb91fcd31446b4a23104f6e24e,8.134265734265734,SILK-NB,1.0,SILK-NB:180
pilot,3660-172183-0004,dev-other,3660,SILK,16000,1,57200,3.575,True,-27.200702179038785,-27.77616094495962,-0.5754587659208353,0.3548054099082947,0,0,2,e30660fe3292698bd2da7a6c345d0cec8e59fce56f0b0dfd04bb7c97cb6fb311,180.0,16836.0,b76ad451976867002901756d06d6c4aceaaf372a7c6d1e57fa4f8e0c0d3eda2d,37.674965034965034,SILK-NB,1.0,SILK-NB:180
pilot,3660-172183-0004,dev-other,3660,NEG_LP,16000,1,57200,3.575,True,-27.200702179038785,-27.201213004973283,-0.0005108259344949912,0.3518519103527069,0,0,0,8b9ee209e044736ac22f4b7e704a99723076f5349ac6bf85b472be9a6f27d98c,,,,,,,
pilot,3660-172183-0004,dev-other,3660,NEG_CODEC,16000,1,57200,3.575,True,-27.200702179038785,-27.19377437651961,0.006927802519178182,0.3565821349620819,0,0,0,3f04a6debb944c639f1fc5d067d87be29388daea0ea13e3a308eb01fa14aff03,180.0,33958.0,6740d70d39ea4ec074a5e70838e2c16793621b141fd7625e833970f3c504d16d,75.98993006993007,CELT-WB,1.0,CELT-WB:180
pilot,3660-6517-0032,dev-other,3660,REF,16000,1,44480,2.78,True,-28.613372463809554,-28.613372463809554,0.0,0.34417724609375,0,0,0,4cd8c20cbd447071a3cb54a392033ee9021f861ca8296b6fb4f250ac57d224b2,,,,,,,
pilot,3660-6517-0032,dev-other,3660,LP,16000,1,44480,2.78,True,-28.613372463809554,-28.678742601423068,-0.06537013761351217,0.33965572714805603,0,0,0,6ce5ae49ecaa7121c038334116dc3d786ab036bcbaa5c4959da97b00ad2b0ff4,,,,,,,
pilot,3660-6517-0032,dev-other,3660,OPUS,16000,1,44480,2.78,True,-28.613372463809554,-28.988862042465932,-0.3754895786563749,0.2950758635997772,0,0,2,2630c2001de107b95622147b6f51569f31ac89d1160774547722491e4c5060f5,140.0,2813.0,5139af17a53518756cfce13afa6cd44984a51068beb533b41c3eace5cf58eff2,8.094964028776978,SILK-NB,1.0,SILK-NB:140
pilot,3660-6517-0032,dev-other,3660,SILK,16000,1,44480,2.78,True,-28.613372463809554,-28.690207288352777,-0.07683482454322346,0.34650880098342896,0,0,2,00edb6421c4245c8d5c25576aaf1f2aa23a7845a567d8902c516ae3f4c291618,140.0,12834.0,89eeeaa5f6119f681fcf9c8cb2108b58e2abca031299e57ce44a9f3fb9c3784c,36.93237410071943,SILK-NB,1.0,SILK-NB:140
pilot,3660-6517-0032,dev-other,3660,NEG_LP,16000,1,44480,2.78,True,-28.613372463809554,-28.613408358101108,-3.5894291549711096e-05,0.3441189229488373,0,0,0,1f30d6e7dcfd845043d416f4eb47308cd6022874dda672855e63e3fee218b3ea,,,,,,,
pilot,3660-6517-0032,dev-other,3660,NEG_CODEC,16000,1,44480,2.78,True,-28.613372463809554,-28.58763443308113,0.025738030728424018,0.345472514629364,0,0,0,0beed211dca3bffc393b852a74ab7257a12d2573965d07c1676deb5a9563fab6,140.0,27946.0,4859077a9a21f96d7266bffbf361c490dcfd7709cb19adeaf097a9d8cd4d45f7,80.4201438848921,CELT-WB,1.0,CELT-WB:140
pilot,3663-172528-0011,dev-other,3663,REF,16000,1,69440,4.34,True,-24.087161644913444,-24.087161644913444,0.0,0.55206298828125,0,0,0,4529ef0fc79e5b285dab7e8b32bc3288022747311a6349bbefbea62211ddbbb7,,,,,,,
pilot,3663-172528-0011,dev-other,3663,LP,16000,1,69440,4.34,True,-24.087161644913444,-24.54348580319845,-0.4563241582850103,0.4054426848888397,0,0,0,6a87fdef9a71783211463f0a4d94d7aad6b5257bf336f8f8dd40264093717626,,,,,,,
pilot,3663-172528-0011,dev-other,3663,OPUS,16000,1,69440,4.34,True,-24.087161644913444,-25.332877783679393,-1.2457161387659523,0.3701099753379822,0,0,2,ea673c0055896a40441b0b212bbfc2879884b9262b65e358769a447ab4131bd4,218.0,4387.0,132561b7ef80ea84173947daa01995f680fda58cfb5ec2ed3af0c92ecc6463cf,8.086635944700461,SILK-NB,1.0,SILK-NB:218
pilot,3663-172528-0011,dev-other,3663,SILK,16000,1,69440,4.34,True,-24.087161644913444,-24.610961942739813,-0.5238002978263714,0.4079476296901703,0,0,2,f2d9324573b2109115c52d9d7bc1cbc8c6bc0028b8baa405f9cac32837772f6b,218.0,22291.0,5b5ff1b13e3c973625c0c6c9db954d230726b5fa87228e9c4825c49e648d0b7d,41.08940092165899,SILK-NB,1.0,SILK-NB:218
pilot,3663-172528-0011,dev-other,3663,NEG_LP,16000,1,69440,4.34,True,-24.087161644913444,-24.08716112969868,5.152147632142219e-07,0.5521024465560913,0,0,0,7fd13492678ea9b285c08443264fdbe4577abcf55d048a5c82112dbff91857e6,,,,,,,
pilot,3663-172528-0011,dev-other,3663,NEG_CODEC,16000,1,69440,4.34,True,-24.087161644913444,-24.112608807801557,-0.025447162888116145,0.5621732473373413,0,0,0,5a1597cf0fd528a2f50f6f501d325d531a40f1d2ed63e1243b9f8f945a2894b1,218.0,34503.0,9c4efc881795aa0a0ab108c56945246362bdecd3a5a3aec607e9a94cb5638c9c,63.6,CELT-WB,1.0,CELT-WB:218
pilot,3663-172528-0014,dev-other,3663,REF,16000,1,89040,5.565,True,-26.432437680477268,-26.432437680477268,0.0,0.344329833984375,0,0,0,132de05beea3c89bc25637ff71c2cf669b293d237c2a5026d4cdf6c9e08f0f17,,,,,,,
pilot,3663-172528-0014,dev-other,3663,LP,16000,1,89040,5.565,True,-26.432437680477268,-26.50667804779076,-0.07424036731349248,0.33231687545776367,0,0,0,011f975ed76c82200ea7776c224cd9fe3e1b9ce9bd83df4d8952411186314fc3,,,,,,,
pilot,3663-172528-0014,dev-other,3663,OPUS,16000,1,89040,5.565,True,-26.432437680477268,-27.236360062839566,-0.8039223823622954,0.3319634199142456,0,0,2,b65a1511e0199e9cb96f3b7561cc420af5f80ed9e9dcda07cbb5cb419d9fc3f9,279.0,5296.0,8b1208419cd0b913b1cd54d7c0c03d89cea67e1b7e578ec31e85ab74bce926e3,7.613297394429469,SILK-NB,1.0,SILK-NB:279
pilot,3663-172528-0014,dev-other,3663,SILK,16000,1,89040,5.565,True,-26.432437680477268,-26.574777101278166,-0.1423394208008991,0.3335883319377899,0,0,2,41dae4dbef0b465e7e869b8db675fb83a9a43bec1a797226b855d8024ceb2cfd,279.0,28448.0,5ce73c4f26a5cd3a964bcfe43eab38621d29acdba1fd08d2ba1895fa0cef66b0,40.89559748427673,SILK-NB,1.0,SILK-NB:279
pilot,3663-172528-0014,dev-other,3663,NEG_LP,16000,1,89040,5.565,True,-26.432437680477268,-26.43243695295979,7.275174764782801e-07,0.34432804584503174,0,0,0,b2b0f41293db0f8683e1cbf360d4ae5866f723edb9fff5a3c584e16fb9225325,,,,,,,
pilot,3663-172528-0014,dev-other,3663,NEG_CODEC,16000,1,89040,5.565,True,-26.432437680477268,-26.456708942636787,-0.024271262159517325,0.3481917083263397,0,0,0,f1716ebef2c41230ac4c5b7e62ba4d0556d6130276db615020ceadce27bfa154,279.0,44638.0,62a0e0e9101b40c891b2f0336f06140a0e456d685668dccd4a876f111340121d,64.1696316262354,CELT-WB,1.0,CELT-WB:279
pilot,3915-57461-0029,dev-other,3915,REF,16000,1,88640,5.54,True,-23.62495516953523,-23.62495516953523,0.0,0.558990478515625,0,0,0,7a3bd176f5bd52c997cc930b8033c6372ba09fcede4d097c83ad4c93e4375bf3,,,,,,,
pilot,3915-57461-0029,dev-other,3915,LP,16000,1,88640,5.54,True,-23.62495516953523,-23.70886186312203,-0.08390669358679939,0.5551183819770813,0,0,0,2e075077d85b923d1f17215e3d8fffafefdefeda918ad3b445656c1445eaf030,,,,,,,
pilot,3915-57461-0029,dev-other,3915,OPUS,16000,1,88640,5.54,True,-23.62495516953523,-24.41996235370846,-0.7950071841732282,0.5288127064704895,0,0,2,c3bb9d5286f3bb1650c417d492a01fcf97a916879c682a2489220e256631998a,278.0,5627.0,33c9c2ee6115172c061b49524d4c5acd17823d23a93819feb7dcd10ca429f62a,8.125631768953069,SILK-NB,1.0,SILK-NB:278
pilot,3915-57461-0029,dev-other,3915,SILK,16000,1,88640,5.54,True,-23.62495516953523,-23.73841931527343,-0.11346414573819488,0.5468126535415649,0,0,2,1c21b156b0f3d2f90c224739375bf4219fab51eccd8e4f7da99e68cdfaa12d36,278.0,27485.0,2fd8f25a115a0240ccbfd5e5ecf67d046229b2d80f52ed0c780f5caf7d13e3f6,39.68953068592057,SILK-NB,1.0,SILK-NB:278
pilot,3915-57461-0029,dev-other,3915,NEG_LP,16000,1,88640,5.54,True,-23.62495516953523,-23.62990784515045,-0.004952675615213643,0.5548762083053589,0,0,0,f847e4e8cd72e07df88c67ab3720b87c5a9b74b75822e26e0fe166e4dfe7a4ad,,,,,,,
pilot,3915-57461-0029,dev-other,3915,NEG_CODEC,16000,1,88640,5.54,True,-23.62495516953523,-23.629665648932672,-0.004710479397439347,0.5543014407157898,0,0,0,663dcb3dc3b328f5b539a99cfbb0b87b1b62341389bb1f1e0f6d2d7abdf89eaa,278.0,50604.0,808218e0c11e04937c37ee05426526460e9dc243f86caa6c86fb756d7781e6c3,73.07436823104693,CELT-WB,1.0,CELT-WB:278
pilot,3915-98647-0007,dev-other,3915,REF,16000,1,125600,7.85,True,-22.845967190887787,-22.845967190887787,0.0,0.4232177734375,0,0,0,c5ccf892e0071565cacdcfa2bea3764991bf5165db36536dc8238d0bf6741843,,,,,,,
pilot,3915-98647-0007,dev-other,3915,LP,16000,1,125600,7.85,True,-22.845967190887787,-22.865713132488402,-0.01974594160061433,0.4235664904117584,0,0,0,eb952edf5ca1ebbf1d153a7c5ae9f22d33669da621bf7e7092ef6737877997f7,,,,,,,
pilot,3915-98647-0007,dev-other,3915,OPUS,16000,1,125600,7.85,True,-22.845967190887787,-23.235862028976108,-0.3898948380883225,0.3869088292121887,0,0,2,62a835ac3db19083a3ca30d7002ba24f5c1250baa00a04b6c9b19367aed80b33,393.0,8295.0,eb1fd2fce5ec3f6ac8b673893a817a3a8daccfdd91c8c445ca4d3fa4fe3850c4,8.453503184713377,SILK-NB,1.0,SILK-NB:393
pilot,3915-98647-0007,dev-other,3915,SILK,16000,1,125600,7.85,True,-22.845967190887787,-22.88020431788322,-0.03423712699543203,0.420242041349411,0,0,2,b4a92c2c64b998ed1ce9d35b62b7690b1a122fc7d3659011f54e3da0742fe352,393.0,32177.0,dac6f553d87c75430ca1b1e66e4a11f82ce12e92c81ec2601e9b6a10a350cf4c,32.79184713375796,SILK-NB,1.0,SILK-NB:393
pilot,3915-98647-0007,dev-other,3915,NEG_LP,16000,1,125600,7.85,True,-22.845967190887787,-22.847029376538792,-0.0010621856510073084,0.4232129752635956,0,0,0,232caf9dc951e345719dc2a2b7ecb46ee2d2b449f6844278a0d7baa257a1699e,,,,,,,
pilot,3915-98647-0007,dev-other,3915,NEG_CODEC,16000,1,125600,7.85,True,-22.845967190887787,-22.84354675649203,0.002420434395755265,0.42329198122024536,0,0,0,684bff978e439cb8b45dcaed5a720df599032d85199f39d8ef652026df7b46b6,393.0,75436.0,4f1c24ea56fce5348e20daab3b7929fdca79a5724a32a9124de1617703950f1d,76.87745222929937,CELT-WB,1.0,CELT-WB:393
pilot,4153-186222-0012,dev-other,4153,REF,16000,1,118880,7.43,True,-24.373383024439374,-24.373383024439374,0.0,0.437744140625,0,0,0,e2cf9e4993c11bcf214577b9a958ea2d68364ada929dbc2735994796bd2f3bb4,,,,,,,
pilot,4153-186222-0012,dev-other,4153,LP,16000,1,118880,7.43,True,-24.373383024439374,-24.41142315071431,-0.03804012627493087,0.43600767850875854,0,0,0,060ff76d23b1d2d06af7f4ef6cee4c8770f364b71020237e592b9a6f1c2756f5,,,,,,,
pilot,4153-186222-0012,dev-other,4153,OPUS,16000,1,118880,7.43,True,-24.373383024439374,-24.95268186443568,-0.5792988399963044,0.4407186508178711,0,0,2,963d83ab7d14b7f1451711a54e7a18ce140a076641355bbf5681c6320cd5c695,372.0,7829.0,811a235a3890db18d803665c8a2cd71251ac45a3eb13c3cac29eb7790881fe12,8.429609690444146,SILK-NB,1.0,SILK-NB:372
pilot,4153-186222-0012,dev-other,4153,SILK,16000,1,118880,7.43,True,-24.373383024439374,-24.439570519827875,-0.06618749538849884,0.43609297275543213,0,0,2,766cc0b7bab5b3771c9a94d27f4323e9748d39308ef5ffa36c44095dc62079d7,372.0,33425.0,4922b720da6cb7a6d53b5d47629b4e2fec508e0b34636ae9d9a817258888e4c0,35.98923283983849,SILK-NB,1.0,SILK-NB:372
pilot,4153-186222-0012,dev-other,4153,NEG_LP,16000,1,118880,7.43,True,-24.373383024439374,-24.373382082378132,9.420612446982343e-07,0.4377601742744446,0,0,0,f58c7bd7e9fdd31dcd4601b6e24de6dd0b1c58462eaade0bd19512a2056877aa,,,,,,,
pilot,4153-186222-0012,dev-other,4153,NEG_CODEC,16000,1,118880,7.43,True,-24.373383024439374,-24.373670734934414,-0.00028771049504199746,0.4362715482711792,0,0,0,df76930f0a05902df437195739331b0fe550ce2c68d18c69a73d2768b0f51f93,372.0,67803.0,f95c87b98ebcaddf37c1dc122056ed5bfa39f826a6fc1279527be1ff55d8454c,73.00457604306865,CELT-WB,1.0,CELT-WB:372
pilot,4153-61735-0005,dev-other,4153,REF,16000,1,415520,25.97,True,-24.014193793773238,-24.014193793773238,0.0,0.926055908203125,0,0,0,d2afe7bf9fa2019a423ce188f535c78f0c20d6d438b02a2b648747ada7bc3a11,,,,,,,
pilot,4153-61735-0005,dev-other,4153,LP,16000,1,415520,25.97,True,-24.014193793773238,-24.045953334521343,-0.031759540748101764,0.9448922872543335,0,0,0,a71079d4a5b00eb15342c401c7cdb7a1a267708fab2689b15a0f13244dfb338a,,,,,,,
pilot,4153-61735-0005,dev-other,4153,OPUS,16000,1,415520,25.97,True,-24.014193793773238,-24.564057804845,-0.5498640110717562,0.9783669710159302,0,0,2,9fcff9391f165fba9b6517f7f8c52f2ef4a59c2cfa4b2f1e5d31299dc06ffb6e,1299.0,26204.0,39690ac5702dd03e739d2671b936bbbd5908e8d4df9f454df0127c94dbfe0875,8.072083172891798,SILK-NB,1.0,SILK-NB:1299
pilot,4153-61735-0005,dev-other,4153,SILK,16000,1,415520,25.97,True,-24.014193793773238,-24.08909466820112,-0.07490087442788015,0.9701465368270874,0,0,2,a399c121d59357e80cc95ab46fae809f331867e8bc3cce4963e17ad85930ac5b,1299.0,131891.0,fda32b321d6bb8099000718dc941258317c207bf394afd94e69c0fd316f41459,40.628725452445124,SILK-NB,1.0,SILK-NB:1299
pilot,4153-61735-0005,dev-other,4153,NEG_LP,16000,1,415520,25.97,True,-24.014193793773238,-24.017073130739025,-0.0028793369657819402,0.9303921461105347,0,0,0,9230705d028c743c337320def8807a8a61eae85e649fc90ea10cc6ce711bf36f,,,,,,,
pilot,4153-61735-0005,dev-other,4153,NEG_CODEC,16000,1,415520,25.97,True,-24.014193793773238,-24.007973700391485,0.0062200933817552085,0.9223771095275879,0,0,0,60535b19280ad66e50553f90adc177fce673e57341d0c4b2c30b08d9e80dfbc3,1299.0,217986.0,5024be28be10513f0a14bf476d102257b570e7976fd0caefa768154ad7fcab87,67.15009626492107,CELT-WB,1.0,CELT-WB:1299
pilot,4323-18416-0015,dev-other,4323,REF,16000,1,78960,4.935,True,-22.818933281425803,-22.818933281425803,0.0,0.50714111328125,0,0,0,5337adbf3e4ebcbc19a6e99a21463ad6245b46bfc03cdfdfd240724a58819ca4,,,,,,,
pilot,4323-18416-0015,dev-other,4323,LP,16000,1,78960,4.935,True,-22.818933281425803,-22.825931290325126,-0.00699800889932296,0.503386378288269,0,0,0,a3802ac47e0e2540fdf856854000fe4271cea2643472c0c85ec36b878f92bb31,,,,,,,
pilot,4323-18416-0015,dev-other,4323,OPUS,16000,1,78960,4.935,True,-22.818933281425803,-23.269772690041336,-0.4508394086155295,0.5117710828781128,0,0,2,7ca39dd207d70ec4b82d8e1a412dbb0aaf61a9432131e6072c304db17bc1aab2,248.0,5089.0,1c09f13833f49c73789114b353627443d192585ef14188cba36228372b7df034,8.249645390070922,SILK-NB,1.0,SILK-NB:248
pilot,4323-18416-0015,dev-other,4323,SILK,16000,1,78960,4.935,True,-22.818933281425803,-22.862107014763748,-0.04317373333794755,0.4898892939090729,0,0,2,22bf7a1f436ee4f375d5a0c125b03417bbd6b9476610c8c0d66bc0c3f11c7226,248.0,25111.0,bf9c879b1164510293bdda012a5c12d9917c608bc3bb310ca78c89476410364e,40.70678824721378,SILK-NB,1.0,SILK-NB:248
pilot,4323-18416-0015,dev-other,4323,NEG_LP,16000,1,78960,4.935,True,-22.818933281425803,-22.819673020887926,-0.0007397394621232119,0.5061900019645691,0,0,0,52384aac3f8ac402ccfcb0b5496d920cda1b1215ef90464837def94d4eb2265a,,,,,,,
pilot,4323-18416-0015,dev-other,4323,NEG_CODEC,16000,1,78960,4.935,True,-22.818933281425803,-22.82163617964369,-0.002702898217886473,0.5030829906463623,0,0,0,4daa53ec8f78378f1b6638e38d714ce201fc92acae8b9b8c2747efa18b5c8884,248.0,44180.0,8784a6df691dfa7768422b65d0d17dd84848229b61eaf5d69104a7fc4cd89b7a,71.61904761904762,CELT-WB,1.0,CELT-WB:248
pilot,4323-18416-0020,dev-other,4323,REF,16000,1,140160,8.76,True,-27.602083453560674,-27.602083453560674,0.0,0.3115234375,0,0,0,3b17ccba731b3feeb372e76831fe8ba21cd2111e79ca7afd19d3070bdb240e1d,,,,,,,
pilot,4323-18416-0020,dev-other,4323,LP,16000,1,140160,8.76,True,-27.602083453560674,-27.64893201432603,-0.04684856076535466,0.313056617975235,0,0,0,f2337f15a3d9e1a25cc9eba1f346ed0a5d1aec770a05b93bfb50ab305a682995,,,,,,,
pilot,4323-18416-0020,dev-other,4323,OPUS,16000,1,140160,8.76,True,-27.602083453560674,-28.125400107944397,-0.5233166543837251,0.3500978946685791,0,0,2,269ef0b601df8cae16f665234155acd209ef7e1f71be4e27f9877d05c9b3bb41,439.0,8893.0,52b75310aaebdda10f1934449aa05db4cc7f72177867174fc30fc52da8837e28,8.121461187214612,SILK-NB,1.0,SILK-NB:439
pilot,4323-18416-0020,dev-other,4323,SILK,16000,1,140160,8.76,True,-27.602083453560674,-27.6892841758335,-0.08720072227282395,0.30651161074638367,0,0,2,053c67342c3db4c9459f8f68d2b4c38edada11c1b2073e66ceaa2e924c0e0dde,439.0,44472.0,e642308a236796d1a03dfaad41c883607c5829b742145278037fe8474464ad1b,40.61369863013699,SILK-NB,1.0,SILK-NB:439
pilot,4323-18416-0020,dev-other,4323,NEG_LP,16000,1,140160,8.76,True,-27.602083453560674,-27.604193688454078,-0.002110234893403832,0.3114963471889496,0,0,0,45b7ce5ce0293ef3c91e90e90800c38c8c68753a1abeee40262d70bd927d9268,,,,,,,
pilot,4323-18416-0020,dev-other,4323,NEG_CODEC,16000,1,140160,8.76,True,-27.602083453560674,-27.594533870268524,0.0075495832921482625,0.3092695474624634,0,0,0,29cab7af92e458167e50a7f441579015460e279915f623b23b1720eea0582bea,439.0,76016.0,ddd49a6a8c28fcf851fd3601d05dbaf06b7e1846bd605ba7714962623b4b5e54,69.42100456621004,CELT-WB,1.0,CELT-WB:439
pilot,4515-11057-0040,dev-other,4515,REF,16000,1,45280,2.83,True,-18.62813303032326,-18.62813303032326,0.0,0.959259033203125,0,0,0,4bd6131d6bb26af0ca0cdb2218e4d6e5308ac4fdf18a8886b2d7126deb223796,,,,,,,
pilot,4515-11057-0040,dev-other,4515,LP,16000,1,45280,2.83,True,-18.62813303032326,-18.645900215769437,-0.017767185446179272,0.9739477634429932,0,0,0,bd77f4d3cabe7ce5c73e01d025809463da47538b815afe1a46c3ef85f78f920a,,,,,,,
pilot,4515-11057-0040,dev-other,4515,OPUS,16000,1,45280,2.83,True,-18.62813303032326,-19.177682015987838,-0.5495489856645794,0.983328104019165,0,0,2,3d32313282104d41916aa4b18bcb543cd4c1bd64a9c81684ee6f324bdfcfc9e2,142.0,2912.0,7c2aa4e7e91350d3892e51f8e0b1b3c69bc43c52d8a1049ee24ce83999407f5f,8.231802120141342,SILK-NB,1.0,SILK-NB:142
pilot,4515-11057-0040,dev-other,4515,SILK,16000,1,45280,2.83,True,-18.62813303032326,-18.668921074764654,-0.0407880444413974,0.989013135433197,0,0,2,43b067984b43084ee313c8fef260899cd13295531cf2384349e9c318e00cbc49,142.0,13692.0,4f779610c1bae1cf62d960c62fcc33bfd3a1d9890542c800c641558e64d0ce71,38.70530035335689,SILK-NB,1.0,SILK-NB:142
pilot,4515-11057-0040,dev-other,4515,NEG_LP,16000,1,45280,2.83,True,-18.62813303032326,-18.629318969603567,-0.001185939280306143,0.9629439115524292,0,0,0,8e8c26ae87dce4c775347bb85d5145cd35108473c2b6565a6eea071c0ade0cc1,,,,,,,
pilot,4515-11057-0040,dev-other,4515,NEG_CODEC,16000,1,45280,2.83,True,-18.62813303032326,-18.649295241077418,-0.021162210754161255,0.962364673614502,0,0,0,ed48afb7447068a3c2e7304d989cb6649e499d3773f1906f07fe460695d8308e,142.0,24265.0,580e935992446a42bff005905acac264e7ebe3db3671ebb7922146ccc2af2434,68.59363957597172,CELT-WB,1.0,CELT-WB:142
pilot,4515-11057-0075,dev-other,4515,REF,16000,1,42320,2.645,True,-18.250772506960978,-18.250772506960978,0.0,0.957916259765625,0,0,0,3a48215c54b03520036a2f72ff88fc3f658f44948f3b93d15087bf184cd238db,,,,,,,
pilot,4515-11057-0075,dev-other,4515,LP,16000,1,42320,2.645,True,-18.250772506960978,-18.292079123605806,-0.04130661664482496,0.9851032495498657,0,0,0,d19723eb7c0e3dea4812800dea424397c8c101da021b5289fde11c3e08429920,,,,,,,
pilot,4515-11057-0075,dev-other,4515,OPUS,16000,1,42320,2.645,True,-18.250772506960978,-18.665900746618075,-0.4151282396570977,1.00642728805542,1,0,2,bba59a8835bd14cb6acec732820025f41e9e0156fa056053f35b96cfb7ce6771,133.0,2751.0,8a00184b31f8346747ffc90f10bd2eb85d7c0b37c6e22f0833d43b5589063667,8.320604914933838,SILK-NB,1.0,SILK-NB:133
pilot,4515-11057-0075,dev-other,4515,SILK,16000,1,42320,2.645,True,-18.250772506960978,-18.306774065078137,-0.056001558117158214,0.9967347979545593,0,0,2,aba5f129b455fd86b72a0da03ce50cf367e492c95bb7ed14eb77fdfc488faee7,133.0,12848.0,0a7f55adf86fc8ecfb93a30577a69604020305dd15fd315488eb3c90707be856,38.859735349716445,SILK-NB,1.0,SILK-NB:133
pilot,4515-11057-0075,dev-other,4515,NEG_LP,16000,1,42320,2.645,True,-18.250772506960978,-18.26483749739744,-0.014064990436461259,0.9620772004127502,0,0,0,953e68f38039023bd0ea66a85e59ff45307ca5e523a00345bbc545e11a8bd2ad,,,,,,,
pilot,4515-11057-0075,dev-other,4515,NEG_CODEC,16000,1,42320,2.645,True,-18.250772506960978,-18.291941515374134,-0.041169008413156016,0.9573844075202942,0,0,0,13ba2348f0855d62ab96fc18df8cdb28066093652facada251e2c44466c2446f,133.0,23043.0,37e773cda461cc6e2cd047e414d815414f18cf9ea56d9233709631561ff4ed15,69.6952741020794,CELT-WB,1.0,CELT-WB:133
pilot,4570-102353-0000,dev-other,4570,REF,16000,1,160240,10.015,True,-24.333654437087986,-24.333654437087986,0.0,0.466888427734375,0,0,0,045df320d7b38b1afe15d1a3c424d51ab2da386c06f69d72270c77c99def60a4,,,,,,,
pilot,4570-102353-0000,dev-other,4570,LP,16000,1,160240,10.015,True,-24.333654437087986,-24.341636214886737,-0.007981777798748275,0.4653416574001312,0,0,0,c880aaa06551e1729fd8875273c3cde8e98700f59ad44ad8fe534321a3e23088,,,,,,,
pilot,4570-102353-0000,dev-other,4570,OPUS,16000,1,160240,10.015,True,-24.333654437087986,-24.89076398703277,-0.557109549944778,0.5035926699638367,0,0,2,98c857318129aee3d25b7062b95197b996546691b2c0145aece96b144d68021b,502.0,10417.0,fea50b006d4d8662c7e2aa29f7e26c2add8b6456b9e20dedc083727d7bf0c9a1,8.321118322516226,SILK-NB,1.0,SILK-NB:502
pilot,4570-102353-0000,dev-other,4570,SILK,16000,1,160240,10.015,True,-24.333654437087986,-24.37181072922013,-0.03815629213214219,0.4711996912956238,0,0,2,69a50b26eea2e21554d139d2ca25f217110fd561900236128970aecebba26262,502.0,49104.0,9cd80f1151db1226c7d1ee729ca4f018bb4ae41bc30d2eb3b00903cbacc243ce,39.22436345481777,SILK-NB,1.0,SILK-NB:502
pilot,4570-102353-0000,dev-other,4570,NEG_LP,16000,1,160240,10.015,True,-24.333654437087986,-24.333668836701104,-1.4399613113076057e-05,0.46690279245376587,0,0,0,99383ba5f07a371e8fa750d0562506feb96f8fee911ec25fa23731272248afcb,,,,,,,
pilot,4570-102353-0000,dev-other,4570,NEG_CODEC,16000,1,160240,10.015,True,-24.333654437087986,-24.330721588403208,0.0029328486847859355,0.4671088457107544,0,0,0,e379474f319ad699a1c5a091d7ae9aa1183e89a78dfb589ed6ae2a07292221a5,502.0,91233.0,9dc64d2a77d2a77c4d79b042cf40515011ed90488d62b7ff994b5b019ac61374,72.87708437343984,CELT-WB,1.0,CELT-WB:502
pilot,4570-14911-0007,dev-other,4570,REF,16000,1,265280,16.58,True,-27.151537282685638,-27.151537282685638,0.0,0.450531005859375,0,0,0,ee5b654d17a68758fdede3c69d57836a02e190a62176eeb366d58efbc60cc4ec,,,,,,,
pilot,4570-14911-0007,dev-other,4570,LP,16000,1,265280,16.58,True,-27.151537282685638,-27.46200603172337,-0.3104687490377344,0.4449940025806427,0,0,0,48cd5776ec367300cb4529f3595c3cac2570a18819a3161665c93a1a37aac595,,,,,,,
pilot,4570-14911-0007,dev-other,4570,OPUS,16000,1,265280,16.58,True,-27.151537282685638,-28.312289049250488,-1.1607517665648555,0.4051613211631775,0,0,2,a79978ba7573a6dbc02935bc4f99d3ae0a61691cafea530b5d36c4fb62b6c939,830.0,16622.0,ceee50ae4a00036f7b65d15cdaf5253a9a95de7d3d5549ae2c0dd793dcf54a1d,8.020265379975875,SILK-NB,1.0,SILK-NB:830
pilot,4570-14911-0007,dev-other,4570,SILK,16000,1,265280,16.58,True,-27.151537282685638,-27.496071896690655,-0.34453461400501706,0.44647476077079773,0,0,2,43762d03ff4eb65fbbcfcf14d90b474fd2596075f14ca67e191bfa2827f0ab8b,830.0,68128.0,1f6669bae099a178e7cfb18202412a67c876c6dcba9bd590cbeeb65cf9ea7c72,32.872376357056694,SILK-NB,1.0,SILK-NB:830
pilot,4570-14911-0007,dev-other,4570,NEG_LP,16000,1,265280,16.58,True,-27.151537282685638,-27.18266011537452,-0.031122832688888102,0.453914999961853,0,0,0,503581b7839e3cb2ef2060457216e63861c4296845d23bb4b35796e3310ca4ed,,,,,,,
pilot,4570-14911-0007,dev-other,4570,NEG_CODEC,16000,1,265280,16.58,True,-27.151537282685638,-27.170020081297366,-0.0184827986117312,0.4543297290802002,0,0,0,e219c41537e164a62a737a408b9b297e2d38af12f6963e51313554db8c503016,830.0,161353.0,a00ef00a6e343ee9ab5c568279ce4ae54f5e0b971880e3bc67acd14581b39722,77.85428226779253,CELT-WB,1.0,CELT-WB:830
pilot,4572-112375-0000,dev-other,4572,REF,16000,1,110720,6.92,True,-22.007500456128817,-22.007500456128817,0.0,0.360198974609375,0,0,0,2a1162f31e37c502bfd4ed8fa2d03a432c96b352de1ecc4bbf1acf326c1443cc,,,,,,,
pilot,4572-112375-0000,dev-other,4572,LP,16000,1,110720,6.92,True,-22.007500456128817,-22.282473202292564,-0.27497274616374473,0.3591410219669342,0,0,0,af65844158012cb2fd747606bff01845f1a1c746c617cd531a376288b8caa63a,,,,,,,
pilot,4572-112375-0000,dev-other,4572,OPUS,16000,1,110720,6.92,True,-22.007500456128817,-22.939432847010174,-0.9319323908813547,0.36936643719673157,0,0,2,e284277169b2c632c1e71f86a753f884c08bfc8781fa325b1449dd8006981e4c,347.0,6819.0,feaadffcf4fcce62889ccecaac7161b780c73f2266d58d09345f4d534b9abad3,7.8832369942196525,SILK-NB,1.0,SILK-NB:347
pilot,4572-112375-0000,dev-other,4572,SILK,16000,1,110720,6.92,True,-22.007500456128817,-22.29066976265052,-0.28316930652169997,0.35765063762664795,0,0,2,a5a9a2608b76546a4009cf1329cebe510dcab781e985a664a723dce8857c3c88,347.0,30451.0,8bedf83ad7cc07a6e3d8dc54f98461421350a06ee00bf70dc085406f1d800eb6,35.20346820809248,SILK-NB,1.0,SILK-NB:347
pilot,4572-112375-0000,dev-other,4572,NEG_LP,16000,1,110720,6.92,True,-22.007500456128817,-22.024559572800683,-0.01705911667186487,0.36109986901283264,0,0,0,d25d902018bc8a7867d203ec3ccfae96103e76cd25bd525fc53a7a2fb00271fa,,,,,,,
pilot,4572-112375-0000,dev-other,4572,NEG_CODEC,16000,1,110720,6.92,True,-22.007500456128817,-22.016128191178424,-0.008627735049603014,0.3619420826435089,0,0,0,0c94359de754f0ac11d63c8a19be11d8120777146bac0d404b7acd0b26d6fe11,347.0,69537.0,61d7f2592b3c0a3bda11c564f71a53519a06b28da3068018fff5116eb5d8d786,80.38959537572255,CELT-WB,1.0,CELT-WB:347
pilot,4572-112381-0018,dev-other,4572,REF,16000,1,105920,6.62,True,-20.486223068303957,-20.486223068303957,0.0,0.35931396484375,0,0,0,1e312959e359e2d0f253407972a6d6a17883b27e1d635d0c58cbced722754be6,,,,,,,
pilot,4572-112381-0018,dev-other,4572,LP,16000,1,105920,6.62,True,-20.486223068303957,-20.622910056145855,-0.1366869878418946,0.3595191240310669,0,0,0,73cccba8c5f10057cbf3a302dbd5134f53454d3d0ff4cd2ca98dd10354cfe3f3,,,,,,,
pilot,4572-112381-0018,dev-other,4572,OPUS,16000,1,105920,6.62,True,-20.486223068303957,-21.35023446435701,-0.8640113960530491,0.4114076495170593,0,0,2,78580780723330182f1a49afbb2981aa3626c2b2e19b084f6a37998b493ef61d,332.0,6795.0,1dafabe247cf1caeb39b2461c25a9ad12b3315f23d666e4bf5998e7249ff46af,8.211480362537765,SILK-NB,1.0,SILK-NB:332
pilot,4572-112381-0018,dev-other,4572,SILK,16000,1,105920,6.62,True,-20.486223068303957,-20.652391784720663,-0.16616871641670433,0.3679243326187134,0,0,2,a9dfddc13ca60995962f50b2a794975f3f5edfc914ee5d6257856f7cd7e07c61,332.0,32124.0,da2a09f07e0f37b8a4c854686cbdb87c027b7daa1f6d18766024260fc1813133,38.820543806646526,SILK-NB,1.0,SILK-NB:332
pilot,4572-112381-0018,dev-other,4572,NEG_LP,16000,1,105920,6.62,True,-20.486223068303957,-20.497712861727123,-0.011489793423163728,0.3594447672367096,0,0,0,d7646e7147e8b8aa550025ef4bbab9692d59a64183724b3cc0a9cb66c4a9be82,,,,,,,
pilot,4572-112381-0018,dev-other,4572,NEG_CODEC,16000,1,105920,6.62,True,-20.486223068303957,-20.50121856983706,-0.014995501533100117,0.3606354594230652,0,0,0,0063c4bc185fabbf3fcb906157fb3e68d063f65db7aae3b5c053a14c06ee0489,332.0,65471.0,ce2a89d30a22061e2c8802d2a62066a8f2a0a91c2699a7bd5f4e00bf3080743e,79.1190332326284,CELT-WB,1.0,CELT-WB:332
pilot,4831-25894-0030,dev-other,4831,REF,16000,1,180000,11.25,True,-31.39012867870591,-31.39012867870591,0.0,0.256988525390625,0,0,0,87402af4a2a8dff5f0bca6ae06f9557cd7b4f54de86650313eb0cddc6bdb2e50,,,,,,,
pilot,4831-25894-0030,dev-other,4831,LP,16000,1,180000,11.25,True,-31.39012867870591,-31.402331706771747,-0.012203028065835278,0.2566497027873993,0,0,0,0df4e3ad480ac912e021b2b7032df8a39a8c5d63b763ba21fb3056c172c15493,,,,,,,
pilot,4831-25894-0030,dev-other,4831,OPUS,16000,1,180000,11.25,True,-31.39012867870591,-32.09758186187729,-0.7074531831713775,0.24317879974842072,0,0,2,2d35cc7fbe1f6a8353dc818baa47d7fba339d8e39765afd145620d5c4fa11009,563.0,11271.0,b5545ee030571a14634d2573c61d455892291475e93780324a32cf15aa273f7d,8.014933333333333,SILK-NB,1.0,SILK-NB:563
pilot,4831-25894-0030,dev-other,4831,SILK,16000,1,180000,11.25,True,-31.39012867870591,-31.48587140824373,-0.09574272953781778,0.25159916281700134,0,0,2,3e6f73a3a361ed49a1badd9de735ee8da81bccda38ff3bd8bbf240df0bd907ef,563.0,56884.0,2ad247c56789b73586595895534a394e8c1571ec05e295edcb3bc86a4e3a2fcc,40.45084444444445,SILK-NB,1.0,SILK-NB:563
pilot,4831-25894-0030,dev-other,4831,NEG_LP,16000,1,180000,11.25,True,-31.39012867870591,-31.393989412634916,-0.003860733929005479,0.257066011428833,0,0,0,85498e935a71d2d5e3286a4c49f1abbf3ec2ad1674b9e1af028fbe60d2252eb9,,,,,,,
pilot,4831-25894-0030,dev-other,4831,NEG_CODEC,16000,1,180000,11.25,True,-31.39012867870591,-31.4467619783716,-0.05663329966568698,0.25447705388069153,0,0,0,0892c7401306484860f4323edfcccfe3dc7b11539f86b78d9994b39ef6f68092,563.0,97808.0,3b06e26c90f2119afee9cb62b920cda97655c4c6cf3b6b81b2984246448e1fd2,69.55235555555555,CELT-WB,1.0,CELT-WB:563
pilot,4831-25894-0035,dev-other,4831,REF,16000,1,156880,9.805,True,-31.6086378241474,-31.6086378241474,0.0,0.292266845703125,0,0,0,f01c74659e6283fc70a0f6f7375456905f9d0c43c8501d0f10b20ccd222fd8e2,,,,,,,
pilot,4831-25894-0035,dev-other,4831,LP,16000,1,156880,9.805,True,-31.6086378241474,-31.63784304211034,-0.029205217962939886,0.28668642044067383,0,0,0,3857f652657a5ee64cebedb831f8b17da4f87978da5faede4e76ebbcf141b395,,,,,,,
pilot,4831-25894-0035,dev-other,4831,OPUS,16000,1,156880,9.805,True,-31.6086378241474,-32.1935660977209,-0.5849282735734957,0.2796250283718109,0,0,2,77ecb776755206e69c56569f194ee7dde226c24b0a9689b082fe81077094b086,491.0,9755.0,4e440ce8e2ab5069de04523033776dbb76d4fce69962a3ee65250abd42983b78,7.9592044875063745,SILK-NB,1.0,SILK-NB:491
pilot,4831-25894-0035,dev-other,4831,SILK,16000,1,156880,9.805,True,-31.6086378241474,-31.715765643724133,-0.10712781957673262,0.2820970416069031,0,0,2,7ac1430363dfaba30f0f50ae476a083067e633f2e5737e900eeeff2a0981a0c8,491.0,49577.0,62efdb478fb4efafeec40012706cb6fa0bfd11d3cff267ce85b5d1546e347830,40.45038245792963,SILK-NB,1.0,SILK-NB:491
pilot,4831-25894-0035,dev-other,4831,NEG_LP,16000,1,156880,9.805,True,-31.6086378241474,-31.61409252397721,-0.005454699829809258,0.29214978218078613,0,0,0,0f4fe7c5f730cbeb13206f4547f8e0dd27c60a68f184a5df5088ce1f07216dfc,,,,,,,
pilot,4831-25894-0035,dev-other,4831,NEG_CODEC,16000,1,156880,9.805,True,-31.6086378241474,-31.671160363989866,-0.06252253984246706,0.2908107340335846,0,0,0,310abd8ece123c3fbf45b7bd13075863fd855b1a44d17630f42d9ddc48004f6c,491.0,84732.0,1cc3d5617680c041f00af23e4245f17e0ac792871a6e44a306ed340773eb8b01,69.13370729219785,CELT-WB,1.0,CELT-WB:491
pilot,5543-27761-0039,dev-other,5543,REF,16000,1,90640,5.665,True,-26.07231286862108,-26.07231286862108,0.0,0.421112060546875,0,0,0,ea37af67fcfe99ff8317fa5e82356e7b33298f404545134c7ad3ea69f3fd8537,,,,,,,
pilot,5543-27761-0039,dev-other,5543,LP,16000,1,90640,5.665,True,-26.07231286862108,-26.156656125834825,-0.08434325721374308,0.42203664779663086,0,0,0,e96102ef63790abd5115d0e6af58d9830da6d120efbb1dbd1d97b6504517efa8,,,,,,,
pilot,5543-27761-0039,dev-other,5543,OPUS,16000,1,90640,5.665,True,-26.07231286862108,-26.892285398626395,-0.8199725300053127,0.3941153883934021,0,0,2,ccf72d9f74a456edd2984a5ccf41118b611d3f93acb9412a3a63f2316607cdfd,284.0,5769.0,c4a3b3c2a36126bc4b49aad71c6f307f6aa008371e0a2ed0658b41eca93ecb4e,8.146866725507502,SILK-NB,1.0,SILK-NB:284
pilot,5543-27761-0039,dev-other,5543,SILK,16000,1,90640,5.665,True,-26.07231286862108,-26.204433268394215,-0.13212039977313386,0.43997350335121155,0,0,2,48abe59263139a05834e21184acf113bf751e4b0e7d50fad2bb40c3942086cd6,284.0,28087.0,5be0481c3d9bf71fd568a857dd6017d55ada84e007a4e6b8e702c7b5ebceb2c9,39.66390114739629,SILK-NB,1.0,SILK-NB:284
pilot,5543-27761-0039,dev-other,5543,NEG_LP,16000,1,90640,5.665,True,-26.07231286862108,-26.088066573357153,-0.015753704736070056,0.41876354813575745,0,0,0,0c894f4d4ee65c13635213814a024b37a2f7895dfe4ecb9e6e560bac5a5e8127,,,,,,,
pilot,5543-27761-0039,dev-other,5543,NEG_CODEC,16000,1,90640,5.665,True,-26.07231286862108,-26.07409976264006,-0.001786894018982342,0.4208374619483948,0,0,0,2a109bc1bf54f91cfdb201f0f989c76999ed2ac1dce96a597a8556f1f31c5710,284.0,46701.0,c0b5b5800cca1d6ca70bf99a13da948b9ce703e6a8e09955305c92542d414f51,65.95022065313327,CELT-WB,1.0,CELT-WB:284
pilot,5543-27761-0040,dev-other,5543,REF,16000,1,97760,6.11,True,-21.785769376065094,-21.785769376065094,0.0,0.80963134765625,0,0,0,7002e102434232333623bdcc58416b7d807ae49982047254bb4253edf4284a12,,,,,,,
pilot,5543-27761-0040,dev-other,5543,LP,16000,1,97760,6.11,True,-21.785769376065094,-21.876922608108785,-0.09115323204368941,0.7837996482849121,0,0,0,ea4f36ca9627e79d1fa02e86951790e8f9aa058095896cc45367d06752ccf14a,,,,,,,
pilot,5543-27761-0040,dev-other,5543,OPUS,16000,1,97760,6.11,True,-21.785769376065094,-22.493148905784857,-0.7073795297197629,0.7527167201042175,0,0,2,3664482a6b4f55b85580c4adb8fc0719f6d0d961e744541e5f99fe70ba424ac5,306.0,6053.0,d4accc51e77535fbb3cb4a77cc99c29973231b43a5521d73fd9cb11e7d162a58,7.925368248772504,SILK-NB,1.0,SILK-NB:306
pilot,5543-27761-0040,dev-other,5543,SILK,16000,1,97760,6.11,True,-21.785769376065094,-21.919555326263037,-0.13378595019794215,0.8070586323738098,0,0,2,c07971d357596bdeb45d2c95c0a222ed36e1964543d2e017c9a723a6b61e86ad,306.0,30032.0,6ccbe4bca460251851b41c036ecb548650ce4ce28e73f32bfde20fb445eabb48,39.32176759410802,SILK-NB,1.0,SILK-NB:306
pilot,5543-27761-0040,dev-other,5543,NEG_LP,16000,1,97760,6.11,True,-21.785769376065094,-21.79075415297209,-0.004984776906997982,0.8166590929031372,0,0,0,17e9ed9fa5c11fd4afc6eb4a0e048b0c5f1603dff052dfc9b4ab07cb00e951c2,,,,,,,
pilot,5543-27761-0040,dev-other,5543,NEG_CODEC,16000,1,97760,6.11,True,-21.785769376065094,-21.789955112681444,-0.004185736616348339,0.8228164315223694,0,0,0,b03d6a7a65b14b34b361ab7c63254336a345c1c77e4805617d5ec92d4b731e7a,306.0,49988.0,2765ebb93f4984781f3ce35ffeb79b91afd60f66c27132880ce359cbbd5096c5,65.45073649754501,CELT-WB,1.0,CELT-WB:306
pilot,5849-50962-0001,dev-other,5849,REF,16000,1,90320,5.645,True,-26.03956875764739,-26.03956875764739,0.0,0.39996337890625,0,0,0,3f7d1d0c17d085fc30e05e3165a250db5dfa822e65801c89e6b327a54e9a0aae,,,,,,,
pilot,5849-50962-0001,dev-other,5849,LP,16000,1,90320,5.645,True,-26.03956875764739,-26.05010662796709,-0.010537870319701537,0.39926260709762573,0,0,0,e735c231dfb29e38826c23e9ad9a9f1cf92e3d85b986d0b8888da071c1640f3e,,,,,,,
pilot,5849-50962-0001,dev-other,5849,OPUS,16000,1,90320,5.645,True,-26.03956875764739,-26.385009014704863,-0.34544025705747544,0.4030407667160034,0,0,2,07e944b8228394e1cf876eef5aaaad3449dd0a19e01052b9cc918cde8f52da84,283.0,5750.0,fe439fa08a40a6dddda67fba4ddaba96ca9c13e581f220626dcf414c69171761,8.148804251550045,SILK-NB,1.0,SILK-NB:283
pilot,5849-50962-0001,dev-other,5849,SILK,16000,1,90320,5.645,True,-26.03956875764739,-26.052247362625558,-0.012678604978168398,0.39963018894195557,0,0,2,0d3768f210c4120d3d6faa709a0c53f95c4815e38820bf173ed31a5ce3a35d2e,283.0,27369.0,86466fe0680ecdbed6c11ee11197ab6cba5f6d90f82456d692b13bb4169d95a2,38.786891054030114,SILK-NB,1.0,SILK-NB:283
pilot,5849-50962-0001,dev-other,5849,NEG_LP,16000,1,90320,5.645,True,-26.03956875764739,-26.03959981091794,-3.105327055454905e-05,0.3998703360557556,0,0,0,14bd9bd534abec17bca8bbedb60c76d6ccab66208b751665b421166422b1cbf4,,,,,,,
pilot,5849-50962-0001,dev-other,5849,NEG_CODEC,16000,1,90320,5.645,True,-26.03956875764739,-26.039083436647033,0.0004853210003556883,0.4011398255825043,0,0,0,546ce544ad8a5b4785890da3a855a7ddc08f8f9de6d0b00def71709f72ca7b5a,283.0,50658.0,918178b6deef8eb11710554335c1bb7a216df677aa86ea0e2400100e120bab71,71.79167404782994,CELT-WB,1.0,CELT-WB:283
pilot,5849-50964-0003,dev-other,5849,REF,16000,1,75520,4.72,True,-26.16253320510942,-26.16253320510942,0.0,0.320098876953125,0,0,0,896483e60af9afcdef45e7cd02d935d924ada50ce18fa96dd15dcfdb51262aee,,,,,,,
pilot,5849-50964-0003,dev-other,5849,LP,16000,1,75520,4.72,True,-26.16253320510942,-26.175265994835094,-0.012732789725676335,0.31720444560050964,0,0,0,95dcb0598cd8765239e808ff91844b2bfac9916e997fd8933e543c1fccb2bedf,,,,,,,
pilot,5849-50964-0003,dev-other,5849,OPUS,16000,1,75520,4.72,True,-26.16253320510942,-26.516652679384784,-0.35411947427536733,0.3340144455432892,0,0,2,7042892d3fb0325451b57c6f26c6197397a10c408376e93148b408b2c066b142,237.0,4912.0,fb6c363e810b9132934fe9bad62745fb4ef910c5d79019087d8d8068326cd5c6,8.32542372881356,SILK-NB,1.0,SILK-NB:237
pilot,5849-50964-0003,dev-other,5849,SILK,16000,1,75520,4.72,True,-26.16253320510942,-26.183802088748934,-0.02126888363951685,0.3221000134944916,0,0,2,d002e8d049fbb5e5d1d508221f2cb2e1751ec1ac3e6e5b823bc0a04661e63946,237.0,22161.0,88fa5da2e775930ccc330cd421e45fe8bfa949e6d483da9a6ba1de92242609de,37.561016949152545,SILK-NB,1.0,SILK-NB:237
pilot,5849-50964-0003,dev-other,5849,NEG_LP,16000,1,75520,4.72,True,-26.16253320510942,-26.162605392946304,-7.218783688524774e-05,0.32032614946365356,0,0,0,d0fc4abdfbc8d6e3413231a4dcd435d89259de55a41ea2a53e0ca563e2dbb94d,,,,,,,
pilot,5849-50964-0003,dev-other,5849,NEG_CODEC,16000,1,75520,4.72,True,-26.16253320510942,-26.172491333156394,-0.009958128046977975,0.3195892572402954,0,0,0,3e7d4be6964e4aec12f5e9df20083895bae2dafcdfedeb6eb1b2186f07f2631f,237.0,42932.0,f6e5e476b22611151057a0bc514dc4bd822ddf215c4d5c5b48fdc5559fb5c1a6,72.76610169491525,CELT-WB,1.0,CELT-WB:237
pilot,6123-59150-0042,dev-other,6123,REF,16000,1,110560,6.91,True,-27.161860445109536,-27.161860445109536,0.0,0.49249267578125,0,0,0,e4c56fec6ec05cf1091219bef08f44f0f9ef53e5d565bab9048ab16fbe600a26,,,,,,,
pilot,6123-59150-0042,dev-other,6123,LP,16000,1,110560,6.91,True,-27.161860445109536,-27.215389720016073,-0.05352927490654181,0.49811506271362305,0,0,0,a2f31d4674b1d9b6df084854be7f8ed5cda914f5d7855ad6d407e443bdac601f,,,,,,,
pilot,6123-59150-0042,dev-other,6123,OPUS,16000,1,110560,6.91,True,-27.161860445109536,-27.683014211919517,-0.5211537668099843,0.4467999339103699,0,0,2,a8a70062478bbee8cd6fec3cbadabf5ca94a1b4b05652ccce180141b56d79bec,346.0,6945.0,fa18234a5f46329d561182872b305eec285cdc7280d28476bae9b8a8a8aa3047,8.040520984081041,SILK-NB,1.0,SILK-NB:346
pilot,6123-59150-0042,dev-other,6123,SILK,16000,1,110560,6.91,True,-27.161860445109536,-27.23213788683899,-0.07027744172945465,0.4944929778575897,0,0,2,f29b98f0b731d6536f58233ce5a4f18bfaa983f5338c6a5ba3f1cc3de9c16e9c,346.0,34597.0,4471c531acb6a0d3cd7dc3389c80daa10f7d29a20b8a37afbd906b26178d2662,40.054413892908826,SILK-NB,1.0,SILK-NB:346
pilot,6123-59150-0042,dev-other,6123,NEG_LP,16000,1,110560,6.91,True,-27.161860445109536,-27.163370278791255,-0.0015098336817228727,0.4924592673778534,0,0,0,b45dcc820a39c0a257bcb99d9fa21d914919f89e221d25d6e1835b1206ade589,,,,,,,
pilot,6123-59150-0042,dev-other,6123,NEG_CODEC,16000,1,110560,6.91,True,-27.161860445109536,-27.157736005548372,0.004124439561159903,0.494611918926239,0,0,0,d95bc5499c013a14ac77b00ea696e3bff7b666ac809f32df960d6d841821598d,346.0,56072.0,33a4b06ea51f3ec0c474f171b1ee451ce3945812235e1d9ba1de75f5bdbda2cf,64.91693198263386,CELT-WB,1.0,CELT-WB:346
pilot,6123-59186-0032,dev-other,6123,REF,16000,1,126160,7.885,True,-23.55262349074989,-23.55262349074989,0.0,0.270172119140625,0,0,0,1ce10bb38b1d855e6da4f94f4c40310a8dfb5568c5e92ccb2d74ebfca0721644,,,,,,,
pilot,6123-59186-0032,dev-other,6123,LP,16000,1,126160,7.885,True,-23.55262349074989,-23.623581899659992,-0.07095840891010084,0.2756921947002411,0,0,0,146bc3cfb045fdd02fceb5d3b2164bc0197895506193d93378b82cf92a130cbb,,,,,,,
pilot,6123-59186-0032,dev-other,6123,OPUS,16000,1,126160,7.885,True,-23.55262349074989,-24.129616928883543,-0.5769934381336521,0.3290780782699585,0,0,2,32ba058d9315dee80927e549ae17a29486b8cbf9ec054cfdc5a83d78a3e545dd,395.0,7786.0,f6ff66cd874ff5b3855863b8fedeab24013fb3f692f5ff5908e9df175f75bbdd,7.899556119213697,SILK-NB,1.0,SILK-NB:395
pilot,6123-59186-0032,dev-other,6123,SILK,16000,1,126160,7.885,True,-23.55262349074989,-23.64126023090794,-0.08863674015804728,0.2766066789627075,0,0,2,16f3056ce7c8b2ab9ec517df65ce2b4233c911f6cc3780e2b873a054087eb221,395.0,39475.0,f5600b35b572fdbda72f24ee43ef933f601570f735b074541c181d4fc98a68dd,40.05072923272036,SILK-NB,1.0,SILK-NB:395
pilot,6123-59186-0032,dev-other,6123,NEG_LP,16000,1,126160,7.885,True,-23.55262349074989,-23.554447126114646,-0.0018236353647534996,0.2699696719646454,0,0,0,bfc7402a9141f8ae7b3c6de26e4df6ad9769d2e669d506ad7fdbeaf17e50e319,,,,,,,
pilot,6123-59186-0032,dev-other,6123,NEG_CODEC,16000,1,126160,7.885,True,-23.55262349074989,-23.557649402832265,-0.005025912082372593,0.27202919125556946,0,0,0,2b4c9a04be777cca997da17aaba1b9c2d429eb73f1450b69ce416f8b8201b9b5,395.0,66075.0,7d600c57551bba4cc5112c4e64aafac0a73a5b24f91b4279e2d61a723f527c02,67.03868103994927,CELT-WB,1.0,CELT-WB:395
pilot,6267-65525-0021,dev-other,6267,REF,16000,1,381520,23.845,True,-20.63038887750709,-20.63038887750709,0.0,0.824310302734375,0,0,0,62f20e7fd758f530365f87614b7ce717b9712440a64468e0df66d5afebb7800a,,,,,,,
pilot,6267-65525-0021,dev-other,6267,LP,16000,1,381520,23.845,True,-20.63038887750709,-20.65701269327551,-0.026623815768418137,0.8157585263252258,0,0,0,df6bff539f49315131186aa3f1414d7946c1cb712b40219dd6f93e09ed85fb34,,,,,,,
pilot,6267-65525-0021,dev-other,6267,OPUS,16000,1,381520,23.845,True,-20.63038887750709,-21.26531714474453,-0.6349282672374372,0.747491717338562,0,0,2,3f0e2d287350315271c55bbb40c167cd996821ea69a4f3f736422d6053dfd83b,1193.0,25046.0,4656bb7637f3577b7cb47b90ccaae1cf5bbb0b53c9ddbd38e090108f3b44ca9b,8.402935625917383,SILK-NB,1.0,SILK-NB:1193
pilot,6267-65525-0021,dev-other,6267,SILK,16000,1,381520,23.845,True,-20.63038887750709,-20.686140251545417,-0.05575137403832564,0.8252164125442505,0,0,2,053a46cab87a40b5a6cf3bd35546d49ab0c707370b16525d9c8afd9e0826cdcf,1193.0,120910.0,279142580a74077fd5b5ab26a2ec13fca75563cafcc63543be81fbbee6db1161,40.56531767666178,SILK-NB,1.0,SILK-NB:1193
pilot,6267-65525-0021,dev-other,6267,NEG_LP,16000,1,381520,23.845,True,-20.63038887750709,-20.630404866845673,-1.5989338579174174e-05,0.8242769241333008,0,0,0,c4e3079556422d01ef78eaa04eb6c751dd325572d7114e6fa3415bc4f6050670,,,,,,,
pilot,6267-65525-0021,dev-other,6267,NEG_CODEC,16000,1,381520,23.845,True,-20.63038887750709,-20.625221991543306,0.005166885963784579,0.8206478357315063,0,0,0,d2769e949e06b16692eb295a01d88c5e25e5fdd02f08644a27d51afed1ed28a5,1193.0,214328.0,eddc58c641ec7635dd5f8f94cc05e2b46bcb8d260282d8ca1a78383b9791d301,71.90706647095828,CELT-WB,1.0,CELT-WB:1193
pilot,6267-65525-0033,dev-other,6267,REF,16000,1,125600,7.85,True,-20.53356365659672,-20.53356365659672,0.0,0.850128173828125,0,0,0,539800d93ef64e2cc3582d482eda0985ee9259093bb008ba9c87a0795f42574a,,,,,,,
pilot,6267-65525-0033,dev-other,6267,LP,16000,1,125600,7.85,True,-20.53356365659672,-20.54807527291181,-0.014511616315086198,0.8485078811645508,0,0,0,34eb669f5eb30d0a3d884132d25d6ac0b8995abc869c28b931d05e9cb99eb9a5,,,,,,,
pilot,6267-65525-0033,dev-other,6267,OPUS,16000,1,125600,7.85,True,-20.53356365659672,-21.15997950650136,-0.6264158499046406,0.8094156980514526,0,0,2,442bd45468fb16ca361d5254dcf3d2d2d8838a8f44dd693793fe6eaf402b9d03,393.0,8076.0,4c1afe4dbcf6b03508b321cfb66c86fd68ae29cca0b03f573961c91f3a540650,8.23031847133758,SILK-NB,1.0,SILK-NB:393
pilot,6267-65525-0033,dev-other,6267,SILK,16000,1,125600,7.85,True,-20.53356365659672,-20.57463501620981,-0.04107135961309072,0.8343412280082703,0,0,2,ae7ba67249f8fb8f49c5dde686fd1109c84ce623e695a17e3fa49ea7d8e5b272,393.0,39862.0,a907ea065616fa8d04e7746be5105b370ae4181ddbb4dda7d04a5113dcd3c664,40.62369426751592,SILK-NB,1.0,SILK-NB:393
pilot,6267-65525-0033,dev-other,6267,NEG_LP,16000,1,125600,7.85,True,-20.53356365659672,-20.53356708479763,-3.428200913789759e-06,0.8502731919288635,0,0,0,ea31debf30db7e967ebf019a24e7a3c51c2d297460592600f88ff8993e261c84,,,,,,,
pilot,6267-65525-0033,dev-other,6267,NEG_CODEC,16000,1,125600,7.85,True,-20.53356365659672,-20.521324947323365,0.012238709273354197,0.8482997417449951,0,0,0,aa02d30517a24122545f9a0baeaf4b286a63671044b5aa750dfe003400240565,393.0,70821.0,594446f11fc68afd71076441ab836e1a561febccc2db6fdce34f4ed112202b1b,72.17426751592356,CELT-WB,1.0,CELT-WB:393
pilot,6455-67803-0013,dev-other,6455,REF,16000,1,64880,4.055,True,-23.285053120925507,-23.285053120925507,0.0,0.666595458984375,0,0,0,bcb9535c6651f81f959ab574865a0908d78f74a681a2a1c61c30ef1ee8419974,,,,,,,
pilot,6455-67803-0013,dev-other,6455,LP,16000,1,64880,4.055,True,-23.285053120925507,-23.366757104469436,-0.08170398354392559,0.680080771446228,0,0,0,4ee3034dc56192cada21dc8ce7ef16d91c04a4026b0ae9dddfaae3e9497b8348,,,,,,,
pilot,6455-67803-0013,dev-other,6455,OPUS,16000,1,64880,4.055,True,-23.285053120925507,-23.915027045028157,-0.6299739241026459,0.5781568288803101,0,0,2,5497d90c60dff4f172a80768c53af17885ebbfe063dc0c054f5915508f5837c4,204.0,4099.0,2fa03439717afd3c4f6f10365a7cf2d59f34a66f27ac798573eec93c50fcd660,8.08680641183724,SILK-NB,1.0,SILK-NB:204
pilot,6455-67803-0013,dev-other,6455,SILK,16000,1,64880,4.055,True,-23.285053120925507,-23.38742078939496,-0.10236766846944748,0.6948572397232056,0,0,2,a929fc991179b7ff1803ed515c7591f056d7c594e101d411db0d5941368e2c4d,204.0,17298.0,d3285a89c5b4d54ea18da43d22a45cf9ba6dd0f3708a0147cb3cb2706e2e7017,34.12675709001233,SILK-NB,1.0,SILK-NB:204
pilot,6455-67803-0013,dev-other,6455,NEG_LP,16000,1,64880,4.055,True,-23.285053120925507,-23.286148023811712,-0.0010949028862039592,0.6659367680549622,0,0,0,7adad218f4fedc14d65de69e1d690426ab1599007e8bad6ac9a0a56ff5016225,,,,,,,
pilot,6455-67803-0013,dev-other,6455,NEG_CODEC,16000,1,64880,4.055,True,-23.285053120925507,-23.287277952488793,-0.0022248315632834473,0.6652323603630066,0,0,0,51386c8c427fed422203d120de24170838a4ff7ef4a370df0d7c5683b7e5ca5c,204.0,34550.0,c5fd8894a1e98cfd0e3ab8608b66c26a038f96ccea0982a2ca7f440afcd96d1f,68.16276202219483,CELT-WB,1.0,CELT-WB:204
pilot,6455-67804-0019,dev-other,6455,REF,16000,1,36560,2.285,True,-24.390867674340644,-24.390867674340644,0.0,0.547515869140625,0,0,0,7f3df4276cdccc87fb468ff505f13266d71f9de234fa71d79dad7d02c1765bca,,,,,,,
pilot,6455-67804-0019,dev-other,6455,LP,16000,1,36560,2.285,True,-24.390867674340644,-24.41104037642363,-0.020172702082988415,0.5568967461585999,0,0,0,aad24a0501cb69abc6052fbddbd15a472376566ab699188ebfac73024b18259c,,,,,,,
pilot,6455-67804-0019,dev-other,6455,OPUS,16000,1,36560,2.285,True,-24.390867674340644,-25.221929605592063,-0.8310619312514198,0.4779113531112671,0,0,2,73fe232ca52f4804b3359c9639a2cd6e1d9c05c9bdeb4ab03d921c37a8530f11,115.0,2458.0,d9641abfcdd92aeb6b6200cca8d42158595e0e35c414fdf2c04dd57467f47cf1,8.605689277899343,SILK-NB,1.0,SILK-NB:115
pilot,6455-67804-0019,dev-other,6455,SILK,16000,1,36560,2.285,True,-24.390867674340644,-24.450957494581836,-0.06008982024119637,0.5623577237129211,0,0,2,0281c0da90ca1b3ec7341343fb9f44555cd279e3a78097bbcad4e528e3d78116,115.0,11269.0,f5920d4d28941f14db8606d9df61504aa1e79b81484b38e5631b560082b854c6,39.45382932166302,SILK-NB,1.0,SILK-NB:115
pilot,6455-67804-0019,dev-other,6455,NEG_LP,16000,1,36560,2.285,True,-24.390867674340644,-24.39152799350233,-0.0006603191616908639,0.5476154088973999,0,0,0,aa6eed3a146eada9af43897ef84f268e33d98741e3f04515d1fbaa10270ea39e,,,,,,,
pilot,6455-67804-0019,dev-other,6455,NEG_CODEC,16000,1,36560,2.285,True,-24.390867674340644,-24.377503401601444,0.013364272739200132,0.5532534718513489,0,0,0,c05a699610d0dae98fb5c2e703f4da3a2549ba6520c742aad4b18a6c4c19f268,115.0,22209.0,1bafc729ea8fbe904657f5ad7c7f6e1b264086a985440ee6ab9a9842cf26e5ee,77.75579868708971,CELT-WB,1.0,CELT-WB:115
pilot,6467-56885-0005,dev-other,6467,REF,16000,1,42640,2.665,True,-23.472551574304084,-23.472551574304084,0.0,0.435577392578125,0,0,0,7cbdf3da10f840a7f0ce9cc2f26e81c710148e75cfec77c4ac6d2c74d932b1d6,,,,,,,
pilot,6467-56885-0005,dev-other,6467,LP,16000,1,42640,2.665,True,-23.472551574304084,-23.49223128287218,-0.019679708568093316,0.429885596036911,0,0,0,2c30dd4062e62a53b8322564dbd50b363a5e78006cdd570812bbf712dc6e909c,,,,,,,
pilot,6467-56885-0005,dev-other,6467,OPUS,16000,1,42640,2.665,True,-23.472551574304084,-24.227476444197592,-0.7549248698935072,0.3957985043525696,0,0,2,1d6a6052c03ec907bf6889e142356ce4c785639ca1b633aa889a6689174ab84d,134.0,2646.0,97ce69cf4b4f6c82341ccce9c24cc604d193a66d0ccd62e91b01bf0323ddd667,7.94296435272045,SILK-NB,1.0,SILK-NB:134
pilot,6467-56885-0005,dev-other,6467,SILK,16000,1,42640,2.665,True,-23.472551574304084,-23.502300429266253,-0.02974885496216491,0.42251262068748474,0,0,2,eaebf55eaff18d2dc37b2f1d693669386c5dc20f5a6b3cde60d609d3303485dd,134.0,13346.0,bae470fbf50ae9628d19eab678a612c3aefa7efc0babb1cec33ceb9396822d9e,40.06303939962476,SILK-NB,1.0,SILK-NB:134
pilot,6467-56885-0005,dev-other,6467,NEG_LP,16000,1,42640,2.665,True,-23.472551574304084,-23.47259692036665,-4.534606256339735e-05,0.4355693459510803,0,0,0,54f63f9b31d8c281d8d917938c819a6b51a48f77df7f969208f463368f304625,,,,,,,
pilot,6467-56885-0005,dev-other,6467,NEG_CODEC,16000,1,42640,2.665,True,-23.472551574304084,-23.4517835829328,0.020767991371284617,0.4308384954929352,0,0,0,26b2b803f9eca43162e82a556f55a31d4f86f5dcd07605ab3c77f61a132bc04a,134.0,23838.0,2ff43e3cfab7505cd1cd6a921a4555f0941de5dc3f6a9d7607274f9ec985c68a,71.55872420262665,CELT-WB,1.0,CELT-WB:134
pilot,6467-94831-0013,dev-other,6467,REF,16000,1,113920,7.12,True,-24.378636524141623,-24.378636524141623,0.0,0.45989990234375,0,0,0,b8776e02e91e3233d3b59d323f205816f0873fd7f3701ec6088f9c86b5035677,,,,,,,
pilot,6467-94831-0013,dev-other,6467,LP,16000,1,113920,7.12,True,-24.378636524141623,-24.43128993589712,-0.052653411755493096,0.45725417137145996,0,0,0,fec38bd70f8d4a310a61b1ae3bed9b3acfa832fcdc1b0df759286f696339a579,,,,,,,
pilot,6467-94831-0013,dev-other,6467,OPUS,16000,1,113920,7.12,True,-24.378636524141623,-25.223563990236766,-0.8449274660951418,0.4236045777797699,0,0,2,102b69d35ec8c0191d0057925956cfd1ad3cd3fd414a04241eadaac0f62e05f0,357.0,7126.0,0c3e95828df346f2673bd6271f5bc681bd77ef6d4d8b819916a94c601fb07625,8.006741573033707,SILK-NB,1.0,SILK-NB:357
pilot,6467-94831-0013,dev-other,6467,SILK,16000,1,113920,7.12,True,-24.378636524141623,-24.45946860345593,-0.08083207931430497,0.4514192044734955,0,0,2,0c555622fec06663fb91c42b8c65a8cc97f72caa1e2d12865509c6d34fc47ae1,357.0,36345.0,db83b18db59eb29eb4084f7c544edf7b90641d92a62e0170f5e223d6eb01bb05,40.83707865168539,SILK-NB,1.0,SILK-NB:357
pilot,6467-94831-0013,dev-other,6467,NEG_LP,16000,1,113920,7.12,True,-24.378636524141623,-24.37940268121138,-0.0007661570697562586,0.459926575422287,0,0,0,420ca7e6440ca938205c6b4170a7f0735c5fe44787c2e202fc0675ce894726ae,,,,,,,
pilot,6467-94831-0013,dev-other,6467,NEG_CODEC,16000,1,113920,7.12,True,-24.378636524141623,-24.388471781812786,-0.00983525767116265,0.4649123251438141,0,0,0,ca2e72980b3f863aacf7e3049f183f2b273e93e153828e76ff4e6063ddb1f276,357.0,62104.0,fbd7390b1b5006f2474bbd247947dd3871844fceb9d62b0674eed0e764c1bbe8,69.77977528089887,CELT-WB,1.0,CELT-WB:357
pilot,6599-38590-0006,dev-other,6599,REF,16000,1,45760,2.86,True,-25.184815540307987,-25.184815540307987,0.0,0.76031494140625,0,0,0,701d6ff52b0cff2a0c59dc5b20a6e5eceab465674e36e9de4c5aca9f346066fa,,,,,,,
pilot,6599-38590-0006,dev-other,6599,LP,16000,1,45760,2.86,True,-25.184815540307987,-25.41633830594448,-0.23152276563649724,0.7449427843093872,0,0,0,094d87d3d48867c6c2e78daae821a65f2cd038412b2f27ee41679ed3869456f0,,,,,,,
pilot,6599-38590-0006,dev-other,6599,OPUS,16000,1,45760,2.86,True,-25.184815540307987,-26.44489885269215,-1.2600833123841662,0.6839426159858704,0,0,2,d3e131165e0898ef1c408342259a20712c7c19f2198db0e4f6164b9913a53b42,144.0,2932.0,4d5bbdae96d4694a50e708c4bd7d3f18d944b65ba9b86541062bfba7345bfe67,8.201398601398601,SILK-NB,1.0,SILK-NB:144
pilot,6599-38590-0006,dev-other,6599,SILK,16000,1,45760,2.86,True,-25.184815540307987,-25.474358045369634,-0.28954250506164975,0.7137044668197632,0,0,2,744fb4893066fdb2b6b04acb9019f8fb445eaf0cd65e71a686044aad643402dc,144.0,12206.0,dbb7c9819f5a0f09d27614ee7da7070b25a90bd5aa3334ae6527bcaea0507ae0,34.142657342657344,SILK-NB,1.0,SILK-NB:144
pilot,6599-38590-0006,dev-other,6599,NEG_LP,16000,1,45760,2.86,True,-25.184815540307987,-25.184814635350822,9.049571601559468e-07,0.7603110671043396,0,0,0,89711005507d67cfef2c460d9fcfd47bd7c501de9a06598a23c3ac9fc4a29a6a,,,,,,,
pilot,6599-38590-0006,dev-other,6599,NEG_CODEC,16000,1,45760,2.86,True,-25.184815540307987,-25.187896882554945,-0.003081342246959934,0.7608019113540649,0,0,0,a44a3f0153da60177a0139d674e944c87ce54c915b93c60e86140557147d8107,144.0,29886.0,d8842b46ed3db00cc09ba8d610b4e36fc8c7346af7da82349f218ebda50cae0b,83.5972027972028,CELT-WB,1.0,CELT-WB:144
pilot,6599-38590-0007,dev-other,6599,REF,16000,1,60080,3.755,True,-24.610392131955745,-24.610392131955745,0.0,0.994232177734375,0,0,0,7cbae22336def4ba4db0cd2e5cb8ee8c25d92d47a97dc006bacca8888ee96c07,,,,,,,
pilot,6599-38590-0007,dev-other,6599,LP,16000,1,60080,3.755,True,-24.610392131955745,-24.87953751051068,-0.2691453785549363,0.9910026788711548,0,0,0,1b8f8918868d62cfcced9782bac9d380a4c1102f6417f8c399b91178aa4b6805,,,,,,,
pilot,6599-38590-0007,dev-other,6599,OPUS,16000,1,60080,3.755,True,-24.610392131955745,-26.04333612410062,-1.4329439921448732,0.8559080362319946,0,0,2,71a2c3d65fccf3f48a0c2234e18b611379bbaed24235d47b0378e2d11bac29ac,189.0,3918.0,8744404c32555386bd57dc67b7a0a579e5143aeea3d5ae5321923267e8451808,8.347270306258322,SILK-NB,1.0,SILK-NB:189
pilot,6599-38590-0007,dev-other,6599,SILK,16000,1,60080,3.755,True,-24.610392131955745,-24.954913529489488,-0.34452139753374,0.9524417519569397,0,0,2,b4f404fd15daecdd0f694c9bdd6680c0d3dd977a0f7ab7f146531b94a26f6f4d,189.0,15672.0,a33f158f5ce46ad72339b593359e194a236870494c62e5dfe39a0bf3fbc794d4,33.38908122503329,SILK-NB,1.0,SILK-NB:189
pilot,6599-38590-0007,dev-other,6599,NEG_LP,16000,1,60080,3.755,True,-24.610392131955745,-24.64639601597647,-0.036003884020727565,1.1956441402435303,4,0,0,a6d27322689a68590a076750bfb87cf6445f83e39af62d3a03089638d189bca8,,,,,,,
pilot,6599-38590-0007,dev-other,6599,NEG_CODEC,16000,1,60080,3.755,True,-24.610392131955745,-24.63250142755559,-0.022109295599844606,1.028875708580017,4,0,0,09957cfa29d223a78e57e9c42ee83024671f1da3635583f2421f0128d0fb556f,189.0,39406.0,5ac307434f6839d6fdb30c57293d09e5cae50866cd13892d836f37b513f51c99,83.95419440745673,CELT-WB,1.0,CELT-WB:189
pilot,6841-88291-0046,dev-other,6841,REF,16000,1,88400,5.525,True,-25.704606647554815,-25.704606647554815,0.0,0.623138427734375,0,0,0,d6b63535282abe3f4f98f86b3d5c7470d9d67560c5e408a8795e76f7ade03fa4,,,,,,,
pilot,6841-88291-0046,dev-other,6841,LP,16000,1,88400,5.525,True,-25.704606647554815,-25.84839064246414,-0.14378399490932595,0.6183780431747437,0,0,0,495e8413674babc0c300cd3ad76adc43f36ce45397ebc95a3ca1ed2d78062bb2,,,,,,,
pilot,6841-88291-0046,dev-other,6841,OPUS,16000,1,88400,5.525,True,-25.704606647554815,-26.543422344568754,-0.8388156970139375,0.5738357901573181,0,0,2,2aab619c273fc479632ae7355e27abc35c34319e6f456e705858d9f34be76f69,277.0,5626.0,13f2806c80bc62ae3cfe01f48c8c6f2a1e16cbbb290a022b63cb9f875c523dd5,8.146244343891402,SILK-NB,1.0,SILK-NB:277
pilot,6841-88291-0046,dev-other,6841,SILK,16000,1,88400,5.525,True,-25.704606647554815,-25.875247874605762,-0.1706412270509411,0.6167694926261902,0,0,2,59b40fa4b994c3c2d9ef09bc6405d3e550af5de88acc5ac27a8d33913e7f8e56,277.0,25826.0,ad3b88a2d9a1258282f9ab80804bd5a2715516e4c508f3002d2805ac265410fd,37.39511312217194,SILK-NB,1.0,SILK-NB:277
pilot,6841-88291-0046,dev-other,6841,NEG_LP,16000,1,88400,5.525,True,-25.704606647554815,-25.712760817282412,-0.008154169727592657,0.6244068741798401,0,0,0,65ab717419069f729ae8f94a9c13ed13e47f02bff336f978ec545face115bd59,,,,,,,
pilot,6841-88291-0046,dev-other,6841,NEG_CODEC,16000,1,88400,5.525,True,-25.704606647554815,-25.702035770926514,0.002570876628306907,0.621801495552063,0,0,0,e71d5780d8f3aecf63ce3f764053c440b3337c4dbed5664bb31ba85950e91f11,277.0,49749.0,3d6eaf9684d2dd1e0caed98a3cc52b2fb5e20ce44f7864db316e220236f9e9a3,72.03475113122171,CELT-WB,1.0,CELT-WB:277
pilot,6841-88294-0045,dev-other,6841,REF,16000,1,100160,6.26,True,-23.491518574679912,-23.491518574679912,0.0,0.62298583984375,0,0,0,fc94e54dfb2532ed7003588f779243b6a6fcf40aa5fcf5e0f77d3634107c3e2b,,,,,,,
pilot,6841-88294-0045,dev-other,6841,LP,16000,1,100160,6.26,True,-23.491518574679912,-23.535482072404182,-0.04396349772426694,0.6182432770729065,0,0,0,931aec270caa897a62633c94191a2ba8cd17514693faefe34e719667303117c2,,,,,,,
pilot,6841-88294-0045,dev-other,6841,OPUS,16000,1,100160,6.26,True,-23.491518574679912,-24.1920441627869,-0.7005255881069874,0.5347335934638977,0,0,2,1d9bb6f5b3329937e4f153b6f8c5c18015c4173bf5dab358490ff2a8e54e6851,314.0,6290.0,630827151405d75fedb2885dac610928affbfd6725d4f7083f69600e6d0d3d9d,8.038338658146966,SILK-NB,1.0,SILK-NB:314
pilot,6841-88294-0045,dev-other,6841,SILK,16000,1,100160,6.26,True,-23.491518574679912,-23.561131681383394,-0.06961310670347978,0.621150016784668,0,0,2,449015326a17bb83bf5ae6ca203b38a9ca4d4d3cf743f1cc22f3ebae74320da7,314.0,28018.0,f0217d8e1293243d51b386d707e1a05b7e6c400cdb49e439e10f0b3a02ccf2b1,35.805750798722045,SILK-NB,1.0,SILK-NB:314
pilot,6841-88294-0045,dev-other,6841,NEG_LP,16000,1,100160,6.26,True,-23.491518574679912,-23.492463429727287,-0.000944855047376275,0.6227468252182007,0,0,0,9264214c9f4dfce3eef95f67105c2eb686abe982e03dc35e880b0cd065b5267d,,,,,,,
pilot,6841-88294-0045,dev-other,6841,NEG_CODEC,16000,1,100160,6.26,True,-23.491518574679912,-23.48868691402116,0.0028316606587556674,0.6228813529014587,0,0,0,71effe69af0485b6ee7c51a977f037c7e52b3dcba44ebbd7ac901ca1c52216f3,314.0,58019.0,195b42ccb7601f46c4573a1b51a116ebf9625265c0f52382fa6ebf667ce59f9e,74.14568690095847,CELT-WB,1.0,CELT-WB:314
pilot,7601-101619-0002,dev-other,7601,REF,16000,1,332960,20.81,True,-23.922807239479262,-23.922807239479262,0.0,0.474395751953125,0,0,0,c18698b91954832542e3e0dd6324adf0c40d9338dc3ad68df8627acb66acb2a4,,,,,,,
pilot,7601-101619-0002,dev-other,7601,LP,16000,1,332960,20.81,True,-23.922807239479262,-23.942540082518256,-0.019732843038997853,0.47514018416404724,0,0,0,afd89df77b334284edfd8c232ab61ebf9c1e557ece4fd8902608018810e081d7,,,,,,,
pilot,7601-101619-0002,dev-other,7601,OPUS,16000,1,332960,20.81,True,-23.922807239479262,-24.66037736888953,-0.7375701294102698,0.4533233344554901,0,0,2,a64a7e3314de5a3c8e657ce4e471b397d4d4a117e42d0e6c2f445a7eb5006c5f,1041.0,21124.0,1f0fc5b579632beaa1a1e6254aa1bf8f2cc016a95db701365716b13f51049747,8.120711196540125,SILK-NB,1.0,SILK-NB:1041
pilot,7601-101619-0002,dev-other,7601,SILK,16000,1,332960,20.81,True,-23.922807239479262,-23.958981436799284,-0.03617419732002633,0.46909376978874207,0,0,2,6d2370e1b5010782c3af0cd5c1d7df7a4a4ff616991be0637fcc998b0aeabfa8,1041.0,97459.0,84465b00deeecfc28953e49cc9c5a24b147bc37714896e951be007828213a9fc,37.46621816434407,SILK-NB,1.0,SILK-NB:1041
pilot,7601-101619-0002,dev-other,7601,NEG_LP,16000,1,332960,20.81,True,-23.922807239479262,-23.926523855480745,-0.003716616001486694,0.47459685802459717,0,0,0,fa252fd76112decc2dd050eefc41bf1e3b9566961cbdee977bd26c61b4b82a83,,,,,,,
pilot,7601-101619-0002,dev-other,7601,NEG_CODEC,16000,1,332960,20.81,True,-23.922807239479262,-23.92219282829627,0.000614411182986447,0.476965993642807,0,0,0,a5d2c2b1e322b2d40f1876cfd94d54cd655659051bde575aa8c0451b02fe54bd,1041.0,188952.0,8767410a28e492933807052228e7a21ca565a295e06bafc152f460b392cc06d6,72.63892359442576,CELT-WB,1.0,CELT-WB:1041
pilot,7601-175351-0026,dev-other,7601,REF,16000,1,300320,18.77,True,-23.575667128988318,-23.575667128988318,0.0,0.53240966796875,0,0,0,a5a313ced43bf91e0d53681fc6eef7694e6c5aefb8abb9f7cc8f3dc2cd7f9415,,,,,,,
pilot,7601-175351-0026,dev-other,7601,LP,16000,1,300320,18.77,True,-23.575667128988318,-23.58446536623665,-0.00879823724833343,0.5310601592063904,0,0,0,4d718fc245a0515b0c7b22a78c24016b4a035df4991f8a5ac7ff91f5e5600265,,,,,,,
pilot,7601-175351-0026,dev-other,7601,OPUS,16000,1,300320,18.77,True,-23.575667128988318,-24.137027234782366,-0.5613601057940477,0.557216227054596,0,0,2,4ac77302259c52d335ed376d03eb07aae39f2ba26bd9ad095c59402464d7482f,939.0,19574.0,49eb847910f09de537c247062406e84bdf06f7d244821aad9e46657a9a4c6148,8.342674480554077,SILK-NB,1.0,SILK-NB:939
pilot,7601-175351-0026,dev-other,7601,SILK,16000,1,300320,18.77,True,-23.575667128988318,-23.587703946784757,-0.012036817796436047,0.5290807485580444,0,0,2,b4a767af7f8310a90957d0f1458afad893e7cb90cf2d0c0e0a67a7aa8022cd43,939.0,92733.0,b14dcc46d51dd2b92e4856a33855d9016f3d7a111d9c61f03e1704fcd0481bf5,39.52392115077251,SILK-NB,1.0,SILK-NB:939
pilot,7601-175351-0026,dev-other,7601,NEG_LP,16000,1,300320,18.77,True,-23.575667128988318,-23.576280991872757,-0.0006138628844393478,0.531792402267456,0,0,0,53151b712b3b354666f7e864d925addf8991cb65d59060a5decf733d5b46de2a,,,,,,,
pilot,7601-175351-0026,dev-other,7601,NEG_CODEC,16000,1,300320,18.77,True,-23.575667128988318,-23.570829435801713,0.0048376931866043514,0.5288256406784058,0,0,0,ae1ad23b20d1319cb374322862d9cd38086b566117491eb3de044da81d275444,939.0,176699.0,99806eba69cf83dc2090ccd7654bd2ef74b15880581203ab3b0e27c8a630cbcb,75.31124134256793,CELT-WB,1.0,CELT-WB:939
pilot,7641-96684-0026,dev-other,7641,REF,16000,1,124880,7.805,True,-25.696668568708176,-25.696668568708176,0.0,0.493560791015625,0,0,0,fd946c2184e2041a5a18f5032e6bee6bab1b937a0cf8b6af21ee1a4aa1e8690f,,,,,,,
pilot,7641-96684-0026,dev-other,7641,LP,16000,1,124880,7.805,True,-25.696668568708176,-25.776821070821594,-0.0801525021134164,0.47750037908554077,0,0,0,0734c112efa55847151e17e84edf4e70f58598d4d68af166983307b854fd0fcb,,,,,,,
pilot,7641-96684-0026,dev-other,7641,OPUS,16000,1,124880,7.805,True,-25.696668568708176,-26.108699273001275,-0.4120307042930961,0.5120581388473511,0,0,2,22e0a900a1d554d956502245a5530d8f82d6cf2cd497d06e1fcc3f528b6934f0,391.0,8104.0,7da85f2bb2320b56f288c38e56a3e51bb63734637fe1c83bf9907f46c47616c0,8.306470211402948,SILK-NB,1.0,SILK-NB:391
pilot,7641-96684-0026,dev-other,7641,SILK,16000,1,124880,7.805,True,-25.696668568708176,-25.80603612572222,-0.10936755701404087,0.4762888550758362,0,0,2,c56db78fc739ac42ce8bd1bcb591899bc60754dbb8c5f115828850e06f346026,391.0,37415.0,4c6ceb107165eb5c61d934cfd181aa0add50d8c6af6d5004f036885b35a1dc9a,38.34977578475336,SILK-NB,1.0,SILK-NB:391
pilot,7641-96684-0026,dev-other,7641,NEG_LP,16000,1,124880,7.805,True,-25.696668568708176,-25.701098073060745,-0.004429504352566296,0.4925646185874939,0,0,0,a70cf226f86e45a5a4cd27beb89484fbac2501ade30bda6bebeaaaebfe95109f,,,,,,,
pilot,7641-96684-0026,dev-other,7641,NEG_CODEC,16000,1,124880,7.805,True,-25.696668568708176,-25.705554254163907,-0.00888568545572951,0.4895452857017517,0,0,0,d99bc930b82b7c4b5922b19e957b99861ca42f409c820e5e1433f600f4d4458a,391.0,77715.0,b370f34e5c0ff40a182d9e4d54edcf3caf1505ee9cd72d8f98103e9278d87d0f,79.65663036515055,CELT-WB,1.0,CELT-WB:391
pilot,7641-96684-0035,dev-other,7641,REF,16000,1,58480,3.655,True,-25.097951388730234,-25.097951388730234,0.0,0.561309814453125,0,0,0,6495cb626bb98feed54dc11bc8314d94dc485501e4698beb33f2bf9f0b5e6500,,,,,,,
pilot,7641-96684-0035,dev-other,7641,LP,16000,1,58480,3.655,True,-25.097951388730234,-25.280807293821535,-0.18285590509130145,0.5430850386619568,0,0,0,829b3580696e19615c3ea9e2fefbbca3a9b3127874775af873f73667dbd8ed04,,,,,,,
pilot,7641-96684-0035,dev-other,7641,OPUS,16000,1,58480,3.655,True,-25.097951388730234,-26.048029339381568,-0.950077950651339,0.45382949709892273,0,0,2,aa0fb1b60e0703b16b1acaf5806c40d3c5f861aecbb04c31acac66b6400dec77,184.0,3876.0,c18bed9e7dd7e5abc58822d3d347ae661e26f894a5320a358680a00ff5816fd5,8.48372093023256,SILK-NB,1.0,SILK-NB:184
pilot,7641-96684-0035,dev-other,7641,SILK,16000,1,58480,3.655,True,-25.097951388730234,-25.314860139547555,-0.2169087508173243,0.5234277844429016,0,0,2,f38bf6fdf9c770e34a1ecf56d79602eab9a623c6b3f36f400fb79b056d08d3c3,184.0,17443.0,5309c3db0a98090fd1e4dfeb100118217d91fc300adfa4fd41d9e35a41ea2e77,38.17893296853625,SILK-NB,1.0,SILK-NB:184
pilot,7641-96684-0035,dev-other,7641,NEG_LP,16000,1,58480,3.655,True,-25.097951388730234,-25.102873392509576,-0.004922003779344853,0.5601054430007935,0,0,0,d7fa477c6c9bfe95f42fe9f5c49339400d483c512a9c5ae544928179dfacbb83,,,,,,,
pilot,7641-96684-0035,dev-other,7641,NEG_CODEC,16000,1,58480,3.655,True,-25.097951388730234,-25.07752152983774,0.020429858892488724,0.5626559853553772,0,0,0,80bd56b9572402878ce482800fb205813580b640db3a38666634306628bc89e1,184.0,35314.0,f582c33384d53a29f16d5454b479c756c561a072ba0109c606066e0b9eca2dbc,77.29466484268126,CELT-WB,1.0,CELT-WB:184
pilot,7697-105815-0006,dev-other,7697,REF,16000,1,133600,8.35,True,-22.499370942956528,-22.499370942956528,0.0,0.69683837890625,0,0,0,5d188e3602ef6c8bad08eb3d2b1718825b9ed8be565a79f5c33c48213b2860ff,,,,,,,
pilot,7697-105815-0006,dev-other,7697,LP,16000,1,133600,8.35,True,-22.499370942956528,-22.533659921380675,-0.03428897842414357,0.6970316171646118,0,0,0,b84fec72a9e998de30357de60f4f32c23dc11039811af4307e56226b8bf9f902,,,,,,,
pilot,7697-105815-0006,dev-other,7697,OPUS,16000,1,133600,8.35,True,-22.499370942956528,-22.98103296815328,-0.48166202519675083,0.6761618256568909,0,0,2,a374da4ce73b962d90b23cd9954f22802c57b6b3fdd6aac743c7dd38ebb03c64,418.0,8593.0,269d257818bd12a77021fd0b1902bf6b714c7193bacabfc2e9412ef48e8b51de,8.232814371257486,SILK-NB,1.0,SILK-NB:418
pilot,7697-105815-0006,dev-other,7697,SILK,16000,1,133600,8.35,True,-22.499370942956528,-22.54896335931082,-0.049592416354293636,0.6923581957817078,0,0,2,80293f83e4b5edf4b45207ed868a7c720c6b0d7f8bd0f51c55d803ddda0fb904,418.0,42548.0,f44e4ed91bc24afcaf29ce93304338b1c6385b470d0379c0208915d4378a21b0,40.764550898203595,SILK-NB,1.0,SILK-NB:418
pilot,7697-105815-0006,dev-other,7697,NEG_LP,16000,1,133600,8.35,True,-22.499370942956528,-22.504281519778985,-0.004910576822459739,0.6965988278388977,0,0,0,6eee6bf6356374dcc9fac9ad8443964e7b6f540009d71f17706c7d014a24e7de,,,,,,,
pilot,7697-105815-0006,dev-other,7697,NEG_CODEC,16000,1,133600,8.35,True,-22.499370942956528,-22.498964593395442,0.00040634956108286633,0.6936706900596619,0,0,0,e096fbe02c7462c3a3fd3d4ede7e1ca1ee7143d03b9a31c1e7d2c102f3b6e46a,418.0,71508.0,48b25390c0ad192a7e0e231855db384296866c4f73e86deb4a27423f1fa5811b,68.51065868263473,CELT-WB,1.0,CELT-WB:418
pilot,7697-245712-0004,dev-other,7697,REF,16000,1,64880,4.055,True,-24.2881544175508,-24.2881544175508,0.0,0.458892822265625,0,0,0,5d9a78d2bcbaf966b4b787b4e068ee4125f4e9b36f508b6df721b499926110dc,,,,,,,
pilot,7697-245712-0004,dev-other,7697,LP,16000,1,64880,4.055,True,-24.2881544175508,-24.352462707324854,-0.06430828977405516,0.45710235834121704,0,0,0,7cc9798edddbfbf8a7e43d0ffb7f80e5b72e16c7cf2dee5c83d2d4a3aba0a40c,,,,,,,
pilot,7697-245712-0004,dev-other,7697,OPUS,16000,1,64880,4.055,True,-24.2881544175508,-24.93429457951947,-0.6461401619686722,0.4644163250923157,0,0,2,2e975e4150feb8a8c5c0a2677fa7161a881e1833127d439156f62493583d1789,204.0,4390.0,dd376513fc71d72f24b22ddfa4cc251edc57d8c7f78d9cf9b7d0c52cbf60a1ea,8.660912453760789,SILK-NB,1.0,SILK-NB:204
pilot,7697-245712-0004,dev-other,7697,SILK,16000,1,64880,4.055,True,-24.2881544175508,-24.358923038936506,-0.07076862138570868,0.45547834038734436,0,0,2,1797ac94a8a8f9e6b412e93e60422ec9ec3d3462dae7706b12e2f411d6168382,204.0,20882.0,29a96818a902ccad47901f0b4249778e6343276caaaf735ba1bc31b53d09e57f,41.19753390875462,SILK-NB,1.0,SILK-NB:204
pilot,7697-245712-0004,dev-other,7697,NEG_LP,16000,1,64880,4.055,True,-24.2881544175508,-24.288654418493607,-0.0005000009428090359,0.45915642380714417,0,0,0,2e1531d8ee8ae03271808684ef2f63100a8c8b3b3229bb534dcd7e28f2530cd4,,,,,,,
pilot,7697-245712-0004,dev-other,7697,NEG_CODEC,16000,1,64880,4.055,True,-24.2881544175508,-24.28441943762428,0.0037349799265197796,0.456685870885849,0,0,0,23fd701fd2e7d4d5df9533eabe3d2f984e7ee35df85c2579a8cf87ec356303eb,204.0,35883.0,3602e5f9123ff7f6e6a6656d25015a94a9f259e1794c005daafa88686e20a401,70.79260172626388,CELT-WB,1.0,CELT-WB:204
pilot,8173-294714-0008,dev-other,8173,REF,16000,1,113600,7.1,True,-23.61209853570477,-23.61209853570477,0.0,0.439849853515625,0,0,0,1d4278b2255162bde782896ac6cee94784cd1c570b051a6c7d32e8ff08bfeb79,,,,,,,
pilot,8173-294714-0008,dev-other,8173,LP,16000,1,113600,7.1,True,-23.61209853570477,-23.64500477126108,-0.0329062355563097,0.437429279088974,0,0,0,af14db3ec724e8c2555829f5a9dae359101692a7a4e4161a775cd6f143b0aff2,,,,,,,
pilot,8173-294714-0008,dev-other,8173,OPUS,16000,1,113600,7.1,True,-23.61209853570477,-24.20527520614632,-0.5931766704415495,0.3967949450016022,0,0,2,c9ec0ace441f6f2d8ba521984998a3e0ce2164e44945984adcaee9441605705d,356.0,7378.0,877d0726e78ed5b079dcf992645622806dc68af36cff24f268798844ba0fd5be,8.31323943661972,SILK-NB,1.0,SILK-NB:356
pilot,8173-294714-0008,dev-other,8173,SILK,16000,1,113600,7.1,True,-23.61209853570477,-23.67093393881187,-0.05883540310709908,0.4365919530391693,0,0,2,bd262baa21b995e4f64d98178e83d4205f61b2dba0316f9a9397a60e02fd9d8d,356.0,35855.0,c2993a2e0b6c8daf19e8f1e8f9b079d4344e33e06f887c1289bea2519de9ee5f,40.4,SILK-NB,1.0,SILK-NB:356
pilot,8173-294714-0008,dev-other,8173,NEG_LP,16000,1,113600,7.1,True,-23.61209853570477,-23.61289914616222,-0.0008006104574507381,0.43935176730155945,0,0,0,16ad376d2b95b1a40eeeb227ea487482800a584585b8a6aad8b527d110400b40,,,,,,,
pilot,8173-294714-0008,dev-other,8173,NEG_CODEC,16000,1,113600,7.1,True,-23.61209853570477,-23.614448991027732,-0.002350455322958662,0.4386157691478729,0,0,0,203ebbc3c71da6cd671d3f2912ed2522f15c0c4d2897c6dac6b3da970dfe53c1,356.0,59783.0,fe0d77ced692dfcde403d03aecf305841609b5ac5d762d63d01d2df272d3e28d,67.36112676056338,CELT-WB,1.0,CELT-WB:356
pilot,8173-294714-0042,dev-other,8173,REF,16000,1,111200,6.95,True,-24.757553228639058,-24.757553228639058,0.0,0.44677734375,0,0,0,d973b3051eca1903247cce1bf83a98d2e53cd79f78606e7911cc0bb0bbab885b,,,,,,,
pilot,8173-294714-0042,dev-other,8173,LP,16000,1,111200,6.95,True,-24.757553228639058,-24.79601825365534,-0.03846502501628236,0.4390373229980469,0,0,0,1cf9e3c47081bc984735118ccfd51f8c444e2da2cf04ec2830424d2cdaf9d279,,,,,,,
pilot,8173-294714-0042,dev-other,8173,OPUS,16000,1,111200,6.95,True,-24.757553228639058,-25.25728488702796,-0.49973165838890143,0.4117344319820404,0,0,2,2eaa93b973b763f080c0e2a3e3b625de5c9ade00470aa1476ddfe0ed29a924b0,348.0,7008.0,237c51a56b19dd8c4a38e71de6b6ffbf44e33542546c52d8984435dcf3ec3261,8.066762589928057,SILK-NB,1.0,SILK-NB:348
pilot,8173-294714-0042,dev-other,8173,SILK,16000,1,111200,6.95,True,-24.757553228639058,-24.815242681531377,-0.05768945289232168,0.43082788586616516,0,0,2,0e8ac5524e74d1cbe45499ae5a4eff15de6ff2fa5c5eea3c0b4ee18b817dedf3,348.0,34944.0,12c8da0b6be60a57be4d7e04a7ab5c9784377163994d9cdf4b45faa3b532dbb7,40.22330935251799,SILK-NB,1.0,SILK-NB:348
pilot,8173-294714-0042,dev-other,8173,NEG_LP,16000,1,111200,6.95,True,-24.757553228639058,-24.759342191573328,-0.0017889629342711137,0.44651392102241516,0,0,0,00c6954d0e8ed75574a70a5802a1e1e20c17a21f1fad82d377aaa6a36998be39,,,,,,,
pilot,8173-294714-0042,dev-other,8173,NEG_CODEC,16000,1,111200,6.95,True,-24.757553228639058,-24.75294428402247,0.004608944616584587,0.4499204754829407,0,0,0,6aa167fee90d454865fb7d343d269b0ea220b1c54b67931c3598cb983aff3a71,348.0,57673.0,b3121af5733dd6eddd9ba8d85c1b9f82f2a9b68895f0143bb2d8f2ef7cf906fe,66.38618705035972,CELT-WB,1.0,CELT-WB:348
pilot,8254-115543-0031,dev-other,8254,REF,16000,1,78720,4.92,True,-24.403832284990138,-24.403832284990138,0.0,0.3486328125,0,0,0,02a37088fd537d81fba9356911c6f778a1efcadac2ac1313cfc50d1534eb74dd,,,,,,,
pilot,8254-115543-0031,dev-other,8254,LP,16000,1,78720,4.92,True,-24.403832284990138,-24.413871987381974,-0.01003970239183715,0.34758099913597107,0,0,0,b511318017d7a9eee0f6a229f104cd682cb1f1f65f625f4ed2ac1ad78d3a77da,,,,,,,
pilot,8254-115543-0031,dev-other,8254,OPUS,16000,1,78720,4.92,True,-24.403832284990138,-24.780513682808728,-0.376681397818591,0.3286888897418976,0,0,2,ab26986218ce4a75285d27939e4f9bd65602d2206fde0955111684d571ec6466,247.0,5051.0,bc9bcb0db95b3f3b8ac451f6022b963ae297cc143aad0e8ef66de88a65b16a26,8.213008130081302,SILK-NB,1.0,SILK-NB:247
pilot,8254-115543-0031,dev-other,8254,SILK,16000,1,78720,4.92,True,-24.403832284990138,-24.42927279866026,-0.02544051367012435,0.3459101915359497,0,0,2,090b7aea5ab8668da2786a6289310e3e0bf0d57f9a13522fb8dfb1619fdf622b,247.0,24110.0,1d499ecba2980fa74701259c5b32466ec597586f1e25f0303a69ef3d7b8c9754,39.203252032520325,SILK-NB,1.0,SILK-NB:247
pilot,8254-115543-0031,dev-other,8254,NEG_LP,16000,1,78720,4.92,True,-24.403832284990138,-24.405200205344826,-0.0013679203546927581,0.34758996963500977,0,0,0,8fb043bc9c12c812b435d9f7b8a2d219fd0d5fa6e72974ca259056006a554986,,,,,,,
pilot,8254-115543-0031,dev-other,8254,NEG_CODEC,16000,1,78720,4.92,True,-24.403832284990138,-24.397562025188073,0.006270259802063069,0.3488622307777405,0,0,0,6283d6607764e535d1c10d1c5034cd52a579ae026b28bca03d8accf91e316dfa,247.0,42213.0,bb5adce7c385759e3c39864e0d7cfe2c99cdd6f1bdcc02ce266cfef0a92f18e4,68.6390243902439,CELT-WB,1.0,CELT-WB:247
pilot,8254-84205-0075,dev-other,8254,REF,16000,1,44640,2.79,True,-23.136368121167674,-23.136368121167674,0.0,0.737060546875,0,0,0,5d3b7ab47019eb447ea05a1a2a1a9aed0dadb5edfd8201e38685995febc3a3f1,,,,,,,
pilot,8254-84205-0075,dev-other,8254,LP,16000,1,44640,2.79,True,-23.136368121167674,-23.167935844399214,-0.03156772323154065,0.7274878025054932,0,0,0,e2e01b5a9af77dc9e38afce7d3f07a8b8beedc63178b9465f305e2323240785f,,,,,,,
pilot,8254-84205-0075,dev-other,8254,OPUS,16000,1,44640,2.79,True,-23.136368121167674,-23.819989160123136,-0.6836210389554613,0.6567428112030029,0,0,2,c5263808b192ed28f8f4a46534bf2a2cb96659faaf34048b11ca6e3ca9c622f4,140.0,2899.0,19d1c0768b711d23c2e3e8cb7d31d320b36d975c5b73470bbd42628abf9cd056,8.312544802867384,SILK-NB,1.0,SILK-NB:140
pilot,8254-84205-0075,dev-other,8254,SILK,16000,1,44640,2.79,True,-23.136368121167674,-23.202795447238298,-0.06642732607062558,0.7200905084609985,0,0,2,3e19cde2fd3f6da6436324502c03fc7b69c65070c4c06cbea378934a99e6a58f,140.0,14278.0,ceb38f3384d92cc013e6a76f5b7a52bc03ba83c305aa4889cc8bdb56b2e136c6,40.940501792114695,SILK-NB,1.0,SILK-NB:140
pilot,8254-84205-0075,dev-other,8254,NEG_LP,16000,1,44640,2.79,True,-23.136368121167674,-23.13849629067451,-0.002128169506833393,0.7329682111740112,0,0,0,c53781cbc6d32d54b474306eaacd5466494add629d309b0873be73f9e2fdf375,,,,,,,
pilot,8254-84205-0075,dev-other,8254,NEG_CODEC,16000,1,44640,2.79,True,-23.136368121167674,-23.13928862629406,-0.002920505126382386,0.7335011959075928,0,0,0,5b17bf359e920d58aec296c950ffd17bc7f43271de0b15d96a28ee924da157f9,140.0,23131.0,4b8cc139d9ec0c11891fc41fb8a76fdd69fd62b879ab8ee0cfe9ad7899cc4cec,66.32544802867383,CELT-WB,1.0,CELT-WB:140
pilot,8288-274162-0013,dev-other,8288,REF,16000,1,66720,4.17,True,-31.861580648321087,-31.861580648321087,0.0,0.40631103515625,0,0,0,eba921462f0331b23a2cbf9e0768ab25288d835859e6be21fcb08c721514a534,,,,,,,
pilot,8288-274162-0013,dev-other,8288,LP,16000,1,66720,4.17,True,-31.861580648321087,-32.02828798630859,-0.16670733798749726,0.38548752665519714,0,0,0,e0aff9d4d520cf41b0a701cb20985ee52ff0dc8b1abba7413e8567f0b49e3b5c,,,,,,,
pilot,8288-274162-0013,dev-other,8288,OPUS,16000,1,66720,4.17,True,-31.861580648321087,-32.71510059274755,-0.8535199444264574,0.34707072377204895,0,0,2,242f7f6bd7caeb37c54b92bc459a3eabac1d1368dc58eab553d9edf226ae475c,209.0,4192.0,f72440c9b2167fcaa0cd567ff7796ea8bfbed9e4ff99b8c3a879edcd08060632,8.04220623501199,SILK-NB,1.0,SILK-NB:209
pilot,8288-274162-0013,dev-other,8288,SILK,16000,1,66720,4.17,True,-31.861580648321087,-32.079314468591434,-0.21773382027034321,0.38530656695365906,0,0,2,37c8e3e437547d312ed4a6e22a5dde35251bb6cdc78f372f54ec408f53473958,209.0,18081.0,69aff6135cd2b5282a18cb2bcdb35d63a8ce3f0755c81331adc21fed8814bf5a,34.68776978417266,SILK-NB,1.0,SILK-NB:209
pilot,8288-274162-0013,dev-other,8288,NEG_LP,16000,1,66720,4.17,True,-31.861580648321087,-31.86540755274855,-0.003826904427460592,0.4067990183830261,0,0,0,62ff39bcfcd519133ec87ec192daa608c48f6abd31c9ee4500e16a4f5a536e6e,,,,,,,
pilot,8288-274162-0013,dev-other,8288,NEG_CODEC,16000,1,66720,4.17,True,-31.861580648321087,-31.873336976862113,-0.01175632854102219,0.4062691926956177,0,0,0,11782c90d0d657a1cd2e0f399b5745f1ad85426e18af4cf7afaca69de3b4a6cf,209.0,39185.0,ee09ada867dd08f5dc17e004e9e65bd10f606a6dc6041ed87986ca0ad4e84961,75.17505995203837,CELT-WB,1.0,CELT-WB:209
pilot,8288-274162-0025,dev-other,8288,REF,16000,1,52160,3.26,True,-26.098986692348415,-26.098986692348415,0.0,0.428497314453125,0,0,0,a70cc88cbe1f538ecb55f576e795fed7f6f8eca3170f670a8fe5fecd4565e324,,,,,,,
pilot,8288-274162-0025,dev-other,8288,LP,16000,1,52160,3.26,True,-26.098986692348415,-26.28348504840082,-0.18449835605240492,0.426361083984375,0,0,0,6ec4d1e8506480663f505e9a6ea3855f980ad206308654027bcbf454980d2da2,,,,,,,
pilot,8288-274162-0025,dev-other,8288,OPUS,16000,1,52160,3.26,True,-26.098986692348415,-26.795387579762124,-0.6964008874137045,0.4019177258014679,0,0,2,4023f57d92a70ec9249273d23834a7e231747e72aec28a89cdbcc365e9d560e2,164.0,3437.0,845e214ae8eb5d8e5910e3295978b5b006c888640049508431357829ec5eae5f,8.434355828220859,SILK-NB,1.0,SILK-NB:164
pilot,8288-274162-0025,dev-other,8288,SILK,16000,1,52160,3.26,True,-26.098986692348415,-26.32895421268873,-0.22996752034031032,0.42387527227401733,0,0,2,254865ccb2528f8a1baf32c6fc65a8486abeac27b3239f00500ba869ebfbd415,164.0,16260.0,45577c189cad622e2ee374d8ad6d41d586ee0bd279a76e720035b78f85852acf,39.90184049079755,SILK-NB,1.0,SILK-NB:164
pilot,8288-274162-0025,dev-other,8288,NEG_LP,16000,1,52160,3.26,True,-26.098986692348415,-26.103420594190347,-0.00443390184192904,0.43959343433380127,0,0,0,eec64211a8a03d51d91173100cb83d23716b5d36d1321b8071216ecd9f41b6d6,,,,,,,
pilot,8288-274162-0025,dev-other,8288,NEG_CODEC,16000,1,52160,3.26,True,-26.098986692348415,-26.139295689718782,-0.040308997370363385,0.4355902671813965,0,0,0,aa9b11051019039fd087b3353431caf8f81cb8e3cd5dd6523a4cfbea3aab1e20,164.0,29977.0,e6b3710442d3eb1c352c2535378606148b85918098733799f1eead73caa971f6,73.56319018404909,CELT-WB,1.0,CELT-WB:164
