reference,processed,frequency_hz,h1_rel_db,coherence,mirror_coherence,power_ratio_db,set
REF,LP,0.0,-2.822312996375319e-06,0.9999999995982632,6.590976630475489e-06,-2.511395023526367e-06,pilot
REF,LP,31.25,-2.3438152180302194e-06,0.9999999995514642,2.623772341897232e-06,-2.0326939995344147e-06,pilot
REF,LP,62.5,-5.300644010012642e-07,0.999999999781401,1.2833712535213224e-06,-2.1994178519579133e-07,pilot
REF,LP,93.75,-4.083155947073677e-08,0.9999999999212883,1.0933859402341785e-07,2.6868353339050797e-07,pilot
REF,LP,125.0,1.0631816388264463e-08,0.999999999948245,4.9521657683953e-07,3.200298392184294e-07,pilot
REF,LP,156.25,2.0495528580357546e-08,0.9999999999559549,1.0498982023388702e-07,3.2986006538573726e-07,pilot
REF,LP,187.5,2.3779889059912016e-08,0.999999999963774,1.769106034675445e-06,3.331104697268157e-07,pilot
REF,LP,218.75,3.5102457037907016e-08,0.9999999999631421,8.96170602776507e-07,3.4443578133572344e-07,pilot
REF,LP,250.0,3.18839176979496e-08,0.9999999999548539,1.3547649694499343e-07,3.4125323961459304e-07,pilot
REF,LP,281.25,3.634762365876831e-08,0.9999999999370279,1.5229557794222533e-08,3.4579436144275944e-07,pilot
REF,LP,312.5,5.24049410924797e-08,0.9999999999174142,1.3810577282265492e-08,3.6193686054563826e-07,pilot
REF,LP,343.75,4.136953442597665e-08,0.9999999999219529,5.604656438379934e-07,3.50881743873401e-07,pilot
REF,LP,375.0,3.474445239604347e-08,0.9999999999379111,1.5635597027965224e-07,3.441873561351226e-07,pilot
REF,LP,406.25,3.494288012938521e-08,0.999999999947744,5.240583707875526e-07,3.443430786150599e-07,pilot
REF,LP,437.5,3.8986850988779135e-08,0.999999999945736,8.418463213663867e-07,3.4839577054605094e-07,pilot
REF,LP,468.75,4.2699374783051874e-08,0.999999999938201,9.219109609074331e-07,3.5214101754396817e-07,pilot
REF,LP,500.0,4.4550871937605394e-08,0.9999999999375099,1.1800951665149907e-06,3.539955155441317e-07,pilot
REF,LP,531.25,2.6822290134342248e-08,0.9999999999400829,1.1669173562905496e-07,3.3625575948676457e-07,pilot
REF,LP,562.5,1.5545552772647075e-08,0.9999999999376039,2.0775510874648102e-07,3.249897896713945e-07,pilot
REF,LP,593.75,2.7606128283834742e-08,0.9999999999276636,6.380553424398304e-08,3.3709353530195345e-07,pilot
REF,LP,625.0,4.078347598288003e-08,0.9999999999148211,4.89608003667371e-07,3.5032665774191545e-07,pilot
REF,LP,656.25,4.951297511093636e-08,0.999999999897613,1.2970525942993302e-06,3.5913088964622596e-07,pilot
REF,LP,687.5,3.803169042335765e-08,0.9999999998703112,1.996028497845914e-06,3.477681766378443e-07,pilot
REF,LP,718.75,3.5153481532610924e-08,0.9999999998465691,1.731403206289915e-06,3.449930767420122e-07,pilot
REF,LP,750.0,3.44281857754072e-08,0.9999999998258033,2.495090619957765e-06,3.443579659013081e-07,pilot
REF,LP,781.25,3.941856689302201e-08,0.9999999997997103,1.0774097123654502e-06,3.4946166764603565e-07,pilot
REF,LP,812.5,6.400966546183421e-08,0.9999999997533804,2.864408280505312e-06,3.7425397411442136e-07,pilot
REF,LP,843.75,6.852098989606629e-08,0.9999999996751766,4.788634785009675e-06,3.791049314030671e-07,pilot
REF,LP,875.0,1.1412669492502351e-07,0.9999999995823384,2.35142193783898e-06,4.251138285729699e-07,pilot
REF,LP,906.25,1.4473810498702345e-07,0.9999999994889579,1.1221587715457015e-06,4.561307867532771e-07,pilot
REF,LP,937.5,1.062415744819169e-07,0.9999999994285889,9.47472414986916e-07,4.1789643510500555e-07,pilot
REF,LP,968.75,5.40300276578135e-08,0.999999999369131,7.122403439962443e-06,3.659431085246809e-07,pilot
REF,LP,1000.0,3.2885842360033244e-08,0.9999999993381191,3.118398973103697e-06,3.4493360860052843e-07,pilot
REF,LP,1031.25,9.157014464351462e-09,0.9999999993392982,2.2364235322696132e-06,3.211996580314519e-07,pilot
REF,LP,1062.5,1.0045144630825866e-08,0.9999999993335008,4.009514111859326e-06,3.2211296575708893e-07,pilot
REF,LP,1093.75,1.3448370046330965e-08,0.9999999993493028,3.7765379762680646e-06,3.254475645644344e-07,pilot
REF,LP,1125.0,3.185699174652729e-08,0.9999999993423575,1.3802126789869937e-06,3.438863509835575e-07,pilot
REF,LP,1156.25,2.6290612044593528e-08,0.9999999993076347,6.432372729405064e-08,3.3847076743169073e-07,pilot
REF,LP,1187.5,8.822081894307054e-08,0.9999999992205054,1.021210414157733e-06,4.0077937539054183e-07,pilot
REF,LP,1218.75,8.481484136629941e-08,0.9999999991336205,4.783035295459303e-06,3.977507336099779e-07,pilot
REF,LP,1250.0,1.0165845588823203e-07,0.9999999990199708,3.6107691090356337e-06,4.150879213104624e-07,pilot
REF,LP,1281.25,7.640220677586567e-08,0.9999999989052454,1.271687841773113e-05,3.903299181287404e-07,pilot
REF,LP,1312.5,3.509425832581951e-08,0.9999999988620893,1.0841495365388188e-05,3.492093957437676e-07,pilot
REF,LP,1343.75,-2.883232378729145e-08,0.9999999988280451,4.3832839107740334e-06,2.854306650975091e-07,pilot
REF,LP,1375.0,2.8704553195671444e-08,0.9999999988371973,2.426176222230947e-06,3.4292779509268685e-07,pilot
REF,LP,1406.25,4.198267697012849e-08,0.9999999989890329,8.270300794258045e-07,3.55546504034521e-07,pilot
REF,LP,1437.5,-3.099569217589782e-08,0.9999999990404437,4.154339796458769e-06,2.823448598366587e-07,pilot
REF,LP,1468.75,-2.1669343703973527e-08,0.9999999990388542,4.34797877046508e-06,2.9167811128383683e-07,pilot
REF,LP,1500.0,-3.8986150097701344e-08,0.9999999990206573,4.887672733436093e-06,2.7444033463861457e-07,pilot
REF,LP,1531.25,-1.741849178909524e-08,0.9999999988007628,5.341486132532211e-06,2.969629803149019e-07,pilot
REF,LP,1562.5,-5.1601969066309406e-08,0.9999999986005175,7.639105197525059e-08,2.6364915994119705e-07,pilot
REF,LP,1593.75,-5.874573591373825e-08,0.9999999986214224,1.961039069096991e-06,2.564146040699911e-07,pilot
REF,LP,1625.0,6.09839337648994e-08,0.9999999986115136,1.3076206500038878e-06,3.761873058687052e-07,pilot
REF,LP,1656.25,-9.552936468991487e-10,0.9999999984638531,5.626051708600643e-06,3.148893608851892e-07,pilot
REF,LP,1687.5,1.9604232714504915e-07,0.9999999983790545,1.5235063505526842e-05,5.122552571832914e-07,pilot
REF,LP,1718.75,1.3134071142173474e-07,0.999999998375684,7.609341021786978e-06,4.475682781651087e-07,pilot
REF,LP,1750.0,1.4575743188925865e-07,0.9999999981771717,2.6365377378886962e-05,4.628471281957653e-07,pilot
REF,LP,1781.25,-3.4389684882429996e-07,0.9999999978415353,3.7248552521903955e-05,-2.5349502804222644e-08,pilot
REF,LP,1812.5,-7.278197692393576e-07,0.999999997581707,3.267893632316375e-05,-4.081440026565906e-07,pilot
REF,LP,1843.75,-5.649529570479549e-07,0.9999999973032768,3.616522649932576e-05,-2.4406798389256433e-07,pilot
REF,LP,1875.0,3.31534740894633e-08,0.999999997279369,1.436922193885714e-05,3.5414227845795617e-07,pilot
REF,LP,1906.25,-1.4461690975653731e-07,0.9999999972636038,3.4269972030467563e-06,1.764403613214867e-07,pilot
REF,LP,1937.5,1.4798059817902407e-07,0.9999999971031251,3.336318194429836e-06,4.6973481999254116e-07,pilot
REF,LP,1968.75,2.9823356275322504e-08,0.9999999966632218,1.4967409184474326e-06,3.534880536854313e-07,pilot
REF,LP,2000.0,-1.9867248947115974e-07,0.9999999962069268,5.357690866995361e-06,1.2697387127425518e-07,pilot
REF,LP,2031.25,-5.504441874692335e-07,0.999999996141535,4.508328636757049e-06,-2.245138335989605e-07,pilot
REF,LP,2062.5,-9.701677443831303e-07,0.9999999962953371,6.787579875443457e-06,-6.449053449866626e-07,pilot
REF,LP,2093.75,-4.066557806520779e-07,0.9999999959346693,9.164861040959635e-07,-7.982702070030565e-08,pilot
REF,LP,2125.0,5.077758449999885e-08,0.9999999950342661,8.323934173997025e-06,3.8151674504419367e-07,pilot
REF,LP,2156.25,9.147083671160781e-07,0.9999999942767049,1.0824697726313447e-05,1.2487375757533084e-06,pilot
REF,LP,2187.5,5.115705062879036e-07,0.9999999939365382,2.6208786688190665e-05,8.470770387390363e-07,pilot
REF,LP,2218.75,8.674264381488728e-08,0.9999999942299752,2.590739366036175e-05,4.2097479662654934e-07,pilot
REF,LP,2250.0,4.3654258177269803e-07,0.9999999944177532,1.5900388625661715e-05,7.699592243570688e-07,pilot
REF,LP,2281.25,-1.4939911330458464e-06,0.9999999938487387,1.4831269559373441e-06,-1.1581032908976557e-06,pilot
REF,LP,2312.5,1.0792896044805346e-07,0.9999999933165291,1.4562689238929124e-05,4.461281593893525e-07,pilot
REF,LP,2343.75,2.024927616372146e-07,0.9999999926335871,1.3465581254507412e-05,5.436579389293019e-07,pilot
REF,LP,2375.0,-1.8224744770330442e-08,0.9999999911093429,1.1792423686309594e-05,3.2956014220851456e-07,pilot
REF,LP,2406.25,1.289222654149924e-06,0.9999999899892643,2.934404111277919e-05,1.6418719794845319e-06,pilot
REF,LP,2437.5,5.095006912932467e-07,0.9999999891468733,1.618584301683162e-05,8.65808474091718e-07,pilot
REF,LP,2468.75,1.2591046203272663e-07,0.9999999884993005,1.6541053174051144e-05,4.850306170342184e-07,pilot
REF,LP,2500.0,-1.3973080964628776e-06,0.9999999879065817,2.205986012009113e-05,-1.0356137949915805e-06,pilot
REF,LP,2531.25,-1.3823481175647095e-06,0.9999999874148326,0.00012273276880567016,-1.0185181767458391e-06,pilot
REF,LP,2562.5,1.984165939365372e-06,0.9999999863370951,0.00010867591665427124,2.352676434932172e-06,pilot
REF,LP,2593.75,-1.314056223646432e-06,0.9999999847320317,0.00015568798856964702,-9.385750265070655e-07,pilot
REF,LP,2625.0,2.6683351388152096e-06,0.9999999836775308,0.00013468480983956657,3.048395974998551e-06,pilot
REF,LP,2656.25,3.3052022774778615e-06,0.9999999833934105,4.010070106356592e-05,3.686497034320894e-06,pilot
REF,LP,2687.5,-4.166653437877716e-06,0.9999999827068968,3.8422673131705356e-05,-3.7823771919523322e-06,pilot
REF,LP,2718.75,-3.103964570487762e-06,0.9999999803700431,5.107696372776856e-05,-2.709539497567228e-06,pilot
REF,LP,2750.0,1.6715402401815874e-06,0.9999999760204692,5.056828492943059e-05,2.0848552728541155e-06,pilot
REF,LP,2781.25,-2.108940035813802e-05,0.999999969568362,0.00012248171578782568,-2.0648064178402047e-05,pilot
REF,LP,2812.5,2.530352431384672e-05,0.9999999548935224,8.530323623023236e-05,2.5808592515538963e-05,pilot
REF,LP,2843.75,-3.166442573274863e-05,0.9999999092223582,4.929532179654801e-05,-3.096101017371193e-05,pilot
REF,LP,2875.0,4.069081162849599e-05,0.9999997044719098,5.249393317990853e-05,4.228344725917135e-05,pilot
REF,LP,2906.25,-0.0016156821519098885,0.9999974380582897,0.0001712824763753841,-0.0016042465929274412,pilot
REF,LP,2937.5,-0.0375753509959264,0.9998933895625661,0.0002337626532507797,-0.037112013893521395,pilot
REF,LP,2968.75,-0.22489698465755886,0.9993256755162983,0.00040493660406449087,-0.22196713361951803,pilot
REF,LP,3000.0,-0.5197934171396088,0.9993074327745697,0.0001275523786410641,-0.5167842846963429,pilot
REF,LP,3031.25,-0.7088664135599081,0.9998740074460606,9.42197699038862e-05,-0.7083188912041698,pilot
REF,LP,3062.5,-0.747990031748972,0.9999964782169802,0.0001411145121378144,-0.7479744276394668,pilot
REF,LP,3093.75,-0.7546551153274839,0.9999973398941483,0.0004127459191471182,-0.7546432534459374,pilot
REF,LP,3125.0,-0.7824821547546877,0.9999804872845504,0.0003785494368876894,-0.7823971021081775,pilot
REF,LP,3156.25,-0.8451483023585957,0.9999604255232142,0.00021321623177044497,-0.8449761200155019,pilot
REF,LP,3187.5,-0.9168346737122168,0.9999653960149227,0.00016796068490404153,-0.9166840787409953,pilot
REF,LP,3218.75,-0.986751953090762,0.999961262980187,8.775097876231828e-05,-0.9865834079195048,pilot
REF,LP,3250.0,-1.0663210719628344,0.9999498791668495,9.388267331259664e-06,-1.0661030853217912,pilot
REF,LP,3281.25,-1.1558199152861834,0.9999345908494409,2.684260592636709e-05,-1.1555355284906534,pilot
REF,LP,3312.5,-1.2541206868740962,0.9999248126569418,5.213323708955001e-05,-1.2537938309426064,pilot
REF,LP,3343.75,-1.3597581779713224,0.9999157174872197,2.4337537882176076e-05,-1.359391819069843,pilot
REF,LP,3375.0,-1.475456509014173,0.999859873765117,3.0440809069019368e-05,-1.4748475966934946,pilot
REF,LP,3406.25,-1.6417725321667231,0.9997281094847845,3.6470433602616346e-06,-1.6405912569350596,pilot
REF,LP,3437.5,-1.8359264001419633,0.9997655089601094,0.00024447491557397954,-1.8349075899025524,pilot
REF,LP,3468.75,-2.00419949229278,0.9998145869419872,0.00041978856206600473,-2.003393869779738,pilot
REF,LP,3500.0,-2.1661228928621954,0.9998086181009287,0.00018766660032431116,-2.1652913431171776,pilot
REF,LP,3531.25,-2.3198304200384534,0.9998309372355393,0.00015664473469217485,-2.319095818535699,pilot
REF,LP,3562.5,-2.463313639209543,0.9998639305385149,0.00020550369584256594,-2.4627223476652658,pilot
REF,LP,3593.75,-2.6054644316944016,0.9998390784736688,0.0001580925632812514,-2.6047651929741837,pilot
REF,LP,3625.0,-2.7850966778748094,0.9996608057614105,0.00011576331177261099,-2.7836230169500875,pilot
REF,LP,3656.25,-3.0241204870229628,0.9995584045549958,0.00013282297052972977,-3.0222019296237015,pilot
REF,LP,3687.5,-3.267708489299564,0.9995725827414792,6.802635135921764e-05,-3.2658515337482297,pilot
REF,LP,3718.75,-3.5158043942995936,0.9994713347704236,0.0002392372734868141,-3.513507514094421,pilot
REF,LP,3750.0,-3.804407727307215,0.9992739524827384,0.00020398876208343092,-3.801253088595318,pilot
REF,LP,3781.25,-4.153229931626134,0.9990603496166727,0.00013973350892009933,-4.1491468542009855,pilot
REF,LP,3812.5,-4.542803833849812,0.9987706408672099,4.451715600169374e-05,-4.537461201309822,pilot
REF,LP,3843.75,-4.979941879352844,0.9979591646519479,0.00034194319684449425,-4.971069278352303,pilot
REF,LP,3875.0,-5.628238719223536,0.9953607561099767,0.0011595409499028815,-5.608043549086478,pilot
REF,LP,3906.25,-6.533368751161849,0.9928798894287744,0.004150635325270001,-6.502335584411442,pilot
REF,LP,3937.5,-7.651160953057938,0.989734841979301,0.0036925120506773037,-7.6063492354203,pilot
REF,LP,3968.75,-8.999647868853096,0.9836178162026793,0.002499930732232212,-8.927911424523513,pilot
REF,LP,4000.0,-10.723204854291463,0.9718481681386176,0.001629786452491426,-10.599188749008624,pilot
REF,LP,4031.25,-12.90864355969213,0.9598644452713778,0.0019590541842593257,-12.730742301462678,pilot
REF,LP,4062.5,-15.463024110045735,0.9441683238329338,0.0033955474833318846,-15.213518061598968,pilot
REF,LP,4093.75,-18.359417208389328,0.9419357857417421,0.004247013937149395,-18.099629867180994,pilot
REF,LP,4125.0,-20.917771272853912,0.9696469915000802,0.0015907983301156152,-20.78390750688893,pilot
REF,LP,4156.25,-22.83593637720642,0.9781974937281342,0.00037621596369415416,-22.740201525698765,pilot
REF,LP,4187.5,-24.547852934521433,0.9759823326544244,5.4053103608157026e-05,-24.442272186234977,pilot
REF,LP,4218.75,-26.755308277068618,0.9405111767623104,0.0001590549867448007,-26.488947577363863,pilot
REF,LP,4250.0,-30.32377489911443,0.8743781095411931,0.00015147868473851733,-29.74076735309426,pilot
REF,LP,4281.25,-35.18439649297612,0.7938583519776057,0.00020308361199735205,-34.18182636622997,pilot
REF,LP,4312.5,-41.74083201280986,0.7078589391652265,0.0002892391986136227,-40.240298912655305,pilot
REF,LP,4343.75,-47.76315982850256,0.8368120313652007,4.656312394845155e-05,-46.989438676219436,pilot
REF,LP,4375.0,-50.36249404024402,0.9525893451614291,0.000266397806132912,-50.15155092668251,pilot
REF,LP,4406.25,-52.11228295974961,0.9459376032408174,0.00011211155241677802,-51.87090755093749,pilot
REF,LP,4437.5,-53.88203543925047,0.945497518217841,0.00022975482825495966,-53.63863906235622,pilot
REF,LP,4468.75,-54.81089726281657,0.9580590789797994,0.0001550584013304094,-54.62481986158757,pilot
REF,LP,4500.0,-55.12712643519382,0.967835276683228,0.0001873899028087612,-54.985140602875106,pilot
REF,LP,4531.25,-55.403550064805145,0.9716968900391835,0.00039445510801123943,-55.27885788315687,pilot
REF,LP,4562.5,-56.2076305988921,0.9537895173120292,0.00027000891615451826,-56.002155739531894,pilot
REF,LP,4593.75,-58.10105833685632,0.9111860390622316,2.7359868237759673e-05,-57.697128597516816,pilot
REF,LP,4625.0,-60.82891956114978,0.8298497595562927,3.717563015775242e-05,-60.01891397692062,pilot
REF,LP,4656.25,-64.61841075342937,0.6728861596085686,1.5821285904059564e-06,-62.89782639948568,pilot
REF,LP,4687.5,-67.44758897945798,0.5432738067644186,2.0755231705203794e-05,-64.7977763362689,pilot
REF,LP,4718.75,-68.55143449893728,0.483670810312993,1.1676456962994713e-05,-65.39693297345804,pilot
REF,LP,4750.0,-69.99337964340909,0.39596039084122625,3.4246156440472045e-06,-65.96989677683827,pilot
REF,LP,4781.25,-70.98530905573342,0.345133566809311,2.8418825897927188e-05,-66.3651807437385,pilot
REF,LP,4812.5,-71.16492769374804,0.3355688851430665,6.240555859299728e-05,-66.4227442351899,pilot
REF,LP,4843.75,-71.25679526353578,0.32726727624723234,6.177574265169232e-05,-66.40582077414733,pilot
REF,LP,4875.0,-71.86376378255294,0.3004889531492934,8.653097580215921e-05,-66.64204858037826,pilot
REF,LP,4906.25,-73.15592614035305,0.2469968555589866,0.00010892694044132802,-67.0828400754334,pilot
REF,LP,4937.5,-74.65016969650411,0.18995411024340925,1.1998654139084914e-05,-67.43665634026927,pilot
REF,LP,4968.75,-75.93080004641291,0.14401417312001957,1.8660709950421278e-05,-67.51485208908933,pilot
REF,LP,5000.0,-76.66404646334594,0.12432673738735368,1.9498887069190427e-05,-67.60969152354055,pilot
REF,LP,5031.25,-77.17532124872645,0.11104567588260764,1.3462404052212864e-05,-67.6303374574674,pilot
REF,LP,5062.5,-77.87848781925501,0.09751389786828955,2.630363823303503e-05,-67.7691526760285,pilot
REF,LP,5093.75,-78.36085780226689,0.09368723415061476,1.5579336408387398e-05,-68.07766167137905,pilot
REF,LP,5125.0,-78.84237212414068,0.08709034011426661,6.239878444515659e-06,-68.24207168103433,pilot
REF,LP,5156.25,-79.49475478213512,0.07760951230547915,5.1795154638563884e-06,-68.39390401654893,pilot
REF,LP,5187.5,-79.92103853856064,0.06961220274816764,7.635264990470361e-06,-68.34789199354871,pilot
REF,LP,5218.75,-79.98341770033933,0.067776622558766,9.782194114911837e-06,-68.29421662416476,pilot
REF,LP,5250.0,-80.0264484156695,0.06591634966251948,4.576062416420071e-07,-68.21637959500696,pilot
REF,LP,5281.25,-79.99719864290748,0.06750249103486612,3.236507080588825e-06,-68.29039633207925,pilot
REF,LP,5312.5,-80.00762530161872,0.07078729037492645,5.820059286391039e-06,-68.50717787788403,pilot
REF,LP,5343.75,-79.98454607783266,0.07320592095085889,8.838522375474393e-06,-68.63000785414674,pilot
REF,LP,5375.0,-80.00163601314894,0.07282095526994443,1.1935792848814218e-05,-68.62419942135625,pilot
REF,LP,5406.25,-79.98935755995392,0.0710172985090551,8.505790186803044e-06,-68.50299872839143,pilot
REF,LP,5437.5,-80.00371927179094,0.07275426766391001,1.0729654480339127e-05,-68.62230369775743,pilot
REF,LP,5468.75,-79.97259998617807,0.07482788231956258,7.715501077726339e-06,-68.7132342226546,pilot
REF,LP,5500.0,-79.99471295658039,0.07323183392398967,1.0048019734898482e-06,-68.64171174926945,pilot
REF,LP,5531.25,-79.98575418240691,0.07266647938813246,6.976182420376229e-07,-68.59909506931169,pilot
REF,LP,5562.5,-80.00307748316645,0.07495941265861417,2.7088985045310926e-07,-68.75133892395876,pilot
REF,LP,5593.75,-79.98582283392477,0.07645546654925675,1.023611641819049e-06,-68.819907952948,pilot
REF,LP,5625.0,-79.98890547214774,0.07228341705189477,3.674699262548357e-07,-68.57929191062172,pilot
REF,LP,5656.25,-79.99754639426388,0.06937718188523578,7.53212489087773e-07,-68.40971263246172,pilot
REF,LP,5687.5,-80.0040785046376,0.07229237082176389,1.4997267886300085e-06,-68.59500287175214,pilot
REF,LP,5718.75,-79.99903329003372,0.07511151781888438,1.8596133354833523e-08,-68.7560983617737,pilot
REF,LP,5750.0,-80.00030072048844,0.07432404094546657,1.4492287180310192e-06,-68.71159355042413,pilot
REF,LP,5781.25,-79.99422048963625,0.07544800454208112,4.398627755070039e-06,-68.77069776036993,pilot
REF,LP,5812.5,-79.99507986627327,0.07869296106882696,6.988443381266424e-06,-68.95443843015917,pilot
REF,LP,5843.75,-80.00714503890248,0.07732325625970046,1.1293997432293574e-06,-68.89024607851451,pilot
REF,LP,5875.0,-80.00495463661343,0.07364767263076828,2.438155428806926e-07,-68.67654459827824,pilot
REF,LP,5906.25,-80.00483723648522,0.07431397392104569,3.966605022558723e-06,-68.7155417844574,pilot
REF,LP,5937.5,-80.00889220745572,0.07877397663859795,5.367232405557923e-06,-68.97271959743509,pilot
REF,LP,5968.75,-80.01264851391261,0.07622874393888822,2.3355786579897523e-07,-68.83383584204299,pilot
REF,LP,6000.0,-80.0135551062053,0.07434733009875191,2.9266337246969585e-08,-68.72620856808669,pilot
REF,LP,6031.25,-80.0081254554969,0.07543127432103708,1.0553778098887404e-06,-68.78363959295407,pilot
REF,LP,6062.5,-79.9933320654554,0.07310242804281637,4.484434294771628e-07,-68.63264977594075,pilot
REF,LP,6093.75,-79.99378401690993,0.06942887920884257,6.867607145238928e-07,-68.40918525266231,pilot
REF,LP,6125.0,-79.98765332239071,0.06618435413846212,2.282901254915324e-06,-68.19520636465077,pilot
REF,LP,6156.25,-79.99106801165908,0.06414144984796868,3.3503916472005715e-06,-68.06245542708106,pilot
REF,LP,6187.5,-80.00517565146735,0.0656339779647566,1.577378645882956e-06,-68.17646261140428,pilot
REF,LP,6218.75,-80.00349184601907,0.06817505922540776,1.4201074700360791e-06,-68.33974677581074,pilot
REF,LP,6250.0,-79.99366261567027,0.06968887466427942,1.671539693703211e-06,-68.42529682240347,pilot
REF,LP,6281.25,-79.99902977600377,0.0725507109843724,7.627492616094829e-07,-68.60544619488188,pilot
REF,LP,6312.5,-79.99900979408208,0.07358575661715916,1.3520315982821776e-06,-68.66694708192486,pilot
REF,LP,6343.75,-79.99736434858224,0.07336832416821286,2.263470407014899e-07,-68.6524500325542,pilot
REF,LP,6375.0,-79.99048736626398,0.0728000221420608,1.5793058517206777e-07,-68.61180217112403,pilot
REF,LP,6406.25,-79.98649174141721,0.0724395954531925,7.890284898709909e-07,-68.58625159508372,pilot
REF,LP,6437.5,-79.98833146323962,0.07292690070753709,3.344373637054218e-07,-68.61720872446726,pilot
REF,LP,6468.75,-79.99816119232318,0.07906134807260218,3.799554256993589e-07,-68.97780303526864,pilot
REF,LP,6500.0,-80.0037618365192,0.0838877329146727,3.9963656251148595e-07,-69.24074610381224,pilot
REF,LP,6531.25,-80.00441989090993,0.07901350315326053,5.090414398160252e-07,-68.98143275335273,pilot
REF,LP,6562.5,-80.00122403337075,0.07569920801268192,3.0598515059815814e-07,-68.79213708227336,pilot
REF,LP,6593.75,-79.99789554651528,0.07360206912421398,5.795944375986186e-08,-68.66679547264602,pilot
REF,LP,6625.0,-79.99477807257391,0.06960913736157132,8.593563258644406e-09,-68.42144028094953,pilot
REF,LP,6656.25,-80.0008317910408,0.07031017135038474,9.827293639869335e-08,-68.47101304526828,pilot
REF,LP,6687.5,-79.99831946627165,0.06994947400364358,7.566418613320426e-07,-68.44616368802532,pilot
REF,LP,6718.75,-79.99528696138515,0.07157919668756005,9.61123595020234e-07,-68.54315485342266,pilot
REF,LP,6750.0,-79.99822660427552,0.06906853883644154,3.5241256618687067e-07,-68.39102897996715,pilot
REF,LP,6781.25,-80.00323471003925,0.06462983806752179,2.521849095998139e-07,-68.10756507869557,pilot
REF,LP,6812.5,-80.00913778747339,0.06812102661399456,1.1486824655386148e-07,-68.34194932179786,pilot
REF,LP,6843.75,-80.00473762673923,0.06950791598153593,6.435846873872572e-09,-68.42507999243546,pilot
REF,LP,6875.0,-80.00286384250934,0.07091939414346095,1.3551280672598645e-07,-68.51051370148619,pilot
REF,LP,6906.25,-80.00547040027877,0.06932630330691093,1.1588967287293624e-07,-68.41445052000611,pilot
REF,LP,6937.5,-80.01379036978489,0.06913222215174364,2.221711943212115e-07,-68.41059522913648,pilot
REF,LP,6968.75,-80.01185258207563,0.07529945839555008,9.266543575385925e-08,-68.77977079763583,pilot
REF,LP,7000.0,-80.00676308588801,0.07722820096054187,4.640091406372038e-07,-68.88452195689834,pilot
REF,LP,7031.25,-80.00265404376323,0.07189308030516653,6.25346623192634e-07,-68.56952465094979,pilot
REF,LP,7062.5,-79.99498279067085,0.07045029882243224,2.3243719378255195e-07,-68.47381087705259,pilot
REF,LP,7093.75,-79.99353130391529,0.07168246653743779,1.5499231033165464e-07,-68.54766040117794,pilot
REF,LP,7125.0,-79.99271635631897,0.07223783681423532,9.717811909049662e-08,-68.58036337123744,pilot
REF,LP,7156.25,-79.99119714642363,0.07304834105242998,3.9981399591613905e-07,-68.62730041162274,pilot
REF,LP,7187.5,-79.99730179685866,0.07053620671206794,2.3591128538903488e-07,-68.48142249289786,pilot
REF,LP,7218.75,-79.999587815217,0.06638797118610902,6.441146907028604e-08,-68.2204814743113,pilot
REF,LP,7250.0,-80.0023836495381,0.06424729177569098,2.4368415114373693e-07,-68.08093159554801,pilot
REF,LP,7281.25,-80.00290290700289,0.06527049332937625,7.883226212194827e-09,-68.15007154988764,pilot
REF,LP,7312.5,-79.99916364142382,0.06693204275185735,7.319799232688483e-08,-68.25550413007005,pilot
REF,LP,7343.75,-79.9923108276085,0.067309874494551,1.5567942181307565e-07,-68.27309832619038,pilot
REF,LP,7375.0,-79.98950835086815,0.06783558367475032,3.45864494782744e-08,-68.30408370303192,pilot
REF,LP,7406.25,-79.99661065915758,0.069700045259171,6.293858423269084e-09,-68.42894095102208,pilot
REF,LP,7437.5,-80.00001885389267,0.07082228945509031,2.1806484634410878e-08,-68.50171816454058,pilot
REF,LP,7468.75,-79.9990628590852,0.07061391161143729,5.4503628848834365e-08,-68.48796524611026,pilot
REF,LP,7500.0,-79.98921796976276,0.06867578112212341,8.292138259773535e-08,-68.3572537386904,pilot
REF,LP,7531.25,-79.98282715554657,0.06492209190960298,2.502997641514776e-08,-68.10675189786602,pilot
REF,LP,7562.5,-79.97796310969497,0.06258294644731568,4.7413732234095565e-08,-67.94252286220721,pilot
REF,LP,7593.75,-79.98605988168303,0.062136085471552416,6.239202554710579e-08,-67.91949846793459,pilot
REF,LP,7625.0,-79.99557496472895,0.06322245613402876,1.6977095645112784e-08,-68.00428829326377,pilot
REF,LP,7656.25,-79.99537304071569,0.06426969381843314,4.5032197131215933e-10,-68.07543504085622,pilot
REF,LP,7687.5,-79.9927529460163,0.06184727361783961,5.46862476438291e-09,-67.90595823286867,pilot
REF,LP,7718.75,-79.99334404241893,0.06183657730841245,1.2702484991736702e-08,-67.90579816440413,pilot
REF,LP,7750.0,-79.99658786406286,0.06403819935079944,4.193480780356383e-09,-68.06097867258929,pilot
REF,LP,7781.25,-79.99337346692771,0.06470244401754441,4.842222756829361e-08,-68.10258001440842,pilot
REF,LP,7812.5,-79.98674776637448,0.0627373956126925,7.6024795227688e-08,-67.96201231798251,pilot
REF,LP,7843.75,-79.98079690479769,0.06273297338989806,2.251827382790028e-08,-67.95575532086576,pilot
REF,LP,7875.0,-79.98451482940499,0.064903666025134,7.131971380401839e-08,-68.10720680249123,pilot
REF,LP,7906.25,-79.99314604638627,0.06464439557967853,1.9040367701474031e-07,-68.09845452909491,pilot
REF,LP,7937.5,-80.00568771412092,0.06344478885163225,5.78450577503069e-06,-68.02964696855787,pilot
REF,LP,7968.75,-80.00925903623754,0.06307914836900289,4.1489324619702384e-05,-68.00811693997103,pilot
REF,LP,8000.0,-80.01097043522192,0.06347701524910353,3.1969240392331575e-05,-68.03713510219507,pilot
REF,OPUS,0.0,0.19502776604544653,0.8246781521073668,5.707021326326074e-06,-0.8805022522583178,pilot
REF,OPUS,31.25,0.8851503965687523,0.902122990188271,1.8064989522466462e-06,-0.5801922381646253,pilot
REF,OPUS,62.5,1.3437008660749792,0.9806948305211773,1.4518468569763147e-06,-0.48432312145265466,pilot
REF,OPUS,93.75,1.3200347382510327,0.9893920355600926,1.9884194915225002e-07,-0.5463344893699517,pilot
REF,OPUS,125.0,1.3607903885166768,0.9901678829299337,6.394697872026724e-07,-0.5089830932077242,pilot
REF,OPUS,156.25,1.4285289606840172,0.9894662893523066,2.229568742319719e-07,-0.4381661923640493,pilot
REF,OPUS,187.5,1.4371967191201727,0.9887830061814109,1.9745583348253853e-06,-0.4264983456865598,pilot
REF,OPUS,218.75,1.4077890072875077,0.9861646983920088,1.5504516003307687e-06,-0.4443906407976234,pilot
REF,OPUS,250.0,1.3741764410096167,0.9815815212087688,3.102080542866702e-07,-0.457772425892383,pilot
REF,OPUS,281.25,1.3451178114925462,0.9742427711451003,2.9814668235348134e-07,-0.45423923591756793,pilot
REF,OPUS,312.5,1.3281918696953408,0.963878947033665,1.8076928359793468e-07,-0.42471820297729257,pilot
REF,OPUS,343.75,1.3288560362641533,0.9603436213233859,8.972639161520256e-07,-0.40809565196224007,pilot
REF,OPUS,375.0,1.3601191303778781,0.9629650614492098,7.545076438399869e-07,-0.388671299039429,pilot
REF,OPUS,406.25,1.353550717699793,0.9649542070725258,2.1612438683374814e-07,-0.40420144874200176,pilot
REF,OPUS,437.5,1.3485540121934247,0.9626250403642027,2.6485981609287507e-07,-0.3987026610797781,pilot
REF,OPUS,468.75,1.3217227077749443,0.9567039068012599,6.56854388073052e-07,-0.39873789393636605,pilot
REF,OPUS,500.0,1.2688433508971069,0.9530239427563366,1.4172291671709382e-06,-0.43487989154283974,pilot
REF,OPUS,531.25,1.2651803850422796,0.9518407218134652,7.073888946306834e-08,-0.4331475513477561,pilot
REF,OPUS,562.5,1.2528917652913996,0.9497306761047448,2.7444475232990332e-08,-0.4357980204094427,pilot
REF,OPUS,593.75,1.1472947940464144,0.9438520090681148,6.39481931832344e-07,-0.5144293790386426,pilot
REF,OPUS,625.0,1.0222892829159278,0.9369622833652455,1.0944250081749281e-06,-0.607616935037098,pilot
REF,OPUS,656.25,0.9865295793338376,0.9303121915796401,2.529029537867403e-06,-0.6124426713221707,pilot
REF,OPUS,687.5,0.9474019015415801,0.9210013340477644,2.6736802983311617e-06,-0.6078858182560247,pilot
REF,OPUS,718.75,0.8050319874532864,0.913840973700407,1.7369849228821094e-06,-0.716359405011556,pilot
REF,OPUS,750.0,0.7248561549439887,0.9090850042729055,1.3975881122163623e-06,-0.7738739118293952,pilot
REF,OPUS,781.25,0.66213218216693,0.8994862177814653,6.855076302938699e-07,-0.7904980783303304,pilot
REF,OPUS,812.5,0.5428973223343864,0.8847012612938946,7.210055344087307e-07,-0.8377542691757202,pilot
REF,OPUS,843.75,0.49099103943458894,0.8735277618121573,3.136376861935696e-06,-0.8344612073788147,pilot
REF,OPUS,875.0,0.41025875103792764,0.8623875240204051,2.5255643300728825e-06,-0.8594510265464206,pilot
REF,OPUS,906.25,0.30243554680952583,0.8467717939210927,7.347165482347475e-07,-0.8879134121910222,pilot
REF,OPUS,937.5,0.22794847038506882,0.8350018394328692,4.329831937370361e-07,-0.9016109787485671,pilot
REF,OPUS,968.75,0.16932036565417152,0.827398789514488,5.079813862456365e-06,-0.9205135733873336,pilot
REF,OPUS,1000.0,0.1419288455247782,0.8276889533240319,3.40686918926727e-06,-0.9494278713050263,pilot
REF,OPUS,1031.25,0.1512657183145793,0.8327718164177137,2.352095125649136e-06,-0.9666795976446911,pilot
REF,OPUS,1062.5,0.15751399099656538,0.832607905244595,1.4947930047970136e-06,-0.9595764362269826,pilot
REF,OPUS,1093.75,0.1623974073450675,0.834399216742745,1.735896091276976e-06,-0.9640265972602413,pilot
REF,OPUS,1125.0,0.3035259507806516,0.8386415171967068,7.289287828411852e-07,-0.844922761162292,pilot
REF,OPUS,1156.25,0.2869582213007408,0.8327610414025552,5.116135898301301e-07,-0.8309309020760326,pilot
REF,OPUS,1187.5,0.14366044946757955,0.8109847267867274,1.1378561514507458e-06,-0.8591514302427327,pilot
REF,OPUS,1218.75,0.09691910556091574,0.7976224395043369,3.2655621749811055e-06,-0.8337396563940102,pilot
REF,OPUS,1250.0,-0.08558616534982638,0.7812371532792038,2.3226169093553246e-06,-0.9261001809324609,pilot
REF,OPUS,1281.25,-0.3381006965793784,0.7587438382747258,8.184676089159561e-06,-1.0517375958681148,pilot
REF,OPUS,1312.5,-0.39133663174028727,0.7460576135523376,9.798003002704042e-06,-1.031745426159178,pilot
REF,OPUS,1343.75,-0.3176132038326077,0.7370072566373816,1.5842058233284697e-06,-0.9050159708209402,pilot
REF,OPUS,1375.0,-0.34333807941041894,0.7469064825807361,5.491579617363332e-07,-0.9886854945982072,pilot
REF,OPUS,1406.25,-0.33568540850012923,0.7762732588454143,9.512781704330945e-07,-1.1485167936014793,pilot
REF,OPUS,1437.5,-0.2469918075591872,0.7759941139563843,1.8360866231728343e-06,-1.0582612054876013,pilot
REF,OPUS,1468.75,-0.3417213710123928,0.7549635099065688,3.653965493571037e-06,-1.0336661094576765,pilot
REF,OPUS,1500.0,-0.276808946090395,0.7508641109530435,5.280840417937649e-06,-0.945107541800958,pilot
REF,OPUS,1531.25,-0.10484576712522262,0.7353673875699476,3.6346165478335896e-06,-0.6825745508741479,pilot
REF,OPUS,1562.5,-0.3450143940853485,0.7098156664275352,2.3078566373278073e-07,-0.7691553260958301,pilot
REF,OPUS,1593.75,-0.40484178229283885,0.7109597111854468,1.5282981522557217e-06,-0.8359768168282462,pilot
REF,OPUS,1625.0,-0.3215433329127304,0.7166109285595345,1.935243855473923e-06,-0.7870627302749598,pilot
REF,OPUS,1656.25,-0.5406396099942783,0.7038515923532606,9.166866120800404e-06,-0.9281357118794041,pilot
REF,OPUS,1687.5,-0.8571346386135243,0.6823551293548767,1.567406136247303e-05,-1.1099243712662086,pilot
REF,OPUS,1718.75,-1.0602545945842679,0.671900297292732,1.790338708615627e-06,-1.2459880542613728,pilot
REF,OPUS,1750.0,-1.0543542549059748,0.6588703876321156,1.1036018739079343e-05,-1.1550392719908824,pilot
REF,OPUS,1781.25,-0.9590078810543332,0.64690910046651,6.694539427146687e-06,-0.9801256149293949,pilot
REF,OPUS,1812.5,-0.9678849359911859,0.6403231404717068,1.2037548064984873e-06,-0.9445620327998937,pilot
REF,OPUS,1843.75,-1.1177104448939263,0.6195851549614776,5.172237088360474e-06,-0.9514056087847976,pilot
REF,OPUS,1875.0,-1.0623735698133583,0.6308873073396365,3.480188552256794e-06,-0.9745765973320499,pilot
REF,OPUS,1906.25,-0.891415171664961,0.6439976240418288,5.76419326749398e-06,-0.8929429496528358,pilot
REF,OPUS,1937.5,-0.7388476643547528,0.6484370843257319,4.0578084721798237e-07,-0.7702112348111643,pilot
REF,OPUS,1968.75,-0.8744326104448242,0.6247045691973702,8.551794327058158e-07,-0.7438645622473605,pilot
REF,OPUS,2000.0,-1.0669152281985237,0.6032023901945059,8.075919698252686e-06,-0.784230892980769,pilot
REF,OPUS,2031.25,-1.2529454139776577,0.607880061242106,1.3012607211937724e-06,-1.003809526658709,pilot
REF,OPUS,2062.5,-1.3605779707939618,0.6247256736077227,4.517271425390019e-06,-1.2301566379335651,pilot
REF,OPUS,2093.75,-1.2962793249660531,0.6286601475410348,8.706119155407398e-07,-1.1931237534074741,pilot
REF,OPUS,2125.0,-1.431867379014816,0.5977480826397465,6.1863312305838416e-06,-1.109734423490594,pilot
REF,OPUS,2156.25,-1.7669248877746595,0.5491306606136295,3.4716614060638036e-05,-1.0763669463725394,pilot
REF,OPUS,2187.5,-2.10684130583725,0.5273622982508263,6.496288181441906e-05,-1.240617216466759,pilot
REF,OPUS,2218.75,-1.8357144420737284,0.5571843697100702,4.4943676021214424e-05,-1.2083888189892957,pilot
REF,OPUS,2250.0,-1.4042380209603347,0.5866165845125173,2.890825061097771e-05,-1.0004665177465126,pilot
REF,OPUS,2281.25,-1.5619563461947574,0.5797189246727364,2.2420536727954513e-05,-1.106816252941539,pilot
REF,OPUS,2312.5,-1.9691762134075192,0.562636611521049,1.001324948010769e-05,-1.3841412293308069,pilot
REF,OPUS,2343.75,-1.9516238244187774,0.5552243603502225,4.007597507443227e-06,-1.3089940760191858,pilot
REF,OPUS,2375.0,-2.0696081896701193,0.530231255668039,1.154238859467825e-05,-1.2269465629644216,pilot
REF,OPUS,2406.25,-2.4364531407098102,0.5031912585713983,1.4643919541769011e-05,-1.366469147361539,pilot
REF,OPUS,2437.5,-2.577348336632663,0.48909620519877167,1.5776602448584146e-05,-1.3839763960976907,pilot
REF,OPUS,2468.75,-2.641453859452106,0.48210499060179857,1.4622867915649709e-05,-1.3855552585126982,pilot
REF,OPUS,2500.0,-2.606294271793233,0.48661006496679027,9.710172113703273e-06,-1.3907902746403118,pilot
REF,OPUS,2531.25,-2.685861713589243,0.47567700681510866,0.00012690920426885614,-1.371668431595166,pilot
REF,OPUS,2562.5,-2.8607527975524336,0.45174604295700055,6.693656946943584e-05,-1.3223814954538906,pilot
REF,OPUS,2593.75,-2.932119992150903,0.43451766543478487,4.093632562444089e-05,-1.2248794943748251,pilot
REF,OPUS,2625.0,-2.7910200851201914,0.4395630456455326,7.435209476792972e-05,-1.1339169509289662,pilot
REF,OPUS,2656.25,-2.7842423580509985,0.4509172595230837,4.4088545613968226e-05,-1.2378960740916267,pilot
REF,OPUS,2687.5,-2.9498726710015033,0.45217196022583833,9.308075553852337e-06,-1.4155940749369469,pilot
REF,OPUS,2718.75,-3.1126608037962495,0.4413996081312256,7.010596672857596e-05,-1.4736653636208343,pilot
REF,OPUS,2750.0,-3.0998408816586105,0.43528833369082215,5.28909346267111e-05,-1.4002962852420238,pilot
REF,OPUS,2781.25,-3.04467029373615,0.4321998646988621,3.714688631347756e-08,-1.3142016868158415,pilot
REF,OPUS,2812.5,-3.0504838152736706,0.42926793552757575,2.190637525920401e-05,-1.2904534400202994,pilot
REF,OPUS,2843.75,-3.104924285203066,0.43027748989476305,3.3419712251049236e-05,-1.3550956765927245,pilot
REF,OPUS,2875.0,-3.4054212875379846,0.4147001756846054,1.1090768661371722e-06,-1.495448608210287,pilot
REF,OPUS,2906.25,-3.9452865431128297,0.38996412162888516,1.7825936310532938e-05,-1.7682181893904148,pilot
REF,OPUS,2937.5,-4.110742562210396,0.38256418445745943,3.446979950927282e-05,-1.8504707801575802,pilot
REF,OPUS,2968.75,-4.097632181062754,0.39782307935442,3.829529282888588e-06,-2.0072170555375894,pilot
REF,OPUS,3000.0,-4.094153589673546,0.4061064041257713,2.362572241051378e-05,-2.0932370986878395,pilot
REF,OPUS,3031.25,-4.564143923581419,0.3637079486652963,6.460338214903775e-05,-2.084356975347716,pilot
REF,OPUS,3062.5,-4.987144237663277,0.3332143449512558,7.170018290625149e-05,-2.127066260946309,pilot
REF,OPUS,3093.75,-4.716875558055858,0.35176835695832626,0.00013101343062001106,-2.092128387882653,pilot
REF,OPUS,3125.0,-5.210194343622636,0.33317775257584104,0.00018418795385879698,-2.3496394144688884,pilot
REF,OPUS,3156.25,-5.597355006230166,0.30842596055324795,0.0001579995180690252,-2.4015493930355363,pilot
REF,OPUS,3187.5,-5.342341050913881,0.30894495802309424,0.00015859922620195334,-2.1538372973822346,pilot
REF,OPUS,3218.75,-5.6917462718082446,0.2889822329827173,0.0002250086403607556,-2.2131428246548084,pilot
REF,OPUS,3250.0,-6.478066932128837,0.25706893858861135,1.0589419144947777e-05,-2.4912481032707148,pilot
REF,OPUS,3281.25,-6.7072057904087785,0.24886629220137568,0.00011601918397321215,-2.579551691533381,pilot
REF,OPUS,3312.5,-6.687061594689015,0.25479213918733945,0.00018378100002422627,-2.661606972617962,pilot
REF,OPUS,3343.75,-7.154402483905357,0.24573975421499927,6.83298618113139e-05,-2.971841806717102,pilot
REF,OPUS,3375.0,-7.614921720241555,0.23069345223116758,2.400852037972636e-05,-3.1579595286392874,pilot
REF,OPUS,3406.25,-7.465211033385294,0.22427845644875574,7.314962071132297e-05,-2.885771745486758,pilot
REF,OPUS,3437.5,-7.1620548643581925,0.24067984043738452,0.000575361630998861,-2.889137140505291,pilot
REF,OPUS,3468.75,-6.998708817498045,0.26012211398120366,0.0010306575817000093,-3.063166692767308,pilot
REF,OPUS,3500.0,-7.514510101611793,0.2344540799243738,0.0002079496472812924,-3.127773175276383,pilot
REF,OPUS,3531.25,-8.39585139297168,0.19678693229500702,1.6602680754149454e-05,-3.248499075907781,pilot
REF,OPUS,3562.5,-9.090617430675941,0.17271045369508495,1.6769347317948782e-06,-3.3764888081466573,pilot
REF,OPUS,3593.75,-9.273588638938664,0.17804198776721056,3.0676059820978306e-05,-3.691498109722863,pilot
REF,OPUS,3625.0,-9.447891425246862,0.18841156608008133,3.844296724827454e-05,-4.111652146894542,pilot
REF,OPUS,3656.25,-9.708222417886613,0.18999405232070385,0.00020260326718722825,-4.408307602762964,pilot
REF,OPUS,3687.5,-9.60106085342481,0.20840947612627697,0.00015901249964542856,-4.70292059980208,pilot
REF,OPUS,3718.75,-9.186067413282327,0.23464291602890203,0.0010941192262598897,-4.802827012540475,pilot
REF,OPUS,3750.0,-9.502824989475455,0.21988017058599613,0.0008824633331442174,-4.837370768904621,pilot
REF,OPUS,3781.25,-10.354128035947767,0.1979921364287019,0.0017523364690616968,-5.233292582231881,pilot
REF,OPUS,3812.5,-10.851839501453469,0.20891080259375425,0.0038893575000633804,-5.964133604093455,pilot
REF,OPUS,3843.75,-11.658923026328496,0.20137891344562903,0.005742806534071581,-6.611748086104993,pilot
REF,OPUS,3875.0,-12.74800719379347,0.16334473880502018,0.007016603392886672,-6.791743828781182,pilot
REF,OPUS,3906.25,-13.49397933384241,0.13947950518761698,0.016869619243591462,-6.851768441213062,pilot
REF,OPUS,3937.5,-14.08693044821086,0.12889833464367564,0.03798323990771634,-7.102088638778468,pilot
REF,OPUS,3968.75,-15.011188481512903,0.1168023537187694,0.06434061123557407,-7.598389553299682,pilot
REF,OPUS,4000.0,-16.30471270070835,0.09531474073332814,0.09374656093708822,-8.008998536690061,pilot
REF,OPUS,4031.25,-18.485016729148963,0.06598077161464155,0.11527691463010012,-8.591875757448328,pilot
REF,OPUS,4062.5,-21.254478121727285,0.039245523297308696,0.12813236114992452,-9.105064492032115,pilot
REF,OPUS,4093.75,-25.03425453106321,0.01785199046353608,0.1373177084995098,-9.463806119940383,pilot
REF,OPUS,4125.0,-29.77526803588592,0.007204854487526291,0.1599824060882472,-10.264205303385559,pilot
REF,OPUS,4156.25,-31.75940950272439,0.00560169487030258,0.1993610840090303,-11.155289116844791,pilot
REF,OPUS,4187.5,-33.66927997504006,0.0041460173666904195,0.2103104692654492,-11.758276271405606,pilot
REF,OPUS,4218.75,-38.08631478207461,0.0018191447653623661,0.19830500706620413,-12.597672519986421,pilot
REF,OPUS,4250.0,-41.87073981238454,0.0009355787527223074,0.21666636180494203,-13.494228442455334,pilot
REF,OPUS,4281.25,-41.650522426601654,0.0010895801931345,0.23244015922981817,-13.935799552231007,pilot
REF,OPUS,4312.5,-49.42615422657368,0.0002083108432049938,0.208284673422126,-14.525958122431543,pilot
REF,OPUS,4343.75,-50.633564673379546,0.0002030591709894525,0.18918661036200074,-15.62247588854113,pilot
REF,OPUS,4375.0,-59.361871746757735,3.475907151592479e-05,0.1874181225247199,-16.685238544537658,pilot
REF,OPUS,4406.25,-59.18964348175733,4.098772566769884e-05,0.17985880322318787,-17.228866816891696,pilot
REF,OPUS,4437.5,-73.10404509476251,1.869099663075141e-06,0.1716302494112386,-17.73305481394824,pilot
REF,OPUS,4468.75,-66.7274794022908,9.974599068559678e-06,0.19379763562214042,-18.62911901083744,pilot
REF,OPUS,4500.0,-55.95719825734574,0.00018719885059450105,0.22947703286416954,-20.592915162837457,pilot
REF,OPUS,4531.25,-51.05406341224176,0.0009392632524111401,0.25751596965398355,-22.694621853412023,pilot
REF,OPUS,4562.5,-53.428633702656455,0.0006611389275988865,0.24115055136234215,-23.544246119845695,pilot
REF,OPUS,4593.75,-63.02495260091807,8.439816962097415e-05,0.22087284891375525,-24.20096800807911,pilot
REF,OPUS,4625.0,-69.47869459995532,2.1189588081765237e-05,0.22633902727652,-24.652604869720435,pilot
REF,OPUS,4656.25,-65.26839483683973,5.549624022592146e-05,0.24340065535089908,-24.62371557822514,pilot
REF,OPUS,4687.5,-59.72682599035798,0.00021427426614029578,0.2509912130084783,-24.94921128131885,pilot
REF,OPUS,4718.75,-63.01255012016304,0.00012568280235163333,0.24296581443238455,-25.917993803453946,pilot
REF,OPUS,4750.0,-76.22512987890437,7.618034598325844e-06,0.24952070588361333,-26.956244413440665,pilot
REF,OPUS,4781.25,-62.3027808550664,0.0002288863630702976,0.2810971414391731,-27.811665166316484,pilot
REF,OPUS,4812.5,-64.76967000204004,0.0001596574311761704,0.2980634760857396,-28.71424650289363,pilot
REF,OPUS,4843.75,-65.68853720978314,0.00017143214215737743,0.29319065118143806,-29.94214485663992,pilot
REF,OPUS,4875.0,-66.40070151562017,0.00018899515637923385,0.3179257255244916,-31.077893383749327,pilot
REF,OPUS,4906.25,-68.38867562056808,0.0001490894018927635,0.33908600357345503,-32.03582847247643,pilot
REF,OPUS,4937.5,-72.58521004750358,7.913394522032076e-05,0.3166895341073925,-33.48152335472772,pilot
REF,OPUS,4968.75,-74.80847431714176,6.404301116616818e-05,0.3412595664522804,-34.78587687761897,pilot
REF,OPUS,5000.0,-79.2355114009041,3.117565440421153e-05,0.3860194332529804,-36.08635231274702,pilot
REF,OPUS,5031.25,-86.3975874802435,8.783019066208187e-06,0.3841277475467564,-37.74671086263056,pilot
REF,OPUS,5062.5,-82.77009084729957,3.150940548059494e-05,0.3625057512253083,-39.667178064313575,pilot
REF,OPUS,5093.75,-86.34124443910707,2.1723944825678234e-05,0.36524437278248023,-41.62331647732224,pilot
REF,OPUS,5125.0,-101.92280547760403,8.89102891562396e-07,0.39474782611991394,-43.325010831490815,pilot
REF,OPUS,5156.25,-87.92676582978285,3.610802273668559e-05,0.40925507582148324,-45.41548802952449,pilot
REF,OPUS,5187.5,-91.02454703078672,3.0395436146543543e-05,0.4048206796476463,-47.76531595287676,pilot
REF,OPUS,5218.75,-102.59606372852956,3.89330710133759e-06,0.3927640528146637,-50.411935474844405,pilot
REF,OPUS,5250.0,-95.75215097245746,3.749567421019218e-05,0.380731384821391,-53.40464777024172,pilot
REF,OPUS,5281.25,-96.27209808360236,6.865195441240625e-05,0.3711069128626832,-56.55131226502621,pilot
REF,OPUS,5312.5,-107.3302873093494,1.1875291791930423e-05,0.3574118166097648,-59.98941533281504,pilot
REF,OPUS,5343.75,-108.31155599493299,2.1876766934786933e-05,0.31185040024199195,-63.62407252261246,pilot
REF,OPUS,5375.0,-108.94462499804627,4.316217366716472e-05,0.2207701150154126,-67.20834320356171,pilot
REF,OPUS,5406.25,-117.2984006058603,1.2402890260896368e-05,0.09821851458503218,-70.14631474441173,pilot
REF,OPUS,5437.5,-121.70554241269875,6.9776381689732835e-06,0.014976097095935111,-72.05531198994575,pilot
REF,OPUS,5468.75,-128.9618407006157,1.5850724013147253e-06,0.0006018387288070615,-72.87501687044814,pilot
REF,OPUS,5500.0,-127.32875538356431,2.4312075390332147e-06,0.010409610204512922,-73.0996608486993,pilot
REF,OPUS,5531.25,-137.62706844910747,2.3675935906989582e-07,0.012654532667128772,-73.28282513253272,pilot
REF,OPUS,5562.5,-128.60571885277844,2.0450552231347994e-06,0.006997218687479116,-73.62545437859038,pilot
REF,OPUS,5593.75,-132.8802128968259,7.884035952575206e-07,0.0007697467934914892,-73.76038398470473,pilot
REF,OPUS,5625.0,-158.94779046791962,1.7850393464896844e-09,0.001610834226001648,-73.37695352940968,pilot
REF,OPUS,5656.25,-144.59224094386929,4.3544796819145186e-08,0.01082760754021517,-72.89428875570239,pilot
REF,OPUS,5687.5,-136.10976619748553,2.928121172647184e-07,0.021057396238489658,-72.6883417736723,pilot
REF,OPUS,5718.75,-131.8532300643333,7.299220148919922e-07,0.03141626761088522,-72.39867981584696,pilot
REF,OPUS,5750.0,-126.7273120106469,2.122946466968498e-06,0.03351765584528907,-71.90938756750298,pilot
REF,OPUS,5781.25,-128.96457932145213,1.1823972646201922e-06,0.023016615682215247,-71.60489861209788,pilot
REF,OPUS,5812.5,-126.4142185351348,2.0539776103107874e-06,0.012113857933729242,-71.45286071426371,pilot
REF,OPUS,5843.75,-133.8894920465484,3.327069842488248e-07,0.005876725110957294,-71.02279635130002,pilot
REF,OPUS,5875.0,-137.32855046744763,1.32027095394231e-07,0.0012659027118928298,-70.44786628339644,pilot
REF,OPUS,5906.25,-143.82199605647804,2.7690169950221706e-08,6.081972600685078e-05,-70.15793739629817,pilot
REF,OPUS,5937.5,-145.93129579567704,1.68903607911259e-08,0.0023177117180779236,-70.12037018820277,pilot
REF,OPUS,5968.75,-139.71440546506233,6.389224398114837e-08,0.006895660806942216,-69.6815720062746,pilot
REF,OPUS,6000.0,-137.38955333767638,1.0025852132638774e-07,0.01300256058524972,-69.313451415705,pilot
REF,OPUS,6031.25,-133.11877432969698,2.591421409017059e-07,0.020214978892526467,-69.16683988055281,pilot
REF,OPUS,6062.5,-136.34385633463265,1.1471740819660619e-07,0.026477614056851013,-68.85283472626723,pilot
REF,OPUS,6093.75,-133.89779831167695,1.8775627695149318e-07,0.02637861163559354,-68.54642808868165,pilot
REF,OPUS,6125.0,-136.105410257104,1.073465096293226e-07,0.022129649254049335,-68.32597466349127,pilot
REF,OPUS,6156.25,-130.42461732979928,3.9031496753718043e-07,0.016470599641333333,-68.25145451332257,pilot
REF,OPUS,6187.5,-158.46793730194892,6.463348228519724e-10,0.011904109553855216,-68.48519798131214,pilot
REF,OPUS,6218.75,-138.61760372704975,6.749031387336638e-08,0.006472137663068297,-68.82270333317308,pilot
REF,OPUS,6250.0,-143.7786131017184,2.2020346600266878e-08,0.001795303653954237,-69.11953973374331,pilot
REF,OPUS,6281.25,-138.54179831175935,8.110665946453893e-08,1.7163135865448e-06,-69.54504858400168,pilot
REF,OPUS,6312.5,-135.0332937031639,1.9571756013905163e-07,0.002158767595424409,-69.86227676138887,pilot
REF,OPUS,6343.75,-142.99499883756982,3.308349584088213e-08,0.00980406956110483,-70.103797904684,pilot
REF,OPUS,6375.0,-138.66472029201574,9.433994125992324e-08,0.022914145644191263,-70.32436143418637,pilot
REF,OPUS,6406.25,-136.81038057199504,1.540534011413401e-07,0.03503199495259949,-70.59977860889497,pilot
REF,OPUS,6437.5,-148.31997429420684,1.1816828718047391e-08,0.04796546945430288,-70.9576688272369,pilot
REF,OPUS,6468.75,-132.51606797178323,5.263026587224226e-07,0.06992963030874545,-71.64110873843572,pilot
REF,OPUS,6500.0,-132.94788110217715,5.483935192498674e-07,0.08554145018126295,-72.25148936721172,pilot
REF,OPUS,6531.25,-134.74383045973096,3.743421866738073e-07,0.08086340276712448,-72.38920331589861,pilot
REF,OPUS,6562.5,-136.13998608121636,2.8585411408991485e-07,0.06999811571703504,-72.6141156791843,pilot
REF,OPUS,6593.75,-143.03783741511205,6.20945284427278e-08,0.05058021904345234,-72.88105587548337,pilot
REF,OPUS,6625.0,-146.71499435102874,2.6990032995382485e-08,0.025210983422138143,-72.93971363303388,pilot
REF,OPUS,6656.25,-144.4112690946189,4.813277494562013e-08,0.009292906964206366,-73.1483632247787,pilot
REF,OPUS,6687.5,-153.93442316552841,5.330526486069554e-09,0.0012453463660927215,-73.11480934864126,pilot
REF,OPUS,6718.75,-154.71335365901146,4.397339140306091e-09,0.0008569920365333056,-73.05793840050063,pilot
REF,OPUS,6750.0,-142.44984237145277,6.66355539293769e-08,0.008540768204748448,-72.59958762145848,pilot
REF,OPUS,6781.25,-138.7676153263013,1.3272284710651963e-07,0.021794790210544628,-71.90975734739763,pilot
REF,OPUS,6812.5,-142.19691403616616,5.781190670842544e-08,0.036991905454829194,-71.72977209516485,pilot
REF,OPUS,6843.75,-144.62136846736254,3.051772036200861e-08,0.053306708286616246,-71.37957448658813,pilot
REF,OPUS,6875.0,-138.94404657637867,1.0541486256302477e-07,0.06124067976526764,-71.08575017228733,pilot
REF,OPUS,6906.25,-137.55748349716848,1.3172029064487957e-07,0.05777074216951413,-70.66669542759519,pilot
REF,OPUS,6937.5,-137.25677678410398,1.329164636385418e-07,0.04838242183119016,-70.40524969095041,pilot
REF,OPUS,6968.75,-138.23112562981217,1.1088425746407057e-07,0.041461934266034096,-70.5925096827007,pilot
REF,OPUS,7000.0,-138.8277829680678,9.568392005335491e-08,0.032032967435173566,-70.54885769047742,pilot
REF,OPUS,7031.25,-136.75038239203212,1.3897242102465628e-07,0.022662342877362764,-70.09235375303076,pilot
REF,OPUS,7062.5,-144.0612360568875,2.476215564283914e-08,0.01470815242978263,-69.91180567439378,pilot
REF,OPUS,7093.75,-158.75282580690174,8.493067242620922e-10,0.007317073115674655,-69.95615655969345,pilot
REF,OPUS,7125.0,-144.99108045764922,2.036149971337416e-08,0.0020133515713208904,-69.99186321010495,pilot
REF,OPUS,7156.25,-154.8982093446304,2.1189915987761226e-09,6.0325180255252704e-06,-70.0721868203564,pilot
REF,OPUS,7187.5,-145.3051608999808,1.8810387304633287e-08,0.003657407579552342,-69.96182340452829,pilot
REF,OPUS,7218.75,-142.7866733996995,3.189036585647207e-08,0.015118844883041837,-69.73595354324213,pilot
REF,OPUS,7250.0,-140.69069433899165,5.059806457673449e-08,0.03527883643303595,-69.64471851604381,pilot
REF,OPUS,7281.25,-140.67762785038457,5.2393071861837155e-08,0.061886630549611216,-69.78305160100435,pilot
REF,OPUS,7312.5,-132.828617345532,3.3169989128056565e-07,0.0977593747515611,-69.94875576444,pilot
REF,OPUS,7343.75,-131.29190403596533,4.787903380686153e-07,0.141720987738057,-70.00604294126555,pilot
REF,OPUS,7375.0,-134.31164644827084,2.45882560386839e-07,0.1786449610701693,-70.1316088434621,pilot
REF,OPUS,7406.25,-135.3642150630078,2.0544967614404882e-07,0.20926733451465668,-70.40395480026513,pilot
REF,OPUS,7437.5,-146.9703673559977,1.5164738175956093e-08,0.22746819762498457,-70.69140164795948,pilot
REF,OPUS,7468.75,-143.28635701348045,3.873962397490119e-08,0.21091456512046497,-71.08059615001693,pilot
REF,OPUS,7500.0,-136.15153941819818,2.192488876959363e-07,0.16968544588274057,-71.47359853297297,pilot
REF,OPUS,7531.25,-137.09352921918625,1.8648504764494727e-07,0.12561161504484195,-71.71265450482704,pilot
REF,OPUS,7562.5,-141.2445434968999,7.558846957362016e-08,0.08893916514999063,-71.94178414754467,pilot
REF,OPUS,7593.75,-143.9286805247108,4.38641212933648e-08,0.050011812163611245,-72.26245998979793,pilot
REF,OPUS,7625.0,-152.80468819535196,6.144515664757758e-09,0.015441901153180896,-72.60224988000404,pilot
REF,OPUS,7656.25,-161.48190472416346,8.652867531346092e-10,0.0008128776170931546,-72.7661904019003,pilot
REF,OPUS,7687.5,-158.28216933696328,1.712506833590413e-09,0.002736573194977736,-72.53117759591335,pilot
REF,OPUS,7718.75,-144.51135489552308,3.9241308052506275e-08,0.018328168086608285,-72.3614747780037,pilot
REF,OPUS,7750.0,-142.04348029295747,6.764500243737846e-08,0.04662362867501429,-72.25852258777844,pilot
REF,OPUS,7781.25,-136.90599238692835,2.0733817603900614e-07,0.07884321483339642,-71.98547025123328,pilot
REF,OPUS,7812.5,-136.82785158633484,1.9206930276544034e-07,0.09662173895125394,-71.57511631189972,pilot
REF,OPUS,7843.75,-140.77579001643522,7.479671723739819e-08,0.09360535529352956,-71.42730051838284,pilot
REF,OPUS,7875.0,-135.83816747824625,2.3553965484327058e-07,0.09028541942399004,-71.47149294851357,pilot
REF,OPUS,7906.25,-151.86302577783627,5.878017812814902e-09,0.06391317228607911,-71.46801988330951,pilot
REF,OPUS,7937.5,-141.1002316742759,7.018941178544657e-08,0.02628826117195222,-71.47563283016075,pilot
REF,OPUS,7968.75,-137.14087075905553,1.7344219753164581e-07,0.014976784352345104,-71.44510356074963,pilot
REF,OPUS,8000.0,-133.02966407855476,4.4763931895268794e-07,0.015259604896348093,-71.45163146897247,pilot
REF,SILK,0.0,-1.313370995477567,0.8502572503217268,3.700938639674775e-06,-0.6837808239385472,pilot
REF,SILK,31.25,-0.5780029443386223,0.9300788546483958,1.9182590012413597e-06,-0.3381070413726794,pilot
REF,SILK,62.5,0.06574478795732157,0.997929611804841,1.3480785426018077e-06,-0.00016069851240393926,pilot
REF,SILK,93.75,0.0891612516139703,0.9999460105309346,1.0094648695385411e-07,0.0144893421736597,pilot
REF,SILK,125.0,0.08953604751204784,0.9999737768944224,4.917339646075438e-07,0.014743545450755546,pilot
REF,SILK,156.25,0.08929983850524181,0.9999714925564888,9.936094742246018e-08,0.014517257469032735,pilot
REF,SILK,187.5,0.08754088435121028,0.9999680641951367,1.7703746830386185e-06,0.012773192949163724,pilot
REF,SILK,218.75,0.08430521995728454,0.9999588351486428,8.867330790579078e-07,0.0095776112599295,pilot
REF,SILK,250.0,0.0801195969735932,0.9999444287903183,1.2006640856958305e-07,0.005454557321826398,pilot
REF,SILK,281.25,0.07551836295703702,0.9999183399232986,2.10565868347859e-08,0.0009666335899910818,pilot
REF,SILK,312.5,0.0709111729605159,0.9998817974013517,2.3069917313534173e-08,-0.003481838389244746,pilot
REF,SILK,343.75,0.06796709886040342,0.999861621949656,5.832120692487198e-07,-0.006338280373586426,pilot
REF,SILK,375.0,0.06738177538105923,0.9998698024928866,1.583679790146774e-07,-0.006959136272340703,pilot
REF,SILK,406.25,0.06401857149236591,0.9998880306424837,4.99106411594698e-07,-0.010401513595481165,pilot
REF,SILK,437.5,0.059510932190732,0.9998820313025542,8.578530447790275e-07,-0.014883095099011139,pilot
REF,SILK,468.75,0.05456643073387262,0.9998591495222576,9.492635821798998e-07,-0.019728209385023114,pilot
REF,SILK,500.0,0.04847561594177931,0.9998486658532764,1.2377708177713022e-06,-0.02577348752867734,pilot
REF,SILK,531.25,0.045758404072544126,0.9998463305820057,1.0359723229217714e-07,-0.02848055589674436,pilot
REF,SILK,562.5,0.04444610516532181,0.9998382461231079,2.0966989068163925e-07,-0.029757738906895072,pilot
REF,SILK,593.75,0.04020400965864421,0.9998159315322389,5.376280878802596e-08,-0.03390290661686604,pilot
REF,SILK,625.0,0.033534728556766286,0.9997865754585628,4.976521166321059e-07,-0.04044467056706784,pilot
REF,SILK,656.25,0.028387898888602024,0.9997602527654709,1.2219347411351077e-06,-0.045477156322922575,pilot
REF,SILK,687.5,0.023649276985171396,0.9997148424426653,1.8818512625242043e-06,-0.05001851192714736,pilot
REF,SILK,718.75,0.01694202591274241,0.9996707628908368,1.545809920188739e-06,-0.05653426911189502,pilot
REF,SILK,750.0,0.010055649212373497,0.9996427805911404,2.2504696466310553e-06,-0.06329907850342946,pilot
REF,SILK,781.25,0.004986980795632839,0.9996151541491698,9.757382417358094e-07,-0.0682477222740772,pilot
REF,SILK,812.5,0.002396085826842961,0.9995601285374233,2.630275765037058e-06,-0.07059954546404038,pilot
REF,SILK,843.75,0.0008072033937478605,0.9994568861422196,4.354641549620857e-06,-0.07173983138949042,pilot
REF,SILK,875.0,-0.0037206290664660567,0.9993602934728545,2.2022215131984114e-06,-0.07584791897500606,pilot
REF,SILK,906.25,-0.009301045023656902,0.999281213200173,1.113106333450488e-06,-0.08108466023159429,pilot
REF,SILK,937.5,-0.008932627645591627,0.9992443618299333,8.606802272212522e-07,-0.08055608131296657,pilot
REF,SILK,968.75,-0.007250752001375664,0.9992009145305133,7.264416202099845e-06,-0.07868536965089382,pilot
REF,SILK,1000.0,-0.01294635354985986,0.9991782838003181,3.2671131939905723e-06,-0.084282607472876,pilot
REF,SILK,1031.25,-0.014816412402198418,0.9991789768502531,2.190357305591562e-06,-0.08615567867709295,pilot
REF,SILK,1062.5,-0.008184793496361241,0.9992007128543962,4.025790708307638e-06,-0.07961853457709031,pilot
REF,SILK,1093.75,-0.002039621382014254,0.9992296944186916,3.7238770979099614e-06,-0.07359932665349445,pilot
REF,SILK,1125.0,0.008358301363337406,0.9992148157329774,1.2992905153417526e-06,-0.06313673630220228,pilot
REF,SILK,1156.25,0.020140367871912833,0.9991258163043525,5.3749625045525696e-08,-0.05096782923051004,pilot
REF,SILK,1187.5,0.02579513937339484,0.9989809608274779,9.203967454483142e-07,-0.04468336230824058,pilot
REF,SILK,1218.75,0.024031768693957963,0.9989169641911572,4.714002901240796e-06,-0.04616850670117794,pilot
REF,SILK,1250.0,0.014613002548693407,0.9988355018343279,3.420474605899749e-06,-0.05523308830481423,pilot
REF,SILK,1281.25,0.003622278078895697,0.998741868956927,1.181232762688849e-05,-0.0658166771852295,pilot
REF,SILK,1312.5,-0.0020946099476963466,0.998667614775684,1.070330771871573e-05,-0.07121066516103483,pilot
REF,SILK,1343.75,0.0007602005928858942,0.9985746438365054,4.091351838895713e-06,-0.06795152944940376,pilot
REF,SILK,1375.0,-0.001959372790203313,0.9985198861090969,2.248566520331227e-06,-0.07043294706666071,pilot
REF,SILK,1406.25,0.00030394474289785126,0.9986125288713316,7.356897014846224e-07,-0.06857254964195075,pilot
REF,SILK,1437.5,0.005716666427641689,0.9985951701373663,3.858469889666946e-06,-0.06308433453328413,pilot
REF,SILK,1468.75,0.007353029750285943,0.9985569121568207,4.2840442869966765e-06,-0.06128158198080547,pilot
REF,SILK,1500.0,0.014128986994149939,0.9985919308444937,4.995445642249323e-06,-0.05465792608267796,pilot
REF,SILK,1531.25,0.021091365470481793,0.998358664108076,5.54325850447754e-06,-0.04668093605657084,pilot
REF,SILK,1562.5,0.019887459911590653,0.9980329167549714,5.7220158544903226e-08,-0.04646758178968885,pilot
REF,SILK,1593.75,0.011544980940176582,0.9979832591271692,1.4837701007254285e-06,-0.054593969989857175,pilot
REF,SILK,1625.0,0.014452510227303194,0.9979651819571302,7.743322198461725e-07,-0.05160777318772961,pilot
REF,SILK,1656.25,0.004032539867738665,0.9978217550329448,5.5241711536267115e-06,-0.06140353341060174,pilot
REF,SILK,1687.5,-0.007245115136155167,0.9977665777067044,1.5465224705196312e-05,-0.07244102657424654,pilot
REF,SILK,1718.75,-0.023633885150483105,0.9978184119912004,8.099485139233509e-06,-0.08905540806441994,pilot
REF,SILK,1750.0,-0.03911385003510999,0.9976582126669178,2.7150626904324025e-05,-0.10383805901582122,pilot
REF,SILK,1781.25,-0.02778601168008937,0.9974006537745199,3.787241913153092e-05,-0.09138888626574625,pilot
REF,SILK,1812.5,-0.015585243548241978,0.9972083582134064,3.0511137847951773e-05,-0.07835073195101425,pilot
REF,SILK,1843.75,-0.023340898318407306,0.9969668187437554,3.289954543062928e-05,-0.08505433010593003,pilot
REF,SILK,1875.0,-0.03886780636481095,0.996965475920489,1.455214622868572e-05,-0.10057538859829977,pilot
REF,SILK,1906.25,-0.04099381145624448,0.9970608660661474,4.142783197368531e-06,-0.10311690890181203,pilot
REF,SILK,1937.5,-0.045399382312163505,0.9970474951796364,2.7635750840877996e-06,-0.10746423916917766,pilot
REF,SILK,1968.75,-0.07403908385820568,0.996576705428189,1.3577274237783517e-06,-0.13405278789586128,pilot
REF,SILK,2000.0,-0.09039213284648412,0.9960548918243536,5.731302405141357e-06,-0.1481312491056416,pilot
REF,SILK,2031.25,-0.09064946982219943,0.9960348099183923,3.933182912423292e-06,-0.1483010251553816,pilot
REF,SILK,2062.5,-0.09717361327551688,0.9962370221236674,6.778146383319293e-06,-0.15570677164914395,pilot
REF,SILK,2093.75,-0.10714379854631406,0.9961206272973933,1.5630876192927744e-06,-0.16516952161237888,pilot
REF,SILK,2125.0,-0.13175473584342343,0.9956386519738464,7.202351790607073e-06,-0.18767860624391713,pilot
REF,SILK,2156.25,-0.152212691954078,0.9950575168581747,1.2065750939764416e-05,-0.2056009289907522,pilot
REF,SILK,2187.5,-0.1588685603002989,0.9949461324761217,2.8690618028830364e-05,-0.21177063116775519,pilot
REF,SILK,2218.75,-0.14207094625731176,0.9954092311031454,2.9757726146610747e-05,-0.196993974644244,pilot
REF,SILK,2250.0,-0.1447547713500954,0.9954579414099929,1.8538758986215417e-05,-0.19989031635061155,pilot
REF,SILK,2281.25,-0.17053162153745066,0.9949473139973033,2.0810643324491135e-06,-0.2234388497476822,pilot
REF,SILK,2312.5,-0.18934604767424573,0.9947048696104597,1.159622200996569e-05,-0.24119487722803623,pilot
REF,SILK,2343.75,-0.19316055793173334,0.9945043223018838,8.531482669354656e-06,-0.24413369688320544,pilot
REF,SILK,2375.0,-0.2183290649341893,0.9938670740215576,1.0951000878782204e-05,-0.26651848428745123,pilot
REF,SILK,2406.25,-0.2509686387707129,0.9934610849829112,2.654912249385753e-05,-0.29738362745583025,pilot
REF,SILK,2437.5,-0.25300397265182795,0.9930293336786722,1.3475401950132431e-05,-0.29753113736179265,pilot
REF,SILK,2468.75,-0.2739890495743265,0.9928373247975478,1.160295676117643e-05,-0.31767639558395033,pilot
REF,SILK,2500.0,-0.286381335056425,0.9926666817131162,2.0556987657843562e-05,-0.32932217690505905,pilot
REF,SILK,2531.25,-0.27254407882877146,0.9925871360534105,0.00010850312253156573,-0.3151368922210064,pilot
REF,SILK,2562.5,-0.26682770263560573,0.9923439326591331,8.03082332832116e-05,-0.30835627864138115,pilot
REF,SILK,2593.75,-0.2680007058617349,0.9918883457716526,0.00012991920461084767,-0.30753497024494636,pilot
REF,SILK,2625.0,-0.2626868644377226,0.9915918102227229,0.00013775882828101594,-0.3009225652516571,pilot
REF,SILK,2656.25,-0.26884510520947924,0.991503132203758,5.6407080126998905e-05,-0.30669239926078884,pilot
REF,SILK,2687.5,-0.2714363603450667,0.991530423498503,4.356529227692743e-05,-0.3094031930565112,pilot
REF,SILK,2718.75,-0.2758807647753385,0.991332284067689,5.8775084020373035e-05,-0.3129796517494611,pilot
REF,SILK,2750.0,-0.2865703684834206,0.990942679825796,3.189824942635473e-05,-0.32196209598026526,pilot
REF,SILK,2781.25,-0.2864928816363873,0.9909699823025399,6.540398888028988e-05,-0.3220042644058343,pilot
REF,SILK,2812.5,-0.29960248793594013,0.9910252687882464,5.580660038223006e-05,-0.3353561580232721,pilot
REF,SILK,2843.75,-0.31908176759409657,0.9905540348815172,4.693959307880205e-05,-0.35276987019334305,pilot
REF,SILK,2875.0,-0.34653298318918746,0.9900217715721382,6.19391118013558e-05,-0.37788682498413073,pilot
REF,SILK,2906.25,-0.3894569653487218,0.9898171774562182,0.0001010732024051589,-0.4199132180146725,pilot
REF,SILK,2937.5,-0.44787309509335305,0.9892997461132967,0.00014284053900800653,-0.4760584603808119,pilot
REF,SILK,2968.75,-0.48447819296064654,0.9892688653787138,0.0003234172940418058,-0.5125279922379139,pilot
REF,SILK,3000.0,-0.5010528562388903,0.9892892293344814,8.814030730199825e-05,-0.5291920534837337,pilot
REF,SILK,3031.25,-0.5671047603719982,0.9883921629036745,5.5695286032567235e-05,-0.5913040810619172,pilot
REF,SILK,3062.5,-0.6177806320687073,0.9882617297782363,0.00012854093322915477,-0.6414067984302223,pilot
REF,SILK,3093.75,-0.6377397566285432,0.9885218860070117,0.0004197818281283853,-0.6625090366251563,pilot
REF,SILK,3125.0,-0.7037147937724311,0.98787126117222,0.00033843044153114896,-0.7256246954500111,pilot
REF,SILK,3156.25,-0.784746913107929,0.9869222526691158,0.00011749422496879821,-0.8024827157213222,pilot
REF,SILK,3187.5,-0.8713565864401935,0.9862625797637149,9.865898674562687e-05,-0.8861885322162404,pilot
REF,SILK,3218.75,-0.9768017251747994,0.9853487656454883,0.00012088542431134255,-0.9876078830249125,pilot
REF,SILK,3250.0,-1.1096623288761336,0.9840856971444686,0.00010513086046456603,-1.1148979154193024,pilot
REF,SILK,3281.25,-1.2246226800354552,0.9836056843959395,0.00015482216850293273,-1.2277393683202862,pilot
REF,SILK,3312.5,-1.3508217339947781,0.9834644778969294,0.00015805858538833677,-1.353314904068517,pilot
REF,SILK,3343.75,-1.5004423737391972,0.9835173968832495,0.00012987083941710272,-1.5031692259230458,pilot
REF,SILK,3375.0,-1.6360710795321696,0.9836815783707157,0.000350795554104485,-1.6395228519208347,pilot
REF,SILK,3406.25,-1.7311068604032518,0.9823764691287905,0.00036916012556315893,-1.7287927620840295,pilot
REF,SILK,3437.5,-1.8671577061409161,0.9819894309781914,0.0009937473921179485,-1.8631322307787788,pilot
REF,SILK,3468.75,-1.9924810673499422,0.9826994466525609,0.001368992795631298,-1.991594571460618,pilot
REF,SILK,3500.0,-2.100006406767388,0.983063049332032,8.42897828080957e-05,-2.100726520419379,pilot
REF,SILK,3531.25,-2.2757668227456986,0.9825915458539605,4.78795281615267e-05,-2.274403443568854,pilot
REF,SILK,3562.5,-2.501568091701464,0.9815837977811297,0.00039532806220423733,-2.495748293020121,pilot
REF,SILK,3593.75,-2.70030003983164,0.9815493476278895,0.00011940971451160018,-2.6943278163237943,pilot
REF,SILK,3625.0,-2.8913058632055892,0.9815105590847832,0.00024321232045710942,-2.8851620132468483,pilot
REF,SILK,3656.25,-3.10758587773095,0.9804316407310917,0.0007136363365671496,-3.0966654514315746,pilot
REF,SILK,3687.5,-3.2964141828281956,0.979311895771508,0.0014855326256814918,-3.2805308713252366,pilot
REF,SILK,3718.75,-3.455521930712624,0.9769572696696033,0.0018270014405292305,-3.429184008618326,pilot
REF,SILK,3750.0,-3.7469830211051915,0.9701109221631391,0.00426362812518019,-3.6901033520931086,pilot
REF,SILK,3781.25,-4.1759397470919755,0.9617956224613757,0.009513131916956,-4.081674096991369,pilot
REF,SILK,3812.5,-4.553962596191299,0.9534321994188787,0.020228419149746466,-4.421767134051494,pilot
REF,SILK,3843.75,-4.930564167795919,0.9395790249145242,0.03885625421263008,-4.734803687443073,pilot
REF,SILK,3875.0,-5.6065912707980186,0.9093895471999816,0.05928487582698822,-5.268997239702321,pilot
REF,SILK,3906.25,-6.5901591832537925,0.8494461334951271,0.09668867434200668,-5.956424010980344,pilot
REF,SILK,3937.5,-7.879542283628037,0.744209499029744,0.17409933835032654,-6.671400762887778,pilot
REF,SILK,3968.75,-9.42786708025528,0.6150976754178225,0.290306979193683,-7.392214326686151,pilot
REF,SILK,4000.0,-11.23515191200423,0.4577425382226897,0.4487400140393296,-7.916271035927714,pilot
REF,SILK,4031.25,-13.58451775686477,0.2978978013817865,0.6087382269276674,-8.400097125324981,pilot
REF,SILK,4062.5,-16.080001455834335,0.18019885533559943,0.7403060812343637,-8.712428124027271,pilot
REF,SILK,4093.75,-18.511615243569928,0.10106815132772907,0.8468532864284154,-8.6326648520639,pilot
REF,SILK,4125.0,-20.88564908297431,0.060984837633992865,0.909393745380024,-8.812774190922006,pilot
REF,SILK,4156.25,-23.199907881912488,0.039848059664039655,0.9386047469030722,-9.278886060856804,pilot
REF,SILK,4187.5,-26.886718491895202,0.020895127965497487,0.9510512317742863,-10.162075232798264,pilot
REF,SILK,4218.75,-31.447802123722685,0.009760017692142414,0.9597866137626695,-11.417214561978312,pilot
REF,SILK,4250.0,-35.75604938627191,0.004501766475409375,0.9681335482869236,-12.364785401937443,pilot
REF,SILK,4281.25,-39.85131327357122,0.0018468354592729318,0.9732407881100305,-12.590501706833845,pilot
REF,SILK,4312.5,-41.190201727037774,0.0015234792106407864,0.9747584115611047,-13.093473438367692,pilot
REF,SILK,4343.75,-45.707867277249086,0.0007088860131621269,0.9764684370968281,-14.28853774120217,pilot
REF,SILK,4375.0,-50.985690977967906,0.0002748114708826342,0.9773672485186815,-15.450945933178202,pilot
REF,SILK,4406.25,-57.503976741284156,7.270158280023985e-05,0.9769772209802706,-16.194321791051628,pilot
REF,SILK,4437.5,-50.18183212957581,0.00045751890703365865,0.9766646408877269,-16.860828979173988,pilot
REF,SILK,4468.75,-60.74427985209986,4.8360209734226275e-05,0.9783355438075613,-17.664067998075254,pilot
REF,SILK,4500.0,-61.74088235344623,5.971464991188835e-05,0.9770863488540501,-19.57659764766139,pilot
REF,SILK,4531.25,-50.56682890542191,0.0012534744939509768,0.975945891999539,-21.62289030686449,pilot
REF,SILK,4562.5,-52.05285481441372,0.0010912022570782173,0.9754274915213571,-22.506813759690317,pilot
REF,SILK,4593.75,-57.27291851529556,0.00037543954829088257,0.9736920269651159,-23.093225091195343,pilot
REF,SILK,4625.0,-57.55772926890344,0.0003584822155384066,0.9756383490421651,-23.177311807923626,pilot
REF,SILK,4656.25,-61.781607694867134,0.00013348831437804616,0.9754302387210843,-23.110946574391825,pilot
REF,SILK,4687.5,-61.29448052911455,0.00016841771653259674,0.9743125127591953,-23.633264665556474,pilot
REF,SILK,4718.75,-62.77600289859609,0.00014917523048197986,0.9739499528236816,-24.587876462849337,pilot
REF,SILK,4750.0,-65.21221952714731,0.00010659970293046336,0.9728060048496441,-25.564685860308607,pilot
REF,SILK,4781.25,-65.94318122205561,0.00011330493679025814,0.974007337311204,-26.560575939582087,pilot
REF,SILK,4812.5,-67.70399393474452,9.349435791394617e-05,0.9727396988546432,-27.486754357575784,pilot
REF,SILK,4843.75,-67.6262869253722,0.0001175047163009875,0.9717348243503199,-28.40174629730374,pilot
REF,SILK,4875.0,-64.41527263339,0.00031076083797440925,0.9721561535357648,-29.41444186108155,pilot
REF,SILK,4906.25,-64.11145265287261,0.00043619133453275653,0.9714119589765401,-30.583129377371687,pilot
REF,SILK,4937.5,-70.52098966257807,0.00013881123354858937,0.9670534221104823,-32.02014218765951,pilot
REF,SILK,4968.75,-74.39548981263111,7.623802178071422e-05,0.9663186346530716,-33.29211238899803,pilot
REF,SILK,5000.0,-76.66747103891173,6.0310617504246904e-05,0.9663965284906436,-34.546315179151854,pilot
REF,SILK,5031.25,-70.73799076787306,0.000345287009406134,0.9617658714613998,-36.19469955063521,pilot
REF,SILK,5062.5,-77.06314031262396,0.000130247701682083,0.956779431188876,-38.28574738756772,pilot
REF,SILK,5093.75,-78.61825690022567,0.00014334395460808874,0.955094686699114,-40.25695710649287,pilot
REF,SILK,5125.0,-86.87203100651993,3.289079712243286e-05,0.9511712709687221,-42.11768138478856,pilot
REF,SILK,5156.25,-85.73851058967078,7.219343560504984e-05,0.9433625621848665,-44.39839407767536,pilot
REF,SILK,5187.5,-90.41558201422407,4.263059140733266e-05,0.9348632296014595,-46.78770197914278,pilot
REF,SILK,5218.75,-90.70876778373886,7.319405162063114e-05,0.9210031859260848,-49.42843205259834,pilot
REF,SILK,5250.0,-97.88378955997261,2.7431548866527696e-05,0.8944029864122449,-52.34119924752847,pilot
REF,SILK,5281.25,-98.64949366458532,4.641405359214099e-05,0.8643078138639716,-55.39089504742375,pilot
REF,SILK,5312.5,-101.32714385977222,5.465354583500279e-05,0.8079528487086932,-58.77823368416756,pilot
REF,SILK,5343.75,-107.98472141520298,2.7636520119247728e-05,0.6958037222511958,-62.474461379357635,pilot
REF,SILK,5375.0,-109.16422979304342,4.84721801521206e-05,0.4819570394146916,-66.09406171803917,pilot
REF,SILK,5406.25,-112.60999254039037,4.196089448978626e-05,0.21266169150908412,-68.91334630517484,pilot
REF,SILK,5437.5,-121.77654954191468,7.884091327248599e-06,0.03249500441005577,-70.81897239487026,pilot
REF,SILK,5468.75,-142.28333415791326,8.73171655538034e-08,0.001006073535924142,-71.76923684112288,pilot
REF,SILK,5500.0,-131.34053994876692,1.18217610248265e-06,0.021761233841060632,-72.14226809684241,pilot
REF,SILK,5531.25,-136.1756372382011,4.166873949747964e-07,0.02867227147509826,-72.4486472573223,pilot
REF,SILK,5562.5,-135.0306101198819,5.982814323207737e-07,0.015593188797320669,-72.87457175604771,pilot
REF,SILK,5593.75,-132.70890467718098,1.0568480609876832e-06,0.0018712690048697696,-73.02393661558555,pilot
REF,SILK,5625.0,-137.9713232595406,2.8395814968711505e-07,0.0028906648518176492,-72.57877302444469,pilot
REF,SILK,5656.25,-136.3197526351959,3.610127344442074e-07,0.02024602109273176,-71.9698842400196,pilot
REF,SILK,5687.5,-137.00821403348283,2.837949413818867e-07,0.03778869782903335,-71.61316692185979,pilot
REF,SILK,5718.75,-138.78931471555796,1.7030394976301714e-07,0.04997645477608381,-71.17646830886564,pilot
REF,SILK,5750.0,-130.989567754761,8.85980846226717e-07,0.04997501236592738,-70.53871747478632,pilot
REF,SILK,5781.25,-129.8611181884986,1.0330614899602767e-06,0.036428032947982705,-70.07728630151716,pilot
REF,SILK,5812.5,-133.4034098568929,4.275363133680603e-07,0.02014423431105033,-69.78804632607748,pilot
REF,SILK,5843.75,-133.22765026744707,3.9310247572204055e-07,0.008851900274652097,-69.24761444624293,pilot
REF,SILK,5875.0,-147.2332584180521,1.3395137097691618e-08,0.0017833225158220129,-68.57763643631893,pilot
REF,SILK,5906.25,-138.6034526120123,8.982408776493773e-08,8.665289744280568e-05,-68.21228715399893,pilot
REF,SILK,5937.5,-137.71193491318098,1.0795415609914202e-07,0.003107096378135739,-68.1192349700667,pilot
REF,SILK,5968.75,-136.5457429783208,1.265421917153843e-07,0.00869734121773016,-67.64300288922152,pilot
REF,SILK,6000.0,-140.2772186718396,4.897112821560514e-08,0.015733690964895068,-67.25152615665525,pilot
REF,SILK,6031.25,-134.93789708913536,1.6138875742930092e-07,0.023509199792984634,-67.09153625686646,pilot
REF,SILK,6062.5,-132.27993343123512,2.7627310304208764e-07,0.029933829540204432,-66.76822587651274,pilot
REF,SILK,6093.75,-139.62579469695675,4.727498284327664e-08,0.030664382468412917,-66.44701488507012,pilot
REF,SILK,6125.0,-130.0217154588201,4.0890143582694956e-07,0.026784869102998436,-66.21280820337267,pilot
REF,SILK,6156.25,-126.39789831613007,9.245308983652964e-07,0.020265302652242783,-66.13201900632751,pilot
REF,SILK,6187.5,-130.03206636050027,4.2278549788771675e-07,0.014129925736395365,-66.36817356960462,pilot
REF,SILK,6218.75,-133.69070513192284,1.97221299766096e-07,0.007594568148833795,-66.71514968744292,pilot
REF,SILK,6250.0,-138.07293014194568,7.733902217241761e-08,0.0021304186630176367,-67.03182329916407,pilot
REF,SILK,6281.25,-139.87121781416278,5.682889347905488e-08,1.7831905492373832e-06,-67.49181620258489,pilot
REF,SILK,6312.5,-141.04247313310492,4.724317008726035e-08,0.0025748695547084532,-67.86076983943506,pilot
REF,SILK,6343.75,-146.88626336423596,1.3229828906419593e-08,0.011616120124768004,-68.1767120307833,pilot
REF,SILK,6375.0,-143.64651760031035,3.0005945067258145e-08,0.026553337268985917,-68.49349708793247,pilot
REF,SILK,6406.25,-138.72673958515793,1.0166842810439997e-07,0.04211411510724436,-68.87350706403117,pilot
REF,SILK,6437.5,-142.32759603863354,4.961451152689545e-08,0.05747381894431977,-69.35858962692575,pilot
REF,SILK,6468.75,-132.7297521265663,5.481349745468858e-07,0.0810164338779877,-70.1935336530761,pilot
REF,SILK,6500.0,-132.9935891659996,6.110967766677006e-07,0.10609408116354914,-70.92959548472349,pilot
REF,SILK,6531.25,-135.93859556876788,3.3015667812242745e-07,0.10691441452065303,-71.20070282011606,pilot
REF,SILK,6562.5,-134.1292272956574,5.450281550244256e-07,0.09356767538926991,-71.5683230607984,pilot
REF,SILK,6593.75,-145.1577498492386,4.7038462459060056e-08,0.07000931366236735,-71.9571874139449,pilot
REF,SILK,6625.0,-142.43459939298373,9.135760875474319e-08,0.03632315885907002,-72.11695301787229,pilot
REF,SILK,6656.25,-147.34823521842233,3.1213864109255214e-08,0.013317601991474857,-72.36661696072763,pilot
REF,SILK,6687.5,-149.96420564177902,1.681954020060026e-08,0.0017573623266833472,-72.29725322305613,pilot
REF,SILK,6718.75,-150.0893481549409,1.577739075709393e-08,0.0011269251279315926,-72.14460636194873,pilot
REF,SILK,6750.0,-142.17296977962403,8.524751636867449e-08,0.010686001896536663,-71.5546935182755,pilot
REF,SILK,6781.25,-138.13887103482418,1.7819252989275954e-07,0.025902373992146212,-70.72267236172087,pilot
REF,SILK,6812.5,-147.66816682476008,1.845838749379543e-08,0.04245127880257681,-70.40501080198456,pilot
REF,SILK,6843.75,-152.2798952087022,5.730616056245898e-09,0.05675880870085705,-69.93681472047908,pilot
REF,SILK,6875.0,-138.71643900775422,1.1864368737065287e-07,0.06244907594234675,-69.53379175508415,pilot
REF,SILK,6906.25,-133.5120716721379,3.485327541499762e-07,0.06065676855653395,-69.00941404272581,pilot
REF,SILK,6937.5,-134.02869919809672,2.856764422931509e-07,0.05234233132852287,-68.66234987393622,pilot
REF,SILK,6968.75,-138.02324752482218,1.1690230816378698e-07,0.04308342755010705,-68.7763847751021,pilot
REF,SILK,7000.0,-138.27568814465923,1.0763346214859784e-07,0.03225321264750569,-68.67006763431006,pilot
REF,SILK,7031.25,-136.02201346862833,1.6094537456728745e-07,0.02233492917027665,-68.16370485716538,pilot
REF,SILK,7062.5,-142.11382369994007,3.764466326162293e-08,0.014161366281824064,-67.9457642555024,pilot
REF,SILK,7093.75,-156.27684426739816,1.449518138202615e-09,0.006880123760217205,-67.9639871981169,pilot
REF,SILK,7125.0,-153.1386021471984,3.001045582220316e-09,0.0018611621796228329,-67.9862344550352,pilot
REF,SILK,7156.25,-147.51514873627167,1.1161824217498762e-08,5.218777074908886e-06,-68.06740691260578,pilot
REF,SILK,7187.5,-145.9916163608117,1.5518589499393777e-08,0.0032819405702762916,-67.97504520229214,pilot
REF,SILK,7218.75,-146.00012464021813,1.4833288234819427e-08,0.013157835242858872,-67.78740538779675,pilot
REF,SILK,7250.0,-140.42244827141405,5.316498573788624e-08,0.03014238113530316,-67.7536116775554,pilot
REF,SILK,7281.25,-142.15260082065515,3.75254646495319e-08,0.052487656329557285,-67.97076799460699,pilot
REF,SILK,7312.5,-136.8839346460739,1.3433938215937052e-07,0.08214964795509504,-68.24087450115191,pilot
REF,SILK,7343.75,-134.7394743169632,2.2903028799141886e-07,0.12114140532436081,-68.41330989787727,pilot
REF,SILK,7375.0,-139.4044767705572,8.271337434381271e-08,0.1556741414570865,-68.65514054462946,pilot
REF,SILK,7406.25,-146.59283760574195,1.734775584292331e-08,0.1831182544445811,-69.0601770061971,pilot
REF,SILK,7437.5,-142.46349049283612,4.942429953029997e-08,0.20104370174219668,-69.47780211146375,pilot
REF,SILK,7468.75,-142.72603955544912,5.197578880154202e-08,0.19117162493633405,-69.958956834988,pilot
REF,SILK,7500.0,-138.89294926432288,1.4002043520539752e-07,0.15681355052201118,-70.42976988510945,pilot
REF,SILK,7531.25,-137.79757967896293,1.943378791042294e-07,0.11653727780791344,-70.75806065572503,pilot
REF,SILK,7562.5,-139.43685429980673,1.4337383349570787e-07,0.08346292694531694,-71.07645966345191,pilot
REF,SILK,7593.75,-145.6366573127774,3.762628993415697e-08,0.04789667631385296,-71.4664776786643,pilot
REF,SILK,7625.0,-154.72031226327263,5.077137761625912e-09,0.014950277617893307,-71.85140812821386,pilot
REF,SILK,7656.25,-156.14426027065528,3.810621286959726e-09,0.0007907871412430068,-72.02912455164008,pilot
REF,SILK,7687.5,-160.25539719465868,1.3945008791727903e-09,0.0026887962398237947,-71.77449150777508,pilot
REF,SILK,7718.75,-148.79994871382274,1.8551635159565545e-08,0.017689663047441028,-71.55867705073301,pilot
REF,SILK,7750.0,-146.1262209892438,3.307976474352842e-08,0.043978070462534706,-71.39675150108496,pilot
REF,SILK,7781.25,-140.36189329595294,1.154993120026423e-07,0.07379057185412188,-71.06259365764926,pilot
REF,SILK,7812.5,-141.19875237605248,8.540300379470489e-08,0.08998973158398108,-70.58839022475206,pilot
REF,SILK,7843.75,-143.61795561752234,4.6499081955951426e-08,0.08526954843897964,-70.36730579238011,pilot
REF,SILK,7875.0,-138.7604393648853,1.4150459154405815e-07,0.08006322086084143,-70.34305107479751,pilot
REF,SILK,7906.25,-152.01531569133755,6.5794821612781895e-09,0.05587835860423951,-70.2721392181289,pilot
REF,SILK,7937.5,-141.20930963937622,7.826624636999221e-08,0.022490624680725366,-70.21996108505473,pilot
REF,SILK,7968.75,-138.57565195023327,1.4159650743388795e-07,0.01236229158811175,-70.16108375270602,pilot
REF,SILK,8000.0,-135.72514386106573,2.7297660006118717e-07,0.012586970739004767,-70.16130445313416,pilot
REF,NEG_LP,0.0,5.44188657051046e-08,0.9999999999994209,6.591026903620299e-06,1.0034926109549512e-06,pilot
REF,NEG_LP,31.25,3.627128171087029e-08,0.999999999999354,2.6237947430800733e-06,9.853453174264826e-07,pilot
REF,NEG_LP,62.5,4.420253381583293e-09,0.9999999999996831,1.283378601657144e-06,9.534928583203465e-07,pilot
REF,NEG_LP,93.75,-2.19078710677513e-08,0.9999999999998821,1.0933786529259735e-07,9.271638717035117e-07,pilot
REF,NEG_LP,125.0,-1.994477228146481e-08,0.9999999999999196,4.952161481100636e-07,9.291268070942212e-07,pilot
REF,NEG_LP,156.25,4.378064054942954e-09,0.9999999999999325,1.0499056916065405e-07,9.534495870277672e-07,pilot
REF,NEG_LP,187.5,-2.990553053240547e-09,0.9999999999999414,1.7691077804301949e-06,9.460809310287045e-07,pilot
REF,NEG_LP,218.75,-7.985068267073962e-09,0.9999999999999407,8.961725309206625e-07,9.410864188318301e-07,pilot
REF,NEG_LP,250.0,-2.897642902706285e-08,0.9999999999999302,1.3547817191963868e-07,9.200951040805299e-07,pilot
REF,NEG_LP,281.25,-3.220968306363126e-08,0.9999999999999049,1.522998291763891e-08,9.16861959708123e-07,pilot
REF,NEG_LP,312.5,-7.210892675663242e-09,0.9999999999998765,1.3810287312148707e-08,9.418608719809863e-07,pilot
REF,NEG_LP,343.75,-1.1869824826080193e-08,0.9999999999998828,5.60467376973767e-07,9.372019148067409e-07,pilot
REF,NEG_LP,375.0,-1.5939825800504335e-08,0.9999999999999051,1.5635683246272563e-07,9.331318153895185e-07,pilot
REF,NEG_LP,406.25,-1.4888849651906265e-08,0.9999999999999187,5.240574571494046e-07,9.341827324863471e-07,pilot
REF,NEG_LP,437.5,-4.0740521085511176e-09,0.9999999999999182,8.418462788726244e-07,9.449975324997669e-07,pilot
REF,NEG_LP,468.75,3.8001753916434895e-09,0.9999999999999069,9.219108461467093e-07,9.528718084243339e-07,pilot
REF,NEG_LP,500.0,-1.4119879499553124e-08,0.999999999999906,1.1800978850629396e-06,9.349517584029209e-07,pilot
REF,NEG_LP,531.25,-4.008514011399628e-08,0.999999999999909,1.1669238976716022e-07,9.089864850594757e-07,pilot
REF,NEG_LP,562.5,-5.746434624655747e-08,0.9999999999999074,2.0775500394876714e-07,8.916072855202142e-07,pilot
REF,NEG_LP,593.75,-3.4103163195295774e-08,0.9999999999998941,6.38054865053844e-08,9.149685262707246e-07,pilot
REF,NEG_LP,625.0,8.078153825666019e-09,0.9999999999998757,4.896071351009892e-07,9.571499209263726e-07,pilot
REF,NEG_LP,656.25,1.2951974769057312e-08,0.9999999999998509,1.2970472238237138e-06,9.620238516964128e-07,pilot
REF,NEG_LP,687.5,4.550638169613698e-09,0.999999999999815,1.9960268816980657e-06,9.536226712337541e-07,pilot
REF,NEG_LP,718.75,1.7271519569608153e-08,0.9999999999997818,1.7314004884911696e-06,9.6634369737992e-07,pilot
REF,NEG_LP,750.0,-3.80790737093632e-09,0.9999999999997552,2.495087025705761e-06,9.452643849955477e-07,pilot
REF,NEG_LP,781.25,-1.1354999320823103e-08,0.9999999999997181,1.0773969501229881e-06,9.377174547666791e-07,pilot
REF,NEG_LP,812.5,-2.9876986434761093e-10,0.9999999999996556,2.864409988847308e-06,9.487739566476997e-07,pilot
REF,NEG_LP,843.75,1.0562699181511051e-08,0.9999999999995496,4.788657732660623e-06,9.596358861906437e-07,pilot
REF,NEG_LP,875.0,2.4308949965077527e-08,0.999999999999425,2.3514241500765707e-06,9.733826758945333e-07,pilot
REF,NEG_LP,906.25,1.712141621377151e-08,0.9999999999993007,1.1221738876369576e-06,9.661956837543382e-07,pilot
REF,NEG_LP,937.5,2.2528271112808397e-09,0.9999999999992197,9.474612349090472e-07,9.513274460398377e-07,pilot
REF,NEG_LP,968.75,-1.1119004274860382e-09,0.9999999999991424,7.122392661308074e-06,9.479630538581519e-07,pilot
REF,NEG_LP,1000.0,-2.007567778581567e-09,0.9999999999991027,3.118332139956877e-06,9.470675583528796e-07,pilot
REF,NEG_LP,1031.25,-1.2679630389192316e-08,0.9999999999991093,2.2364102159874276e-06,9.363954672069673e-07,pilot
REF,NEG_LP,1062.5,-9.159042454669455e-09,0.9999999999991045,4.009462695327199e-06,9.399160755917525e-07,pilot
REF,NEG_LP,1093.75,-8.17238309166136e-09,0.9999999999991319,3.7764951530089763e-06,9.409026151635478e-07,pilot
REF,NEG_LP,1125.0,-2.7098214200359097e-08,0.9999999999991247,1.3802062757372968e-06,9.219768170821526e-07,pilot
REF,NEG_LP,1156.25,-3.096816351961193e-08,0.9999999999990832,6.433176710385259e-08,9.181070479605451e-07,pilot
REF,NEG_LP,1187.5,-8.526686646488287e-09,0.9999999999989725,1.021210816277709e-06,9.405490060014328e-07,pilot
REF,NEG_LP,1218.75,-1.8220350312856802e-09,0.9999999999988639,4.782998395900155e-06,9.472541277114719e-07,pilot
REF,NEG_LP,1250.0,-2.448716735853279e-10,0.9999999999987241,3.6107741001425517e-06,9.488318992151964e-07,pilot
REF,NEG_LP,1281.25,-1.3979701001478328e-08,0.9999999999985801,1.2716912549114014e-05,9.35097694868652e-07,pilot
REF,NEG_LP,1312.5,-1.0433860223031518e-08,0.9999999999985335,1.0841496689336107e-05,9.386437383502499e-07,pilot
REF,NEG_LP,1343.75,1.1891457567886917e-08,0.9999999999984981,4.383242929741219e-06,9.609692113387967e-07,pilot
REF,NEG_LP,1375.0,8.827594416153101e-09,0.9999999999985187,2.4261566749490686e-06,9.579052582135112e-07,pilot
REF,NEG_LP,1406.25,9.464098759781388e-09,0.9999999999987177,8.270425332497181e-07,9.585408974158252e-07,pilot
REF,NEG_LP,1437.5,9.343482609050423e-09,0.9999999999987914,4.154283161382501e-06,9.584199630635896e-07,pilot
REF,NEG_LP,1468.75,-8.766315267891686e-10,0.9999999999987969,4.347958178309327e-06,9.481998232006721e-07,pilot
REF,NEG_LP,1500.0,-1.2302545562093835e-08,0.9999999999987821,4.887704033095703e-06,9.367739752992364e-07,pilot
REF,NEG_LP,1531.25,-1.9000252098957052e-08,0.9999999999985205,5.341506628558366e-06,9.300774023341771e-07,pilot
REF,NEG_LP,1562.5,-2.913485930742349e-09,0.9999999999982868,7.63798057141768e-08,9.461651852654296e-07,pilot
REF,NEG_LP,1593.75,-2.0974971008237116e-09,0.9999999999983232,1.961072222844358e-06,9.469810148032655e-07,pilot
REF,NEG_LP,1625.0,-2.321479512882086e-09,0.9999999999983241,1.3076187652433168e-06,9.467570276184616e-07,pilot
REF,NEG_LP,1656.25,5.923296600466829e-09,0.9999999999981617,5.626146363094168e-06,9.550025087802198e-07,pilot
REF,NEG_LP,1687.5,1.3839753919946416e-08,0.9999999999980752,1.5234972598602252e-05,9.629193414126375e-07,pilot
REF,NEG_LP,1718.75,4.965807746400028e-08,0.999999999998088,7.609130059389668e-06,9.987376126392057e-07,pilot
REF,NEG_LP,1750.0,4.862669067125818e-08,0.9999999999978735,2.6365720045987813e-05,9.977071566534833e-07,pilot
REF,NEG_LP,1781.25,-1.533132359608424e-08,0.9999999999975029,3.724844212475147e-05,9.337507505186744e-07,pilot
REF,NEG_LP,1812.5,-3.8064335003422457e-08,0.9999999999972334,3.2679063161590877e-05,9.110189108453919e-07,pilot
REF,NEG_LP,1843.75,-5.583572716761637e-09,0.9999999999969418,3.616511824726808e-05,9.43500938063149e-07,pilot
REF,NEG_LP,1875.0,2.5118851957487493e-08,0.9999999999969458,1.4369879499515748e-05,9.742033444213978e-07,pilot
REF,NEG_LP,1906.25,4.739779032777422e-08,0.9999999999969593,3.426862041141577e-06,9.96482224791963e-07,pilot
REF,NEG_LP,1937.5,3.1079851815977126e-08,0.9999999999968147,3.33621759662476e-06,9.801649148039763e-07,pilot
REF,NEG_LP,1968.75,1.6617908057328084e-08,0.9999999999963719,1.4966787785389123e-06,9.657048951853609e-07,pilot
REF,NEG_LP,2000.0,1.1042361448742905e-08,0.9999999999959225,5.357807836272903e-06,9.601312996738137e-07,pilot
REF,NEG_LP,2031.25,-2.866384034908749e-08,0.9999999999959033,4.508704611985079e-06,9.204251817304586e-07,pilot
REF,NEG_LP,2062.5,-6.113856892505595e-08,0.9999999999961136,6.787523993902095e-06,8.879495391509627e-07,pilot
REF,NEG_LP,2093.75,-4.961496073796942e-08,0.9999999999957904,9.163839511433585e-07,8.994745508823543e-07,pilot
REF,NEG_LP,2125.0,-1.0673580459578336e-08,0.999999999994924,8.324247469849909e-06,9.384196942697076e-07,pilot
REF,NEG_LP,2156.25,3.072131679384306e-08,0.9999999999942317,1.082441520193074e-05,9.79817598844685e-07,pilot
REF,NEG_LP,2187.5,2.2019736855641634e-08,0.9999999999939787,2.6209214026345894e-05,9.711171153459527e-07,pilot
REF,NEG_LP,2218.75,1.1027456803438792e-08,0.9999999999943532,2.590720292090063e-05,9.601232108968125e-07,pilot
REF,NEG_LP,2250.0,2.432425577058381e-08,0.9999999999946225,1.5900169806808646e-05,9.734188381664238e-07,pilot
REF,NEG_LP,2281.25,2.5743589610544904e-09,0.9999999999941727,1.4832615577481686e-06,9.516708960134412e-07,pilot
REF,NEG_LP,2312.5,-1.4922813253799379e-09,0.9999999999937772,1.4563030976382723e-05,9.476059731184896e-07,pilot
REF,NEG_LP,2343.75,3.967148105652348e-08,0.9999999999932665,1.346559620520399e-05,9.887719520813673e-07,pilot
REF,NEG_LP,2375.0,2.60421280010705e-08,0.9999999999920255,1.179237387819883e-05,9.751479897523547e-07,pilot
REF,NEG_LP,2406.25,1.641343784767371e-08,0.9999999999912025,2.9343813144980433e-05,9.65522875523537e-07,pilot
REF,NEG_LP,2437.5,-2.3421836235945434e-09,0.9999999999906692,1.618521326209982e-05,9.467695696587575e-07,pilot
REF,NEG_LP,2468.75,-2.0910322494863794e-09,0.9999999999903477,1.654101329962792e-05,9.470221173239097e-07,pilot
REF,NEG_LP,2500.0,-1.3879553665261228e-08,0.9999999999901034,2.205760431014358e-05,9.352346544119251e-07,pilot
REF,NEG_LP,2531.25,-1.964775942108947e-08,0.9999999999899714,0.0001227336694083081,9.294670236802771e-07,pilot
REF,NEG_LP,2562.5,-7.625862071424866e-09,0.9999999999894503,0.000108677962231732,9.414911845905848e-07,pilot
REF,NEG_LP,2593.75,2.1026581809169463e-09,0.9999999999886312,0.00015569204933909978,9.512232620518265e-07,pilot
REF,NEG_LP,2625.0,3.216799506796424e-08,0.9999999999883511,0.00013468971996096564,9.812898160402692e-07,pilot
REF,NEG_LP,2656.25,3.849212207081982e-08,0.9999999999887395,4.0099388754704884e-05,9.876122550269498e-07,pilot
REF,NEG_LP,2687.5,3.85720532455129e-08,0.9999999999890201,3.842274254892913e-05,9.876909672741793e-07,pilot
REF,NEG_LP,2718.75,-5.180751918528459e-09,0.9999999999886753,5.1084681200306565e-05,9.439396597130508e-07,pilot
REF,NEG_LP,2750.0,2.092496098076862e-09,0.999999999988091,5.056329049262873e-05,9.512154452150947e-07,pilot
REF,NEG_LP,2781.25,-5.536805164872204e-08,0.9999999999881543,0.00012248037524753292,8.937546244088411e-07,pilot
REF,NEG_LP,2812.5,-3.691172066539506e-08,0.999999999988381,8.531474506271014e-05,9.122099707358694e-07,pilot
REF,NEG_LP,2843.75,1.238685187331232e-08,0.9999999999883626,4.9303598815351775e-05,9.615086222527355e-07,pilot
REF,NEG_LP,2875.0,5.3917789584678814e-08,0.9999999999881491,5.2511411150719345e-05,1.0030404861267033e-06,pilot
REF,NEG_LP,2906.25,2.149766539579697e-08,0.9999999999871768,0.00017158446164414884,9.706245852025165e-07,pilot
REF,NEG_LP,2937.5,-5.8764844062617255e-08,0.9999999999858611,0.0002329504120967899,8.903677893940267e-07,pilot
REF,NEG_LP,2968.75,-9.424772288358203e-08,0.9999999999858091,0.0004058171558910007,8.548851369174523e-07,pilot
REF,NEG_LP,3000.0,-2.2849900392722578e-08,0.9999999999857393,0.00012040612897051034,9.262832634782043e-07,pilot
REF,NEG_LP,3031.25,2.2390970168156043e-09,0.9999999999842983,9.610769907813642e-05,9.513785177756062e-07,pilot
REF,NEG_LP,3062.5,-2.056175092465917e-08,0.9999999999832552,0.00014097662937820438,9.285822003809816e-07,pilot
REF,NEG_LP,3093.75,-6.4028322777179e-08,0.999999999982716,0.00041262434445622586,8.851179705240238e-07,pilot
REF,NEG_LP,3125.0,1.6369695953873404e-08,0.9999999999811323,0.0003779040372652112,9.655228668445919e-07,pilot
REF,NEG_LP,3156.25,-1.4746310480176928e-08,0.9999999999788733,0.0002135872011666853,9.344166715291132e-07,pilot
REF,NEG_LP,3187.5,-7.366888872327417e-08,0.9999999999771132,0.00016759904727358548,8.755017375498525e-07,pilot
REF,NEG_LP,3218.75,-2.6746861486831362e-08,0.9999999999754119,8.7111156774625e-05,9.224311540855781e-07,pilot
REF,NEG_LP,3250.0,3.983490177422247e-08,0.99999999997415,9.40655706480253e-06,9.890183955526042e-07,pilot
REF,NEG_LP,3281.25,4.2829798143606133e-08,0.9999999999738381,2.6556352421172805e-05,9.920146470972875e-07,pilot
REF,NEG_LP,3312.5,-4.909245532648809e-08,0.9999999999733761,5.303822396358852e-05,9.000943982699011e-07,pilot
REF,NEG_LP,3343.75,1.7593282857417348e-08,0.9999999999731044,2.3625441823231865e-05,9.667813177657928e-07,pilot
REF,NEG_LP,3375.0,4.011379684819574e-08,0.9999999999731778,2.9919425368576167e-05,9.893015133533532e-07,pilot
REF,NEG_LP,3406.25,3.1502724837776795e-08,0.9999999999717197,4.216798178288838e-06,9.806967731045186e-07,pilot
REF,NEG_LP,3437.5,2.4042487000261175e-08,0.9999999999722617,0.000249989209158531,9.732341829985476e-07,pilot
REF,NEG_LP,3468.75,-4.152642202362295e-08,0.9999999999734531,0.00041505252379357504,9.076601001586898e-07,pilot
REF,NEG_LP,3500.0,-4.3323234114278594e-08,0.9999999999742946,0.0001922645900650253,9.058596326873028e-07,pilot
REF,NEG_LP,3531.25,-1.244588636302531e-07,0.9999999999741336,0.00015060656767089726,8.247247018998775e-07,pilot
REF,NEG_LP,3562.5,-6.799055632350194e-08,0.9999999999722005,0.0002131194415851098,8.812014044957719e-07,pilot
REF,NEG_LP,3593.75,1.8465277895893092e-08,0.9999999999711483,0.00015128358432353327,9.676618073706368e-07,pilot
REF,NEG_LP,3625.0,-6.4145452671941274e-09,0.9999999999711289,0.00011771234074646776,9.42782070666046e-07,pilot
REF,NEG_LP,3656.25,5.902125755280529e-09,0.9999999999715752,0.00012895710425062055,9.550968026278183e-07,pilot
REF,NEG_LP,3687.5,9.015823380698928e-08,0.9999999999721337,6.818510972203702e-05,1.0393504848378118e-06,pilot
REF,NEG_LP,3718.75,-1.5111598518473718e-07,0.9999999999716817,0.00024163504621265434,7.980782299932573e-07,pilot
REF,NEG_LP,3750.0,-3.7684723637248606e-08,0.9999999999694992,0.00020538356653153258,9.115189694985393e-07,pilot
REF,NEG_LP,3781.25,-3.869596563949597e-08,0.9999999999684267,0.00014077591502688114,9.105123854135519e-07,pilot
REF,NEG_LP,3812.5,5.57865753607847e-09,0.9999999999701796,4.2550735580621795e-05,9.547793933476677e-07,pilot
REF,NEG_LP,3843.75,-5.860443397343714e-08,0.999999999970402,0.0003494619635538813,8.9059533880667e-07,pilot
REF,NEG_LP,3875.0,4.971413574796529e-08,0.9999999999677516,0.0012901740033597069,9.989254182631062e-07,pilot
REF,NEG_LP,3906.25,-1.3386793901008672e-08,0.9999999999661333,0.004307422547601832,9.358315170541558e-07,pilot
REF,NEG_LP,3937.5,2.3364676655110062e-08,0.9999999999660821,0.00373250773565636,9.725832100307724e-07,pilot
REF,NEG_LP,3968.75,6.305973926861485e-08,0.9999999999675241,0.0023611804572051262,1.0122720101086558e-06,pilot
REF,NEG_LP,4000.0,8.808809317123714e-09,0.9999999999675618,0.0017168682080924986,9.580209148027005e-07,pilot
REF,NEG_LP,4031.25,-3.5830204196756146e-09,0.9999999999667765,0.002361179203001889,9.456324986035451e-07,pilot
REF,NEG_LP,4062.5,-5.375896711330346e-08,0.999999999964449,0.0037325069216941234,8.954666592174882e-07,pilot
REF,NEG_LP,4093.75,5.3025021007604566e-08,0.9999999999600842,0.0043074238311343735,1.0022696029279144e-06,pilot
REF,NEG_LP,4125.0,-6.80124716296784e-08,0.9999999999594659,0.0012901727817030196,8.812347943275263e-07,pilot
REF,NEG_LP,4156.25,-3.0702166323275973e-08,0.9999999999619162,0.0003494618451441702,9.185344590185491e-07,pilot
REF,NEG_LP,4187.5,-6.775628067829187e-08,0.9999999999628694,4.2550862322438035e-05,8.81476204980839e-07,pilot
REF,NEG_LP,4218.75,3.589914774307339e-08,0.9999999999642931,0.00014077582440227092,9.851254488853327e-07,pilot
REF,NEG_LP,4250.0,-5.825352756644532e-09,0.9999999999664954,0.00020538361969758015,9.433913866294372e-07,pilot
REF,NEG_LP,4281.25,6.63658395303146e-08,0.9999999999638848,0.0002416355493565803,1.0155939159109368e-06,pilot
REF,NEG_LP,4312.5,4.062738608256534e-08,0.9999999999602576,6.818511320720483e-05,9.898712147469213e-07,pilot
REF,NEG_LP,4343.75,3.7064556768057506e-08,0.99999999996116,0.00012895712481339914,9.863044662368189e-07,pilot
REF,NEG_LP,4375.0,1.224350856812552e-07,0.9999999999618637,0.00011771251616506083,1.0716719380759313e-06,pilot
REF,NEG_LP,4406.25,2.5420208147218537e-08,0.9999999999591969,0.00015128372780939123,9.74668642927212e-07,pilot
REF,NEG_LP,4437.5,-6.630701413282877e-08,0.9999999999566683,0.00021311964061490306,8.82952401024078e-07,pilot
REF,NEG_LP,4468.75,-1.3941486632572333e-08,0.9999999999574226,0.0001506067833516438,9.353146550013219e-07,pilot
REF,NEG_LP,4500.0,-3.21176142399782e-07,0.999999999965263,0.0001922644206078982,6.280459493103286e-07,pilot
REF,NEG_LP,4531.25,-1.8315449296520425e-07,0.9999999999704581,0.00041505293946514425,7.6604503529175e-07,pilot
REF,NEG_LP,4562.5,-2.1021635259059922e-07,0.9999999999666613,0.00024998899595642874,7.389996642148144e-07,pilot
REF,NEG_LP,4593.75,-1.3940398586138576e-07,0.9999999999601575,4.216763921682177e-06,8.09840277467538e-07,pilot
REF,NEG_LP,4625.0,-1.9323636423184421e-07,0.9999999999497269,2.991955693762572e-05,7.560531984997616e-07,pilot
REF,NEG_LP,4656.25,-2.718367280138585e-07,0.9999999999314945,2.362532404627897e-05,6.77532017209445e-07,pilot
REF,NEG_LP,4687.5,-1.3959487834376566e-07,0.9999999999176263,5.303839525293091e-05,8.0983409612963e-07,pilot
REF,NEG_LP,4718.75,1.474632203833712e-09,0.9999999999107521,2.655632022705413e-05,9.509334614607151e-07,pilot
REF,NEG_LP,4750.0,4.059062591971219e-08,0.9999999999015974,9.406619454391984e-06,9.900892115286451e-07,pilot
REF,NEG_LP,4781.25,-1.7288970614411292e-07,0.9999999998944672,8.711139754831409e-05,7.766398456669222e-07,pilot
REF,NEG_LP,4812.5,2.211406055739513e-07,0.9999999998862753,0.00016759846293826317,1.170705735782592e-06,pilot
REF,NEG_LP,4843.75,-4.105924799265029e-07,0.9999999998758655,0.00021358726723323887,5.390178580356938e-07,pilot
REF,NEG_LP,4875.0,5.920972360245665e-08,0.9999999998693699,0.00037790397285229803,1.0088482713470223e-06,pilot
REF,NEG_LP,4906.25,-3.0378180736974727e-07,0.9999999998644027,0.000412623354283624,6.458783143146176e-07,pilot
REF,NEG_LP,4937.5,4.873299728591149e-07,0.9999999998557053,0.0001409761602722473,1.4370278681466242e-06,pilot
REF,NEG_LP,4968.75,2.809050608834651e-07,0.9999999998389053,9.610760658968237e-05,1.2306759155043775e-06,pilot
REF,NEG_LP,5000.0,-1.374119495094698e-07,0.9999999998269044,0.00012040636821877384,8.124110245424768e-07,pilot
REF,NEG_LP,5031.25,1.70590454420125e-08,0.9999999998129996,0.0004058153516876162,9.669424076688898e-07,pilot
REF,NEG_LP,5062.5,2.914872912112265e-07,0.9999999998034617,0.0002329500022333226,1.241412076790034e-06,pilot
REF,NEG_LP,5093.75,-2.2874084839527052e-07,0.9999999998029109,0.000171584892415939,7.211863286636242e-07,pilot
REF,NEG_LP,5125.0,-3.0834344385604635e-07,0.9999999997946902,5.2511435457806315e-05,6.416194340501057e-07,pilot
REF,NEG_LP,5156.25,2.9150569829329035e-07,0.9999999997855256,4.930354007032109e-05,1.2415083793249526e-06,pilot
REF,NEG_LP,5187.5,-4.2480786805480525e-07,0.9999999997663566,8.53144400565243e-05,5.252780612231714e-07,pilot
REF,NEG_LP,5218.75,7.119229737930384e-07,0.9999999997462721,0.00012248033563715176,1.662096129968103e-06,pilot
REF,NEG_LP,5250.0,-8.606816123770001e-07,0.999999999721893,5.056330693344456e-05,8.959742003355964e-08,pilot
REF,NEG_LP,5281.25,1.9254227561097153e-07,0.9999999997066266,5.108458267659176e-05,1.1428876103640482e-06,pilot
REF,NEG_LP,5312.5,9.00737529358309e-08,0.9999999997023757,3.842290509237633e-05,1.0404375487510341e-06,pilot
REF,NEG_LP,5343.75,-1.835656147026987e-07,0.9999999996914459,4.0099642206687104e-05,7.668456468143591e-07,pilot
REF,NEG_LP,5375.0,2.877018354394113e-07,0.9999999996677743,0.0001346903038172184,1.2382159020683794e-06,pilot
REF,NEG_LP,5406.25,-7.504596089355804e-08,0.9999999996311246,0.00015569214458524495,8.756272736741395e-07,pilot
REF,NEG_LP,5437.5,-2.7903789663671126e-07,0.9999999996147407,0.00010867812138766636,6.717064927450559e-07,pilot
REF,NEG_LP,5468.75,7.397405787382497e-07,0.9999999995969214,0.0001227336195232229,1.6905623570124134e-06,pilot
REF,NEG_LP,5500.0,-4.541209703077254e-07,0.9999999995595998,2.2057592212171885e-05,4.96862894424702e-07,pilot
REF,NEG_LP,5531.25,3.0804345475404046e-07,0.9999999995189379,1.654090620851315e-05,1.2592039105327957e-06,pilot
REF,NEG_LP,5562.5,-6.341370495925815e-07,0.9999999994988847,1.6185157936629427e-05,3.1711049617728787e-07,pilot
REF,NEG_LP,5593.75,1.1301349357487354e-06,0.9999999994702372,2.9343954857418743e-05,2.0815068970934394e-06,pilot
REF,NEG_LP,5625.0,2.084092325899481e-07,0.99999999939608,1.1792395702546029e-05,1.160103255145814e-06,pilot
REF,NEG_LP,5656.25,-7.709035432374291e-07,0.9999999993196163,1.3465779237909315e-05,1.811225567098425e-07,pilot
REF,NEG_LP,5687.5,2.700590773456387e-07,0.9999999992922178,1.4562840390257967e-05,1.2222041651329417e-06,pilot
REF,NEG_LP,5718.75,-8.881533827600738e-07,0.9999999992626847,1.4832435697610506e-06,6.411996789295792e-08,pilot
REF,NEG_LP,5750.0,-6.817498452865826e-07,0.9999999991967405,1.590012557012012e-05,2.708098955730633e-07,pilot
REF,NEG_LP,5781.25,2.3017007336174747e-06,0.9999999991449202,2.5907223206275424e-05,3.2544855260765897e-06,pilot
REF,NEG_LP,5812.5,-1.2098657704346962e-06,0.9999999991082318,2.620971512480232e-05,-2.5692164044147883e-07,pilot
REF,NEG_LP,5843.75,1.9052064287079957e-06,0.9999999990050243,1.0824939271951751e-05,2.8585987815690983e-06,pilot
REF,NEG_LP,5875.0,-1.346816642941784e-06,0.9999999988586398,8.32422318479662e-06,-3.927885501848858e-07,pilot
REF,NEG_LP,5906.25,3.312003699901559e-08,0.9999999987774735,9.165245292300177e-07,9.87500633183751e-07,pilot
REF,NEG_LP,5937.5,1.0248735512429662e-07,0.9999999987451079,6.787688645926528e-06,1.0570085112903287e-06,pilot
REF,NEG_LP,5968.75,5.663249045793767e-07,0.9999999985600996,4.508457498829079e-06,1.5216495427043211e-06,pilot
REF,NEG_LP,6000.0,-1.690897553651323e-07,0.9999999983638613,5.357779883864753e-06,7.870871341914806e-07,pilot
REF,NEG_LP,6031.25,-4.332922258787576e-08,0.9999999982391644,1.4967500782421015e-06,9.133892185813666e-07,pilot
REF,NEG_LP,6062.5,-1.982781643133833e-06,0.9999999980008033,3.3363087929633656e-06,-1.02502801307869e-06,pilot
REF,NEG_LP,6093.75,-1.103268264234736e-06,0.999999997635769,3.4267487947943923e-06,-1.439293097738359e-07,pilot
REF,NEG_LP,6125.0,2.584304571398276e-06,0.999999997185808,1.4370194385569544e-05,3.5455976811092333e-06,pilot
REF,NEG_LP,6156.25,2.0904263576046093e-06,0.9999999967571243,3.6166021969784504e-05,3.0535812170388113e-06,pilot
REF,NEG_LP,6187.5,-2.9545346427561572e-06,0.9999999965215648,3.267817688546876e-05,-1.99035676159225e-06,pilot
REF,NEG_LP,6218.75,-2.3950936439941254e-06,0.9999999962500489,3.7247687004135164e-05,-1.4297365834364042e-06,pilot
REF,NEG_LP,6250.0,7.603012775564496e-06,0.9999999957486136,2.6365440212287967e-05,8.570547543283477e-06,pilot
REF,NEG_LP,6281.25,-6.698704282244027e-06,0.9999999952998314,7.609138108674989e-06,-5.7292204802181354e-06,pilot
REF,NEG_LP,6312.5,6.687965248416718e-07,0.999999994771033,1.5235743947977297e-05,1.6405768688998314e-06,pilot
REF,NEG_LP,6343.75,3.3572963111458136e-06,0.9999999940511347,5.625785370444689e-06,4.332203134836673e-06,pilot
REF,NEG_LP,6375.0,1.1329027982276928e-06,0.9999999928905389,1.307575126255432e-06,2.1128500260864824e-06,pilot
REF,NEG_LP,6406.25,-7.070314393648304e-06,0.9999999912715658,1.9610537116989564e-06,-6.083336056327726e-06,pilot
REF,NEG_LP,6437.5,4.49664636245932e-07,0.999999989666049,7.636772877546035e-08,1.443615644941384e-06,pilot
REF,NEG_LP,6468.75,2.629151603222436e-05,0.9999999889906281,5.3422939232177855e-06,2.728840035685945e-05,pilot
REF,NEG_LP,6500.0,-3.169047003775517e-05,0.9999999874468475,4.887849638708695e-06,-3.068688115861653e-05,pilot
REF,NEG_LP,6531.25,3.732296787564465e-06,0.9999999825035543,4.346895071049217e-06,4.757354115290408e-06,pilot
REF,NEG_LP,6562.5,-1.5182187959316702e-05,0.9999999758233358,4.155163561117722e-06,-1.4128118810236808e-05,pilot
REF,NEG_LP,6593.75,2.8567474027757137e-05,0.9999999684328821,8.272409198283634e-07,2.965363950941745e-05,pilot
REF,NEG_LP,6625.0,1.9416906965967036e-05,0.999999956883965,2.4255686448189494e-06,2.0553228759682636e-05,pilot
REF,NEG_LP,6656.25,-9.464673085562205e-05,0.9999999391335891,4.386531376012086e-06,-9.343332015372224e-05,pilot
REF,NEG_LP,6687.5,9.664444171911002e-05,0.9999999055276246,1.0841770729074983e-05,9.800380128070062e-05,pilot
REF,NEG_LP,6718.75,2.6027164908716728e-05,0.9999998607257069,1.2718883917096665e-05,2.758109675046952e-05,pilot
REF,NEG_LP,6750.0,-0.00010686050765590946,0.9999997848446123,3.6093974476947397e-06,-0.00010497702834925829,pilot
REF,NEG_LP,6781.25,-1.1891208641436715e-05,0.9999996124601107,4.7844600589364375e-06,-9.259072730706893e-06,pilot
REF,NEG_LP,6812.5,6.456129891519824e-05,0.9999992621290531,1.0208212182371342e-06,6.871490413485441e-05,pilot
REF,NEG_LP,6843.75,9.824561234278086e-05,0.9999984067288351,6.407933542728818e-08,0.00010611417783446752,pilot
REF,NEG_LP,6875.0,-0.0003658640590225724,0.999996326151306,1.3767703104222362e-06,-0.0003489596363321401,pilot
REF,NEG_LP,6906.25,-0.00046683336368208016,0.9999881919724589,3.7890565493661487e-06,-0.000414602377649349,pilot
REF,NEG_LP,6937.5,-0.008777852670902158,0.9999109755379078,4.002288308787176e-06,-0.008390258062550513,pilot
REF,NEG_LP,6968.75,-0.19325964711971869,0.9972793155411638,2.1590065552231154e-06,-0.18142681285230947,pilot
REF,NEG_LP,7000.0,-1.1404039112623452,0.9760783416924964,2.441382257494581e-06,-1.0352497249167567,pilot
REF,NEG_LP,7031.25,-3.6311763383060085,0.9214383285835537,6.797358579419954e-06,-3.2758381233408995,pilot
REF,NEG_LP,7062.5,-7.6165036850247905,0.8888417403388381,1.7813262791700638e-06,-7.104747146375104,pilot
REF,NEG_LP,7093.75,-11.819877733883494,0.8855386775959224,1.5098643196239588e-06,-11.291952130639507,pilot
REF,NEG_LP,7125.0,-15.95244324365516,0.8809385396056766,1.8718341147303134e-06,-15.40189839526292,pilot
REF,NEG_LP,7156.25,-20.04788029700414,0.8866171995160709,2.6491332457379347e-06,-19.525240867311936,pilot
REF,NEG_LP,7187.5,-24.163987706787555,0.8832193327803374,3.877857700559671e-06,-23.624672425289578,pilot
REF,NEG_LP,7218.75,-28.275601182932355,0.8794340596164383,8.800029580446137e-07,-27.717633047937863,pilot
REF,NEG_LP,7250.0,-32.53902595581867,0.8752197460154628,1.8247527178718324e-06,-31.960196079831316,pilot
REF,NEG_LP,7281.25,-36.805346278484016,0.8773700554390736,1.8863752386659917e-06,-36.23717340831613,pilot
REF,NEG_LP,7312.5,-40.96253042127276,0.8756638966423064,8.297914216410704e-07,-40.38590391466769,pilot
REF,NEG_LP,7343.75,-45.06943103269211,0.8630378260230104,1.4255448736264147e-06,-44.42972839156159,pilot
REF,NEG_LP,7375.0,-49.3060008640866,0.8330085195909748,6.396554354565041e-07,-48.51249434675945,pilot
REF,NEG_LP,7406.25,-53.51544971203235,0.7809338275446425,7.235086253070954e-08,-52.441591117742405,pilot
REF,NEG_LP,7437.5,-57.57772446777125,0.678926637073079,1.08916841088306e-07,-55.895952000301975,pilot
REF,NEG_LP,7468.75,-61.801185762995196,0.5036243246917166,2.73518670210649e-07,-58.82225179445108,pilot
REF,NEG_LP,7500.0,-65.84097361525001,0.30501400780470345,2.92310283425503e-07,-60.68417051448569,pilot
REF,NEG_LP,7531.25,-69.90829856929504,0.1477753998654723,5.4946895835539814e-08,-61.60431905202387,pilot
REF,NEG_LP,7562.5,-74.15460778842639,0.061140093683470315,2.5509423958917205e-08,-62.017867837849096,pilot
REF,NEG_LP,7593.75,-77.47843724112451,0.029928012285030788,2.7837949630803307e-08,-62.23921502667328,pilot
REF,NEG_LP,7625.0,-79.67686557367684,0.018938134207471594,1.7714984216734848e-08,-62.45023652369955,pilot
REF,NEG_LP,7656.25,-79.94610014536764,0.01834655172779115,1.1626352968269366e-08,-62.58164369344787,pilot
REF,NEG_LP,7687.5,-80.06527686322698,0.01730295236155127,3.406089284408694e-08,-62.44647803500163,pilot
REF,NEG_LP,7718.75,-79.75379417476589,0.01870562528994203,4.240847889257689e-08,-62.47351552902809,pilot
REF,NEG_LP,7750.0,-80.35555924158261,0.017049962790293218,7.996236748410592e-09,-62.67279264779774,pilot
REF,NEG_LP,7781.25,-79.74781222468656,0.01986535912259635,1.3572476188079858e-08,-62.7287754812594,pilot
REF,NEG_LP,7812.5,-80.00326497180137,0.018210674291894276,4.992701568658428e-08,-62.606524291128125,pilot
REF,NEG_LP,7843.75,-79.91807422250506,0.01860147853416896,7.963669529382516e-09,-62.6135479272855,pilot
REF,NEG_LP,7875.0,-79.99639011929085,0.019007198701462426,1.4891372408909617e-08,-62.78557031880902,pilot
REF,NEG_LP,7906.25,-79.97601187474729,0.019088617778139964,1.5934686737862097e-07,-62.78375574494021,pilot
REF,NEG_LP,7937.5,-80.04659576725962,0.018501604051468706,5.878882384116044e-06,-62.71868864303065,pilot
REF,NEG_LP,7968.75,-80.01824350463164,0.01854216057546443,3.374041785279016e-05,-62.699845933112215,pilot
REF,NEG_LP,8000.0,-79.85377217019979,0.019382855225846107,2.4588367240140457e-05,-62.7279487405847,pilot
REF,NEG_CODEC,0.0,-1.4053760998077311,0.8456446452859951,2.6686885713711212e-06,-0.6775410830531139,pilot
REF,NEG_CODEC,31.25,-0.669458067054495,0.9256297584569326,1.5267512894770987e-06,-0.3341171029926648,pilot
REF,NEG_CODEC,62.5,-0.02174219198476185,0.9964638264339734,1.393831835661873e-06,-0.006643519020176678,pilot
REF,NEG_CODEC,93.75,0.0005326575538239554,0.9994130602316398,1.3802734945667598e-07,0.0027965018277427344,pilot
REF,NEG_CODEC,125.0,0.0019290626449928324,0.9995817375613721,4.67627053243435e-07,0.0034599822131592688,pilot
REF,NEG_CODEC,156.25,0.0022476816239765988,0.9996247521586713,1.1113839314527791e-07,0.003591717022377982,pilot
REF,NEG_CODEC,187.5,0.004950769040003758,0.9996636038093591,1.769389310210623e-06,0.006126013803893006,pilot
REF,NEG_CODEC,218.75,0.008072936116787544,0.9996380840586657,8.4860983240202e-07,0.009359050460524591,pilot
REF,NEG_CODEC,250.0,0.008082454186031174,0.9995747179659491,1.1021250406213607e-07,0.009643872333226505,pilot
REF,NEG_CODEC,281.25,0.005390758102573792,0.9994629531874695,2.3400423307583825e-08,0.00743779817991765,pilot
REF,NEG_CODEC,312.5,0.0020866401146024376,0.9993170008658898,2.501217968461691e-08,0.004767929978845355,pilot
REF,NEG_CODEC,343.75,0.0001359113903181007,0.9993159319505331,5.907889578186396e-07,0.002821846670269141,pilot
REF,NEG_CODEC,375.0,-0.000286936030438455,0.9994402113426967,1.8078663803063618e-07,0.0018589248189065022,pilot
REF,NEG_CODEC,406.25,-0.0025476416366903534,0.9995483906544875,4.5723662438558064e-07,-0.0008718352755579898,pilot
REF,NEG_CODEC,437.5,-0.0021000690522088687,0.9995594206406743,7.70096262443676e-07,-0.00047218669106678646,pilot
REF,NEG_CODEC,468.75,-0.0015945559705880324,0.9995312230061467,9.02067922760176e-07,0.00015584286691151512,pilot
REF,NEG_CODEC,500.0,-0.002090901156570113,0.999552975340432,1.1421979618839885e-06,-0.00043501478389642786,pilot
REF,NEG_CODEC,531.25,-0.00026644637025702165,0.9995779126465024,1.2099071058581421e-07,0.0012810915747507139,pilot
REF,NEG_CODEC,562.5,0.003472348129937136,0.9995734375101798,2.1122487471024912e-07,0.005039329595421024,pilot
REF,NEG_CODEC,593.75,0.003282631077540589,0.9995654778832497,6.904199979379878e-08,0.004884195653056139,pilot
REF,NEG_CODEC,625.0,-0.0011961881524018964,0.9995683891827601,5.39851524305847e-07,0.00039272733208988754,pilot
REF,NEG_CODEC,656.25,-0.0012571815740219485,0.9995392998284326,1.243003092872139e-06,0.0004581237606706687,pilot
REF,NEG_CODEC,687.5,0.0021970171150995648,0.9994778502997629,1.8874289714574417e-06,0.004179325574037688,pilot
REF,NEG_CODEC,718.75,0.0007631769778078533,0.9994354475972205,1.6450211563503354e-06,0.002929738147997919,pilot
REF,NEG_CODEC,750.0,-0.0033976270540733576,0.9993837105336824,2.469862293460544e-06,-0.0010062419310201752,pilot
REF,NEG_CODEC,781.25,-0.0054559689243539305,0.9993493531049279,1.06014300597593e-06,-0.0029152768028488847,pilot
REF,NEG_CODEC,812.5,-0.006963433552497872,0.9993260612619731,2.889047121613263e-06,-0.004321519203547725,pilot
REF,NEG_CODEC,843.75,0.0014699382912787174,0.9992766012473349,5.034107602177247e-06,0.004326804935044056,pilot
REF,NEG_CODEC,875.0,0.0062234810722922385,0.9991681758041792,2.4645316565547383e-06,0.00955159988421688,pilot
REF,NEG_CODEC,906.25,-0.0008905353164711455,0.9990379864131513,1.1081347926749623e-06,0.0030034964155010897,pilot
REF,NEG_CODEC,937.5,-0.008893296819484309,0.9989488351432694,9.318743011588088e-07,-0.004611695918664067,pilot
REF,NEG_CODEC,968.75,-0.013129249088349908,0.9988825135063303,6.924688764139613e-06,-0.008559304319228477,pilot
REF,NEG_CODEC,1000.0,-0.006022066625547555,0.9989212848074879,2.9823045410471036e-06,-0.0016206885811990868,pilot
REF,NEG_CODEC,1031.25,0.0012103654858587555,0.9990091840592149,2.2240876637221014e-06,0.005229606507842896,pilot
REF,NEG_CODEC,1062.5,-0.0019314108435323214,0.9990515209710732,3.970795583173999e-06,0.0019037848473240063,pilot
REF,NEG_CODEC,1093.75,-0.00407482893649685,0.9991270756785343,3.6380013505887245e-06,-0.0005680622719837362,pilot
REF,NEG_CODEC,1125.0,-0.005566501815078396,0.9991430399374202,1.2376576678585144e-06,-0.0021291270659798364,pilot
REF,NEG_CODEC,1156.25,-0.006238206738555349,0.999133485040551,8.77237260565906e-08,-0.002759299809765962,pilot
REF,NEG_CODEC,1187.5,5.166217998807657e-05,0.9990915168678185,1.0109727704153573e-06,0.003712996471246966,pilot
REF,NEG_CODEC,1218.75,0.0010187586191390593,0.9990468031681682,4.529306006333189e-06,0.004874462968088005,pilot
REF,NEG_CODEC,1250.0,-0.003015820054080071,0.9989967223704674,3.6191744571750597e-06,0.0010575954089390887,pilot
REF,NEG_CODEC,1281.25,-0.0015346720114957852,0.9989451020697607,1.3146552909974626e-05,0.002763158511881779,pilot
REF,NEG_CODEC,1312.5,-0.00043599630723981445,0.9989087884750469,1.0920980921062522e-05,0.00401971156521237,pilot
REF,NEG_CODEC,1343.75,0.000984174038461825,0.9989236415693098,4.428169301734693e-06,0.0053753057554696915,pilot
REF,NEG_CODEC,1375.0,-0.0009103963894361195,0.9989705437979746,2.445432775456802e-06,0.0032768268398155496,pilot
REF,NEG_CODEC,1406.25,0.00034950137706744985,0.9990576721336848,7.92365333108693e-07,0.004157957628569847,pilot
REF,NEG_CODEC,1437.5,0.00461910653451354,0.9991178965668195,4.0299676676824715e-06,0.008165772586958636,pilot
REF,NEG_CODEC,1468.75,0.010503767043170869,0.9991796927017879,4.364857056573496e-06,0.013781827252598864,pilot
REF,NEG_CODEC,1500.0,0.01051307658808812,0.999201835204925,4.891411823843941e-06,0.013694895246099199,pilot
REF,NEG_CODEC,1531.25,-0.005534316719728731,0.9990634708946379,5.1676018664308756e-06,-0.0017510678475947477,pilot
REF,NEG_CODEC,1562.5,-0.005454802362674277,0.9989476838755917,3.87263078298103e-08,-0.0011681963057328171,pilot
REF,NEG_CODEC,1593.75,0.003933442327761791,0.9989803470918085,2.0777882331314716e-06,0.008078046727530713,pilot
REF,NEG_CODEC,1625.0,-0.002561533911807164,0.9989790928259407,1.1528388054387424e-06,0.0015885232587679419,pilot
REF,NEG_CODEC,1656.25,-0.006833019318697645,0.9989263559261273,5.227261078351707e-06,-0.0024536885896433783,pilot
REF,NEG_CODEC,1687.5,-0.002389640120590071,0.9989123310742345,1.5041941498582086e-05,0.0020506656594164326,pilot
REF,NEG_CODEC,1718.75,0.00019188244506531296,0.9989416307911742,7.415748974862109e-06,0.00450480448599946,pilot
REF,NEG_CODEC,1750.0,0.0012401761273796129,0.9988720653997549,2.6922364496381795e-05,0.005855547447688578,pilot
REF,NEG_CODEC,1781.25,0.004106919638598707,0.9987326340909944,3.6996656385477644e-05,0.009328559537600974,pilot
REF,NEG_CODEC,1812.5,0.008729278190283008,0.9986828215473998,3.2342516807619814e-05,0.014167531140478182,pilot
REF,NEG_CODEC,1843.75,0.010933584276523417,0.9986114183025938,3.5483666760415054e-05,0.016682357675872353,pilot
REF,NEG_CODEC,1875.0,0.008831521727579044,0.9985980058272613,1.4287254871025452e-05,0.01463862615576404,pilot
REF,NEG_CODEC,1906.25,0.002503146769130534,0.9986419247396153,3.31044696912073e-06,0.008119250196408242,pilot
REF,NEG_CODEC,1937.5,0.0002903933454050065,0.9986936787607692,3.5454904175764403e-06,0.005681432083811336,pilot
REF,NEG_CODEC,1968.75,0.002114874572584081,0.998573228198895,1.6026541534603969e-06,0.008029739287833395,pilot
REF,NEG_CODEC,2000.0,0.0064359789264621095,0.9984579851484803,5.128383788140982e-06,0.012852081885698037,pilot
REF,NEG_CODEC,2031.25,0.007063747108005161,0.9986425768660677,4.056432367280306e-06,0.01267701453550732,pilot
REF,NEG_CODEC,2062.5,0.004898114429311823,0.9987787554301516,7.0586353505788295e-06,0.009919202349461602,pilot
REF,NEG_CODEC,2093.75,0.0018118523140552194,0.9986559323974141,1.176137618194141e-06,0.00736703895353495,pilot
REF,NEG_CODEC,2125.0,0.00021468542567033144,0.9984808083818311,6.926382923686513e-06,0.0065315163958391655,pilot
REF,NEG_CODEC,2156.25,0.0033334669924006306,0.9983891727215838,9.377111372082982e-06,0.010048890379659087,pilot
REF,NEG_CODEC,2187.5,0.002456049561692282,0.9983943787433459,2.4198949158757824e-05,0.00914882706404899,pilot
REF,NEG_CODEC,2218.75,-9.887488006004554e-05,0.9985507394947207,2.5798905626123812e-05,0.005913797685742187,pilot
REF,NEG_CODEC,2250.0,-0.0013030994942626287,0.998657605728347,1.710029316605837e-05,0.0042448101866764615,pilot
REF,NEG_CODEC,2281.25,0.0007458208551711328,0.9985516416658797,1.314856170945702e-06,0.006754569656624389,pilot
REF,NEG_CODEC,2312.5,0.0035097302755883633,0.9984667602128633,1.523376184813952e-05,0.009887664925791425,pilot
REF,NEG_CODEC,2343.75,0.0034806491220825252,0.9983857968639097,1.41163472477001e-05,0.010210757352469058,pilot
REF,NEG_CODEC,2375.0,0.0030100609021853227,0.9981262834778594,1.3279288715183647e-05,0.010869190422111515,pilot
REF,NEG_CODEC,2406.25,0.0018375881576581491,0.9978649799558066,2.999836089573277e-05,0.010833823640487779,pilot
REF,NEG_CODEC,2437.5,0.003948139992186166,0.9976869552560282,1.5451359351103543e-05,0.013719250271276868,pilot
REF,NEG_CODEC,2468.75,0.003015796719122428,0.9977231605359687,1.7390398807848854e-05,0.012629307784185221,pilot
REF,NEG_CODEC,2500.0,0.0044286053905976015,0.997759992392261,2.307276316608916e-05,0.01388179566393415,pilot
REF,NEG_CODEC,2531.25,0.005975649398829401,0.9977505658514456,0.0001227543800900293,0.015469870722014785,pilot
REF,NEG_CODEC,2562.5,0.0010829200789045817,0.9975710618733173,0.00010689206232046427,0.011358545124758871,pilot
REF,NEG_CODEC,2593.75,-0.0031697520567997343,0.9974317867068709,0.00016115462717242423,0.00771225243753513,pilot
REF,NEG_CODEC,2625.0,-0.003104772759490984,0.997590809047799,0.00012795193736214684,0.007084883433049646,pilot
REF,NEG_CODEC,2656.25,-0.0025484517811247918,0.9977642737555196,3.585426320553526e-05,0.006886103064220649,pilot
REF,NEG_CODEC,2687.5,-0.002588607831483986,0.9978646104508517,3.1867242221381744e-05,0.006409235824755013,pilot
REF,NEG_CODEC,2718.75,-0.006093804229257673,0.9978757461827992,4.4367282277786564e-05,0.002855574335611352,pilot
REF,NEG_CODEC,2750.0,-0.003940142316982391,0.9977842590736553,5.1015919437941024e-05,0.005407423780729414,pilot
REF,NEG_CODEC,2781.25,0.007891574896892182,0.9976321857610845,0.0001279139070112033,0.017901104072967237,pilot
REF,NEG_CODEC,2812.5,0.013064399605788764,0.9974417845539337,8.706975325372085e-05,0.023902872420993853,pilot
REF,NEG_CODEC,2843.75,0.012382763724954796,0.9973831631948269,4.651484929662842e-05,0.02347648633356125,pilot
REF,NEG_CODEC,2875.0,0.01752604061679483,0.9974266677430375,4.835421025212284e-05,0.02843033378771212,pilot
REF,NEG_CODEC,2906.25,0.0171551473997001,0.9973720712666759,0.00017233112238321127,0.028297168296800828,pilot
REF,NEG_CODEC,2937.5,0.003989760435908662,0.997171220572519,0.00022641439845784642,0.016006451226722056,pilot
REF,NEG_CODEC,2968.75,-0.0033665191299238647,0.997181121128396,0.00041177224467249047,0.008607052331417103,pilot
REF,NEG_CODEC,3000.0,-0.01025893827260703,0.9972756428601743,0.00011932225535446688,0.0013029896043429859,pilot
REF,NEG_CODEC,3031.25,-0.009791723296597955,0.9971714329334488,8.61820761016883e-05,0.0022240426062092884,pilot
REF,NEG_CODEC,3062.5,-0.006838736969672437,0.9971278015345377,0.00013396498655767538,0.005367059350438807,pilot
REF,NEG_CODEC,3093.75,0.0005365804164911005,0.9971151841899342,0.0004198212261056912,0.012797331355242072,pilot
REF,NEG_CODEC,3125.0,0.005934408931218202,0.9969062391134178,0.00039190877915496684,0.01910531753451086,pilot
REF,NEG_CODEC,3156.25,0.0023560780360635985,0.9965306893598143,0.00022249680305287526,0.01716334829464608,pilot
REF,NEG_CODEC,3187.5,-0.011495499670657093,0.9958653422945714,0.00017662149789234916,0.006212364296566114,pilot
REF,NEG_CODEC,3218.75,-0.02366413743435035,0.9949009377307626,8.858387046491677e-05,-0.0017484905912457534,pilot
REF,NEG_CODEC,3250.0,-0.020507816278357432,0.994450530224328,4.73864209517267e-06,0.003374396062556158,pilot
REF,NEG_CODEC,3281.25,-0.00816149255031944,0.9945057851819228,1.8932125279010352e-05,0.015479418128998602,pilot
REF,NEG_CODEC,3312.5,-0.010242632386726323,0.9945193963160587,2.9970352823528853e-05,0.013338839724365205,pilot
REF,NEG_CODEC,3343.75,-0.00867798316878842,0.9946661329416077,2.5312240013420296e-05,0.014262755275710871,pilot
REF,NEG_CODEC,3375.0,0.0003626088991896685,0.9947690736851491,1.768996834718086e-05,0.022853907253617516,pilot
REF,NEG_CODEC,3406.25,-0.0077078472360671965,0.99462621582384,1.0360423825465021e-05,0.015407182171678961,pilot
REF,NEG_CODEC,3437.5,-0.02108240292820175,0.995039431445356,0.0002791733068679359,0.0002287327742186208,pilot
REF,NEG_CODEC,3468.75,-0.03203363135309941,0.9954226466878409,0.00042777483404673653,-0.012394753254348793,pilot
REF,NEG_CODEC,3500.0,-0.045014719416990256,0.9957029854903593,0.00019167237609392574,-0.026598763607361516,pilot
REF,NEG_CODEC,3531.25,-0.04127775693840915,0.9958530896079426,0.00013681641449477333,-0.023516458970615335,pilot
REF,NEG_CODEC,3562.5,-0.02625035000887812,0.9956057881792063,0.00020912989432592474,-0.007410429252363797,pilot
REF,NEG_CODEC,3593.75,-0.013188431292803875,0.9955941826147886,0.0001443772220202077,0.005702114540648407,pilot
REF,NEG_CODEC,3625.0,-0.010874603763521912,0.9957740502402926,0.00013308946438289843,0.007231400907196363,pilot
REF,NEG_CODEC,3656.25,-0.011979018793016464,0.9960886316859906,0.00014911477272892877,0.004755194655833105,pilot
REF,NEG_CODEC,3687.5,-0.02484661951139685,0.9962888835790167,7.477681784331712e-05,-0.008985416240170225,pilot
REF,NEG_CODEC,3718.75,-0.04035373655176298,0.9962740988513411,0.0002551059345185749,-0.024428084370237864,pilot
REF,NEG_CODEC,3750.0,-0.039071487047898784,0.996108697024698,0.00017807894983244257,-0.022424757562137007,pilot
REF,NEG_CODEC,3781.25,-0.02757965957049268,0.9960650105180241,0.0001114001964489697,-0.010742456646462235,pilot
REF,NEG_CODEC,3812.5,-0.02221901596218909,0.9964027276620163,4.796497111910893e-05,-0.00685404458975779,pilot
REF,NEG_CODEC,3843.75,-0.01660386022659737,0.9966360921951803,0.0003696238046732597,-0.002255918010632767,pilot
REF,NEG_CODEC,3875.0,-0.01925725389850816,0.9964777720297152,0.0012415136385736391,-0.0042193603896015005,pilot
REF,NEG_CODEC,3906.25,-0.02861963043457804,0.9964819478616251,0.004407107441121362,-0.013599936397920875,pilot
REF,NEG_CODEC,3937.5,-0.022531885230398226,0.996707725307134,0.003850532667378625,-0.008496080488995292,pilot
REF,NEG_CODEC,3968.75,-0.010803674059702726,0.9965628137491725,0.0023535811688937596,0.0038635983010162542,pilot
REF,NEG_CODEC,4000.0,-0.012188936901900609,0.9956371320075385,0.0016489023823184363,0.006514260689906821,pilot
REF,NEG_CODEC,4031.25,-0.02606931936791816,0.9950774634588178,0.002304867579664928,-0.004924174855527645,pilot
REF,NEG_CODEC,4062.5,-0.04905636336537074,0.9949877148272889,0.003546517010981398,-0.02751949966827103,pilot
REF,NEG_CODEC,4093.75,-0.05612553177599651,0.9946156343116166,0.00410519759916803,-0.032964298912711056,pilot
REF,NEG_CODEC,4125.0,-0.03354391679177045,0.9947741202550029,0.001267771423189299,-0.011074650604794557,pilot
REF,NEG_CODEC,4156.25,-0.012400029844298156,0.9953678103175119,0.0003408961975636209,0.007478101290488221,pilot
REF,NEG_CODEC,4187.5,-0.01636927417420679,0.9954909535357037,4.0427651214213235e-05,0.0029715971490478733,pilot
REF,NEG_CODEC,4218.75,-0.014799791742275087,0.9956589080767857,0.00012520438962613516,0.003808420206797374,pilot
REF,NEG_CODEC,4250.0,-0.007224512008898865,0.9961262131158964,0.00021304737666833694,0.0093458495574627,pilot
REF,NEG_CODEC,4281.25,-0.014409792540936307,0.9961011288412166,0.0002744255913735534,0.002269933673195777,pilot
REF,NEG_CODEC,4312.5,-0.01716356715913907,0.9960637987808605,6.12495044719304e-05,-0.00032108093454011083,pilot
REF,NEG_CODEC,4343.75,-0.012577847109312788,0.9963129531630724,0.00014079172438898,0.0031784351752428327,pilot
REF,NEG_CODEC,4375.0,-0.016843681119078528,0.996396620085634,0.00015895701157949625,-0.001452089036200378,pilot
REF,NEG_CODEC,4406.25,-0.024308068275021372,0.996231152114114,0.00014627228911112176,-0.008195199211760686,pilot
REF,NEG_CODEC,4437.5,-0.006427518730951063,0.9960404951254301,0.00018075938891151365,0.010516575115225978,pilot
REF,NEG_CODEC,4468.75,-0.006334595503645327,0.9961828257496224,0.0001292650664040244,0.009988951397319486,pilot
REF,NEG_CODEC,4500.0,0.0038964286350998867,0.9970729971542067,0.0001554107187944705,0.016340929502753662,pilot
REF,NEG_CODEC,4531.25,0.011869357518835607,0.9977176153803452,0.0004026425127579573,0.02150700591252875,pilot
REF,NEG_CODEC,4562.5,0.014154421222568466,0.9975212963656507,0.0002521091317467917,0.024646706768211853,pilot
REF,NEG_CODEC,4593.75,0.0182259195547972,0.9971509806308091,1.0500580594622316e-05,0.030330761547995508,pilot
REF,NEG_CODEC,4625.0,-0.004414917432955667,0.9965556167213825,2.11552891697496e-05,0.01028371913982055,pilot
REF,NEG_CODEC,4656.25,-0.02532851419474022,0.9953916863938186,2.102714525450167e-05,-0.005554556850982786,pilot
REF,NEG_CODEC,4687.5,-0.015457413455355548,0.994832883517651,4.14365674597683e-05,0.006755314021556964,pilot
REF,NEG_CODEC,4718.75,0.009548304765777695,0.9948090943707867,2.9788313341308155e-05,0.03186488504965363,pilot
REF,NEG_CODEC,4750.0,-0.0014511913872820538,0.9944282515110792,1.7802913619137778e-05,0.022528317202324323,pilot
REF,NEG_CODEC,4781.25,-0.010404438898075718,0.9937874708129266,8.955771537951985e-05,0.016374439275306296,pilot
REF,NEG_CODEC,4812.5,-0.003992812112182845,0.9926644926937055,0.0001467886305211278,0.027696361013101967,pilot
REF,NEG_CODEC,4843.75,0.005861380014738027,0.9919869523258092,0.00018536401632157252,0.04051583004256253,pilot
REF,NEG_CODEC,4875.0,0.0013435210886962139,0.9919502235433784,0.00034385897926923607,0.036158773663419415,pilot
REF,NEG_CODEC,4906.25,-0.006206420686227653,0.9921745686491569,0.00040089916195438667,0.027626717837201636,pilot
REF,NEG_CODEC,4937.5,0.007866187135742617,0.9922413697982403,0.00015630925976899468,0.041406933627032405,pilot
REF,NEG_CODEC,4968.75,0.010184153295313355,0.991790427359268,0.00010238573730158746,0.04569908000442613,pilot
REF,NEG_CODEC,5000.0,-0.007942884606412256,0.9915872095583043,0.00013067295109469993,0.02846200242340786,pilot
REF,NEG_CODEC,5031.25,0.0021051292028554146,0.9913319791570063,0.00042828144217906477,0.03962801595894413,pilot
REF,NEG_CODEC,5062.5,0.0017340473137534588,0.9914083132259586,0.00024423220308897146,0.03892253359318025,pilot
REF,NEG_CODEC,5093.75,0.0008666341604127968,0.991644777175744,0.00017301537581961742,0.037019394371337576,pilot
REF,NEG_CODEC,5125.0,-0.0010323657872751413,0.9913990124000464,4.718204153817887e-05,0.03619686370828391,pilot
REF,NEG_CODEC,5156.25,0.009858455924904162,0.9915800230520524,4.71952540476295e-05,0.046294818464788084,pilot
REF,NEG_CODEC,5187.5,0.02829914396801761,0.9916475005511157,9.60090573779941e-05,0.06443997707259107,pilot
REF,NEG_CODEC,5218.75,0.03894632076979813,0.9913590657105371,0.00012697842424056756,0.07635054515775412,pilot
REF,NEG_CODEC,5250.0,0.039217551137170896,0.9910928162480405,4.856791466337355e-05,0.07778831756450431,pilot
REF,NEG_CODEC,5281.25,0.022873145995972,0.9911714447796592,5.159309965819853e-05,0.06109937776068153,pilot
REF,NEG_CODEC,5312.5,0.022245178308682903,0.9914656075840372,3.782121507543916e-05,0.059182689240624364,pilot
REF,NEG_CODEC,5343.75,0.028475849494199505,0.9915138913974177,4.21999644489088e-05,0.06520186662369586,pilot
REF,NEG_CODEC,5375.0,0.05405664318879746,0.991497533350694,0.0001371121548498825,0.09085431103435468,pilot
REF,NEG_CODEC,5406.25,0.05585506084118314,0.991146099832614,0.00015689958833375056,0.09419234616213419,pilot
REF,NEG_CODEC,5437.5,0.04011133897359628,0.9914536675100815,0.00011095574903568725,0.07710115166383677,pilot
REF,NEG_CODEC,5468.75,0.036486148420982675,0.9916016264206964,0.00012463502169772074,0.07282789306446179,pilot
REF,NEG_CODEC,5500.0,0.022813035223456204,0.9911279255845711,2.002987988272631e-05,0.061229956109792164,pilot
REF,NEG_CODEC,5531.25,0.022845597021648876,0.9907787985764784,1.721317855882411e-05,0.06279259934741857,pilot
REF,NEG_CODEC,5562.5,0.01901019881943549,0.9910365894920703,1.7741383211707018e-05,0.05782735652464393,pilot
REF,NEG_CODEC,5593.75,0.004127516048511831,0.9906358074779018,2.9457738193696487e-05,0.04470134574288137,pilot
REF,NEG_CODEC,5625.0,0.005582221594737214,0.9893178174850218,1.4067560167934864e-05,0.05193796313229565,pilot
REF,NEG_CODEC,5656.25,-0.002012304796355999,0.9883155571364792,1.4382892097607048e-05,0.04874542733919859,pilot
REF,NEG_CODEC,5687.5,-0.022608771993208328,0.9885786377868797,1.5760482484773375e-05,0.026993061402470837,pilot
REF,NEG_CODEC,5718.75,-0.04707899027396366,0.9892021460191411,2.3094461800580693e-06,-0.00021544006801337836,pilot
REF,NEG_CODEC,5750.0,-0.06545392748668867,0.9891213765490494,1.9422196917904673e-05,-0.018235756463805312,pilot
REF,NEG_CODEC,5781.25,-0.08181282862618461,0.9887887572999507,2.462249949082473e-05,-0.03313397743034559,pilot
REF,NEG_CODEC,5812.5,-0.08963881465765434,0.9891206770599595,2.559721523792835e-05,-0.04241757238015585,pilot
REF,NEG_CODEC,5843.75,-0.09303842969706323,0.9893785879015667,1.0891047063860523e-05,-0.046949452242210706,pilot
REF,NEG_CODEC,5875.0,-0.12700755381466539,0.9886370132879007,7.807658358218168e-06,-0.07766216344243938,pilot
REF,NEG_CODEC,5906.25,-0.14553540662528938,0.9884899731623185,7.435985740553961e-07,-0.09554404140456776,pilot
REF,NEG_CODEC,5937.5,-0.14541970526227385,0.9892747264492926,5.124264662581167e-06,-0.09887479694455273,pilot
REF,NEG_CODEC,5968.75,-0.15672617530993904,0.9884766346201012,4.359057132348256e-06,-0.10667620661803302,pilot
REF,NEG_CODEC,6000.0,-0.1929224848873433,0.9878017357618374,5.022742595722136e-06,-0.1399062856706924,pilot
REF,NEG_CODEC,6031.25,-0.2227165747447238,0.9883342351509147,1.2700607618416801e-06,-0.1720409184390328,pilot
REF,NEG_CODEC,6062.5,-0.23623879062544542,0.9880605861673191,3.09797491100364e-06,-0.18436049764987864,pilot
REF,NEG_CODEC,6093.75,-0.23087488210597829,0.9876647879407064,3.753776631699043e-06,-0.17725653972559788,pilot
REF,NEG_CODEC,6125.0,-0.254770275975285,0.9872447003163176,1.4173497182155315e-05,-0.19930433763140074,pilot
REF,NEG_CODEC,6156.25,-0.3058885516986163,0.9864963385325362,3.429874680914654e-05,-0.24712927950453456,pilot
REF,NEG_CODEC,6187.5,-0.355466672626791,0.986486960622502,3.2766136609430776e-05,-0.296666114988667,pilot
REF,NEG_CODEC,6218.75,-0.3881365987656189,0.9870619453961537,3.968244460879692e-05,-0.3318666368546064,pilot
REF,NEG_CODEC,6250.0,-0.36998480417876506,0.9875489884381216,2.8799912980134984e-05,-0.3158572401066494,pilot
REF,NEG_CODEC,6281.25,-0.40449783295601555,0.9878598640613713,7.849844471779307e-06,-0.3517371916723574,pilot
REF,NEG_CODEC,6312.5,-0.4940211702320263,0.9874726835512275,1.3860266951944587e-05,-0.439558027145191,pilot
REF,NEG_CODEC,6343.75,-0.5187108596832403,0.9876330054222632,5.348597589979751e-06,-0.464952761439937,pilot
REF,NEG_CODEC,6375.0,-0.5189414328676072,0.9878258697420504,1.5783722633660096e-06,-0.4660313392186679,pilot
REF,NEG_CODEC,6406.25,-0.5704950650311453,0.9875048781119886,2.1367658480049494e-06,-0.5161735126171201,pilot
REF,NEG_CODEC,6437.5,-0.6510964156704973,0.9873481803255952,3.084266027845569e-07,-0.5960856678370031,pilot
REF,NEG_CODEC,6468.75,-0.6909710580427418,0.9886840347805655,5.7896299989648165e-06,-0.6418322216321913,pilot
REF,NEG_CODEC,6500.0,-0.7210689006322836,0.9892710496336573,4.962017616628513e-06,-0.6745078509569989,pilot
REF,NEG_CODEC,6531.25,-0.7529258462716151,0.9886898688990255,4.44079460422843e-06,-0.7038126370370805,pilot
REF,NEG_CODEC,6562.5,-0.8127572482819698,0.9882302784250133,3.9458876615678075e-06,-0.7616247606191705,pilot
REF,NEG_CODEC,6593.75,-0.8778854557994903,0.9874473360720297,6.375414389584098e-07,-0.8233108320426836,pilot
REF,NEG_CODEC,6625.0,-0.9340730938103953,0.9871841116197931,1.7322736907068382e-06,-0.8783406142124985,pilot
REF,NEG_CODEC,6656.25,-1.006515762596734,0.9873249166375578,3.588811020515008e-06,-0.9514026860146568,pilot
REF,NEG_CODEC,6687.5,-1.0934280145999637,0.9865160103069402,1.1221360123471106e-05,-1.034755344429212,pilot
REF,NEG_CODEC,6718.75,-1.1204228759537302,0.9866718874976328,1.3027487889431105e-05,-1.0624363705824744,pilot
REF,NEG_CODEC,6750.0,-1.1622429504671423,0.9862633005602706,4.3137251396379536e-06,-1.102457632282521,pilot
REF,NEG_CODEC,6781.25,-1.2835689045365362,0.9844960682311873,5.5581672103779315e-06,-1.2159947160653009,pilot
REF,NEG_CODEC,6812.5,-1.39149743838598,0.9836638250828759,1.1357866467290125e-06,-1.3202503915287611,pilot
REF,NEG_CODEC,6843.75,-1.4202515957588415,0.9827681493877353,9.607379960814343e-08,-1.3450482763844465,pilot
REF,NEG_CODEC,6875.0,-1.470799672789683,0.9827347298330807,1.2728009478205992e-06,-1.3954486667511887,pilot
REF,NEG_CODEC,6906.25,-1.5741843667411533,0.9828224173715779,3.585261164145657e-06,-1.4992208560668145,pilot
REF,NEG_CODEC,6937.5,-1.6525625121323673,0.9833452207604759,3.879242071445706e-06,-1.5799085769781043,pilot
REF,NEG_CODEC,6968.75,-1.7281325514405301,0.9854120816695482,2.3590642871619905e-06,-1.6645973290532994,pilot
REF,NEG_CODEC,7000.0,-1.8237004348927857,0.9851955812630331,3.2396998955845466e-06,-1.759210939018994,pilot
REF,NEG_CODEC,7031.25,-1.947677492639426,0.9834576587639033,7.710944790583209e-06,-1.8755201116137576,pilot
REF,NEG_CODEC,7062.5,-2.0294453557697505,0.9829608229711164,1.2107464096511947e-06,-1.955093395616443,pilot
REF,NEG_CODEC,7093.75,-2.112030023085575,0.9834289375537684,1.2849808687026513e-06,-2.039745807466601,pilot
REF,NEG_CODEC,7125.0,-2.2098703332403793,0.9840713559449166,2.4151086148844143e-06,-2.140422191122239,pilot
REF,NEG_CODEC,7156.25,-2.3117348708587144,0.9839787954942114,4.447773835708916e-06,-2.241878217880381,pilot
REF,NEG_CODEC,7187.5,-2.4404141880951853,0.9836392095561673,2.654403611213812e-06,-2.3690584606002516,pilot
REF,NEG_CODEC,7218.75,-2.539679716291438,0.9827636949527975,9.303385498382431e-07,-2.464456712305785,pilot
REF,NEG_CODEC,7250.0,-2.6551296360796006,0.9818236777411832,2.731870841664679e-06,-2.5757506009117535,pilot
REF,NEG_CODEC,7281.25,-2.784989177253782,0.9823293119444071,2.033728024791257e-06,-2.707846160871901,pilot
REF,NEG_CODEC,7312.5,-2.8972176401838636,0.9833596800284364,2.1214254045554943e-06,-2.8246275639266347,pilot
REF,NEG_CODEC,7343.75,-3.0181274275001897,0.9833613212952885,1.3030592944934632e-06,-2.9455445997864675,pilot
REF,NEG_CODEC,7375.0,-3.1829255134859267,0.9833159463021117,5.355902401188042e-07,-3.110142285742354,pilot
REF,NEG_CODEC,7406.25,-3.3243836696618256,0.9835433724704192,6.623400912019954e-08,-3.25260478350419,pilot
REF,NEG_CODEC,7437.5,-3.4577119801185505,0.9834929146661471,1.629062405748378e-07,-3.385710286215959,pilot
REF,NEG_CODEC,7468.75,-3.606552595245438,0.9839358913326216,1.0218309701281216e-07,-3.536506573888925,pilot
REF,NEG_CODEC,7500.0,-3.732380663303105,0.9837231341808258,1.1443367476346337e-06,-3.661395462381712,pilot
REF,NEG_CODEC,7531.25,-3.8407513534950937,0.9829861304883251,8.475129095548829e-07,-3.7665112062780985,pilot
REF,NEG_CODEC,7562.5,-3.993544083672422,0.9827597113308136,6.223002696868774e-07,-3.9183034755713466,pilot
REF,NEG_CODEC,7593.75,-4.21026396262941,0.9825921499768373,4.1093659007908325e-07,-4.134282815665842,pilot
REF,NEG_CODEC,7625.0,-4.408140775307726,0.9823122150481325,1.4073307765603978e-07,-4.330922171724743,pilot
REF,NEG_CODEC,7656.25,-4.565702413295284,0.9818720297542815,3.546393126744238e-07,-4.486537250494744,pilot
REF,NEG_CODEC,7687.5,-4.699586088251351,0.9808427509721362,1.28380990036618e-08,-4.615865906649375,pilot
REF,NEG_CODEC,7718.75,-4.833297668632666,0.9814283252034374,1.3891452886904824e-07,-4.752169500621831,pilot
REF,NEG_CODEC,7750.0,-4.984028244583853,0.9814991988563351,2.3848554175501307e-07,-4.903213690152755,pilot
REF,NEG_CODEC,7781.25,-5.160306676614608,0.9797138083587223,1.2292623791004486e-06,-5.071584919319772,pilot
REF,NEG_CODEC,7812.5,-5.285034922729276,0.9776258410131042,2.5714351818510764e-06,-5.1870475988697144,pilot
REF,NEG_CODEC,7843.75,-5.278319745573626,0.9756623485294406,3.1125813418648344e-08,-5.171601152639676,pilot
REF,NEG_CODEC,7875.0,-5.213026288977451,0.971418073725327,7.363736271452928e-07,-5.087374034901112,pilot
REF,NEG_CODEC,7906.25,-5.195667933401651,0.964939886768066,2.8600512733070487e-08,-5.040956472273371,pilot
REF,NEG_CODEC,7937.5,-5.0562920349264395,0.9581321963660984,2.387701971899907e-06,-4.870832327258399,pilot
REF,NEG_CODEC,7968.75,-4.233231769062959,0.9505835823075707,7.823577934153235e-06,-4.013420812665224,pilot
REF,NEG_CODEC,8000.0,-3.5965494072853006,0.9560262475133985,1.2969956540686027e-05,-3.401533517496146,pilot
LP,OPUS,0.0,0.19502956683213563,0.8246781514914931,0.00016796407728093856,-0.8805007923084184,pilot
LP,OPUS,31.25,0.8851520087728173,0.9021229947330215,0.00013682093743399554,-0.5801909919197393,pilot
LP,OPUS,62.5,1.343701232142587,0.9806948230250198,2.0899756532086784e-05,-0.48432306626890975,pilot
LP,OPUS,93.75,1.3200347634040377,0.9893920306205866,1.5733267510483402e-06,-0.5463347866150641,pilot
LP,OPUS,125.0,1.3607903977801814,0.9901678819878155,3.7612687147047275e-07,-0.5089834238921438,pilot
LP,OPUS,156.25,1.4285289706852555,0.9894662909780624,9.588695249376822e-08,-0.4381665335786656,pilot
LP,OPUS,187.5,1.437196727152268,0.9887830072515685,5.5600914897616665e-08,-0.42649868643494326,pilot
LP,OPUS,218.75,1.4077890038309682,0.9861646988473386,6.411984380489074e-08,-0.4443909903395005,pilot
LP,OPUS,250.0,1.3741764388915911,0.9815815212038671,2.6072148334052805e-08,-0.4577727720688434,pilot
LP,OPUS,281.25,1.3451178062163518,0.974242771290068,3.981720640475139e-08,-0.45423958592011493,pilot
LP,OPUS,312.5,1.3281918533589105,0.96387894673264,1.2281886159970598e-08,-0.42471856203751834,pilot
LP,OPUS,343.75,1.3288560315408886,0.9603436206739119,1.584397447586428e-08,-0.4080959978285225,pilot
LP,OPUS,375.0,1.3601191307804925,0.9629650614532719,8.753966665536453e-08,-0.3886716427352567,pilot
LP,OPUS,406.25,1.3535507134980538,0.96495420730431,4.744347114127645e-08,-0.4042017980670496,pilot
LP,OPUS,437.5,1.348554007904972,0.9626250413433153,3.6315953624444614e-08,-0.39870301386568074,pilot
LP,OPUS,468.75,1.321722707620242,0.9567039084875331,5.8477675056901504e-08,-0.3987382458260059,pilot
LP,OPUS,500.0,1.2688433524136817,0.9530239444070115,1.7966248216805071e-07,-0.43488024162853905,pilot
LP,OPUS,531.25,1.2651804036915473,0.9518407232238197,2.0924796809515534e-08,-0.43314788321360653,pilot
LP,OPUS,562.5,1.2528917991547919,0.9497306784059637,1.6974188224270512e-08,-0.43579834114922367,pilot
LP,OPUS,593.75,1.147294814225256,0.943852011491498,9.239993799435895e-08,-0.5144297140906327,pilot
LP,OPUS,625.0,1.0222892823739078,0.9369622850221828,1.683456216331633e-07,-0.6076172873393638,pilot
LP,OPUS,656.25,0.9865295583954141,0.9303121908304025,3.5429162066186676e-07,-0.6124430328430776,pilot
LP,OPUS,687.5,0.947401899738019,0.9210013342085539,1.9036111829397803e-07,-0.6078861648979041,pilot
LP,OPUS,718.75,0.8050320030760749,0.9138409762106454,8.605015752421144e-08,-0.7163597453985662,pilot
LP,OPUS,750.0,0.724856163054663,0.9090850063345053,3.3586063104941887e-07,-0.773874257647662,pilot
LP,OPUS,781.25,0.6621321627724152,0.8994862153401538,8.754608613591318e-08,-0.7904984300177036,pilot
LP,OPUS,812.5,0.5428972784271323,0.8847012572762253,4.3691789557556493e-08,-0.8377546374405986,pilot
LP,OPUS,843.75,0.49099098793882523,0.8735277541981559,2.1538604244511125e-07,-0.8344615650999371,pilot
LP,OPUS,875.0,0.4102586602188929,0.8623875153789404,8.652511079541909e-08,-0.8594514179275486,pilot
LP,OPUS,906.25,0.30243542136218876,0.846771785289865,1.2556680687182667e-07,-0.8879138374504186,pilot
LP,OPUS,937.5,0.22794836360839227,0.8350018319283669,1.611562123329224e-07,-0.9016113905735468,pilot
LP,OPUS,968.75,0.16932032332067817,0.8273987885296407,4.783789415181944e-07,-0.9205139546315702,pilot
LP,OPUS,1000.0,0.14192881600989934,0.8276889526583293,4.7442187352881617e-07,-0.9494282414070361,pilot
LP,OPUS,1031.25,0.1512657180764484,0.8327718147958474,1.0510151500990517e-07,-0.966679933504833,pilot
LP,OPUS,1062.5,0.15751398592970633,0.8326079017800935,1.282879412985206e-07,-0.9595767673028645,pilot
LP,OPUS,1093.75,0.16239739514900164,0.8343992153102111,7.77402302833243e-08,-0.9640269460802665,pilot
LP,OPUS,1125.0,0.3035258901385882,0.8386415091683268,3.702999933155912e-08,-0.8449231243091304,pilot
LP,OPUS,1156.25,0.28695818778481036,0.8327610348184944,7.302370348218436e-08,-0.8309312453354472,pilot
LP,OPUS,1187.5,0.1436603721303336,0.8109847182297483,1.9630041257499925e-07,-0.8591518058361934,pilot
LP,OPUS,1218.75,0.09691903080340403,0.7976224282043145,1.6049045999950473e-07,-0.8337400137045685,pilot
LP,OPUS,1250.0,-0.0855862178067891,0.781237152292815,3.3461317808029866e-07,-0.9261005719861503,pilot
LP,OPUS,1281.25,-0.338100756908932,0.7587438342484757,1.1009084328781872e-06,-1.0517379772320905,pilot
LP,OPUS,1312.5,-0.3913366723586947,0.7460576080607314,1.1704574364110249e-06,-1.0317457788900115,pilot
LP,OPUS,1343.75,-0.3176132370594912,0.7370072411518518,1.156705558198342e-07,-0.9050162568767379,pilot
LP,OPUS,1375.0,-0.3433380580521966,0.7469064806334151,3.966377585624659e-08,-0.9886858059972596,pilot
LP,OPUS,1406.25,-0.33568542046300115,0.7762732576274245,1.6119760147595178e-08,-1.1485171428302963,pilot
LP,OPUS,1437.5,-0.24699180060478204,0.7759941133025771,1.720714821448931e-08,-1.0582615389542083,pilot
LP,OPUS,1468.75,-0.3417213934407035,0.7549635094186876,4.548635370737809e-07,-1.0336664731595597,pilot
LP,OPUS,1500.0,-0.27680894323683053,0.7508641062939555,5.386205462180914e-07,-0.9451078560796795,pilot
LP,OPUS,1531.25,-0.10484569355826769,0.735367388522175,5.342181274580108e-07,-0.6825748270109956,pilot
LP,OPUS,1562.5,-0.34501420658425197,0.7098156739774275,1.608036785782292e-07,-0.7691555288682077,pilot
LP,OPUS,1593.75,-0.40484156515505065,0.710959724745451,2.1359069719347025e-07,-0.83597702660277,pilot
LP,OPUS,1625.0,-0.3215432057463198,0.7166109533632153,3.274181047521932e-07,-0.7870630975087546,pilot
LP,OPUS,1656.25,-0.540639630961022,0.7038515797380387,5.723322923315985e-07,-0.928135999087114,pilot
LP,OPUS,1687.5,-0.8571345999906056,0.682355143851907,1.8794254894499341e-06,-1.109924768991791,pilot
LP,OPUS,1718.75,-1.0602544719126679,0.6719003138299717,2.015150402072782e-07,-1.2459883825612263,pilot
LP,OPUS,1750.0,-1.0543543470694126,0.658870392510158,8.850945749179142e-07,-1.1550397403880621,pilot
LP,OPUS,1781.25,-0.95900774481546,0.6469091054135625,5.720432052261939e-07,-0.9801258559820745,pilot
LP,OPUS,1812.5,-0.9678845484037297,0.6403231450928982,1.2908022019424304e-07,-0.9445620206354512,pilot
LP,OPUS,1843.75,-1.117710088729738,0.6195851455281959,6.318129702793757e-07,-0.9514055305787101,pilot
LP,OPUS,1875.0,-1.0623735127265241,0.6308873147041224,3.6675573210859043e-07,-0.9745769350214832,pilot
LP,OPUS,1906.25,-0.8914150451997295,0.6439976151811384,6.858224834866094e-07,-0.8929431075136386,pilot
LP,OPUS,1937.5,-0.7388480681705671,0.6484370677774248,2.493102861320429e-07,-0.7702118718738558,pilot
LP,OPUS,1968.75,-0.8744328156425842,0.6247045556236821,3.3443873439772573e-07,-0.7438650171609911,pilot
LP,OPUS,2000.0,-1.0669153604515866,0.6032023602234613,3.374630274648935e-07,-0.7842311535280102,pilot
LP,OPUS,2031.25,-1.2529453666009662,0.6078800608177104,2.9630328967025944e-07,-1.0038098203300818,pilot
LP,OPUS,2062.5,-1.3605780166843953,0.624725668918598,1.1884573425342864e-07,-1.2301569953064369,pilot
LP,OPUS,2093.75,-1.2962800799804677,0.6286601313696557,6.228744305972603e-08,-1.1931247407859915,pilot
LP,OPUS,2125.0,-1.4318685175041597,0.5977479783799553,1.8773912434379195e-06,-1.109735148559412,pilot
LP,OPUS,2156.25,-1.7669258852923226,0.549130594561947,4.185896500708428e-06,-1.0763677655831212,pilot
LP,OPUS,2187.5,-2.1068415466127965,0.5273622629400171,1.0405548828076252e-05,-1.2406175105301167,pilot
LP,OPUS,2218.75,-1.8357145411364022,0.5571843352616712,5.7145908393143845e-06,-1.2083889936258132,pilot
LP,OPUS,2250.0,-1.404238670467672,0.586616576876531,3.178181692821294e-06,-1.0004674548018695,pilot
LP,OPUS,2281.25,-1.5619553379561175,0.5797189341158813,2.2734627929111187e-06,-1.1068156595260201,pilot
LP,OPUS,2312.5,-1.9691769150023295,0.5626366046240818,1.7016627833273127e-06,-1.3841422217686261,pilot
LP,OPUS,2343.75,-1.9516238282258338,0.5552243734351766,4.836260755841583e-07,-1.3089945262563996,pilot
LP,OPUS,2375.0,-2.069607092169764,0.5302313465694644,1.5144280250571786e-07,-1.2269465540869453,pilot
LP,OPUS,2406.25,-2.436455046303471,0.5031911681919272,1.347385763322729e-06,-1.3664706169878045,pilot
LP,OPUS,2437.5,-2.577348315872171,0.489096241347372,4.6335777620828145e-07,-1.3839770403999188,pilot
LP,OPUS,2468.75,-2.641454247825618,0.4821049382061531,1.2935553972743907e-06,-1.3855555189707836,pilot
LP,OPUS,2500.0,-2.6062907034745586,0.48661031023579027,6.941306006348357e-07,-1.3907892394018235,pilot
LP,OPUS,2531.25,-2.685861878801532,0.47567688300668104,1.3191368088034555e-05,-1.3716678105129088,pilot
LP,OPUS,2562.5,-2.860754036624194,0.4517461575850511,9.973096434498547e-06,-1.3223841806037706,pilot
LP,OPUS,2593.75,-2.93211473247701,0.43451802170158577,2.2416144838093662e-06,-1.2248781396176907,pilot
LP,OPUS,2625.0,-2.7910245205353315,0.43956276266782035,3.465712432992953e-06,-1.1339189345636644,pilot
LP,OPUS,2656.25,-2.7842425851984007,0.45091746544773265,5.275952214702478e-06,-1.2378986286523777,pilot
LP,OPUS,2687.5,-2.949870952777642,0.452171629608268,5.587479598581982e-07,-1.4155895253322868,pilot
LP,OPUS,2718.75,-3.1126536355076784,0.44140005335836213,2.22269235843e-06,-1.4736629200141682,pilot
LP,OPUS,2750.0,-3.099844640014269,0.4352882585308729,1.0054545758744665e-05,-1.400299637794301,pilot
LP,OPUS,2781.25,-3.044648887004519,0.4322000803620406,6.285680654460428e-07,-1.3141827912474968,pilot
LP,OPUS,2812.5,-3.0505163144730636,0.42926738251101537,3.5915678765755335e-06,-1.2904806883747033,pilot
LP,OPUS,2843.75,-3.1048737272501823,0.43027941605226655,2.467450547761991e-06,-1.355064904074025,pilot
LP,OPUS,2875.0,-3.405530498422307,0.41469359635823466,6.962813628312515e-08,-1.4954892606766963,pilot
LP,OPUS,2906.25,-3.943641133127601,0.38996767711135355,7.545554383119531e-06,-1.766612719932563,pilot
LP,OPUS,2937.5,-4.07314985038705,0.38260675835430236,1.1894437548725605e-06,-1.8133616928803675,pilot
LP,OPUS,2968.75,-3.8817522728070197,0.3972658255745622,1.5583114890737112e-06,-1.7852498128712166,pilot
LP,OPUS,3000.0,-3.5792754381316234,0.4059281112829033,9.312877904075564e-06,-1.5764521900475679,pilot
LP,OPUS,3031.25,-3.8506956425538217,0.36413770059134537,5.974043342868893e-06,-1.376037568383211,pilot
LP,OPUS,3062.5,-4.239707180961588,0.33317312375146146,1.5321365341611792e-05,-1.3790922591207344,pilot
LP,OPUS,3093.75,-3.961715067990093,0.3518103194188978,5.13457771484017e-05,-1.3374862810504609,pilot
LP,OPUS,3125.0,-4.4257224108458075,0.3333370268340811,7.290129774782036e-05,-1.5672434566483873,pilot
LP,OPUS,3156.25,-4.753900776152548,0.3083179341526344,5.6490402285808496e-05,-1.5565741212385595,pilot
LP,OPUS,3187.5,-4.426478826620896,0.3088865152157781,6.489617384733857e-05,-1.237153788945514,pilot
LP,OPUS,3218.75,-4.701367478196811,0.2892348597782817,8.910485104839872e-05,-1.226559296845774,pilot
LP,OPUS,3250.0,-5.408781673320451,0.25725726462981746,1.6108358240192967e-06,-1.4251436200910648,pilot
LP,OPUS,3281.25,-5.5538131972664475,0.2487434014798927,9.14858342700746e-05,-1.424014357116929,pilot
LP,OPUS,3312.5,-5.432691252346861,0.2548259175753294,0.00014791919537839133,-1.4078126905158428,pilot
LP,OPUS,3343.75,-5.789156502821982,0.24607114888383474,2.447896060734532e-05,-1.6124489434886005,pilot
LP,OPUS,3375.0,-6.139430339867019,0.23072751136794495,1.7082462533219245e-05,-1.6831096290228562,pilot
LP,OPUS,3406.25,-5.83079274364462,0.2239597117957577,8.038459896636008e-05,-1.2451772143824202,pilot
LP,OPUS,3437.5,-5.331659744443939,0.24042992388725226,0.000661738792891021,-1.0542304051779416,pilot
LP,OPUS,3468.75,-4.9968965826241245,0.26002754962640207,0.000986956179159323,-1.0597756880837619,pilot
LP,OPUS,3500.0,-5.340741629078006,0.2349123407916264,0.0001953467899868842,-0.9624854246415809,pilot
LP,OPUS,3531.25,-6.068038249639198,0.1971824805295775,1.1139558109184837e-05,-0.9294069776910835,pilot
LP,OPUS,3562.5,-6.624781595512169,0.17283437102767701,2.9540817881770572e-06,-0.9137682018602021,pilot
LP,OPUS,3593.75,-6.667861659407927,0.1780814260198689,4.608022409743481e-05,-1.086733377641265,pilot
LP,OPUS,3625.0,-6.663413009521259,0.18844860991239096,6.385936721198818e-05,-1.3280278631012816,pilot
LP,OPUS,3656.25,-6.683103904582403,0.1901215659930424,0.00019769955749592556,-1.3861032041745998,pilot
LP,OPUS,3687.5,-6.346566893482363,0.20786503031130238,0.0007920296573999091,-1.4370666943084467,pilot
LP,OPUS,3718.75,-5.678892552928008,0.23430110008840338,0.0007377943541058439,-1.2893213011566897,pilot
LP,OPUS,3750.0,-5.686680607194308,0.22063544335137703,0.0010229882188765563,-1.0361188755158954,pilot
LP,OPUS,3781.25,-6.195848883808423,0.19840883689401742,0.001980425273544145,-1.084144467159419,pilot
LP,OPUS,3812.5,-6.308247439669371,0.20920572639653368,0.003980122136319759,-1.4266685899513059,pilot
LP,OPUS,3843.75,-6.643855776752813,0.20342935754552882,0.0057245610229419465,-1.640677523453128,pilot
LP,OPUS,3875.0,-7.120286435652426,0.16408653787237049,0.007492289550522635,-1.1837014244734523,pilot
LP,OPUS,3906.25,-6.994950319983554,0.13937326106345604,0.018152236859086388,-0.34943040931389613,pilot
LP,OPUS,3937.5,-6.480446370209455,0.1289021069506689,0.03920378231480233,0.5042679974465358,pilot
LP,OPUS,3968.75,-6.067074747675887,0.11723856388808936,0.06630302475026781,1.3295348819113109,pilot
LP,OPUS,4000.0,-5.610993384384733,0.09741152718604544,0.09357655201768501,2.590217623101247,pilot
LP,OPUS,4031.25,-5.493688709008041,0.0700606122349796,0.11364917023068294,4.138886538290405,pilot
LP,OPUS,4062.5,-5.7478696014894535,0.041985347517839305,0.12624086670813522,6.108467404803678,pilot
LP,OPUS,4093.75,-6.465689883126257,0.019887350746373076,0.1353681328579321,8.635855312544557,pilot
LP,OPUS,4125.0,-8.566729108806491,0.007944795509759397,0.15892921111710168,10.519758185656462,pilot
LP,OPUS,4156.25,-8.933374426368513,0.005713443648055589,0.20005871193837227,11.584960619652536,pilot
LP,OPUS,4187.5,-9.04877430287391,0.004319642522789764,0.20948741894814188,12.68406214847004,pilot
LP,OPUS,4218.75,-10.849985287396319,0.0021606881991524155,0.1976923721562733,13.891408241453671,pilot
LP,OPUS,4250.0,-11.3234915569315,0.0011264145734747868,0.2164889278045741,16.246840364745317,pilot
LP,OPUS,4281.25,-9.034133194645838,0.0007596783817746915,0.2313165744015411,20.246883655806872,pilot
LP,OPUS,4312.5,-2.6103419577647617,0.0009461639614762541,0.20704323419400528,25.717308549517135,pilot
LP,OPUS,4343.75,-4.064902529295718,0.00018381320767726607,0.18866894063348438,31.378644860651765,pilot
LP,OPUS,4375.0,-6.61628330022176,6.285465283515432e-05,0.18688842731085578,33.48765690856669,pilot
LP,OPUS,4406.25,-5.7843405785912205,5.7952550206111036e-05,0.1795009204938068,34.67224843135462,pilot
LP,OPUS,4437.5,-21.73064763475218,1.0984122877985271e-06,0.17137679147731288,35.94901306746188,pilot
LP,OPUS,4468.75,-14.339072960746224,5.893194737403833e-06,0.19375519176078532,36.044733644433784,pilot
LP,OPUS,4500.0,-1.1869315143283385,0.00017649938430483288,0.22936291340808665,34.432951066949485,pilot
LP,OPUS,4531.25,4.086906509100013,0.0009026879959549702,0.25680331699048947,32.61884436582419,pilot
LP,OPUS,4562.5,3.2916691718219786,0.0007723940293329469,0.24019926322228713,32.50059462067025,pilot
LP,OPUS,4593.75,-4.292433102640914,0.00010541863546479378,0.21979516135356705,33.56570752187884,pilot
LP,OPUS,4625.0,-9.737825685884903,1.9249168510005935e-05,0.22581619231281513,35.505369098863454,pilot
LP,OPUS,4656.25,-4.953912067491013,2.825536024288356e-05,0.24324369136635218,38.62239397400632,pilot
LP,OPUS,4687.5,4.873649172875895,0.00017759076823089541,0.2505687341408507,40.4667598422947,pilot
LP,OPUS,4718.75,3.1183595817549477,0.00012607055997053301,0.24240864396436373,40.19953729195937,pilot
LP,OPUS,4750.0,-10.121980434477688,6.449671167226754e-06,0.2492799222794563,39.86995836481189,pilot
LP,OPUS,4781.25,-1.187904269742931,5.4996352529856496e-05,0.28093418639301615,39.496071387455835,pilot
LP,OPUS,4812.5,-3.8534336671497154,3.604215675367151e-05,0.2975825931267231,38.665773150013244,pilot
LP,OPUS,4843.75,-6.29349469124427,2.7295595962964663e-05,0.29259122627175643,37.432894027631896,pilot
LP,OPUS,4875.0,-6.593056082954664,3.106227136651532e-05,0.3177367111983921,36.57192635109211,pilot
LP,OPUS,4906.25,-10.653920011422727,1.3469018293822423e-05,0.33904112599770636,36.14003508949966,pilot
LP,OPUS,4937.5,-6.472174901831222,4.436999390405213e-05,0.3165935176307646,35.144245936419914,pilot
LP,OPUS,4968.75,-5.448724191630182,7.313415120474956e-05,0.34098311470058906,33.99738808377536,pilot
LP,OPUS,5000.0,-5.210431325045284,0.00010122732225086043,0.38315169840945973,32.82390571687477,pilot
LP,OPUS,5031.25,-6.697284469647503,0.00010440076333198588,0.38039870056476355,31.20299331863546,pilot
LP,OPUS,5062.5,-7.137650382780806,0.00014148984719075208,0.3614784236195867,29.442411370485658,pilot
LP,OPUS,5093.75,-5.4522368071614125,0.00030453656047506024,0.36517322948253345,27.798683337790653,pilot
LP,OPUS,5125.0,-6.662250406444103,0.00032773180653569386,0.39474048091673153,26.269878203055942,pilot
LP,OPUS,5156.25,-6.130661143101408,0.0005769507334556914,0.4092583643319942,24.345266087739233,pilot
LP,OPUS,5187.5,-5.562599109690334,0.0011386063165843056,0.4048242218488907,21.960979531112894,pilot
LP,OPUS,5218.75,-6.0280200059839935,0.0019040989538303267,0.3927704860365359,19.26239937856867,pilot
LP,OPUS,5250.0,-5.897838280656882,0.003978684702203067,0.38074059325499304,16.19208100721115,pilot
LP,OPUS,5281.25,-5.635461243893445,0.008585063967599574,0.3711202083032465,13.114417930333133,pilot
LP,OPUS,5312.5,-5.465056065998153,0.01877511927372382,0.3574292614731949,9.886431416233826,pilot
LP,OPUS,5343.75,-5.252684473048434,0.04431951589670707,0.3118754994506173,6.368679976338636,pilot
LP,OPUS,5375.0,-5.025685556997146,0.10676325804256927,0.22080126860871477,2.7774107870290448,pilot
LP,OPUS,5406.25,-4.7752657417910775,0.2287052860100452,0.09824667808847025,-0.2807132377093976,pilot
LP,OPUS,5437.5,-4.5879967753213915,0.3608622913081803,0.01498880314008652,-2.0740972702094136,pilot
LP,OPUS,5468.75,-4.399233545634543,0.4461968194042578,0.0005991557419426373,-2.807183718948221,pilot
LP,OPUS,5500.0,-4.177358213963959,0.5027337854630142,0.010398465798544322,-3.1034244083404077,pilot
LP,OPUS,5531.25,-3.980807103151178,0.5542367321079549,0.012642401514615877,-3.3304456276125975,pilot
LP,OPUS,5562.5,-3.8212461229582906,0.6014591039741395,0.006988395316799719,-3.5259926238212485,pilot
LP,OPUS,5593.75,-3.653623293194171,0.635269419964878,0.0007669422344709467,-3.5958882660138243,pilot
LP,OPUS,5625.0,-3.4270623234980806,0.6467705103030793,0.0016145675083479073,-3.4472498937301284,pilot
LP,OPUS,5656.25,-3.2250374114832256,0.6300878174984907,0.010836133370853863,-3.1317337105627896,pilot
LP,OPUS,5687.5,-3.106071938642083,0.5927028835995524,0.021068179009051207,-2.747127811499117,pilot
LP,OPUS,5718.75,-2.9918377522371515,0.5492472544546279,0.03142801802635825,-2.3022021702118005,pilot
LP,OPUS,5750.0,-2.842091693480499,0.5131335850438138,0.033528498780364464,-1.8570815701456524,pilot
LP,OPUS,5781.25,-2.7235498019274877,0.4852084599231105,0.023025327363457207,-1.4955189178389379,pilot
LP,OPUS,5812.5,-2.647629632868767,0.45778072401468006,0.01212009600043694,-1.1668901209677287,pilot
LP,OPUS,5843.75,-2.5165574040720267,0.43359516119220876,0.005880773387580337,-0.8000871447815021,pilot
LP,OPUS,5875.0,-2.372222033213251,0.41206564151085073,0.0012675608448446533,-0.4345715452666782,pilot
LP,OPUS,5906.25,-2.291157787892298,0.3893905007754466,6.050603679867273e-05,-0.10769678565904689,pilot
LP,OPUS,5937.5,-2.271683878670157,0.366199436675158,0.002315914157675766,0.17845393116689104,pilot
LP,OPUS,5968.75,-2.174488985257479,0.34927159973993743,0.00689256972532845,0.4811928098605691,pilot
LP,OPUS,6000.0,-2.097356164630402,0.33462837805798235,0.012998464512937994,0.7443306801155569,pilot
LP,OPUS,6031.25,-2.0714921690031005,0.32131102400706485,0.02021032053084576,0.9465660975869177,pilot
LP,OPUS,6062.5,-2.008535780392859,0.3137298521020662,0.02647274494012388,1.1132203007305466,pilot
LP,OPUS,6093.75,-1.94156024965922,0.31217760508613057,0.026373917792318156,1.2017368336647403,pilot
LP,OPUS,6125.0,-1.8952319749434656,0.3147344630069399,0.02212534205644361,1.2126395519236413,pilot
LP,OPUS,6156.25,-1.8755134142638745,0.3203080397875274,0.016466841731029604,1.1561227178032514,pilot
LP,OPUS,6187.5,-1.9144725796438031,0.32662431624609994,0.011901007257085518,1.0323568132383503,pilot
LP,OPUS,6218.75,-1.970251216237655,0.33594895334434016,0.006469917832913684,0.8543303887588711,pilot
LP,OPUS,6250.0,-2.0270566246034787,0.34829014850575435,0.0017942035064088973,0.6408459993542386,pilot
LP,OPUS,6281.25,-2.1127010005606035,0.36182124465214216,1.6994166212817725e-06,0.3896728956397291,pilot
LP,OPUS,6312.5,-2.1857799641571294,0.37761932716534297,0.002159996681123998,0.1309924237276542,pilot
LP,OPUS,6343.75,-2.2490309828600004,0.3948080914950677,0.009806707609478271,-0.12557690259370874,pilot
LP,OPUS,6375.0,-2.315549234142157,0.41283745260837396,0.022918098059723193,-0.3860256013602055,pilot
LP,OPUS,6406.25,-2.3951479243228886,0.4344098685203905,0.03503708342284735,-0.6868302214988766,pilot
LP,OPUS,6437.5,-2.4937301457386223,0.4580151119175674,0.04797177541542095,-1.015213692101828,pilot
LP,OPUS,6468.75,-2.670240899295084,0.4749253228992029,0.06993699874712772,-1.3491796372744023,pilot
LP,OPUS,6500.0,-2.8366373520500425,0.49617340801266485,0.08554917585762126,-1.705657672510151,pilot
LP,OPUS,6531.25,-2.885112531632787,0.536761209463889,0.0808712663541099,-2.095609230897203,pilot
LP,OPUS,6562.5,-2.952713662249325,0.5805916629469455,0.07000585808378575,-2.504107086041396,pilot
LP,OPUS,6593.75,-3.041713507978379,0.6220770203378069,0.05058734364041103,-2.8928405662856553,pilot
LP,OPUS,6625.0,-3.1095257163762025,0.6559290754217378,0.025216609015116166,-3.1907800109893425,pilot
LP,OPUS,6656.25,-3.2378725704886695,0.6608622131784129,0.009296414853923341,-3.35166724637334,pilot
LP,OPUS,6687.5,-3.3519446555577104,0.6424331436042705,0.001246614020677521,-3.342909511056971,pilot
LP,OPUS,6718.75,-3.4887232137999034,0.601241994538964,0.0008559625425719752,-3.1919017534993346,pilot
LP,OPUS,6750.0,-3.5719832115000316,0.5491593718367044,0.00853779088496546,-2.881652678530518,pilot
LP,OPUS,6781.25,-3.627184755176203,0.49309469490504154,0.02179050165970477,-2.4691735272280586,pilot
LP,OPUS,6812.5,-3.777047990422921,0.43369866088657233,0.036986850300066904,-2.0616142736560463,pilot
LP,OPUS,6843.75,-3.8928435264069745,0.3823931714265527,0.053301251479176984,-1.6306302804021746,pilot
LP,OPUS,6875.0,-4.002913315923803,0.341819545676191,0.06123521750203596,-1.2535677132334297,pilot
LP,OPUS,6906.25,-4.067704703219611,0.3125042209733678,0.05776565009009094,-0.9289490515345266,pilot
LP,OPUS,6937.5,-4.140242280727977,0.2896607245393575,0.04837783486558236,-0.6718238786098997,pilot
LP,OPUS,6968.75,-4.280714536920332,0.2695803366182998,0.041457798793764475,-0.5002821208742046,pilot
LP,OPUS,7000.0,-4.358457332658375,0.2560965682547987,0.03202938961807211,-0.35518039265997847,pilot
LP,OPUS,7031.25,-4.331043316320575,0.248946159989017,0.022659440065771874,-0.20478310399694252,pilot
LP,OPUS,7062.5,-4.339242667547015,0.24350010221365245,0.014705944912112703,-0.11691961734100029,pilot
LP,OPUS,7093.75,-4.370647437117991,0.2402444422130343,0.007315605382470998,-0.08986640376192737,pilot
LP,OPUS,7125.0,-4.382000179294393,0.239834484429097,0.00201265488259845,-0.09380193027758653,pilot
LP,OPUS,7156.25,-4.3843397089279,0.24164545203330975,6.0663976692387955e-06,-0.1288114378989849,pilot
LP,OPUS,7187.5,-4.333586027693138,0.24630213533787296,0.0036581356201682265,-0.16095326904277912,pilot
LP,OPUS,7218.75,-4.251455937735438,0.2526575304361359,0.01512018428900682,-0.18946387776271664,pilot
LP,OPUS,7250.0,-4.181345231135852,0.2594481917652552,0.03528075420223155,-0.23453718447590335,pilot
LP,OPUS,7281.25,-4.144222210267371,0.2659931878614921,0.061889029680239765,-0.3056128255766282,pilot
LP,OPUS,7312.5,-4.1034452417037075,0.27244143499109336,0.0977621612222047,-0.36886230408642057,pilot
LP,OPUS,7343.75,-4.036737364780758,0.27920395421386923,0.14172397785529997,-0.4086384827508265,pilot
LP,OPUS,7375.0,-3.9705969476974268,0.2898104880045322,0.178648050146397,-0.5044234007699515,pilot
LP,OPUS,7406.25,-3.9138948565500353,0.3040154852954233,0.20927045841069264,-0.6555373812315233,pilot
LP,OPUS,7437.5,-3.844040482386303,0.324763817706971,0.22747128891302953,-0.8724023340406757,pilot
LP,OPUS,7468.75,-3.7537565943365765,0.3637694817412772,0.21091761504603107,-1.2747046789664507,pilot
LP,OPUS,7500.0,-3.635196446595337,0.4213891783336647,0.169688412779246,-1.7947157011387993,pilot
LP,OPUS,7531.25,-3.49551509691225,0.48637957642007024,0.12561430301355603,-2.277953869912719,pilot
LP,OPUS,7562.5,-3.3737285685033007,0.5471348844298386,0.08894138173678916,-2.6673580954557568,pilot
LP,OPUS,7593.75,-3.2787014006452897,0.605271990791023,0.05001350618007576,-3.0108926441285844,pilot
LP,OPUS,7625.0,-3.2059437127562656,0.6530985872876948,0.01544295536742905,-3.2684166274409607,pilot
LP,OPUS,7656.25,-3.1345075623586913,0.6785437087320495,0.0008131511813802796,-3.362971315543431,pilot
LP,OPUS,7687.5,-3.0229552133047672,0.6850954685317832,0.002736060594346704,-3.293151634048135,pilot
LP,OPUS,7718.75,-2.9481451565811563,0.6703509298581579,0.018327033465105554,-3.1238527891936774,pilot
LP,OPUS,7750.0,-2.9071062734919737,0.638267830304996,0.04662214457159225,-2.8698213033637145,pilot
LP,OPUS,7781.25,-2.851932731921034,0.6013586282882549,0.07884153537846923,-2.5559536692197677,pilot
LP,OPUS,7812.5,-2.7707077550565784,0.5753615961304585,0.09661995187669449,-2.2828019314135384,pilot
LP,OPUS,7843.75,-2.719602617095087,0.5634766666105442,0.09360344869704856,-2.1410474559328425,pilot
LP,OPUS,7875.0,-2.7064087249415634,0.5519256333917619,0.09028341785351755,-2.03789984335637,pilot
LP,OPUS,7906.25,-2.6714996859008,0.5570731362263173,0.06391109429224277,-2.043307316693373,pilot
LP,OPUS,7937.5,-2.6303708509654635,0.572140912075399,0.026286020543460572,-2.118086361900688,pilot
LP,OPUS,7968.75,-2.606318404528602,0.5740593604716127,0.01497437052208739,-2.108571904160418,pilot
LP,OPUS,8000.0,-2.605055640132302,0.5713403925000783,0.015257299232995378,-2.086690399425629,pilot
LP,SILK,0.0,-1.3133692443194112,0.8502572412552827,0.00019817576066498947,-0.6837793620691491,pilot
LP,SILK,31.25,-0.5780013464110143,0.9300788570504994,0.00015266341898420967,-0.3381057902598936,pilot
LP,SILK,62.5,0.06574516772914095,0.9979296088832741,2.0989118424087284e-05,-0.00016064162440755493,pilot
LP,SILK,93.75,0.0891612816053946,0.999946008667639,1.1082083969976307e-06,0.014489044659359216,pilot
LP,SILK,125.0,0.08953605036424844,0.9999737764449778,2.4762129239764567e-07,0.014743214656566942,pilot
LP,SILK,156.25,0.08929983221465987,0.9999714924059897,1.395177328757532e-07,0.014516916233728031,pilot
LP,SILK,187.5,0.08754087880168435,0.9999680641072973,2.316007176910841e-08,0.01277285218277785,pilot
LP,SILK,218.75,0.0843052059684759,0.9999588351411642,2.0650486268720834e-08,0.00957726170524928,pilot
LP,SILK,250.0,0.08011958674567761,0.999944428876442,9.521679653247808e-09,0.005454211121509588,pilot
LP,SILK,281.25,0.07551834958918825,0.9999183401643097,4.871604831421824e-09,0.0009662835770096918,pilot
LP,SILK,312.5,0.07091115113583636,0.9998817977810223,3.2090575729541807e-09,-0.003482197461356362,pilot
LP,SILK,343.75,0.06796708994281346,0.9998616222593073,1.3324249610057647e-08,-0.006338626234512378,pilot
LP,SILK,375.0,0.06738176827349306,0.9998698027191154,3.000484727337902e-08,-0.006959479960885051,pilot
LP,SILK,406.25,0.06401855858761245,0.9998880308347973,8.40499037825228e-08,-0.01040186293388691,pilot
LP,SILK,437.5,0.05951091604601403,0.999882031548102,7.841943912494103e-08,-0.014883447908604824,pilot
LP,SILK,468.75,0.05456641577599168,0.999859149831209,3.452294520303368e-08,-0.01972856128320289,pilot
LP,SILK,500.0,0.04847560282216286,0.9998486661652223,1.1469107357272633e-07,-0.025773837601611827,pilot
LP,SILK,531.25,0.04575840853594734,0.9998463307519228,5.549866924075102e-08,-0.02848088776974391,pilot
LP,SILK,562.5,0.04444611984307177,0.9998382460884431,2.949591764459924e-08,-0.02975805967692547,pilot
LP,SILK,593.75,0.04020400914246032,0.9998159312919439,1.023725388997355e-08,-0.033903241687620746,pilot
LP,SILK,625.0,0.03353471091105463,0.9997865752387836,5.9353214272738704e-08,-0.040445022856437,pilot
LP,SILK,656.25,0.028387872827640374,0.9997602527286616,1.7433330771409523e-07,-0.045477517822335084,pilot
LP,SILK,687.5,0.02364926665819372,0.9997148426013949,1.075000072366842e-07,-0.050018858542026354,pilot
LP,SILK,718.75,0.016942021444158212,0.999670762963874,2.5009537770246818e-08,-0.056534609496129526,pilot
LP,SILK,750.0,0.010055637429445081,0.9996427802271637,3.1128616426880933e-07,-0.06329942430341019,pilot
LP,SILK,781.25,0.004986961387598087,0.9996151533834532,7.333873564836452e-08,-0.0682480739537165,pilot
LP,SILK,812.5,0.0023960498659632025,0.9995601277926752,2.9201137122584596e-07,-0.07059991378744633,pilot
LP,SILK,843.75,0.0008071770053077866,0.9994568851604617,5.581625598846529e-07,-0.07174018911024466,pilot
LP,SILK,875.0,-0.003720691305088085,0.9993602919575283,2.269762760863719e-07,-0.07584831022678691,pilot
LP,SILK,906.25,-0.009301142698222728,0.9992812113246049,3.5525451961766515e-07,-0.0810850853531627,pilot
LP,SILK,937.5,-0.008932711054497092,0.9992443601535053,2.6365815150209475e-07,-0.08055649303408202,pilot
LP,SILK,968.75,-0.007250800916033582,0.9992009137678042,5.980359772187524e-07,-0.07868575084884878,pilot
LP,SILK,1000.0,-0.012946389874852426,0.9991782834016729,3.710116295169068e-07,-0.08428297766349988,pilot
LP,SILK,1031.25,-0.014816415486626247,0.9991789762687624,6.091938789832133e-08,-0.08615601483241425,pilot
LP,SILK,1062.5,-0.008184793448499022,0.9992007118937556,2.6603135880297856e-07,-0.07961886595223121,pilot
LP,SILK,1093.75,-0.0020396392734191417,0.9992296933950569,5.008904958337007e-08,-0.07359967569423359,pilot
LP,SILK,1125.0,0.008358270363277106,0.9992148149673671,7.939168953375478e-08,-0.06313709957299747,pilot
LP,SILK,1156.25,0.020140358767139852,0.9991258159636524,6.651254346996994e-09,-0.05096817245269534,pilot
LP,SILK,1187.5,0.025795096085907136,0.9989809600781416,1.2325183681930361e-07,-0.04468373793643109,pilot
LP,SILK,1218.75,0.02403173977377336,0.9989169625595617,3.069290793124893e-07,-0.04616886412610238,pilot
LP,SILK,1250.0,0.014612942765180322,0.9988355008773668,4.443263425444585e-07,-0.0552334795258018,pilot
LP,SILK,1281.25,0.0036222365775946657,0.9987418699894727,1.249861721269026e-06,-0.06581705877481836,pilot
LP,SILK,1312.5,-0.002094614779746694,0.9986676175986763,1.2543892943161482e-06,-0.0712110178678921,pilot
LP,SILK,1343.75,0.0007602568881057212,0.9985746454137785,5.030280955740998e-08,-0.06795181561232379,pilot
LP,SILK,1375.0,-0.0019593474234003132,0.9985198864309762,4.946662292994901e-09,-0.07043325869818481,pilot
LP,SILK,1406.25,0.0003039283034969535,0.9986125282547883,9.165541199168303e-08,-0.06857289899836616,pilot
LP,SILK,1437.5,0.005716671827841881,0.998595170907691,2.729462072648561e-07,-0.06308466808161728,pilot
LP,SILK,1468.75,0.007353011174039309,0.998556914344708,5.291279009471325e-07,-0.061281945671007046,pilot
LP,SILK,1500.0,0.014129023715485994,0.9985919344014912,4.0564269234620613e-07,-0.05465824042931931,pilot
LP,SILK,1531.25,0.02109144520186301,0.9983586688003554,6.039770452064484e-07,-0.04668121233535286,pilot
LP,SILK,1562.5,0.01988761396951647,0.9980329215935971,2.445844182612996e-07,-0.04646778438541567,pilot
LP,SILK,1593.75,0.011545115670704303,0.9979832611081102,9.185631557747049e-07,-0.0545941794781822,pilot
LP,SILK,1625.0,0.014452470948991285,0.997965180226051,4.578435129857218e-07,-0.05160814053108038,pilot
LP,SILK,1656.25,0.004032581043445076,0.9978217533657643,6.742555230933086e-07,-0.061403820576966806,pilot
LP,SILK,1687.5,-0.007245179427267197,0.9977665772595846,2.0163444150921097e-06,-0.07244142451754616,pilot
LP,SILK,1718.75,-0.023633872729128057,0.99781841330909,6.993396223372085e-07,-0.08905573697745131,pilot
LP,SILK,1750.0,-0.03911396943928491,0.9976582158038021,2.242656079296309e-06,-0.10383852767364016,pilot
LP,SILK,1781.25,-0.0277858677435201,0.997400665185417,3.4981168128837607e-06,-0.09138912761357432,pilot
LP,SILK,1812.5,-0.015584841933691532,0.9972083706391689,4.3422964655035426e-06,-0.07835072005028561,pilot
LP,SILK,1843.75,-0.023340497454790058,0.9969668157245204,5.734031824779117e-06,-0.08505425168839825,pilot
LP,SILK,1875.0,-0.03886787309886774,0.9969654608671608,2.6101229454074444e-06,-0.10057572535594493,pilot
LP,SILK,1906.25,-0.04099372109900609,0.9970608459269374,7.436171941332623e-07,-0.10311706642162083,pilot
LP,SILK,1937.5,-0.045399783471025267,0.997047472398636,5.6573091226803915e-09,-0.10746487669678409,pilot
LP,SILK,1968.75,-0.0740392596917601,0.9965766924590894,2.1127286422386647e-07,-0.1340532428102052,pilot
LP,SILK,2000.0,-0.09039210124311912,0.9960548819117648,4.5971308459406867e-07,-0.1481315098802916,pilot
LP,SILK,2031.25,-0.09064947680394556,0.9960347986731131,4.931653033331677e-07,-0.14830131870342997,pilot
LP,SILK,2062.5,-0.09717371687375638,0.9962370031461056,2.772757916176093e-07,-0.15570712811592055,pilot
LP,SILK,2093.75,-0.1071445936124873,0.996120594341281,2.0900271483241962e-07,-0.16517050859291987,pilot
LP,SILK,2125.0,-0.13175523872420444,0.9956386261426896,8.997231122266308e-07,-0.18767933204834555,pilot
LP,SILK,2156.25,-0.1522131645854535,0.9950575197036065,2.3327199430899744e-07,-0.2056017496394115,pilot
LP,SILK,2187.5,-0.15886845703406005,0.9949461468054821,3.54840140585977e-06,-0.21177092604759543,pilot
LP,SILK,2218.75,-0.1420707263367615,0.9954092445922265,3.92724891824432e-06,-0.1969941491745565,pilot
LP,SILK,2250.0,-0.14475537622055004,0.995457940624423,2.3210745603920616e-06,-0.19989125339216238,pilot
LP,SILK,2281.25,-0.1705306525269899,0.9949473231577535,3.7703748266111003e-07,-0.2234382563209339,pilot
LP,SILK,2312.5,-0.18934676354705426,0.9947048561411763,3.956303310147241e-06,-0.2411958698914468,pilot
LP,SILK,2343.75,-0.19316084730950697,0.9945042822242338,8.137892878155289e-07,-0.24413414684246795,pilot
LP,SILK,2375.0,-0.21832878700212022,0.9938670586382702,1.9697567456869166e-07,-0.266518474732702,pilot
LP,SILK,2406.25,-0.2509698711588644,0.9934610625907192,1.9041306098443564e-06,-0.2973850975541959,pilot
LP,SILK,2437.5,-0.2530041356175022,0.9930293671623428,7.012772259606108e-10,-0.29753178236432376,pilot
LP,SILK,2468.75,-0.27398885623261654,0.9928373520346284,1.0816163713516014e-06,-0.317676656983108,pilot
LP,SILK,2500.0,-0.2863798003386208,0.9926667192289438,1.1517272633104575e-06,-0.32932114191841033,pilot
LP,SILK,2531.25,-0.2725429564921668,0.992587173881059,8.017405744323173e-06,-0.3151362709930433,pilot
LP,SILK,2562.5,-0.2668303120947084,0.9923438733850075,1.2550606595438662e-05,-0.3083589642885072,pilot
LP,SILK,2593.75,-0.26799918710561044,0.99188830667281,9.238142445970911e-06,-0.307533615894396,pilot
LP,SILK,2625.0,-0.262688323162948,0.9915918533550913,9.202094874304216e-06,-0.3009245484851145,pilot
LP,SILK,2656.25,-0.26884757731998105,0.9915030741548609,7.72975518516939e-06,-0.3066949527060326,pilot
LP,SILK,2687.5,-0.2714315522817697,0.9915304059155369,4.829278319234778e-06,-0.3093986435774359,pilot
LP,SILK,2718.75,-0.2758776322875817,0.9913323649390262,5.660774731315166e-06,-0.3129772091506861,pilot
LP,SILK,2750.0,-0.28657276339336113,0.990942821763623,1.8106690719168302e-06,-0.32196544855087994,pilot
LP,SILK,2781.25,-0.2864764643682994,0.9909693402614731,7.578660553555971e-06,-0.32198536897798347,pilot
LP,SILK,2812.5,-0.29963018903697103,0.9910250890392437,7.0886507024801666e-06,-0.3353834070131004,pilot
LP,SILK,2843.75,-0.3190424119043555,0.9905559162856752,7.558153286623256e-06,-0.3527390988459812,pilot
LP,SILK,2875.0,-0.34658589748275964,0.9900189002357033,6.47452366529388e-06,-0.3779274791189347,pilot
LP,SILK,2906.25,-0.38785869764592584,0.9898154598858115,1.0900081487158193e-05,-0.41830774985191116,pilot
LP,SILK,2937.5,-0.41083292501951535,0.9892839706453531,3.103711143946868e-05,-0.4389493723415818,pilot
LP,SILK,2968.75,-0.265330727278298,0.9886266869794997,2.658659221895196e-05,-0.29056074817323896,pilot
LP,SILK,3000.0,0.013045760852512578,0.9886774259354686,2.1400173187128397e-05,-0.012407145823687491,pilot
LP,SILK,3031.25,0.14115438742211484,0.988378372724394,1.498554259780282e-05,0.11701532490189334,pilot
LP,SILK,3062.5,0.13017080863178263,0.9882565193416992,1.8334950256287463e-05,0.10656720414668114,pilot
LP,SILK,3093.75,0.11695791483428612,0.988534457030698,0.0001642877271899417,0.09213307040137576,pilot
LP,SILK,3125.0,0.07883793031215672,0.9879068444201702,0.00010153519803857048,0.05677126243107979,pilot
LP,SILK,3156.25,0.06038190738031425,0.9869570707214795,4.200924070114393e-05,0.042492555262993226,pilot
LP,SILK,3187.5,0.045523609233416695,0.9863071714458462,5.098606121828028e-05,0.03049497564911819,pilot
LP,SILK,3218.75,0.01028010044638532,0.985461752589998,5.717073283954309e-05,-0.0010243567193142528,pilot
LP,SILK,3250.0,-0.04322890139839902,0.9841601611864887,4.040035945639541e-05,-0.04879343413933393,pilot
LP,SILK,3281.25,-0.06863268752972432,0.9837081335665134,8.540124360418364e-05,-0.07220203487131714,pilot
LP,SILK,3312.5,-0.09659348814478166,0.9835626781898825,0.00010819105771004571,-0.09952062123532629,pilot
LP,SILK,3343.75,-0.14033068595344217,0.9836801213694688,0.00010137657301523159,-0.1437763612890356,pilot
LP,SILK,3375.0,-0.1610014651689021,0.9837312691163739,0.0003488768842423134,-0.16467295178479302,pilot
LP,SILK,3406.25,-0.09044243879731483,0.9823922023626878,0.0003512782280102099,-0.08819822987952751,pilot
LP,SILK,3437.5,-0.031648722219073416,0.9821255396700606,0.0010410678134702873,-0.028225494815773047,pilot
LP,SILK,3468.75,0.011239752493714807,0.9827740023465513,0.0013095396013376415,0.011796433630171969,pilot
LP,SILK,3500.0,0.06574221500391267,0.9831673006364042,8.236608644143473e-05,0.06456123206011802,pilot
LP,SILK,3531.25,0.04476035995033497,0.9829162112270933,4.4662253328828116e-05,0.04468865588368797,pilot
LP,SILK,3562.5,-0.037701853470190075,0.9818426894392266,0.00039580398223720197,-0.03302768632677636,pilot
LP,SILK,3593.75,-0.09454743756912456,0.9817725655735012,7.759672074885104e-05,-0.08956308330662652,pilot
LP,SILK,3625.0,-0.10642418207938673,0.981794697549474,0.0004528886325469157,-0.10153772917447913,pilot
LP,SILK,3656.25,-0.0840761176218578,0.9807262982333845,0.0006486863938713561,-0.07446105315780782,pilot
LP,SILK,3687.5,-0.030049090407990683,0.9794270967346322,0.001414239533767249,-0.014676965033685025,pilot
LP,SILK,3718.75,0.05935356170378034,0.9772653785809418,0.0016214695019275479,0.08432170341053691,pilot
LP,SILK,3750.0,0.05901636363430857,0.9711719042972529,0.005017412330388778,0.11114853990183424,pilot
LP,SILK,3781.25,-0.02168462199901506,0.9629272201422374,0.010133666735296911,0.06747401766903678,pilot
LP,SILK,3812.5,-0.012951866523993234,0.9542108552428306,0.02167054392619739,0.11569788033442013,pilot
LP,SILK,3843.75,0.05046077504300247,0.9417350130522666,0.03991861425975622,0.23626687552550515,pilot
LP,SILK,3875.0,0.024417392464027445,0.9142112268055366,0.05953774348808741,0.3390451652020825,pilot
LP,SILK,3906.25,-0.050673730515021234,0.8567429755971531,0.09576736119824439,0.5459140213048219,pilot
LP,SILK,3937.5,-0.20848152758550412,0.7553801834485278,0.17541959590004855,0.934955873635569,pilot
LP,SILK,3968.75,-0.4164392121643281,0.6270387718283429,0.2958747513629087,1.535710108296073,pilot
LP,SILK,4000.0,-0.4952075197620758,0.4728180668399873,0.452288368610356,2.6829451255200105,pilot
LP,SILK,4031.25,-0.6405974133207395,0.3128837940145298,0.6092267250080655,4.330665169916228,pilot
LP,SILK,4062.5,-0.6763291212925672,0.18826346110739792,0.739989671622736,6.501103767443178,pilot
LP,SILK,4093.75,-0.2787398552557365,0.10421630831319524,0.8433207710486367,9.466996570548043,pilot
LP,SILK,4125.0,0.03567833543137962,0.06294456436637012,0.9046767864800223,11.97118928899475,pilot
LP,SILK,4156.25,-0.25556453666818224,0.04176538664648896,0.9346139263254954,13.46136367590605,pilot
LP,SILK,4187.5,-2.0499378800814294,0.02288174919221739,0.9466982522559193,14.28026318553659,pilot
LP,SILK,4218.75,-4.520177348967978,0.010797046531361697,0.956148493206033,15.071866196092667,pilot
LP,SILK,4250.0,-5.112625900565117,0.005541385944404208,0.9650077241203068,17.376283386829826,pilot
LP,SILK,4281.25,-5.701280829627187,0.0018330026712289657,0.9700560609467017,21.592181467132963,pilot
LP,SILK,4312.5,-0.8788991933531214,0.0015475336358669123,0.9715994519249033,27.14979310951367,pilot
LP,SILK,4343.75,1.2509335197472906,0.0007020118220380303,0.9733940734704313,32.71258253700596,pilot
LP,SILK,4375.0,1.713762214573665,0.0004916891448609186,0.9746651871447499,34.72194928619381,pilot
LP,SILK,4406.25,-7.7758383405280735,4.408046191014759e-05,0.9750986348687052,35.70679356731202,pilot
LP,SILK,4437.5,3.4928700603217377,0.0004567435727664182,0.9749042000756616,36.82123888832282,pilot
LP,SILK,4468.75,-6.268920875897024,4.6199657057789405e-05,0.9764625739128757,37.009784881650766,pilot
LP,SILK,4500.0,-6.631597278146817,6.087271726325431e-05,0.9747581654311192,35.44926911305264,pilot
LP,SILK,4531.25,4.59692999167345,0.0012110014715441923,0.9735477636637443,33.690576558272156,pilot
LP,SILK,4562.5,4.3038666693588326,0.0011724470139549074,0.9727476911281197,33.53802769579773,pilot
LP,SILK,4593.75,0.7370074269800191,0.00039706800024432636,0.9704282705274017,34.67345181600634,pilot
LP,SILK,4625.0,2.7307726435442996,0.0003694196572853313,0.9734209727581516,36.980665908135336,pilot
LP,SILK,4656.25,1.4366771033398475,0.00013263545082152755,0.9736961304877099,40.13517419995595,pilot
LP,SILK,4687.5,3.2391889990154823,0.00013745334984362025,0.9726054291703147,41.78272899037938,pilot
LP,SILK,4718.75,1.37188691511278,9.478283405259308e-05,0.9723200427684362,41.52968328873299,pilot
LP,SILK,4750.0,-1.7415215081219273,4.9226811953733306e-05,0.9712852572655921,41.261554659900156,pilot
LP,SILK,4781.25,-3.3155451739905484,3.8568634899061426e-05,0.9726772390539722,40.74720542446555,pilot
LP,SILK,4812.5,-7.14535289518005,1.94376059118196e-05,0.9713749390583701,39.89331265251222,pilot
LP,SILK,4843.75,-9.156376494889262,1.5119498596116577e-05,0.9701939937733075,38.97334289033354,pilot
LP,SILK,4875.0,-5.157077343046629,4.50047443006321e-05,0.9711258412534851,38.23543294677353,pilot
LP,SILK,4906.25,-3.000420215022862,8.574082036230518e-05,0.9711464056731051,37.59279671537981,pilot
LP,SILK,4937.5,-11.105371494276193,1.6649541361493847e-05,0.9669040421600577,36.6056990344283,pilot
LP,SILK,4968.75,-5.960933453986431,7.035462865703613e-05,0.9641033202662139,35.49123307030754,pilot
LP,SILK,5000.0,-10.724372833149342,3.045574302803513e-05,0.9587011305756976,34.364028447809346,pilot
LP,SILK,5031.25,-16.162312256491884,1.2611553241395321e-05,0.9532119814072338,32.7550952422392,pilot
LP,SILK,5062.5,-9.184584612692747,9.809729767263388e-05,0.9540865201376308,30.823938224127374,pilot
LP,SILK,5093.75,-7.183667921050908,0.00022783921344870522,0.9549056120458265,29.165140627507075,pilot
LP,SILK,5125.0,-8.318141753584538,0.00025880000071699244,0.9511611184474622,27.477308789763534,pilot
LP,SILK,5156.25,-6.824977562780113,0.000593970805884648,0.9433629132077654,25.362464716538796,pilot
LP,SILK,5187.5,-6.505338375490312,0.0011171340745692593,0.9348667593524724,22.93870191219796,pilot
LP,SILK,5218.75,-6.577498225719516,0.0020424817926300923,0.9210110133999255,20.246013111881336,pilot
LP,SILK,5250.0,-6.550152164202681,0.004091946188530159,0.894416561486451,17.25564197261484,pilot
LP,SILK,5281.25,-6.417553508173829,0.008380290953632753,0.8643266223381403,14.274948796426523,pilot
LP,SILK,5312.5,-6.221410225044654,0.01822197599248493,0.8079785290598347,11.0977283491236,pilot
LP,SILK,5343.75,-5.9935913720115055,0.043783384989775576,0.6958391652777414,7.5184085554217015,pilot
LP,SILK,5375.0,-5.732496759744501,0.10717129288194695,0.48200102448159426,3.891811816192849,pilot
LP,SILK,5406.25,-5.478814748710638,0.22355801878986598,0.21270113474416272,0.9523760049608182,pilot
LP,SILK,5437.5,-5.265842241687922,0.3545591573544715,0.032512693807744804,-0.8376360320312144,pilot
LP,SILK,5468.75,-5.067802927396139,0.45274853510332547,0.0010028002064310865,-1.7012801900591064,pilot
LP,SILK,5500.0,-4.8428254679646345,0.5282231292129839,0.021745727881840485,-2.145906329249261,pilot
LP,SILK,5531.25,-4.629889508552499,0.6013599335666611,0.0286544223284574,-2.4961411258131965,pilot
LP,SILK,5562.5,-4.461784150922528,0.666544503520632,0.015580187018199375,-2.7749823903919153,pilot
LP,SILK,5593.75,-4.27929897083894,0.7087786636728288,0.0018669861174864463,-2.859312050808465,pilot
LP,SILK,5625.0,-4.042910867856667,0.7130372749929633,0.0028955836037822943,-2.648939930308048,pilot
LP,SILK,5656.25,-3.825922500650598,0.677075171194061,0.020257070734800153,-2.2071981074649254,pilot
LP,SILK,5687.5,-3.6953226173188303,0.6168208952219092,0.03780204205574908,-1.671820115064429,pilot
LP,SILK,5718.75,-3.564789745375512,0.5546461590854767,0.04999001671853283,-1.079856568569272,pilot
LP,SILK,5750.0,-3.4015817822812835,0.5023180571112126,0.049986973021294186,-0.4862764096292097,pilot
LP,SILK,5781.25,-3.271661053942525,0.45932532772860707,0.03643771625332506,0.032228285633299596,pilot
LP,SILK,5812.5,-3.1803192727709413,0.4213775556038923,0.020151160606120384,0.4980600077706354,pilot
LP,SILK,5843.75,-3.040063236080135,0.3899238437568731,0.00885611799492145,0.9752321091506062,pilot
LP,SILK,5875.0,-2.8835939838932116,0.36355507556284483,0.0017849859875541892,1.435797169731874,pilot
LP,SILK,5906.25,-2.79386590439324,0.33830892088339254,8.633743053531435e-05,1.8380928722532839,pilot
LP,SILK,5937.5,-2.765640170271216,0.3147548413654894,0.00310536621518006,2.1797289162550513,pilot
LP,SILK,5968.75,-2.656702171189673,0.29843440557838286,0.008694494023043692,2.5199022026289066,pilot
LP,SILK,6000.0,-2.571918806733833,0.28489030426646633,0.015730009646569645,2.8063977780861844,pilot
LP,SILK,6031.25,-2.537613965459367,0.2732415320839581,0.02350507653412988,3.0220121920026672,pilot
LP,SILK,6062.5,-2.468612059969185,0.2665943189618773,0.02992956097785384,3.1979723103528093,pilot
LP,SILK,6093.75,-2.3944734891218005,0.26480874108609115,0.030660205800465357,3.301296619681115,pilot
LP,SILK,6125.0,-2.339155938142764,0.26668486569489214,0.026780963739491334,3.32595363443681,pilot
LP,SILK,6156.25,-2.31414359260571,0.27134662819528216,0.020261878370062304,3.2757053895074932,pilot
LP,SILK,6187.5,-2.349704939995954,0.2770676916932182,0.01412716414039433,3.149529470072729,pilot
LP,SILK,6218.75,-2.405754182306579,0.28558189229406505,0.007592604835020214,2.962032423556027,pilot
LP,SILK,6250.0,-2.461137877443144,0.2975257402410543,0.0021294307144687306,2.7287099540284125,pilot
LP,SILK,6281.25,-2.547067900664225,0.3115280705351275,1.7582085550248038e-06,2.4430535218971734,pilot
LP,SILK,6312.5,-2.6199383327971058,0.32904150447719954,0.0025759822241051855,2.1326481202367034,pilot
LP,SILK,6343.75,-2.686477329038138,0.3497000033480945,0.011618530160604582,1.8016595816358396,pilot
LP,SILK,6375.0,-2.756768270537044,0.37353688472649865,0.026556974799733398,1.4449900800484623,pilot
LP,SILK,6406.25,-2.840889528423955,0.40221767298151284,0.042118939258022445,1.0395922561273072,pilot
LP,SILK,6437.5,-2.9429491982952887,0.43632770044002045,0.05747985186362238,0.5840162248276339,pilot
LP,SILK,6468.75,-3.123133091282497,0.4681030073363376,0.08102347112258101,0.09854587137159103,pilot
LP,SILK,6500.0,-3.2988017390342805,0.502331536499267,0.1061018015900291,-0.3836129050020205,pilot
LP,SILK,6531.25,-3.355874168152473,0.5592649014582711,0.10692265799528189,-0.9069565385950225,pilot
LP,SILK,6562.5,-3.4344786536495855,0.6235590619488413,0.093575966579322,-1.458161328760845,pilot
LP,SILK,6593.75,-3.5339290653757054,0.6854854255153433,0.07001718770747872,-1.968818044514883,pilot
LP,SILK,6625.0,-3.6121960117485576,0.7380334644679452,0.03632958397236744,-2.3678632801644874,pilot
LP,SILK,6656.25,-3.7531162155745172,0.7484695754876444,0.013321622257747743,-2.5697644544016773,pilot
LP,SILK,6687.5,-3.880125582480728,0.7194761153094554,0.0017588023761505754,-2.525196118053809,pilot
LP,SILK,6718.75,-4.030561937927806,0.6565902764055819,0.0011258154869826856,-2.2784131313351725,pilot
LP,SILK,6750.0,-4.128048506303364,0.5799153400263682,0.010682919947517324,-1.836601200326994,pilot
LP,SILK,6781.25,-4.198026181823769,0.5022266595635795,0.025898111342062904,-1.2819305317445746,pilot
LP,SILK,6812.5,-4.3626936006805455,0.4264905986004933,0.04244641135354432,-0.736694947170543,pilot
LP,SILK,6843.75,-4.492878669593864,0.3647477758635896,0.05675381506769112,-0.1877119178427938,pilot
LP,SILK,6875.0,-4.6169591979811395,0.31692645506933975,0.0624442387939257,0.2985491480345129,pilot
LP,SILK,6906.25,-4.695178687503718,0.2819307029339234,0.060652238441769785,0.7284908462004311,pilot
LP,SILK,6937.5,-4.780956915197906,0.2554407662378609,0.05233822730564661,1.0712342774164139,pilot
LP,SILK,6968.75,-4.932912141402062,0.2331406469165268,0.04307983181578782,1.3160011618176546,pilot
LP,SILK,7000.0,-5.021846818986424,0.21774483213492635,0.032250171487719866,1.523767891981913,pilot
LP,SILK,7031.25,-5.004132204609549,0.2087822201883939,0.022332501190117548,1.724025955157409,pilot
LP,SILK,7062.5,-5.0211252491793275,0.20205448058788758,0.014159549395698993,1.849283171871337,pilot
LP,SILK,7093.75,-5.059620140453644,0.1978339795686578,0.006878933710908137,1.902464262697706,pilot
LP,SILK,7125.0,-5.075879422346244,0.19666302901709945,0.001860603067368023,1.9119866138981645,pilot
LP,SILK,7156.25,-5.081563558921211,0.19803419577957063,5.24518314878631e-06,1.8761278261288652,pilot
LP,SILK,7187.5,-5.033238945619742,0.20257547370472845,0.0032825181121927667,1.8259856983332785,pilot
LP,SILK,7218.75,-4.951384589049607,0.20962654832125607,0.01315888812268097,1.759245852641235,pilot
LP,SILK,7250.0,-4.880474669104028,0.21816675581284994,0.03014388669877929,1.6567328699792068,pilot
LP,SILK,7281.25,-4.8406377009413415,0.22790932384363732,0.0524895515851368,1.5068346476997214,pilot
LP,SILK,7312.5,-4.796432964839797,0.239302846418603,0.08215186675920731,1.3391816663473446,pilot
LP,SILK,7343.75,-4.724134846390465,0.25215648871794366,0.12114384090127595,1.1842569459979015,pilot
LP,SILK,7375.0,-4.652008743244255,0.2692078281341522,0.15567671935572,0.9722076888401556,pilot
LP,SILK,7406.25,-4.588520234030476,0.29161981853397456,0.18312091135793537,0.688402687536164,pilot
LP,SILK,7437.5,-4.50958221400377,0.3216733513879052,0.20104638894854054,0.34136022305858493,pilot
LP,SILK,7468.75,-4.409429998774214,0.368855705751411,0.19117434191742183,-0.15290178199209165,pilot
LP,SILK,7500.0,-4.280888824455847,0.43600630623821984,0.1568162452538057,-0.7507232570394604,pilot
LP,SILK,7531.25,-4.131476777506048,0.514850517056976,0.11653975107294001,-1.323195034496763,pilot
LP,SILK,7562.5,-3.9996981640667655,0.5925518755094625,0.08346500188735438,-1.801868659361062,pilot
LP,SILK,7593.75,-3.895226279088722,0.6675153433803588,0.04789829354212086,-2.214745531356776,pilot
LP,SILK,7625.0,-3.8130489426835945,0.7293657448545369,0.014951295998732845,-2.517409292623306,pilot
LP,SILK,7656.25,-3.7321604437460048,0.7618463589349852,0.0007910526549180465,-2.6257411312111723,pilot
LP,SILK,7687.5,-3.6115874599445874,0.767327338826141,0.0026882966571083193,-2.5363009025602286,pilot
LP,SILK,7718.75,-3.528372479896102,0.7443220702551984,0.017688572023598578,-2.320888171143488,pilot
LP,SILK,7750.0,-3.4795266487599474,0.7003982658965179,0.04397666810927905,-2.0078839949216922,pilot
LP,SILK,7781.25,-3.417432745474391,0.6517142316669531,0.07378900099001867,-1.6329115192266408,pilot
LP,SILK,7812.5,-3.329869782465251,0.6153374428051418,0.08998807522459328,-1.2959099308562245,pilot
LP,SILK,7843.75,-3.2742272036237647,0.5931646529580666,0.08526781435819622,-1.080886560831791,pilot
LP,SILK,7875.0,-3.2577091096563975,0.5723578971439645,0.08006143830804699,-0.9092926283290528,pilot
LP,SILK,7906.25,-3.219461430631489,0.5692319626715098,0.05587653507905485,-0.8472609348700633,pilot
LP,SILK,7937.5,-3.1756576446436293,0.5769901168522752,0.02248869264731945,-0.8622481120626448,pilot
LP,SILK,7968.75,-3.150086987122012,0.5753594808409015,0.012360252537592906,-0.8243864502168398,pilot
LP,SILK,8000.0,-3.1478568189774863,0.5719307975817548,0.012585024457178783,-0.7961983762017867,pilot
