set,utterance,subset,speaker_id,condition,ref_hf_energy_fraction_4_8k,ref_fricative_frame_fraction,ref_voiced_frame_fraction,ref_spectral_flatness,ref_spectral_flux_db,vs_ref_alignment_lag_samples,vs_ref_alignment_lag_ms,vs_ref_length_equal,vs_ref_spectral_distortion,vs_ref_lsd_db,vs_ref_lsd_0_3k_db,vs_ref_lsd_0_4k_db,vs_ref_lsd_4_8k_db,vs_ref_retained_bandwidth_hz,vs_ref_hf_power_change_db,vs_ref_coherence_0_3500,vs_lp_alignment_lag_samples,vs_lp_alignment_lag_ms,vs_lp_spectral_distortion,vs_lp_lsd_db,vs_lp_lsd_0_3k_db,vs_lp_lsd_0_4k_db,vs_lp_lsd_4_8k_db,vs_lp_retained_bandwidth_hz,vs_lp_hf_power_change_db,vs_lp_coherence_0_3500,vs_lp_envelope_decorrelation
pilot,84-121123-0009,dev-clean,84,REF,0.006810731493527734,0.12385321100917432,0.583710407239819,0.004330814150331945,3.2157904163008686,,,,,,,,,,,,,,,,,,,,,,
pilot,84-121123-0009,dev-clean,84,LP,,,,,,0.0,0.0,True,144.74874877929688,9.192907333374023,0.03210469335317612,1.3944873809814453,12.842447280883789,4093.75,-26.4631687632819,0.9999723065354743,,,,,,,,,,,
pilot,84-121123-0009,dev-clean,84,OPUS,,,,,,2.0,0.125,True,151.25424194335938,10.318401336669922,6.461342811584473,6.538562297821045,12.164241790771484,4500.0,-15.563311205233639,0.5297079067947644,2.0,0.125,27.403783798217773,5.041977882385254,6.4597697257995605,6.348362445831299,2.3079957962036133,8000.0,10.900358090369746,0.5296229992090035,0.010480344184644719
pilot,84-121123-0009,dev-clean,84,SILK,,,,,,2.0,0.125,True,131.67059326171875,8.84214973449707,1.3180553913116455,2.1118850708007812,12.147784233093262,4625.0,-15.870897036143228,0.9934103411498088,2.0,0.125,7.890111923217773,2.1828408241271973,1.3192722797393799,1.5262171030044556,2.2576332092285156,8000.0,10.592772259460157,0.9933990088197074,0.00026516865746994966
pilot,84-121123-0009,dev-clean,84,NEG_LP,,,,,,0.0,0.0,True,26.223140716552734,3.7954952716827393,5.290234548738226e-05,6.468086940003559e-05,5.3572282791137695,7156.25,-0.41673663156613083,0.9999999999930855,,,,,,,,,,,
pilot,84-121123-0009,dev-clean,84,NEG_CODEC,,,,,,0.0,0.0,True,3.4211926460266113,1.696467399597168,1.4497356414794922,1.4436918497085571,1.8678020238876343,8000.0,-0.4546298776287475,0.9875125397920829,,,,,,,,,,,
pilot,84-121550-0021,dev-clean,84,REF,0.015364838962727842,0.11360448807854137,0.7907949790794979,0.002720873400653052,3.476402860669845,,,,,,,,,,,,,,,,,,,,,,
pilot,84-121550-0021,dev-clean,84,LP,,,,,,0.0,0.0,True,158.9407958984375,10.173643112182617,0.02846316434442997,1.3655649423599243,14.270500183105469,4093.75,-25.605036645124276,0.9999725443015363,,,,,,,,,,,
pilot,84-121550-0021,dev-clean,84,OPUS,,,,,,2.0,0.125,True,155.4119873046875,10.428866386413574,5.679110050201416,5.982045650482178,13.057510375976562,4750.0,-18.31633165924832,0.5742653674962098,2.0,0.125,30.9262752532959,5.034280776977539,5.678523063659668,5.781159400939941,3.697756052017212,8000.0,7.2887049585073385,0.5742856775866861,0.0072246932088716465
pilot,84-121550-0021,dev-clean,84,SILK,,,,,,2.0,0.125,True,135.23228454589844,9.3402738571167,1.137671947479248,1.900018572807312,12.984872817993164,4750.0,-17.930921544603798,0.9936526141795087,2.0,0.125,13.161419868469238,2.9778037071228027,1.1370017528533936,1.3729636669158936,3.8324811458587646,7968.75,7.674115073151863,0.9936534339759031,0.00017774237526613224
pilot,84-121550-0021,dev-clean,84,NEG_LP,,,,,,0.0,0.0,True,27.6077938079834,4.056623935699463,2.5241051844204776e-05,2.76877199212322e-05,5.725803852081299,7156.25,-0.5982511558231847,0.9999999999998826,,,,,,,,,,,
pilot,84-121550-0021,dev-clean,84,NEG_CODEC,,,,,,0.0,0.0,True,3.6241796016693115,1.6959680318832397,1.3785220384597778,1.3805253505706787,1.8905870914459229,8000.0,-0.44319900262317496,0.989885031512559,,,,,,,,,,,
pilot,174-50561-0003,dev-clean,174,REF,0.016941309396708865,0.1518987341772152,0.3717948717948718,0.009538420618172389,3.1161699161529577,,,,,,,,,,,,,,,,,,,,,,
pilot,174-50561-0003,dev-clean,174,LP,,,,,,0.0,0.0,True,155.51715087890625,9.555634498596191,0.030774179846048355,1.3779735565185547,13.362534523010254,4093.75,-24.235185370950717,0.9999735654367166,,,,,,,,,,,
pilot,174-50561-0003,dev-clean,174,OPUS,,,,,,2.0,0.125,True,158.79437255859375,10.618840217590332,6.493653774261475,6.734220027923584,12.482037544250488,4468.75,-19.044742258807364,0.6013064731934669,2.0,0.125,32.94332504272461,5.482187747955322,6.49238920211792,6.448774337768555,3.4416840076446533,8000.0,5.190448615122158,0.6013448105714084,0.00891539132760899
pilot,174-50561-0003,dev-clean,174,SILK,,,,,,2.0,0.125,True,135.06976318359375,9.167016983032227,1.8189440965652466,2.443727731704712,12.3312406539917,4500.0,-17.329728521002004,0.9899032643228645,2.0,0.125,15.193183898925781,3.3620119094848633,1.8169926404953003,1.9093735218048096,3.8280675411224365,8000.0,6.905462352927518,0.9899061820161902,0.0007836249479481472
pilot,174-50561-0003,dev-clean,174,NEG_LP,,,,,,0.0,0.0,True,24.810741424560547,3.6377463340759277,3.1098952604224905e-05,3.466795533313416e-05,5.1345672607421875,7156.25,-0.1645454642866297,0.9999999999989573,,,,,,,,,,,
pilot,174-50561-0003,dev-clean,174,NEG_CODEC,,,,,,0.0,0.0,True,3.652766466140747,1.741825819015503,1.5308152437210083,1.496856927871704,1.8002794981002808,8000.0,-0.0788546850382478,0.9913231677531718,,,,,,,,,,,
pilot,174-84280-0013,dev-clean,174,REF,0.007637379588882467,0.07798537774167344,0.4856,0.009394335738261273,3.1585878907239535,,,,,,,,,,,,,,,,,,,,,,
pilot,174-84280-0013,dev-clean,174,LP,,,,,,0.0,0.0,True,105.86468505859375,8.027397155761719,0.029642846435308456,1.2666559219360352,11.220579147338867,4093.75,-23.156666188990922,0.9999732687710239,,,,,,,,,,,
pilot,174-84280-0013,dev-clean,174,OPUS,,,,,,2.0,0.125,True,109.15562438964844,9.000950813293457,5.859982490539551,6.113828659057617,10.341750144958496,4625.0,-15.409420412699596,0.5503367301897635,2.0,0.125,26.621074676513672,4.875882625579834,5.859256744384766,5.876135349273682,2.9147608280181885,8000.0,7.747269348530677,0.5503351948672137,0.006189872839465482
pilot,174-84280-0013,dev-clean,174,SILK,,,,,,2.0,0.125,True,90.22672271728516,7.581337928771973,1.3369237184524536,2.03305721282959,10.261093139648438,4656.25,-14.381627839537467,0.9915523537974004,2.0,0.125,10.599640846252441,2.650146722793579,1.336167335510254,1.5008717775344849,3.1173064708709717,8000.0,8.775061921692807,0.991556037119972,0.00021483953240186704
pilot,174-84280-0013,dev-clean,174,NEG_LP,,,,,,0.0,0.0,True,16.66335678100586,2.958554267883301,1.153260291175684e-05,1.3215993931225967e-05,4.175908088684082,7156.25,-0.20858363915558414,0.9999999999998026,,,,,,,,,,,
pilot,174-84280-0013,dev-clean,174,NEG_CODEC,,,,,,0.0,0.0,True,2.5344126224517822,1.4494218826293945,1.2532585859298706,1.220504879951477,1.4827125072479248,8000.0,-0.16022614083906056,0.994412938983994,,,,,,,,,,,
pilot,251-136532-0002,dev-clean,251,REF,0.011008174016051529,0.08829174664107485,0.5215759849906192,0.006047964052001314,3.382119874971257,,,,,,,,,,,,,,,,,,,,,,
pilot,251-136532-0002,dev-clean,251,LP,,,,,,0.0,0.0,True,122.85968780517578,8.303444862365723,0.03115735948085785,1.3635244369506836,11.53947925567627,4093.75,-21.169621387118625,0.9999731786914812,,,,,,,,,,,
pilot,251-136532-0002,dev-clean,251,OPUS,,,,,,2.0,0.125,True,125.38162231445312,9.409479141235352,5.735409736633301,6.16589879989624,10.784092903137207,4781.25,-11.476226283188291,0.6247050495817527,2.0,0.125,37.134979248046875,5.6084065437316895,5.734192371368408,5.922992706298828,4.343844890594482,8000.0,9.693395048530332,0.6247539835171696,0.006624028659596437
pilot,251-136532-0002,dev-clean,251,SILK,,,,,,2.0,0.125,True,106.28104400634766,7.934041976928711,1.0827999114990234,1.8965951204299927,10.77648639678955,4781.25,-10.201861901296754,0.9942363726196591,2.0,0.125,21.5977840423584,3.6300206184387207,1.0823894739151,1.2747739553451538,4.684224605560303,8000.0,10.967759430421868,0.9942284167276347,0.00020601945032472369
pilot,251-136532-0002,dev-clean,251,NEG_LP,,,,,,0.0,0.0,True,20.862045288085938,3.142916679382324,1.5963834812282585e-05,1.8833829017239623e-05,4.436131000518799,7156.25,-0.4443844205167866,0.9999999999999685,,,,,,,,,,,
pilot,251-136532-0002,dev-clean,251,NEG_CODEC,,,,,,0.0,0.0,True,2.569199323654175,1.4340457916259766,1.2321076393127441,1.2124865055084229,1.4510183334350586,8000.0,-0.25753893958457513,0.992881664339172,,,,,,,,,,,
pilot,251-137823-0005,dev-clean,251,REF,0.008014206856232674,0.06993006993006994,0.482837528604119,0.005304108557771684,3.3437273762738404,,,,,,,,,,,,,,,,,,,,,,
pilot,251-137823-0005,dev-clean,251,LP,,,,,,0.0,0.0,True,131.57814025878906,8.79382038116455,0.03024100512266159,1.3479299545288086,12.249340057373047,4093.75,-24.299792268919447,0.9999720515438987,,,,,,,,,,,
pilot,251-137823-0005,dev-clean,251,OPUS,,,,,,2.0,0.125,True,131.9039764404297,9.789119720458984,5.656409740447998,6.08934211730957,11.463204383850098,4812.5,-14.684405496045956,0.6654704595717343,2.0,0.125,37.70714569091797,5.690694808959961,5.655283451080322,5.916746616363525,4.526229381561279,8000.0,9.615386772873489,0.6654487890111669,0.006736924408014433
pilot,251-137823-0005,dev-clean,251,SILK,,,,,,2.0,0.125,True,113.39502716064453,8.37939167022705,1.0590074062347412,1.8519489765167236,11.439449310302734,4843.75,-14.367510217869015,0.9963270848408884,2.0,0.125,22.236799240112305,3.728243827819824,1.058500051498413,1.3011853694915771,4.809567451477051,8000.0,9.93228205105043,0.9963235134803091,0.00014710935469519626
pilot,251-137823-0005,dev-clean,251,NEG_LP,,,,,,0.0,0.0,True,19.211633682250977,3.0562407970428467,1.8652806829777546e-05,2.5283019567723386e-05,4.313790321350098,7156.25,-0.40455420609221415,0.9999999999999691,,,,,,,,,,,
pilot,251-137823-0005,dev-clean,251,NEG_CODEC,,,,,,0.0,0.0,True,2.663309335708618,1.4582723379135132,1.3013043403625488,1.3045145273208618,1.4419796466827393,8000.0,-0.326778542499267,0.9929560349199511,,,,,,,,,,,
pilot,422-122949-0000,dev-clean,422,REF,0.18073992940371453,0.10537084398976983,0.45,0.009573528640706723,3.3058261889753284,,,,,,,,,,,,,,,,,,,,,,
pilot,422-122949-0000,dev-clean,422,LP,,,,,,0.0,0.0,True,177.47760009765625,10.94567584991455,0.03004705160856247,1.4880276918411255,15.349845886230469,4093.75,-28.95679112858547,0.999973255239641,,,,,,,,,,,
pilot,422-122949-0000,dev-clean,422,OPUS,,,,,,2.0,0.125,True,176.6270751953125,11.48600959777832,5.835514068603516,6.259708881378174,14.469230651855469,4187.5,-25.31085043296762,0.6073914962160526,2.0,0.125,30.095317840576172,5.295042037963867,5.925337314605713,6.098871231079102,3.6434946060180664,8000.0,3.6459243306521634,0.6073807594965746,0.01258267957144188
pilot,422-122949-0000,dev-clean,422,SILK,,,,,,2.0,0.125,True,156.526123046875,10.322661399841309,1.1746423244476318,2.0279202461242676,14.357086181640625,4218.75,-24.125716195320397,0.9934885512575728,2.0,0.125,13.761564254760742,3.123685836791992,1.2001371383666992,1.4633041620254517,3.908447504043579,8000.0,4.831058568299385,0.9934684275512237,0.0007978332887739192
pilot,422-122949-0000,dev-clean,422,NEG_LP,,,,,,0.0,0.0,True,15.422375679016113,2.5860188007354736,2.4097695131786168e-05,2.794045394693967e-05,3.650087356567383,7156.25,-0.012615093415947983,0.9999999999968837,,,,,,,,,,,
pilot,422-122949-0000,dev-clean,422,NEG_CODEC,,,,,,0.0,0.0,True,2.2892842292785645,1.3836629390716553,1.0976266860961914,1.1026219129562378,1.5241156816482544,8000.0,0.008644644046949356,0.996315371543144,,,,,,,,,,,
pilot,422-122949-0018,dev-clean,422,REF,0.033348675246449404,0.07918710581639804,0.4328882642304989,0.010637479490955132,3.1629626343565795,,,,,,,,,,,,,,,,,,,,,,
pilot,422-122949-0018,dev-clean,422,LP,,,,,,0.0,0.0,True,199.46031188964844,12.183791160583496,0.034420572221279144,1.588407039642334,17.098535537719727,4093.75,-28.91003203790889,0.9999726736369249,,,,,,,,,,,
pilot,422-122949-0018,dev-clean,422,OPUS,,,,,,2.0,0.125,True,197.2934112548828,12.625005722045898,6.057385444641113,6.536912441253662,16.17943000793457,4343.75,-21.39833411870955,0.6196985807372338,2.0,0.125,29.51789665222168,5.287303924560547,6.056789398193359,6.210339069366455,3.421086072921753,8000.0,7.511775938111201,0.6196988843714615,0.01283072297436183
pilot,422-122949-0018,dev-clean,422,SILK,,,,,,2.0,0.125,True,175.40296936035156,11.516347885131836,1.2383570671081543,2.1377389430999756,16.055816650390625,4375.0,-20.66318610399266,0.9927301976807775,2.0,0.125,12.519230842590332,2.9996860027313232,1.2380157709121704,1.4488425254821777,3.7125139236450195,8000.0,8.24692395282809,0.9927311862460808,0.0005790238329217434
pilot,422-122949-0018,dev-clean,422,NEG_LP,,,,,,0.0,0.0,True,17.544466018676758,3.0958714485168457,2.1167810700717382e-05,2.6436324333189987e-05,4.369729995727539,7156.25,-0.04869559891802913,0.9999999999957143,,,,,,,,,,,
pilot,422-122949-0018,dev-clean,422,NEG_CODEC,,,,,,0.0,0.0,True,2.6779463291168213,1.5210222005844116,1.1742485761642456,1.1640795469284058,1.7320051193237305,8000.0,-0.0323763480999183,0.9957221170258119,,,,,,,,,,,
pilot,652-130726-0021,dev-clean,652,REF,0.11888713260419033,0.08310991957104558,0.3004524886877828,0.01009430325452737,3.622243292579077,,,,,,,,,,,,,,,,,,,,,,
pilot,652-130726-0021,dev-clean,652,LP,,,,,,0.0,0.0,True,211.88705444335938,12.069475173950195,0.03218269720673561,1.5870375633239746,16.92090606689453,4093.75,-23.801825862465083,0.9999727658902817,,,,,,,,,,,
pilot,652-130726-0021,dev-clean,652,OPUS,,,,,,2.0,0.125,True,206.0591583251953,12.49756145477295,6.569401264190674,7.06227970123291,15.671235084533691,4468.75,-16.103354378462182,0.5319297511181859,2.0,0.125,39.57501983642578,6.013749599456787,6.569052696228027,6.8127121925354,4.458281993865967,8000.0,7.698464053048709,0.532091132669636,0.019846654144957232
pilot,652-130726-0021,dev-clean,652,SILK,,,,,,2.0,0.125,True,182.11734008789062,11.250675201416016,1.5888004302978516,2.4246532917022705,15.578910827636719,4468.75,-15.482863990919869,0.989587372844155,2.0,0.125,18.541885375976562,3.705787181854248,1.5884840488433838,1.851788878440857,4.657989978790283,8000.0,8.318954440591023,0.9895968754762725,0.007438705555916414
pilot,652-130726-0021,dev-clean,652,NEG_LP,,,,,,0.0,0.0,True,32.622108459472656,4.2441725730896,2.525441777834203e-05,3.2270771043840796e-05,5.99052095413208,7156.25,-0.42595334619930253,0.9999999999996003,,,,,,,,,,,
pilot,652-130726-0021,dev-clean,652,NEG_CODEC,,,,,,0.0,0.0,True,3.4271745681762695,1.7274473905563354,1.3722418546676636,1.402862310409546,1.8949288129806519,8000.0,-0.256051487378712,0.9949458873778344,,,,,,,,,,,
pilot,652-130726-0024,dev-clean,652,REF,0.06358631808924266,0.0831758034026465,0.36776061776061775,0.018292369739837548,3.604250489248394,,,,,,,,,,,,,,,,,,,,,,
pilot,652-130726-0024,dev-clean,652,LP,,,,,,0.0,0.0,True,206.48440551757812,11.699264526367188,0.03484668582677841,1.5719799995422363,16.38648223876953,4093.75,-22.015242338012115,0.999972863187227,,,,,,,,,,,
pilot,652-130726-0024,dev-clean,652,OPUS,,,,,,2.0,0.125,True,199.02456665039062,12.200103759765625,6.409134387969971,6.953754901885986,15.159807205200195,4562.5,-13.70869289694289,0.5595893559006943,2.0,0.125,41.048561096191406,6.0690999031066895,6.409050941467285,6.6869049072265625,4.643430709838867,8000.0,8.30655573210527,0.5595401073408057,0.02139158839864619
pilot,652-130726-0024,dev-clean,652,SILK,,,,,,2.0,0.125,True,176.03421020507812,10.932711601257324,1.5739167928695679,2.398338556289673,15.088930130004883,4593.75,-12.677994052304818,0.9908000518555744,2.0,0.125,21.55194091796875,3.9324426651000977,1.574236273765564,1.8008896112442017,4.959995746612549,8000.0,9.337254576743344,0.9907976981042206,0.010301181229260159
pilot,652-130726-0024,dev-clean,652,NEG_LP,,,,,,0.0,0.0,True,30.85857391357422,3.935208559036255,4.445390004548244e-05,4.9448419304098934e-05,5.5544257164001465,7156.25,-0.48558611942220614,0.9999999999934276,,,,,,,,,,,
pilot,652-130726-0024,dev-clean,652,NEG_CODEC,,,,,,0.0,0.0,True,3.250898599624634,1.660595417022705,1.3302772045135498,1.3532301187515259,1.7877660989761353,8000.0,-0.31518696116404143,0.9956158640957969,,,,,,,,,,,
pilot,1272-135031-0012,dev-clean,1272,REF,0.003604223764006053,0.06532663316582915,0.5773195876288659,0.006356654512110677,3.1232453313860415,,,,,,,,,,,,,,,,,,,,,,
pilot,1272-135031-0012,dev-clean,1272,LP,,,,,,0.0,0.0,True,258.9208068847656,15.043170928955078,0.05322209745645523,1.6898810863494873,21.15460968017578,4093.75,-31.91476237037097,0.9999714253478127,,,,,,,,,,,
pilot,1272-135031-0012,dev-clean,1272,OPUS,,,,,,2.0,0.125,True,269.8221435546875,15.622285842895508,6.693871974945068,7.154933929443359,20.647489547729492,4437.5,-24.225261187153528,0.5782075257781271,2.0,0.125,29.884828567504883,5.390176296234131,6.692587852478027,6.858818531036377,2.8717780113220215,8000.0,7.714981145339025,0.5781613924809799,0.017417475729242016
pilot,1272-135031-0012,dev-clean,1272,SILK,,,,,,2.0,0.125,True,243.46078491210938,14.635713577270508,1.297582983970642,2.2566750049591064,20.511192321777344,4437.5,-22.14869756078519,0.9929655176433969,2.0,0.125,8.029831886291504,2.508530378341675,1.2937153577804565,1.5525668859481812,3.025291919708252,8000.0,9.79154477170736,0.9929595091482372,0.0003041437221269483
pilot,1272-135031-0012,dev-clean,1272,NEG_LP,,,,,,0.0,0.0,True,55.30559158325195,7.015131950378418,0.0014162492007017136,0.0017009025905281305,9.901631355285645,7156.25,-0.7038555793920493,0.9999999579125802,,,,,,,,,,,
pilot,1272-135031-0012,dev-clean,1272,NEG_CODEC,,,,,,0.0,0.0,True,5.188351631164551,2.2382984161376953,1.4981492757797241,1.5584266185760498,2.7121095657348633,8000.0,-0.4531081223943134,0.9929786571750873,,,,,,,,,,,
pilot,1272-141231-0006,dev-clean,1272,REF,0.060493956631411425,0.17553191489361702,0.5759162303664922,0.003693226440501575,3.289751447268112,,,,,,,,,,,,,,,,,,,,,,
pilot,1272-141231-0006,dev-clean,1272,LP,,,,,,0.0,0.0,True,300.8182373046875,13.968104362487793,0.04500645026564598,1.3556742668151855,19.647979736328125,4093.75,-31.919211958102906,0.9999728863225389,,,,,,,,,,,
pilot,1272-141231-0006,dev-clean,1272,OPUS,,,,,,2.0,0.125,True,297.5342712402344,14.516834259033203,5.828269004821777,6.075730800628662,19.021467208862305,4343.75,-23.99192594071067,0.521728243090423,2.0,0.125,27.68755340576172,4.917677879333496,5.827174186706543,5.852412223815918,3.0670571327209473,8000.0,7.927291208837056,0.5217408824331444,0.007011374841291551
pilot,1272-141231-0006,dev-clean,1272,SILK,,,,,,2.0,0.125,True,279.1400146484375,13.600189208984375,1.220168113708496,2.047149181365967,18.985328674316406,4343.75,-23.270129736922826,0.9911363387829483,2.0,0.125,10.649120330810547,2.6144580841064453,1.2165632247924805,1.449949026107788,3.119091272354126,8000.0,8.649087412624898,0.9911400607353682,0.0002190837394324685
pilot,1272-141231-0006,dev-clean,1272,NEG_LP,,,,,,0.0,0.0,True,68.52241516113281,6.70145320892334,8.288241951959208e-05,9.620946366339922e-05,9.458898544311523,7156.25,-1.5799836925610995,0.9999999999668386,,,,,,,,,,,
pilot,1272-141231-0006,dev-clean,1272,NEG_CODEC,,,,,,0.0,0.0,True,3.701017379760742,1.7532483339309692,1.1964530944824219,1.2228078842163086,2.0773255825042725,8000.0,-1.2294538637880126,0.9943599977447526,,,,,,,,,,,
pilot,1462-170138-0025,dev-clean,1462,REF,0.005506136144799142,0.1174496644295302,0.7416107382550335,0.0012432087562998296,3.2276101007234197,,,,,,,,,,,,,,,,,,,,,,
pilot,1462-170138-0025,dev-clean,1462,LP,,,,,,0.0,0.0,True,122.3257827758789,8.233240127563477,0.026722079142928123,1.2810122966766357,11.50129222869873,4093.75,-24.28386713982664,0.9999754701229694,,,,,,,,,,,
pilot,1462-170138-0025,dev-clean,1462,OPUS,,,,,,1.0,0.0625,True,124.76614379882812,8.981282234191895,5.541125774383545,5.715467929840088,10.646211624145508,4593.75,-16.306292332152463,0.668338769506826,1.0,0.0625,25.092451095581055,4.644724369049072,5.5405168533325195,5.5152740478515625,2.879307985305786,8000.0,7.977626308029169,0.6683471085851216,0.006301345914685452
pilot,1462-170138-0025,dev-clean,1462,SILK,,,,,,2.0,0.125,True,108.42048645019531,7.860671043395996,1.8442693948745728,2.2472164630889893,10.581621170043945,4656.25,-15.363857347394713,0.9861583435725884,2.0,0.125,11.170455932617188,2.8145177364349365,1.8435050249099731,1.8676846027374268,3.035922050476074,8000.0,8.920061223545213,0.9861750154260057,0.0005299199837186519
pilot,1462-170138-0025,dev-clean,1462,NEG_LP,,,,,,0.0,0.0,True,16.191650390625,2.577192783355713,5.4340867791324854e-05,6.434667011490092e-05,3.6376311779022217,7156.25,-0.39352111924654404,0.9999999999939619,,,,,,,,,,,
pilot,1462-170138-0025,dev-clean,1462,NEG_CODEC,,,,,,0.0,0.0,True,2.9013471603393555,1.5964810848236084,1.6770604848861694,1.5737736225128174,1.4702935218811035,8000.0,-0.41292411701201026,0.9849539589268174,,,,,,,,,,,
pilot,1462-170142-0002,dev-clean,1462,REF,0.0054963544116796974,0.1843817787418655,0.6560509554140127,0.0014282190416080951,3.324358450795148,,,,,,,,,,,,,,,,,,,,,,
pilot,1462-170142-0002,dev-clean,1462,LP,,,,,,0.0,0.0,True,90.55729675292969,6.7870564460754395,0.023637089878320694,1.2417877912521362,9.437233924865723,4093.75,-21.84759143021641,0.9999718752711808,,,,,,,,,,,
pilot,1462-170142-0002,dev-clean,1462,OPUS,,,,,,2.0,0.125,True,97.97948455810547,8.01058292388916,5.480223655700684,5.686307907104492,8.91770076751709,4593.75,-16.60570604213619,0.621540068282992,2.0,0.125,22.274608612060547,4.406856536865234,5.4798455238342285,5.505091190338135,2.2823920249938965,8000.0,5.2418836940964875,0.6215298833292604,0.006928040681532743
pilot,1462-170142-0002,dev-clean,1462,SILK,,,,,,2.0,0.125,True,82.67488861083984,6.748358726501465,1.7840752601623535,2.2058589458465576,8.911494255065918,4593.75,-14.62282674475501,0.9870555585365108,2.0,0.125,7.7862629890441895,2.3307840824127197,1.7833207845687866,1.7722609043121338,2.38446044921875,8000.0,7.22476299147767,0.9870592293259229,0.0006413147411168385
pilot,1462-170142-0002,dev-clean,1462,NEG_LP,,,,,,0.0,0.0,True,10.010427474975586,1.8252508640289307,2.9714172342210077e-05,3.4267723094671965e-05,2.5762853622436523,7156.25,-0.13995043683408512,0.9999999999984944,,,,,,,,,,,
pilot,1462-170142-0002,dev-clean,1462,NEG_CODEC,,,,,,0.0,0.0,True,2.6493663787841797,1.5143225193023682,1.6819968223571777,1.5766732692718506,1.223831295967102,8000.0,-0.16906403427166317,0.9869548809503701,,,,,,,,,,,
pilot,1673-143396-0005,dev-clean,1673,REF,0.007786338216107598,0.109,0.650542941757157,0.00343250077484171,3.4106270381414836,,,,,,,,,,,,,,,,,,,,,,
pilot,1673-143396-0005,dev-clean,1673,LP,,,,,,0.0,0.0,True,110.583984375,8.565335273742676,0.03241187334060669,1.5530842542648315,11.92382526397705,4093.75,-20.14933548535922,0.9999737626794549,,,,,,,,,,,
pilot,1673-143396-0005,dev-clean,1673,OPUS,,,,,,2.0,0.125,True,118.8790054321289,9.587417602539062,6.374057292938232,6.72489595413208,11.049579620361328,4687.5,-12.400280643224367,0.6221852808950655,2.0,0.125,30.117679595947266,5.32168436050415,6.374493598937988,6.4878435134887695,3.238079309463501,8000.0,7.748992227397499,0.6222109781868015,0.009755806212768059
pilot,1673-143396-0005,dev-clean,1673,SILK,,,,,,2.0,0.125,True,97.36402893066406,8.029557228088379,1.2438974380493164,2.12211537361145,10.993707656860352,4687.5,-11.872242575174376,0.9942668610046954,2.0,0.125,10.32451057434082,2.7231976985931396,1.2426117658615112,1.4809578657150269,3.3773109912872314,8000.0,8.277030295447489,0.9942629014146989,0.00014214107344900917
pilot,1673-143396-0005,dev-clean,1673,NEG_LP,,,,,,0.0,0.0,True,20.197649002075195,3.323340892791748,2.571058394096326e-05,3.262299651396461e-05,4.690795421600342,7156.25,-0.52292600666978,0.9999999999981641,,,,,,,,,,,
pilot,1673-143396-0005,dev-clean,1673,NEG_CODEC,,,,,,0.0,0.0,True,2.796689510345459,1.5604478120803833,1.3451465368270874,1.3342849016189575,1.6376657485961914,8000.0,-0.33072250664477587,0.9927142426534735,,,,,,,,,,,
pilot,1673-143397-0015,dev-clean,1673,REF,0.004702012183019997,0.10474308300395258,0.6107899807321773,0.0028508483472651225,3.4141938580835656,,,,,,,,,,,,,,,,,,,,,,
pilot,1673-143397-0015,dev-clean,1673,LP,,,,,,0.0,0.0,True,59.727760314941406,5.578606128692627,0.024962792173027992,1.283077359199524,7.679001808166504,4093.75,-21.090304182519976,0.9999737099709685,,,,,,,,,,,
pilot,1673-143397-0015,dev-clean,1673,OPUS,,,,,,2.0,0.125,True,69.27378845214844,7.0565505027771,5.821552753448486,6.013009071350098,7.047939777374268,4625.0,-11.331740771923995,0.6403903301852454,2.0,0.125,23.832693099975586,4.625857830047607,5.821023464202881,5.807729721069336,2.334759473800659,8000.0,9.758564327138128,0.640446089077494,0.0095911013762221
pilot,1673-143397-0015,dev-clean,1673,SILK,,,,,,2.0,0.125,True,51.40874481201172,5.268331527709961,1.0778443813323975,1.7984830141067505,7.012421607971191,4687.5,-11.11701431824897,0.9943303652011563,2.0,0.125,7.217191219329834,2.092068672180176,1.0765739679336548,1.2318480014801025,2.447406768798828,8000.0,9.973290780813151,0.9943186586619994,0.0001541358569409068
pilot,1673-143397-0015,dev-clean,1673,NEG_LP,,,,,,0.0,0.0,True,9.435052871704102,1.8651511669158936,1.5874020391493104e-05,1.791978138498962e-05,2.632603645324707,7125.0,-0.23647902651565342,0.9999999999998848,,,,,,,,,,,
pilot,1673-143397-0015,dev-clean,1673,NEG_CODEC,,,,,,0.0,0.0,True,1.8881036043167114,1.215433955192566,1.1919987201690674,1.1531985998153687,1.1147940158843994,8000.0,-0.21124405497862322,0.9931465249997552,,,,,,,,,,,
pilot,1919-142785-0015,dev-clean,1919,REF,0.06483362474479953,0.21160409556313994,0.5625,0.01407221021247168,3.35525374198233,,,,,,,,,,,,,,,,,,,,,,
pilot,1919-142785-0015,dev-clean,1919,LP,,,,,,0.0,0.0,True,139.11212158203125,9.062787055969238,0.023790741339325905,1.3798953294754028,12.660329818725586,4093.75,-24.5356118781687,0.9999724751340449,,,,,,,,,,,
pilot,1919-142785-0015,dev-clean,1919,OPUS,,,,,,2.0,0.125,True,146.49093627929688,10.240004539489746,6.030673503875732,6.269289016723633,12.188427925109863,4718.75,-14.787345088975275,0.5964558471362564,2.0,0.125,25.973041534423828,4.878602981567383,6.029603958129883,6.050604343414307,2.48807430267334,8000.0,9.748281999941547,0.5965162390108907,0.011805779240232628
pilot,1919-142785-0015,dev-clean,1919,SILK,,,,,,2.0,0.125,True,128.01780700683594,8.828055381774902,1.1465972661972046,1.9536244869232178,12.16911792755127,4781.25,-15.242740285652731,0.993061924430696,2.0,0.125,8.44648265838623,2.2291343212127686,1.1447491645812988,1.3249194622039795,2.5790586471557617,8000.0,9.292886803264091,0.9930355223256194,0.00022346919927540565
pilot,1919-142785-0015,dev-clean,1919,NEG_LP,,,,,,0.0,0.0,True,23.016544342041016,3.2534592151641846,3.260999437770806e-05,3.487585490802303e-05,4.592159748077393,7156.25,-1.1605137723392729,0.9999999999963117,,,,,,,,,,,
pilot,1919-142785-0015,dev-clean,1919,NEG_CODEC,,,,,,0.0,0.0,True,2.3403360843658447,1.380038857460022,1.0884929895401,1.099776029586792,1.5264204740524292,8000.0,-0.756105542520495,0.9972602016755303,,,,,,,,,,,
pilot,1919-142785-0033,dev-clean,1919,REF,0.029989472235820422,0.16417910447761194,0.5118694362017804,0.01630158875481966,3.4074223169491273,,,,,,,,,,,,,,,,,,,,,,
pilot,1919-142785-0033,dev-clean,1919,LP,,,,,,0.0,0.0,True,258.4035949707031,14.079915046691895,0.03483967110514641,1.6528581380844116,19.77384376525879,4093.75,-31.27515447477571,0.9999729624504654,,,,,,,,,,,
pilot,1919-142785-0033,dev-clean,1919,OPUS,,,,,,2.0,0.125,True,253.81809997558594,14.474593162536621,6.61321496963501,7.063331604003906,18.664154052734375,4718.75,-22.343103001630638,0.6616735749439698,2.0,0.125,39.51081848144531,6.134403228759766,6.612271308898926,6.785747051239014,4.52417516708374,8000.0,8.951697107309007,0.6616710891855544,0.00999068102792322
pilot,1919-142785-0033,dev-clean,1919,SILK,,,,,,2.0,0.125,True,230.03147888183594,13.335419654846191,1.3323276042938232,2.3371593952178955,18.608856201171875,4750.0,-21.634112409441087,0.9948034686012881,2.0,0.125,18.69437599182129,3.678018808364868,1.3310412168502808,1.6305145025253296,4.710127353668213,8000.0,9.66068769949856,0.9948069774374299,0.00018816169608559807
pilot,1919-142785-0033,dev-clean,1919,NEG_LP,,,,,,0.0,0.0,True,45.66413116455078,5.58264684677124,8.904581773094833e-05,9.565678919898346e-05,7.879739284515381,7125.0,-1.4721158979845521,0.999999999799299,,,,,,,,,,,
pilot,1919-142785-0033,dev-clean,1919,NEG_CODEC,,,,,,0.0,0.0,True,3.891313076019287,1.8955130577087402,1.3135097026824951,1.3628665208816528,2.2504777908325195,8000.0,-1.047272779304671,0.9969095721632697,,,,,,,,,,,
pilot,1988-147956-0003,dev-clean,1988,REF,0.001542359399956729,0.0,0.5067873303167421,0.008727978812850912,3.2245513885549735,,,,,,,,,,,,,,,,,,,,,,
pilot,1988-147956-0003,dev-clean,1988,LP,,,,,,0.0,0.0,True,69.72471618652344,5.5857648849487305,0.03944113850593567,1.215084433555603,7.638635158538818,4125.0,-18.889657889982786,0.9999723896292827,,,,,,,,,,,
pilot,1988-147956-0003,dev-clean,1988,OPUS,,,,,,2.0,0.125,True,75.06700134277344,7.496179103851318,6.839827537536621,6.723243713378906,6.63743782043457,4906.25,-8.30266126530355,0.6260593056353865,2.0,0.125,34.173038482666016,5.6039628982543945,6.838706016540527,6.540528297424316,3.1478700637817383,8000.0,10.59400424963946,0.6260834103559495,0.03470903168888739
pilot,1988-147956-0003,dev-clean,1988,SILK,,,,,,2.0,0.125,True,57.39622116088867,5.832732677459717,3.431931734085083,3.355499505996704,6.603930473327637,4968.75,-7.972749431742271,0.9738339537182817,2.0,0.125,19.6732177734375,3.835341453552246,3.4356236457824707,3.103579044342041,3.4421658515930176,8000.0,10.923916083200737,0.9738333573658213,0.02677786058009768
pilot,1988-147956-0003,dev-clean,1988,NEG_LP,,,,,,0.0,0.0,True,8.580787658691406,1.511184811592102,0.00010804984776768833,0.00012937150313518941,2.132981300354004,7156.25,-0.10493667782559066,0.999999999990883,,,,,,,,,,,
pilot,1988-147956-0003,dev-clean,1988,NEG_CODEC,,,,,,0.0,0.0,True,5.699206829071045,2.274272918701172,3.3291268348693848,2.9384565353393555,0.8905034065246582,8000.0,-0.10366318766066832,0.9762543929885089,,,,,,,,,,,
pilot,1988-147956-0007,dev-clean,1988,REF,0.0018019956468228369,0.0034071550255536627,0.5584905660377358,0.006647915062716941,3.316600595110243,,,,,,,,,,,,,,,,,,,,,,
pilot,1988-147956-0007,dev-clean,1988,LP,,,,,,0.0,0.0,True,61.838191986083984,5.695708274841309,0.03415633738040924,1.3331960439682007,7.806793689727783,4093.75,-19.340858518118928,0.9999729863054531,,,,,,,,,,,
pilot,1988-147956-0007,dev-clean,1988,OPUS,,,,,,2.0,0.125,True,71.2243423461914,7.456814289093018,6.82735538482666,6.847986221313477,6.731424331665039,4937.5,-9.56351103888596,0.7174165597841398,2.0,0.125,32.366329193115234,5.495184421539307,6.826311111450195,6.635871887207031,2.919919967651367,8000.0,9.780068605853472,0.7174359375946564,0.05013768629021931
pilot,1988-147956-0007,dev-clean,1988,SILK,,,,,,2.0,0.125,True,51.83278274536133,5.710029125213623,3.2124550342559814,3.2578370571136475,6.617960453033447,4968.75,-8.485158521373448,0.9779229324364022,2.0,0.125,15.98163890838623,3.4945619106292725,3.2141616344451904,2.9325459003448486,3.155377149581909,8000.0,10.858421123365986,0.9779313638450114,0.03997114572245808
pilot,1988-147956-0007,dev-clean,1988,NEG_LP,,,,,,0.0,0.0,True,6.3640666007995605,1.36860990524292,6.320978718576953e-05,7.580422970931977e-05,1.9317448139190674,7156.25,-0.08957563591934001,0.9999999999952134,,,,,,,,,,,
pilot,1988-147956-0007,dev-clean,1988,NEG_CODEC,,,,,,0.0,0.0,True,5.327561855316162,2.211639642715454,3.143933057785034,2.806823968887329,0.9870715737342834,8000.0,-0.10272744869391372,0.9789916893370733,,,,,,,,,,,
pilot,2035-147960-0014,dev-clean,2035,REF,0.004533367118147384,0.047752808988764044,0.7270194986072424,0.004384946891403369,3.349602038224894,,,,,,,,,,,,,,,,,,,,,,
pilot,2035-147960-0014,dev-clean,2035,LP,,,,,,0.0,0.0,True,78.43303680419922,6.824154376983643,0.033897798508405685,1.4249293804168701,9.461946487426758,4093.75,-21.2226438732111,0.9999743062353593,,,,,,,,,,,
pilot,2035-147960-0014,dev-clean,2035,OPUS,,,,,,2.0,0.125,True,82.76438903808594,7.939620018005371,6.242530822753906,6.410317897796631,8.428462982177734,4875.0,-12.56466664540021,0.6884425645318568,2.0,0.125,29.192867279052734,5.170322895050049,6.242030620574951,6.222632884979248,2.9553802013397217,8000.0,8.657980890363262,0.6884533458389654,0.007047183243177213
pilot,2035-147960-0014,dev-clean,2035,SILK,,,,,,2.0,0.125,True,63.5828857421875,6.260511875152588,1.5169451236724854,2.189194440841675,8.39186954498291,4937.5,-13.129892656075215,0.9942158743446194,2.0,0.125,10.756136894226074,2.62259840965271,1.5158532857894897,1.6549205780029297,2.9501965045928955,8000.0,8.092754879688258,0.9942249348266649,0.00013006526525827233
pilot,2035-147960-0014,dev-clean,2035,NEG_LP,,,,,,0.0,0.0,True,7.110689163208008,1.4943376779556274,2.2298243493423797e-05,2.6072100808960386e-05,2.10921311378479,7125.0,-0.2773096278624965,0.9999999999991369,,,,,,,,,,,
pilot,2035-147960-0014,dev-clean,2035,NEG_CODEC,,,,,,0.0,0.0,True,2.276968240737915,1.4221456050872803,1.5187201499938965,1.4688217639923096,1.2568713426589966,8000.0,-0.2127884133131966,0.9936231576301103,,,,,,,,,,,
pilot,2035-147961-0005,dev-clean,2035,REF,0.0036830052257440025,0.08583690987124463,0.6676056338028169,0.0027806931096992105,3.4449185874179102,,,,,,,,,,,,,,,,,,,,,,
pilot,2035-147961-0005,dev-clean,2035,LP,,,,,,0.0,0.0,True,83.3473129272461,7.28472900390625,0.02960328571498394,1.4261516332626343,10.137157440185547,4093.75,-24.263917627663183,0.99997316248909,,,,,,,,,,,
pilot,2035-147961-0005,dev-clean,2035,OPUS,,,,,,2.0,0.125,True,91.8763198852539,8.440546035766602,6.460647106170654,6.647317886352539,9.287856101989746,4781.25,-15.677464935499836,0.6016706748241625,2.0,0.125,28.92043113708496,5.169070243835449,6.460329055786133,6.4530158042907715,2.6080517768859863,8000.0,8.586454821657885,0.601714326813063,0.009417966981322135
pilot,2035-147961-0005,dev-clean,2035,SILK,,,,,,2.0,0.125,True,71.0278091430664,6.826113700866699,1.4322357177734375,2.1379895210266113,9.275649070739746,4781.25,-14.352512895819054,0.994755373837434,2.0,0.125,8.94717788696289,2.3896114826202393,1.431135654449463,1.5768531560897827,2.6571104526519775,8000.0,9.911406861338666,0.9947564264969915,0.00018673609407626746
pilot,2035-147961-0005,dev-clean,2035,NEG_LP,,,,,,0.0,0.0,True,7.045950889587402,1.5715245008468628,2.3747737941448577e-05,2.9501608878490515e-05,2.2181601524353027,7156.25,-0.16617986260105,0.9999999999997307,,,,,,,,,,,
pilot,2035-147961-0005,dev-clean,2035,NEG_CODEC,,,,,,0.0,0.0,True,2.2485854625701904,1.402674674987793,1.375312328338623,1.3535085916519165,1.3457667827606201,8000.0,-0.15040772643596775,0.9973458596922764,,,,,,,,,,,
pilot,2078-142845-0007,dev-clean,2078,REF,0.03959866648833359,0.09474232170744404,0.5488250652741514,0.004976547214111323,3.14994179194556,,,,,,,,,,,,,,,,,,,,,,
pilot,2078-142845-0007,dev-clean,2078,LP,,,,,,0.0,0.0,True,145.42605590820312,9.431971549987793,0.028806602582335472,1.462044358253479,13.185190200805664,4093.75,-25.346802674132544,0.9999731763055602,,,,,,,,,,,
pilot,2078-142845-0007,dev-clean,2078,OPUS,,,,,,2.0,0.125,True,147.46566772460938,10.273675918579102,5.927505016326904,6.294456481933594,12.438974380493164,4593.75,-17.036288449790437,0.6206206279764036,2.0,0.125,31.21143341064453,5.292328357696533,5.926424503326416,6.031991481781006,3.5635745525360107,8000.0,8.310528547700265,0.6206597015424946,0.008681505371160747
pilot,2078-142845-0007,dev-clean,2078,SILK,,,,,,2.0,0.125,True,128.39401245117188,8.986604690551758,1.2126710414886475,2.0205438137054443,12.400008201599121,4625.0,-17.05136106188892,0.9935617424072234,2.0,0.125,14.889037132263184,3.07161545753479,1.2116121053695679,1.3710606098175049,3.8409640789031982,8000.0,8.295455935601785,0.993562802139341,0.0004335029515492028
pilot,2078-142845-0007,dev-clean,2078,NEG_LP,,,,,,0.0,0.0,True,34.24223709106445,4.622898101806641,2.5639281375333667e-05,3.0095297915977426e-05,6.525083065032959,7156.25,-1.3222846318980275,0.9999999999993063,,,,,,,,,,,
pilot,2078-142845-0007,dev-clean,2078,NEG_CODEC,,,,,,0.0,0.0,True,2.8409199714660645,1.587591290473938,1.1401275396347046,1.1516371965408325,1.8461865186691284,8000.0,-0.850516196551664,0.9960409153632391,,,,,,,,,,,
pilot,2078-142845-0048,dev-clean,2078,REF,0.040472191783557196,0.12560386473429952,0.5490196078431373,0.003871515633762614,3.2108624899463236,,,,,,,,,,,,,,,,,,,,,,
pilot,2078-142845-0048,dev-clean,2078,LP,,,,,,0.0,0.0,True,188.09451293945312,11.025076866149902,0.03485407680273056,1.540856957435608,15.454849243164062,4125.0,-23.594070662136033,0.9999725863180058,,,,,,,,,,,
pilot,2078-142845-0048,dev-clean,2078,OPUS,,,,,,2.0,0.125,True,188.66563415527344,11.712990760803223,6.2457804679870605,6.650475978851318,14.636133193969727,4437.5,-15.017972617337616,0.6738930121013285,2.0,0.125,33.020240783691406,5.506148815155029,6.24455451965332,6.382121562957764,3.4184329509735107,8000.0,8.576146405647256,0.673840727308059,0.011356094951442408
pilot,2078-142845-0048,dev-clean,2078,SILK,,,,,,2.0,0.125,True,167.2494659423828,10.501641273498535,1.336342215538025,2.1679344177246094,14.58201789855957,4437.5,-13.6490079165189,0.9940118302736941,2.0,0.125,14.263631820678711,3.0294275283813477,1.3347705602645874,1.514043927192688,3.6383144855499268,8000.0,9.945111106465971,0.9939951099054457,0.000859363506455435
pilot,2078-142845-0048,dev-clean,2078,NEG_LP,,,,,,0.0,0.0,True,39.38426208496094,5.00205659866333,8.014574268599972e-05,9.657222108216956e-05,7.060252666473389,7156.25,-1.253579353115296,0.9999999999975103,,,,,,,,,,,
pilot,2078-142845-0048,dev-clean,2078,NEG_CODEC,,,,,,0.0,0.0,True,3.556901454925537,1.7889825105667114,1.3133997917175293,1.3219987154006958,2.1028170585632324,8000.0,-0.7395029686709597,0.9945885659034583,,,,,,,,,,,
pilot,2086-149220-0012,dev-clean,2086,REF,0.0018472427071973539,0.05851063829787234,0.5497835497835498,0.0035841375018499603,3.455826843818748,,,,,,,,,,,,,,,,,,,,,,
pilot,2086-149220-0012,dev-clean,2086,LP,,,,,,0.0,0.0,True,55.9307975769043,5.465494632720947,0.02529517561197281,1.2579748630523682,7.514520168304443,4093.75,-19.864253854596797,0.999973232552642,,,,,,,,,,,
pilot,2086-149220-0012,dev-clean,2086,OPUS,,,,,,2.0,0.125,True,64.6648941040039,6.852128982543945,5.248384952545166,5.60933256149292,7.028088092803955,4843.75,-10.012203996558641,0.67556361735951,2.0,0.125,26.392719268798828,4.748149871826172,5.247374534606934,5.3626179695129395,3.1384081840515137,8000.0,9.852049973177259,0.6756009010960023,0.007136060556869439
pilot,2086-149220-0012,dev-clean,2086,SILK,,,,,,2.0,0.125,True,48.749305725097656,5.286303520202637,0.9591212272644043,1.7173891067504883,7.021819114685059,4875.0,-8.530596687384532,0.9957463875315663,2.0,0.125,13.178287506103516,2.735150098800659,0.9577363133430481,1.1396936178207397,3.394674777984619,8000.0,11.333657282351371,0.9957425984962954,0.0001479004244112625
pilot,2086-149220-0012,dev-clean,2086,NEG_LP,,,,,,0.0,0.0,True,0.36742663383483887,0.24506127834320068,1.051746221492067e-05,1.41765849548392e-05,0.3458937108516693,7156.25,-0.009472782976571711,0.9999999999999882,,,,,,,,,,,
pilot,2086-149220-0012,dev-clean,2086,NEG_CODEC,,,,,,0.0,0.0,True,0.9273445010185242,0.8127225041389465,0.8972958922386169,0.9021199345588684,0.6013452410697937,8000.0,-0.08559202493591991,0.9971705186972575,,,,,,,,,,,
pilot,2086-149220-0036,dev-clean,2086,REF,0.001568956414481298,0.08904109589041095,0.4910313901345291,0.003143913129296004,3.534391533065106,,,,,,,,,,,,,,,,,,,,,,
pilot,2086-149220-0036,dev-clean,2086,LP,,,,,,0.0,0.0,True,50.6081428527832,4.8555707931518555,0.024072129279375076,1.0775071382522583,6.695906639099121,4093.75,-20.411373761062453,0.9999730904074168,,,,,,,,,,,
pilot,2086-149220-0036,dev-clean,2086,OPUS,,,,,,2.0,0.125,True,56.863677978515625,6.0801849365234375,4.842644214630127,5.073361396789551,6.104513168334961,4906.25,-10.016031649885953,0.6915450856467524,2.0,0.125,21.61826515197754,4.141453742980957,4.8422532081604,4.888972282409668,2.430694580078125,8000.0,10.39534208602753,0.6915187140065087,0.0065645369817134425
pilot,2086-149220-0036,dev-clean,2086,SILK,,,,,,2.0,0.125,True,42.55922317504883,4.582766532897949,0.903256356716156,1.527822494506836,6.061983108520508,4937.5,-8.647391120072724,0.996158978121853,2.0,0.125,9.369988441467285,2.1742758750915527,0.902432382106781,1.055711030960083,2.6023080348968506,8000.0,11.76398261584076,0.9961631093125407,0.00012635667074667456
pilot,2086-149220-0036,dev-clean,2086,NEG_LP,,,,,,0.0,0.0,True,0.46999591588974,0.2530079782009125,1.0362204193370417e-05,1.325371067650849e-05,0.35710957646369934,7156.25,-0.01668535417919903,0.9999999999999839,,,,,,,,,,,
pilot,2086-149220-0036,dev-clean,2086,NEG_CODEC,,,,,,0.0,0.0,True,0.7717082500457764,0.6994715929031372,0.7814398407936096,0.7786354422569275,0.5102237462997437,8000.0,-0.09620889713284446,0.9967366260722648,,,,,,,,,,,
pilot,2277-149896-0017,dev-clean,2277,REF,0.0032293544513482763,0.07259953161592506,0.76905311778291,0.0019491909009023607,3.425954263148218,,,,,,,,,,,,,,,,,,,,,,
pilot,2277-149896-0017,dev-clean,2277,LP,,,,,,0.0,0.0,True,87.97408294677734,7.20934534072876,0.03125404193997383,1.474304437637329,9.979625701904297,4093.75,-21.23353883689266,0.9999731467450286,,,,,,,,,,,
pilot,2277-149896-0017,dev-clean,2277,OPUS,,,,,,2.0,0.125,True,94.94306182861328,8.443849563598633,6.482361316680908,6.745982646942139,8.907422065734863,5031.25,-12.602272223276858,0.674934555829152,2.0,0.125,32.95854568481445,5.550631523132324,6.4815754890441895,6.491444110870361,3.4392616748809814,8000.0,8.63118782799653,0.6749837349324332,0.011098369362855354
pilot,2277-149896-0017,dev-clean,2277,SILK,,,,,,2.0,0.125,True,73.36927032470703,6.597048282623291,1.2244924306869507,2.058086395263672,8.879712104797363,5031.25,-10.582736150980427,0.9956177028737102,2.0,0.125,14.189640045166016,3.02211594581604,1.2236247062683105,1.4219739437103271,3.7092485427856445,8000.0,10.650723900292963,0.9956266949089022,0.00013418115586050217
pilot,2277-149896-0017,dev-clean,2277,NEG_LP,,,,,,0.0,0.0,True,16.819162368774414,2.835477590560913,2.5532162908348255e-05,3.09771676256787e-05,4.00219202041626,7156.25,-0.8850588176028493,0.9999999999985293,,,,,,,,,,,
pilot,2277-149896-0017,dev-clean,2277,NEG_CODEC,,,,,,0.0,0.0,True,2.9569215774536133,1.6035950183868408,1.5122123956680298,1.5110293626785278,1.5458498001098633,8000.0,-0.6043193785459391,0.99080554993634,,,,,,,,,,,
pilot,2277-149896-0021,dev-clean,2277,REF,0.003117202286708974,0.07307692307692308,0.5481481481481482,0.004884762713248249,3.554288469188306,,,,,,,,,,,,,,,,,,,,,,
pilot,2277-149896-0021,dev-clean,2277,LP,,,,,,0.0,0.0,True,85.05135345458984,6.954850673675537,0.03136613219976425,1.4181336164474487,9.583917617797852,4093.75,-17.47012054648507,0.9999723447515804,,,,,,,,,,,
pilot,2277-149896-0021,dev-clean,2277,OPUS,,,,,,2.0,0.125,True,88.50072479248047,8.269773483276367,6.452615737915039,6.695855617523193,8.439099311828613,4687.5,-8.678453655248333,0.677429084779995,2.0,0.125,34.302459716796875,5.610383987426758,6.451923847198486,6.432037830352783,3.5380020141601562,8000.0,8.791732293817253,0.6774608257517987,0.009339346969308937
pilot,2277-149896-0021,dev-clean,2277,SILK,,,,,,2.0,0.125,True,66.76061248779297,6.306895732879639,1.27052640914917,2.0391244888305664,8.375238418579102,4937.5,-6.978178348916526,0.9951598294899554,2.0,0.125,16.083463668823242,3.107558488845825,1.2694772481918335,1.4399383068084717,3.7871813774108887,8000.0,10.49200760014906,0.9951524617976448,0.00010404475868042162
pilot,2277-149896-0021,dev-clean,2277,NEG_LP,,,,,,0.0,0.0,True,12.425241470336914,2.280139923095703,1.655250889598392e-05,1.8736700440058485e-05,3.218348503112793,7156.25,-0.20644245154198038,0.9999999999998507,,,,,,,,,,,
pilot,2277-149896-0021,dev-clean,2277,NEG_CODEC,,,,,,0.0,0.0,True,2.4068284034729004,1.4250363111495972,1.3801425695419312,1.3894398212432861,1.2982637882232666,8000.0,-0.1826266175510332,0.9898067924793259,,,,,,,,,,,
pilot,2412-153948-0015,dev-clean,2412,REF,0.00667462323988673,0.033962264150943396,0.6468401486988847,0.007228511764901057,3.447399472686735,,,,,,,,,,,,,,,,,,,,,,
pilot,2412-153948-0015,dev-clean,2412,LP,,,,,,0.0,0.0,True,84.92951202392578,6.819285869598389,0.031213339418172836,1.158090591430664,9.509417533874512,4093.75,-22.025090779877488,0.9999744436410644,,,,,,,,,,,
pilot,2412-153948-0015,dev-clean,2412,OPUS,,,,,,2.0,0.125,True,78.60431671142578,7.397116184234619,5.301011085510254,5.5480523109436035,8.075626373291016,4968.75,-11.704644372053178,0.7513253348638276,2.0,0.125,29.653688430786133,4.889164924621582,5.299679279327393,5.397281646728516,3.510719060897827,8000.0,10.32046768378989,0.7512741512265856,0.00658923239075615
pilot,2412-153948-0015,dev-clean,2412,SILK,,,,,,2.0,0.125,True,62.63975143432617,5.996362686157227,1.2435035705566406,1.8044921159744263,8.021923065185547,4968.75,-11.895906170508146,0.9964669377724408,2.0,0.125,15.041426658630371,2.983405828475952,1.2428938150405884,1.4094630479812622,3.648245096206665,8000.0,10.129205885334919,0.996477870036435,0.0005964286296468169
pilot,2412-153948-0015,dev-clean,2412,NEG_LP,,,,,,0.0,0.0,True,9.171439170837402,1.8710311651229858,1.3352670976018999e-05,1.4499633834930137e-05,2.6409003734588623,7156.25,-0.08664386503521898,0.9999999999999561,,,,,,,,,,,
pilot,2412-153948-0015,dev-clean,2412,NEG_CODEC,,,,,,0.0,0.0,True,2.112046480178833,1.202871561050415,1.090326189994812,1.1064382791519165,1.1494649648666382,8000.0,-0.018269165094218734,0.9978593368915719,,,,,,,,,,,
pilot,2412-153954-0008,dev-clean,2412,REF,0.01404300993262122,0.04712041884816754,0.8808290155440415,0.0022354691957057952,3.3400990211002424,,,,,,,,,,,,,,,,,,,,,,
pilot,2412-153954-0008,dev-clean,2412,LP,,,,,,0.0,0.0,True,88.17015838623047,6.9198079109191895,0.027324128895998,1.0719008445739746,9.677873611450195,4093.75,-21.626456229319185,0.9999716603279686,,,,,,,,,,,
pilot,2412-153954-0008,dev-clean,2412,OPUS,,,,,,2.0,0.125,True,86.22734832763672,7.466434001922607,5.3689866065979,5.49892520904541,8.376241683959961,5000.0,-10.00871496917785,0.7054314934968878,2.0,0.125,32.8046875,4.8342766761779785,5.369478225708008,5.431829452514648,3.4449477195739746,8000.0,11.617741764235028,0.7053820373019234,0.006578679663210796
pilot,2412-153954-0008,dev-clean,2412,SILK,,,,,,2.0,0.125,True,69.74020385742188,6.285583972930908,1.429973840713501,1.8879142999649048,8.445219993591309,5000.0,-10.227137289131,0.9957050554653847,2.0,0.125,14.549759864807129,2.8400957584381104,1.4299043416976929,1.5850670337677002,3.4109888076782227,8000.0,11.399319444281877,0.9957154295578289,0.001008550030803801
pilot,2412-153954-0008,dev-clean,2412,NEG_LP,,,,,,0.0,0.0,True,12.382762908935547,2.0879647731781006,1.5243570487655234e-05,1.7738453607307747e-05,2.947096586227417,7156.25,-0.08327235674381367,0.9999999999999805,,,,,,,,,,,
pilot,2412-153954-0008,dev-clean,2412,NEG_CODEC,,,,,,0.0,0.0,True,2.8366358280181885,1.4061721563339233,1.3802062273025513,1.4064844846725464,1.2577424049377441,8000.0,-0.019347626858617087,0.9971451470260406,,,,,,,,,,,
pilot,2428-83699-0022,dev-clean,2428,REF,0.001163832600311687,0.046875,0.6535433070866141,0.005824020933756871,3.4455486904709316,,,,,,,,,,,,,,,,,,,,,,
pilot,2428-83699-0022,dev-clean,2428,LP,,,,,,0.0,0.0,True,100.10173797607422,7.671609878540039,0.03418201208114624,1.243485927581787,10.702526092529297,4093.75,-16.09107597848105,0.9999733519104849,,,,,,,,,,,
pilot,2428-83699-0022,dev-clean,2428,OPUS,,,,,,2.0,0.125,True,100.93386840820312,8.58562183380127,5.672398567199707,5.948845863342285,9.745946884155273,5187.5,1.0105728575116797,0.6811324223707789,2.0,0.125,49.826141357421875,6.194165229797363,5.67240571975708,5.7571892738342285,5.507768630981445,8000.0,17.101641109276525,0.6809316112264362,0.0064558735010793455
pilot,2428-83699-0022,dev-clean,2428,SILK,,,,,,2.0,0.125,True,84.46710205078125,7.292036533355713,1.3665715456008911,2.0181281566619873,9.803672790527344,5218.75,3.2879129608773434,0.995626245591529,2.0,0.125,37.443870544433594,4.606542110443115,1.367721676826477,1.5056408643722534,5.915212154388428,8000.0,19.378981212642188,0.9956151373767019,0.0006975186233164621
pilot,2428-83699-0022,dev-clean,2428,NEG_LP,,,,,,0.0,0.0,True,24.12993812561035,3.5819921493530273,2.381560261710547e-05,2.5533347070449963e-05,5.055872917175293,7125.0,-0.5015347048819213,0.9999999999999614,,,,,,,,,,,
pilot,2428-83699-0022,dev-clean,2428,NEG_CODEC,,,,,,0.0,0.0,True,2.571763277053833,1.3991609811782837,1.2097089290618896,1.180534839630127,1.4455125331878662,8000.0,-0.31654307170938817,0.9959023734113018,,,,,,,,,,,
pilot,2428-83699-0025,dev-clean,2428,REF,0.003125686510588456,0.12556053811659193,0.5679389312977099,0.003705872851887125,3.382405149963825,,,,,,,,,,,,,,,,,,,,,,
pilot,2428-83699-0025,dev-clean,2428,LP,,,,,,0.0,0.0,True,135.54647827148438,9.255084991455078,0.037230465561151505,1.418715238571167,12.926323890686035,4093.75,-26.28097024467579,0.9999730121863772,,,,,,,,,,,
pilot,2428-83699-0025,dev-clean,2428,OPUS,,,,,,2.0,0.125,True,136.5598907470703,10.112489700317383,6.001893997192383,6.397729873657227,11.999102592468262,5000.0,-10.272703546001338,0.7055941382582467,2.0,0.125,41.641029357910156,6.038890361785889,6.000537872314453,6.222075939178467,4.8143157958984375,8000.0,16.00829070639891,0.7056046569470544,0.007597048523433014
pilot,2428-83699-0025,dev-clean,2428,SILK,,,,,,2.0,0.125,True,117.48320770263672,8.804283142089844,1.2653979063034058,2.0297975540161133,12.05003547668457,5062.5,-9.482313650249164,0.9961308165748641,2.0,0.125,25.56233787536621,4.028615474700928,1.265545129776001,1.4751505851745605,5.151148319244385,8000.0,16.798680602151084,0.9961341963741505,0.00044009391249810736
pilot,2428-83699-0025,dev-clean,2428,NEG_LP,,,,,,0.0,0.0,True,29.334577560424805,4.273433208465576,1.6643090930301696e-05,2.4157770894817077e-05,6.0318217277526855,7156.25,-0.5988998952930725,0.9999999999999778,,,,,,,,,,,
pilot,2428-83699-0025,dev-clean,2428,NEG_CODEC,,,,,,0.0,0.0,True,3.1083621978759766,1.6180973052978516,1.1994602680206299,1.2589253187179565,1.7878339290618896,8000.0,-0.4302011716862217,0.9968095302317266,,,,,,,,,,,
pilot,2803-154328-0008,dev-clean,2803,REF,0.0003796614794883886,0.008992805755395683,0.42745098039215684,0.002384598666425452,3.121663171067792,,,,,,,,,,,,,,,,,,,,,,
pilot,2803-154328-0008,dev-clean,2803,LP,,,,,,0.0,0.0,True,47.041324615478516,4.841959476470947,0.020937368273735046,0.9997642040252686,6.652470111846924,4093.75,-25.22623668428714,0.9999739267778124,,,,,,,,,,,
pilot,2803-154328-0008,dev-clean,2803,OPUS,,,,,,2.0,0.125,True,60.792030334472656,6.805813312530518,5.575057506561279,5.544855117797852,6.5504937171936035,4687.5,-14.39063564355118,0.743543272022493,2.0,0.125,16.72454833984375,3.9774997234344482,5.574529647827148,5.348965167999268,0.9595748782157898,8000.0,10.835849166334723,0.7435816476877325,0.010773209490079982
pilot,2803-154328-0008,dev-clean,2803,SILK,,,,,,2.0,0.125,True,45.583946228027344,5.0260396003723145,1.1959820985794067,1.6343425512313843,6.504164695739746,4718.75,-14.02267905177715,0.9951294899608735,2.0,0.125,2.822890520095825,1.3478448390960693,1.1955455541610718,1.2074536085128784,1.0528948307037354,8000.0,11.203805758108755,0.995128493320596,0.0013291645773991778
pilot,2803-154328-0008,dev-clean,2803,NEG_LP,,,,,,0.0,0.0,True,5.554409980773926,1.3672243356704712,1.611952575331088e-05,2.297625360370148e-05,1.9297912120819092,7156.25,-0.40787473014489495,0.9999999999991059,,,,,,,,,,,
pilot,2803-154328-0008,dev-clean,2803,NEG_CODEC,,,,,,0.0,0.0,True,1.4825265407562256,1.0715135335922241,1.0711807012557983,0.996566653251648,0.9011525511741638,8000.0,-0.2709545940432731,0.9970815938846755,,,,,,,,,,,
pilot,2803-161169-0013,dev-clean,2803,REF,0.0001920127089591152,0.0029791459781529296,0.6446280991735537,0.0013633042997701459,3.0251131285828254,,,,,,,,,,,,,,,,,,,,,,
pilot,2803-161169-0013,dev-clean,2803,LP,,,,,,0.0,0.0,True,38.525390625,4.647227764129639,0.02519097924232483,1.0955810546875,6.411815643310547,4093.75,-22.21537855213098,0.9999731948563324,,,,,,,,,,,
pilot,2803-161169-0013,dev-clean,2803,OPUS,,,,,,2.0,0.125,True,50.21469497680664,6.386438846588135,5.350876331329346,5.531440258026123,6.15712308883667,4843.75,-11.788369611601404,0.7649744910741343,2.0,0.125,17.788057327270508,4.089035987854004,5.349644660949707,5.271759033203125,1.4909032583236694,8000.0,10.429157189602268,0.7649618278388365,0.009208124523550798
pilot,2803-161169-0013,dev-clean,2803,SILK,,,,,,2.0,0.125,True,35.21915817260742,4.721569061279297,1.2693500518798828,1.7710756063461304,6.0925140380859375,4906.25,-10.70897353481449,0.9960395896686027,2.0,0.125,5.010964870452881,1.7919788360595703,1.2685014009475708,1.311858057975769,1.7208374738693237,8000.0,11.508553266389182,0.9960429996875256,0.000995511252540826
pilot,2803-161169-0013,dev-clean,2803,NEG_LP,,,,,,0.0,0.0,True,3.8843040466308594,1.2113336324691772,2.252235572086647e-05,3.265855775680393e-05,1.7097563743591309,7156.25,-0.19448606034419086,0.9999999999972478,,,,,,,,,,,
pilot,2803-161169-0013,dev-clean,2803,NEG_CODEC,,,,,,0.0,0.0,True,1.4666492938995361,1.075467586517334,1.0672545433044434,1.0121347904205322,0.939507246017456,8000.0,-0.15402849277522368,0.9967162823447108,,,,,,,,,,,
pilot,2902-9008-0005,dev-clean,2902,REF,0.0045814826938073904,0.06443298969072164,0.4489795918367347,0.00997172697444872,3.1373728046358247,,,,,,,,,,,,,,,,,,,,,,
pilot,2902-9008-0005,dev-clean,2902,LP,,,,,,0.0,0.0,True,98.6884765625,8.182693481445312,0.028587043285369873,1.4298986196517944,11.41639232635498,4093.75,-34.19102728516456,0.9999712509636455,,,,,,,,,,,
pilot,2902-9008-0005,dev-clean,2902,OPUS,,,,,,2.0,0.125,True,114.81646728515625,9.583330154418945,6.420042037963867,6.729281425476074,11.115772247314453,4406.25,-21.966811858915854,0.5672844301354665,2.0,0.125,25.857519149780273,4.971982002258301,6.419172763824463,6.476154327392578,2.061995267868042,8000.0,12.224233147044185,0.567254383669401,0.012660163016412262
pilot,2902-9008-0005,dev-clean,2902,SILK,,,,,,2.0,0.125,True,93.42565155029297,8.081648826599121,1.3404929637908936,2.114055871963501,11.085205078125,4437.5,-19.66510987098815,0.9891244715019542,2.0,0.125,6.553922176361084,2.169480323791504,1.3390218019485474,1.4486944675445557,2.3566980361938477,8000.0,14.525935134971892,0.9891117906785022,0.00021785936623763824
pilot,2902-9008-0005,dev-clean,2902,NEG_LP,,,,,,0.0,0.0,True,18.59772300720215,3.258044719696045,2.935896372946445e-05,3.530751200742088e-05,4.5986328125,7156.25,-0.9364622039916286,0.9999999999723863,,,,,,,,,,,
pilot,2902-9008-0005,dev-clean,2902,NEG_CODEC,,,,,,0.0,0.0,True,3.049931526184082,1.643467903137207,1.3397127389907837,1.343631386756897,1.8318982124328613,8000.0,-0.6354704088068441,0.9866888856945286,,,,,,,,,,,
pilot,2902-9008-0014,dev-clean,2902,REF,0.008806999556260528,0.1322463768115942,0.4568888888888889,0.010244487838671488,3.2193275410902795,,,,,,,,,,,,,,,,,,,,,,
pilot,2902-9008-0014,dev-clean,2902,LP,,,,,,0.0,0.0,True,85.24761199951172,7.352797508239746,0.027574447914958,1.376963496208191,10.236446380615234,4093.75,-31.31487073144388,0.99997320192533,,,,,,,,,,,
pilot,2902-9008-0014,dev-clean,2902,OPUS,,,,,,2.0,0.125,True,98.96834564208984,8.726146697998047,6.0872673988342285,6.381601333618164,9.896461486816406,4500.0,-18.110558418127553,0.5377165378285695,2.0,0.125,23.99264907836914,4.743199348449707,6.086770057678223,6.111527919769287,2.051177978515625,8000.0,13.204307513509333,0.5377211394260645,0.01455527039331006
pilot,2902-9008-0014,dev-clean,2902,SILK,,,,,,2.0,0.125,True,79.35247802734375,7.205602169036865,1.175353765487671,1.9724397659301758,9.849879264831543,4781.25,-17.236047684326238,0.9888124328852493,2.0,0.125,6.448657512664795,2.058502197265625,1.1735970973968506,1.3055073022842407,2.308842658996582,8000.0,14.07881824731065,0.9887976742872017,0.00023637062213421878
pilot,2902-9008-0014,dev-clean,2902,NEG_LP,,,,,,0.0,0.0,True,16.925418853759766,3.0325090885162354,1.9584746041800827e-05,2.3017239072942175e-05,4.280296325683594,7156.25,-0.9693192317594245,0.9999999999870303,,,,,,,,,,,
pilot,2902-9008-0014,dev-clean,2902,NEG_CODEC,,,,,,0.0,0.0,True,2.5772829055786133,1.4867923259735107,1.2195534706115723,1.2027846574783325,1.6321070194244385,8000.0,-0.6832794064554513,0.9863922148179814,,,,,,,,,,,
pilot,3000-15664-0001,dev-clean,3000,REF,0.008652546330995893,0.11395646606914213,0.4007561436672968,0.0008934227015143714,3.642876328401075,,,,,,,,,,,,,,,,,,,,,,
pilot,3000-15664-0001,dev-clean,3000,LP,,,,,,0.0,0.0,True,83.0549545288086,5.948843479156494,0.019665533676743507,0.9179629683494568,8.305988311767578,4093.75,-27.035048250053364,0.9999727903739807,,,,,,,,,,,
pilot,3000-15664-0001,dev-clean,3000,OPUS,,,,,,2.0,0.125,True,92.15621185302734,7.210565090179443,4.794119358062744,4.908222675323486,8.117552757263184,4531.25,-21.140549939567617,0.589320070203411,2.0,0.125,17.47040367126465,3.6987953186035156,4.793429851531982,4.765020847320557,1.5714231729507446,8000.0,5.894498451988471,0.589335412926406,0.007351302696850803
pilot,3000-15664-0001,dev-clean,3000,SILK,,,,,,2.0,0.125,True,78.5150146484375,5.951661586761475,0.810721755027771,1.3495776653289795,8.116936683654785,4531.25,-20.46679548468187,0.9946945512314664,2.0,0.125,4.466488361358643,1.4939931631088257,0.8104310631752014,0.9227940440177917,1.6490520238876343,8000.0,6.568252906874216,0.9947004819698503,0.00016215506430194981
pilot,3000-15664-0001,dev-clean,3000,NEG_LP,,,,,,0.0,0.0,True,17.360536575317383,2.6253774166107178,1.8389233446214348e-05,2.433423105685506e-05,3.705639123916626,7156.25,-0.7235489004787485,0.9999999999998663,,,,,,,,,,,
pilot,3000-15664-0001,dev-clean,3000,NEG_CODEC,,,,,,0.0,0.0,True,1.767879605293274,1.112703800201416,0.9611590504646301,0.9224942326545715,1.1280606985092163,8000.0,-0.5253339481280095,0.9948564748944378,,,,,,,,,,,
pilot,3000-15664-0024,dev-clean,3000,REF,0.006462108809918606,0.0993322203672788,0.4445364238410596,0.0007490222296693977,3.556097783566513,,,,,,,,,,,,,,,,,,,,,,
pilot,3000-15664-0024,dev-clean,3000,LP,,,,,,0.0,0.0,True,109.16021728515625,7.329280853271484,0.02361449785530567,1.0291911363601685,10.252730369567871,4093.75,-33.290587663272234,0.9999725920371578,,,,,,,,,,,
pilot,3000-15664-0024,dev-clean,3000,OPUS,,,,,,2.0,0.125,True,119.31443786621094,8.686347007751465,5.43593692779541,5.594250202178955,10.037801742553711,4531.25,-24.39051340321782,0.6240476646960138,2.0,0.125,22.083206176757812,4.3720269203186035,5.435173988342285,5.48427677154541,2.0595881938934326,8000.0,8.900073949465511,0.6240409239661652,0.007745102315637964
pilot,3000-15664-0024,dev-clean,3000,SILK,,,,,,2.0,0.125,True,103.2965316772461,7.305952548980713,0.9075607657432556,1.5187861919403076,10.034382820129395,4562.5,-24.40611222084683,0.9947909483099052,2.0,0.125,6.315032958984375,1.8373275995254517,0.9071031808853149,1.0652302503585815,2.059579372406006,8000.0,8.884475131836506,0.9948020562706767,0.00015984796020707126
pilot,3000-15664-0024,dev-clean,3000,NEG_LP,,,,,,0.0,0.0,True,23.984619140625,3.388671636581421,2.3745971702737734e-05,3.894347537425347e-05,4.783005714416504,7125.0,-0.7828732930838243,0.9999999999997388,,,,,,,,,,,
pilot,3000-15664-0024,dev-clean,3000,NEG_CODEC,,,,,,0.0,0.0,True,2.26167631149292,1.3467589616775513,1.1482526063919067,1.1257528066635132,1.3853813409805298,8000.0,-0.6311359067046508,0.9954159540826272,,,,,,,,,,,
pilot,3081-166546-0042,dev-clean,3081,REF,0.2906799134512168,0.14423076923076922,0.2606177606177606,0.03481459431497434,3.3717479566357382,,,,,,,,,,,,,,,,,,,,,,
pilot,3081-166546-0042,dev-clean,3081,LP,,,,,,0.0,0.0,True,548.7706298828125,21.417312622070312,0.038751304149627686,1.6996408700942993,30.16874885559082,4093.75,-33.94380123146404,0.9999748513788047,,,,,,,,,,,
pilot,3081-166546-0042,dev-clean,3081,OPUS,,,,,,2.0,0.125,True,534.4889526367188,21.512542724609375,7.153654098510742,7.661686897277832,29.06232261657715,4656.25,-25.843701660627175,0.6476308749389453,2.0,0.125,47.613487243652344,6.711926460266113,7.152655124664307,7.312983512878418,5.170894145965576,8000.0,8.100340561114079,0.6475949034373486,0.025886389037415802
pilot,3081-166546-0042,dev-clean,3081,SILK,,,,,,2.0,0.125,True,504.4719543457031,20.618663787841797,1.90833580493927,2.76806640625,28.917125701904297,4812.5,-25.699106359966887,0.992991125286445,2.0,0.125,25.42557716369629,4.4434404373168945,1.9074453115463257,2.0901196002960205,5.67695951461792,8000.0,8.244935861774369,0.9929838451323386,0.0029634324847244153
pilot,3081-166546-0042,dev-clean,3081,NEG_LP,,,,,,0.0,0.0,True,114.87122344970703,9.752104759216309,4.310331496526487e-05,6.58231510897167e-05,13.764801979064941,7156.25,-2.1131881548971805,0.9999999999971917,,,,,,,,,,,
pilot,3081-166546-0042,dev-clean,3081,NEG_CODEC,,,,,,0.0,0.0,True,4.705223083496094,2.0845627784729004,1.5535787343978882,1.5223335027694702,2.4590206146240234,8000.0,-1.338644427523694,0.9956094542760263,,,,,,,,,,,
pilot,3081-166546-0085,dev-clean,3081,REF,0.28993078910379716,0.11426040744021258,0.3007985803016859,0.027892381562123418,3.3233285106946977,,,,,,,,,,,,,,,,,,,,,,
pilot,3081-166546-0085,dev-clean,3081,LP,,,,,,0.0,0.0,True,363.947509765625,17.066469192504883,0.03703295439481735,1.675995111465454,24.011104583740234,4093.75,-32.39721005332142,0.9999693884820329,,,,,,,,,,,
pilot,3081-166546-0085,dev-clean,3081,OPUS,,,,,,2.0,0.125,True,370.3706359863281,17.65130615234375,7.051854610443115,7.5045928955078125,23.382116317749023,4437.5,-26.405293707786438,0.5932523038855972,2.0,0.125,35.700130462646484,5.865306854248047,7.050873279571533,7.152624130249023,3.4796464443206787,8000.0,6.010762746046307,0.5932373517491922,0.03126392510044207
pilot,3081-166546-0085,dev-clean,3081,SILK,,,,,,2.0,0.125,True,342.337646484375,16.649433135986328,1.9112406969070435,2.74318265914917,23.263681411743164,4468.75,-24.504892636041532,0.9906485177887708,2.0,0.125,13.88109302520752,3.3119001388549805,1.9096602201461792,2.0800535678863525,3.873485803604126,8000.0,7.9111638177912145,0.9906436413128367,0.003450073646143137
pilot,3081-166546-0085,dev-clean,3081,NEG_LP,,,,,,0.0,0.0,True,85.56167602539062,8.26929759979248,7.921559881651774e-05,0.0001177763260784559,11.671866416931152,7156.25,-2.8159507993204134,0.9999999998955521,,,,,,,,,,,
pilot,3081-166546-0085,dev-clean,3081,NEG_CODEC,,,,,,0.0,0.0,True,4.331801414489746,2.009321928024292,1.5060029029846191,1.4771809577941895,2.363370895385742,8000.0,-1.5830896650110236,0.9955393154725412,,,,,,,,,,,
pilot,3576-138058-0001,dev-clean,3576,REF,0.0773605522659891,0.07506950880444857,0.5074349442379182,0.011278811937782442,3.280378105236691,,,,,,,,,,,,,,,,,,,,,,
pilot,3576-138058-0001,dev-clean,3576,LP,,,,,,0.0,0.0,True,181.88612365722656,11.515639305114746,0.03455289453268051,1.6019822359085083,16.15569496154785,4093.75,-40.40871725109463,0.9999727627408457,,,,,,,,,,,
pilot,3576-138058-0001,dev-clean,3576,OPUS,,,,,,2.0,0.125,True,193.5076446533203,12.31704044342041,6.607946395874023,6.961756229400635,15.602439880371094,4187.5,-35.711996027848535,0.5770896663007119,2.0,0.125,27.33991813659668,5.160001754760742,6.606968402862549,6.7309722900390625,2.2802646160125732,8000.0,4.697732058610736,0.5770730465579191,0.01520093663348343
pilot,3576-138058-0001,dev-clean,3576,SILK,,,,,,2.0,0.125,True,171.31028747558594,11.191699981689453,1.368815302848816,2.360236406326294,15.576396942138672,4187.5,-34.44844731918598,0.9919579478835813,2.0,0.125,5.776021957397461,2.1083810329437256,1.3672035932540894,1.6578274965286255,2.243746042251587,8000.0,5.961280767273295,0.9919762430431092,0.000342316445268831
pilot,3576-138058-0001,dev-clean,3576,NEG_LP,,,,,,0.0,0.0,True,23.60418128967285,4.062501907348633,3.99773198296316e-05,5.974753003101796e-05,5.734099388122559,7156.25,-0.30313474113168587,0.9999999999791104,,,,,,,,,,,
pilot,3576-138058-0001,dev-clean,3576,NEG_CODEC,,,,,,0.0,0.0,True,3.282949924468994,1.759446382522583,1.1522005796432495,1.195433497428894,2.1423275470733643,8000.0,-0.5153937243004945,0.9972782570042942,,,,,,,,,,,
pilot,3576-138058-0005,dev-clean,3576,REF,0.03302360484579595,0.1042904290429043,0.6055045871559633,0.0029851065405121532,3.4141568855340276,,,,,,,,,,,,,,,,,,,,,,
pilot,3576-138058-0005,dev-clean,3576,LP,,,,,,0.0,0.0,True,111.10067749023438,7.792264938354492,0.0320378914475441,1.2926123142242432,10.876811027526855,4093.75,-37.941925261974056,0.9999742094410002,,,,,,,,,,,
pilot,3576-138058-0005,dev-clean,3576,OPUS,,,,,,2.0,0.125,True,123.37849426269531,9.077011108398438,5.833531856536865,6.026638984680176,10.562212944030762,4750.0,-30.16629422620792,0.6183334604834347,2.0,0.125,20.371566772460938,4.373347759246826,5.832768440246582,5.82303524017334,1.5051243305206299,8000.0,7.774185082773326,0.6183385361788503,0.011659654637534045
pilot,3576-138058-0005,dev-clean,3576,SILK,,,,,,2.0,0.125,True,105.5804672241211,7.645312786102295,1.1214938163757324,1.8430745601654053,10.51713752746582,4781.25,-29.66006750810663,0.9939323309158926,2.0,0.125,3.912851095199585,1.6006050109863281,1.1198819875717163,1.2698391675949097,1.58528733253479,8000.0,8.280411800874619,0.9939358439428674,0.00029990792642309305
pilot,3576-138058-0005,dev-clean,3576,NEG_LP,,,,,,0.0,0.0,True,17.306947708129883,2.867116689682007,2.4316264898516238e-05,3.290200402261689e-05,4.046848773956299,7156.25,-0.5688863629058081,0.9999999999988043,,,,,,,,,,,
pilot,3576-138058-0005,dev-clean,3576,NEG_CODEC,,,,,,0.0,0.0,True,2.1592748165130615,1.3515082597732544,1.0414791107177734,1.0458242893218994,1.5142778158187866,8000.0,-0.6019404141372905,0.9976823808407159,,,,,,,,,,,
pilot,3752-4944-0026,dev-clean,3752,REF,0.0028295386640462246,0.0430622009569378,0.5771144278606966,0.002070121420534953,3.3219304107026435,,,,,,,,,,,,,,,,,,,,,,
pilot,3752-4944-0026,dev-clean,3752,LP,,,,,,0.0,0.0,True,115.23518371582031,8.313106536865234,0.02578846737742424,1.2442281246185303,11.63078498840332,4093.75,-26.0508376267132,0.9999746215895751,,,,,,,,,,,
pilot,3752-4944-0026,dev-clean,3752,OPUS,,,,,,2.0,0.125,True,111.29315948486328,8.875718116760254,5.174027919769287,5.550442218780518,10.533374786376953,4437.5,-18.640890727351362,0.5988249408098123,2.0,0.125,24.449180603027344,4.574725151062012,5.17345666885376,5.327359676361084,3.1038978099823,8000.0,7.409950900320115,0.5988203058354807,0.005923778409171909
pilot,3752-4944-0026,dev-clean,3752,SILK,,,,,,2.0,0.125,True,93.4333267211914,7.583193778991699,0.961298406124115,1.646804928779602,10.395901679992676,4562.5,-16.82035721456494,0.9945335063394216,2.0,0.125,11.05888843536377,2.673189163208008,0.959665834903717,1.169358730316162,3.374216079711914,8000.0,9.230484413106536,0.9945313417640531,0.0001837565134299446
pilot,3752-4944-0026,dev-clean,3752,NEG_LP,,,,,,0.0,0.0,True,13.581156730651855,2.7183992862701416,4.5088116166880354e-05,4.860879562329501e-05,3.836928606033325,7156.25,-0.04074632462812152,0.999999999998385,,,,,,,,,,,
pilot,3752-4944-0026,dev-clean,3752,NEG_CODEC,,,,,,0.0,0.0,True,2.077465057373047,1.2614320516586304,0.9767595529556274,0.9675799012184143,1.3791457414627075,8000.0,-0.09011925314732788,0.9959466417437173,,,,,,,,,,,
pilot,3752-4944-0052,dev-clean,3752,REF,0.02629384189251766,0.09933774834437085,0.473421926910299,0.0033836760313116928,3.606821864904728,,,,,,,,,,,,,,,,,,,,,,
pilot,3752-4944-0052,dev-clean,3752,LP,,,,,,0.0,0.0,True,146.4124755859375,9.080734252929688,0.02679620124399662,1.2434215545654297,12.695388793945312,4093.75,-33.04886365052986,0.9999745897498388,,,,,,,,,,,
pilot,3752-4944-0052,dev-clean,3752,OPUS,,,,,,2.0,0.125,True,144.1280517578125,9.821778297424316,5.55401086807251,5.788086414337158,11.760636329650879,4312.5,-25.316452350027866,0.5655408425114242,2.0,0.125,24.934127807617188,4.676426410675049,5.553893089294434,5.605171203613281,2.8016929626464844,8000.0,7.732413104787405,0.565523227104791,0.007501963363466535
pilot,3752-4944-0052,dev-clean,3752,SILK,,,,,,2.0,0.125,True,126.63621520996094,8.528565406799316,1.0576335191726685,1.7912276983261108,11.694438934326172,4312.5,-24.77083000812599,0.9936192815729872,2.0,0.125,9.716108322143555,2.4587550163269043,1.057525634765625,1.293559193611145,2.9207069873809814,8000.0,8.278035446689278,0.9936263077052542,0.0001886147078619116
pilot,3752-4944-0052,dev-clean,3752,NEG_LP,,,,,,0.0,0.0,True,20.41323471069336,3.137678384780884,2.560973553045187e-05,2.9635961254825816e-05,4.428736686706543,7125.0,-0.21062882835415625,0.9999999999997252,,,,,,,,,,,
pilot,3752-4944-0052,dev-clean,3752,NEG_CODEC,,,,,,0.0,0.0,True,2.219402551651001,1.3201603889465332,1.066932201385498,1.05034339427948,1.3996106386184692,8000.0,-0.17523444984040928,0.9958123740854974,,,,,,,,,,,
pilot,3853-163249-0012,dev-clean,3853,REF,0.12683777845198238,0.15967523680649526,0.604602510460251,0.033660865136623974,3.431573021684457,,,,,,,,,,,,,,,,,,,,,,
pilot,3853-163249-0012,dev-clean,3853,LP,,,,,,0.0,0.0,True,402.8254699707031,18.516569137573242,0.042097046971321106,1.6854248046875,26.0709285736084,4093.75,-19.923997448278065,0.9999733492294094,,,,,,,,,,,
pilot,3853-163249-0012,dev-clean,3853,OPUS,,,,,,2.0,0.125,True,346.7713623046875,17.338756561279297,6.538325786590576,7.006819248199463,23.1431884765625,4593.75,-13.311196688604024,0.7113893165096237,2.0,0.125,61.319252014160156,7.578331470489502,6.537994861602783,6.820935249328613,7.6864142417907715,8000.0,6.61281250993153,0.7113872715271717,0.04661819920633825
pilot,3853-163249-0012,dev-clean,3853,SILK,,,,,,2.0,0.125,True,324.1394348144531,16.588756561279297,1.602302074432373,2.4913947582244873,23.113712310791016,4593.75,-12.228806326595587,0.9956332116704727,2.0,0.125,41.346439361572266,5.890708923339844,1.6018595695495605,2.0003104209899902,7.852638244628906,8000.0,7.695202871939965,0.9956318145212034,0.04270378211454706
pilot,3853-163249-0012,dev-clean,3853,NEG_LP,,,,,,0.0,0.0,True,70.61629486083984,7.6479411125183105,2.786451659630984e-05,3.2545405701966956e-05,10.794840812683105,7156.25,-0.2614149388644109,0.9999999999997348,,,,,,,,,,,
pilot,3853-163249-0012,dev-clean,3853,NEG_CODEC,,,,,,0.0,0.0,True,5.212747573852539,2.1743252277374268,1.575573205947876,1.6151795387268066,2.4769580364227295,8000.0,-0.22848322369419818,0.9969011039424233,,,,,,,,,,,
pilot,3853-163249-0020,dev-clean,3853,REF,0.004258618577235374,0.10657193605683836,0.6554770318021201,0.007217861108674672,3.246154459899247,,,,,,,,,,,,,,,,,,,,,,
pilot,3853-163249-0020,dev-clean,3853,LP,,,,,,0.0,0.0,True,167.96070861816406,11.644481658935547,0.03090321086347103,1.6657183170318604,16.32250213623047,4093.75,-21.937140152813956,0.9999726804830851,,,,,,,,,,,
pilot,3853-163249-0020,dev-clean,3853,OPUS,,,,,,2.0,0.125,True,166.28553771972656,11.993398666381836,6.925954818725586,7.340257167816162,14.82955551147461,4562.5,-14.266018546660552,0.5768230616799709,2.0,0.125,38.55964279174805,6.104394435882568,6.925069332122803,7.108581066131592,4.308948516845703,8000.0,7.671117255739399,0.5768394423169105,0.011977622296275081
pilot,3853-163249-0020,dev-clean,3853,SILK,,,,,,2.0,0.125,True,142.19195556640625,10.686902046203613,1.764843463897705,2.620940923690796,14.779830932617188,4562.5,-12.518484715117474,0.9868635970058047,2.0,0.125,16.30839729309082,3.62882661819458,1.7644168138504028,2.033613681793213,4.525198936462402,8000.0,9.418651087282479,0.9868617919890068,0.00019464665289103955
pilot,3853-163249-0020,dev-clean,3853,NEG_LP,,,,,,0.0,0.0,True,27.567005157470703,4.330981254577637,2.5497001843177713e-05,3.4367694752290845e-05,6.113050937652588,7156.25,-0.4508899304900141,0.9999999999988004,,,,,,,,,,,
pilot,3853-163249-0020,dev-clean,3853,NEG_CODEC,,,,,,0.0,0.0,True,4.149272918701172,1.9630569219589233,1.7048518657684326,1.7112326622009277,2.106560230255127,8000.0,-0.31618583417388985,0.9892030466994262,,,,,,,,,,,
pilot,5338-24640-0009,dev-clean,5338,REF,0.0478266781641543,0.13278008298755187,0.6931702344546381,0.0019738924357993143,3.496443042514532,,,,,,,,,,,,,,,,,,,,,,
pilot,5338-24640-0009,dev-clean,5338,LP,,,,,,0.0,0.0,True,102.206787109375,7.219855308532715,0.020614659413695335,1.023069143295288,10.115153312683105,4093.75,-25.1551629762165,0.9999729372522942,,,,,,,,,,,
pilot,5338-24640-0009,dev-clean,5338,OPUS,,,,,,2.0,0.125,True,109.93750762939453,8.436841011047363,5.421753883361816,5.4594292640686035,9.696895599365234,4250.0,-21.455193391520435,0.6853394227905067,2.0,0.125,18.750648498535156,4.079480171203613,5.420919895172119,5.339751720428467,1.5548133850097656,8000.0,3.699969290269043,0.6853717126747376,0.007715958266650613
pilot,5338-24640-0009,dev-clean,5338,SILK,,,,,,2.0,0.125,True,95.22582244873047,7.077064514160156,1.1119798421859741,1.6165093183517456,9.68132495880127,4281.25,-20.15917379032329,0.994804156359176,2.0,0.125,4.58970308303833,1.6291483640670776,1.111588478088379,1.3620156049728394,1.5668245553970337,8000.0,4.995988891466188,0.9948192276699319,0.00023724074711517495
pilot,5338-24640-0009,dev-clean,5338,NEG_LP,,,,,,0.0,0.0,True,18.347759246826172,2.5701565742492676,2.029133065661881e-05,2.5048835595953278e-05,3.6276965141296387,7156.25,-0.5452812914979139,0.999999999999643,,,,,,,,,,,
pilot,5338-24640-0009,dev-clean,5338,NEG_CODEC,,,,,,0.0,0.0,True,1.5744887590408325,1.0869405269622803,0.9625497460365295,0.9378526210784912,1.0686771869659424,8000.0,-0.3818620671501876,0.9973590764330399,,,,,,,,,,,
pilot,5338-284437-0026,dev-clean,5338,REF,0.020322112043820607,0.09336250911743253,0.6102675343456254,0.004815153775171483,3.4000154545558545,,,,,,,,,,,,,,,,,,,,,,
pilot,5338-284437-0026,dev-clean,5338,LP,,,,,,0.0,0.0,True,115.1720962524414,8.553723335266113,0.029592914506793022,1.387141466140747,11.957215309143066,4093.75,-26.59969551659278,0.9999731377032927,,,,,,,,,,,
pilot,5338-284437-0026,dev-clean,5338,OPUS,,,,,,2.0,0.125,True,120.84791564941406,9.399127960205078,5.878175735473633,6.142071723937988,11.139335632324219,4625.0,-21.380708622598917,0.6491139959639394,2.0,0.125,24.66909408569336,4.76262903213501,5.877577304840088,5.9458699226379395,2.5331294536590576,8000.0,5.218986995501103,0.6491038488337079,0.00955027300495881
pilot,5338-284437-0026,dev-clean,5338,SILK,,,,,,2.0,0.125,True,102.2521743774414,8.059288024902344,1.2158547639846802,1.9685934782028198,11.08359432220459,4718.75,-19.956751807168388,0.9946088705502039,2.0,0.125,7.57879638671875,2.2659637928009033,1.2151048183441162,1.4723585844039917,2.592538833618164,8000.0,6.64294381093163,0.9946156881195368,0.00019658278514800287
pilot,5338-284437-0026,dev-clean,5338,NEG_LP,,,,,,0.0,0.0,True,19.008405685424805,2.7119762897491455,2.077213503071107e-05,2.6315243303542957e-05,3.827871322631836,7125.0,-3.0137606067924407,0.9999999999994429,,,,,,,,,,,
pilot,5338-284437-0026,dev-clean,5338,NEG_CODEC,,,,,,0.0,0.0,True,1.9762465953826904,1.2719675302505493,1.0654685497283936,1.0803494453430176,1.3332836627960205,8000.0,-1.6479437204916385,0.9973106912810977,,,,,,,,,,,
pilot,5536-43358-0004,dev-clean,5536,REF,0.004535208258005835,0.09583333333333334,0.4718162839248434,0.0027927609533107264,3.142346216454984,,,,,,,,,,,,,,,,,,,,,,
pilot,5536-43358-0004,dev-clean,5536,LP,,,,,,0.0,0.0,True,111.45744323730469,8.477818489074707,0.03699563071131706,1.4708529710769653,11.82865047454834,4093.75,-34.556545197730216,0.9999728511811776,,,,,,,,,,,
pilot,5536-43358-0004,dev-clean,5536,OPUS,,,,,,2.0,0.125,True,108.80293273925781,8.920025825500488,5.987768650054932,6.441564559936523,10.136828422546387,4718.75,-18.452958963301413,0.6476005628184377,2.0,0.125,38.123966217041016,5.905276775360107,5.9852752685546875,6.17184591293335,4.645413875579834,8000.0,16.103625207307427,0.6476157500298595,0.007110155127697526
pilot,5536-43358-0004,dev-clean,5536,SILK,,,,,,2.0,0.125,True,87.2510986328125,7.3084397315979,1.224389910697937,2.043900728225708,9.968978881835938,4812.5,-16.703106611025362,0.9952098938961272,2.0,0.125,23.860998153686523,4.023951530456543,1.219648003578186,1.3923697471618652,5.188896656036377,8000.0,17.853477559583478,0.995212208428059,0.0001400080402325088
pilot,5536-43358-0004,dev-clean,5536,NEG_LP,,,,,,0.0,0.0,True,14.025960922241211,2.447389602661133,3.9905520679894835e-05,4.894843004876748e-05,3.4544169902801514,7156.25,-0.2004120869382487,0.999999999998991,,,,,,,,,,,
pilot,5536-43358-0004,dev-clean,5536,NEG_CODEC,,,,,,0.0,0.0,True,2.2204015254974365,1.347340703010559,1.0771243572235107,1.0962411165237427,1.4594480991363525,8000.0,-0.16516621145505306,0.9950086270190511,,,,,,,,,,,
pilot,5536-43359-0016,dev-clean,5536,REF,0.003001732072699666,0.070298769771529,0.5334507042253521,0.0016841388779325753,3.0278981482618055,,,,,,,,,,,,,,,,,,,,,,
pilot,5536-43359-0016,dev-clean,5536,LP,,,,,,0.0,0.0,True,129.97320556640625,9.899115562438965,0.03406817838549614,1.5570136308670044,13.860538482666016,4093.75,-29.733501009892013,0.9999738890238471,,,,,,,,,,,
pilot,5536-43359-0016,dev-clean,5536,OPUS,,,,,,2.0,0.125,True,127.1693344116211,10.123927116394043,6.327867031097412,6.793483734130859,12.170775413513184,4687.5,-16.266499920989787,0.6456401711525855,2.0,0.125,36.635616302490234,5.8576979637146,6.327373504638672,6.52994966506958,4.239928722381592,8000.0,13.467723493314086,0.6456389157289456,0.011296845449769721
pilot,5536-43359-0016,dev-clean,5536,SILK,,,,,,2.0,0.125,True,103.28153991699219,8.672017097473145,1.2191954851150513,2.139408588409424,11.982998847961426,4718.75,-14.968663822142243,0.9947499318961001,2.0,0.125,19.27288246154785,3.667712926864624,1.2185620069503784,1.4597541093826294,4.718336582183838,8000.0,14.76555959216163,0.9947435847114866,0.000185559895057974
pilot,5536-43359-0016,dev-clean,5536,NEG_LP,,,,,,0.0,0.0,True,19.84983253479004,3.499326705932617,4.648180038202554e-05,5.689773024641909e-05,4.939194679260254,7156.25,-0.3386637095253411,0.9999999999989537,,,,,,,,,,,
pilot,5536-43359-0016,dev-clean,5536,NEG_CODEC,,,,,,0.0,0.0,True,2.416018486022949,1.4468975067138672,1.0532782077789307,1.080946683883667,1.6715192794799805,8000.0,-0.2012225483237099,0.9966261139077708,,,,,,,,,,,
pilot,5694-64025-0021,dev-clean,5694,REF,0.002385562758123864,0.05828220858895705,0.666156202143951,0.0013051650213298234,3.328850406385679,,,,,,,,,,,,,,,,,,,,,,
pilot,5694-64025-0021,dev-clean,5694,LP,,,,,,0.0,0.0,True,63.9400520324707,5.914945602416992,0.02834252454340458,1.3406466245651245,8.165593147277832,4093.75,-22.651837854552774,0.9999739501154212,,,,,,,,,,,
pilot,5694-64025-0021,dev-clean,5694,OPUS,,,,,,2.0,0.125,True,69.28900909423828,7.079712390899658,5.718436241149902,6.101829528808594,7.18057107925415,4781.25,-10.24278361789879,0.5866596765429944,2.0,0.125,31.017438888549805,5.192716598510742,5.717827320098877,5.914239406585693,3.6654458045959473,8000.0,12.40906214811771,0.5866276374917551,0.00800724150753862
pilot,5694-64025-0021,dev-clean,5694,SILK,,,,,,2.0,0.125,True,51.062374114990234,5.405158519744873,1.205442190170288,1.9020997285842896,7.18923282623291,4781.25,-9.407576637507034,0.9930310001792391,2.0,0.125,14.772504806518555,3.1020514965057373,1.2045599222183228,1.358338475227356,3.918674945831299,8000.0,13.244269128509467,0.9930198236891624,0.00022594193105740512
pilot,5694-64025-0021,dev-clean,5694,NEG_LP,,,,,,0.0,0.0,True,10.204338073730469,2.104982852935791,1.895501191029325e-05,2.3237076675286517e-05,2.971118927001953,7156.25,-0.44229815935930733,0.9999999999999729,,,,,,,,,,,
pilot,5694-64025-0021,dev-clean,5694,NEG_CODEC,,,,,,0.0,0.0,True,2.1363017559051514,1.3324602842330933,1.256429672241211,1.2803479433059692,1.2450270652770996,8000.0,-0.3448508924461249,0.9947463865254295,,,,,,,,,,,
pilot,5694-64038-0017,dev-clean,5694,REF,0.005375248897171687,0.09105431309904154,0.654874213836478,0.0018276715017335218,3.279689271345033,,,,,,,,,,,,,,,,,,,,,,
pilot,5694-64038-0017,dev-clean,5694,LP,,,,,,0.0,0.0,True,81.46385955810547,6.850641250610352,0.026745345443487167,1.325397253036499,9.518925666809082,4093.75,-22.837364077940467,0.9999729684210543,,,,,,,,,,,
pilot,5694-64038-0017,dev-clean,5694,OPUS,,,,,,2.0,0.125,True,83.57804870605469,7.6275763511657715,5.111876010894775,5.585329055786133,8.622653007507324,4625.0,-10.752039386583998,0.5791122572606456,2.0,0.125,27.386157989501953,4.767683029174805,5.111405372619629,5.332419395446777,3.5305681228637695,8000.0,12.085324639296784,0.5791296137202551,0.006435642382589091
pilot,5694-64038-0017,dev-clean,5694,SILK,,,,,,2.0,0.125,True,66.90138244628906,6.298564910888672,1.052457571029663,1.7817225456237793,8.559591293334961,4718.75,-11.113598837632704,0.9925866100510908,2.0,0.125,13.977567672729492,2.999624252319336,1.0514929294586182,1.2103995084762573,3.855198383331299,8000.0,11.72376518824808,0.9925899594315899,0.0002087703634510163
pilot,5694-64038-0017,dev-clean,5694,NEG_LP,,,,,,0.0,0.0,True,11.555851936340332,2.217780351638794,1.7113492503995076e-05,1.8714872567215934e-05,3.1303296089172363,7156.25,-0.43559112305849307,0.9999999999999589,,,,,,,,,,,
pilot,5694-64038-0017,dev-clean,5694,NEG_CODEC,,,,,,0.0,0.0,True,2.1422834396362305,1.2718212604522705,1.0678631067276,1.082722783088684,1.3190720081329346,8000.0,-0.308939283264862,0.9944387228890684,,,,,,,,,,,
pilot,5895-34629-0002,dev-clean,5895,REF,0.060665623424047486,0.15776081424936386,0.4859335038363171,0.07069896389087237,3.4105844973138675,,,,,,,,,,,,,,,,,,,,,,
pilot,5895-34629-0002,dev-clean,5895,LP,,,,,,0.0,0.0,True,311.05133056640625,15.89059066772461,0.034932900220155716,1.661725401878357,22.33968734741211,4093.75,-24.19826870059921,0.9999732872630462,,,,,,,,,,,
pilot,5895-34629-0002,dev-clean,5895,OPUS,,,,,,2.0,0.125,True,277.2732849121094,15.334514617919922,6.453293323516846,6.9099812507629395,20.095006942749023,4812.5,-17.105031038896133,0.7575874881900183,2.0,0.125,44.216590881347656,6.428089618682861,6.452521800994873,6.678154468536377,5.329768180847168,8000.0,7.093276297845796,0.757580312187026,0.008428657658083871
pilot,5895-34629-0002,dev-clean,5895,SILK,,,,,,2.0,0.125,True,252.71559143066406,14.307398796081543,1.3146750926971436,2.296855926513672,19.985124588012695,4875.0,-16.51005027469748,0.9968290892263654,2.0,0.125,24.866567611694336,4.290835857391357,1.3129128217697144,1.7302265167236328,5.56452751159668,8000.0,7.688257062044448,0.9968370637109945,0.00023031811419271797
pilot,5895-34629-0002,dev-clean,5895,NEG_LP,,,,,,0.0,0.0,True,43.389766693115234,5.151524543762207,2.1897114493185654e-05,2.6836358301807195e-05,7.271223068237305,7156.25,-0.2988530990546686,0.9999999999999305,,,,,,,,,,,
pilot,5895-34629-0002,dev-clean,5895,NEG_CODEC,,,,,,0.0,0.0,True,4.106811046600342,1.9286859035491943,1.3936747312545776,1.4545186758041382,2.2371394634246826,8000.0,-0.19015552848729905,0.9975898242237324,,,,,,,,,,,
pilot,5895-34629-0020,dev-clean,5895,REF,0.02458219387262319,0.11061946902654868,0.5491071428571429,0.04988041104965664,3.372027980553097,,,,,,,,,,,,,,,,,,,,,,
pilot,5895-34629-0020,dev-clean,5895,LP,,,,,,0.0,0.0,True,234.8936004638672,13.067337036132812,0.03599383682012558,1.59011709690094,18.33514404296875,4093.75,-24.64958810872007,0.9999736754002326,,,,,,,,,,,
pilot,5895-34629-0020,dev-clean,5895,OPUS,,,,,,1.0,0.0625,True,216.27371215820312,13.170914649963379,6.5487236976623535,6.853255271911621,16.64918327331543,4937.5,-16.286701452872542,0.7392820983441936,1.0,0.0625,40.27520751953125,6.104983329772949,6.54897403717041,6.651486873626709,4.572287082672119,8000.0,8.362915919017256,0.7392526325196627,0.009317706158302963
pilot,5895-34629-0020,dev-clean,5895,SILK,,,,,,2.0,0.125,True,194.02069091796875,11.95485782623291,1.373839259147644,2.232335090637207,16.612537384033203,4937.5,-16.049453370724663,0.9971629482418202,2.0,0.125,19.892578125,3.7263948917388916,1.3733839988708496,1.6822947263717651,4.6951470375061035,8000.0,8.600165866230643,0.9971671589929725,0.00015083803684567965
pilot,5895-34629-0020,dev-clean,5895,NEG_LP,,,,,,0.0,0.0,True,33.49549865722656,4.224781036376953,3.4379267162876204e-05,4.489756975090131e-05,5.963151931762695,7156.25,-0.30730336406518455,0.9999999999997335,,,,,,,,,,,
pilot,5895-34629-0020,dev-clean,5895,NEG_CODEC,,,,,,0.0,0.0,True,3.4804725646972656,1.7453500032424927,1.3474631309509277,1.4038679599761963,1.95327627658844,8000.0,-0.25597318390129953,0.9977788085853776,,,,,,,,,,,
pilot,6241-61943-0024,dev-clean,6241,REF,0.054841954337706326,0.10730253353204174,0.4574961360123648,0.0335649823645793,3.2122102110653192,,,,,,,,,,,,,,,,,,,,,,
pilot,6241-61943-0024,dev-clean,6241,LP,,,,,,0.0,0.0,True,274.9089660644531,14.406229019165039,0.0328667052090168,1.6191158294677734,20.238449096679688,4093.75,-32.64993518250205,0.9999733603430853,,,,,,,,,,,
pilot,6241-61943-0024,dev-clean,6241,OPUS,,,,,,2.0,0.125,True,257.9086608886719,14.471672058105469,6.180310249328613,6.756822109222412,18.74285316467285,4531.25,-20.24936855300618,0.6643813527407988,2.0,0.125,40.81291580200195,6.214865207672119,6.178713798522949,6.465947151184082,5.027793884277344,8000.0,12.400584341264134,0.6643693974551655,0.008424381800853031
pilot,6241-61943-0024,dev-clean,6241,SILK,,,,,,2.0,0.125,True,235.0116729736328,13.347823143005371,1.1825519800186157,2.152631998062134,18.641925811767578,4562.5,-19.37892721388993,0.9944596433186575,2.0,0.125,23.445268630981445,4.156869411468506,1.1810903549194336,1.456303358078003,5.426839351654053,8000.0,13.271025680380388,0.9944505933469928,0.0003457768223575908
pilot,6241-61943-0024,dev-clean,6241,NEG_LP,,,,,,0.0,0.0,True,40.60694122314453,5.217859268188477,3.67146021744702e-05,4.6408342313952744e-05,7.364851474761963,7156.25,-0.34673287670362773,0.9999999999975567,,,,,,,,,,,
pilot,6241-61943-0024,dev-clean,6241,NEG_CODEC,,,,,,0.0,0.0,True,3.3071863651275635,1.734938144683838,1.1002249717712402,1.1753513813018799,2.0965054035186768,8000.0,-0.2890217958346133,0.9961255977197967,,,,,,,,,,,
pilot,6241-61943-0027,dev-clean,6241,REF,0.04139524841113597,0.10347043701799485,0.43963254593175854,0.03217954880274591,3.244351224721413,,,,,,,,,,,,,,,,,,,,,,
pilot,6241-61943-0027,dev-clean,6241,LP,,,,,,0.0,0.0,True,253.1205596923828,13.78521728515625,0.03393403813242912,1.6260976791381836,19.35712432861328,4093.75,-30.919872277390205,0.9999741165225947,,,,,,,,,,,
pilot,6241-61943-0027,dev-clean,6241,OPUS,,,,,,2.0,0.125,True,240.4119873046875,13.962224006652832,6.2461419105529785,6.749111652374268,17.98224639892578,4500.0,-20.92422391334778,0.6731444409012233,2.0,0.125,37.940940856933594,6.001450538635254,6.245299339294434,6.478092670440674,4.580548286437988,8000.0,9.995649620931623,0.6731837112149419,0.009115926104497296
pilot,6241-61943-0027,dev-clean,6241,SILK,,,,,,2.0,0.125,True,217.57342529296875,12.817788124084473,1.2073559761047363,2.1813747882843018,17.884098052978516,4531.25,-20.04961462873817,0.9948377537090197,2.0,0.125,20.041139602661133,3.8313117027282715,1.2065569162368774,1.5211275815963745,4.937005996704102,8000.0,10.870258905541233,0.9948395581276168,0.00038929057465941774
pilot,6241-61943-0027,dev-clean,6241,NEG_LP,,,,,,0.0,0.0,True,40.4737663269043,5.201995372772217,1.7119893527706154e-05,2.1677447875845246e-05,7.342461585998535,7156.25,-0.3969418413822529,0.9999999999997075,,,,,,,,,,,
pilot,6241-61943-0027,dev-clean,6241,NEG_CODEC,,,,,,0.0,0.0,True,3.2168357372283936,1.7145357131958008,1.0975136756896973,1.1793560981750488,2.0570201873779297,8000.0,-0.23901054052834014,0.99720617629234,,,,,,,,,,,
pilot,6295-244435-0001,dev-clean,6295,REF,0.0023159289917559223,0.05142857142857143,0.37604456824512533,0.0014119544845598417,3.1520018778971512,,,,,,,,,,,,,,,,,,,,,,
pilot,6295-244435-0001,dev-clean,6295,LP,,,,,,0.0,0.0,True,47.84043884277344,4.564404010772705,0.020090121775865555,0.9647892713546753,6.296201229095459,4093.75,-27.10474877916546,0.9999755150095863,,,,,,,,,,,
pilot,6295-244435-0001,dev-clean,6295,OPUS,,,,,,2.0,0.125,True,58.1375732421875,6.162315845489502,4.922131061553955,5.071235656738281,6.1098713874816895,4687.5,-17.404049056444087,0.6925494843481108,2.0,0.125,15.603423118591309,3.7143452167510986,4.921817302703857,4.88219690322876,1.2749861478805542,8000.0,9.700709758840517,0.6925684488787447,0.009888465952471392
pilot,6295-244435-0001,dev-clean,6295,SILK,,,,,,2.0,0.125,True,45.024234771728516,4.613399982452393,1.030840516090393,1.489762783050537,6.1012139320373535,4687.5,-16.93833420409573,0.9951475157145333,2.0,0.125,3.701129198074341,1.4409269094467163,1.030471682548523,1.0668774843215942,1.4021010398864746,8000.0,10.166424611188873,0.9951471289297001,0.0020289321555985174
pilot,6295-244435-0001,dev-clean,6295,NEG_LP,,,,,,0.0,0.0,True,7.484729290008545,1.5609698295593262,1.2797253475582693e-05,1.550537308503408e-05,2.2032597064971924,7156.25,-0.46619352210918014,0.9999999999999487,,,,,,,,,,,
pilot,6295-244435-0001,dev-clean,6295,NEG_CODEC,,,,,,0.0,0.0,True,1.4203236103057861,1.0246175527572632,1.0036277770996094,0.9461178183555603,0.9132638573646545,8000.0,-0.3089035080336361,0.9973934807160841,,,,,,,,,,,
pilot,6295-244435-0023,dev-clean,6295,REF,0.006745225402770999,0.04745762711864407,0.5308219178082192,0.0012257176691028633,3.113777149850532,,,,,,,,,,,,,,,,,,,,,,
pilot,6295-244435-0023,dev-clean,6295,LP,,,,,,0.0,0.0,True,106.96704864501953,7.6102399826049805,0.02269638702273369,1.0871323347091675,10.664286613464355,4093.75,-29.24962288922081,0.9999734684956949,,,,,,,,,,,
pilot,6295-244435-0023,dev-clean,6295,OPUS,,,,,,2.0,0.125,True,114.34664916992188,8.769133567810059,5.410640716552734,5.596026420593262,10.311534881591797,4625.0,-18.410798788495377,0.6742411834544486,2.0,0.125,25.794979095458984,4.6773858070373535,5.409829616546631,5.402383327484131,2.9204821586608887,8000.0,10.839000535296092,0.6742334806979736,0.0078360065969727
pilot,6295-244435-0023,dev-clean,6295,SILK,,,,,,2.0,0.125,True,98.26780700683594,7.50400447845459,1.0894463062286377,1.6530109643936157,10.279936790466309,4656.25,-17.263755585886543,0.9945154643486045,2.0,0.125,11.699862480163574,2.596825122833252,1.0879008769989014,1.1795682907104492,3.1401538848876953,8000.0,11.986043737904925,0.9945198675678929,0.0014966158189765322
pilot,6295-244435-0023,dev-clean,6295,NEG_LP,,,,,,0.0,0.0,True,21.52294158935547,3.4528536796569824,2.3734271962894127e-05,2.785873948596418e-05,4.873597145080566,7156.25,-0.4779429947022753,0.9999999999998459,,,,,,,,,,,
pilot,6295-244435-0023,dev-clean,6295,NEG_CODEC,,,,,,0.0,0.0,True,2.223006010055542,1.3476606607437134,1.0807557106018066,1.027969241142273,1.469539761543274,8000.0,-0.4083539807980998,0.9957854941223134,,,,,,,,,,,
pilot,6313-76958-0008,dev-clean,6313,REF,0.005121172983992119,0.03686635944700461,0.2361111111111111,0.0287172007798676,3.2575591540387907,,,,,,,,,,,,,,,,,,,,,,
pilot,6313-76958-0008,dev-clean,6313,LP,,,,,,0.0,0.0,True,221.7596435546875,13.87479019165039,0.03682412952184677,1.6775473356246948,19.497343063354492,4093.75,-21.729195708846476,0.9999731308595536,,,,,,,,,,,
pilot,6313-76958-0008,dev-clean,6313,OPUS,,,,,,2.0,0.125,True,207.10755920410156,13.729133605957031,7.269803524017334,7.722200393676758,17.488510131835938,4843.75,-14.48128082526901,0.5358958847296802,2.0,0.125,53.344398498535156,7.12986421585083,7.269279956817627,7.434720039367676,5.998243808746338,8000.0,7.242393943190775,0.5358844651005593,0.011554602021564886
pilot,6313-76958-0008,dev-clean,6313,SILK,,,,,,2.0,0.125,True,175.37306213378906,12.372364044189453,1.5668295621871948,2.5322437286376953,17.2330322265625,4968.75,-12.580076082494786,0.990521320755176,2.0,0.125,32.4183235168457,5.03534460067749,1.5652915239334106,1.8793482780456543,6.630904197692871,7750.0,9.143598685964998,0.9905114930037902,0.00015826614749414603
pilot,6313-76958-0008,dev-clean,6313,NEG_LP,,,,,,0.0,0.0,True,37.82270431518555,5.530216217041016,4.9069771193899214e-05,6.0497113736346364e-05,7.805734634399414,7156.25,-0.4209330198799486,0.9999999999460559,,,,,,,,,,,
pilot,6313-76958-0008,dev-clean,6313,NEG_CODEC,,,,,,0.0,0.0,True,4.053859233856201,1.955237865447998,1.4305280447006226,1.440722942352295,2.307028293609619,8000.0,-0.3547828169914893,0.9893081681163383,,,,,,,,,,,
pilot,6313-76958-0014,dev-clean,6313,REF,0.011091676546309005,0.14862681744749595,0.3349282296650718,0.022419492861951457,3.4866904421741043,,,,,,,,,,,,,,,,,,,,,,
pilot,6313-76958-0014,dev-clean,6313,LP,,,,,,0.0,0.0,True,141.57571411132812,9.78014850616455,0.03554854914546013,1.5531635284423828,13.656691551208496,4093.75,-23.716897171248817,0.9999741400490904,,,,,,,,,,,
pilot,6313-76958-0014,dev-clean,6313,OPUS,,,,,,2.0,0.125,True,143.0668487548828,10.667871475219727,6.684915065765381,7.119737148284912,12.466772079467773,4593.75,-14.826983219217007,0.6430019418099636,2.0,0.125,37.760231018066406,6.000245571136475,6.683530330657959,6.837680339813232,4.207479476928711,8000.0,8.889566460431586,0.6430462807202484,0.010066950564511679
pilot,6313-76958-0014,dev-clean,6313,SILK,,,,,,2.0,0.125,True,118.1265640258789,9.014130592346191,1.4695875644683838,2.310622453689575,12.349088668823242,4656.25,-14.665041007575743,0.9891233596998643,2.0,0.125,17.959836959838867,3.666084051132202,1.4680719375610352,1.6547335386276245,4.6276350021362305,8000.0,9.051508672072849,0.9891405070088003,0.00014726138100895625
pilot,6313-76958-0014,dev-clean,6313,NEG_LP,,,,,,0.0,0.0,True,22.25963020324707,3.612062931060791,1.791690374375321e-05,2.097942888212856e-05,5.098319053649902,7156.25,-0.4782727057316677,0.9999999999978728,,,,,,,,,,,
pilot,6313-76958-0014,dev-clean,6313,NEG_CODEC,,,,,,0.0,0.0,True,2.9191102981567383,1.607985258102417,1.339469075202942,1.3271872997283936,1.7395397424697876,8000.0,-0.3780110948354532,0.990039951163877,,,,,,,,,,,
pilot,6319-57405-0007,dev-clean,6319,REF,0.004699419302465148,0.15566037735849056,0.5263157894736842,0.00590811031096254,3.1452709309883873,,,,,,,,,,,,,,,,,,,,,,
pilot,6319-57405-0007,dev-clean,6319,LP,,,,,,0.0,0.0,True,83.66470336914062,6.2233123779296875,0.020411619916558266,1.0796079635620117,8.650368690490723,4093.75,-26.14623704470827,0.9999723625090098,,,,,,,,,,,
pilot,6319-57405-0007,dev-clean,6319,OPUS,,,,,,2.0,0.125,True,88.79420471191406,7.453394889831543,5.13109827041626,5.148045063018799,8.238850593566895,4750.0,-13.11587080720299,0.622316054028943,2.0,0.125,20.27165412902832,4.12370491027832,5.130983352661133,5.015923500061035,2.056257963180542,8000.0,13.03088584111512,0.6222530576015071,0.007675946189791838
pilot,6319-57405-0007,dev-clean,6319,SILK,,,,,,2.0,0.125,True,76.42940521240234,6.11434268951416,1.066545844078064,1.6488128900527954,8.263775825500488,4718.75,-13.504037007248375,0.9936687298444998,2.0,0.125,7.660549640655518,1.9178781509399414,1.065574049949646,1.1626392602920532,2.07702898979187,8000.0,12.642719641069736,0.993641675959463,0.00011404748331000913
pilot,6319-57405-0007,dev-clean,6319,NEG_LP,,,,,,0.0,0.0,True,19.803903579711914,2.8197035789489746,2.3621936634299345e-05,2.7846384909935296e-05,3.9799256324768066,7156.25,-1.2569785405269618,0.9999999999985442,,,,,,,,,,,
pilot,6319-57405-0007,dev-clean,6319,NEG_CODEC,,,,,,0.0,0.0,True,1.9861291646957397,1.2060507535934448,0.9751672744750977,0.9888417720794678,1.2645900249481201,8000.0,-0.8153011565514635,0.9965858102051187,,,,,,,,,,,
pilot,6319-64726-0007,dev-clean,6319,REF,0.025224969664929014,0.09098428453267163,0.5675675675675675,0.002197651329168653,3.2833587302912717,,,,,,,,,,,,,,,,,,,,,,
pilot,6319-64726-0007,dev-clean,6319,LP,,,,,,0.0,0.0,True,104.27821350097656,7.145212650299072,0.02539970725774765,1.134885549545288,9.959439277648926,4093.75,-24.902903523874322,0.9999738798595261,,,,,,,,,,,
pilot,6319-64726-0007,dev-clean,6319,OPUS,,,,,,2.0,0.125,True,112.6998062133789,8.402522087097168,5.483124732971191,5.560626983642578,9.618561744689941,4593.75,-16.786079410050178,0.6153188265734131,2.0,0.125,21.19378089904785,4.267538070678711,5.482616901397705,5.421240329742432,1.8581269979476929,8000.0,8.116826704748432,0.615353961698316,0.006499054884686828
pilot,6319-64726-0007,dev-clean,6319,SILK,,,,,,2.0,0.125,True,97.68197631835938,7.083329677581787,1.165789246559143,1.792630910873413,9.62528133392334,4625.0,-16.47491314884912,0.9931521314921623,2.0,0.125,6.102044582366943,1.7876726388931274,1.1650928258895874,1.2868338823318481,1.8117642402648926,8000.0,8.427992965949489,0.9931580904766679,0.00015567230154500677
pilot,6319-64726-0007,dev-clean,6319,NEG_LP,,,,,,0.0,0.0,True,23.163986206054688,3.2095963954925537,2.36582327488577e-05,3.2064261176856235e-05,4.530247211456299,7156.25,-1.0471588865938541,0.9999999999997824,,,,,,,,,,,
pilot,6319-64726-0007,dev-clean,6319,NEG_CODEC,,,,,,0.0,0.0,True,1.8868876695632935,1.1993699073791504,0.9269510507583618,0.9183031916618347,1.3207145929336548,8000.0,-0.7061600457514803,0.9974084081467245,,,,,,,,,,,
pilot,6345-64257-0001,dev-clean,6345,REF,0.007019800668329719,0.1065939514129896,0.6634098680996581,0.0030606725626416897,3.2429348903039106,,,,,,,,,,,,,,,,,,,,,,
pilot,6345-64257-0001,dev-clean,6345,LP,,,,,,0.0,0.0,True,110.83119201660156,9.002559661865234,0.03352193161845207,1.5637664794921875,12.576972007751465,4093.75,-22.800104985905246,0.9999723458678181,,,,,,,,,,,
pilot,6345-64257-0001,dev-clean,6345,OPUS,,,,,,2.0,0.125,True,120.6559829711914,9.915824890136719,6.514512538909912,6.972061634063721,11.680794715881348,4593.75,-15.391486504320538,0.6091468267675308,2.0,0.125,30.53838348388672,5.398319721221924,6.514249324798584,6.750969886779785,2.9919660091400146,8000.0,7.408617592581285,0.6091697865924316,0.010213508794921111
pilot,6345-64257-0001,dev-clean,6345,SILK,,,,,,2.0,0.125,True,98.54362487792969,8.475903511047363,1.44736647605896,2.3132057189941406,11.660042762756348,4562.5,-14.187622398807601,0.9928639928721716,2.0,0.125,9.7479829788208,2.7044217586517334,1.4459961652755737,1.7475297451019287,3.183049440383911,8000.0,8.612481698094218,0.9928743633862677,0.0001955771757098379
pilot,6345-64257-0001,dev-clean,6345,NEG_LP,,,,,,0.0,0.0,True,19.09041976928711,3.411314010620117,3.3969932701438665e-05,4.635776349459775e-05,4.814968109130859,7125.0,-0.5292396373597587,0.9999999999922856,,,,,,,,,,,
pilot,6345-64257-0001,dev-clean,6345,NEG_CODEC,,,,,,0.0,0.0,True,3.3982045650482178,1.7581472396850586,1.504132628440857,1.5235044956207275,1.8923029899597168,8000.0,-0.4453716953647502,0.9911804294418819,,,,,,,,,,,
pilot,6345-93302-0001,dev-clean,6345,REF,0.011091091962211528,0.1511111111111111,0.6647314949201741,0.0006826793389157298,3.4278612313318066,,,,,,,,,,,,,,,,,,,,,,
pilot,6345-93302-0001,dev-clean,6345,LP,,,,,,0.0,0.0,True,70.14427185058594,5.379518985748291,0.025179008021950722,0.9509865045547485,7.4444098472595215,4093.75,-23.859252083967032,0.9999746905520168,,,,,,,,,,,
pilot,6345-93302-0001,dev-clean,6345,OPUS,,,,,,2.0,0.125,True,77.08733367919922,6.8050150871276855,5.043262958526611,5.124975204467773,7.004692554473877,4812.5,-15.509843519854282,0.6283816995219653,2.0,0.125,18.59279441833496,3.898719072341919,5.0426530838012695,4.989983081817627,1.5890378952026367,8000.0,8.349407758874207,0.628420990425024,0.007242167986796222
pilot,6345-93302-0001,dev-clean,6345,SILK,,,,,,2.0,0.125,True,63.765663146972656,5.314713478088379,1.1613744497299194,1.581490159034729,7.032993316650391,4843.75,-13.422367081860834,0.9921950045598326,2.0,0.125,5.288715362548828,1.627868890762329,1.160706639289856,1.204964518547058,1.6083738803863525,8000.0,10.436884196867657,0.992182268987847,0.00022010757192592045
pilot,6345-93302-0001,dev-clean,6345,NEG_LP,,,,,,0.0,0.0,True,9.264631271362305,1.4972188472747803,2.0628973288694397e-05,2.4596751245553605e-05,2.1132731437683105,7156.25,-0.23872353889228032,0.9999999999999595,,,,,,,,,,,
pilot,6345-93302-0001,dev-clean,6345,NEG_CODEC,,,,,,0.0,0.0,True,1.7950046062469482,1.1347558498382568,1.194264531135559,1.1415326595306396,0.8835812211036682,8000.0,-0.12786292019583384,0.990915579816241,,,,,,,,,,,
pilot,7850-286674-0009,dev-clean,7850,REF,0.0075911375999020885,0.15889464594127806,0.5224913494809689,0.003991007592840913,3.479449241067738,,,,,,,,,,,,,,,,,,,,,,
pilot,7850-286674-0009,dev-clean,7850,LP,,,,,,0.0,0.0,True,116.30302429199219,8.689033508300781,0.026611993089318275,1.4028124809265137,12.139830589294434,4093.75,-23.9006013182805,0.9999746925833266,,,,,,,,,,,
pilot,7850-286674-0009,dev-clean,7850,OPUS,,,,,,2.0,0.125,True,124.36534881591797,9.653076171875,6.122262001037598,6.392762184143066,11.360465049743652,4468.75,-18.189891024466444,0.6081475597360178,2.0,0.125,25.893756866455078,4.887892723083496,6.121883392333984,6.153611183166504,2.46700382232666,8000.0,5.7107135021402975,0.6081636511781415,0.009845067405276686
pilot,7850-286674-0009,dev-clean,7850,SILK,,,,,,2.0,0.125,True,103.2975082397461,8.209084510803223,1.3282122611999512,2.063762903213501,11.232702255249023,4656.25,-16.962145191919205,0.9937015908466689,2.0,0.125,8.810111999511719,2.410167694091797,1.3266850709915161,1.542075514793396,2.728095531463623,8000.0,6.9384593346875345,0.9936986123693244,0.0006019548597513413
pilot,7850-286674-0009,dev-clean,7850,NEG_LP,,,,,,0.0,0.0,True,24.843969345092773,3.63815975189209,3.700514935189858e-05,4.336520578362979e-05,5.135150909423828,7156.25,-0.9714159343557471,0.9999999999982904,,,,,,,,,,,
pilot,7850-286674-0009,dev-clean,7850,NEG_CODEC,,,,,,0.0,0.0,True,2.9036359786987305,1.5531926155090332,1.2401111125946045,1.2419192790985107,1.695683240890503,8000.0,-0.6315112957540638,0.9948824311162948,,,,,,,,,,,
pilot,7850-73752-0013,dev-clean,7850,REF,0.014119438428978354,0.03571428571428571,0.669683257918552,0.0033407187073695847,3.4216851812920033,,,,,,,,,,,,,,,,,,,,,,
pilot,7850-73752-0013,dev-clean,7850,LP,,,,,,0.0,0.0,True,129.20018005371094,8.794334411621094,0.03871813043951988,1.329770803451538,12.29849624633789,4093.75,-30.988835867441647,0.9999721025633179,,,,,,,,,,,
pilot,7850-73752-0013,dev-clean,7850,OPUS,,,,,,2.0,0.125,True,131.52781677246094,9.699727058410645,6.088457107543945,6.296811103820801,11.444869995117188,4218.75,-23.70947100005528,0.6446478402132725,2.0,0.125,25.951953887939453,4.859983921051025,6.087407112121582,6.0711565017700195,2.491875410079956,8000.0,7.283042362822552,0.6446520316207051,0.006996507319052436
pilot,7850-73752-0013,dev-clean,7850,SILK,,,,,,2.0,0.125,True,110.92203521728516,8.317129135131836,1.341557264328003,2.099250078201294,11.352310180664062,4218.75,-23.302922639470466,0.9934788287137813,2.0,0.125,8.613377571105957,2.35418963432312,1.3424278497695923,1.4934676885604858,2.6410205364227295,8000.0,7.689590723407365,0.9934919735967219,0.00023839603860498215
pilot,7850-73752-0013,dev-clean,7850,NEG_LP,,,,,,0.0,0.0,True,22.212242126464844,3.365901231765747,2.610176852613222e-05,3.480902159935795e-05,4.750864505767822,7125.0,-0.46085630792469806,0.9999999999996885,,,,,,,,,,,
pilot,7850-73752-0013,dev-clean,7850,NEG_CODEC,,,,,,0.0,0.0,True,2.9515905380249023,1.5739868879318237,1.3539202213287354,1.3554425239562988,1.6520938873291016,8000.0,-0.28599590521920065,0.9948316432868506,,,,,,,,,,,
pilot,7976-105575-0028,dev-clean,7976,REF,0.0032818789804768037,0.07971014492753623,0.6630824372759857,0.004879475095443364,3.338656290882588,,,,,,,,,,,,,,,,,,,,,,
pilot,7976-105575-0028,dev-clean,7976,LP,,,,,,0.0,0.0,True,82.57372283935547,6.278670787811279,0.03486613184213638,1.2362638711929321,8.665127754211426,4093.75,-24.299074338535576,0.9999721807355776,,,,,,,,,,,
pilot,7976-105575-0028,dev-clean,7976,OPUS,,,,,,2.0,0.125,True,87.99790954589844,7.453855991363525,5.327448844909668,5.592718124389648,8.001739501953125,4937.5,-13.614113828006833,0.6603565062373639,2.0,0.125,28.58342933654785,4.7391510009765625,5.326242923736572,5.408734321594238,3.21280574798584,8000.0,10.68496025860507,0.6604235276423317,0.005593221180787977
pilot,7976-105575-0028,dev-clean,7976,SILK,,,,,,2.0,0.125,True,71.63834381103516,6.009677886962891,1.1664360761642456,1.846621036529541,8.029709815979004,5000.0,-13.393644876595648,0.993889053788282,2.0,0.125,13.697043418884277,2.792945384979248,1.1645528078079224,1.3272325992584229,3.4415042400360107,8000.0,10.905429210016255,0.9938977101218002,0.00013070394759395754
pilot,7976-105575-0028,dev-clean,7976,NEG_LP,,,,,,0.0,0.0,True,12.948219299316406,1.9714497327804565,1.1973842447332572e-05,1.433992656529881e-05,2.782640218734741,7156.25,-0.5955244581757919,0.9999999999999646,,,,,,,,,,,
pilot,7976-105575-0028,dev-clean,7976,NEG_CODEC,,,,,,0.0,0.0,True,2.051567316055298,1.2065142393112183,1.2235286235809326,1.2030835151672363,1.05498206615448,8000.0,-0.42201312073691605,0.9916976085863909,,,,,,,,,,,
pilot,7976-110124-0000,dev-clean,7976,REF,0.0016781540075047332,0.1111111111111111,0.7318007662835249,0.0019528358976254555,3.4859867706847085,,,,,,,,,,,,,,,,,,,,,,
pilot,7976-110124-0000,dev-clean,7976,LP,,,,,,0.0,0.0,True,94.96385955810547,7.176202297210693,0.030323617160320282,1.2154759168624878,10.003547668457031,4093.75,-21.809076698352857,0.9999737049176558,,,,,,,,,,,
pilot,7976-110124-0000,dev-clean,7976,OPUS,,,,,,2.0,0.125,True,106.84664154052734,8.540106773376465,5.710362434387207,5.926440715789795,9.67123031616211,4812.5,-14.743739494397666,0.6377096572339029,2.0,0.125,25.426218032836914,4.640944957733154,5.709146499633789,5.772254467010498,2.4484305381774902,8000.0,7.065337249171933,0.6377468490751983,0.005539886396871863
pilot,7976-110124-0000,dev-clean,7976,SILK,,,,,,2.0,0.125,True,88.99901580810547,7.132351875305176,1.3768320083618164,1.954041600227356,9.657018661499023,4812.5,-13.751977477794405,0.9941855254871013,2.0,0.125,8.279082298278809,2.2540740966796875,1.3757960796356201,1.506274700164795,2.4577248096466064,8000.0,8.057099265775193,0.9941944865035733,0.00018611601014040247
pilot,7976-110124-0000,dev-clean,7976,NEG_LP,,,,,,0.0,0.0,True,15.918963432312012,2.6730563640594482,2.140001924999524e-05,2.9007547709625214e-05,3.772937536239624,7156.25,-0.3750694566042034,0.9999999999999608,,,,,,,,,,,
pilot,7976-110124-0000,dev-clean,7976,NEG_CODEC,,,,,,0.0,0.0,True,2.841292142868042,1.4585038423538208,1.3524588346481323,1.3621023893356323,1.4112563133239746,8000.0,-0.3298654251622482,0.9927285383955964,,,,,,,,,,,
pilot,8297-275154-0025,dev-clean,8297,REF,0.02775551663513719,0.10215053763440861,0.456,0.004930991494337962,3.4451233693270327,,,,,,,,,,,,,,,,,,,,,,
pilot,8297-275154-0025,dev-clean,8297,LP,,,,,,0.0,0.0,True,201.2753448486328,10.605023384094238,0.03247825428843498,1.2825380563735962,14.860116004943848,4093.75,-22.35537671132988,0.9999732089611744,,,,,,,,,,,
pilot,8297-275154-0025,dev-clean,8297,OPUS,,,,,,2.0,0.125,True,189.60498046875,11.265264511108398,5.740950107574463,6.038422107696533,13.785367965698242,4656.25,-12.99282988883684,0.5455773787794217,2.0,0.125,36.653839111328125,5.515294075012207,5.738996505737305,5.78511905670166,4.42409610748291,8000.0,9.362546924589923,0.5455267760482319,0.00667962981394099
pilot,8297-275154-0025,dev-clean,8297,SILK,,,,,,2.0,0.125,True,170.4552764892578,10.006305694580078,1.1623024940490723,1.9547585248947144,13.731075286865234,4656.25,-11.44081938344334,0.9928506111335487,2.0,0.125,21.005064010620117,3.6241841316223145,1.1602764129638672,1.3432471752166748,4.633769989013672,8000.0,10.91455742998342,0.9928087679343418,0.00020338166770184074
pilot,8297-275154-0025,dev-clean,8297,NEG_LP,,,,,,0.0,0.0,True,27.73812484741211,3.4514029026031494,2.645138192747254e-05,2.8130305508966558e-05,4.871545791625977,7125.0,-0.2836903192213061,0.999999999999941,,,,,,,,,,,
pilot,8297-275154-0025,dev-clean,8297,NEG_CODEC,,,,,,0.0,0.0,True,2.2318601608276367,1.2926794290542603,1.121861457824707,1.0732022523880005,1.3484480381011963,8000.0,-0.19649219781330549,0.990617328564385,,,,,,,,,,,
pilot,8297-275155-0002,dev-clean,8297,REF,0.039095989139662404,0.1267806267806268,0.449438202247191,0.0029673971149345255,3.486881914602986,,,,,,,,,,,,,,,,,,,,,,
pilot,8297-275155-0002,dev-clean,8297,LP,,,,,,0.0,0.0,True,204.986572265625,11.126712799072266,0.03332269936800003,1.453055739402771,15.585050582885742,4093.75,-24.71113509943187,0.9999740131425767,,,,,,,,,,,
pilot,8297-275155-0002,dev-clean,8297,OPUS,,,,,,2.0,0.125,True,200.75033569335938,11.856765747070312,5.963629245758057,6.389307975769043,14.64857006072998,4531.25,-18.09789402875444,0.5659530287566816,2.0,0.125,33.88032150268555,5.534626007080078,5.961974143981934,6.106440544128418,4.16404390335083,8000.0,6.613247228421198,0.5658958743524297,0.008714748707617792
pilot,8297-275155-0002,dev-clean,8297,SILK,,,,,,2.0,0.125,True,179.91400146484375,10.545100212097168,1.1438544988632202,2.030574083328247,14.564085006713867,4500.0,-17.094213636919985,0.9930816987837271,2.0,0.125,17.287763595581055,3.4796993732452393,1.1424813270568848,1.37582266330719,4.461363792419434,8000.0,7.616927620255649,0.9930704164811924,0.00023154019656890235
pilot,8297-275155-0002,dev-clean,8297,NEG_LP,,,,,,0.0,0.0,True,28.700698852539062,3.6190099716186523,2.85707810689928e-05,3.331103653181344e-05,5.108119964599609,7125.0,-0.28824934422408877,0.9999999999998732,,,,,,,,,,,
pilot,8297-275155-0002,dev-clean,8297,NEG_CODEC,,,,,,0.0,0.0,True,2.3993473052978516,1.4099957942962646,1.161312222480774,1.1348602771759033,1.5146784782409668,8000.0,-0.20110249560304477,0.9921308673720273,,,,,,,,,,,
pilot,8842-302201-0006,dev-clean,8842,REF,0.01059367688979596,0.1339066339066339,0.5764563106796117,0.004601008734336321,3.266062069656187,,,,,,,,,,,,,,,,,,,,,,
pilot,8842-302201-0006,dev-clean,8842,LP,,,,,,0.0,0.0,True,117.037109375,8.433022499084473,0.032160136848688126,1.5538078546524048,11.733903884887695,4093.75,-23.35160738137143,0.9999733028235529,,,,,,,,,,,
pilot,8842-302201-0006,dev-clean,8842,OPUS,,,,,,2.0,0.125,True,116.63191986083984,9.091425895690918,6.134806156158447,6.558612823486328,10.255806922912598,4687.5,-14.468338679967179,0.6468406281277547,2.0,0.125,35.36250686645508,5.7230939865112305,6.133843898773193,6.283377170562744,4.312543869018555,8000.0,8.883269413193005,0.6468421470293717,0.007642912807322322
pilot,8842-302201-0006,dev-clean,8842,SILK,,,,,,2.0,0.125,True,96.15010833740234,7.483737945556641,1.2857855558395386,2.1341311931610107,10.183727264404297,4718.75,-13.9642596655708,0.9932309016883427,2.0,0.125,17.609283447265625,3.5637824535369873,1.2844791412353516,1.4954496622085571,4.584855079650879,8000.0,9.387348427589385,0.9932365736950174,0.00018551029475499803
pilot,8842-302201-0006,dev-clean,8842,NEG_LP,,,,,,0.0,0.0,True,17.571210861206055,2.715378522872925,1.502914346929174e-05,1.8402683053864166e-05,3.8326752185821533,7156.25,-0.3472781285871998,0.9999999999999335,,,,,,,,,,,
pilot,8842-302201-0006,dev-clean,8842,NEG_CODEC,,,,,,0.0,0.0,True,2.537079095840454,1.491061806678772,1.2799822092056274,1.3096592426300049,1.5365976095199585,8000.0,-0.20744780599709414,0.9953368631287542,,,,,,,,,,,
pilot,8842-304647-0010,dev-clean,8842,REF,0.0074157387633466245,0.1609442060085837,0.5955882352941176,0.003974501613131552,3.3497897562757726,,,,,,,,,,,,,,,,,,,,,,
pilot,8842-304647-0010,dev-clean,8842,LP,,,,,,0.0,0.0,True,98.00336456298828,7.432772636413574,0.0318630114197731,1.4241132736206055,10.325225830078125,4093.75,-24.678148928781415,0.9999724797248509,,,,,,,,,,,
pilot,8842-304647-0010,dev-clean,8842,OPUS,,,,,,2.0,0.125,True,103.32870483398438,8.397381782531738,5.93976354598999,6.2740092277526855,9.227540016174316,4562.5,-16.973937033733584,0.6289890190634467,2.0,0.125,28.5507755279541,5.0793375968933105,5.938798427581787,6.024975299835205,3.2664830684661865,8000.0,7.704212753819537,0.6289544729467637,0.006850877397224453
pilot,8842-304647-0010,dev-clean,8842,SILK,,,,,,2.0,0.125,True,84.19841766357422,6.793638706207275,1.3069992065429688,2.1054983139038086,9.150582313537598,4687.5,-15.851428542210149,0.9937329271239105,2.0,0.125,11.679550170898438,2.840379238128662,1.30583918094635,1.499686360359192,3.4712307453155518,8000.0,8.826721245342972,0.9937278481511649,0.00024537230692822654
pilot,8842-304647-0010,dev-clean,8842,NEG_LP,,,,,,0.0,0.0,True,14.868762969970703,2.4788405895233154,2.2154004909680225e-05,2.4553932234994136e-05,3.4988086223602295,7156.25,-0.3425314863569774,0.9999999999990803,,,,,,,,,,,
pilot,8842-304647-0010,dev-clean,8842,NEG_CODEC,,,,,,0.0,0.0,True,2.3929622173309326,1.4004744291305542,1.2523797750473022,1.2552608251571655,1.4023191928863525,8000.0,-0.21882948505397545,0.9941644304147732,,,,,,,,,,,
pilot,116-288047-0004,dev-other,116,REF,0.03319502317753665,0.11545988258317025,0.44031311154598823,0.004568687947949968,3.2047989861636044,,,,,,,,,,,,,,,,,,,,,,
pilot,116-288047-0004,dev-other,116,LP,,,,,,0.0,0.0,True,197.8440704345703,11.197189331054688,0.028583412989974022,1.4437987804412842,15.685385704040527,4093.75,-25.01573141136418,0.9999724889438798,,,,,,,,,,,
pilot,116-288047-0004,dev-other,116,OPUS,,,,,,2.0,0.125,True,195.17552185058594,12.13001823425293,6.753695964813232,7.23769998550415,14.80991268157959,4687.5,-14.969359849788436,0.5482965204578076,2.0,0.125,66.15599822998047,7.5783491134643555,6.754549026489258,7.107267379760742,7.325638294219971,8000.0,10.046371536347305,0.5483043629875296,0.009632973590890992
pilot,116-288047-0004,dev-other,116,SILK,,,,,,2.0,0.125,True,170.1573028564453,10.77546501159668,1.598215937614441,2.443176031112671,14.86326789855957,4718.75,-13.290877686646352,0.9907522232410982,2.0,0.125,44.05821228027344,5.7438764572143555,1.5981807708740234,1.966098666191101,7.632340908050537,8000.0,11.724853699489387,0.9907538190674939,0.000272210183913435
pilot,116-288047-0004,dev-other,116,NEG_LP,,,,,,0.0,0.0,True,25.541658401489258,3.498328924179077,2.3579972548759542e-05,2.702711572055705e-05,4.937782287597656,7156.25,-0.1024086378719745,0.999999999999988,,,,,,,,,,,
pilot,116-288047-0004,dev-other,116,NEG_CODEC,,,,,,0.0,0.0,True,3.5000228881835938,1.6774755716323853,1.367396593093872,1.450954556465149,1.69391667842865,8000.0,-0.12323139424783698,0.9948201476243183,,,,,,,,,,,
pilot,116-288047-0014,dev-other,116,REF,0.12908917250171412,0.21656050955414013,0.1962025316455696,0.011688856420415342,3.277084416040414,,,,,,,,,,,,,,,,,,,,,,
pilot,116-288047-0014,dev-other,116,LP,,,,,,0.0,0.0,True,235.92616271972656,10.482547760009766,0.024013370275497437,1.1120178699493408,14.70650863647461,4093.75,-31.900361015968656,0.999975832195549,,,,,,,,,,,
pilot,116-288047-0014,dev-other,116,OPUS,,,,,,2.0,0.125,True,217.78494262695312,10.67265510559082,5.037243366241455,5.439121723175049,13.468857765197754,4562.5,-20.62971897161722,0.5618119475673415,2.0,0.125,54.85907745361328,5.961611270904541,5.037015914916992,5.336228370666504,6.100856304168701,8000.0,11.270642044351442,0.5618582025332627,0.005533769656124843
pilot,116-288047-0014,dev-other,116,SILK,,,,,,2.0,0.125,True,198.64828491210938,9.766097068786621,1.245909571647644,1.8883062601089478,13.500144004821777,4593.75,-19.007932823587797,0.9921026518169558,2.0,0.125,37.84251403808594,4.744367599487305,1.2446072101593018,1.5083484649658203,6.378825664520264,8000.0,12.89242819238086,0.9920943357902249,0.00023369942483508765
pilot,116-288047-0014,dev-other,116,NEG_LP,,,,,,0.0,0.0,True,33.27416229248047,3.575927257537842,1.942351445904933e-05,1.945207804965321e-05,5.047313213348389,7156.25,-0.1945605284322707,0.9999999999999603,,,,,,,,,,,
pilot,116-288047-0014,dev-other,116,NEG_CODEC,,,,,,0.0,0.0,True,2.950157642364502,1.3187350034713745,0.9513242244720459,1.0892655849456787,1.3896024227142334,8000.0,-0.18807282542574877,0.9955513745269333,,,,,,,,,,,
pilot,700-122867-0036,dev-other,700,REF,0.14188239682509324,0.1016260162601626,0.48148148148148145,0.16015263454950485,3.3770459264889356,,,,,,,,,,,,,,,,,,,,,,
pilot,700-122867-0036,dev-other,700,LP,,,,,,0.0,0.0,True,363.0257873535156,16.99289894104004,0.042222727090120316,1.714133381843567,23.90643882751465,4093.75,-31.989124819997766,0.9999715775704976,,,,,,,,,,,
pilot,700-122867-0036,dev-other,700,OPUS,,,,,,2.0,0.125,True,362.95733642578125,17.409637451171875,7.352175235748291,7.769378662109375,22.96053695678711,4593.75,-25.8511606884949,0.5858424702037929,2.0,0.125,42.26382064819336,6.392610549926758,7.350504398345947,7.46521520614624,4.389925003051758,8000.0,6.138062719864776,0.585851126350093,0.01961869267356886
pilot,700-122867-0036,dev-other,700,SILK,,,,,,2.0,0.125,True,332.542724609375,16.324867248535156,1.5645276308059692,2.5875866413116455,22.84607696533203,4500.0,-25.6952037224046,0.9931366947082426,2.0,0.125,17.246816635131836,3.7017815113067627,1.5631930828094482,1.8689593076705933,4.716687202453613,8000.0,6.294019685955074,0.9931534907345825,0.0012277538319764858
pilot,700-122867-0036,dev-other,700,NEG_LP,,,,,,0.0,0.0,True,76.72969818115234,7.592342376708984,0.00012527135550044477,0.00017002597451210022,10.716362953186035,7156.25,-1.2851166873760864,0.9999999999660358,,,,,,,,,,,
pilot,700-122867-0036,dev-other,700,NEG_CODEC,,,,,,0.0,0.0,True,4.359930038452148,2.0199146270751953,1.3142656087875366,1.3782377243041992,2.4606211185455322,8000.0,-0.9452401298809061,0.9949265927636628,,,,,,,,,,,
pilot,700-122867-0039,dev-other,700,REF,0.31405767836828297,0.1270718232044199,0.5274725274725275,0.0952632237992024,3.2512607754173115,,,,,,,,,,,,,,,,,,,,,,
pilot,700-122867-0039,dev-other,700,LP,,,,,,0.0,0.0,True,373.2904968261719,16.720932006835938,0.028651798143982887,1.693817138671875,23.516239166259766,4093.75,-38.36165664216886,0.9999732378285853,,,,,,,,,,,
pilot,700-122867-0039,dev-other,700,OPUS,,,,,,2.0,0.125,True,374.4806213378906,17.251480102539062,7.000432014465332,7.406652927398682,22.756595611572266,4406.25,-32.66554869088738,0.5839338453615129,2.0,0.125,35.93317794799805,5.890594959259033,6.999447822570801,7.087939262390137,3.6538562774658203,8000.0,5.696043302508752,0.5839219998993856,0.014835144193755201
pilot,700-122867-0039,dev-other,700,SILK,,,,,,2.0,0.125,True,347.0615539550781,16.1846923828125,1.4830046892166138,2.4926655292510986,22.643400192260742,4406.25,-31.74660194392304,0.9920160632421151,2.0,0.125,13.42005443572998,3.2129006385803223,1.4815950393676758,1.769603967666626,3.9679346084594727,8000.0,6.614990049473091,0.9920209437343738,0.0009570020812555979
pilot,700-122867-0039,dev-other,700,NEG_LP,,,,,,0.0,0.0,True,81.99336242675781,7.628639221191406,4.2003768612630665e-05,5.07998738612514e-05,10.767597198486328,7156.25,-2.476254183646526,0.9999999999936522,,,,,,,,,,,
pilot,700-122867-0039,dev-other,700,NEG_CODEC,,,,,,0.0,0.0,True,4.336169242858887,2.015742778778076,1.3328241109848022,1.3776397705078125,2.460225820541382,8000.0,-1.5983656031521187,0.9957891532706428,,,,,,,,,,,
pilot,1255-138279-0018,dev-other,1255,REF,0.11492696364006372,0.16260162601626016,0.4661016949152542,0.0346300517000135,3.815610765566441,,,,,,,,,,,,,,,,,,,,,,
pilot,1255-138279-0018,dev-other,1255,LP,,,,,,0.0,0.0,True,216.56480407714844,10.196210861206055,0.02947203256189823,1.09233820438385,14.31458568572998,4093.75,-23.03398696011532,0.9999724239796822,,,,,,,,,,,
pilot,1255-138279-0018,dev-other,1255,OPUS,,,,,,2.0,0.125,True,191.87521362304688,10.360353469848633,4.860260963439941,5.111728668212891,13.012227058410645,4375.0,-18.477492533177536,0.5430596496147196,2.0,0.125,30.996728897094727,4.753421783447266,4.858496189117432,4.894733905792236,3.7698614597320557,8000.0,4.556494995658649,0.5431220767961383,0.005461912053168261
pilot,1255-138279-0018,dev-other,1255,SILK,,,,,,2.0,0.125,True,175.94497680664062,9.395009994506836,1.3273793458938599,1.8700666427612305,12.89333724975586,4406.25,-18.25063916129684,0.9931523460745098,2.0,0.125,20.25919532775879,3.331315755844116,1.3280681371688843,1.455324649810791,3.9896817207336426,8000.0,4.783348367539346,0.9931530124732179,0.000478553291634487
pilot,1255-138279-0018,dev-other,1255,NEG_LP,,,,,,0.0,0.0,True,28.34320831298828,3.241696357727051,6.49275170871988e-05,7.433443533955142e-05,4.575553894042969,7156.25,-0.1733150923080719,0.9999999999986792,,,,,,,,,,,
pilot,1255-138279-0018,dev-other,1255,NEG_CODEC,,,,,,0.0,0.0,True,2.177119493484497,1.222415566444397,1.0367316007614136,1.0068658590316772,1.257496953010559,8000.0,-0.1861064983950053,0.995889560318594,,,,,,,,,,,
pilot,1255-90413-0025,dev-other,1255,REF,0.09781373014144937,0.16594827586206898,0.3504273504273504,0.04923458907262736,3.9793940272391857,,,,,,,,,,,,,,,,,,,,,,
pilot,1255-90413-0025,dev-other,1255,LP,,,,,,0.0,0.0,True,284.248291015625,13.225817680358887,0.032434821128845215,1.2491122484207153,18.60289764404297,4093.75,-23.33889542982586,0.9999733191975515,,,,,,,,,,,
pilot,1255-90413-0025,dev-other,1255,OPUS,,,,,,2.0,0.125,True,262.2708435058594,13.338865280151367,5.406907558441162,5.754857063293457,17.303348541259766,4468.75,-17.36018600629808,0.6023567432658395,2.0,0.125,38.66094207763672,5.508968353271484,5.40580415725708,5.517970085144043,4.730359077453613,8000.0,5.978709423163178,0.602364580517988,0.005890601558271147
pilot,1255-90413-0025,dev-other,1255,SILK,,,,,,2.0,0.125,True,242.86354064941406,12.449809074401855,1.2745946645736694,1.9781907796859741,17.20275115966797,4593.75,-15.608885416489944,0.9935142985341635,2.0,0.125,24.999408721923828,3.937023401260376,1.2739589214324951,1.4707988500595093,5.019313335418701,8000.0,7.730010012971311,0.9935312833636296,0.000311414325389725
pilot,1255-90413-0025,dev-other,1255,NEG_LP,,,,,,0.0,0.0,True,40.297149658203125,4.606873035430908,1.2285287084523588e-05,1.4311587619886268e-05,6.502462863922119,7156.25,-0.34125788967796566,0.999999999999925,,,,,,,,,,,
pilot,1255-90413-0025,dev-other,1255,NEG_CODEC,,,,,,0.0,0.0,True,2.7683265209198,1.4448212385177612,0.9833222031593323,1.0075174570083618,1.6664572954177856,8000.0,-0.2638882774135099,0.9969769123238033,,,,,,,,,,,
pilot,1585-131718-0023,dev-other,1585,REF,0.032405836919260425,0.10022271714922049,0.5273972602739726,0.0032938951348693672,3.4831076185995484,,,,,,,,,,,,,,,,,,,,,,
pilot,1585-131718-0023,dev-other,1585,LP,,,,,,0.0,0.0,True,145.59071350097656,8.66793441772461,0.027501042932271957,1.2575329542160034,12.075400352478027,4093.75,-32.63670965523658,0.9999716618647031,,,,,,,,,,,
pilot,1585-131718-0023,dev-other,1585,OPUS,,,,,,2.0,0.125,True,159.7243194580078,10.19992446899414,6.137949466705322,6.369267463684082,12.015684127807617,4687.5,-21.936664010483078,0.5261742393678879,2.0,0.125,32.467247009277344,5.265161037445068,6.1379075050354,6.218408584594727,3.3817107677459717,8000.0,10.69005277674368,0.5261680213974482,0.01115150600738879
pilot,1585-131718-0023,dev-other,1585,SILK,,,,,,2.0,0.125,True,140.07615661621094,8.915102005004883,1.763271689414978,2.300563335418701,12.034858703613281,4718.75,-21.514147355517387,0.9891322995349506,2.0,0.125,13.930445671081543,3.0331387519836426,1.7628675699234009,1.7998026609420776,3.480027437210083,8000.0,11.112569431709375,0.9891360316874189,0.0034617709778035355
pilot,1585-131718-0023,dev-other,1585,NEG_LP,,,,,,0.0,0.0,True,31.148591995239258,3.82099986076355,4.738716233987361e-05,5.2095798309892416e-05,5.3932271003723145,7156.25,-2.255101024756407,0.9999999999839477,,,,,,,,,,,
pilot,1585-131718-0023,dev-other,1585,NEG_CODEC,,,,,,0.0,0.0,True,3.085386276245117,1.623801827430725,1.6111407279968262,1.518947720527649,1.50706148147583,8000.0,-1.5056730995958216,0.9940433512290093,,,,,,,,,,,
pilot,1585-157660-0016,dev-other,1585,REF,0.01164972162341877,0.055105348460291734,0.6655896607431341,0.0022319533361967437,3.6480269414997997,,,,,,,,,,,,,,,,,,,,,,
pilot,1585-157660-0016,dev-other,1585,LP,,,,,,0.0,0.0,True,99.52283477783203,7.500316143035889,0.025823542848229408,1.1775574684143066,10.458915710449219,8000.0,-18.96119236343782,0.9999726345221055,,,,,,,,,,,
pilot,1585-157660-0016,dev-other,1585,OPUS,,,,,,2.0,0.125,True,103.86911010742188,8.649914741516113,5.741408824920654,5.964280605316162,9.751999855041504,4468.75,-14.377546789032404,0.6850145797302654,2.0,0.125,25.757680892944336,4.771798610687256,5.740871429443359,5.822784900665283,2.5933597087860107,8000.0,4.5836494067981555,0.6850889884102904,0.006566592646162217
pilot,1585-157660-0016,dev-other,1585,SILK,,,,,,2.0,0.125,True,86.39152526855469,7.183065891265869,1.1894208192825317,1.8236619234085083,9.733209609985352,4531.25,-11.987351948487895,0.9953073329933935,2.0,0.125,8.517699241638184,2.2564024925231934,1.1887270212173462,1.355998158454895,2.5569207668304443,8000.0,6.973844247342667,0.9952975078765222,0.00016299586058232673
pilot,1585-157660-0016,dev-other,1585,NEG_LP,,,,,,0.0,0.0,True,0.3855726718902588,0.23425045609474182,2.424758167762775e-05,3.286506034783088e-05,0.33062952756881714,8000.0,-0.0008333222373570314,0.9999999999998459,,,,,,,,,,,
pilot,1585-157660-0016,dev-other,1585,NEG_CODEC,,,,,,0.0,0.0,True,1.3555444478988647,1.021303415298462,1.079545259475708,1.109636902809143,0.8149082064628601,8000.0,-0.029507561851772543,0.9967821421605981,,,,,,,,,,,
pilot,1630-96099-0005,dev-other,1630,REF,0.013481874266195648,0.25,0.5529411764705883,0.006087117540241193,3.491019537699474,,,,,,,,,,,,,,,,,,,,,,
pilot,1630-96099-0005,dev-other,1630,LP,,,,,,0.0,0.0,True,208.96917724609375,11.75234603881836,0.02752196229994297,1.3891103267669678,16.493385314941406,4093.75,-23.563264141022614,0.9999727519710317,,,,,,,,,,,
pilot,1630-96099-0005,dev-other,1630,OPUS,,,,,,2.0,0.125,True,207.8343963623047,12.391976356506348,5.9556121826171875,6.274150848388672,15.691840171813965,4750.0,-14.145353270632945,0.5589722589956552,2.0,0.125,33.16124725341797,5.366871356964111,5.955347537994385,6.056484222412109,3.9071834087371826,8000.0,9.41791163286225,0.5589241348267527,0.006839753843161822
pilot,1630-96099-0005,dev-other,1630,SILK,,,,,,2.0,0.125,True,188.93115234375,11.312228202819824,1.3391441106796265,2.1367814540863037,15.673498153686523,4781.25,-13.295857792551454,0.9905251131501369,2.0,0.125,15.75953197479248,3.219116449356079,1.3379262685775757,1.5494879484176636,4.016615390777588,8000.0,10.267407110943743,0.9905058212064992,0.00022568685504786856
pilot,1630-96099-0005,dev-other,1630,NEG_LP,,,,,,0.0,0.0,True,39.69949722290039,4.825549125671387,2.6505926143727265e-05,3.076722350670025e-05,6.8111162185668945,7156.25,-0.8137868858119773,0.9999999999999428,,,,,,,,,,,
pilot,1630-96099-0005,dev-other,1630,NEG_CODEC,,,,,,0.0,0.0,True,3.168893575668335,1.6229599714279175,1.1942273378372192,1.2283209562301636,1.828364610671997,8000.0,-0.6014783206163563,0.9947503912941535,,,,,,,,,,,
pilot,1630-96099-0009,dev-other,1630,REF,0.005979605223657736,0.15225563909774437,0.5831775700934579,0.0019086633365034255,3.3678678824590085,,,,,,,,,,,,,,,,,,,,,,
pilot,1630-96099-0009,dev-other,1630,LP,,,,,,0.0,0.0,True,139.62872314453125,9.765759468078613,0.02839839458465576,1.4379732608795166,13.679354667663574,4093.75,-22.600119410385645,0.9999726033263084,,,,,,,,,,,
pilot,1630-96099-0009,dev-other,1630,OPUS,,,,,,2.0,0.125,True,145.265869140625,10.572942733764648,6.112483501434326,6.471785068511963,12.876668930053711,4656.25,-13.51684027346042,0.5513588575976381,2.0,0.125,30.23175048828125,5.2596211433410645,6.111930847167969,6.228466987609863,3.4263882637023926,8000.0,9.083279516437454,0.5513407939953399,0.008611739193921886
pilot,1630-96099-0009,dev-other,1630,SILK,,,,,,2.0,0.125,True,125.18364715576172,9.306001663208008,1.400330662727356,2.206533670425415,12.817805290222168,4687.5,-13.491549024957465,0.9914600100526207,2.0,0.125,12.852380752563477,2.9770069122314453,1.3995364904403687,1.61319899559021,3.6207449436187744,8000.0,9.108570764940408,0.9914556676005185,0.0002315080507550027
pilot,1630-96099-0009,dev-other,1630,NEG_LP,,,,,,0.0,0.0,True,27.821575164794922,4.1206955909729,3.0943239835323766e-05,3.716185165103525e-05,5.816237926483154,7156.25,-0.9289167592778363,0.9999999999998064,,,,,,,,,,,
pilot,1630-96099-0009,dev-other,1630,NEG_CODEC,,,,,,0.0,0.0,True,3.195979595184326,1.6611053943634033,1.2765979766845703,1.3103398084640503,1.8622095584869385,8000.0,-0.544841932701601,0.9943156881733393,,,,,,,,,,,
pilot,1650-167613-0027,dev-other,1650,REF,7.83050400569192e-05,0.020942408376963352,0.8010471204188482,4.5126160740431193e-05,2.8699266613785883,,,,,,,,,,,,,,,,,,,,,,
pilot,1650-167613-0027,dev-other,1650,LP,,,,,,0.0,0.0,True,13.514280319213867,2.1359715461730957,0.015301921404898167,0.7067039608955383,2.8568058013916016,4093.75,-27.7427953639025,0.9999732430373709,,,,,,,,,,,
pilot,1650-167613-0027,dev-other,1650,OPUS,,,,,,2.0,0.125,True,26.389144897460938,4.321417808532715,4.983574867248535,4.9189839363098145,2.7377541065216064,7437.5,-15.332444355204334,0.5728497780826558,2.0,0.125,15.434496879577637,3.5527448654174805,4.9832024574279785,4.827291965484619,0.9396855235099792,8000.0,12.411131013960032,0.5728022173087188,0.009612189663349313
pilot,1650-167613-0027,dev-other,1650,SILK,,,,,,2.0,0.125,True,13.141937255859375,2.449272871017456,1.2600433826446533,1.4949790239334106,2.7540712356567383,7437.5,-14.429858063937282,0.9894678941652546,2.0,0.125,2.499044179916382,1.2759984731674194,1.2593504190444946,1.2141731977462769,1.0021458864212036,8000.0,13.313717305227083,0.9894611955712975,0.0010759844044996303
pilot,1650-167613-0027,dev-other,1650,NEG_LP,,,,,,0.0,0.0,True,3.4227891632099272e-09,3.9817517972551286e-05,3.39291691489052e-05,4.0197930502472445e-05,3.2691750675439835e-05,7156.25,-0.0005998806610397306,0.9999999999993824,,,,,,,,,,,
pilot,1650-167613-0027,dev-other,1650,NEG_CODEC,,,,,,0.0,0.0,True,1.1436572074890137,0.9276940822601318,1.3543907403945923,1.2499886751174927,0.24554580450057983,8000.0,0.09815241293478486,0.9879108506953492,,,,,,,,,,,
pilot,1650-167613-0040,dev-other,1650,REF,0.00034146057835459206,0.033210332103321034,0.6539923954372624,0.00026463218271390764,3.0386080697397113,,,,,,,,,,,,,,,,,,,,,,
pilot,1650-167613-0040,dev-other,1650,LP,,,,,,0.0,0.0,True,20.20683479309082,2.9714794158935547,0.015675824135541916,0.8540628552436829,4.070186614990234,4093.75,-24.932908491086195,0.9999742192481929,,,,,,,,,,,
pilot,1650-167613-0040,dev-other,1650,OPUS,,,,,,2.0,0.125,True,29.174365997314453,4.5065016746521,4.635326385498047,4.69675874710083,3.63773512840271,4531.25,-14.207649706992992,0.562123866892539,2.0,0.125,15.653306007385254,3.4724953174591064,4.635502815246582,4.584218978881836,1.310127854347229,8000.0,10.725343412853412,0.5621036423719619,0.007109645252433627
pilot,1650-167613-0040,dev-other,1650,SILK,,,,,,2.0,0.125,True,16.645910263061523,2.987522602081299,1.1833683252334595,1.5523598194122314,3.6279757022857666,4750.0,-13.502412058657518,0.9905678167498221,2.0,0.125,3.3992767333984375,1.4504287242889404,1.1829698085784912,1.191809892654419,1.3453704118728638,8000.0,11.430581061188887,0.9905630104390214,0.0014702902710993504
pilot,1650-167613-0040,dev-other,1650,NEG_LP,,,,,,0.0,0.0,True,1.9975168186192604e-09,2.3881268134573475e-05,2.1144240236026235e-05,2.47348962147953e-05,1.9716928363777697e-05,7156.25,-0.00014366417829095996,0.9999999999994429,,,,,,,,,,,
pilot,1650-167613-0040,dev-other,1650,NEG_CODEC,,,,,,0.0,0.0,True,0.9824198484420776,0.8608497977256775,1.1860666275024414,1.1119842529296875,0.34975048899650574,8000.0,0.046665962164720215,0.99331709492589,,,,,,,,,,,
pilot,1651-136854-0005,dev-other,1651,REF,0.09150241132315298,0.18867924528301888,0.3270440251572327,0.02733160796024111,3.3341915135439755,,,,,,,,,,,,,,,,,,,,,,
pilot,1651-136854-0005,dev-other,1651,LP,,,,,,0.0,0.0,True,278.0137939453125,13.970706939697266,0.02253679186105728,1.4323245286941528,19.6441707611084,4093.75,-28.705156153528705,0.9999750689646408,,,,,,,,,,,
pilot,1651-136854-0005,dev-other,1651,OPUS,,,,,,2.0,0.125,True,268.6251525878906,14.315982818603516,6.5289764404296875,6.813086986541748,18.43718910217285,4562.5,-15.8281833817193,0.5380570663740634,2.0,0.125,43.81822204589844,6.255853176116943,6.528845310211182,6.585698127746582,5.174529075622559,8000.0,12.876973852082273,0.5380288514085269,0.009605449909559027
pilot,1651-136854-0005,dev-other,1651,SILK,,,,,,2.0,0.125,True,246.14151000976562,13.219051361083984,1.422888994216919,2.2749311923980713,18.395374298095703,4593.75,-14.780257897622086,0.9905111439160725,2.0,0.125,24.771305084228516,4.159191131591797,1.4218230247497559,1.6454540491104126,5.3892059326171875,8000.0,13.924899336179486,0.9905000158209261,0.00020774905888165662
pilot,1651-136854-0005,dev-other,1651,NEG_LP,,,,,,0.0,0.0,True,48.14398956298828,5.607183456420898,1.777712350303773e-05,2.0601506548700854e-05,7.914371490478516,7156.25,-0.8668840229569242,0.9999999999997566,,,,,,,,,,,
pilot,1651-136854-0005,dev-other,1651,NEG_CODEC,,,,,,0.0,0.0,True,3.831024646759033,1.8083454370498657,1.3617970943450928,1.3711172342300415,2.0880274772644043,8000.0,-0.7636375461170468,0.989801611600891,,,,,,,,,,,
pilot,1651-136854-0009,dev-other,1651,REF,0.26722051147913184,0.30260047281323876,0.166270783847981,0.06606210590071827,3.1352541956704223,,,,,,,,,,,,,,,,,,,,,,
pilot,1651-136854-0009,dev-other,1651,LP,,,,,,0.0,0.0,True,379.9220886230469,17.010557174682617,0.03734274581074715,1.53610098361969,23.947425842285156,4093.75,-34.75703772028123,0.9999739141631333,,,,,,,,,,,
pilot,1651-136854-0009,dev-other,1651,OPUS,,,,,,2.0,0.125,True,363.2879943847656,17.096885681152344,6.835827350616455,7.162393569946289,22.54779052734375,4687.5,-24.430267507553182,0.5455299834363257,2.0,0.125,48.839439392089844,6.724417209625244,6.837317943572998,6.941595077514648,5.705220699310303,8000.0,10.327417831533998,0.5455684683341402,0.011309219638114376
pilot,1651-136854-0009,dev-other,1651,SILK,,,,,,2.0,0.125,True,339.3006591796875,16.111297607421875,1.539101004600525,2.4354653358459473,22.518308639526367,4718.75,-23.010914415343684,0.9908909354359082,2.0,0.125,28.02076530456543,4.5560712814331055,1.538253903388977,1.786481499671936,5.940671920776367,8000.0,11.746770923743494,0.9908900004720694,0.00021917015962258368
pilot,1651-136854-0009,dev-other,1651,NEG_LP,,,,,,0.0,0.0,True,67.16015625,6.996384620666504,3.5260389267932624e-05,4.630655894288793e-05,9.875187873840332,7156.25,-0.7210723749863048,0.9999999999968442,,,,,,,,,,,
pilot,1651-136854-0009,dev-other,1651,NEG_CODEC,,,,,,0.0,0.0,True,4.723698139190674,2.071216106414795,1.47760009765625,1.500732660293579,2.4442384243011475,8000.0,-0.7650915533587277,0.988221056589616,,,,,,,,,,,
pilot,1686-142278-0032,dev-other,1686,REF,0.0005004555234459509,0.012084592145015106,0.8175895765472313,0.0004871258158871585,3.1258643315322168,,,,,,,,,,,,,,,,,,,,,,
pilot,1686-142278-0032,dev-other,1686,LP,,,,,,0.0,0.0,True,16.928709030151367,2.4029273986816406,0.021662980318069458,0.7049704790115356,3.2426650524139404,4093.75,-19.05648674701243,0.9999706521638289,,,,,,,,,,,
pilot,1686-142278-0032,dev-other,1686,OPUS,,,,,,2.0,0.125,True,28.083309173583984,4.480080604553223,5.022731304168701,4.8063859939575195,3.140873670578003,4812.5,-15.954862779035764,0.5600124411406717,2.0,0.125,12.808296203613281,3.3982126712799072,5.022280693054199,4.728411674499512,0.44407790899276733,8000.0,3.1080975059320948,0.5599029133978216,0.012272304556166791
pilot,1686-142278-0032,dev-other,1686,SILK,,,,,,2.0,0.125,True,16.792530059814453,2.622378349304199,1.1164683103561401,1.3737024068832397,3.1504626274108887,4875.0,-13.36692989362411,0.9927171033058355,2.0,0.125,1.3451427221298218,0.923310399055481,1.1153398752212524,1.1187853813171387,0.40076932311058044,8000.0,5.696030391343746,0.9926969757111701,0.0008759230180188649
pilot,1686-142278-0032,dev-other,1686,NEG_LP,,,,,,0.0,0.0,True,2.8766820430755615,0.5716407299041748,3.6670426197815686e-05,4.257437467458658e-05,0.8068442344665527,7125.0,-0.8532779416176208,0.999999999935339,,,,,,,,,,,
pilot,1686-142278-0032,dev-other,1686,NEG_CODEC,,,,,,0.0,0.0,True,0.9262744784355164,0.812584400177002,1.0138503313064575,0.9406096935272217,0.4711982011795044,8000.0,-0.5514003892575272,0.9966114091489978,,,,,,,,,,,
pilot,1686-142278-0038,dev-other,1686,REF,6.477670572749622e-05,0.0,0.6014492753623188,0.029339427665910085,3.091340039189236,,,,,,,,,,,,,,,,,,,,,,
pilot,1686-142278-0038,dev-other,1686,LP,,,,,,0.0,0.0,True,14.804515838623047,2.803696393966675,0.025647614151239395,0.8957089781761169,3.793910503387451,4125.0,-27.561871059830448,0.9999025644735697,,,,,,,,,,,
pilot,1686-142278-0038,dev-other,1686,OPUS,,,,,,2.0,0.125,True,28.914928436279297,4.939431190490723,5.7796149253845215,5.396595001220703,3.7713863849639893,4625.0,-18.830495887577264,0.5344734748406589,2.0,0.125,14.404223442077637,3.7312605381011963,5.778698921203613,5.254162788391113,0.19539865851402283,8000.0,8.849677368595508,0.5344115552046004,0.021991184468194924
pilot,1686-142278-0038,dev-other,1686,SILK,,,,,,2.0,0.125,True,15.386285781860352,3.017533540725708,1.2739224433898926,1.6150145530700684,3.770922899246216,4593.75,-18.85132355336741,0.9901329371158841,2.0,0.125,1.057676911354065,0.9211629033088684,1.2741459608078003,1.2084670066833496,0.19692391157150269,8000.0,8.828849702805364,0.9900509258172318,0.0035836021342063873
pilot,1686-142278-0038,dev-other,1686,NEG_LP,,,,,,0.0,0.0,True,4.293969631195068,1.2128541469573975,5.5972253903746605e-05,6.318191299214959e-05,1.7119072675704956,7156.25,-1.8777123097790873,0.9999999994931824,,,,,,,,,,,
pilot,1686-142278-0038,dev-other,1686,NEG_CODEC,,,,,,0.0,0.0,True,1.1759215593338013,0.9818171262741089,1.0103057622909546,0.9311810731887817,0.9269057512283325,8000.0,-1.0935568209150563,0.9926922602951315,,,,,,,,,,,
pilot,1701-141759-0009,dev-other,1701,REF,0.002470740888995982,0.035830618892508145,0.596244131455399,0.007198297312984622,2.992092947174662,,,,,,,,,,,,,,,,,,,,,,
pilot,1701-141759-0009,dev-other,1701,LP,,,,,,0.0,0.0,True,81.0546875,7.619815826416016,0.026017695665359497,1.5088402032852173,10.62801456451416,4093.75,-27.758891025930627,0.9999719991414586,,,,,,,,,,,
pilot,1701-141759-0009,dev-other,1701,OPUS,,,,,,2.0,0.125,True,99.784912109375,9.035369873046875,6.665279388427734,6.896568775177002,10.358323097229004,4500.0,-21.582329129876683,0.6596793127317276,2.0,0.125,25.253801345825195,4.948583602905273,6.6641693115234375,6.616137981414795,1.5573357343673706,8000.0,6.178342117219881,0.6597221377837184,0.018734907064307582
pilot,1701-141759-0009,dev-other,1701,SILK,,,,,,2.0,0.125,True,80.04447937011719,7.7343950271606445,2.766373872756958,3.047619104385376,10.340374946594238,4531.25,-19.547342586187014,0.9788018769936087,2.0,0.125,7.225245475769043,2.4642910957336426,2.765846014022827,2.5731916427612305,1.705805778503418,8000.0,8.213328660909553,0.9787971112143815,0.009550207760964602
pilot,1701-141759-0009,dev-other,1701,NEG_LP,,,,,,0.0,0.0,True,17.230594635009766,3.6753578186035156,0.00020032399334013462,0.00024022793513722718,5.187656879425049,7156.25,-0.5786536366849536,0.9999999986790368,,,,,,,,,,,
pilot,1701-141759-0009,dev-other,1701,NEG_CODEC,,,,,,0.0,0.0,True,5.7310471534729,2.326246976852417,2.7108519077301025,2.4599416255950928,2.0826756954193115,8000.0,-0.3027050097216849,0.9797516932487242,,,,,,,,,,,
pilot,1701-141760-0007,dev-other,1701,REF,0.0004570545825764994,0.0038461538461538464,0.5189873417721519,0.08693958733051964,3.0557664451794846,,,,,,,,,,,,,,,,,,,,,,
pilot,1701-141760-0007,dev-other,1701,LP,,,,,,0.0,0.0,True,99.33322143554688,9.305060386657715,0.03270433098077774,1.6011148691177368,13.026935577392578,4093.75,-24.414469874082705,0.9999699528314852,,,,,,,,,,,
pilot,1701-141760-0007,dev-other,1701,OPUS,,,,,,2.0,0.125,True,119.41625213623047,10.533809661865234,7.156580448150635,7.387971878051758,12.669063568115234,4593.75,-17.654608425166135,0.680552167899356,2.0,0.125,29.096696853637695,5.330326557159424,7.155478477478027,7.101097106933594,1.7891095876693726,8000.0,6.764815292646537,0.6804650607871128,0.024202180461170508
pilot,1701-141760-0007,dev-other,1701,SILK,,,,,,2.0,0.125,True,96.56143188476562,9.300418853759766,2.9934260845184326,3.2917532920837402,12.616304397583008,4718.75,-15.28742795886522,0.9804975302665112,2.0,0.125,7.911640644073486,2.6447510719299316,2.9938418865203857,2.8053970336914062,1.9013385772705078,8000.0,9.131995758947456,0.9804827805344158,0.011255391266060788
pilot,1701-141760-0007,dev-other,1701,NEG_LP,,,,,,0.0,0.0,True,21.698040008544922,4.446079254150391,0.00017307499365415424,0.0002326216344954446,6.27550745010376,7125.0,-0.5249223903781755,0.9999999996394008,,,,,,,,,,,
pilot,1701-141760-0007,dev-other,1701,NEG_CODEC,,,,,,0.0,0.0,True,7.05376672744751,2.5783019065856934,2.9001193046569824,2.6379618644714355,2.4232354164123535,8000.0,-0.36900972872479665,0.9812375172276081,,,,,,,,,,,
pilot,2506-11267-0009,dev-other,2506,REF,0.21465382658537263,0.1619047619047619,0.5779376498800959,0.017762885128922927,3.2796656448094144,,,,,,,,,,,,,,,,,,,,,,
pilot,2506-11267-0009,dev-other,2506,LP,,,,,,0.0,0.0,True,301.56304931640625,14.234177589416504,0.03747212514281273,1.5918169021606445,19.981304168701172,4093.75,-35.49008462926644,0.9999726216156108,,,,,,,,,,,
pilot,2506-11267-0009,dev-other,2506,OPUS,,,,,,2.0,0.125,True,304.75213623046875,14.904716491699219,6.387022972106934,6.774324893951416,19.281415939331055,4406.25,-32.100239409771476,0.5523717778491866,2.0,0.125,29.677106857299805,5.307437896728516,6.386041641235352,6.501163005828857,3.0925276279449463,7843.75,3.3898566423303977,0.5524221588165135,0.011303814665123868
pilot,2506-11267-0009,dev-other,2506,SILK,,,,,,2.0,0.125,True,282.5260314941406,13.793702125549316,1.401898741722107,2.31963849067688,19.217586517333984,4437.5,-30.107344373090864,0.9927948183123193,2.0,0.125,9.921063423156738,2.7078638076782227,1.4000797271728516,1.6750221252441406,3.1666486263275146,7843.75,5.3827516790110135,0.9928003691995904,0.0002911359890257481
pilot,2506-11267-0009,dev-other,2506,NEG_LP,,,,,,0.0,0.0,True,78.33460998535156,7.279572486877441,0.00010475978342583403,0.00013013879652135074,10.274900436401367,7156.25,-3.7124745183719163,0.9999999999770894,,,,,,,,,,,
pilot,2506-11267-0009,dev-other,2506,NEG_CODEC,,,,,,0.0,0.0,True,3.626340389251709,1.7781459093093872,1.15852952003479,1.1843353509902954,2.1659436225891113,8000.0,-1.991187920587715,0.9966459719043969,,,,,,,,,,,
pilot,2506-11278-0006,dev-other,2506,REF,0.12253057739551536,0.16161616161616163,0.5777027027027027,0.017728644116301283,3.287384229569044,,,,,,,,,,,,,,,,,,,,,,
pilot,2506-11278-0006,dev-other,2506,LP,,,,,,0.0,0.0,True,238.74588012695312,11.961508750915527,0.032024942338466644,1.4770265817642212,16.761077880859375,4093.75,-30.183267313142203,0.9999736115856949,,,,,,,,,,,
pilot,2506-11278-0006,dev-other,2506,OPUS,,,,,,2.0,0.125,True,241.7832794189453,12.764253616333008,6.215268135070801,6.480434417724609,16.06059455871582,4437.5,-20.628646472730203,0.5959943023169526,2.0,0.125,28.718538284301758,5.1474289894104,6.214162349700928,6.248387813568115,3.0401363372802734,8000.0,9.554780766475803,0.5961273987728202,0.00874897869218283
pilot,2506-11278-0006,dev-other,2506,SILK,,,,,,2.0,0.125,True,221.78173828125,11.586573600769043,1.433377981185913,2.232388496398926,16.03461456298828,4437.5,-20.732858807571436,0.9914616994305058,2.0,0.125,10.445141792297363,2.6932621002197266,1.4317967891693115,1.6296495199203491,3.105036973953247,8000.0,9.45056843163457,0.9914633131838514,0.00030808234521861877
pilot,2506-11278-0006,dev-other,2506,NEG_LP,,,,,,0.0,0.0,True,56.60734558105469,5.853461265563965,4.495609027799219e-05,5.4288542742142454e-05,8.261984825134277,7156.25,-1.8588238443095904,0.9999999999974576,,,,,,,,,,,
pilot,2506-11278-0006,dev-other,2506,NEG_CODEC,,,,,,0.0,0.0,True,3.1362011432647705,1.6276253461837769,1.1496927738189697,1.1705572605133057,1.9020076990127563,8000.0,-1.3074794330522619,0.9957676756779744,,,,,,,,,,,
pilot,3660-172183-0004,dev-other,3660,REF,0.08805486864899341,0.18181818181818182,0.3359073359073359,0.010489330141116046,3.447800280198604,,,,,,,,,,,,,,,,,,,,,,
pilot,3660-172183-0004,dev-other,3660,LP,,,,,,0.0,0.0,True,191.6839599609375,10.353914260864258,0.03567164018750191,1.4336479902267456,14.481959342956543,4093.75,-24.884448562920426,0.9999729401487057,,,,,,,,,,,
pilot,3660-172183-0004,dev-other,3660,OPUS,,,,,,2.0,0.125,True,172.9116973876953,10.718276977539062,5.7031025886535645,6.2701592445373535,12.926437377929688,4531.25,-16.17877554638835,0.6208904486312552,2.0,0.125,42.55589294433594,5.997791290283203,5.702086448669434,5.95786190032959,5.093022346496582,8000.0,8.705673302733407,0.6209381476759658,0.0067980951261878975
pilot,3660-172183-0004,dev-other,3660,SILK,,,,,,2.0,0.125,True,151.71893310546875,9.333357810974121,1.2194331884384155,2.074575424194336,12.809927940368652,4656.25,-15.823148476537344,0.9932673237564295,2.0,0.125,29.4242000579834,4.355140686035156,1.2177671194076538,1.440476417541504,5.6344757080078125,8000.0,9.06130037258441,0.9932662194636604,0.00024518390112426847
pilot,3660-172183-0004,dev-other,3660,NEG_LP,,,,,,0.0,0.0,True,3.268402576446533,1.017773151397705,5.342784425010905e-05,5.7131477660732344e-05,1.4365534782409668,7156.25,-0.00579891971586314,0.9999999999993776,,,,,,,,,,,
pilot,3660-172183-0004,dev-other,3660,NEG_CODEC,,,,,,0.0,0.0,True,1.42336106300354,1.0308665037155151,0.9515215754508972,0.9735539555549622,0.9917082786560059,8000.0,-0.05287078505703237,0.9967884480049618,,,,,,,,,,,
pilot,3660-6517-0032,dev-other,3660,REF,0.007283914539405089,0.04285714285714286,0.4095238095238095,0.010395181719945657,3.5456259800224674,,,,,,,,,,,,,,,,,,,,,,
pilot,3660-6517-0032,dev-other,3660,LP,,,,,,0.0,0.0,True,111.3423080444336,8.56146240234375,0.03492388501763344,1.3317612409591675,11.97822093963623,4093.75,-21.235355399398117,0.9999726169412336,,,,,,,,,,,
pilot,3660-6517-0032,dev-other,3660,OPUS,,,,,,2.0,0.125,True,112.69707489013672,9.262298583984375,5.444788455963135,5.854868412017822,11.178841590881348,4843.75,-14.405295590483734,0.6982432115711847,2.0,0.125,32.71574401855469,5.300122261047363,5.4432830810546875,5.621574401855469,4.000268459320068,8000.0,6.830060122684735,0.6983800106982737,0.007343459990255985
pilot,3660-6517-0032,dev-other,3660,SILK,,,,,,2.0,0.125,True,95.07024383544922,8.118776321411133,1.09968900680542,1.878283143043518,11.161675453186035,4875.0,-11.709511650814806,0.9964744923502799,2.0,0.125,19.27903175354004,3.4784421920776367,1.0978771448135376,1.3823070526123047,4.350860595703125,8000.0,9.525844062353663,0.996480038365897,0.00022220751316293086
pilot,3660-6517-0032,dev-other,3660,NEG_LP,,,,,,0.0,0.0,True,0.8443735837936401,0.4742412567138672,1.7641728845774196e-05,1.9685743609443307e-05,0.6693748235702515,7156.25,-0.00500627094631856,0.9999999999999654,,,,,,,,,,,
pilot,3660-6517-0032,dev-other,3660,NEG_CODEC,,,,,,0.0,0.0,True,0.8710162043571472,0.8316954374313354,0.828170120716095,0.830769956111908,0.753071129322052,8000.0,-0.08665737140327645,0.9983167560264862,,,,,,,,,,,
pilot,3663-172528-0011,dev-other,3663,REF,0.07555032530457981,0.12903225806451613,0.4652777777777778,0.011695044848318688,3.0702517084146512,,,,,,,,,,,,,,,,,,,,,,
pilot,3663-172528-0011,dev-other,3663,LP,,,,,,0.0,0.0,True,123.75274658203125,9.914246559143066,0.032863836735486984,1.6999093294143677,13.868139266967773,7406.25,-19.119044834612325,0.9999743648364815,,,,,,,,,,,
pilot,3663-172528-0011,dev-other,3663,OPUS,,,,,,2.0,0.125,True,121.63987731933594,10.352727890014648,6.949976921081543,7.428684711456299,12.2367582321167,4531.25,-15.235942858282092,0.6011186898459518,2.0,0.125,38.14156723022461,6.026466369628906,6.9490966796875,7.101762771606445,4.004213333129883,8000.0,3.8831019943274914,0.6010926498979188,0.01909872041878624
pilot,3663-172528-0011,dev-other,3663,SILK,,,,,,2.0,0.125,True,95.03915405273438,8.77474594116211,1.6632530689239502,2.5843148231506348,12.051941871643066,7906.25,-14.272315631810708,0.9907773512824919,2.0,0.125,15.700369834899902,3.444876194000244,1.6621235609054565,1.8761506080627441,4.339571952819824,8000.0,4.846729220798876,0.9907698845742466,0.004093130417936464
pilot,3663-172528-0011,dev-other,3663,NEG_LP,,,,,,0.0,0.0,True,0.018024448305368423,0.008790697902441025,2.2815996999270283e-05,2.525520176277496e-05,0.012403166852891445,8000.0,-3.708292585101211e-06,0.9999999999983143,,,,,,,,,,,
pilot,3663-172528-0011,dev-other,3663,NEG_CODEC,,,,,,0.0,0.0,True,2.240586042404175,1.4299745559692383,1.585459589958191,1.6029317378997803,1.1741247177124023,8000.0,0.02218770975289025,0.995175227841882,,,,,,,,,,,
pilot,3663-172528-0014,dev-other,3663,REF,0.013864572724992134,0.0466786355475763,0.4810810810810811,0.018674727593147155,3.00964254925266,,,,,,,,,,,,,,,,,,,,,,
pilot,3663-172528-0014,dev-other,3663,LP,,,,,,0.0,0.0,True,116.73362731933594,10.10136890411377,0.03367830440402031,1.7048237323760986,14.143704414367676,7968.75,-27.053168104927803,0.999972895499733,,,,,,,,,,,
pilot,3663-172528-0014,dev-other,3663,OPUS,,,,,,2.0,0.125,True,119.470703125,10.512725830078125,7.004976272583008,7.524412155151367,12.554961204528809,4468.75,-18.569093351094953,0.5942820939267549,2.0,0.125,37.11933898925781,6.026386260986328,7.003781318664551,7.173458576202393,4.070683002471924,8000.0,8.484505999813681,0.5942915910513612,0.021535938998035853
pilot,3663-172528-0014,dev-other,3663,SILK,,,,,,2.0,0.125,True,90.71592712402344,8.91030216217041,1.6361140012741089,2.562023639678955,12.27068042755127,8000.0,-17.500334749562064,0.9918563493575335,2.0,0.125,14.659470558166504,3.528743267059326,1.6336406469345093,1.8503810167312622,4.517626762390137,8000.0,9.553264601346568,0.9918556603737761,0.00440075334447565
pilot,3663-172528-0014,dev-other,3663,NEG_LP,,,,,,0.0,0.0,True,4.188723892184498e-07,6.27199697191827e-05,1.3019805010117125e-05,1.5252261619025376e-05,8.632965182187036e-05,8000.0,-1.112834535898376e-05,0.999999999998872,,,,,,,,,,,
pilot,3663-172528-0014,dev-other,3663,NEG_CODEC,,,,,,0.0,0.0,True,2.1495425701141357,1.3888170719146729,1.522012710571289,1.5537947416305542,1.152052402496338,8000.0,0.028444624274235095,0.9953784736605448,,,,,,,,,,,
pilot,3915-57461-0029,dev-other,3915,REF,0.016771272123334895,0.12694877505567928,0.5675057208237986,0.0024362469578274983,3.3968718348165408,,,,,,,,,,,,,,,,,,,,,,
pilot,3915-57461-0029,dev-other,3915,LP,,,,,,0.0,0.0,True,157.95188903808594,9.37216567993164,0.03205162286758423,1.298375129699707,13.108970642089844,4125.0,-29.586749277000017,0.9999739329975256,,,,,,,,,,,
pilot,3915-57461-0029,dev-other,3915,OPUS,,,,,,2.0,0.125,True,161.2649383544922,10.476439476013184,5.908164024353027,6.142026424407959,12.433699607849121,4687.5,-21.048298408231837,0.608829231845942,2.0,0.125,28.598840713500977,5.06818151473999,5.9072794914245605,5.925095558166504,3.169546365737915,8000.0,8.538475752052046,0.6087920847129759,0.007692447595150087
pilot,3915-57461-0029,dev-other,3915,SILK,,,,,,2.0,0.125,True,143.07943725585938,9.060946464538574,1.2942513227462769,1.9818130731582642,12.398673057556152,4718.75,-20.14349743563729,0.993635204060474,2.0,0.125,12.268597602844238,2.7731094360351562,1.2945098876953125,1.4412778615951538,3.2950782775878906,8000.0,9.44327672464659,0.9936172377213416,0.00026033843760386866
pilot,3915-57461-0029,dev-other,3915,NEG_LP,,,,,,0.0,0.0,True,28.08563804626465,3.8807907104492188,4.488357080845162e-05,5.258258534013294e-05,5.47761869430542,7156.25,-0.30856320088319855,0.9999999999931463,,,,,,,,,,,
pilot,3915-57461-0029,dev-other,3915,NEG_CODEC,,,,,,0.0,0.0,True,2.753171443939209,1.4895461797714233,1.1415958404541016,1.1505955457687378,1.6403844356536865,8000.0,-0.30848664770561535,0.996424019339547,,,,,,,,,,,
pilot,3915-98647-0007,dev-other,3915,REF,0.004474072216614264,0.12135176651305683,0.6919575113808801,5.665797425202954e-05,3.4192966143157073,,,,,,,,,,,,,,,,,,,,,,
pilot,3915-98647-0007,dev-other,3915,LP,,,,,,0.0,0.0,True,69.602783203125,4.992178916931152,0.011542397551238537,0.540781557559967,6.9933576583862305,4093.75,-32.06896608495816,0.9999739153204472,,,,,,,,,,,
pilot,3915-98647-0007,dev-other,3915,OPUS,,,,,,2.0,0.125,True,81.71244049072266,6.656436443328857,4.811986923217773,4.613859176635742,6.959517955780029,4125.0,-29.550696352082973,0.6676227094074215,2.0,0.125,13.757062911987305,3.3146207332611084,4.811628341674805,4.565695285797119,0.6228776574134827,8000.0,2.5182700147283708,0.6677897370610679,0.01603806339426428
pilot,3915-98647-0007,dev-other,3915,SILK,,,,,,2.0,0.125,True,69.34129333496094,5.161067962646484,0.9960931539535522,1.2070255279541016,6.9513044357299805,4250.0,-27.881791690686406,0.9937085318679879,2.0,0.125,1.5532866716384888,0.9384183883666992,0.9956144094467163,1.0622674226760864,0.5202494859695435,8000.0,4.187174676124944,0.9937385859708776,0.000671913436045779
pilot,3915-98647-0007,dev-other,3915,NEG_LP,,,,,,0.0,0.0,True,8.893948554992676,1.3758156299591064,3.8904861867194995e-05,4.5203971239971e-05,1.9419136047363281,7156.25,-0.2452065261153502,0.9999999999971337,,,,,,,,,,,
pilot,3915-98647-0007,dev-other,3915,NEG_CODEC,,,,,,0.0,0.0,True,1.371915578842163,0.9600183963775635,1.0346496105194092,0.9534496068954468,0.736305832862854,8000.0,-0.11475803918427481,0.9950941639889651,,,,,,,,,,,
pilot,4153-186222-0012,dev-other,4153,REF,0.004756218238236858,0.0378657487091222,0.8,0.0006293627192133509,3.3001936969633685,,,,,,,,,,,,,,,,,,,,,,
pilot,4153-186222-0012,dev-other,4153,LP,,,,,,0.0,0.0,True,53.1894645690918,5.6430439949035645,0.02544296346604824,1.282522439956665,7.785580158233643,4093.75,-18.588284595251803,0.9999730408365323,,,,,,,,,,,
pilot,4153-186222-0012,dev-other,4153,OPUS,,,,,,2.0,0.125,True,58.45563888549805,6.598379135131836,5.714086532592773,6.023203372955322,6.658888339996338,4843.75,-11.398390122794053,0.6547939277581298,2.0,0.125,33.74080276489258,5.182992458343506,5.713809490203857,5.880878925323486,3.7969329357147217,8000.0,7.189894292551057,0.6548064827321276,0.005985856522500943
pilot,4153-186222-0012,dev-other,4153,SILK,,,,,,2.0,0.125,True,39.35397720336914,5.066437244415283,1.4975024461746216,2.099799633026123,6.654812335968018,4875.0,-10.091460646671136,0.9934553693652197,2.0,0.125,15.466285705566406,3.1617777347564697,1.4975378513336182,1.68923020362854,3.8565385341644287,8000.0,8.496823768673975,0.9934653537480065,0.0009917169833495443
pilot,4153-186222-0012,dev-other,4153,NEG_LP,,,,,,0.0,0.0,True,1.1001206612348824e-09,2.2851834728498943e-05,1.8423890651320107e-05,1.9576615159166977e-05,2.254403443657793e-05,7156.25,-2.0820551215314336e-05,0.999999999999985,,,,,,,,,,,
pilot,4153-186222-0012,dev-other,4153,NEG_CODEC,,,,,,0.0,0.0,True,1.8729801177978516,1.1794977188110352,1.511826515197754,1.4761713743209839,0.6308169960975647,8000.0,-0.014343655934004551,0.9960051467445902,,,,,,,,,,,
pilot,4153-61735-0005,dev-other,4153,REF,0.006022329744189499,0.04490777866880513,0.4809130263675718,0.01178595639270444,3.2200431018800764,,,,,,,,,,,,,,,,,,,,,,
pilot,4153-61735-0005,dev-other,4153,LP,,,,,,0.0,0.0,True,101.97340393066406,8.223462104797363,0.035151395946741104,1.4644795656204224,11.474177360534668,4093.75,-27.71075762075055,0.9999736346034543,,,,,,,,,,,
pilot,4153-61735-0005,dev-other,4153,OPUS,,,,,,2.0,0.125,True,116.58264923095703,9.693428039550781,6.939629077911377,7.065514087677002,10.959810256958008,4437.5,-20.836397283208964,0.675798134988541,2.0,0.125,27.650712966918945,5.186646461486816,6.938543319702148,6.8475260734558105,1.79128897190094,8000.0,6.87465780567935,0.6757752075068096,0.013449701611102372
pilot,4153-61735-0005,dev-other,4153,SILK,,,,,,2.0,0.125,True,93.52865600585938,7.980447769165039,1.3050932884216309,2.174656867980957,10.947606086730957,4625.0,-19.627584893041448,0.9936499916989627,2.0,0.125,5.280972003936768,1.8836557865142822,1.3040592670440674,1.5266170501708984,1.819679617881775,8000.0,8.083470195846864,0.9936467243234521,0.0001620424249595409
pilot,4153-61735-0005,dev-other,4153,NEG_LP,,,,,,0.0,0.0,True,16.41444969177246,2.9240705966949463,1.4409201867238153e-05,2.2720145352650434e-05,4.127238750457764,7156.25,-0.513128812369777,0.9999999999958646,,,,,,,,,,,
pilot,4153-61735-0005,dev-other,4153,NEG_CODEC,,,,,,0.0,0.0,True,3.099682569503784,1.6931545734405518,1.7018126249313354,1.6267496347427368,1.660027265548706,8000.0,-0.4205284703616638,0.9815690602288698,,,,,,,,,,,
pilot,4323-18416-0015,dev-other,4323,REF,0.0011942417406773675,0.04516129032258064,0.6311300639658849,0.0031148408811182255,3.3159240011678244,,,,,,,,,,,,,,,,,,,,,,
pilot,4323-18416-0015,dev-other,4323,LP,,,,,,0.0,0.0,True,75.42196655273438,6.88076114654541,0.03202959522604942,1.4280613660812378,9.551613807678223,4093.75,-23.349704556523605,0.9999741767616076,,,,,,,,,,,
pilot,4323-18416-0015,dev-other,4323,OPUS,,,,,,2.0,0.125,True,90.04844665527344,8.404214859008789,6.506896018981934,6.6502461433410645,9.067267417907715,4625.0,-15.164434962012809,0.6053039057771655,2.0,0.125,24.951805114746094,4.881101131439209,6.506505012512207,6.436595439910889,1.7996093034744263,8000.0,8.18700507438638,0.6052327721841909,0.012573208929840374
pilot,4323-18416-0015,dev-other,4323,SILK,,,,,,2.0,0.125,True,69.91242980957031,6.714694976806641,1.5520786046981812,2.2319600582122803,9.042793273925781,4812.5,-15.385641714427226,0.9921035120465669,2.0,0.125,5.511142253875732,1.9566060304641724,1.5506033897399902,1.6562883853912354,1.8571730852127075,8000.0,7.965798321971963,0.9921235460237534,0.0022107138100805335
pilot,4323-18416-0015,dev-other,4323,NEG_LP,,,,,,0.0,0.0,True,13.914077758789062,2.5681207180023193,3.632669540820643e-05,4.893916775472462e-05,3.6248250007629395,7156.25,-0.6814250141910216,0.9999999999934545,,,,,,,,,,,
pilot,4323-18416-0015,dev-other,4323,NEG_CODEC,,,,,,0.0,0.0,True,2.7854175567626953,1.531713843345642,1.4212807416915894,1.3906958103179932,1.5376392602920532,8000.0,-0.5782390379524369,0.9948114775101319,,,,,,,,,,,
pilot,4323-18416-0020,dev-other,4323,REF,0.007479297058956415,0.09122006841505131,0.5377574370709383,0.013831314673049063,3.2796228233734164,,,,,,,,,,,,,,,,,,,,,,
pilot,4323-18416-0020,dev-other,4323,LP,,,,,,0.0,0.0,True,141.4810333251953,10.149332046508789,0.03313995525240898,1.624712347984314,14.20046329498291,4093.75,-19.702424164888846,0.9999747089929091,,,,,,,,,,,
pilot,4323-18416-0020,dev-other,4323,OPUS,,,,,,2.0,0.125,True,148.74180603027344,11.01705551147461,6.8518548011779785,7.193756580352783,13.2931489944458,4593.75,-13.016479948514677,0.6052402335048946,2.0,0.125,33.53018569946289,5.663946628570557,6.851016044616699,6.941619873046875,3.2060458660125732,8000.0,6.686174438126966,0.6053095436999973,0.016504565544542382
pilot,4323-18416-0020,dev-other,4323,SILK,,,,,,2.0,0.125,True,125.21829223632812,9.629022598266602,1.633980393409729,2.5359482765197754,13.268559455871582,4750.0,-11.900634538708628,0.991457614724126,2.0,0.125,10.987475395202637,2.8107659816741943,1.6318473815917969,1.8286207914352417,3.22446608543396,8000.0,7.802019847933015,0.991489471004646,0.002253444542874794
pilot,4323-18416-0020,dev-other,4323,NEG_LP,,,,,,0.0,0.0,True,25.206777572631836,4.066864013671875,5.8368092140881345e-05,7.706729229539633e-05,5.740257263183594,7156.25,-0.2930928037797352,0.9999999999889275,,,,,,,,,,,
pilot,4323-18416-0020,dev-other,4323,NEG_CODEC,,,,,,0.0,0.0,True,3.624330997467041,1.8240028619766235,1.4236605167388916,1.4437568187713623,2.0788168907165527,8000.0,-0.23064990902115837,0.9948792169301999,,,,,,,,,,,
pilot,4515-11057-0040,dev-other,4515,REF,0.003123061225181875,0.07926829268292683,0.536144578313253,0.0005933809360372696,3.4262439125236153,,,,,,,,,,,,,,,,,,,,,,
pilot,4515-11057-0040,dev-other,4515,LP,,,,,,0.0,0.0,True,44.96084976196289,3.635869026184082,0.009503827430307865,0.7289426922798157,5.035926342010498,4093.75,-20.90177951801997,0.9999757259361626,,,,,,,,,,,
pilot,4515-11057-0040,dev-other,4515,OPUS,,,,,,2.0,0.125,True,53.642032623291016,5.5104146003723145,5.218563079833984,5.039229393005371,4.703639507293701,4531.25,-14.040099228460733,0.533644136534525,2.0,0.125,17.282114028930664,3.779552698135376,5.218663692474365,4.935778617858887,1.3841097354888916,8000.0,6.86169902771251,0.5336077481093046,0.007449906222669167
pilot,4515-11057-0040,dev-other,4515,SILK,,,,,,2.0,0.125,True,40.438438415527344,3.9980170726776123,1.8251265287399292,1.9474852085113525,4.63472843170166,4531.25,-12.778135727200146,0.9781608754708175,2.0,0.125,5.712610244750977,1.890089750289917,1.8246990442276,1.719460129737854,1.4539780616760254,8000.0,8.123662528973094,0.978152758770499,0.0004792583888975077
pilot,4515-11057-0040,dev-other,4515,NEG_LP,,,,,,0.0,0.0,True,7.485801696777344,1.1753690242767334,2.483900789229665e-05,2.7233392756897956e-05,1.6589887142181396,7156.25,-0.41323813655588215,0.999999999983414,,,,,,,,,,,
pilot,4515-11057-0040,dev-other,4515,NEG_CODEC,,,,,,0.0,0.0,True,1.8581173419952393,1.2513773441314697,1.6736282110214233,1.494956135749817,0.6002377867698669,8000.0,-0.25043881122696915,0.9826867871776055,,,,,,,,,,,
pilot,4515-11057-0075,dev-other,4515,REF,0.008445603213228584,0.10869565217391304,0.5837837837837838,0.0003584297947280687,3.114021783267328,,,,,,,,,,,,,,,,,,,,,,
pilot,4515-11057-0075,dev-other,4515,LP,,,,,,0.0,0.0,True,65.18519592285156,4.239490032196045,0.01272988598793745,0.7442200183868408,5.880682945251465,4093.75,-26.66582274903344,0.9999720468571911,,,,,,,,,,,
pilot,4515-11057-0075,dev-other,4515,OPUS,,,,,,2.0,0.125,True,73.54299926757812,6.0489397048950195,5.130422592163086,4.983025074005127,5.489099979400635,4625.0,-18.928586999761766,0.5247317485340295,2.0,0.125,16.998620986938477,3.7380306720733643,5.130336284637451,4.864686965942383,1.392569661140442,8000.0,7.737234851156417,0.5247449749194985,0.006207805822101231
pilot,4515-11057-0075,dev-other,4515,SILK,,,,,,2.0,0.125,True,61.05315399169922,4.6166462898254395,1.8569130897521973,1.9889531135559082,5.443192481994629,4656.25,-17.394160868227047,0.9796907628300279,2.0,0.125,5.929839611053467,1.955993890762329,1.8562140464782715,1.759509563446045,1.5423630475997925,8000.0,9.271660982691136,0.979643082782761,0.0002402134559031932
pilot,4515-11057-0075,dev-other,4515,NEG_LP,,,,,,0.0,0.0,True,13.9481201171875,1.6392130851745605,2.0493287593126297e-05,2.3985201551113278e-05,2.3136959075927734,7156.25,-2.110095718690102,0.9999999999991239,,,,,,,,,,,
pilot,4515-11057-0075,dev-other,4515,NEG_CODEC,,,,,,0.0,0.0,True,2.1218326091766357,1.3336787223815918,1.760278344154358,1.5863583087921143,0.6631002426147461,8000.0,-1.2261728651416055,0.981000436228198,,,,,,,,,,,
pilot,4570-102353-0000,dev-other,4570,REF,0.0005285505117478894,0.014796547472256474,0.682095006090134,0.0014885551718998942,3.1428067330735705,,,,,,,,,,,,,,,,,,,,,,
pilot,4570-102353-0000,dev-other,4570,LP,,,,,,0.0,0.0,True,41.9636116027832,4.897573947906494,0.02937646582722664,1.188372254371643,6.721085071563721,4093.75,-20.82438950077629,0.9999737078183244,,,,,,,,,,,
pilot,4570-102353-0000,dev-other,4570,OPUS,,,,,,2.0,0.125,True,52.08518600463867,6.386227130889893,5.506965160369873,5.796637058258057,6.23114013671875,5062.5,-11.229377698117018,0.6939611019563756,2.0,0.125,23.578506469726562,4.531561374664307,5.506045818328857,5.629703521728516,2.297410726547241,8000.0,9.595363815863724,0.6941101683579027,0.006468488649565507
pilot,4570-102353-0000,dev-other,4570,SILK,,,,,,2.0,0.125,True,34.89845657348633,4.67406702041626,0.9805883765220642,1.6764545440673828,6.210464000701904,5062.5,-9.837084300708044,0.995896508603996,2.0,0.125,7.7621331214904785,2.109964609146118,0.9810500144958496,1.1312958002090454,2.462160348892212,8000.0,10.987657213272698,0.9959124057849674,9.621941664084144e-05
pilot,4570-102353-0000,dev-other,4570,NEG_LP,,,,,,0.0,0.0,True,0.7529731392860413,0.3422677516937256,2.4186845621443354e-05,3.45896442013327e-05,0.4830964207649231,7156.25,-0.02856792997226869,0.9999999999960599,,,,,,,,,,,
pilot,4570-102353-0000,dev-other,4570,NEG_CODEC,,,,,,0.0,0.0,True,1.3754210472106934,1.0339452028274536,1.2618944644927979,1.2331279516220093,0.6673530340194702,8000.0,-0.04357840637264872,0.9847415359372872,,,,,,,,,,,
pilot,4570-14911-0007,dev-other,4570,REF,0.050123593603655675,0.14478918058870327,0.5338582677165354,0.0016095754486423696,3.3053298499948807,,,,,,,,,,,,,,,,,,,,,,
pilot,4570-14911-0007,dev-other,4570,LP,,,,,,0.0,0.0,True,162.1804962158203,8.932022094726562,0.020967207849025726,0.9764279723167419,12.54066276550293,4093.75,-22.297209927090552,0.9999730842638661,,,,,,,,,,,
pilot,4570-14911-0007,dev-other,4570,OPUS,,,,,,2.0,0.125,True,165.7705078125,9.768824577331543,4.864902973175049,5.133298873901367,12.246821403503418,4718.75,-15.156467096572436,0.636807261625944,2.0,0.125,33.1583251953125,4.7016191482543945,4.864655017852783,5.060691833496094,3.4097492694854736,8000.0,7.140742682308035,0.6368295975763494,0.004805722481455721
pilot,4570-14911-0007,dev-other,4570,SILK,,,,,,2.0,0.125,True,150.20828247070312,8.87583065032959,1.1215746402740479,1.6146849393844604,12.272415161132812,4781.25,-14.086849440361975,0.9951006391947698,2.0,0.125,18.166505813598633,2.8619213104248047,1.1213083267211914,1.2644591331481934,3.4682490825653076,8000.0,8.210360338518496,0.9950920143307425,0.0001788227368643147
pilot,4570-14911-0007,dev-other,4570,NEG_LP,,,,,,0.0,0.0,True,31.057735443115234,3.5980148315429688,3.652759187389165e-05,4.5078169932821766e-05,5.078487396240234,7156.25,-0.6729177266861953,0.9999999999999544,,,,,,,,,,,
pilot,4570-14911-0007,dev-other,4570,NEG_CODEC,,,,,,0.0,0.0,True,2.2193102836608887,1.2203881740570068,1.0423381328582764,1.038564682006836,1.2616089582443237,8000.0,-0.4650030351374846,0.9964293448206156,,,,,,,,,,,
pilot,4572-112375-0000,dev-other,4572,REF,0.05607794597645395,0.1073558648111332,0.20235756385068762,0.007791618203811295,3.3514238209154668,,,,,,,,,,,,,,,,,,,,,,
pilot,4572-112375-0000,dev-other,4572,LP,,,,,,0.0,0.0,True,198.3647003173828,10.529546737670898,0.025383001193404198,1.229576587677002,14.782613754272461,4093.75,-27.209219679334726,0.9999736217727065,,,,,,,,,,,
pilot,4572-112375-0000,dev-other,4572,OPUS,,,,,,2.0,0.125,True,186.65020751953125,10.753788948059082,4.979493141174316,5.338358402252197,13.62939739227295,4375.0,-18.939961580542274,0.5351459919830138,2.0,0.125,27.264619827270508,4.602854251861572,4.978915691375732,5.097067832946777,3.5318191051483154,8000.0,8.269258260834691,0.5351327942362138,0.004629545081188624
pilot,4572-112375-0000,dev-other,4572,SILK,,,,,,2.0,0.125,True,168.31747436523438,9.770545959472656,1.1028051376342773,1.8152968883514404,13.472220420837402,4375.0,-18.650812859485306,0.9926683839412503,2.0,0.125,14.240204811096191,3.011289358139038,1.1015310287475586,1.304483413696289,3.8050339221954346,8000.0,8.558406981891657,0.9926817574279979,0.0001841018913295578
pilot,4572-112375-0000,dev-other,4572,NEG_LP,,,,,,0.0,0.0,True,30.9249210357666,3.8612706661224365,1.639680158405099e-05,1.8869401174015366e-05,5.450065612792969,7156.25,-0.32137911444281775,0.9999999999997315,,,,,,,,,,,
pilot,4572-112375-0000,dev-other,4572,NEG_CODEC,,,,,,0.0,0.0,True,1.887094259262085,1.1797736883163452,0.8154267072677612,0.8006588220596313,1.3478307723999023,8000.0,-0.17112992051126474,0.9965516329283897,,,,,,,,,,,
pilot,4572-112381-0018,dev-other,4572,REF,0.022868617825630367,0.0843806104129264,0.4259597806215722,0.006913618313149904,3.3037809904291153,,,,,,,,,,,,,,,,,,,,,,
pilot,4572-112381-0018,dev-other,4572,LP,,,,,,0.0,0.0,True,215.44903564453125,11.628570556640625,0.029372459277510643,1.3845369815826416,16.32020378112793,4093.75,-24.88900713590699,0.9999729394473118,,,,,,,,,,,
pilot,4572-112381-0018,dev-other,4572,OPUS,,,,,,2.0,0.125,True,195.2754364013672,11.835108757019043,5.875277996063232,6.237840175628662,14.70115852355957,4656.25,-16.254630611975077,0.5348476186723155,2.0,0.125,35.447574615478516,5.60314416885376,5.874086380004883,5.965620994567871,4.398732662200928,8000.0,8.63438337327363,0.5348470654796844,0.010489553025785914
pilot,4572-112381-0018,dev-other,4572,SILK,,,,,,2.0,0.125,True,174.47836303710938,10.74853801727295,1.8378444910049438,2.4472947120666504,14.512431144714355,4718.75,-15.645174683356535,0.9895033950782011,2.0,0.125,21.916412353515625,4.010263442993164,1.8362494707107544,1.9343457221984863,4.761893272399902,8000.0,9.243839301892173,0.9894779720962389,0.005954627970638282
pilot,4572-112381-0018,dev-other,4572,NEG_LP,,,,,,0.0,0.0,True,29.8653621673584,3.8910720348358154,2.4958711946965195e-05,2.9200244171079248e-05,5.492130756378174,7156.25,-0.5457874813261433,0.9999999999998752,,,,,,,,,,,
pilot,4572-112381-0018,dev-other,4572,NEG_CODEC,,,,,,0.0,0.0,True,3.2978007793426514,1.709542989730835,1.6711446046829224,1.5615571737289429,1.5357190370559692,8000.0,-0.3632393742678842,0.9940685730849004,,,,,,,,,,,
pilot,4831-25894-0030,dev-other,4831,REF,0.0024770234966298224,0.021314387211367674,0.5807314897413024,0.0037909638817876764,3.0958321899697663,,,,,,,,,,,,,,,,,,,,,,
pilot,4831-25894-0030,dev-other,4831,LP,,,,,,0.0,0.0,True,93.26234436035156,8.521279335021973,0.03286777809262276,1.5639307498931885,11.901443481445312,4093.75,-28.627000544295992,0.999970116287279,,,,,,,,,,,
pilot,4831-25894-0030,dev-other,4831,OPUS,,,,,,2.0,0.125,True,108.43431854248047,9.629410743713379,6.510507583618164,6.848668098449707,11.400629043579102,4468.75,-19.858711716929886,0.5935691216566775,2.0,0.125,25.522314071655273,4.984312534332275,6.5091962814331055,6.562361717224121,2.048799753189087,8000.0,8.824691685855292,0.5935788127680427,0.03599158968431437
pilot,4831-25894-0030,dev-other,4831,SILK,,,,,,2.0,0.125,True,86.18226623535156,8.240120887756348,1.7655696868896484,2.4209814071655273,11.297686576843262,4437.5,-18.86944242418725,0.9861247087916516,2.0,0.125,6.353821277618408,2.2747433185577393,1.7641276121139526,1.856034278869629,2.3190665245056152,8000.0,9.813960978597931,0.9861266854452578,0.018431126884193683
pilot,4831-25894-0030,dev-other,4831,NEG_LP,,,,,,0.0,0.0,True,14.535330772399902,2.915184736251831,8.258825982920825e-05,9.483578469371423e-05,4.114696025848389,7156.25,-1.9386911329043388,0.9999999993991886,,,,,,,,,,,
pilot,4831-25894-0030,dev-other,4831,NEG_CODEC,,,,,,0.0,0.0,True,3.452120065689087,1.7860703468322754,1.6142703294754028,1.5556684732437134,1.9197497367858887,8000.0,-1.1744790701161165,0.9880746435574813,,,,,,,,,,,
pilot,4831-25894-0035,dev-other,4831,REF,0.005624279826366209,0.0577319587628866,0.5591966173361522,0.004709050555754261,3.168469021454466,,,,,,,,,,,,,,,,,,,,,,
pilot,4831-25894-0035,dev-other,4831,LP,,,,,,0.0,0.0,True,97.30715942382812,8.492023468017578,0.027221577242016792,1.4701231718063354,11.868924140930176,4093.75,-25.929306853316746,0.9999731356557708,,,,,,,,,,,
pilot,4831-25894-0035,dev-other,4831,OPUS,,,,,,2.0,0.125,True,112.20346069335938,9.653412818908691,6.384445667266846,6.599758148193359,11.503711700439453,4593.75,-18.11334656582433,0.6227011036721092,2.0,0.125,23.33180809020996,4.741868019104004,6.383349418640137,6.318463325500488,1.5852521657943726,8000.0,7.817272904138801,0.6226708837343518,0.03840681484653963
pilot,4831-25894-0035,dev-other,4831,SILK,,,,,,2.0,0.125,True,92.26558685302734,8.371344566345215,1.9041571617126465,2.4341654777526855,11.4524564743042,4625.0,-16.30522050638209,0.9834567181205132,2.0,0.125,5.319147109985352,2.025448799133301,1.9030674695968628,1.862204909324646,1.7730046510696411,8000.0,9.625398963581047,0.983461341037729,0.02215606327758146
pilot,4831-25894-0035,dev-other,4831,NEG_LP,,,,,,0.0,0.0,True,15.467696189880371,2.7212581634521484,2.6078549126395956e-05,3.407822805456817e-05,3.8409745693206787,7156.25,-1.1006244304369504,0.9999999999834196,,,,,,,,,,,
pilot,4831-25894-0035,dev-other,4831,NEG_CODEC,,,,,,0.0,0.0,True,3.5089948177337646,1.780691146850586,1.813517451286316,1.7017264366149902,1.7458230257034302,8000.0,-0.7359294444249703,0.9855566163491354,,,,,,,,,,,
pilot,5543-27761-0039,dev-other,5543,REF,0.01112065577394765,0.15502183406113537,0.7354838709677419,0.004927534287771814,3.33612459943066,,,,,,,,,,,,,,,,,,,,,,
pilot,5543-27761-0039,dev-other,5543,LP,,,,,,0.0,0.0,True,145.302490234375,9.583544731140137,0.032266512513160706,1.3962324857711792,13.397838592529297,4093.75,-22.06393750566068,0.9999739342019627,,,,,,,,,,,
pilot,5543-27761-0039,dev-other,5543,OPUS,,,,,,2.0,0.125,True,146.17236328125,10.422029495239258,6.475246429443359,6.632906436920166,12.308847427368164,4937.5,-11.39154828957822,0.6093401253081673,2.0,0.125,33.247337341308594,5.478328227996826,6.474659442901611,6.451955318450928,3.3597662448883057,8000.0,10.672389885708224,0.609335660687127,0.00699344932874002
pilot,5543-27761-0039,dev-other,5543,SILK,,,,,,2.0,0.125,True,125.228759765625,8.956031799316406,1.369649887084961,2.1472134590148926,12.280829429626465,4937.5,-11.406988632215835,0.9932309546839617,2.0,0.125,13.893843650817871,2.9670515060424805,1.367974877357483,1.6059008836746216,3.529541015625,8000.0,10.656949543070606,0.9932443594495973,0.00014930104951826895
pilot,5543-27761-0039,dev-other,5543,NEG_LP,,,,,,0.0,0.0,True,39.406192779541016,4.707149028778076,3.0312559829326347e-05,3.640468275989406e-05,6.6439971923828125,7156.25,-1.7372589602163522,0.999999999997608,,,,,,,,,,,
pilot,5543-27761-0039,dev-other,5543,NEG_CODEC,,,,,,0.0,0.0,True,3.674473762512207,1.758468508720398,1.5602407455444336,1.5435160398483276,1.8432000875473022,8000.0,-1.0442467795539818,0.9839524058777017,,,,,,,,,,,
pilot,5543-27761-0040,dev-other,5543,REF,0.010458496377982851,0.08633093525179857,0.6926713947990544,0.009520071716903871,3.2884465297833496,,,,,,,,,,,,,,,,,,,,,,
pilot,5543-27761-0040,dev-other,5543,LP,,,,,,0.0,0.0,True,125.28351593017578,8.113664627075195,0.02599618211388588,1.2201838493347168,11.283339500427246,4093.75,-21.695222312115252,0.9999739923793167,,,,,,,,,,,
pilot,5543-27761-0040,dev-other,5543,OPUS,,,,,,2.0,0.125,True,118.71880340576172,8.966564178466797,5.719801425933838,5.947144985198975,10.069864273071289,5125.0,-11.29498664018994,0.6654959052472301,2.0,0.125,32.37937545776367,5.204095840454102,5.719134330749512,5.776088714599609,3.6058151721954346,8000.0,10.400235315612163,0.6654809567684932,0.005261994921019086
pilot,5543-27761-0040,dev-other,5543,SILK,,,,,,2.0,0.125,True,101.162353515625,7.433341979980469,1.1639344692230225,1.8079768419265747,10.0508394241333,5156.25,-9.616356264056373,0.9934948968563758,2.0,0.125,16.55464744567871,3.0712802410125732,1.1631090641021729,1.3591506481170654,3.7968618869781494,8000.0,12.07886569174573,0.9934956528407926,0.00012062427070291815
pilot,5543-27761-0040,dev-other,5543,NEG_LP,,,,,,0.0,0.0,True,25.97194480895996,3.3579580783843994,1.8697619452723302e-05,2.1122401449247263e-05,4.739654541015625,7156.25,-0.5101837956212101,0.9999999999982531,,,,,,,,,,,
pilot,5543-27761-0040,dev-other,5543,NEG_CODEC,,,,,,0.0,0.0,True,2.5971767902374268,1.4010725021362305,1.3721147775650024,1.3482341766357422,1.2887064218521118,8000.0,-0.33570415535537573,0.9823636289138481,,,,,,,,,,,
pilot,5849-50962-0001,dev-other,5849,REF,0.001852304707793795,0.1325581395348837,0.6141552511415526,0.0003993763957994426,3.274643393388293,,,,,,,,,,,,,,,,,,,,,,
pilot,5849-50962-0001,dev-other,5849,LP,,,,,,0.0,0.0,True,51.73085403442383,4.931248188018799,0.030234338715672493,1.1480302810668945,6.77561616897583,4093.75,-23.694271046370616,0.9999723717358373,,,,,,,,,,,
pilot,5849-50962-0001,dev-other,5849,OPUS,,,,,,2.0,0.125,True,59.64023208618164,6.350250244140625,5.366509914398193,5.534471035003662,6.097747802734375,4531.25,-16.64671373603023,0.6733953909196282,2.0,0.125,19.034833908081055,4.1087422370910645,5.365358352661133,5.32639741897583,1.6909754276275635,8000.0,7.047561739424529,0.6733370687867631,0.008432661853963408
pilot,5849-50962-0001,dev-other,5849,SILK,,,,,,2.0,0.125,True,43.888275146484375,4.66030216217041,1.2530295848846436,1.8312216997146606,6.005372524261475,4500.0,-15.472533166197255,0.9947880803018676,2.0,0.125,5.1466898918151855,1.7876322269439697,1.2508366107940674,1.3603487014770508,1.781102180480957,8000.0,8.221742309257499,0.9947966529250463,0.0003295921841559579
pilot,5849-50962-0001,dev-other,5849,NEG_LP,,,,,,0.0,0.0,True,2.182581901550293,0.5852015614509583,2.4275866962852888e-05,2.917894562415313e-05,0.8259859085083008,7156.25,-0.017606264254432513,0.9999999999999697,,,,,,,,,,,
pilot,5849-50962-0001,dev-other,5849,NEG_CODEC,,,,,,0.0,0.0,True,1.404456615447998,1.0161973237991333,1.140493631362915,1.1211313009262085,0.7132056951522827,8000.0,-0.017329355244428888,0.9973855007413259,,,,,,,,,,,
pilot,5849-50964-0003,dev-other,5849,REF,0.0018550890318659826,0.1486146095717884,0.6375,0.00118736951830675,3.4119532773205665,,,,,,,,,,,,,,,,,,,,,,
pilot,5849-50964-0003,dev-other,5849,LP,,,,,,0.0,0.0,True,84.4204330444336,6.8028764724731445,0.0364728718996048,1.2565548419952393,9.443670272827148,4093.75,-23.177634319861152,0.9999728989355692,,,,,,,,,,,
pilot,5849-50964-0003,dev-other,5849,OPUS,,,,,,2.0,0.125,True,87.95269775390625,7.840653896331787,5.449684143066406,5.798696041107178,8.505181312561035,4750.0,-13.489193931590151,0.6520569359947748,2.0,0.125,25.10386848449707,4.652492523193359,5.448911190032959,5.588942527770996,2.5835776329040527,8000.0,9.688340701471866,0.6520213465046637,0.005824446356173185
pilot,5849-50964-0003,dev-other,5849,SILK,,,,,,2.0,0.125,True,70.69237518310547,6.321071147918701,1.3410509824752808,2.007766008377075,8.443062782287598,4781.25,-12.901284490684738,0.9946453404964504,2.0,0.125,9.880412101745605,2.4128077030181885,1.3402762413024902,1.4894943237304688,2.6717772483825684,8000.0,10.276250142377277,0.9946582720234167,0.000376270122781186
pilot,5849-50964-0003,dev-other,5849,NEG_LP,,,,,,0.0,0.0,True,5.887103080749512,1.4069221019744873,2.577067061793059e-05,3.5602439311333e-05,1.9858224391937256,7156.25,-0.04021103400488746,0.9999999999999792,,,,,,,,,,,
pilot,5849-50964-0003,dev-other,5849,NEG_CODEC,,,,,,0.0,0.0,True,2.143970251083374,1.2721227407455444,1.2188950777053833,1.205284595489502,1.1764172315597534,8000.0,-0.03515827660679202,0.9971932944782472,,,,,,,,,,,
pilot,6123-59150-0042,dev-other,6123,REF,0.010239707350068445,0.15738963531669867,0.6545801526717557,0.0022767443327205966,3.340303601599643,,,,,,,,,,,,,,,,,,,,,,
pilot,6123-59150-0042,dev-other,6123,LP,,,,,,0.0,0.0,True,106.06014251708984,7.921406269073486,0.03174116089940071,1.4895379543304443,10.994239807128906,4093.75,-25.78207103070133,0.9999746589433661,,,,,,,,,,,
pilot,6123-59150-0042,dev-other,6123,OPUS,,,,,,2.0,0.125,True,117.83625030517578,9.274559020996094,6.655240058898926,6.8793816566467285,10.167757034301758,4843.75,-18.59182554689575,0.5649384944804773,2.0,0.125,32.08357238769531,5.478926658630371,6.654857158660889,6.643710136413574,3.174985885620117,8000.0,7.190251845358283,0.5649443280474006,0.009746405230320554
pilot,6123-59150-0042,dev-other,6123,SILK,,,,,,2.0,0.125,True,95.73090362548828,7.5184783935546875,1.3774359226226807,2.205958127975464,10.16441822052002,4875.0,-16.952018342643683,0.9914671306280408,2.0,0.125,11.89418888092041,2.8283562660217285,1.3759723901748657,1.6194361448287964,3.318638801574707,8000.0,8.830059049610346,0.9914784446154309,0.0002516151345558493
pilot,6123-59150-0042,dev-other,6123,NEG_LP,,,,,,0.0,0.0,True,3.9890923500061035,1.0712254047393799,2.237411172245629e-05,2.4280001525767148e-05,1.511999249458313,7156.25,-0.1496970794223543,0.9999999999995761,,,,,,,,,,,
pilot,6123-59150-0042,dev-other,6123,NEG_CODEC,,,,,,0.0,0.0,True,2.866713762283325,1.5446158647537231,1.7540253400802612,1.7139792442321777,1.2180163860321045,8000.0,-0.2668756857044494,0.9788368747184855,,,,,,,,,,,
pilot,6123-59186-0032,dev-other,6123,REF,0.010151434689296456,0.1553398058252427,0.6344605475040258,0.0038103226343190067,3.2279526955880598,,,,,,,,,,,,,,,,,,,,,,
pilot,6123-59186-0032,dev-other,6123,LP,,,,,,0.0,0.0,True,118.32408905029297,8.881503105163574,0.033241163939237595,1.563917636871338,12.368237495422363,4093.75,-19.76303675939969,0.9999738887178032,,,,,,,,,,,
pilot,6123-59186-0032,dev-other,6123,OPUS,,,,,,2.0,0.125,True,116.93936920166016,9.51508617401123,6.551859378814697,6.931995868682861,10.744303703308105,4812.5,-13.575881841271096,0.5576853515527362,2.0,0.125,38.89166259765625,6.002485752105713,6.551131725311279,6.631957054138184,4.467130184173584,8000.0,6.187154023104739,0.5577339167399549,0.008360916148406616
pilot,6123-59186-0032,dev-other,6123,SILK,,,,,,2.0,0.125,True,93.96533966064453,7.952982425689697,2.1348888874053955,2.7047858238220215,10.585758209228516,4875.0,-12.041736686308532,0.9864154351263097,2.0,0.125,21.019426345825195,4.02044677734375,2.133880853652954,2.1723520755767822,4.779317855834961,8000.0,7.721299178067303,0.9864199797763417,0.00022813633543283807
pilot,6123-59186-0032,dev-other,6123,NEG_LP,,,,,,0.0,0.0,True,17.473411560058594,2.8929316997528076,1.8784174244501628e-05,2.005157875828445e-05,4.083286762237549,7156.25,-0.18787030819877448,0.9999999999999147,,,,,,,,,,,
pilot,6123-59186-0032,dev-other,6123,NEG_CODEC,,,,,,0.0,0.0,True,3.9387190341949463,1.912384033203125,2.0393433570861816,1.9248173236846924,1.6954189538955688,8000.0,-0.1987415296919513,0.987570892396642,,,,,,,,,,,
pilot,6267-65525-0021,dev-other,6267,REF,0.005770113375670183,0.08268482490272373,0.607436021245775,0.002050795693866312,3.0427204071716725,,,,,,,,,,,,,,,,,,,,,,
pilot,6267-65525-0021,dev-other,6267,LP,,,,,,0.0,0.0,True,88.7578353881836,7.228235721588135,0.017037048935890198,1.0980494022369385,10.109537124633789,4093.75,-31.35996123767178,0.9999755350720334,,,,,,,,,,,
pilot,6267-65525-0021,dev-other,6267,OPUS,,,,,,2.0,0.125,True,99.98027801513672,8.57441520690918,5.97711181640625,6.023087024688721,9.681581497192383,4531.25,-22.93026325677641,0.632155589698791,2.0,0.125,21.927156448364258,4.53911018371582,5.977610111236572,5.872430324554443,1.7768515348434448,8000.0,8.429706329965802,0.6321638200438954,0.007009221690772005
pilot,6267-65525-0021,dev-other,6267,SILK,,,,,,2.0,0.125,True,81.906005859375,7.004258155822754,1.097754716873169,1.6870925426483154,9.611528396606445,4656.25,-22.18712835348739,0.9942947111730079,2.0,0.125,5.682229995727539,1.8251725435256958,1.0972224473953247,1.261520266532898,1.8805522918701172,8000.0,9.172841233254822,0.9943080472891186,0.00011562727030722808
pilot,6267-65525-0021,dev-other,6267,NEG_LP,,,,,,0.0,0.0,True,0.5092198848724365,0.3418002724647522,1.621817318664398e-05,2.5812132662395015e-05,0.4824359118938446,7156.25,-0.0029374376298286153,0.9999999999999309,,,,,,,,,,,
pilot,6267-65525-0021,dev-other,6267,NEG_CODEC,,,,,,0.0,0.0,True,1.1466279029846191,0.9486903548240662,0.9944217205047607,0.9903578162193298,0.8050339818000793,8000.0,0.01312775776184822,0.997056076679762,,,,,,,,,,,
pilot,6267-65525-0033,dev-other,6267,REF,0.003070748750776182,0.07606973058637084,0.6293375394321766,0.0013718797042235164,2.9850265350729983,,,,,,,,,,,,,,,,,,,,,,
pilot,6267-65525-0033,dev-other,6267,LP,,,,,,0.0,0.0,True,75.01249694824219,6.378357887268066,0.018664643168449402,1.0837039947509766,8.88474178314209,8000.0,-28.76854726189262,0.999974019113024,,,,,,,,,,,
pilot,6267-65525-0033,dev-other,6267,OPUS,,,,,,2.0,0.125,True,87.13752746582031,7.907616138458252,5.936840534210205,5.965666770935059,8.501042366027832,7875.0,-20.042459203349985,0.6743516637256487,2.0,0.125,21.4527530670166,4.492749214172363,5.9367780685424805,5.8041253089904785,1.7021842002868652,8000.0,8.725994219427976,0.6743777524931174,0.0069621492543767705
pilot,6267-65525-0033,dev-other,6267,SILK,,,,,,2.0,0.125,True,69.40370178222656,6.203452110290527,1.0529508590698242,1.6443359851837158,8.452190399169922,8000.0,-19.168618540147556,0.9957481122661792,2.0,0.125,5.507444381713867,1.747035264968872,1.0524686574935913,1.1974738836288452,1.7844330072402954,8000.0,9.599834882630407,0.9957469629777534,0.00011034274777210751
pilot,6267-65525-0033,dev-other,6267,NEG_LP,,,,,,0.0,0.0,True,0.38894718885421753,0.24213768541812897,2.396810486970935e-05,3.870923683280125e-05,0.34176355600357056,8000.0,-0.0014293345453648572,0.9999999999971244,,,,,,,,,,,
pilot,6267-65525-0033,dev-other,6267,NEG_CODEC,,,,,,0.0,0.0,True,1.0286284685134888,0.8829345107078552,0.9313185811042786,0.9305005073547363,0.7302645444869995,8000.0,-0.04150299551701517,0.9977632744515779,,,,,,,,,,,
pilot,6455-67803-0013,dev-other,6455,REF,0.009525328664176125,0.1494661921708185,0.7097902097902098,0.001730079095345292,3.3553224939409523,,,,,,,,,,,,,,,,,,,,,,
pilot,6455-67803-0013,dev-other,6455,LP,,,,,,0.0,0.0,True,102.23556518554688,6.65168571472168,0.027063246816396713,1.0036648511886597,9.29491138458252,4093.75,-23.941680896024742,0.9999737131077259,,,,,,,,,,,
pilot,6455-67803-0013,dev-other,6455,OPUS,,,,,,2.0,0.125,True,100.73697662353516,7.3879899978637695,4.521578311920166,4.758243560791016,8.60572338104248,4781.25,-12.38897107982163,0.679107235754191,2.0,0.125,22.80634307861328,3.9398651123046875,4.521483421325684,4.596761703491211,2.4520294666290283,8000.0,11.552709890755391,0.6790270380833904,0.00383504593927253
pilot,6455-67803-0013,dev-other,6455,SILK,,,,,,2.0,0.125,True,86.5113754272461,6.311098098754883,1.0852934122085571,1.6153846979141235,8.57226848602295,4812.5,-12.326304823255365,0.9932728755625747,2.0,0.125,10.609464645385742,2.1931991577148438,1.0847920179367065,1.1934762001037598,2.5821282863616943,8000.0,11.615376147321655,0.9932778400200711,0.00011623151121387121
pilot,6455-67803-0013,dev-other,6455,NEG_LP,,,,,,0.0,0.0,True,13.117834091186523,2.089972496032715,1.5931338566588238e-05,2.044218490482308e-05,2.9499313831329346,7125.0,-0.11766573892480253,0.9999999999999841,,,,,,,,,,,
pilot,6455-67803-0013,dev-other,6455,NEG_CODEC,,,,,,0.0,0.0,True,1.9101572036743164,1.109968662261963,1.012121558189392,1.0010849237442017,1.08245050907135,8000.0,-0.0986502847817036,0.9965256675135051,,,,,,,,,,,
pilot,6455-67804-0019,dev-other,6455,REF,0.003506786141903995,0.08839779005524862,0.5652173913043478,0.00759883485725536,3.611381381374573,,,,,,,,,,,,,,,,,,,,,,
pilot,6455-67804-0019,dev-other,6455,LP,,,,,,0.0,0.0,True,120.73535919189453,8.872518539428711,0.03268717601895332,1.3169631958007812,12.415130615234375,4093.75,-24.240633692099564,0.9999725601498382,,,,,,,,,,,
pilot,6455-67804-0019,dev-other,6455,OPUS,,,,,,2.0,0.125,True,120.92292022705078,9.558615684509277,5.903162479400635,6.1489949226379395,11.313990592956543,4468.75,-16.774962846047693,0.652365032027372,2.0,0.125,28.014942169189453,4.979458808898926,5.904780864715576,5.952597141265869,3.1136574745178223,8000.0,7.465731689207642,0.6524198567908058,0.008152669592348172
pilot,6455-67804-0019,dev-other,6455,SILK,,,,,,2.0,0.125,True,101.36519622802734,8.25264835357666,1.279955506324768,2.007390260696411,11.257462501525879,4468.75,-15.934245729480065,0.9941782653825672,2.0,0.125,10.341503143310547,2.6674671173095703,1.2841238975524902,1.4907687902450562,3.1751394271850586,8000.0,8.306448805775272,0.9941619842898837,0.00021270596269185038
pilot,6455-67804-0019,dev-other,6455,NEG_LP,,,,,,0.0,0.0,True,9.767834663391113,1.9516907930374146,2.128446794813499e-05,2.5117406039498746e-05,2.754746675491333,7156.25,-0.1950594557210545,0.9999999999994206,,,,,,,,,,,
pilot,6455-67804-0019,dev-other,6455,NEG_CODEC,,,,,,0.0,0.0,True,2.212350845336914,1.2962963581085205,1.0474793910980225,1.0899150371551514,1.3464630842208862,8000.0,-0.12917452463798978,0.9970806768846655,,,,,,,,,,,
pilot,6467-56885-0005,dev-other,6467,REF,0.001312386278055683,0.01015228426395939,0.765,0.0006337155927695045,3.2303250749521872,,,,,,,,,,,,,,,,,,,,,,
pilot,6467-56885-0005,dev-other,6467,LP,,,,,,0.0,0.0,True,69.8974380493164,6.734516620635986,0.03876474127173424,1.5566105842590332,9.331648826599121,4093.75,-21.302253950246456,0.9999751993084119,,,,,,,,,,,
pilot,6467-56885-0005,dev-other,6467,OPUS,,,,,,2.0,0.125,True,80.79090118408203,8.042436599731445,6.322697162628174,6.838781833648682,8.483511924743652,4750.0,-10.494643256367953,0.615603471327795,2.0,0.125,40.77489471435547,6.093989372253418,6.321406841278076,6.511021137237549,4.4868669509887695,8000.0,10.807614639431067,0.6156550059173848,0.006713238414880474
pilot,6467-56885-0005,dev-other,6467,SILK,,,,,,2.0,0.125,True,59.19298553466797,6.291630744934082,1.4139723777770996,2.245295763015747,8.468005180358887,4843.75,-8.148442090704455,0.9928041915708216,2.0,0.125,24.654762268066406,3.974022388458252,1.4150148630142212,1.5789620876312256,5.008787155151367,8000.0,13.153815805094563,0.9927850941608565,0.00010017825617769649
pilot,6467-56885-0005,dev-other,6467,NEG_LP,,,,,,0.0,0.0,True,4.097712993621826,1.2198282480239868,6.977782322792336e-05,8.046796574490145e-05,1.7217508554458618,7156.25,-0.035796276263891466,0.9999999999954234,,,,,,,,,,,
pilot,6467-56885-0005,dev-other,6467,NEG_CODEC,,,,,,0.0,0.0,True,1.77442467212677,1.231433391571045,1.217833399772644,1.228837013244629,1.1541703939437866,8000.0,-0.033084395518335474,0.9951293914717222,,,,,,,,,,,
pilot,6467-94831-0013,dev-other,6467,REF,0.006191235606206592,0.016830294530154277,0.47464788732394364,0.00800769782040206,2.9461963921359047,,,,,,,,,,,,,,,,,,,,,,
pilot,6467-94831-0013,dev-other,6467,LP,,,,,,0.0,0.0,True,155.9107208251953,11.334169387817383,0.03612013906240463,1.7253652811050415,15.889434814453125,4093.75,-19.985946974273986,0.999972495846146,,,,,,,,,,,
pilot,6467-94831-0013,dev-other,6467,OPUS,,,,,,2.0,0.125,True,149.6890106201172,11.34561824798584,6.828508377075195,7.3941802978515625,13.940740585327148,4750.0,-12.66755695169234,0.6312506519009197,2.0,0.125,52.166622161865234,7.073246479034424,6.8268656730651855,7.080822944641113,6.523892879486084,8000.0,7.318385002751412,0.6312405756674832,0.016490307726739428
pilot,6467-94831-0013,dev-other,6467,SILK,,,,,,2.0,0.125,True,123.43521118164062,9.981578826904297,1.5243141651153564,2.52894926071167,13.818422317504883,4812.5,-10.827671800150494,0.9933274306843366,2.0,0.125,32.58677291870117,5.211948871612549,1.5229060649871826,1.8257927894592285,7.0301384925842285,8000.0,9.158270154293259,0.9933304833332017,0.000310622666898408
pilot,6467-94831-0013,dev-other,6467,NEG_LP,,,,,,0.0,0.0,True,16.107162475585938,3.160612106323242,3.8339716411428526e-05,4.415228249854408e-05,4.461109161376953,7125.0,-0.12634543671404205,0.9999999999958277,,,,,,,,,,,
pilot,6467-94831-0013,dev-other,6467,NEG_CODEC,,,,,,0.0,0.0,True,3.246213912963867,1.7097808122634888,1.2396776676177979,1.3310375213623047,1.9674469232559204,8000.0,-0.10431480368915169,0.9964242721093481,,,,,,,,,,,
pilot,6599-38590-0006,dev-other,6599,REF,0.027522866523352278,0.08133971291866028,0.3915094339622642,0.0009520744617902422,3.2303305522985255,,,,,,,,,,,,,,,,,,,,,,
pilot,6599-38590-0006,dev-other,6599,LP,,,,,,0.0,0.0,True,51.974212646484375,5.385523796081543,0.026048656553030014,1.169846534729004,7.420315742492676,4093.75,-21.17582058423281,0.9999742339597013,,,,,,,,,,,
pilot,6599-38590-0006,dev-other,6599,OPUS,,,,,,2.0,0.125,True,46.361148834228516,5.968181610107422,4.976493835449219,5.385465145111084,5.888567924499512,4937.5,-10.852114928838182,0.678353510556409,2.0,0.125,52.98094177246094,6.243702411651611,4.975289821624756,5.281112194061279,6.254193305969238,8000.0,10.32370569470048,0.6783133521420124,0.004201314334543738
pilot,6599-38590-0006,dev-other,6599,SILK,,,,,,2.0,0.125,True,31.0526065826416,4.587138652801514,1.1467057466506958,1.7744394540786743,6.04287576675415,4968.75,-10.536068572086757,0.9948596441490555,2.0,0.125,40.08203125,4.926734924316406,1.146497130393982,1.3920193910598755,6.5071210861206055,8000.0,10.639752051451906,0.9948561538575417,0.00019354979816998963
pilot,6599-38590-0006,dev-other,6599,NEG_LP,,,,,,0.0,0.0,True,1.8823513528332114e-05,0.00037898446316830814,1.3962594493932556e-05,1.6584821423748508e-05,0.0005259070894680917,7156.25,-1.1630762503789345e-06,0.9999999999999909,,,,,,,,,,,
pilot,6599-38590-0006,dev-other,6599,NEG_CODEC,,,,,,0.0,0.0,True,1.093612551689148,0.8475945591926575,0.8729339838027954,0.9217917323112488,0.619952917098999,8000.0,-0.19163754211352246,0.9979254110604877,,,,,,,,,,,
pilot,6599-38590-0007,dev-other,6599,REF,0.03678923608050674,0.038869257950530034,0.2915129151291513,0.002241117415208696,3.457256618682587,,,,,,,,,,,,,,,,,,,,,,
pilot,6599-38590-0007,dev-other,6599,LP,,,,,,0.0,0.0,True,62.69927215576172,5.046126842498779,0.016513781622052193,1.0119891166687012,6.957648754119873,4093.75,-23.981901173633933,0.9999753734778689,,,,,,,,,,,
pilot,6599-38590-0007,dev-other,6599,OPUS,,,,,,2.0,0.125,True,51.442623138427734,5.508663177490234,4.822438716888428,5.058305263519287,5.159184455871582,4812.5,-14.196965493016446,0.6199362317632678,2.0,0.125,38.12134552001953,5.113708019256592,4.822170734405518,4.915911674499512,4.458983421325684,8000.0,9.784935688201287,0.6198369744209739,0.005531879767133763
pilot,6599-38590-0007,dev-other,6599,SILK,,,,,,2.0,0.125,True,36.820526123046875,4.10329532623291,1.1574827432632446,1.7139443159103394,5.206841468811035,4843.75,-12.7886861234544,0.9933569090795087,2.0,0.125,26.545166015625,3.7184836864471436,1.157228946685791,1.3180869817733765,4.70066499710083,8000.0,11.193215057763332,0.993362387960045,0.0009412284602762222
pilot,6599-38590-0007,dev-other,6599,NEG_LP,,,,,,0.0,0.0,True,3.1010806560516357,0.22197262942790985,1.379624882247299e-05,1.5320241800509393e-05,0.31329870223999023,7156.25,-1.1855918784013149,0.9999999999999868,,,,,,,,,,,
pilot,6599-38590-0007,dev-other,6599,NEG_CODEC,,,,,,0.0,0.0,True,0.787290096282959,0.7323856949806213,0.887533962726593,0.8699897527694702,0.3974071741104126,8000.0,-0.7380761592612974,0.998513027492108,,,,,,,,,,,
pilot,6841-88291-0046,dev-other,6841,REF,0.027454151923035356,0.16824644549763032,0.2887323943661972,0.00583192621036265,3.1157762083541853,,,,,,,,,,,,,,,,,,,,,,
pilot,6841-88291-0046,dev-other,6841,LP,,,,,,0.0,0.0,True,147.96327209472656,9.162535667419434,0.02796049974858761,1.3311305046081543,12.812968254089355,4093.75,-24.863935993600933,0.9999734073310672,,,,,,,,,,,
pilot,6841-88291-0046,dev-other,6841,OPUS,,,,,,2.0,0.125,True,145.92845153808594,9.76386833190918,5.394496917724609,5.809293270111084,11.88100528717041,4500.0,-17.987912818019748,0.5744625424201029,2.0,0.125,32.059322357177734,5.133422374725342,5.394487380981445,5.562173366546631,4.0785417556762695,8000.0,6.876023087716272,0.5744502432992213,0.0057569990828200135
pilot,6841-88291-0046,dev-other,6841,SILK,,,,,,2.0,0.125,True,127.66111755371094,8.616390228271484,1.2221955060958862,1.9449597597122192,11.832307815551758,4500.0,-16.68296059457959,0.9908813589622164,2.0,0.125,17.706653594970703,3.4442460536956787,1.2221752405166626,1.393632411956787,4.437600612640381,8000.0,8.180975311156425,0.9908740277336697,0.00018352220387074514
pilot,6841-88291-0046,dev-other,6841,NEG_LP,,,,,,0.0,0.0,True,24.78285026550293,3.438070297241211,1.3641450095747132e-05,1.424761376256356e-05,4.8527326583862305,7156.25,-0.31140343909599344,0.9999999999997874,,,,,,,,,,,
pilot,6841-88291-0046,dev-other,6841,NEG_CODEC,,,,,,0.0,0.0,True,2.3378138542175293,1.3191057443618774,1.0183162689208984,1.0115890502929688,1.4705235958099365,8000.0,-0.23538519424950693,0.9932210333630868,,,,,,,,,,,
pilot,6841-88294-0045,dev-other,6841,REF,0.005361013714399638,0.06326530612244897,0.36065573770491804,0.0038349649339461784,3.0957383043407436,,,,,,,,,,,,,,,,,,,,,,
pilot,6841-88294-0045,dev-other,6841,LP,,,,,,0.0,0.0,True,118.58939361572266,8.54566764831543,0.02931043691933155,1.3497220277786255,11.95523452758789,4093.75,-23.861052129519873,0.9999732530073726,,,,,,,,,,,
pilot,6841-88294-0045,dev-other,6841,OPUS,,,,,,2.0,0.125,True,119.5660171508789,9.071702003479004,5.067664623260498,5.658962726593018,11.025312423706055,4531.25,-12.023183427408048,0.6203024463142687,2.0,0.125,38.113853454589844,5.472928047180176,5.067078113555908,5.364564418792725,4.9969587326049805,8000.0,11.837868647486811,0.6203017437664015,0.004666792856515833
pilot,6841-88294-0045,dev-other,6841,SILK,,,,,,2.0,0.125,True,102.43402862548828,8.022034645080566,1.157991886138916,1.9131922721862793,11.02861499786377,4562.5,-10.06375867005201,0.992689398869978,2.0,0.125,26.55396270751953,4.18235969543457,1.1571753025054932,1.320610523223877,5.586426734924316,8000.0,13.79729340484285,0.9926994246438972,0.0001159140322335439
pilot,6841-88294-0045,dev-other,6841,NEG_LP,,,,,,0.0,0.0,True,19.31332778930664,3.1398627758026123,1.580011667101644e-05,1.6251315173576586e-05,4.431820869445801,7125.0,-0.19045727773211274,0.9999999999998777,,,,,,,,,,,
pilot,6841-88294-0045,dev-other,6841,NEG_CODEC,,,,,,0.0,0.0,True,2.0949416160583496,1.2444733381271362,0.9433581829071045,0.9410601854324341,1.401610255241394,8000.0,-0.12391886114191439,0.9949234264472638,,,,,,,,,,,
pilot,7601-101619-0002,dev-other,7601,REF,0.0026879498620460056,0.12936848559166156,0.4356014580801944,0.002471201914831902,3.310086032155975,,,,,,,,,,,,,,,,,,,,,,
pilot,7601-101619-0002,dev-other,7601,LP,,,,,,0.0,0.0,True,138.90792846679688,9.41283130645752,0.02754778042435646,1.2899630069732666,13.198040008544922,4093.75,-23.739144198050198,0.9999735725633352,,,,,,,,,,,
pilot,7601-101619-0002,dev-other,7601,OPUS,,,,,,2.0,0.125,True,140.5777130126953,10.117240905761719,5.57240629196167,5.959922790527344,12.437246322631836,4906.25,-13.90721020435316,0.5710900760935608,2.0,0.125,29.373291015625,4.937180042266846,5.571360111236572,5.731410980224609,3.301532745361328,8000.0,9.831934009725513,0.5711229037815169,0.006280231849959073
pilot,7601-101619-0002,dev-other,7601,SILK,,,,,,2.0,0.125,True,121.44255065917969,8.989619255065918,1.226311445236206,1.9511317014694214,12.36882209777832,4906.25,-13.976254716853054,0.993119684467503,2.0,0.125,13.333749771118164,2.89152193069458,1.2246384620666504,1.4180598258972168,3.558448314666748,8000.0,9.76288949722562,0.9931211864819668,0.00028560318657155914
pilot,7601-101619-0002,dev-other,7601,NEG_LP,,,,,,0.0,0.0,True,33.04524612426758,4.37100076675415,2.3963812054716982e-05,3.123550413874909e-05,6.16953706741333,7156.25,-1.6891273758749878,0.9999999999991361,,,,,,,,,,,
pilot,7601-101619-0002,dev-other,7601,NEG_CODEC,,,,,,0.0,0.0,True,2.79093337059021,1.488291621208191,1.0854806900024414,1.1134850978851318,1.6783353090286255,8000.0,-1.0331302562518607,0.9965985049143075,,,,,,,,,,,
pilot,7601-175351-0026,dev-other,7601,REF,0.0012284848758496027,0.06111111111111111,0.3161448741559239,0.002352890991056573,3.145689202770937,,,,,,,,,,,,,,,,,,,,,,
pilot,7601-175351-0026,dev-other,7601,LP,,,,,,0.0,0.0,True,118.2450180053711,9.008476257324219,0.02768157795071602,1.3560432195663452,12.611749649047852,4093.75,-22.065166086252653,0.9999726459579709,,,,,,,,,,,
pilot,7601-175351-0026,dev-other,7601,OPUS,,,,,,2.0,0.125,True,122.07483673095703,9.833685874938965,5.934999942779541,6.232033729553223,11.840909957885742,4843.75,-14.358864504297241,0.5494175169516041,2.0,0.125,26.744199752807617,4.896587371826172,5.934576988220215,6.015082359313965,2.709148406982422,8000.0,7.706308325257421,0.5493891377314435,0.008299822968555692
pilot,7601-175351-0026,dev-other,7601,SILK,,,,,,2.0,0.125,True,102.62820434570312,8.575773239135742,1.288879156112671,2.067331552505493,11.769118309020996,4875.0,-13.690477453578874,0.9921564268487064,2.0,0.125,9.226475715637207,2.426626205444336,1.2880144119262695,1.4914718866348267,2.771035671234131,8000.0,8.37469537597579,0.9921500785296057,0.0003308871197503782
pilot,7601-175351-0026,dev-other,7601,NEG_LP,,,,,,0.0,0.0,True,19.198148727416992,3.3756611347198486,2.4878938347683288e-05,3.6451234336709604e-05,4.764642238616943,7156.25,-0.5361972441290301,0.9999999999999186,,,,,,,,,,,
pilot,7601-175351-0026,dev-other,7601,NEG_CODEC,,,,,,0.0,0.0,True,2.5015709400177,1.4518603086471558,1.1481621265411377,1.1400315761566162,1.5934592485427856,8000.0,-0.3996377854592603,0.9962248115821876,,,,,,,,,,,
pilot,7641-96684-0026,dev-other,7641,REF,0.015917754116340492,0.20352564102564102,0.47208931419457734,0.002062041041587363,3.327882122145817,,,,,,,,,,,,,,,,,,,,,,
pilot,7641-96684-0026,dev-other,7641,LP,,,,,,0.0,0.0,True,123.5677719116211,7.9217209815979,0.027624206617474556,1.1463483572006226,11.041179656982422,4093.75,-32.375827671625245,0.9999731184628027,,,,,,,,,,,
pilot,7641-96684-0026,dev-other,7641,OPUS,,,,,,2.0,0.125,True,126.25912475585938,8.865864753723145,5.023221969604492,5.5123820304870605,10.238140106201172,4593.75,-19.917370680064288,0.5741410926598292,2.0,0.125,23.825271606445312,4.4414849281311035,5.021485805511475,5.275671482086182,2.715426206588745,8000.0,12.458116056194275,0.5741665569831157,0.0068701555905765765
pilot,7641-96684-0026,dev-other,7641,SILK,,,,,,2.0,0.125,True,108.47208404541016,7.4334635734558105,1.1506046056747437,1.7758375406265259,10.088878631591797,4593.75,-18.31294277981091,0.9922619706916918,2.0,0.125,10.669869422912598,2.5418832302093506,1.149403691291809,1.3005656003952026,3.0587732791900635,8000.0,14.062543956447652,0.9922578709381917,0.0002996176023257746
pilot,7641-96684-0026,dev-other,7641,NEG_LP,,,,,,0.0,0.0,True,18.319414138793945,2.550046920776367,2.3647657144465484e-05,2.448546547384467e-05,3.5993096828460693,7156.25,-0.28780304147844377,0.9999999999999316,,,,,,,,,,,
pilot,7641-96684-0026,dev-other,7641,NEG_CODEC,,,,,,0.0,0.0,True,2.0426690578460693,1.1717482805252075,0.9936129450798035,0.9818843603134155,1.1576262712478638,8000.0,-0.16471258095539856,0.9944955625544042,,,,,,,,,,,
pilot,7641-96684-0035,dev-other,7641,REF,0.0366364074386106,0.19931271477663232,0.46598639455782315,0.002713528612732658,3.353715725428353,,,,,,,,,,,,,,,,,,,,,,
pilot,7641-96684-0035,dev-other,7641,LP,,,,,,0.0,0.0,True,170.20944213867188,9.781305313110352,0.022202961146831512,1.2730398178100586,13.70457649230957,4093.75,-18.658270276857134,0.9999742456327453,,,,,,,,,,,
pilot,7641-96684-0035,dev-other,7641,OPUS,,,,,,2.0,0.125,True,169.4676055908203,10.549732208251953,5.680983066558838,6.0315632820129395,12.667479515075684,4312.5,-16.838755345780047,0.593377530267523,2.0,0.125,26.480607986450195,4.800933837890625,5.681365966796875,5.803852558135986,2.9090778827667236,8000.0,1.8195153766551122,0.5933818977667965,0.006100612085418344
pilot,7641-96684-0035,dev-other,7641,SILK,,,,,,2.0,0.125,True,149.10597229003906,9.180282592773438,1.3393365144729614,2.0772554874420166,12.5106782913208,4281.25,-14.572079694024474,0.9913376493820588,2.0,0.125,10.374348640441895,2.6767075061798096,1.3394124507904053,1.6519842147827148,3.0671863555908203,8000.0,4.086191028410686,0.9913626485467989,0.0005495934228771926
pilot,7641-96684-0035,dev-other,7641,NEG_LP,,,,,,0.0,0.0,True,33.340370178222656,3.867788791656494,2.977650729008019e-05,3.3686679671518505e-05,5.459261894226074,7125.0,-0.14072239590616284,0.9999999999998826,,,,,,,,,,,
pilot,7641-96684-0035,dev-other,7641,NEG_CODEC,,,,,,0.0,0.0,True,2.8343520164489746,1.411715030670166,1.103651523590088,1.1349282264709473,1.4839603900909424,8000.0,-0.11116939973443977,0.992741876511791,,,,,,,,,,,
pilot,7697-105815-0006,dev-other,7697,REF,0.007302800715149998,0.035346097201767304,0.6226708074534162,0.0007694837101592986,3.0160176281026247,,,,,,,,,,,,,,,,,,,,,,
pilot,7697-105815-0006,dev-other,7697,LP,,,,,,0.0,0.0,True,29.599597930908203,3.489204168319702,0.022185923531651497,1.0117391347885132,4.716625213623047,4093.75,-23.287346723940246,0.9999746586112774,,,,,,,,,,,
pilot,7697-105815-0006,dev-other,7697,OPUS,,,,,,2.0,0.125,True,45.710609436035156,5.853404521942139,6.129830837249756,5.988984107971191,4.605683326721191,4406.25,-19.421735409722636,0.6234870017101247,2.0,0.125,18.770217895507812,4.242752552032471,6.128856658935547,5.864805221557617,0.7038949728012085,8000.0,3.8657721291836418,0.6234310899848374,0.014595041463446812
pilot,7697-105815-0006,dev-other,7697,SILK,,,,,,2.0,0.125,True,29.11444664001465,3.710251808166504,1.3641760349273682,1.8028243780136108,4.60195255279541,4406.25,-17.921548053542548,0.989213478771347,2.0,0.125,2.0819835662841797,1.2125868797302246,1.3630421161651611,1.3970962762832642,0.624160647392273,8000.0,5.3659594853637325,0.9892182164159823,0.0014033808806582782
pilot,7697-105815-0006,dev-other,7697,NEG_LP,,,,,,0.0,0.0,True,7.335748672485352,1.3223271369934082,2.6486648494028486e-05,3.408478733035736e-05,1.8664199113845825,7156.25,-0.751902249177731,0.9999999999787178,,,,,,,,,,,
pilot,7697-105815-0006,dev-other,7697,NEG_CODEC,,,,,,0.0,0.0,True,1.580232858657837,1.1269887685775757,1.2622781991958618,1.1835377216339111,0.8604638576507568,8000.0,-0.4529619168605826,0.9935036826224587,,,,,,,,,,,
pilot,7697-245712-0004,dev-other,7697,REF,0.011032500912598194,0.053763440860215055,0.45161290322580644,0.0017815833350402805,3.0650957401838874,,,,,,,,,,,,,,,,,,,,,,
pilot,7697-245712-0004,dev-other,7697,LP,,,,,,0.0,0.0,True,90.67401123046875,7.216840744018555,0.031242262572050095,1.3080439567565918,10.051451683044434,4093.75,-30.956397774265803,0.9999742012972556,,,,,,,,,,,
pilot,7697-245712-0004,dev-other,7697,OPUS,,,,,,2.0,0.125,True,101.5829086303711,8.78662109375,6.564535140991211,6.813549518585205,9.56128978729248,4656.25,-16.19490850707168,0.5648211786263636,2.0,0.125,31.858556747436523,5.420727252960205,6.563546180725098,6.695105075836182,2.757880210876465,8000.0,14.761568461605707,0.564826578367076,0.012132925877530676
pilot,7697-245712-0004,dev-other,7697,SILK,,,,,,2.0,0.125,True,80.3218002319336,7.049740314483643,1.4387949705123901,2.1197566986083984,9.576440811157227,4625.0,-15.969883505892124,0.9921598740545111,2.0,0.125,10.67589282989502,2.519219160079956,1.4380476474761963,1.5836220979690552,2.7970504760742188,8000.0,14.986593462785262,0.9921733234482055,0.00029676881857676474
pilot,7697-245712-0004,dev-other,7697,NEG_LP,,,,,,0.0,0.0,True,4.345562934875488,1.2345985174179077,5.877416333532892e-05,8.4301209426485e-05,1.7425974607467651,7156.25,-0.04518867855690335,0.9999999999890611,,,,,,,,,,,
pilot,7697-245712-0004,dev-other,7697,NEG_CODEC,,,,,,0.0,0.0,True,1.8715884685516357,1.2696402072906494,1.3341882228851318,1.3731138706207275,1.0428831577301025,8000.0,-0.1261248121886131,0.9952411957163698,,,,,,,,,,,
pilot,8173-294714-0008,dev-other,8173,REF,0.007025088256491875,0.12244897959183673,0.7126050420168067,0.0013672996492954106,3.234380132389424,,,,,,,,,,,,,,,,,,,,,,
pilot,8173-294714-0008,dev-other,8173,LP,,,,,,0.0,0.0,True,122.9538345336914,8.981956481933594,0.02777707949280739,1.4214932918548584,12.547720909118652,4093.75,-28.219683250603186,0.999972725686192,,,,,,,,,,,
pilot,8173-294714-0008,dev-other,8173,OPUS,,,,,,2.0,0.125,True,136.0537567138672,10.172475814819336,6.423818588256836,6.50135612487793,12.146400451660156,4375.0,-17.53163011010961,0.528508992470255,2.0,0.125,23.934974670410156,4.745421886444092,6.4231719970703125,6.315744876861572,1.613874077796936,8000.0,10.688071986900525,0.5285411711606485,0.010253308062067923
pilot,8173-294714-0008,dev-other,8173,SILK,,,,,,2.0,0.125,True,116.5224838256836,8.822665214538574,1.2672160863876343,2.0780656337738037,12.155447959899902,4375.0,-19.984059149877087,0.9895536222851169,2.0,0.125,4.366958141326904,1.6919138431549072,1.2659623622894287,1.443863868713379,1.5843347311019897,8000.0,8.235642947133046,0.989560714670559,0.00016361078212479008
pilot,8173-294714-0008,dev-other,8173,NEG_LP,,,,,,0.0,0.0,True,13.654746055603027,2.3908884525299072,4.1183091525454074e-05,5.132089791004546e-05,3.374666213989258,7156.25,-0.11655937377206173,0.9999999999892747,,,,,,,,,,,
pilot,8173-294714-0008,dev-other,8173,NEG_CODEC,,,,,,0.0,0.0,True,2.8950414657592773,1.5789295434951782,1.5006043910980225,1.4552077054977417,1.5817614793777466,8000.0,-0.08316898382541449,0.9791582125936277,,,,,,,,,,,
pilot,8173-294714-0042,dev-other,8173,REF,0.008118516649955677,0.13267326732673268,0.6511627906976745,0.0026047860259459906,3.393231604239374,,,,,,,,,,,,,,,,,,,,,,
pilot,8173-294714-0042,dev-other,8173,LP,,,,,,0.0,0.0,True,135.4562530517578,9.401726722717285,0.02841930091381073,1.4184701442718506,13.142175674438477,4093.75,-28.22339542168394,0.9999726286314017,,,,,,,,,,,
pilot,8173-294714-0042,dev-other,8173,OPUS,,,,,,2.0,0.125,True,144.21266174316406,10.462000846862793,6.408639430999756,6.5227460861206055,12.568803787231445,4437.5,-19.423107554091523,0.5356565594503825,2.0,0.125,26.146034240722656,4.934016227722168,6.407566547393799,6.310704231262207,2.1800057888031006,8000.0,8.800315823683837,0.5356322528575824,0.009747380011685625
pilot,8173-294714-0042,dev-other,8173,SILK,,,,,,2.0,0.125,True,123.7751235961914,9.090143203735352,1.2907483577728271,2.0840072631835938,12.530128479003906,4468.75,-20.55340284063429,0.989116406638967,2.0,0.125,6.852217674255371,2.084195852279663,1.2888294458389282,1.433608889579773,2.218921184539795,8000.0,7.670020537141072,0.9891066582648522,0.00016688488663418877
pilot,8173-294714-0042,dev-other,8173,NEG_LP,,,,,,0.0,0.0,True,15.804508209228516,2.5737781524658203,3.2362575439037755e-05,3.83046644856222e-05,3.632809638977051,7125.0,-0.23271153528115557,0.9999999999940615,,,,,,,,,,,
pilot,8173-294714-0042,dev-other,8173,NEG_CODEC,,,,,,0.0,0.0,True,2.675973892211914,1.513372778892517,1.3733922243118286,1.3444527387619019,1.570784091949463,8000.0,-0.14153958627422264,0.9824179985046207,,,,,,,,,,,
pilot,8254-115543-0031,dev-other,8254,REF,0.001749898328588055,0.04985337243401759,0.7073863636363636,0.000720584411587608,3.462213931816527,,,,,,,,,,,,,,,,,,,,,,
pilot,8254-115543-0031,dev-other,8254,LP,,,,,,0.0,0.0,True,56.64396286010742,4.89754056930542,0.025823017582297325,1.0916070938110352,6.685622692108154,4093.75,-23.405975633586593,0.9999731525216118,,,,,,,,,,,
pilot,8254-115543-0031,dev-other,8254,OPUS,,,,,,2.0,0.125,True,68.33338928222656,6.777726650238037,5.869795799255371,5.898426532745361,6.352787494659424,4687.5,-15.637961745209141,0.5787098064111397,2.0,0.125,23.056724548339844,4.4995269775390625,5.870084285736084,5.776940822601318,1.9307618141174316,8000.0,7.768020159164198,0.578741893445416,0.00658121014693136
pilot,8254-115543-0031,dev-other,8254,SILK,,,,,,2.0,0.125,True,51.3388671875,4.9717793464660645,1.3563041687011719,1.8744920492172241,6.3744072914123535,4750.0,-15.270550713097943,0.9907709867648538,2.0,0.125,6.040522575378418,1.9075090885162354,1.3551561832427979,1.4344255924224854,1.9007554054260254,8000.0,8.135431191275398,0.9907883164786141,0.00013510591871579436
pilot,8254-115543-0031,dev-other,8254,NEG_LP,,,,,,0.0,0.0,True,9.523091316223145,1.647930383682251,2.6752160920295864e-05,3.438827479840256e-05,2.3259928226470947,7156.25,-0.873825567168866,0.9999999999977881,,,,,,,,,,,
pilot,8254-115543-0031,dev-other,8254,NEG_CODEC,,,,,,0.0,0.0,True,1.7434656620025635,1.144802212715149,1.2321580648422241,1.183813452720642,0.9030442237854004,8000.0,-0.6936023351056337,0.9940483214408338,,,,,,,,,,,
pilot,8254-84205-0075,dev-other,8254,REF,0.006222006914368713,0.04145077720207254,0.6395939086294417,0.0018013613713279985,3.148915921386246,,,,,,,,,,,,,,,,,,,,,,
pilot,8254-84205-0075,dev-other,8254,LP,,,,,,0.0,0.0,True,79.33361053466797,6.785869121551514,0.030701784417033195,1.4116077423095703,9.405970573425293,4093.75,-25.05547892638072,0.9999724335212218,,,,,,,,,,,
pilot,8254-84205-0075,dev-other,8254,OPUS,,,,,,2.0,0.125,True,93.63861083984375,8.404487609863281,6.492210388183594,6.73300838470459,8.956056594848633,4281.25,-17.544369668536444,0.6410670193864073,2.0,0.125,25.1224308013916,4.899439334869385,6.491343021392822,6.492644309997559,1.7316381931304932,8000.0,7.5111319375122045,0.6409860769693492,0.010051928917345854
pilot,8254-84205-0075,dev-other,8254,SILK,,,,,,2.0,0.125,True,72.67430114746094,6.626286506652832,1.4573588371276855,2.2413458824157715,8.90987777709961,4281.25,-17.44766299853216,0.9913280705009389,2.0,0.125,4.8988165855407715,1.831599473953247,1.4557335376739502,1.6201077699661255,1.707632064819336,8000.0,7.60783860751649,0.9913472293891079,0.0001841301228917569
pilot,8254-84205-0075,dev-other,8254,NEG_LP,,,,,,0.0,0.0,True,12.404431343078613,2.0321171283721924,6.615719030378386e-05,7.77034874772653e-05,2.868269920349121,7156.25,-0.3601439803520779,0.9999999999790672,,,,,,,,,,,
pilot,8254-84205-0075,dev-other,8254,NEG_CODEC,,,,,,0.0,0.0,True,2.2272493839263916,1.35349702835083,1.3244346380233765,1.317042350769043,1.2656500339508057,8000.0,-0.2882331728605583,0.9939529754992251,,,,,,,,,,,
pilot,8288-274162-0013,dev-other,8288,REF,0.027155225354003897,0.1258741258741259,0.27972027972027974,0.028200688092287124,3.3321856335723066,,,,,,,,,,,,,,,,,,,,,,
pilot,8288-274162-0013,dev-other,8288,LP,,,,,,0.0,0.0,True,278.2885437011719,13.236552238464355,0.036231398582458496,1.216727614402771,18.51020050048828,4093.75,-22.27036511158683,0.9999726516241474,,,,,,,,,,,
pilot,8288-274162-0013,dev-other,8288,OPUS,,,,,,2.0,0.125,True,259.1233215332031,13.69267463684082,5.738369464874268,6.161487102508545,17.275854110717773,4625.0,-15.12632460140161,0.6948044020138788,2.0,0.125,37.0014762878418,5.587334632873535,5.737703800201416,6.004585266113281,4.092937469482422,8000.0,7.144040656332262,0.6947584610468283,0.008163582854413876
pilot,8288-274162-0013,dev-other,8288,SILK,,,,,,2.0,0.125,True,238.1983184814453,12.691056251525879,1.7830864191055298,2.3616151809692383,17.166746139526367,4625.0,-14.25648018573676,0.9894104942144866,2.0,0.125,22.03848648071289,3.7992236614227295,1.7816592454910278,2.032508134841919,4.327872276306152,8000.0,8.013885071997114,0.9894217239876931,0.002200120888769974
pilot,8288-274162-0013,dev-other,8288,NEG_LP,,,,,,0.0,0.0,True,31.072296142578125,3.955354928970337,1.6140227671712637e-05,2.6210936994175427e-05,5.582861423492432,7125.0,-0.14433627345119238,0.9999999999999708,,,,,,,,,,,
pilot,8288-274162-0013,dev-other,8288,NEG_CODEC,,,,,,0.0,0.0,True,3.1944327354431152,1.5988807678222656,1.479182481765747,1.4479858875274658,1.5018757581710815,8000.0,-0.09824509807899856,0.9912306614372458,,,,,,,,,,,
pilot,8288-274162-0025,dev-other,8288,REF,0.033581049682643783,0.145985401459854,0.4375,0.03334301214319771,3.177276995585478,,,,,,,,,,,,,,,,,,,,,,
pilot,8288-274162-0025,dev-other,8288,LP,,,,,,0.0,0.0,True,345.6092529296875,15.980086326599121,0.03749149665236473,1.4822711944580078,22.430166244506836,4093.75,-23.982616621992264,0.999973836195208,,,,,,,,,,,
pilot,8288-274162-0025,dev-other,8288,OPUS,,,,,,2.0,0.125,True,327.83746337890625,16.289274215698242,6.2238945960998535,6.794415473937988,21.212604522705078,4437.5,-16.08534185605233,0.6439604442033806,2.0,0.125,40.828365325927734,6.124896049499512,6.223484516143799,6.519493579864502,4.938979625701904,8000.0,7.897288278989395,0.644018247470764,0.009057716457825826
pilot,8288-274162-0025,dev-other,8288,SILK,,,,,,2.0,0.125,True,303.7601013183594,15.215478897094727,1.8311951160430908,2.483583688735962,21.094207763671875,4468.75,-14.458881581654929,0.9859919766772072,2.0,0.125,23.29471206665039,4.254459857940674,1.8295179605484009,1.9832805395126343,5.373859882354736,8000.0,9.523748553386799,0.9859787417241259,0.002301180707842798
pilot,8288-274162-0025,dev-other,8288,NEG_LP,,,,,,0.0,0.0,True,47.3057746887207,5.434039115905762,1.8254448150401004e-05,2.574243990238756e-05,7.669982433319092,7156.25,-0.13361296613214652,0.9999999999998166,,,,,,,,,,,
pilot,8288-274162-0025,dev-other,8288,NEG_CODEC,,,,,,0.0,0.0,True,4.058011054992676,1.8677995204925537,1.6933507919311523,1.6529755592346191,1.8784997463226318,8000.0,-0.10328172353564508,0.9884919802206038,,,,,,,,,,,
